date,행정동코드,행정동,call_contacts,text_contacts,weekday_move_count,weekend_move_count,weekday_move_distance,weekend_move_distance,weekday_count_est_ratio,weekday_distance_est_ratio,weekend_count_est_ratio,weekend_distance_est_ratio,comm_low_rate,weekday_outing_low_rate,weekend_outing_low_rate,rain_days,rainfall_mm,snow_days,days_in_month,weekday_days,weekend_days,interest_structural_issue,age_scheme,age_band,model_version,phase,total_population,telecom_one_person_population,source_cells,interest_one_person_population,weekday_move_count_valid_population,weekend_move_count_valid_population,weekday_move_distance_valid_population,weekend_move_distance_valid_population,call_contacts_valid_population,text_contacts_valid_population,quality_status,quality_note
2025-07-01T00:00:00.000,1123051,신사동,8.781020510255127,4.091185592796399,20.481916697460804,11.24383564002669,641.7928150549537,475.2053042643126,0.947623811905953,0.948999499749875,0.929644822411206,0.921945972986493,0.112807747819357,0.060012132114544,0.066601125358211,10.0,293.9,0.0,31,23,8,False,service,20s,a2_age_features_v1,update,1999.0,478.07,4,478.07,1894.3,1858.3600000000001,1897.05,1842.97,1999.0,1999.0,available,"available is preprocessing completeness, not validated detection readiness; no population cutoff calibrated"
2025-07-01T00:00:00.000,1123051,신사동,13.790508547008546,6.011260683760684,20.114651001172742,11.27788550643481,616.4194014998908,497.63944653968974,0.8855,0.880405982905983,0.862363247863248,0.857773504273504,0.150180288461538,0.096499399038462,0.084585336538462,10.0,293.9,0.0,31,23,8,False,service,30s,a2_age_features_v1,update,2340.0,665.6,4,665.6,2072.0699999999997,2017.9299999999998,2060.1499999999996,2007.19,2340.0,2340.0,available,"available is preprocessing completeness, not validated detection readiness; no population cutoff calibrated"
2025-07-01T00:00:00.000,1123051,신사동,16.472817204301077,7.086394265232975,20.42698121263877,11.365818829520903,690.4120317139583,488.18092693650266,0.873003584229391,0.872720430107527,0.836100358422939,0.83479211469534,0.15273503736733,0.08946178483954,0.082773346731144,10.0,293.9,0.0,31,23,8,False,service,40s,a2_age_features_v1,update,2790.0,318.46,4,318.46,2435.68,2332.7200000000003,2434.89,2329.07,2790.0,2790.0,available,"available is preprocessing completeness, not validated detection readiness; no population cutoff calibrated"
2025-07-01T00:00:00.000,1123051,신사동,16.314432773109246,6.555700280112045,22.979574803149607,12.217483498349836,848.0537985725615,546.5961621174524,0.889355742296919,0.883053221288515,0.848739495798319,0.846638655462185,0.137597966532514,0.075111205253124,0.07303537386147,10.0,293.9,0.0,31,23,8,False,service,50s,a2_age_features_v1,update,2856.0,236.04999999999998,4,236.04999999999998,2540.0,2424.0,2522.0,2418.0,2856.0,2856.0,available,"available is preprocessing completeness, not validated detection readiness; no population cutoff calibrated"
2025-07-01T00:00:00.000,1123051,신사동,13.021919802867384,4.746373207885304,18.93840119719481,10.426704796168599,643.113291686154,410.6643317548739,0.916120071684588,0.905262096774194,0.874213709677419,0.852936827956989,0.063907630242749,0.038283369270362,0.137427836127148,10.0,293.9,0.0,31,23,8,False,service,60plus,a2_age_features_v1,update,4464.0,718.85,8,718.85,4089.56,3902.49,4041.09,3807.51,4464.0,4464.0,available,"available is preprocessing completeness, not validated detection readiness; no population cutoff calibrated"
2025-07-01T00:00:00.000,1123052,논현1동,11.044671745462692,5.45339457763836,18.659320986914775,11.027482028603002,630.9562486745273,517.1447468843085,0.935113152587945,0.919182164463365,0.918568227649563,0.899654940622899,0.092581542484578,0.083815231793891,0.116217236023482,10.0,293.9,0.0,31,23,8,False,service,20s,a2_age_features_v1,update,4463.0,2279.1800000000003,4,2279.1800000000003,4173.41,4099.57,4102.3099999999995,4015.16,4463.0,4463.0,available,"available is preprocessing completeness, not validated detection readiness; no population cutoff calibrated"
2025-07-01T00:00:00.000,1123052,논현1동,14.227515016303418,6.292263600480521,18.867758857278275,10.436315421902096,596.1678054736989,479.990493114064,0.897961215033465,0.887530461644071,0.869886734168526,0.851228762656598,0.112977122772399,0.129228587284948,0.062665721156811,10.0,293.9,0.0,31,23,8,False,service,30s,a2_age_features_v1,update,5827.0,3243.4,4,3243.4,5232.42,5068.83,5171.639999999999,4960.110000000001,5827.0,5827.0,available,"available is preprocessing completeness, not validated detection readiness; no population cutoff calibrated"
2025-07-01T00:00:00.000,1123052,논현1동,15.855892420537897,6.607322738386308,18.397176470588235,9.991176760216643,668.1837651039149,496.14340263691685,0.865933170334148,0.843113284433578,0.827628361858191,0.80358598207009,0.137657289002558,0.128429667519182,0.062639386189258,10.0,293.9,0.0,31,23,8,False,service,40s,a2_age_features_v1,update,4908.0,1955.0,4,1955.0,4250.0,4062.0,4138.0,3944.0,4908.0,4908.0,available,"available is preprocessing completeness, not validated detection readiness; no population cutoff calibrated"
2025-07-01T00:00:00.000,1123052,논현1동,16.263381021897807,6.155938686131387,19.69274218404875,10.460139345904032,742.9782174976741,495.007993019071,0.865813138686131,0.847328467153285,0.81632700729927,0.808040875912409,0.151849299333793,0.129627077111571,0.081476376445363,10.0,293.9,0.0,31,23,8,False,service,50s,a2_age_features_v1,update,3425.0,652.95,4,652.95,2965.41,2795.92,2902.1,2767.54,3425.0,3425.0,available,"available is preprocessing completeness, not validated detection readiness; no population cutoff calibrated"
2025-07-01T00:00:00.000,1123052,논현1동,13.95439515300883,4.723068391866913,16.274386863324775,9.19461429947367,587.8396111322913,419.16795505686,0.887145204354077,0.861942904087082,0.844419798726638,0.814154857260218,0.097277143825556,0.096674575377547,0.096938199073551,10.0,293.9,0.0,31,23,8,False,service,60plus,a2_age_features_v1,update,4869.0,1062.12,8,1062.12,4319.51,4111.48,4196.8,3964.12,4869.0,4869.0,available,"available is preprocessing completeness, not validated detection readiness; no population cutoff calibrated"
2025-07-01T00:00:00.000,1123053,논현2동,9.838276173285198,4.680487364620938,19.293572655018078,11.211317555564971,684.9440300242132,497.0547778563769,0.944389290012034,0.931859205776173,0.922993381468111,0.922867027677497,0.094253126800664,0.07688201199878,0.090278954682575,10.0,293.9,0.0,31,23,8,False,service,20s,a2_age_features_v1,update,3324.0,1180.1200000000001,4,1180.1200000000001,3139.15,3068.03,3097.5,3067.61,3324.0,3324.0,available,"available is preprocessing completeness, not validated detection readiness; no population cutoff calibrated"
2025-07-01T00:00:00.000,1123053,논현2동,14.754847614840989,6.407875441696113,19.388559685294368,11.096270340898629,634.0088283384877,500.84830652411017,0.889271201413428,0.883345848056537,0.863701413427562,0.85247128975265,0.137061761360827,0.103224051822183,0.054828660436137,10.0,293.9,0.0,31,23,8,False,service,30s,a2_age_features_v1,update,4528.0,2022.3000000000002,4,2022.3000000000002,4026.62,3910.84,3999.79,3859.99,4528.0,4528.0,available,"available is preprocessing completeness, not validated detection readiness; no population cutoff calibrated"
2025-07-01T00:00:00.000,1123053,논현2동,16.96667740636327,7.047104309303262,19.658976594768244,10.970127962085309,656.6706918819189,502.00554112554113,0.877567458719291,0.873137333870318,0.849778493757551,0.8372935964559,0.127653306711618,0.102719997381471,0.062746509991326,10.0,293.9,0.0,31,23,8,False,service,40s,a2_age_features_v1,update,4966.0,1222.06,4,1222.06,4358.0,4220.0,4336.0,4158.0,4966.0,4966.0,available,"available is preprocessing completeness, not validated detection readiness; no population cutoff calibrated"
2025-07-01T00:00:00.000,1123053,논현2동,17.590039900249376,6.665117206982544,21.453888888888887,11.25975896531452,802.8840069686411,528.2300480192077,0.879800498753117,0.858852867830424,0.848379052369077,0.830922693266833,0.153435156696206,0.093538699633362,0.068021445547838,10.0,293.9,0.0,31,23,8,False,service,50s,a2_age_features_v1,update,4010.0,542.77,4,542.77,3528.0,3402.0,3444.0,3332.0,4010.0,4010.0,available,"available is preprocessing completeness, not validated detection readiness; no population cutoff calibrated"
2025-07-01T00:00:00.000,1123053,논현2동,13.808567335243554,4.764840616045846,17.603921384010736,9.6309315367502,591.9251335004031,407.4109943261418,0.884435888252149,0.863955945558739,0.853259312320917,0.81810888252149,0.085066207189558,0.061097080274742,0.117261075837326,10.0,293.9,0.0,31,23,8,False,service,60plus,a2_age_features_v1,update,5584.0,847.34,8,847.34,4938.69,4764.6,4824.33,4568.32,5584.0,5584.0,available,"available is preprocessing completeness, not validated detection readiness; no population cutoff calibrated"
2025-07-01T00:00:00.000,1123058,삼성1동,8.330540697674419,4.095941860465117,21.378203781708677,11.709120268933658,708.7574454677654,461.94980481722365,0.934424418604651,0.935546511627907,0.928732558139535,0.927872093023256,0.115247199691,0.067400540749324,0.080146774816531,10.0,293.9,0.0,31,23,8,False,service,20s,a2_age_features_v1,update,1720.0,207.12,4,207.12,1607.21,1597.42,1609.1399999999999,1595.94,1720.0,1720.0,available,"available is preprocessing completeness, not validated detection readiness; no population cutoff calibrated"
2025-07-01T00:00:00.000,1123058,삼성1동,13.70359737417943,5.949929978118162,21.586750161866682,12.216964286627036,703.907830099172,519.6800290599515,0.885457330415755,0.876402625820569,0.85619693654267,0.855396061269147,0.158735375312212,0.091779501336488,0.083629113535778,10.0,293.9,0.0,31,23,8,False,service,30s,a2_age_features_v1,update,2285.0,456.42,4,456.42,2023.27,1956.4099999999999,2002.58,1954.58,2285.0,2285.0,available,"available is preprocessing completeness, not validated detection readiness; no population cutoff calibrated"
2025-07-01T00:00:00.000,1123058,삼성1동,16.61744736842105,6.783190789473685,21.794193548387096,12.04076862745098,775.9302409638555,540.9999686028257,0.876973684210526,0.873684210526316,0.838815789473684,0.838157894736842,0.154283812002542,0.081530127409739,0.08292225282208,10.0,293.9,0.0,31,23,8,False,service,40s,a2_age_features_v1,update,3040.0,330.43,4,330.43,2666.0,2550.0,2656.0,2548.0,3040.0,3040.0,available,"available is preprocessing completeness, not validated detection readiness; no population cutoff calibrated"
2025-07-01T00:00:00.000,1123058,삼성1동,17.053258706467663,6.378756218905473,23.876286107290234,12.513149606299212,920.9125672877846,595.5634028776977,0.904228855721393,0.901119402985075,0.868781094527363,0.864427860696518,0.146217960207923,0.069725757304176,0.080525183724682,10.0,293.9,0.0,31,23,8,False,service,50s,a2_age_features_v1,update,3216.0,223.16,4,223.16,2908.0,2794.0,2898.0,2780.0,3216.0,3216.0,available,"available is preprocessing completeness, not validated detection readiness; no population cutoff calibrated"
2025-07-01T00:00:00.000,1123058,삼성1동,13.78584664536741,4.782791533546326,20.322847191989553,10.774016172506737,718.4428213028169,456.75916319926034,0.917332268370607,0.907348242811502,0.888977635782748,0.863817891373802,0.066904726479195,0.071351816032667,0.139496437368778,10.0,293.9,0.0,31,23,8,False,service,60plus,a2_age_features_v1,update,5008.0,604.89,8,604.89,4594.0,4452.0,4544.0,4326.0,5008.0,5008.0,available,"available is preprocessing completeness, not validated detection readiness; no population cutoff calibrated"
2025-07-01T00:00:00.000,1123059,삼성2동,8.389921940340118,4.228787287426819,20.18991950982253,10.877937035370028,635.0411130390039,467.2397439030335,0.940016727069975,0.931904098132144,0.922896570950655,0.914959576247561,0.103689298810979,0.076552950327814,0.07776419602178,10.0,293.9,0.0,31,23,8,False,service,20s,a2_age_features_v1,update,3587.0,899.9000000000001,4,899.9000000000001,3371.84,3310.43,3342.74,3281.96,3587.0,3587.0,available,"available is preprocessing completeness, not validated detection readiness; no population cutoff calibrated"
2025-07-01T00:00:00.000,1123059,삼성2동,14.245108129755709,6.204835802963556,19.896004126532375,11.163995291268668,656.2229088962395,530.6166888328573,0.913241890268322,0.89957148578294,0.893031637965558,0.884689627553064,0.104070375216142,0.095273473198377,0.048455282414743,10.0,293.9,0.0,31,23,8,False,service,30s,a2_age_features_v1,update,4994.0,1520.99,4,1520.99,4560.73,4459.8,4492.46,4418.14,4994.0,4994.0,available,"available is preprocessing completeness, not validated detection readiness; no population cutoff calibrated"
2025-07-01T00:00:00.000,1123059,삼성2동,17.174112372982666,7.097827256425584,20.660247408893348,11.06562478719782,741.6780657181572,516.5515318711446,0.893903167961745,0.882247459653317,0.877764494919307,0.872086072922893,0.112506290007372,0.08733455817818,0.059026599417224,10.0,293.9,0.0,31,23,8,False,service,40s,a2_age_features_v1,update,6692.0,854.53,4,854.53,5982.0,5874.0,5904.0,5836.0,6692.0,6692.0,available,"available is preprocessing completeness, not validated detection readiness; no population cutoff calibrated"
2025-07-01T00:00:00.000,1123059,삼성2동,16.61138768115942,6.433025362318841,22.030356576862122,11.093182186234818,878.3060921843688,574.0534627964023,0.914492753623188,0.903985507246377,0.894927536231884,0.886231884057971,0.105828737609278,0.063802244959481,0.055396946429521,10.0,293.9,0.0,31,23,8,False,service,50s,a2_age_features_v1,update,5520.0,563.93,4,563.93,5048.0,4940.0,4990.0,4892.0,5520.0,5520.0,available,"available is preprocessing completeness, not validated detection readiness; no population cutoff calibrated"
2025-07-01T00:00:00.000,1123059,삼성2동,13.038836499321572,4.576628222523745,17.50004045198249,9.621784711171228,638.9365758527091,447.74989605383456,0.904803256445047,0.877908751696065,0.852645861601086,0.823670284938942,0.075415992669932,0.053550218883975,0.108016696265964,10.0,293.9,0.0,31,23,8,False,service,60plus,a2_age_features_v1,update,5896.0,884.03,8,884.03,5334.72,5027.2,5176.15,4856.36,5896.0,5896.0,available,"available is preprocessing completeness, not validated detection readiness; no population cutoff calibrated"
2025-07-01T00:00:00.000,1123060,대치1동,5.960099894847529,3.242344900105153,20.668459371997212,10.897538549753497,696.1668174689815,421.20374355740284,0.952060988433228,0.948774973711882,0.935262881177708,0.917060988433228,0.12779552715655,0.078358836388095,0.0549857070792,10.0,293.9,0.0,31,23,8,False,service,20s,a2_age_features_v1,update,1902.0,59.47,4,59.47,1810.82,1778.87,1804.57,1744.25,1902.0,1902.0,available,"available is preprocessing completeness, not validated detection readiness; no population cutoff calibrated"
2025-07-01T00:00:00.000,1123060,대치1동,12.607754098360655,5.957885245901639,22.284582083502226,12.40266735569316,708.6461982382854,519.9317286453365,0.909959016393443,0.902622950819672,0.896172131147541,0.893573770491803,0.115792067011579,0.073293914757329,0.085735402808574,10.0,293.9,0.0,31,23,8,False,service,30s,a2_age_features_v1,update,1220.0,81.18,4,81.18,1110.15,1093.33,1101.2,1090.16,1220.0,1220.0,available,"available is preprocessing completeness, not validated detection readiness; no population cutoff calibrated"
2025-07-01T00:00:00.000,1123060,대치1동,18.178529009572184,7.946622387184998,23.54921063763422,11.520964015703186,899.3515732208235,540.7447775351233,0.914385622191834,0.910283258448916,0.898679429576089,0.896296151592108,0.117978339350181,0.061805054151625,0.083465703971119,10.0,293.9,0.0,31,23,8,False,service,40s,a2_age_features_v1,update,5119.0,69.25,4,69.25,4680.74,4600.34,4659.74,4588.14,5119.0,5119.0,available,"available is preprocessing completeness, not validated detection readiness; no population cutoff calibrated"
2025-07-01T00:00:00.000,1123060,대치1동,16.18515914489311,6.718099762470309,24.54132796780684,12.003254254770502,995.9902688990361,575.314542635659,0.944418052256532,0.936342042755344,0.921140142517815,0.919239904988124,0.08921351245598,0.049041346028434,0.066518847006652,10.0,293.9,0.0,31,23,8,False,service,50s,a2_age_features_v1,update,4210.0,76.67,4,76.67,3976.0,3878.0,3942.0,3870.0,4210.0,4210.0,available,"available is preprocessing completeness, not validated detection readiness; no population cutoff calibrated"
2025-07-01T00:00:00.000,1123060,대치1동,12.524032016008004,4.655002501250626,20.488108974358973,10.598619547211484,751.5520409262251,470.6504396843291,0.936468234117058,0.928964482241121,0.905952976488244,0.88744372186093,0.051909813253741,0.025410398096237,0.105836324769088,10.0,293.9,0.0,31,23,8,False,service,60plus,a2_age_features_v1,update,3998.0,247.93,8,247.93,3744.0,3622.0,3714.0,3548.0,3998.0,3998.0,available,"available is preprocessing completeness, not validated detection readiness; no population cutoff calibrated"
2025-07-01T00:00:00.000,1123063,대치4동,7.908030447193149,4.323295274341896,18.077580879982357,9.944776688434468,599.6080037084956,472.42257195085375,0.934554392641928,0.916796701554076,0.924227719632096,0.909146844275293,0.123218414967416,0.101786840445659,0.071200336346437,10.0,293.9,0.0,31,23,8,False,service,20s,a2_age_features_v1,update,3153.0,951.4000000000001,4,951.4000000000001,2946.65,2914.09,2890.66,2866.54,3153.0,3153.0,available,"available is preprocessing completeness, not validated detection readiness; no population cutoff calibrated"
2025-07-01T00:00:00.000,1123063,대치4동,13.77229190751445,6.403413294797688,18.459298203232112,10.36784712379022,595.9654803449306,507.33252661371665,0.92121098265896,0.90057514450867,0.901254335260116,0.885338150289018,0.109106667629688,0.12395757518515,0.061753773841735,10.0,293.9,0.0,31,23,8,False,service,30s,a2_age_features_v1,update,3460.0,1799.89,4,1799.89,3187.39,3118.34,3115.99,3063.27,3460.0,3460.0,available,"available is preprocessing completeness, not validated detection readiness; no population cutoff calibrated"
2025-07-01T00:00:00.000,1123063,대치4동,16.80139854139854,7.186006006006007,18.96470361445783,10.02320506329114,724.4149058473738,503.88787103377683,0.89017589017589,0.865722865722866,0.847275847275847,0.838266838266838,0.117793390011208,0.130577804506893,0.059684900175865,10.0,293.9,0.0,31,23,8,False,service,40s,a2_age_features_v1,update,4662.0,1097.43,4,1097.43,4150.0,3950.0,4036.0,3908.0,4662.0,4662.0,available,"available is preprocessing completeness, not validated detection readiness; no population cutoff calibrated"
2025-07-01T00:00:00.000,1123063,대치4동,17.422399643175737,6.660486173059769,20.834054320987654,10.689635149023637,840.4608244815377,551.3644532071503,0.90321141837645,0.881801962533452,0.867975022301516,0.848349687778769,0.13768352365416,0.103637846655791,0.064584013050571,10.0,293.9,0.0,31,23,8,False,service,50s,a2_age_features_v1,update,4484.0,613.0,4,613.0,4050.0,3892.0,3954.0,3804.0,4484.0,4484.0,available,"available is preprocessing completeness, not validated detection readiness; no population cutoff calibrated"
2025-07-01T00:00:00.000,1123063,대치4동,13.958610871440897,4.630376761576072,16.570568868514272,9.14188587961865,602.6121647076828,428.5904962854072,0.897138337647397,0.864483750359505,0.84889847569744,0.800192694851884,0.089167129859872,0.100386156861598,0.079293801012199,10.0,293.9,0.0,31,23,8,False,service,60plus,a2_age_features_v1,update,3477.0,683.6600000000001,8,683.6600000000001,3119.35,2951.62,3005.81,2782.27,3477.0,3477.0,available,"available is preprocessing completeness, not validated detection readiness; no population cutoff calibrated"
2025-07-01T00:00:00.000,1123064,역삼1동,10.358103878116344,5.166779778393351,18.85947262001848,11.044234184659517,671.0439849417154,555.2444534431064,0.945981994459834,0.936159279778393,0.933799168975069,0.928970914127424,0.08151731046702,0.070869124247114,0.105542389649355,10.0,293.9,0.0,31,23,8,False,service,20s,a2_age_features_v1,update,7220.0,4012.8900000000003,4,4012.8900000000003,6829.990000000001,6742.030000000001,6759.07,6707.17,7220.0,7220.0,available,"available is preprocessing completeness, not validated detection readiness; no population cutoff calibrated"
2025-07-01T00:00:00.000,1123064,역삼1동,14.20103581800581,6.321924491771539,18.901603616339855,10.960285537718855,646.2615514590049,548.5904473003156,0.887442400774443,0.875658276863504,0.864692158760891,0.852094869312681,0.120224440613837,0.115438203914968,0.071188619454974,10.0,293.9,0.0,31,23,8,False,service,30s,a2_age_features_v1,update,10330.0,7141.31,4,7141.31,9167.279999999999,8932.27,9045.55,8802.14,10330.0,10330.0,available,"available is preprocessing completeness, not validated detection readiness; no population cutoff calibrated"
2025-07-01T00:00:00.000,1123064,역삼1동,16.789788546255508,6.875242290748899,18.18367609254499,10.332637004883342,682.1609498680739,517.0488332872546,0.856828193832599,0.834801762114538,0.811894273127753,0.796696035242291,0.138216421943021,0.131217411442166,0.079548245685854,10.0,293.9,0.0,31,23,8,False,service,40s,a2_age_features_v1,update,9080.0,4274.89,4,4274.89,7780.0,7372.0,7580.0,7234.0,9080.0,9080.0,available,"available is preprocessing completeness, not validated detection readiness; no population cutoff calibrated"
2025-07-01T00:00:00.000,1123064,역삼1동,17.350551337074943,6.317603169362826,19.47402002310358,10.769478577202909,782.1429772191673,564.7333900414937,0.857378672829317,0.840541432816111,0.816771211620997,0.795642126114229,0.175248301097752,0.106092986070539,0.09041849881615,10.0,293.9,0.0,31,23,8,False,service,50s,a2_age_features_v1,update,6058.0,1300.84,4,1300.84,5194.0,4948.0,5092.0,4820.0,6058.0,6058.0,available,"available is preprocessing completeness, not validated detection readiness; no population cutoff calibrated"
2025-07-01T00:00:00.000,1123064,역삼1동,14.668953171989115,4.902408706859516,17.32584130823687,9.948592019784119,621.4843927245076,451.4845420386158,0.879740799083488,0.843700415294286,0.830386653300874,0.806439925533438,0.097523411394233,0.089939632293285,0.125713342775814,10.0,293.9,0.0,31,23,8,False,service,60plus,a2_age_features_v1,update,6983.0,1454.42,8,1454.42,6143.23,5798.59,5891.5599999999995,5631.37,6983.0,6983.0,available,"available is preprocessing completeness, not validated detection readiness; no population cutoff calibrated"
2025-07-01T00:00:00.000,1123065,역삼2동,8.415044532409697,4.288419099455715,19.557641487343687,10.78611030363259,655.4710455481585,487.5703777768141,0.94034388916378,0.929792182088075,0.931081147946561,0.912785749628897,0.104220856937684,0.085933136519588,0.072009893880156,10.0,293.9,0.0,31,23,8,False,service,20s,a2_age_features_v1,update,4042.0,1253.3000000000002,4,1253.3000000000002,3800.87,3763.43,3758.22,3689.48,4042.0,4042.0,available,"available is preprocessing completeness, not validated detection readiness; no population cutoff calibrated"
2025-07-01T00:00:00.000,1123065,역삼2동,13.506650717703346,6.042416267942584,19.4951020457212,11.024398576161683,619.3035174106935,517.5013990890722,0.912454146730462,0.898124003189793,0.889950159489633,0.885929027113238,0.104045030241583,0.10614853919752,0.072061205701034,10.0,293.9,0.0,31,23,8,False,service,30s,a2_age_features_v1,update,5016.0,1716.18,4,1716.18,4576.87,4463.99,4504.99,4443.82,5016.0,5016.0,available,"available is preprocessing completeness, not validated detection readiness; no population cutoff calibrated"
2025-07-01T00:00:00.000,1123065,역삼2동,16.324023120064094,6.97697150051505,20.900756830367687,10.617439274379697,748.1410420732104,506.9128894609849,0.911072450497882,0.897975277555225,0.886092480256381,0.878502918621952,0.104738034414614,0.106256326215838,0.055273051525522,10.0,293.9,0.0,31,23,8,False,service,40s,a2_age_features_v1,update,8737.0,829.88,4,829.88,7960.04,7741.79,7845.610000000001,7675.48,8737.0,8737.0,available,"available is preprocessing completeness, not validated detection readiness; no population cutoff calibrated"
2025-07-01T00:00:00.000,1123065,역삼2동,16.270408340573415,6.328245004344049,22.50344360428481,11.003656088082902,870.4493463633452,536.061790995728,0.919200695047785,0.903851723139299,0.89429481610194,0.881262670141906,0.108564894583503,0.097960590207074,0.060869020394098,10.0,293.9,0.0,31,23,8,False,service,50s,a2_age_features_v1,update,6906.0,638.42,4,638.42,6348.0,6176.0,6242.0,6086.0,6906.0,6906.0,available,"available is preprocessing completeness, not validated detection readiness; no population cutoff calibrated"
2025-07-01T00:00:00.000,1123065,역삼2동,12.838008378425556,4.432028277186245,16.997674181376993,9.573452989587558,612.8813430399127,443.2134511831113,0.903485774131611,0.876716704485949,0.847737825100367,0.813435154477221,0.075522930475542,0.092785314584237,0.082016973301121,10.0,293.9,0.0,31,23,8,False,service,60plus,a2_age_features_v1,update,5729.0,968.5799999999999,8,968.5799999999999,5176.07,4856.6900000000005,5022.71,4660.17,5729.0,5729.0,available,"available is preprocessing completeness, not validated detection readiness; no population cutoff calibrated"
2025-07-01T00:00:00.000,1123066,도곡1동,7.505046869141357,3.85907011623547,20.35217703949276,10.916280395868085,715.8155483295932,493.92733053379635,0.956827896512936,0.950734908136483,0.935043119610049,0.928608923884514,0.114134003254446,0.060749664563647,0.071712010048817,10.0,293.9,0.0,31,23,8,False,service,20s,a2_age_features_v1,update,2667.0,350.28999999999996,4,350.28999999999996,2551.86,2493.76,2535.61,2476.6,2667.0,2667.0,available,"available is preprocessing completeness, not validated detection readiness; no population cutoff calibrated"
2025-07-01T00:00:00.000,1123066,도곡1동,12.358206026629292,5.703728100911001,22.563909265151942,11.924127839636773,838.6187185308321,559.6898748260402,0.941468114926419,0.9337456201822,0.907540294323756,0.908896285914506,0.108233904722208,0.058180934021084,0.084996265999757,10.0,293.9,0.0,31,23,8,False,service,30s,a2_age_features_v1,update,2854.0,575.79,4,575.79,2686.95,2590.12,2664.91,2593.99,2854.0,2854.0,available,"available is preprocessing completeness, not validated detection readiness; no population cutoff calibrated"
2025-07-01T00:00:00.000,1123066,도곡1동,15.570451055662188,6.910014395393474,22.319901093180633,11.158219978746015,843.3790162218733,512.2206752411576,0.921785028790787,0.916986564299424,0.903071017274472,0.895393474088292,0.092903298945698,0.059432037183993,0.066347352907834,10.0,293.9,0.0,31,23,8,False,service,40s,a2_age_features_v1,update,4168.0,352.84000000000003,4,352.84000000000003,3842.0,3764.0,3822.0,3732.0,4168.0,4168.0,available,"available is preprocessing completeness, not validated detection readiness; no population cutoff calibrated"
2025-07-01T00:00:00.000,1123066,도곡1동,15.673464159171434,6.26002180430635,23.163091845210392,11.458162638127765,896.5334018180474,559.9604732873023,0.925336603979286,0.921981466339602,0.908165712728264,0.890531479967294,0.108983153158097,0.057290237611809,0.05509520935082,10.0,293.9,0.0,31,23,8,False,service,50s,a2_age_features_v1,update,3669.0,182.23000000000002,4,182.23000000000002,3395.06,3332.06,3382.75,3267.36,3669.0,3669.0,available,"available is preprocessing completeness, not validated detection readiness; no population cutoff calibrated"
2025-07-01T00:00:00.000,1123066,도곡1동,13.47002245508982,4.650067365269461,18.36104046800943,9.949073684924798,700.7299839533158,445.1505697619686,0.930172155688623,0.904919535928144,0.882464446107784,0.850759730538922,0.059887775971472,0.055902249724684,0.077210830842379,10.0,293.9,0.0,31,23,8,False,service,60plus,a2_age_features_v1,update,5344.0,572.07,8,572.07,4970.84,4715.89,4835.89,4546.46,5344.0,5344.0,available,"available is preprocessing completeness, not validated detection readiness; no population cutoff calibrated"
2025-07-01T00:00:00.000,1123067,도곡2동,6.722497661365762,3.469117555347676,21.166419940418645,11.114586894963876,698.4384460101513,436.11403791958384,0.951446835048332,0.941780480199563,0.942613033988151,0.918359837854693,0.102280253571766,0.076639227930741,0.058945974075125,10.0,293.9,0.0,31,23,8,False,service,20s,a2_age_features_v1,update,3207.0,105.69,4,105.69,3051.29,3022.96,3020.29,2945.1800000000003,3207.0,3207.0,available,"available is preprocessing completeness, not validated detection readiness; no population cutoff calibrated"
2025-07-01T00:00:00.000,1123067,도곡2동,13.008385304106207,5.944884223525779,22.835192419104022,12.327136262110121,748.0784694725554,536.4254039430618,0.911278172275394,0.92133374498302,0.888789749922816,0.88101883297314,0.108793297054505,0.079424721430422,0.06785004750799,10.0,293.9,0.0,31,23,8,False,service,30s,a2_age_features_v1,update,3239.0,231.54,4,231.54,2951.63,2878.79,2984.2,2853.62,3239.0,3239.0,available,"available is preprocessing completeness, not validated detection readiness; no population cutoff calibrated"
2025-07-01T00:00:00.000,1123067,도곡2동,16.647862853628535,7.334852398523985,22.762281623804206,11.55013721350766,813.175323011031,518.1782280999674,0.912735239852399,0.907507687576876,0.893620848708487,0.896356088560886,0.10338740299104,0.071145455151051,0.071911534490224,10.0,293.9,0.0,31,23,8,False,service,40s,a2_age_features_v1,update,6504.0,300.23,4,300.23,5936.43,5812.11,5902.43,5829.9,6504.0,6504.0,available,"available is preprocessing completeness, not validated detection readiness; no population cutoff calibrated"
2025-07-01T00:00:00.000,1123067,도곡2동,16.10118721461187,6.512876712328767,23.991041122715405,11.912451569806281,954.4575081967214,584.8743481205554,0.932724505327245,0.928462709284627,0.911415525114155,0.898934550989346,0.109111557613348,0.074604699921377,0.051891325238054,10.0,293.9,0.0,31,23,8,False,service,50s,a2_age_features_v1,update,6570.0,228.94,4,228.94,6128.0,5988.0,6100.0,5906.0,6570.0,6570.0,available,"available is preprocessing completeness, not validated detection readiness; no population cutoff calibrated"
2025-07-01T00:00:00.000,1123067,도곡2동,13.363758762388205,4.894566110708243,19.53482524778299,10.299602303894678,755.6236341916645,464.76665051311295,0.92675852066715,0.910563210055596,0.881314962533237,0.847957457094513,0.051900131406045,0.082417871222076,0.076099868593955,10.0,293.9,0.0,31,23,8,False,service,60plus,a2_age_features_v1,update,8274.0,951.25,8,951.25,7668.0,7292.0,7534.0,7016.0,8274.0,8274.0,available,"available is preprocessing completeness, not validated detection readiness; no population cutoff calibrated"
2025-07-01T00:00:00.000,1123068,개포1동,6.679400000000001,3.457211111111111,22.82837019790454,12.109098360655738,733.141393728223,461.7545368171021,0.954444444444444,0.956666666666667,0.948888888888889,0.935555555555556,0.122523795109811,0.044092422560791,0.055931120304039,10.0,293.9,0.0,31,23,8,False,service,20s,a2_age_features_v1,update,1800.0,297.33000000000004,4,297.33000000000004,1718.0,1708.0,1722.0,1684.0,1800.0,1800.0,available,"available is preprocessing completeness, not validated detection readiness; no population cutoff calibrated"
2025-07-01T00:00:00.000,1123068,개포1동,13.252959814528595,6.065703245749614,24.29394736842105,13.180794979079497,794.841086419753,566.5553227158424,0.939721792890263,0.938948995363215,0.923493044822257,0.921947449768161,0.105452079266881,0.037995831541337,0.065008105336289,10.0,293.9,0.0,31,23,8,False,service,30s,a2_age_features_v1,update,2588.0,604.54,4,604.54,2432.0,2390.0,2430.0,2386.0,2588.0,2588.0,available,"available is preprocessing completeness, not validated detection readiness; no population cutoff calibrated"
2025-07-01T00:00:00.000,1123068,개포1동,16.7641611521993,7.258976255352276,24.82843492586491,13.034280950395999,906.7545841952834,568.8021580928481,0.945114830673414,0.9408330089529,0.933826391592059,0.930712339431686,0.084083809802166,0.030086038397603,0.059678863050984,10.0,293.9,0.0,31,23,8,False,service,40s,a2_age_features_v1,update,5138.0,547.4300000000001,4,547.4300000000001,4856.0,4798.0,4834.0,4782.0,5138.0,5138.0,available,"available is preprocessing completeness, not validated detection readiness; no population cutoff calibrated"
2025-07-01T00:00:00.000,1123068,개포1동,16.791991362763916,6.650287907869482,26.478009072580647,13.194559505409583,1034.9152753916119,634.9300309278351,0.952015355086372,0.949616122840691,0.931381957773512,0.930902111324376,0.080594879133235,0.027980783973016,0.046660193182399,10.0,293.9,0.0,31,23,8,False,service,50s,a2_age_features_v1,update,4168.0,391.34000000000003,4,391.34000000000003,3968.0,3882.0,3958.0,3880.0,4168.0,4168.0,available,"available is preprocessing completeness, not validated detection readiness; no population cutoff calibrated"
2025-07-01T00:00:00.000,1123068,개포1동,12.849004524886878,4.936410256410257,20.80377672209026,10.692994652406416,777.2763980660758,470.85737399407043,0.952488687782805,0.935897435897436,0.916666666666667,0.89027149321267,0.04621749008172,0.020119132390673,0.070145694166582,10.0,293.9,0.0,31,23,8,False,service,60plus,a2_age_features_v1,update,5304.0,884.73,8,884.73,5052.0,4862.0,4964.0,4722.0,5304.0,5304.0,available,"available is preprocessing completeness, not validated detection readiness; no population cutoff calibrated"
2025-07-01T00:00:00.000,1123071,개포4동,7.742059130434782,3.910052173913043,22.193525579633885,11.549427066111148,742.1364829756482,478.31172144050305,0.955175652173913,0.95055652173913,0.946706086956522,0.939092173913044,0.089917280010421,0.063277535335114,0.063342669185176,10.0,293.9,0.0,31,23,8,False,service,20s,a2_age_features_v1,update,2875.0,307.06,4,307.06,2746.13,2721.7799999999997,2732.85,2699.89,2875.0,2875.0,available,"available is preprocessing completeness, not validated detection readiness; no population cutoff calibrated"
2025-07-01T00:00:00.000,1123071,개포4동,12.951056233263909,5.802490330258852,23.524390893986613,12.301343629193997,769.6883105136187,538.2286962792783,0.936569473371021,0.934846771794109,0.92127045522166,0.9220856887831,0.09849887486826,0.04825248525935,0.066439741362122,10.0,293.9,0.0,31,23,8,False,service,30s,a2_age_features_v1,update,3361.0,702.14,4,702.14,3147.81,3096.3900000000003,3142.02,3099.13,3361.0,3361.0,available,"available is preprocessing completeness, not validated detection readiness; no population cutoff calibrated"
2025-07-01T00:00:00.000,1123071,개포4동,16.635541795665635,6.751346749226006,23.289087837837837,12.427616875712657,809.2931941309255,549.0240929965557,0.91640866873065,0.914344685242518,0.905056759545924,0.898864809081527,0.108705586656004,0.035340264290339,0.063787653756807,10.0,293.9,0.0,31,23,8,False,service,40s,a2_age_features_v1,update,3876.0,525.18,4,525.18,3552.0,3508.0,3544.0,3484.0,3876.0,3876.0,available,"available is preprocessing completeness, not validated detection readiness; no population cutoff calibrated"
2025-07-01T00:00:00.000,1123071,개포4동,16.86227152667723,6.227860538827257,23.607357736748533,11.861263361848149,868.7742927306771,586.6007660421254,0.937461701003698,0.928214474379292,0.922897517168516,0.91054675118859,0.083226435425112,0.038868079429422,0.0611113961722,10.0,293.9,0.0,31,23,8,False,service,50s,a2_age_features_v1,update,3786.0,389.78000000000003,4,389.78000000000003,3549.23,3494.09,3514.2200000000003,3447.33,3786.0,3786.0,available,"available is preprocessing completeness, not validated detection readiness; no population cutoff calibrated"
2025-07-01T00:00:00.000,1123071,개포4동,13.758978574067235,4.485899519763575,19.527836377010907,10.339260267056234,658.2321669469156,448.26970416167785,0.92403398596232,0.906233838197266,0.892628370890285,0.866970816401921,0.075693925130867,0.030682268068447,0.072152817489993,10.0,293.9,0.0,31,23,8,False,service,60plus,a2_age_features_v1,update,5414.0,909.32,8,909.32,5002.72,4832.69,4906.35,4693.78,5414.0,5414.0,available,"available is preprocessing completeness, not validated detection readiness; no population cutoff calibrated"
2025-07-01T00:00:00.000,1123072,일원본동,6.275300411522633,3.30982304526749,21.61721726835869,11.508950729280985,753.3699902438602,473.24569048343227,0.948855967078189,0.949069958847736,0.929942386831276,0.9200329218107,0.114081996434938,0.07568330362448,0.058229352346999,10.0,293.9,0.0,31,23,8,False,service,20s,a2_age_features_v1,update,2430.0,134.64,4,134.64,2305.7200000000003,2259.76,2306.24,2235.68,2430.0,2430.0,available,"available is preprocessing completeness, not validated detection readiness; no population cutoff calibrated"
2025-07-01T00:00:00.000,1123072,일원본동,11.439475229357798,5.226675229357798,23.317497959442434,12.516635348512954,825.1337199821795,577.5696745470177,0.92617247706422,0.930792660550459,0.915922935779817,0.909163302752294,0.118743242383769,0.084907460408319,0.058322203141894,10.0,293.9,0.0,31,23,8,False,service,30s,a2_age_features_v1,update,2725.0,157.23000000000002,4,157.23000000000002,2523.82,2495.8900000000003,2536.41,2477.4700000000003,2725.0,2725.0,available,"available is preprocessing completeness, not validated detection readiness; no population cutoff calibrated"
2025-07-01T00:00:00.000,1123072,일원본동,15.030811715481171,6.548811715481172,23.61053417836125,12.119068379990823,883.1020359550562,587.5573507805327,0.924267782426778,0.930962343096234,0.911715481171548,0.911297071129707,0.086559046461841,0.058265347451253,0.066018631024706,10.0,293.9,0.0,31,23,8,False,service,40s,a2_age_features_v1,update,4780.0,172.83,4,172.83,4418.0,4358.0,4450.0,4356.0,4780.0,4780.0,available,"available is preprocessing completeness, not validated detection readiness; no population cutoff calibrated"
2025-07-01T00:00:00.000,1123072,일원본동,15.242632089190499,6.053034415899176,24.58950228542408,12.2489689119171,940.3834722928316,609.1224908616188,0.95443528841493,0.953465826466311,0.935530780416869,0.92825981580223,0.078891708967851,0.063451776649746,0.051025803722504,10.0,293.9,0.0,31,23,8,False,service,50s,a2_age_features_v1,update,4126.0,189.12,4,189.12,3938.0,3860.0,3934.0,3830.0,4126.0,4126.0,available,"available is preprocessing completeness, not validated detection readiness; no population cutoff calibrated"
2025-07-01T00:00:00.000,1123072,일원본동,12.436712457071495,4.384792382141742,19.943889440582588,10.474189003436425,754.8864125710464,462.2946997570288,0.943178270371527,0.933812051201998,0.908523259444271,0.899469247580393,0.058547619839659,0.043178869631749,0.106239535167382,10.0,293.9,0.0,31,23,8,False,service,60plus,a2_age_features_v1,update,6406.0,901.8299999999999,8,901.8299999999999,6042.0,5820.0,5982.0,5762.0,6406.0,6406.0,available,"available is preprocessing completeness, not validated detection readiness; no population cutoff calibrated"
2025-07-01T00:00:00.000,1123073,일원1동,7.681710344827587,3.904974712643678,21.01722775884301,11.501963130864054,729.6942925661773,518.5771903701099,0.959131034482759,0.958588505747126,0.946248275862069,0.941131034482759,0.110342330745404,0.066314011022165,0.076451184681604,10.0,293.9,0.0,31,23,8,False,service,20s,a2_age_features_v1,update,2175.0,497.18,4,497.18,2086.11,2058.09,2084.93,2046.96,2175.0,2175.0,available,"available is preprocessing completeness, not validated detection readiness; no population cutoff calibrated"
2025-07-01T00:00:00.000,1123073,일원1동,12.137430340557275,5.405329500221141,22.186304655779335,11.86171671173555,743.7277723171471,588.6597587332888,0.933529411764706,0.926939407341884,0.911017249004865,0.906134453781513,0.105845019961101,0.069130241921725,0.083290681407172,10.0,293.9,0.0,31,23,8,False,service,30s,a2_age_features_v1,update,2261.0,586.14,4,586.14,2110.71,2059.81,2095.81,2048.77,2261.0,2261.0,available,"available is preprocessing completeness, not validated detection readiness; no population cutoff calibrated"
2025-07-01T00:00:00.000,1123073,일원1동,14.165508333333333,6.047958333333333,22.128529411764706,11.446106519742884,799.8801340482572,520.5489371534195,0.935,0.9325,0.9075,0.901666666666667,0.089925575434965,0.059243925279708,0.129281876879097,10.0,293.9,0.0,31,23,8,False,service,40s,a2_age_features_v1,update,2400.0,405.78,4,405.78,2244.0,2178.0,2238.0,2164.0,2400.0,2400.0,available,"available is preprocessing completeness, not validated detection readiness; no population cutoff calibrated"
2025-07-01T00:00:00.000,1123073,일원1동,15.79719754977029,5.943395865237367,22.87594554750988,11.711963764321471,832.2288444718224,568.553557023099,0.942699081163859,0.938460949464012,0.913916539050536,0.903794027565084,0.079178051001821,0.053648679417122,0.097734517304189,10.0,293.9,0.0,31,23,8,False,service,50s,a2_age_features_v1,update,2612.0,351.36,4,351.36,2462.33,2387.15,2451.26,2360.71,2612.0,2612.0,available,"available is preprocessing completeness, not validated detection readiness; no population cutoff calibrated"
2025-07-01T00:00:00.000,1123073,일원1동,12.413561116458133,3.988273339749759,17.575590093173165,9.57418768366984,591.7926740717797,422.7309386580397,0.908406159769009,0.888667949951877,0.849564966313763,0.813973051010587,0.096574623073014,0.075005929188548,0.106481450110114,10.0,293.9,0.0,31,23,8,False,service,60plus,a2_age_features_v1,update,5195.0,1475.75,8,1475.75,4719.17,4413.49,4616.63,4228.59,5195.0,5195.0,available,"available is preprocessing completeness, not validated detection readiness; no population cutoff calibrated"
2025-07-01T00:00:00.000,1123074,일원2동,6.613859315589354,3.479347275031686,21.89833279722713,11.490518510608478,702.4485326115556,481.7357867292757,0.965354879594423,0.963447401774398,0.949512040557668,0.92850443599493,0.0,0.0,0.0,10.0,293.9,0.0,31,23,8,True,service,20s,a2_age_features_v1,update,1578.0,127.53,4,127.53,1523.33,1498.33,1520.32,1465.18,1578.0,1578.0,review_required,"available is preprocessing completeness, not validated detection readiness; no population cutoff calibrated"
2025-07-01T00:00:00.000,1123074,일원2동,12.31786590351594,5.495801308258382,23.82394871576073,12.127965796345777,842.0833436962193,566.27845485974,0.958217497955846,0.957354865085854,0.94403515944399,0.931864268192968,0.0,0.0,0.0,10.0,293.9,0.0,31,23,8,True,service,30s,a2_age_features_v1,update,2446.0,327.01,4,327.01,2343.8,2309.11,2341.6899999999996,2279.34,2446.0,2446.0,review_required,"available is preprocessing completeness, not validated detection readiness; no population cutoff calibrated"
2025-07-01T00:00:00.000,1123074,일원2동,14.453258911084998,6.302596944770857,23.68300421137406,11.86246575225835,855.1312895803616,548.8855702372438,0.933811202506855,0.936306306306306,0.920117508813161,0.914504504504504,0.0,0.0,0.0,10.0,293.9,0.0,31,23,8,True,service,40s,a2_age_features_v1,update,2553.0,219.97,4,219.97,2384.02,2349.06,2390.39,2334.73,2553.0,2553.0,review_required,"available is preprocessing completeness, not validated detection readiness; no population cutoff calibrated"
2025-07-01T00:00:00.000,1123074,일원2동,15.450352843503529,5.846388542963886,24.233147108944113,12.124387052279507,881.8683868896593,568.7916188024122,0.947584059775841,0.93747198007472,0.920904939809049,0.909327521793275,0.0,0.0,0.0,10.0,293.9,0.0,31,23,8,True,service,50s,a2_age_features_v1,update,2409.0,240.57,4,240.57,2282.73,2218.46,2258.37,2190.5699999999997,2409.0,2409.0,review_required,"available is preprocessing completeness, not validated detection readiness; no population cutoff calibrated"
2025-07-01T00:00:00.000,1123074,일원2동,12.091731733914939,4.095121046892038,18.29366780416596,9.793759616568773,619.1759932434555,428.70962868227747,0.915871319520174,0.902553980370774,0.867788440567067,0.83818320610687,0.0,0.0,0.0,10.0,293.9,0.0,31,23,8,True,service,60plus,a2_age_features_v1,update,4585.0,1463.81,8,1463.81,4199.27,3978.81,4138.21,3843.0699999999997,4585.0,4585.0,review_required,"available is preprocessing completeness, not validated detection readiness; no population cutoff calibrated"
2025-07-01T00:00:00.000,1123075,수서동,7.186301188903568,3.690118890356671,23.55555680067236,12.525287635854946,812.728363496288,558.7135411476725,0.943064729194188,0.943064729194188,0.920706737120211,0.914722589167767,0.119922755069199,0.057289990344384,0.060959124557451,10.0,293.9,0.0,31,23,8,False,service,20s,a2_age_features_v1,update,1514.0,155.35000000000002,4,155.35000000000002,1427.8,1393.95,1427.8,1384.8899999999999,1514.0,1514.0,available,"available is preprocessing completeness, not validated detection readiness; no population cutoff calibrated"
2025-07-01T00:00:00.000,1123075,수서동,11.76809946714032,5.391607460035524,24.86440155973059,12.7452026878167,913.0546698558688,600.5498883632279,0.939498223801066,0.93566163410302,0.92714920071048,0.913263765541741,0.11149540365887,0.035284123661297,0.078274324201329,10.0,293.9,0.0,31,23,8,False,service,30s,a2_age_features_v1,update,2252.0,329.61,4,329.61,2115.75,2087.94,2107.11,2056.67,2252.0,2252.0,available,"available is preprocessing completeness, not validated detection readiness; no population cutoff calibrated"
2025-07-01T00:00:00.000,1123075,수서동,12.900868454661559,5.482528735632184,22.742596722610593,11.601735944204426,838.3223034260287,508.7905158783131,0.90250319284802,0.902675606641124,0.866143039591316,0.861034482758621,0.144104144013531,0.081792920140147,0.117464057025492,10.0,293.9,0.0,31,23,8,False,service,40s,a2_age_features_v1,update,1566.0,331.08,4,331.08,1413.32,1356.38,1413.5900000000001,1348.38,1566.0,1566.0,available,"available is preprocessing completeness, not validated detection readiness; no population cutoff calibrated"
2025-07-01T00:00:00.000,1123075,수서동,14.7296487424111,5.537007805724198,23.013848914122963,12.035564306393836,869.6212295453686,568.0235780728295,0.92570685169124,0.917987857762359,0.883738074588031,0.885767562879445,0.151524710830705,0.067655099894848,0.118717139852787,10.0,293.9,0.0,31,23,8,False,service,50s,a2_age_features_v1,update,2306.0,475.5,4,475.5,2134.6800000000003,2037.9,2116.88,2042.58,2306.0,2306.0,available,"available is preprocessing completeness, not validated detection readiness; no population cutoff calibrated"
2025-07-01T00:00:00.000,1123075,수서동,11.12182135794331,3.708409360580092,18.310866470823637,10.134674198357867,568.5104266026817,401.70117276678957,0.918340474620962,0.902486816084377,0.863267963085036,0.839377059986816,0.121331712690394,0.067379496334561,0.189053063394994,10.0,293.9,0.0,31,23,8,False,service,60plus,a2_age_features_v1,update,6068.0,2632.7,8,2632.7,5572.49,5238.3099999999995,5476.29,5093.34,6068.0,6068.0,available,"available is preprocessing completeness, not validated detection readiness; no population cutoff calibrated"
2025-07-01T00:00:00.000,1123076,세곡동,7.588119712351947,4.010222081218275,22.677598118039427,11.860442428584582,868.1760179017854,572.3538220794958,0.9588769035533,0.957707275803722,0.941723773265652,0.947755922165821,0.098304295267775,0.091040157925673,0.06070822566514,10.0,293.9,0.0,31,23,8,False,service,20s,a2_age_features_v1,update,4728.0,901.6899999999999,4,901.6899999999999,4533.57,4452.47,4528.04,4480.99,4728.0,4728.0,available,"available is preprocessing completeness, not validated detection readiness; no population cutoff calibrated"
2025-07-01T00:00:00.000,1123076,세곡동,12.720478310830222,5.898865268600977,24.87646086055349,12.835237429234326,889.0988636484913,626.6854368798321,0.9355429474289,0.942135880494111,0.924299051996553,0.928175811548406,0.098341173249708,0.089698598770502,0.057162945817467,10.0,293.9,0.0,31,23,8,False,service,30s,a2_age_features_v1,update,6962.0,1607.1599999999999,4,1607.1599999999999,6513.25,6434.97,6559.15,6461.96,6962.0,6962.0,available,"available is preprocessing completeness, not validated detection readiness; no population cutoff calibrated"
2025-07-01T00:00:00.000,1123076,세곡동,15.79261288685946,6.609457128361238,24.851186071817196,12.504662236987818,936.3023672806069,593.130741652983,0.932521562658549,0.936580416032471,0.916286149162862,0.926940639269406,0.101378899628934,0.097049796142746,0.048857025058409,10.0,293.9,0.0,31,23,8,False,service,40s,a2_age_features_v1,update,7884.0,873.16,4,873.16,7352.0,7224.0,7384.0,7308.0,7884.0,7884.0,available,"available is preprocessing completeness, not validated detection readiness; no population cutoff calibrated"
2025-07-01T00:00:00.000,1123076,세곡동,16.729957419965306,5.905730957262262,25.42354707288694,12.559149195739314,1032.1086790380218,634.4888936594224,0.940637123482101,0.941785207380539,0.922974294275351,0.927457814224886,0.088061638280616,0.10647201946472,0.064460665044607,10.0,293.9,0.0,31,23,8,False,service,50s,a2_age_features_v1,update,6341.0,616.5,4,616.5,5964.58,5852.58,5971.86,5881.01,6341.0,6341.0,available,"available is preprocessing completeness, not validated detection readiness; no population cutoff calibrated"
2025-07-01T00:00:00.000,1123076,세곡동,12.641527540026182,4.047567213775047,19.924110269256946,10.547663130713119,719.6492851757748,455.26196488182666,0.902396536099084,0.894868593293727,0.859448192528446,0.844595710401772,0.087939215507735,0.1583148693356,0.119793405570563,10.0,293.9,0.0,31,23,8,False,service,60plus,a2_age_features_v1,update,9931.0,1976.8200000000002,8,1976.8200000000002,8961.7,8535.18,8886.94,8387.68,9931.0,9931.0,available,"available is preprocessing completeness, not validated detection readiness; no population cutoff calibrated"
2025-07-01T00:00:00.000,1123077,압구정동,7.928367428800643,3.821921379863618,20.71028762979454,11.061894065590838,643.8630812432356,414.321970495073,0.944131568391496,0.941347773766546,0.924669073405535,0.913048535900522,0.117164758393169,0.07092955559868,0.06685425965457,10.0,293.9,0.0,31,23,8,False,service,20s,a2_age_features_v1,update,2493.0,206.12,4,206.12,2353.72,2305.2,2346.7799999999997,2276.23,2493.0,2493.0,available,"available is preprocessing completeness, not validated detection readiness; no population cutoff calibrated"
2025-07-01T00:00:00.000,1123077,압구정동,13.842442797292941,6.114031582339671,21.600164265948912,11.724240489795317,705.4181520789562,502.9691902744194,0.895594585884628,0.892729616500161,0.875884627779568,0.871614566548502,0.131657257279528,0.078677309007982,0.070806797007537,10.0,293.9,0.0,31,23,8,False,service,30s,a2_age_features_v1,update,3103.0,359.57,4,359.57,2779.0299999999997,2717.87,2770.14,2704.62,3103.0,3103.0,available,"available is preprocessing completeness, not validated detection readiness; no population cutoff calibrated"
2025-07-01T00:00:00.000,1123077,압구정동,17.83471443406023,7.365626168224298,22.518142175038772,11.816565342182068,794.0961871772744,522.9147907574252,0.879935617860851,0.871181723779855,0.857455867082035,0.850369678089304,0.132927592287128,0.070871964052102,0.066605995108356,10.0,293.9,0.0,31,23,8,False,service,40s,a2_age_features_v1,update,4815.0,351.62,4,351.62,4236.889999999999,4128.65,4194.74,4094.5299999999997,4815.0,4815.0,available,"available is preprocessing completeness, not validated detection readiness; no population cutoff calibrated"
2025-07-01T00:00:00.000,1123077,압구정동,16.156283333333334,6.710216666666666,23.74254812098992,12.046493629070318,881.8486503915248,530.0537089871613,0.909166666666667,0.904583333333333,0.882916666666667,0.87625,0.118421503754243,0.060925017999794,0.063016422669455,10.0,293.9,0.0,31,23,8,False,service,50s,a2_age_features_v1,update,4800.0,291.67,4,291.67,4364.0,4238.0,4342.0,4206.0,4800.0,4800.0,available,"available is preprocessing completeness, not validated detection readiness; no population cutoff calibrated"
2025-07-01T00:00:00.000,1123077,압구정동,13.271844567042454,4.861163348524826,19.495397742189553,10.308756650798095,678.3150695187165,423.1983545034642,0.913648356920125,0.897097625329815,0.856560326217318,0.830894698968578,0.056603006907761,0.032295814709468,0.142592442096709,10.0,293.9,0.0,31,23,8,False,service,60plus,a2_age_features_v1,update,8338.0,1230.5,8,1230.5,7618.0,7142.0,7480.0,6928.0,8338.0,8338.0,available,"available is preprocessing completeness, not validated detection readiness; no population cutoff calibrated"
2025-07-01T00:00:00.000,1123078,청담동,9.095252953650409,4.038070281732809,20.624002516626575,11.3668066455386,684.5769934100553,471.9563854458217,0.95336867615874,0.942381096637383,0.927203877612845,0.924332020599818,0.10043645159594,0.059683441131619,0.07558149725684,10.0,293.9,0.0,31,23,8,False,service,20s,a2_age_features_v1,update,3301.0,570.51,4,570.51,3147.07,3060.7,3110.8,3051.2200000000003,3301.0,3301.0,available,"available is preprocessing completeness, not validated detection readiness; no population cutoff calibrated"
2025-07-01T00:00:00.000,1123078,청담동,15.104264069264069,6.395827320827321,21.798916567855418,12.414874241348006,709.0071633743563,520.7012325143546,0.904612794612795,0.89521645021645,0.876928811928812,0.873732563732564,0.130128137649885,0.074662430500397,0.067408633740682,10.0,293.9,0.0,31,23,8,False,service,30s,a2_age_features_v1,update,4158.0,1044.97,4,1044.97,3761.38,3646.27,3722.31,3632.98,4158.0,4158.0,available,"available is preprocessing completeness, not validated detection readiness; no population cutoff calibrated"
2025-07-01T00:00:00.000,1123078,청담동,18.003443379481716,7.32029463968761,22.16105136436597,12.062923203963667,766.2721486596263,538.2590651085143,0.88462903798367,0.873979410720625,0.85977990770323,0.850550230741924,0.1296869625043,0.083782440851584,0.055103262877601,10.0,293.9,0.0,31,23,8,False,service,40s,a2_age_features_v1,update,5634.0,784.89,4,784.89,4984.0,4844.0,4924.0,4792.0,5634.0,5634.0,available,"available is preprocessing completeness, not validated detection readiness; no population cutoff calibrated"
2025-07-01T00:00:00.000,1123078,청담동,17.137202194357368,6.52730407523511,23.62242385242385,12.333162317558603,909.1251643598615,575.3334044444445,0.913401253918495,0.905956112852664,0.885971786833856,0.88166144200627,0.128478761247123,0.060193903885053,0.066378368324382,10.0,293.9,0.0,31,23,8,False,service,50s,a2_age_features_v1,update,5104.0,430.11,4,430.11,4662.0,4522.0,4624.0,4500.0,5104.0,5104.0,available,"available is preprocessing completeness, not validated detection readiness; no population cutoff calibrated"
2025-07-01T00:00:00.000,1123078,청담동,14.04358960176991,4.807939712389382,20.02459290187891,10.843824168996584,709.892397572079,463.29336099585066,0.927267699115044,0.911227876106195,0.89021017699115,0.866426991150442,0.060483184653431,0.048098198820573,0.134552808898768,10.0,293.9,0.0,31,23,8,False,service,60plus,a2_age_features_v1,update,7232.0,998.79,8,998.79,6706.0,6438.0,6590.0,6266.0,7232.0,7232.0,available,"available is preprocessing completeness, not validated detection readiness; no population cutoff calibrated"
2025-07-01T00:00:00.000,1123079,대치2동,6.179347728295096,3.398774179037337,20.401305771447564,10.851511140958007,716.7271743901329,451.21144169381887,0.954136302294197,0.938789923526766,0.951189833558255,0.935368870895187,0.112652588111711,0.063027493027131,0.052233129278806,10.0,293.9,0.0,31,23,8,False,service,20s,a2_age_features_v1,update,4446.0,276.07,4,276.07,4242.09,4228.99,4173.86,4158.65,4446.0,4446.0,available,"available is preprocessing completeness, not validated detection readiness; no population cutoff calibrated"
2025-07-01T00:00:00.000,1123079,대치2동,11.662830545913538,5.543127169454086,21.022524016381556,11.368937326113409,723.0141483813699,515.645241610978,0.913834017040076,0.910041022404544,0.886948564215841,0.883023035657936,0.116064719731503,0.082177027500877,0.067675199118369,10.0,293.9,0.0,31,23,8,False,service,30s,a2_age_features_v1,update,3169.0,399.26,4,399.26,2895.94,2810.74,2883.92,2798.3,3169.0,3169.0,available,"available is preprocessing completeness, not validated detection readiness; no population cutoff calibrated"
2025-07-01T00:00:00.000,1123079,대치2동,17.2429433681073,7.386860407352211,23.042879198266522,11.223011049723757,871.1034915897992,522.5563176895307,0.917039244908097,0.915548931942374,0.899155489319424,0.894436164927968,0.103287567703741,0.062812276945039,0.06272830331276,10.0,293.9,0.0,31,23,8,False,service,40s,a2_age_features_v1,update,8052.0,238.17000000000002,4,238.17000000000002,7384.0,7240.0,7372.0,7202.0,8052.0,8052.0,available,"available is preprocessing completeness, not validated detection readiness; no population cutoff calibrated"
2025-07-01T00:00:00.000,1123079,대치2동,16.856794734013967,6.570228371843095,24.302241792381178,11.7106080298281,963.6384049471455,577.710321309848,0.939195325094036,0.929981192907039,0.913707684040838,0.903993820526599,0.093824940047962,0.054756195043965,0.046462829736211,10.0,293.9,0.0,31,23,8,False,service,50s,a2_age_features_v1,update,7444.0,100.08,4,100.08,6991.37,6801.64,6922.78,6729.33,7444.0,7444.0,available,"available is preprocessing completeness, not validated detection readiness; no population cutoff calibrated"
2025-07-01T00:00:00.000,1123079,대치2동,13.03359203529811,4.608595995022061,19.88355590715769,10.267396465399209,733.1856088077606,465.96498943437473,0.935277746351397,0.913068220386922,0.89570765923747,0.869476185088811,0.049666756668419,0.034418564993108,0.099077718881894,10.0,293.9,0.0,31,23,8,False,service,60plus,a2_age_features_v1,update,8839.0,703.69,8,703.69,8266.92,7917.16,8070.61,7685.3,8839.0,8839.0,available,"available is preprocessing completeness, not validated detection readiness; no population cutoff calibrated"
2025-07-01T00:00:00.000,1123080,개포2동,6.027581154192966,3.320320108205591,22.101445760068067,11.59662034816064,715.3017257186065,474.73056422882104,0.953832281334536,0.954046438232642,0.949211000901713,0.942179891794409,0.113244055196293,0.051071846835379,0.060440959315647,10.0,293.9,0.0,31,23,8,False,service,20s,a2_age_features_v1,update,4436.0,196.39000000000001,4,196.39000000000001,4231.2,4210.7,4232.15,4179.51,4436.0,4436.0,available,"available is preprocessing completeness, not validated detection readiness; no population cutoff calibrated"
2025-07-01T00:00:00.000,1123080,개포2동,12.19739708790221,5.67361136077656,24.18520387935095,12.672709659514004,800.5174529504573,564.3773968674726,0.934903828869315,0.937679309724969,0.919739349271976,0.920909581161244,0.102204408817635,0.056075787939515,0.06099471670614,10.0,293.9,0.0,31,23,8,False,service,30s,a2_age_features_v1,update,5563.0,548.9,4,548.9,5200.87,5116.51,5216.3099999999995,5123.02,5563.0,5563.0,available,"available is preprocessing completeness, not validated detection readiness; no population cutoff calibrated"
2025-07-01T00:00:00.000,1123080,개포2동,16.06143459915612,6.961062298337057,24.570140174556993,12.280235924932976,889.5370794824399,576.0051725983409,0.938446264581782,0.939935467858029,0.925788036733681,0.927525440555969,0.090417634293981,0.045113640689839,0.07511325998401,10.0,293.9,0.0,31,23,8,False,service,40s,a2_age_features_v1,update,8058.0,525.3399999999999,4,525.3399999999999,7562.0,7460.0,7574.0,7474.0,8058.0,8058.0,available,"available is preprocessing completeness, not validated detection readiness; no population cutoff calibrated"
2025-07-01T00:00:00.000,1123080,개포2동,15.851573521432448,6.186218122626153,25.453745019920316,12.229389179755671,986.6015001423286,603.7278217821781,0.953336950623983,0.953065653825285,0.932718393922952,0.931633206728161,0.081707765918292,0.034627653048706,0.050147221199853,10.0,293.9,0.0,31,23,8,False,service,50s,a2_age_features_v1,update,7372.0,326.04,4,326.04,7028.0,6876.0,7026.0,6868.0,7372.0,7372.0,available,"available is preprocessing completeness, not validated detection readiness; no population cutoff calibrated"
2025-07-01T00:00:00.000,1123080,개포2동,12.863814476756527,4.559932073869667,20.43922353994182,10.358447636700648,724.6964613636364,446.84120934714525,0.94863086393547,0.93398429208236,0.916153682869879,0.88112927191679,0.059752032708887,0.021688854725096,0.096052535667663,10.0,293.9,0.0,31,23,8,False,service,60plus,a2_age_features_v1,update,9422.0,1509.07,8,1509.07,8938.0,8632.0,8800.0,8302.0,9422.0,9422.0,available,"available is preprocessing completeness, not validated detection readiness; no population cutoff calibrated"
2025-08-01T00:00:00.000,1123051,신사동,8.284422211105552,4.035717858929464,21.903638503874397,9.358210219263052,681.6478848864201,365.0009419850191,0.962566283141571,0.96544272136068,0.92264132066033,0.906943471735868,0.102207925135254,0.063250684101686,0.089131660852673,12.0,290.3,0.0,31,21,10,False,service,20s,a2_age_features_v1,update,1999.0,478.73,4,478.73,1924.17,1844.36,1929.92,1812.98,1999.0,1999.0,available,"available is preprocessing completeness, not validated detection readiness; no population cutoff calibrated"
2025-08-01T00:00:00.000,1123051,신사동,13.477512820512821,5.988115384615384,22.186885910283266,9.456580545981996,671.527748813153,406.66200048591105,0.905794871794872,0.905581196581196,0.861773504273504,0.844303418803419,0.134326359334544,0.100681527335496,0.089491384184995,12.0,290.3,0.0,31,21,10,False,service,30s,a2_age_features_v1,update,2340.0,672.02,4,672.02,2119.56,2016.55,2119.06,1975.67,2340.0,2340.0,available,"available is preprocessing completeness, not validated detection readiness; no population cutoff calibrated"
2025-08-01T00:00:00.000,1123051,신사동,15.994490538573508,7.000494905385735,22.625596776595568,9.443555600740844,774.7767434672191,389.33502775257506,0.879665211062591,0.871208151382824,0.823249636098981,0.8182096069869,0.138739649832501,0.094178623348714,0.077997598129069,12.0,290.3,0.0,31,21,10,False,service,40s,a2_age_features_v1,update,2748.0,316.42,4,316.42,2417.32,2262.29,2394.08,2248.44,2748.0,2748.0,available,"available is preprocessing completeness, not validated detection readiness; no population cutoff calibrated"
2025-08-01T00:00:00.000,1123051,신사동,16.019520743919887,6.443562231759656,24.879809372517872,9.922504244482173,911.5580080645161,425.13769834350484,0.900572246065808,0.886981402002861,0.842632331902718,0.820457796852647,0.140377855887522,0.08097539543058,0.073198594024605,12.0,290.3,0.0,31,21,10,False,service,50s,a2_age_features_v1,update,2796.0,227.6,4,227.6,2518.0,2356.0,2480.0,2294.0,2796.0,2796.0,available,"available is preprocessing completeness, not validated detection readiness; no population cutoff calibrated"
2025-08-01T00:00:00.000,1123051,신사동,12.74682514646237,4.680299684542586,20.477981022796683,8.551386103313869,658.9477887532911,329.5685031395814,0.918537629562866,0.909704821991888,0.84687922487607,0.793413699864804,0.059770429078983,0.039751298168899,0.137510248701831,12.0,290.3,0.0,31,21,10,False,service,60plus,a2_age_features_v1,update,4438.0,731.8000000000001,8,731.8000000000001,4076.4700000000003,3758.45,4037.27,3521.17,4438.0,4438.0,available,"available is preprocessing completeness, not validated detection readiness; no population cutoff calibrated"
2025-08-01T00:00:00.000,1123052,논현1동,11.12400851445216,5.469538427066996,20.509992353741563,9.160855887965392,675.740263170498,411.9530370185042,0.943582791844051,0.93569347972216,0.914700873851669,0.886609903652252,0.094965770396327,0.085313066016428,0.114955332669646,12.0,290.3,0.0,31,21,10,False,service,20s,a2_age_features_v1,update,4463.0,2280.19,4,2280.19,4211.21,4082.3100000000004,4176.0,3956.94,4463.0,4463.0,available,"available is preprocessing completeness, not validated detection readiness; no population cutoff calibrated"
2025-08-01T00:00:00.000,1123052,논현1동,13.851732391940763,6.159655588083347,20.80207325503669,8.738780854693953,656.0755229076811,393.2688222866996,0.904248320991906,0.888367487515068,0.852875839504047,0.833881522300672,0.105850584504855,0.122421550867761,0.07226269964047,12.0,290.3,0.0,31,21,10,False,service,30s,a2_age_features_v1,update,5807.0,3251.47,4,3251.47,5250.97,4952.65,5158.75,4842.35,5807.0,5807.0,available,"available is preprocessing completeness, not validated detection readiness; no population cutoff calibrated"
2025-08-01T00:00:00.000,1123052,논현1동,15.38423849372385,6.416117154811715,20.31526845637584,8.358555844155843,686.648162372387,397.0057826788596,0.872803347280335,0.860669456066946,0.805439330543933,0.777824267782427,0.145220902686703,0.12825988917284,0.061240040847429,12.0,290.3,0.0,31,21,10,False,service,40s,a2_age_features_v1,update,4780.0,1929.13,4,1929.13,4172.0,3850.0,4114.0,3718.0,4780.0,4780.0,available,"available is preprocessing completeness, not validated detection readiness; no population cutoff calibrated"
2025-08-01T00:00:00.000,1123052,논현1동,15.952378173329443,6.070335570469799,21.414744771922063,8.679877468552435,774.6710922803153,404.9120356731261,0.87056025678436,0.860884155237817,0.805876860227604,0.764651298511818,0.146214019434089,0.125038195929842,0.084290777974699,12.0,290.3,0.0,31,21,10,False,service,50s,a2_age_features_v1,update,3427.0,654.52,4,654.52,2983.41,2761.74,2950.25,2620.46,3427.0,3427.0,available,"available is preprocessing completeness, not validated detection readiness; no population cutoff calibrated"
2025-08-01T00:00:00.000,1123052,논현1동,13.652293240759649,4.680481927710844,17.51436161067364,7.663073292201544,596.0314545010909,331.7862359311956,0.890780069430263,0.862019603839085,0.808582805799469,0.769287318766592,0.108992151168134,0.095619726853299,0.099672812161094,12.0,290.3,0.0,31,21,10,False,service,60plus,a2_age_features_v1,update,4897.0,1088.06,8,1088.06,4362.15,3959.63,4221.3099999999995,3767.2,4897.0,4897.0,available,"available is preprocessing completeness, not validated detection readiness; no population cutoff calibrated"
2025-08-01T00:00:00.000,1123053,논현2동,9.621248495788207,4.633258122743682,20.80239638301061,9.286301132850019,711.4105253848757,409.6551719879288,0.943534897713598,0.942292418772563,0.91459687123947,0.906176293622142,0.100656363894148,0.083500829837452,0.080039698756495,12.0,290.3,0.0,31,21,10,False,service,20s,a2_age_features_v1,update,3324.0,1199.0300000000002,4,1199.0300000000002,3136.31,3040.12,3132.1800000000003,3012.13,3324.0,3324.0,available,"available is preprocessing completeness, not validated detection readiness; no population cutoff calibrated"
2025-08-01T00:00:00.000,1123053,논현2동,14.330114967941633,6.329252708379395,21.41710164266774,9.242071633797458,679.5650748445743,408.2702450653638,0.902986955560469,0.901861596285651,0.860309529073624,0.845790404598718,0.133456058282957,0.099939451351114,0.062257683330566,12.0,290.3,0.0,31,21,10,False,service,30s,a2_age_features_v1,update,4523.0,2047.9399999999998,4,2047.9399999999998,4084.21,3891.18,4079.12,3825.51,4523.0,4523.0,available,"available is preprocessing completeness, not validated detection readiness; no population cutoff calibrated"
2025-08-01T00:00:00.000,1123053,논현2동,16.876644081307294,7.038955759266639,21.469401785714286,9.150974212034384,726.0263734776727,403.0078784909358,0.892785970506178,0.883618971701873,0.834595456357114,0.813471502590674,0.128678545513182,0.107482060791744,0.059646859630734,12.0,290.3,0.0,31,21,10,False,service,40s,a2_age_features_v1,update,5018.0,1240.3,4,1240.3,4480.0,4188.0,4434.0,4082.0,5018.0,5018.0,available,"available is preprocessing completeness, not validated detection readiness; no population cutoff calibrated"
2025-08-01T00:00:00.000,1123053,논현2동,17.25769230769231,6.583886639676114,23.43482561463693,9.408895631067962,827.2115256188831,432.5660523038605,0.885121457489879,0.879048582995952,0.834008097165992,0.812753036437247,0.152100201960312,0.093253784439792,0.077782512830965,12.0,290.3,0.0,31,21,10,False,service,50s,a2_age_features_v1,update,3952.0,539.71,4,539.71,3498.0,3296.0,3474.0,3212.0,3952.0,3952.0,available,"available is preprocessing completeness, not validated detection readiness; no population cutoff calibrated"
2025-08-01T00:00:00.000,1123053,논현2동,13.591200428724546,4.706114683815649,18.96293493000018,8.014607770703405,601.0386622072897,320.1621386415049,0.88922293676313,0.876743479814219,0.822061450518042,0.775451947123973,0.088602962200492,0.064036141133413,0.114324927088694,12.0,290.3,0.0,31,21,10,False,service,60plus,a2_age_features_v1,update,5598.0,874.3499999999999,8,874.3499999999999,4977.87,4601.9,4908.01,4340.98,5598.0,5598.0,available,"available is preprocessing completeness, not validated detection readiness; no population cutoff calibrated"
2025-08-01T00:00:00.000,1123058,삼성1동,8.331336515513126,4.084110978520286,22.923018068396463,9.802113058472308,736.4040864356813,379.7583830826384,0.960286396181384,0.957297136038186,0.927350835322196,0.918687350835322,0.11313052774808,0.063514432889494,0.087617844299738,12.0,290.3,0.0,31,21,10,False,service,20s,a2_age_features_v1,update,1676.0,205.78,4,205.78,1609.44,1554.24,1604.4299999999998,1539.72,1676.0,1676.0,available,"available is preprocessing completeness, not validated detection readiness; no population cutoff calibrated"
2025-08-01T00:00:00.000,1123058,삼성1동,13.604238683127573,5.910955647005029,24.092847114438463,10.307095086599285,768.4587431693989,416.68716726979216,0.901481481481482,0.899519890260631,0.860909922267947,0.855422953818016,0.147974579370885,0.08419440380395,0.064168800292612,12.0,290.3,0.0,31,21,10,False,service,30s,a2_age_features_v1,update,2187.0,437.44,4,437.44,1971.54,1882.81,1967.25,1870.81,2187.0,2187.0,available,"available is preprocessing completeness, not validated detection readiness; no population cutoff calibrated"
2025-08-01T00:00:00.000,1123058,삼성1동,16.29019008825526,6.864331296673456,24.062909367859863,10.013708769107,831.2672226472837,429.27049059689296,0.891378139850645,0.887304820095044,0.843856076035302,0.830278343516633,0.155960459855598,0.080381766911468,0.087880759815314,12.0,290.3,0.0,31,21,10,False,service,40s,a2_age_features_v1,update,2946.0,322.71,4,322.71,2626.0,2486.0,2614.0,2446.0,2946.0,2946.0,available,"available is preprocessing completeness, not validated detection readiness; no population cutoff calibrated"
2025-08-01T00:00:00.000,1123058,삼성1동,16.86631544925663,6.404550743374273,25.949187279151943,10.322481146304677,979.8300916784203,481.68180640243895,0.914673561732385,0.91661279896574,0.857142857142857,0.848093083387201,0.142771140131518,0.063397239974067,0.081272575715477,12.0,290.3,0.0,31,21,10,False,service,50s,a2_age_features_v1,update,3094.0,215.94,4,215.94,2830.0,2652.0,2836.0,2624.0,3094.0,3094.0,available,"available is preprocessing completeness, not validated detection readiness; no population cutoff calibrated"
2025-08-01T00:00:00.000,1123058,삼성1동,13.393176517893044,4.682505026135907,21.742669860627178,8.821283124128314,725.4163684442485,359.02766895200784,0.923200643345396,0.912344189786892,0.864897466827503,0.821069561720949,0.066682990532158,0.066764609859615,0.145347698334966,12.0,290.3,0.0,31,21,10,False,service,60plus,a2_age_features_v1,update,4974.0,612.6,8,612.6,4592.0,4302.0,4538.0,4084.0,4974.0,4974.0,available,"available is preprocessing completeness, not validated detection readiness; no population cutoff calibrated"
2025-08-01T00:00:00.000,1123059,삼성2동,8.213325899080012,4.200370783384444,21.460513184083986,8.894580910366953,670.4389921716951,367.7660697438829,0.949645943685531,0.950850292723724,0.917596877613605,0.897145246724282,0.114561430689892,0.087747061818021,0.084969345521347,12.0,290.3,0.0,31,21,10,False,service,20s,a2_age_features_v1,update,3587.0,903.62,4,903.62,3406.38,3291.42,3410.7,3218.06,3587.0,3587.0,available,"available is preprocessing completeness, not validated detection readiness; no population cutoff calibrated"
2025-08-01T00:00:00.000,1123059,삼성2동,13.93400480576692,6.149243091710052,22.060495871723262,9.256056737363618,706.6402068595105,418.8079333480621,0.920616740088106,0.913406087304766,0.883512214657589,0.861023227873448,0.105768665730796,0.096144428846593,0.061937253109595,12.0,290.3,0.0,31,21,10,False,service,30s,a2_age_features_v1,update,4994.0,1531.55,4,1531.55,4597.5599999999995,4412.26,4561.55,4299.95,4994.0,4994.0,available,"available is preprocessing completeness, not validated detection readiness; no population cutoff calibrated"
2025-08-01T00:00:00.000,1123059,삼성2동,16.938910139647845,7.125564663023679,22.608342780926975,9.045239268121042,801.3874916051042,410.108455226543,0.910443230115361,0.904068002428658,0.862780813600486,0.850941105039466,0.109193776520509,0.083227251296558,0.063590287600189,12.0,290.3,0.0,31,21,10,False,service,40s,a2_age_features_v1,update,6588.0,848.4,4,848.4,5998.0,5684.0,5956.0,5606.0,6588.0,6588.0,available,"available is preprocessing completeness, not validated detection readiness; no population cutoff calibrated"
2025-08-01T00:00:00.000,1123059,삼성2동,16.144698181818182,6.34104,23.87856860419138,9.133384743643186,933.494861612515,450.9700127388535,0.919636363636364,0.906545454545454,0.872363636363636,0.856363636363636,0.110198481986958,0.063143641093254,0.054199479742009,12.0,290.3,0.0,31,21,10,False,service,50s,a2_age_features_v1,update,5500.0,561.26,4,561.26,5058.0,4798.0,4986.0,4710.0,5500.0,5500.0,available,"available is preprocessing completeness, not validated detection readiness; no population cutoff calibrated"
2025-08-01T00:00:00.000,1123059,삼성2동,12.857533401849949,4.502589928057555,19.044059783354417,7.903250507214054,662.9380786556487,346.8622097334427,0.911306954436451,0.888648509763618,0.833300787941076,0.790020554984584,0.076593020251828,0.061339563513013,0.106538318974716,12.0,290.3,0.0,31,21,10,False,service,60plus,a2_age_features_v1,update,5838.0,890.29,8,890.29,5320.21,4864.8099999999995,5187.93,4612.14,5838.0,5838.0,available,"available is preprocessing completeness, not validated detection readiness; no population cutoff calibrated"
2025-08-01T00:00:00.000,1123060,대치1동,5.949495268138801,3.243548895899053,21.272580224801345,8.912653301682465,744.9187464020349,338.7307639483957,0.948144058885384,0.942523659305994,0.910299684542587,0.883533123028391,0.137845849802372,0.086297760210804,0.069993412384717,12.0,290.3,0.0,31,21,10,False,service,20s,a2_age_features_v1,update,1902.0,60.72,4,60.72,1803.37,1731.3899999999999,1792.68,1680.48,1902.0,1902.0,available,"available is preprocessing completeness, not validated detection readiness; no population cutoff calibrated"
2025-08-01T00:00:00.000,1123060,대치1동,12.207470881863562,5.907504159733777,23.708203460306414,10.12239513454436,761.3780286592164,404.19692833782227,0.932371048252912,0.917895174708818,0.882995008319467,0.864891846921797,0.108886107634543,0.076595744680851,0.075093867334168,12.0,290.3,0.0,31,21,10,False,service,30s,a2_age_features_v1,update,1202.0,79.9,4,79.9,1120.71,1061.3600000000001,1103.31,1039.6,1202.0,1202.0,available,"available is preprocessing completeness, not validated detection readiness; no population cutoff calibrated"
2025-08-01T00:00:00.000,1123060,대치1동,17.785465093411997,7.882884955752212,25.57473337898592,9.47203402452106,974.0528474088068,404.67441691242107,0.924715830875123,0.924430678466077,0.887323500491642,0.87023598820059,0.118811881188119,0.056785090273733,0.081828771112405,12.0,290.3,0.0,31,21,10,False,service,40s,a2_age_features_v1,update,5085.0,68.68,4,68.68,4702.18,4512.04,4700.73,4425.15,5085.0,5085.0,available,"available is preprocessing completeness, not validated detection readiness; no population cutoff calibrated"
2025-08-01T00:00:00.000,1123060,대치1동,15.793483309143687,6.652109337203677,26.85795489492568,9.859355185384203,1051.0645623069001,457.33077929155314,0.943880019351718,0.939525882922109,0.900338655055636,0.887760038703435,0.092555864075102,0.049980166600555,0.065317995504429,12.0,290.3,0.0,31,21,10,False,service,50s,a2_age_features_v1,update,4134.0,75.63,4,75.63,3902.0,3722.0,3884.0,3670.0,4134.0,4134.0,available,"available is preprocessing completeness, not validated detection readiness; no population cutoff calibrated"
2025-08-01T00:00:00.000,1123060,대치1동,12.174083796062595,4.612705704189803,21.571375896615095,8.644108484939725,765.2214503428312,363.97021157451076,0.936693589096416,0.922478546188794,0.871812216052499,0.845562847046946,0.055703332811767,0.024448443123142,0.11066343295259,12.0,290.3,0.0,31,21,10,False,service,60plus,a2_age_features_v1,update,3962.0,255.64,8,255.64,3711.18,3454.12,3654.86,3350.12,3962.0,3962.0,available,"available is preprocessing completeness, not validated detection readiness; no population cutoff calibrated"
2025-08-01T00:00:00.000,1123063,대치4동,7.835119009838146,4.315030149158997,19.047033085551206,8.296263674594872,639.0495963149306,375.663438780985,0.9563313233894,0.937334179625516,0.916134560456998,0.887242145350682,0.117737213161539,0.098922935450116,0.076271813463835,12.0,290.3,0.0,31,21,10,False,service,20s,a2_age_features_v1,update,3151.0,946.09,4,946.09,3013.4,2886.74,2953.54,2795.7,3151.0,3151.0,available,"available is preprocessing completeness, not validated detection readiness; no population cutoff calibrated"
2025-08-01T00:00:00.000,1123063,대치4동,13.585676300578033,6.427112716763006,20.534447130858,8.744249385864196,627.8207207626208,396.02955735639614,0.920447976878613,0.901060693641618,0.865919075144509,0.848815028901734,0.110649042854216,0.10566535060275,0.05646523320911,12.0,290.3,0.0,31,21,10,False,service,30s,a2_age_features_v1,update,3460.0,1805.8899999999999,4,1805.8899999999999,3184.75,2996.08,3117.67,2936.9,3460.0,3460.0,available,"available is preprocessing completeness, not validated detection readiness; no population cutoff calibrated"
2025-08-01T00:00:00.000,1123063,대치4동,16.522107066381153,7.111798715203427,20.899573346116966,8.252537623248573,780.60466374269,398.36620253164557,0.893361884368308,0.878800856531049,0.825267665952891,0.811991434689508,0.123854412149777,0.121786710729474,0.061218408863125,12.0,290.3,0.0,31,21,10,False,service,40s,a2_age_features_v1,update,4670.0,1107.51,4,1107.51,4172.0,3854.0,4104.0,3792.0,4670.0,4670.0,available,"available is preprocessing completeness, not validated detection readiness; no population cutoff calibrated"
2025-08-01T00:00:00.000,1123063,대치4동,17.23312275985663,6.653826164874552,22.742272282076396,8.733305307409353,897.0482739588559,435.09365521003815,0.914874551971326,0.892921146953405,0.852598566308244,0.821236559139785,0.131683893546024,0.095434198746643,0.067860340196956,12.0,290.3,0.0,31,21,10,False,service,50s,a2_age_features_v1,update,4464.0,614.35,4,614.35,4084.0,3806.0,3986.0,3666.0,4464.0,4464.0,available,"available is preprocessing completeness, not validated detection readiness; no population cutoff calibrated"
2025-08-01T00:00:00.000,1123063,대치4동,13.490136947218259,4.552299572039943,17.65075807722616,7.624744857594936,596.0323296602237,332.6175269580939,0.905135520684736,0.868659058487874,0.807805991440799,0.751152639087019,0.085334543752394,0.090667952736918,0.082639470063405,12.0,290.3,0.0,31,21,10,False,service,60plus,a2_age_features_v1,update,3505.0,704.99,8,704.99,3172.5,2831.36,3044.65,2632.79,3505.0,3505.0,available,"available is preprocessing completeness, not validated detection readiness; no population cutoff calibrated"
2025-08-01T00:00:00.000,1123064,역삼1동,10.377030453355381,5.146003858343668,20.494838944937403,9.092188532472107,708.6602757773138,437.43286441231686,0.952277800744109,0.945228055670387,0.92715860548436,0.915291442744936,0.083964312747397,0.07435257913611,0.102123118539751,12.0,290.3,0.0,31,21,10,False,service,20s,a2_age_features_v1,update,7257.0,4029.45,4,4029.45,6910.68,6728.389999999999,6859.52,6642.27,7257.0,7257.0,available,"available is preprocessing completeness, not validated detection readiness; no population cutoff calibrated"
2025-08-01T00:00:00.000,1123064,역삼1동,13.812424598511557,6.184020759890325,20.37746075812811,8.900951646589276,679.0273464901718,429.95399039653006,0.902272816294556,0.894528006267137,0.858490990990991,0.841638268703486,0.115319511791582,0.116563931347636,0.071510286965978,12.0,290.3,0.0,31,21,10,False,service,30s,a2_age_features_v1,update,10212.0,7071.57,4,7071.57,9214.01,8766.91,9134.92,8594.81,10212.0,10212.0,available,"available is preprocessing completeness, not validated detection readiness; no population cutoff calibrated"
2025-08-01T00:00:00.000,1123064,역삼1동,16.304100322135294,6.737510354348827,19.9069275669939,8.488429107710077,720.7428830045933,418.559916041979,0.86723423838012,0.851587666820064,0.796824666359871,0.767372296364473,0.139833522878506,0.133522878505577,0.088409514361071,12.0,290.3,0.0,31,21,10,False,service,40s,a2_age_features_v1,update,8692.0,4132.7,4,4132.7,7538.0,6926.0,7402.0,6670.0,8692.0,8692.0,available,"available is preprocessing completeness, not validated detection readiness; no population cutoff calibrated"
2025-08-01T00:00:00.000,1123064,역삼1동,17.08364543889845,6.290812392426851,21.24,8.96820579334198,825.5724286288701,453.3888489208633,0.865060240963856,0.856110154905336,0.796213425129088,0.765576592082616,0.169459113458153,0.116746679468715,0.07894063050088,12.0,290.3,0.0,31,21,10,False,service,50s,a2_age_features_v1,update,5810.0,1249.8,4,1249.8,5026.0,4626.0,4974.0,4448.0,5810.0,5810.0,available,"available is preprocessing completeness, not validated detection readiness; no population cutoff calibrated"
2025-08-01T00:00:00.000,1123064,역삼1동,14.205085648481358,4.79904994961854,18.58689453558331,8.17354266277488,629.7250119546528,357.85931321477983,0.882372247013099,0.857325464229164,0.805338995249748,0.772065639844537,0.102278192286024,0.088997897687456,0.119488299874961,12.0,290.3,0.0,31,21,10,False,service,60plus,a2_age_features_v1,update,6947.0,1455.54,8,1455.54,6129.84,5594.6900000000005,5955.84,5363.54,6947.0,6947.0,available,"available is preprocessing completeness, not validated detection readiness; no population cutoff calibrated"
2025-08-01T00:00:00.000,1123065,역삼2동,8.234876237623762,4.258004950495049,20.549713659491193,8.868490454752061,688.8714618358358,373.54701751248433,0.948638613861386,0.93609405940594,0.914871287128713,0.899641089108911,0.105905681112332,0.089381559877045,0.06981540764808,12.0,290.3,0.0,31,21,10,False,service,20s,a2_age_features_v1,update,4040.0,1255.74,4,1255.74,3832.5,3696.08,3781.82,3634.55,4040.0,4040.0,available,"available is preprocessing completeness, not validated detection readiness; no population cutoff calibrated"
2025-08-01T00:00:00.000,1123065,역삼2동,13.191208133971292,6.0047009569378,21.481579211600405,9.192331847691616,654.2160497858249,424.8042981564982,0.917308612440191,0.910358851674641,0.871804226475279,0.859521531100478,0.107954413573799,0.098768655850335,0.070352575261704,12.0,290.3,0.0,31,21,10,False,service,30s,a2_age_features_v1,update,5016.0,1723.3200000000002,4,1723.3200000000002,4601.22,4372.969999999999,4566.360000000001,4311.36,5016.0,5016.0,available,"available is preprocessing completeness, not validated detection readiness; no population cutoff calibrated"
2025-08-01T00:00:00.000,1123065,역삼2동,16.27685362202004,6.933683058850628,23.06547303409339,8.702717719690005,817.7583556725556,385.9987805002869,0.923039272140965,0.912591270298284,0.876770701370494,0.855158355407117,0.106717882849042,0.100380486149819,0.05955698810072,12.0,290.3,0.0,31,21,10,False,service,40s,a2_age_features_v1,update,8683.0,825.26,4,825.26,8014.75,7613.0,7924.03,7425.34,8683.0,8683.0,available,"available is preprocessing completeness, not validated detection readiness; no population cutoff calibrated"
2025-08-01T00:00:00.000,1123065,역삼2동,15.8741097489784,6.222837127845884,24.571464105793453,9.023926421404683,921.1388647959184,418.793048696845,0.927028604786924,0.915353181552831,0.872737886748395,0.851138353765324,0.109233554616777,0.093066099164629,0.062748149795128,12.0,290.3,0.0,31,21,10,False,service,50s,a2_age_features_v1,update,6852.0,629.66,4,629.66,6352.0,5980.0,6272.0,5832.0,6852.0,6852.0,available,"available is preprocessing completeness, not validated detection readiness; no population cutoff calibrated"
2025-08-01T00:00:00.000,1123065,역삼2동,12.553446883230905,4.370131694468832,18.596037700784258,7.878200587314855,637.5599745752501,347.164334759324,0.89759964881475,0.874345917471466,0.819192273924495,0.765913959613696,0.077845712483596,0.079626031313265,0.079402219803249,12.0,290.3,0.0,31,21,10,False,service,60plus,a2_age_features_v1,update,5695.0,982.97,8,982.97,5111.83,4665.3,4979.4,4361.88,5695.0,5695.0,available,"available is preprocessing completeness, not validated detection readiness; no population cutoff calibrated"
2025-08-01T00:00:00.000,1123066,도곡1동,7.463550806149232,3.918530183727034,21.614295972414773,9.121728616394677,734.0150288330063,377.2523775406063,0.949302587176603,0.946062992125984,0.916051743532058,0.907457817772778,0.116702659695385,0.066122982496022,0.071749261195726,12.0,290.3,0.0,31,21,10,False,service,20s,a2_age_features_v1,update,2667.0,351.92,4,351.92,2531.79,2443.11,2523.15,2420.19,2667.0,2667.0,available,"available is preprocessing completeness, not validated detection readiness; no population cutoff calibrated"
2025-08-01T00:00:00.000,1123066,도곡1동,12.223255080588647,5.734148563419763,24.835385128165022,9.895037848392976,910.6013611315553,426.6669034561218,0.940858444288718,0.937866152768045,0.886415557112824,0.893167484232656,0.116322149510059,0.060437657975832,0.081281811571621,12.0,290.3,0.0,31,21,10,False,service,30s,a2_age_features_v1,update,2854.0,577.62,4,577.62,2685.21,2529.83,2676.67,2549.1,2854.0,2854.0,available,"available is preprocessing completeness, not validated detection readiness; no population cutoff calibrated"
2025-08-01T00:00:00.000,1123066,도곡1동,15.49246509388541,6.868964853153587,24.50892315734448,9.101518780620578,929.17365574623,395.046362631288,0.921039961482908,0.925854597977853,0.884448724121329,0.870967741935484,0.096789772727273,0.056164772727273,0.066875,12.0,290.3,0.0,31,21,10,False,service,40s,a2_age_features_v1,update,4154.0,352.0,4,352.0,3826.0,3674.0,3846.0,3618.0,4154.0,4154.0,available,"available is preprocessing completeness, not validated detection readiness; no population cutoff calibrated"
2025-08-01T00:00:00.000,1123066,도곡1동,15.387481662591686,6.149991850040751,25.29106816871218,9.381484718029114,950.8684162236948,414.5756220524889,0.932773702798153,0.932694919858734,0.887242597120348,0.8646481934257,0.102248246147047,0.060873888305806,0.056730928575374,12.0,290.3,0.0,31,21,10,False,service,50s,a2_age_features_v1,update,3681.0,181.03,4,181.03,3433.54,3265.94,3433.25,3182.77,3681.0,3681.0,available,"available is preprocessing completeness, not validated detection readiness; no population cutoff calibrated"
2025-08-01T00:00:00.000,1123066,도곡1동,13.00330303030303,4.577727272727273,19.730864145138188,8.122171747165762,701.4107906050988,343.6251647433069,0.928268939393939,0.915390151515152,0.854674242424242,0.815662878787879,0.060477325320347,0.052757918005043,0.075294442717508,12.0,290.3,0.0,31,21,10,False,service,60plus,a2_age_features_v1,update,5280.0,579.06,8,579.06,4901.26,4512.68,4833.26,4306.7,5280.0,5280.0,available,"available is preprocessing completeness, not validated detection readiness; no population cutoff calibrated"
2025-08-01T00:00:00.000,1123067,도곡2동,6.575438104147178,3.47911131898971,22.18199094063474,9.060449958202998,725.7381261827355,349.5126344948747,0.956170876208294,0.940869971936389,0.925076395385095,0.901640162145307,0.10916143332102,0.081547838936092,0.068710749907647,12.0,290.3,0.0,31,21,10,False,service,20s,a2_age_features_v1,update,3207.0,108.28,4,108.28,3066.44,2966.72,3017.37,2891.56,3207.0,3207.0,available,"available is preprocessing completeness, not validated detection readiness; no population cutoff calibrated"
2025-08-01T00:00:00.000,1123067,도곡2동,12.835226921889474,5.851068230935474,24.969329707007052,10.221346378904972,818.0913578702877,412.28576191214506,0.926866316764433,0.933121333744983,0.878484100030874,0.876153133683236,0.10582395481193,0.080662416021225,0.074585989986735,12.0,290.3,0.0,31,21,10,False,service,30s,a2_age_features_v1,update,3239.0,233.69,4,233.69,3002.12,2845.41,3022.38,2837.86,3239.0,3239.0,available,"available is preprocessing completeness, not validated detection readiness; no population cutoff calibrated"
2025-08-01T00:00:00.000,1123067,도곡2동,16.40233078101072,7.318186830015313,24.827033860638853,9.324939430438453,880.1279112999001,393.4539565232685,0.919949464012251,0.916797856049005,0.884912710566616,0.870719754977029,0.105054771017553,0.081562623729708,0.07987989969645,12.0,290.3,0.0,31,21,10,False,service,40s,a2_age_features_v1,update,6530.0,303.08000000000004,4,303.08000000000004,6007.27,5778.48,5986.6900000000005,5685.8,6530.0,6530.0,available,"available is preprocessing completeness, not validated detection readiness; no population cutoff calibrated"
2025-08-01T00:00:00.000,1123067,도곡2동,15.793984615384616,6.414723076923076,26.257630019749833,9.77996550534667,1013.8538131396501,453.2417626280467,0.934769230769231,0.932,0.892,0.871076923076923,0.110010129035099,0.073545602677588,0.058836482142071,12.0,290.3,0.0,31,21,10,False,service,50s,a2_age_features_v1,update,6500.0,227.07,4,227.07,6076.0,5798.0,6058.0,5662.0,6500.0,6500.0,available,"available is preprocessing completeness, not validated detection readiness; no population cutoff calibrated"
2025-08-01T00:00:00.000,1123067,도곡2동,12.861602829958526,4.800139058306903,20.76816004211635,8.447009184845005,758.0752882810405,363.0860740291262,0.926811417418883,0.909734081483289,0.849963405708709,0.804098560624542,0.05567718129773,0.082678096060354,0.08024215513963,12.0,290.3,0.0,31,21,10,False,service,60plus,a2_age_features_v1,update,8198.0,972.93,8,972.93,7598.0,6968.0,7458.0,6592.0,8198.0,8198.0,available,"available is preprocessing completeness, not validated detection readiness; no population cutoff calibrated"
2025-08-01T00:00:00.000,1123068,개포1동,6.639487471526195,3.484760820045558,24.111367419738407,9.981892551892551,799.3665124555159,373.47557644110276,0.957858769931663,0.960136674259681,0.932801822323462,0.908883826879271,0.127717943507417,0.040066382171645,0.061538982591614,12.0,290.3,0.0,31,21,10,False,service,20s,a2_age_features_v1,update,1756.0,295.26,4,295.26,1682.0,1638.0,1686.0,1596.0,1756.0,1756.0,available,"available is preprocessing completeness, not validated detection readiness; no population cutoff calibrated"
2025-08-01T00:00:00.000,1123068,개포1동,12.945179407176285,5.983642745709829,26.709777777777777,10.987234042553192,874.9989191419141,445.77648163962425,0.947737909516381,0.945397815912636,0.916536661466459,0.913416536661466,0.103397807973124,0.042260548505663,0.06160294044273,12.0,290.3,0.0,31,21,10,False,service,30s,a2_age_features_v1,update,2564.0,601.27,4,601.27,2430.0,2350.0,2424.0,2342.0,2564.0,2564.0,available,"available is preprocessing completeness, not validated detection readiness; no population cutoff calibrated"
2025-08-01T00:00:00.000,1123068,개포1동,16.47944182389937,7.245774371069182,27.202296849087894,10.771492281303601,986.0888106092001,436.37953879310345,0.94811320754717,0.948506289308176,0.916666666666667,0.911949685534591,0.088305050467908,0.030152047213693,0.068393668070085,12.0,290.3,0.0,31,21,10,False,service,40s,a2_age_features_v1,update,5088.0,543.9100000000001,4,543.9100000000001,4824.0,4664.0,4826.0,4640.0,5088.0,5088.0,available,"available is preprocessing completeness, not validated detection readiness; no population cutoff calibrated"
2025-08-01T00:00:00.000,1123068,개포1동,16.419493243243245,6.550950772200772,29.110680894308945,10.636196961760083,1114.0417218543046,484.2869926004229,0.94980694980695,0.947393822393822,0.921332046332046,0.913127413127413,0.078033644476357,0.023746025233357,0.049081957123808,12.0,290.3,0.0,31,21,10,False,service,50s,a2_age_features_v1,update,4144.0,389.96,4,389.96,3936.0,3818.0,3926.0,3784.0,4144.0,4144.0,available,"available is preprocessing completeness, not validated detection readiness; no population cutoff calibrated"
2025-08-01T00:00:00.000,1123068,개포1동,12.406166730110392,4.883159497525695,22.373889110490627,8.844993553932103,774.7989418416802,355.2422566173172,0.954320517700799,0.942519984773506,0.885801294251998,0.848496383707651,0.049586776859504,0.01904078405867,0.068122946499658,12.0,290.3,0.0,31,21,10,False,service,60plus,a2_age_features_v1,update,5254.0,891.77,8,891.77,5014.0,4654.0,4952.0,4458.0,5254.0,5254.0,available,"available is preprocessing completeness, not validated detection readiness; no population cutoff calibrated"
2025-08-01T00:00:00.000,1123071,개포4동,7.594914782608696,3.865286956521739,23.312704977905707,9.571735606004031,778.1607533199841,396.71239325961193,0.961885217391304,0.953645217391304,0.931547826086956,0.923492173913044,0.097896231285493,0.068404749612803,0.066888229220444,12.0,290.3,0.0,31,21,10,False,service,20s,a2_age_features_v1,update,2875.0,309.92,4,309.92,2765.42,2678.2,2741.73,2655.04,2875.0,2875.0,available,"available is preprocessing completeness, not validated detection readiness; no population cutoff calibrated"
2025-08-01T00:00:00.000,1123071,개포4동,12.877967866706337,5.77386194584945,26.161443772788335,10.242678604713522,868.3301233707931,438.09968605727875,0.930258851532282,0.931148467717941,0.909851234751562,0.902894971734603,0.100707013574661,0.045970022624434,0.06685520361991,12.0,290.3,0.0,31,21,10,False,service,30s,a2_age_features_v1,update,3361.0,707.2,4,707.2,3126.6,3058.01,3129.59,3034.63,3361.0,3361.0,available,"available is preprocessing completeness, not validated detection readiness; no population cutoff calibrated"
2025-08-01T00:00:00.000,1123071,개포4동,16.230427083333336,6.745296875,25.500281214848144,10.300307781649245,903.5639257592801,437.39373160682754,0.926041666666667,0.926041666666667,0.896875,0.884895833333333,0.105541350227073,0.032343624775789,0.069056978208602,12.0,290.3,0.0,31,21,10,False,service,40s,a2_age_features_v1,update,3840.0,524.06,4,524.06,3556.0,3444.0,3556.0,3398.0,3840.0,3840.0,available,"available is preprocessing completeness, not validated detection readiness; no population cutoff calibrated"
2025-08-01T00:00:00.000,1123071,개포4동,16.39794397463002,6.134402748414376,25.831710153820406,9.727269386489375,923.5427661031792,457.32556482385314,0.947502642706131,0.94142177589852,0.911857822410148,0.893419661733615,0.077960441818649,0.035807860262009,0.060416131518109,12.0,290.3,0.0,31,21,10,False,service,50s,a2_age_features_v1,update,3784.0,389.3,4,389.3,3585.35,3450.4700000000003,3562.34,3380.7,3784.0,3784.0,available,"available is preprocessing completeness, not validated detection readiness; no population cutoff calibrated"
2025-08-01T00:00:00.000,1123071,개포4동,13.409837187789083,4.443352451433857,21.088451766288035,8.634051795153427,676.7163108660511,360.4015351649986,0.92449953746531,0.913350601295097,0.862431082331175,0.821132284921369,0.074089649446296,0.028154282448592,0.076343285996183,12.0,290.3,0.0,31,21,10,False,service,60plus,a2_age_features_v1,update,5405.0,927.39,8,927.39,4996.92,4661.4400000000005,4936.66,4438.22,5405.0,5405.0,available,"available is preprocessing completeness, not validated detection readiness; no population cutoff calibrated"
2025-08-01T00:00:00.000,1123072,일원본동,6.361522633744856,3.315621399176955,23.453620836709455,9.762200507806075,801.7650909199232,363.5732390635487,0.964979423868313,0.967024691358025,0.925469135802469,0.913526748971194,0.114704582289671,0.082658022690438,0.06416678945042,12.0,290.3,0.0,31,21,10,False,service,20s,a2_age_features_v1,update,2430.0,135.74,4,135.74,2344.9,2248.89,2349.87,2219.87,2430.0,2430.0,available,"available is preprocessing completeness, not validated detection readiness; no population cutoff calibrated"
2025-08-01T00:00:00.000,1123072,일원본동,11.475314917127074,5.237812154696132,25.90216986708948,10.59515082831112,910.8152779704227,473.13767012593155,0.940828729281768,0.95065561694291,0.910014732965009,0.901130755064457,0.106108712217424,0.070866141732283,0.076327152654305,12.0,290.3,0.0,31,21,10,False,service,30s,a2_age_features_v1,update,2715.0,157.48,4,157.48,2554.35,2470.69,2581.0299999999997,2446.5699999999997,2715.0,2715.0,available,"available is preprocessing completeness, not validated detection readiness; no population cutoff calibrated"
2025-08-01T00:00:00.000,1123072,일원본동,14.842687132043732,6.483549201009251,25.995485307212824,9.926486611265005,968.8942522123892,434.6834356113436,0.944491169049622,0.950378469301934,0.910849453322119,0.904541631623213,0.084826901745578,0.04985696771557,0.072216708506042,12.0,290.3,0.0,31,21,10,False,service,40s,a2_age_features_v1,update,4756.0,171.29,4,171.29,4492.0,4332.0,4520.0,4302.0,4756.0,4756.0,available,"available is preprocessing completeness, not validated detection readiness; no population cutoff calibrated"
2025-08-01T00:00:00.000,1123072,일원본동,15.0,5.977448478900882,27.417764039155077,10.054504552758438,1027.8927258647393,454.1289746357258,0.952404317958783,0.950441609421001,0.916094210009814,0.909224730127576,0.081710803085055,0.045736475918235,0.052370422307319,12.0,290.3,0.0,31,21,10,False,service,50s,a2_age_features_v1,update,4076.0,185.41,4,185.41,3882.0,3734.0,3874.0,3706.0,4076.0,4076.0,available,"available is preprocessing completeness, not validated detection readiness; no population cutoff calibrated"
2025-08-01T00:00:00.000,1123072,일원본동,12.183197857592942,4.353270321361059,21.964505169278958,8.731567527654319,773.5516367238016,363.6353114505016,0.949577819785759,0.939179269061122,0.887498424700693,0.862607120352867,0.062008416136068,0.031648637335037,0.107625195531957,12.0,290.3,0.0,31,21,10,False,service,60plus,a2_age_features_v1,update,6348.0,907.78,8,907.78,6027.92,5633.84,5961.91,5475.83,6348.0,6348.0,available,"available is preprocessing completeness, not validated detection readiness; no population cutoff calibrated"
2025-08-01T00:00:00.000,1123073,일원1동,7.389622988505747,3.864101149425288,22.406901188889584,9.409417718752794,789.0559806922985,395.22660964870437,0.955590804597701,0.959655172413793,0.925728735632184,0.91575632183908,0.107068669960674,0.078370474942019,0.08339215488555,12.0,290.3,0.0,31,21,10,False,service,20s,a2_age_features_v1,update,2175.0,495.85,4,495.85,2078.41,2013.46,2087.25,1991.77,2175.0,2175.0,available,"available is preprocessing completeness, not validated detection readiness; no population cutoff calibrated"
2025-08-01T00:00:00.000,1123073,일원1동,11.868965059708094,5.308005307386113,24.558838467162865,9.90883086832652,837.5719674137104,466.9929357536161,0.943635559486953,0.939770013268465,0.892636001769129,0.882755417956656,0.10973038753578,0.070891109473287,0.069554188163104,12.0,290.3,0.0,31,21,10,False,service,30s,a2_age_features_v1,update,2261.0,583.43,4,583.43,2133.56,2018.25,2124.82,1995.91,2261.0,2261.0,available,"available is preprocessing completeness, not validated detection readiness; no population cutoff calibrated"
2025-08-01T00:00:00.000,1123073,일원1동,14.009660876757652,5.93468982630273,24.486494303242768,9.343446379468379,890.1444881889763,424.67909348441924,0.943755169561621,0.945409429280397,0.902398676592225,0.875930521091812,0.093561540151867,0.049808335571453,0.118685450594526,12.0,290.3,0.0,31,21,10,False,service,40s,a2_age_features_v1,update,2418.0,409.57,4,409.57,2282.0,2182.0,2286.0,2118.0,2418.0,2418.0,available,"available is preprocessing completeness, not validated detection readiness; no population cutoff calibrated"
2025-08-01T00:00:00.000,1123073,일원1동,15.470868902439024,5.795331554878049,25.304761398806292,9.64316247133747,916.1280564347167,438.4077765840421,0.946909298780488,0.940407774390244,0.895819359756098,0.890346798780488,0.077107077529197,0.047108484592655,0.086309272548192,12.0,290.3,0.0,31,21,10,False,service,50s,a2_age_features_v1,update,2624.0,355.35,4,355.35,2484.69,2350.63,2467.63,2336.27,2624.0,2624.0,available,"available is preprocessing completeness, not validated detection readiness; no population cutoff calibrated"
2025-08-01T00:00:00.000,1123073,일원1동,11.970777713290772,3.937771329077191,19.104555894244402,7.968887445409461,604.0466744404503,336.91058218246013,0.913929193267557,0.891760495260205,0.823503579028826,0.774797833236603,0.084752467281699,0.050901094185797,0.112717228062648,12.0,290.3,0.0,31,21,10,False,service,60plus,a2_age_features_v1,update,5169.0,1491.52,8,1491.52,4724.1,4256.6900000000005,4609.51,4004.9300000000003,5169.0,5169.0,available,"available is preprocessing completeness, not validated detection readiness; no population cutoff calibrated"
2025-08-01T00:00:00.000,1123074,일원2동,6.362826362484157,3.470925221799746,22.737257926306768,9.39613227738281,733.1233278803459,387.3810164152341,0.976197718631179,0.976197718631179,0.93861216730038,0.915329531051965,0.0,0.0,0.0,12.0,290.3,0.0,31,21,10,True,service,20s,a2_age_features_v1,update,1578.0,126.13,4,126.13,1540.44,1481.13,1540.44,1444.3899999999999,1578.0,1578.0,review_required,"available is preprocessing completeness, not validated detection readiness; no population cutoff calibrated"
2025-08-01T00:00:00.000,1123074,일원2동,12.178331970564185,5.410245298446442,26.095599211306872,9.780046093936264,917.6107479851023,430.7361161889657,0.962085036794767,0.950605069501226,0.925977105478332,0.902187244480785,0.0,0.0,0.0,12.0,290.3,0.0,31,21,10,True,service,30s,a2_age_features_v1,update,2446.0,324.66,4,324.66,2353.26,2264.9399999999996,2325.18,2206.75,2446.0,2446.0,review_required,"available is preprocessing completeness, not validated detection readiness; no population cutoff calibrated"
2025-08-01T00:00:00.000,1123074,일원2동,14.170564578499613,6.220355761794277,25.95458283514864,9.656553543626165,952.1440361826187,411.5129519159007,0.944392884764114,0.943054911059552,0.906554524361949,0.906747873163186,0.0,0.0,0.0,12.0,290.3,0.0,31,21,10,True,service,40s,a2_age_features_v1,update,2586.0,222.92000000000002,4,222.92000000000002,2442.2,2344.35,2438.74,2344.85,2586.0,2586.0,review_required,"available is preprocessing completeness, not validated detection readiness; no population cutoff calibrated"
2025-08-01T00:00:00.000,1123074,일원2동,15.098366750208855,5.79031746031746,26.18415444899397,9.777739659008043,940.9434608072115,441.39842175345154,0.94874686716792,0.942527151211362,0.905020885547201,0.894047619047619,0.0,0.0,0.0,12.0,290.3,0.0,31,21,10,True,service,50s,a2_age_features_v1,update,2394.0,240.25,4,240.25,2271.3,2166.62,2256.41,2140.35,2394.0,2394.0,review_required,"available is preprocessing completeness, not validated detection readiness; no population cutoff calibrated"
2025-08-01T00:00:00.000,1123074,일원2동,11.711528480316694,3.98638442929404,19.753419239319832,8.10954603732371,631.4147970998491,331.7100129350135,0.915053881680229,0.896338244996701,0.833652957994282,0.783806905652078,0.0,0.0,0.0,12.0,290.3,0.0,31,21,10,True,service,60plus,a2_age_features_v1,update,4547.0,1478.04,8,1478.04,4160.75,3790.62,4075.65,3563.97,4547.0,4547.0,review_required,"available is preprocessing completeness, not validated detection readiness; no population cutoff calibrated"
2025-08-01T00:00:00.000,1123075,수서동,7.323461030383091,3.647133421400264,25.35847605254569,10.377563003655174,870.9011541964243,441.81861659906986,0.971413474240423,0.964603698811096,0.927007926023778,0.910350066050198,0.117328059206329,0.047275743269108,0.080579303304836,12.0,290.3,0.0,31,21,10,False,service,20s,a2_age_features_v1,update,1514.0,156.74,4,156.74,1470.72,1403.49,1460.41,1378.27,1514.0,1514.0,available,"available is preprocessing completeness, not validated detection readiness; no population cutoff calibrated"
2025-08-01T00:00:00.000,1123075,수서동,11.666398756660746,5.27851243339254,27.60006092492582,10.535700109502372,999.1400890118061,458.96900552213776,0.956247779751332,0.955328596802842,0.912411190053286,0.900621669626998,0.112876960193004,0.049095295536791,0.089414957780458,12.0,290.3,0.0,31,21,10,False,service,30s,a2_age_features_v1,update,2252.0,331.6,4,331.6,2153.47,2054.75,2151.4,2028.2,2252.0,2252.0,available,"available is preprocessing completeness, not validated detection readiness; no population cutoff calibrated"
2025-08-01T00:00:00.000,1123075,수서동,12.383574144486694,5.28660329531052,25.0644675574272,9.547022961263247,905.2987030311594,375.07035354614266,0.896875792141952,0.896894803548796,0.8395690747782,0.830621039290241,0.152159666368782,0.076526660708966,0.110664283586536,12.0,290.3,0.0,31,21,10,False,service,40s,a2_age_features_v1,update,1578.0,335.7,4,335.7,1415.27,1324.8400000000001,1415.3,1310.72,1578.0,1578.0,available,"available is preprocessing completeness, not validated detection readiness; no population cutoff calibrated"
2025-08-01T00:00:00.000,1123075,수서동,14.60126192541197,5.50387250650477,26.082608025479484,9.86378145173526,913.9521221114237,473.35717611651853,0.934037294015611,0.94542064180399,0.886040763226366,0.861656548135299,0.138327918285872,0.063133082754666,0.116243018835871,12.0,290.3,0.0,31,21,10,False,service,50s,a2_age_features_v1,update,2306.0,470.90999999999997,4,470.90999999999997,2153.89,2043.21,2180.1400000000003,1986.98,2306.0,2306.0,available,"available is preprocessing completeness, not validated detection readiness; no population cutoff calibrated"
2025-08-01T00:00:00.000,1123075,수서동,10.812014549045426,3.606008755760369,19.715020847017417,8.326278631086236,580.1170124818923,309.7531696885284,0.929606649111258,0.912315668202765,0.844578670177748,0.801161948650428,0.123096366508689,0.055184462410557,0.187380354985596,12.0,290.3,0.0,31,21,10,False,service,60plus,a2_age_features_v1,update,6076.0,2690.25,8,2690.25,5648.29,5131.66,5543.23,4867.86,6076.0,6076.0,available,"available is preprocessing completeness, not validated detection readiness; no population cutoff calibrated"
2025-08-01T00:00:00.000,1123076,세곡동,7.365998307952623,3.990520304568528,23.8835303389875,9.693295785186738,914.7276284853315,455.88614114036176,0.966099830795262,0.965795262267344,0.938445431472081,0.93719331641286,0.096764170624528,0.087942207821031,0.067923565182653,12.0,290.3,0.0,31,21,10,False,service,20s,a2_age_features_v1,update,4728.0,901.1600000000001,4,901.1600000000001,4567.719999999999,4436.97,4566.28,4431.05,4728.0,4728.0,available,"available is preprocessing completeness, not validated detection readiness; no population cutoff calibrated"
2025-08-01T00:00:00.000,1123076,세곡동,12.456515369146798,5.800616202240735,27.37182397526875,10.582677759686785,974.3003127235332,493.2108146849493,0.945063200229819,0.949806090203964,0.915711002585464,0.920883366848607,0.096794069869485,0.090364782692583,0.056544118104698,12.0,290.3,0.0,31,21,10,False,service,30s,a2_age_features_v1,update,6962.0,1606.71,4,1606.71,6579.53,6375.18,6612.549999999999,6411.1900000000005,6962.0,6962.0,available,"available is preprocessing completeness, not validated detection readiness; no population cutoff calibrated"
2025-08-01T00:00:00.000,1123076,세곡동,15.61513061120974,6.529546030940908,27.309052029419778,10.280388513513515,1042.702889671998,461.40627242152465,0.931016992137966,0.935582044128836,0.900836926198326,0.90489475019021,0.102360851785244,0.092120184652745,0.050642046300645,12.0,290.3,0.0,31,21,10,False,service,40s,a2_age_features_v1,update,7886.0,872.99,4,872.99,7342.0,7104.0,7378.0,7136.0,7886.0,7886.0,available,"available is preprocessing completeness, not validated detection readiness; no population cutoff calibrated"
2025-08-01T00:00:00.000,1123076,세곡동,16.489924278277332,5.813543145606562,27.633506250605354,10.176102524786115,1108.3584133726015,494.1666404411777,0.944663196087711,0.944874585896829,0.905363622022401,0.899083451648525,0.094808637186449,0.10413434186708,0.065118308766486,12.0,290.3,0.0,31,21,10,False,service,50s,a2_age_features_v1,update,6339.0,618.72,4,618.72,5988.22,5739.1,5989.5599999999995,5699.29,6339.0,6339.0,available,"available is preprocessing completeness, not validated detection readiness; no population cutoff calibrated"
2025-08-01T00:00:00.000,1123076,세곡동,12.297067516955158,3.945991497115092,21.4314741978147,8.715457911699303,748.2681408038703,354.8377929696504,0.903904241319972,0.899711509262071,0.826666666666667,0.81237878327766,0.085935585813078,0.149484716506573,0.124268077425033,12.0,290.3,0.0,31,21,10,False,service,60plus,a2_age_features_v1,update,9879.0,1999.87,8,1999.87,8929.67,8166.639999999999,8888.25,8025.49,9879.0,9879.0,available,"available is preprocessing completeness, not validated detection readiness; no population cutoff calibrated"
2025-08-01T00:00:00.000,1123077,압구정동,7.767172081829122,3.761111111111111,22.75453252558872,9.322721410596952,702.1665667466534,337.39389302313083,0.944857601283594,0.947809867629362,0.918154833533895,0.895860409145608,0.11035118354676,0.074262708575863,0.068393480791618,12.0,290.3,0.0,31,21,10,False,service,20s,a2_age_features_v1,update,2493.0,206.16,4,206.16,2355.5299999999997,2288.96,2362.89,2233.38,2493.0,2493.0,available,"available is preprocessing completeness, not validated detection readiness; no population cutoff calibrated"
2025-08-01T00:00:00.000,1123077,압구정동,13.69657485418017,6.077378483473753,23.67117898924148,9.84739596130221,765.4190450871585,408.0936560387899,0.896062864549579,0.892848347375243,0.844069993519119,0.834714841218406,0.140714821294676,0.074064817129051,0.078424838234886,12.0,290.3,0.0,31,21,10,False,service,30s,a2_age_features_v1,update,3086.0,360.09000000000003,4,360.09000000000003,2765.25,2604.8,2755.33,2575.9300000000003,3086.0,3086.0,available,"available is preprocessing completeness, not validated detection readiness; no population cutoff calibrated"
2025-08-01T00:00:00.000,1123077,압구정동,17.81814744801512,7.323497164461247,24.89917098494861,9.907381012477913,868.4859974634169,406.2882626080871,0.883621088006721,0.877725267800882,0.840468388993909,0.840453686200378,0.137629161882893,0.065241102181401,0.069804822043628,12.0,290.3,0.0,31,21,10,False,service,40s,a2_age_features_v1,update,4761.0,348.4,4,348.4,4206.92,4001.4700000000003,4178.85,4001.4,4761.0,4761.0,available,"available is preprocessing completeness, not validated detection readiness; no population cutoff calibrated"
2025-08-01T00:00:00.000,1123077,압구정동,16.039112970711297,6.65871129707113,25.859239280774553,9.925688651794374,922.0840353324035,430.62763861386145,0.907531380753138,0.9,0.862761506276151,0.845188284518828,0.124735729386892,0.05739437840086,0.062835753647801,12.0,290.3,0.0,31,21,10,False,service,50s,a2_age_features_v1,update,4780.0,288.53,4,288.53,4338.0,4124.0,4302.0,4040.0,4780.0,4780.0,available,"available is preprocessing completeness, not validated detection readiness; no population cutoff calibrated"
2025-08-01T00:00:00.000,1123077,압구정동,12.72717269856692,4.723140636385718,21.003272438443208,8.513265845070423,687.6584169363539,333.5200528771384,0.917415593879038,0.900655817342725,0.827787223706582,0.78090842846733,0.053741261828134,0.027938072345241,0.146688925094505,12.0,290.3,0.0,31,21,10,False,service,60plus,a2_age_features_v1,update,8234.0,1245.97,8,1245.97,7554.0,6816.0,7416.0,6430.0,8234.0,8234.0,available,"available is preprocessing completeness, not validated detection readiness; no population cutoff calibrated"
2025-08-01T00:00:00.000,1123078,청담동,8.897052408361104,3.998776128445925,22.444676164387086,9.420255320841258,736.6924671751426,383.9084425883885,0.942205392305362,0.946888821569221,0.914080581641927,0.898052105422599,0.111021368496831,0.06085719804049,0.081137077941461,12.0,290.3,0.0,31,21,10,False,service,20s,a2_age_features_v1,update,3301.0,569.53,4,569.53,3110.2200000000003,3017.38,3125.6800000000003,2964.4700000000003,3301.0,3301.0,available,"available is preprocessing completeness, not validated detection readiness; no population cutoff calibrated"
2025-08-01T00:00:00.000,1123078,청담동,14.736469879518072,6.271906024096386,24.22396553809584,10.271199448984303,785.9280809601561,419.4977814129037,0.916395180722892,0.909089156626506,0.876366265060241,0.867631325301205,0.129168538466685,0.074926163463101,0.065492291369966,12.0,290.3,0.0,31,21,10,False,service,30s,a2_age_features_v1,update,4150.0,1046.23,4,1046.23,3803.04,3636.92,3772.7200000000003,3600.67,4150.0,4150.0,available,"available is preprocessing completeness, not validated detection readiness; no population cutoff calibrated"
2025-08-01T00:00:00.000,1123078,청담동,17.625779883381924,7.194365889212826,24.22590210355987,9.931739316239318,814.9467006109979,423.63109470026063,0.900874635568513,0.894679300291545,0.852769679300292,0.838921282798834,0.128761136325433,0.074595601070639,0.060087668257108,12.0,290.3,0.0,31,21,10,False,service,40s,a2_age_features_v1,update,5488.0,773.37,4,773.37,4944.0,4680.0,4910.0,4604.0,5488.0,5488.0,available,"available is preprocessing completeness, not validated detection readiness; no population cutoff calibrated"
2025-08-01T00:00:00.000,1123078,청담동,16.792647412755716,6.44531889290012,25.89409209383145,10.29632521819017,975.0695623632386,468.7688218793828,0.923385479342158,0.916566385880465,0.873245086241476,0.858002406738869,0.121668323628272,0.058372390285471,0.06606542631255,12.0,290.3,0.0,31,21,10,False,service,50s,a2_age_features_v1,update,4986.0,422.46000000000004,4,422.46000000000004,4604.0,4354.0,4570.0,4278.0,4986.0,4986.0,available,"available is preprocessing completeness, not validated detection readiness; no population cutoff calibrated"
2025-08-01T00:00:00.000,1123078,청담동,13.606988732394365,4.743402816901408,21.656489586477512,8.953343070431679,722.4123466257669,356.89183791115636,0.933239436619718,0.91830985915493,0.867887323943662,0.830704225352113,0.058572416350172,0.044833702438096,0.144712449018449,12.0,290.3,0.0,31,21,10,False,service,60plus,a2_age_features_v1,update,7100.0,997.91,8,997.91,6626.0,6162.0,6520.0,5898.0,7100.0,7100.0,available,"available is preprocessing completeness, not validated detection readiness; no population cutoff calibrated"
2025-08-01T00:00:00.000,1123079,대치2동,5.927941970310392,3.402271704903284,20.834365416782006,8.64033243715194,737.1634379941487,362.40855834707685,0.950695006747638,0.940209176788124,0.92610661268556,0.898747188484031,0.122851867632439,0.067213463996591,0.06991194432609,12.0,290.3,0.0,31,21,10,False,service,20s,a2_age_features_v1,update,4446.0,281.64,4,281.64,4226.79,4117.47,4180.17,3995.83,4446.0,4446.0,available,"available is preprocessing completeness, not validated detection readiness; no population cutoff calibrated"
2025-08-01T00:00:00.000,1123079,대치2동,11.345752128666037,5.481362346263007,23.13744054320902,9.495701317609376,809.8327334406863,419.6505715785878,0.910296436455377,0.908691264585304,0.866414380321665,0.858880479344056,0.117928786359077,0.088064192577733,0.076805416248746,12.0,290.3,0.0,31,21,10,False,service,30s,a2_age_features_v1,update,3171.0,398.8,4,398.8,2886.55,2747.4,2881.46,2723.51,3171.0,3171.0,available,"available is preprocessing completeness, not validated detection readiness; no population cutoff calibrated"
2025-08-01T00:00:00.000,1123079,대치2동,16.943306312945225,7.306728076639647,24.915699468085105,9.07401400560224,945.7900639658848,395.06773708120386,0.923605993613363,0.921640874478015,0.876934414148858,0.865143699336772,0.098272905950738,0.061472839041526,0.068874670681219,12.0,290.3,0.0,31,21,10,False,service,40s,a2_age_features_v1,update,8142.0,239.13,4,239.13,7520.0,7140.0,7504.0,7044.0,8142.0,8142.0,available,"available is preprocessing completeness, not validated detection readiness; no population cutoff calibrated"
2025-08-01T00:00:00.000,1123079,대치2동,16.614719525350594,6.485312837108954,26.302538503300287,9.330993699283438,1041.7689191126826,449.2870600348122,0.943824163969795,0.936668015102481,0.897998921251348,0.876177184466019,0.095668777007336,0.053160486383278,0.047532911265199,12.0,290.3,0.0,31,21,10,False,service,50s,a2_age_features_v1,update,7416.0,99.51,4,99.51,6999.4,6659.5599999999995,6946.33,6497.73,7416.0,7416.0,available,"available is preprocessing completeness, not validated detection readiness; no population cutoff calibrated"
2025-08-01T00:00:00.000,1123079,대치2동,12.578021481062747,4.505228942905596,21.41133457670764,8.36241884439554,741.6939329393879,367.76704900060315,0.929895986433013,0.913966082532504,0.863097795364613,0.822938383267383,0.061687587168759,0.032719665271967,0.098465829846583,12.0,290.3,0.0,31,21,10,False,service,60plus,a2_age_features_v1,update,8845.0,717.0,8,717.0,8224.93,7634.1,8084.03,7278.889999999999,8845.0,8845.0,available,"available is preprocessing completeness, not validated detection readiness; no population cutoff calibrated"
2025-08-01T00:00:00.000,1123080,개포2동,5.968376916140668,3.360293056807936,23.121403461324142,9.50362773547862,755.5235571650888,363.331500757118,0.966886834986474,0.963288999098287,0.941523895401262,0.921521641118124,0.122668543562415,0.056558242421196,0.071037152481022,12.0,290.3,0.0,31,21,10,False,service,20s,a2_age_features_v1,update,4436.0,198.91,4,198.91,4289.110000000001,4176.6,4273.15,4087.8700000000003,4436.0,4436.0,available,"available is preprocessing completeness, not validated detection readiness; no population cutoff calibrated"
2025-08-01T00:00:00.000,1123080,개포2동,11.782514905149052,5.568728093947606,26.524535713601264,10.357366778202113,879.4785143389227,447.08378807641986,0.942710027100271,0.942973803071364,0.916823848238482,0.910010840108401,0.094407444576225,0.055177447313201,0.073752394854484,12.0,290.3,0.0,31,21,10,False,service,30s,a2_age_features_v1,update,5535.0,548.05,4,548.05,5217.9,5074.62,5219.360000000001,5036.91,5535.0,5535.0,available,"available is preprocessing completeness, not validated detection readiness; no population cutoff calibrated"
2025-08-01T00:00:00.000,1123080,개포2동,15.790972359328727,6.875984698914116,26.83233803552769,9.974449516648765,978.7015224191865,431.6852772518258,0.94471865745311,0.946692991115498,0.919052319842053,0.912388943731491,0.093639811691158,0.041931118607887,0.070825471248594,12.0,290.3,0.0,31,21,10,False,service,40s,a2_age_features_v1,update,8104.0,524.6700000000001,4,524.6700000000001,7656.0,7448.0,7672.0,7394.0,8104.0,8104.0,available,"available is preprocessing completeness, not validated detection readiness; no population cutoff calibrated"
2025-08-01T00:00:00.000,1123080,개포2동,15.495755549612195,6.143351163412676,27.672051425377308,9.95067481093659,1061.1044456886898,459.21073292289645,0.956940358384595,0.955335651243648,0.919497191762503,0.912276009628243,0.082583760941745,0.032961062481135,0.054844551765771,12.0,290.3,0.0,31,21,10,False,service,50s,a2_age_features_v1,update,7478.0,331.3,4,331.3,7156.0,6876.0,7144.0,6822.0,7478.0,7478.0,available,"available is preprocessing completeness, not validated detection readiness; no population cutoff calibrated"
2025-08-01T00:00:00.000,1123080,개포2동,12.441973122866894,4.489210750853242,22.158454279937093,8.61834890965732,734.9945345413364,349.8308633824276,0.949445392491468,0.941766211604096,0.890145051194539,0.840017064846416,0.064588325127044,0.01952394744464,0.097079965243951,12.0,290.3,0.0,31,21,10,False,service,60plus,a2_age_features_v1,update,9376.0,1519.1599999999999,8,1519.1599999999999,8902.0,8346.0,8830.0,7876.0,9376.0,9376.0,available,"available is preprocessing completeness, not validated detection readiness; no population cutoff calibrated"
2025-09-01T00:00:00.000,1123051,신사동,8.395977988994497,4.093761880940471,34.09815731123819,13.813205525000518,1077.1894657401028,539.3143141571995,0.985927963981991,0.987653826913457,0.956858429214607,0.952006003001501,0.100742532955114,0.073252127482062,0.07356499249124,13.0,370.7,0.0,30,22,8,False,service,20s,a2_age_features_v1,update,1999.0,479.44000000000005,4,479.44000000000005,1970.87,1912.76,1974.32,1903.06,1999.0,1999.0,available,"available is preprocessing completeness, not validated detection readiness; no population cutoff calibrated"
2025-09-01T00:00:00.000,1123051,신사동,13.818884615384613,6.038320512820513,33.59328893371195,13.482157185297943,1031.2832966997191,553.8514891307508,0.919517094017094,0.918854700854701,0.870277777777778,0.881888888888889,0.140605662993723,0.110039214516826,0.089507507417955,13.0,370.7,0.0,30,22,8,False,service,30s,a2_age_features_v1,update,2340.0,670.6700000000001,4,670.6700000000001,2151.67,2036.4499999999998,2150.12,2063.62,2340.0,2340.0,available,"available is preprocessing completeness, not validated detection readiness; no population cutoff calibrated"
2025-09-01T00:00:00.000,1123051,신사동,16.357832973362132,7.14056875449964,34.09927300672124,13.194074376509818,1181.2729596318932,548.0425382528998,0.904046076313895,0.896537077033837,0.846393088552916,0.840104391648668,0.143814369028415,0.116050378458866,0.089899491252016,13.0,370.7,0.0,30,22,8,False,service,40s,a2_age_features_v1,update,2778.0,322.36,4,322.36,2511.44,2351.2799999999997,2490.58,2333.81,2778.0,2778.0,available,"available is preprocessing completeness, not validated detection readiness; no population cutoff calibrated"
2025-09-01T00:00:00.000,1123051,신사동,16.158402826855124,6.479031802120143,37.7401757066463,13.661180274858529,1378.2648924731182,590.6060330578513,0.925088339222615,0.920141342756184,0.874204946996466,0.855123674911661,0.14245617065377,0.084463252439762,0.070126953968391,13.0,370.7,0.0,30,22,8,False,service,50s,a2_age_features_v1,update,2830.0,231.57999999999998,4,231.57999999999998,2618.0,2474.0,2604.0,2420.0,2830.0,2830.0,available,"available is preprocessing completeness, not validated detection readiness; no population cutoff calibrated"
2025-09-01T00:00:00.000,1123051,신사동,13.07370685791125,4.763173464813985,30.58958515252656,11.702107330871376,1010.8224666072805,469.003833651881,0.941411922904527,0.933399820708203,0.884215598386374,0.845434782608696,0.062738814248737,0.045030609310161,0.133201857101771,13.0,370.7,0.0,30,22,8,False,service,60plus,a2_age_features_v1,update,4462.0,730.1700000000001,8,730.1700000000001,4200.58,3945.37,4164.83,3772.33,4462.0,4462.0,available,"available is preprocessing completeness, not validated detection readiness; no population cutoff calibrated"
2025-09-01T00:00:00.000,1123052,논현1동,10.956786914631413,5.328319516020614,32.108339940615835,13.233690041555006,1063.7303816461563,594.5494695867602,0.96365897378445,0.962433340802151,0.941442975576966,0.93336768989469,0.085057268333591,0.092684218656898,0.111831041864366,13.0,370.7,0.0,30,22,8,False,service,20s,a2_age_features_v1,update,4463.0,2265.65,4,2265.65,4300.8099999999995,4201.66,4295.34,4165.62,4463.0,4463.0,available,"available is preprocessing completeness, not validated detection readiness; no population cutoff calibrated"
2025-09-01T00:00:00.000,1123052,논현1동,14.141940375667756,6.212948474926762,32.26048972997581,12.63217615168295,1037.5924264685482,586.6064224348692,0.93117180768568,0.931737032569361,0.891599172841634,0.877551266586248,0.113046617351028,0.121848173914108,0.063865587351701,13.0,370.7,0.0,30,22,8,False,service,30s,a2_age_features_v1,update,5803.0,3268.74,4,3268.74,5403.59,5173.95,5406.87,5092.43,5803.0,5803.0,available,"available is preprocessing completeness, not validated detection readiness; no population cutoff calibrated"
2025-09-01T00:00:00.000,1123052,논현1동,15.750649405772496,6.441218166383702,30.7074569967457,11.754269326683293,1062.4292917448406,556.6518352821556,0.912988115449915,0.904923599320883,0.851018675721562,0.834889643463498,0.137784710077568,0.146696916702116,0.061492650186699,13.0,370.7,0.0,30,22,8,False,service,40s,a2_age_features_v1,update,4712.0,1904.13,4,1904.13,4302.0,4010.0,4264.0,3934.0,4712.0,4712.0,available,"available is preprocessing completeness, not validated detection readiness; no population cutoff calibrated"
2025-09-01T00:00:00.000,1123052,논현1동,16.378048780487802,6.291093153100205,32.562723930977896,12.368104031644823,1192.9479700518632,555.9705423455418,0.909732588892154,0.904296209227153,0.842439024390244,0.830731707317073,0.145216374269006,0.121356725146199,0.079345029239766,13.0,370.7,0.0,30,22,8,False,service,50s,a2_age_features_v1,update,3403.0,641.25,4,641.25,3095.82,2866.8199999999997,3077.32,2826.98,3403.0,3403.0,available,"available is preprocessing completeness, not validated detection readiness; no population cutoff calibrated"
2025-09-01T00:00:00.000,1123052,논현1동,13.692762430939226,4.681704522201759,26.683730569490766,10.685369668655627,880.1353041756903,448.845478087748,0.927131164313485,0.912744014732965,0.853218743605484,0.826351544915081,0.108198627103632,0.094036020076764,0.098649247121346,13.0,370.7,0.0,30,22,8,False,service,60plus,a2_age_features_v1,update,4887.0,1083.84,8,1083.84,4530.89,4169.68,4460.58,4038.38,4887.0,4887.0,available,"available is preprocessing completeness, not validated detection readiness; no population cutoff calibrated"
2025-09-01T00:00:00.000,1123053,논현2동,9.830174488567991,4.683935018050542,33.32930967276758,13.727198937359999,1122.3151246250875,612.7657925373612,0.955484356197352,0.956901323706378,0.938787605294825,0.940102286401925,0.100158100107643,0.086442074811625,0.084104211517761,13.0,370.7,0.0,30,22,8,False,service,20s,a2_age_features_v1,update,3324.0,1189.12,4,1189.12,3176.03,3120.5299999999997,3180.74,3124.9,3324.0,3324.0,available,"available is preprocessing completeness, not validated detection readiness; no population cutoff calibrated"
2025-09-01T00:00:00.000,1123053,논현2동,14.591167032967032,6.318384615384615,32.88913257343416,13.394472022959054,1037.2388353884285,613.6464597958793,0.92801978021978,0.930235164835165,0.893707692307692,0.884415384615384,0.134878468954934,0.096143916692001,0.054325848931868,13.0,370.7,0.0,30,22,8,False,service,30s,a2_age_features_v1,update,4550.0,2072.31,4,2072.31,4222.49,4066.37,4232.57,4024.0899999999997,4550.0,4550.0,available,"available is preprocessing completeness, not validated detection readiness; no population cutoff calibrated"
2025-09-01T00:00:00.000,1123053,논현2동,17.179947111472742,7.047302685109845,32.59191629955947,12.894887111947318,1102.9133702882482,564.7960551330799,0.923515052888527,0.917412530512612,0.86493083807974,0.855980471928397,0.128205756677043,0.118442445484775,0.064519555217857,13.0,370.7,0.0,30,22,8,False,service,40s,a2_age_features_v1,update,4916.0,1223.97,4,1223.97,4540.0,4252.0,4510.0,4208.0,4916.0,4916.0,available,"available is preprocessing completeness, not validated detection readiness; no population cutoff calibrated"
2025-09-01T00:00:00.000,1123053,논현2동,17.630025012506255,6.650890445222612,35.31408940397351,13.17006380510441,1271.5062341247929,601.705343915344,0.906453226613307,0.905952976488244,0.862431215607804,0.850925462731366,0.154893507259194,0.098293905225146,0.072628786203847,13.0,370.7,0.0,30,22,8,False,service,50s,a2_age_features_v1,update,3998.0,542.76,4,542.76,3624.0,3448.0,3622.0,3402.0,3998.0,3998.0,available,"available is preprocessing completeness, not validated detection readiness; no population cutoff calibrated"
2025-09-01T00:00:00.000,1123053,논현2동,13.703620534912941,4.799290971100341,28.584279283474594,11.085168413506137,913.9024692109161,434.8217898377705,0.925105008077544,0.914584455214504,0.868815293484114,0.84124394184168,0.083816515477415,0.063172168708501,0.110972131300851,13.0,370.7,0.0,30,22,8,False,service,60plus,a2_age_features_v1,update,5571.0,855.44,8,855.44,5153.76,4840.17,5095.15,4686.57,5571.0,5571.0,available,"available is preprocessing completeness, not validated detection readiness; no population cutoff calibrated"
2025-09-01T00:00:00.000,1123058,삼성1동,8.603443509615385,4.259104567307692,36.41320441852572,14.378608163601045,1171.921378205723,572.6665553979072,0.973828125,0.971772836538462,0.949777644230769,0.948774038461538,0.117598684210526,0.074496904024768,0.096797600619195,13.0,370.7,0.0,30,22,8,False,service,20s,a2_age_features_v1,update,1664.0,206.72,4,206.72,1620.45,1580.43,1617.03,1578.76,1664.0,1664.0,available,"available is preprocessing completeness, not validated detection readiness; no population cutoff calibrated"
2025-09-01T00:00:00.000,1123058,삼성1동,13.636978646069968,5.975820081781008,36.42957625504778,14.652324606839253,1177.409048942434,600.0556001826361,0.930454338936847,0.936760563380282,0.872771467514766,0.875661063153112,0.147575655304309,0.099921250984363,0.065294183822702,13.0,370.7,0.0,30,22,8,False,service,30s,a2_age_features_v1,update,2201.0,444.45,4,444.45,2047.93,1920.97,2061.81,1927.33,2201.0,2201.0,available,"available is preprocessing completeness, not validated detection readiness; no population cutoff calibrated"
2025-09-01T00:00:00.000,1123058,삼성1동,16.615388813096864,6.889427012278308,36.77124444444444,14.43785319652723,1281.9543943870012,615.4710576164167,0.92087312414734,0.923601637107776,0.864256480218281,0.864256480218281,0.159034034034034,0.098004254254254,0.077827827827828,13.0,370.7,0.0,30,22,8,False,service,40s,a2_age_features_v1,update,2932.0,319.68,4,319.68,2700.0,2534.0,2708.0,2534.0,2932.0,2932.0,available,"available is preprocessing completeness, not validated detection readiness; no population cutoff calibrated"
2025-09-01T00:00:00.000,1123058,삼성1동,17.137111959287534,6.45602417302799,39.93790729379687,14.552160804020101,1510.9757471264368,673.6094664744053,0.933206106870229,0.940839694656488,0.886132315521628,0.882315521628499,0.141331142152835,0.071989409294257,0.086369031315621,13.0,370.7,0.0,30,22,8,False,service,50s,a2_age_features_v1,update,3144.0,219.06,4,219.06,2934.0,2786.0,2958.0,2774.0,3144.0,3144.0,available,"available is preprocessing completeness, not validated detection readiness; no population cutoff calibrated"
2025-09-01T00:00:00.000,1123058,삼성1동,13.659338322174083,4.821425758172509,33.159425478767695,12.509478756022776,1111.3390388633513,489.492860986547,0.946041748719968,0.942497046081134,0.899172902717605,0.87829854273336,0.06633504544939,0.064909182235041,0.138859633488342,13.0,370.7,0.0,30,22,8,False,service,60plus,a2_age_features_v1,update,5078.0,617.17,8,617.17,4804.0,4566.0,4786.0,4460.0,5078.0,5078.0,available,"available is preprocessing completeness, not validated detection readiness; no population cutoff calibrated"
2025-09-01T00:00:00.000,1123059,삼성2동,8.256562587120156,4.258530805687204,34.225689968920065,13.125269902545847,1075.1376263316113,550.1784573741039,0.965163088932255,0.965405631446892,0.944594368553108,0.934145525508782,0.114007167182318,0.088855254078839,0.078672068021457,13.0,370.7,0.0,30,22,8,False,service,20s,a2_age_features_v1,update,3587.0,898.54,4,898.54,3462.04,3388.26,3462.91,3350.78,3587.0,3587.0,available,"available is preprocessing completeness, not validated detection readiness; no population cutoff calibrated"
2025-09-01T00:00:00.000,1123059,삼성2동,14.228650380456548,6.202889467360833,33.99217618681603,13.341151335626197,1100.739322821682,620.4368465586604,0.943063676411694,0.948658390068082,0.906505806968362,0.901399679615539,0.105243030574082,0.099597487701013,0.055936894368069,13.0,370.7,0.0,30,22,8,False,service,30s,a2_age_features_v1,update,4994.0,1542.81,4,1542.81,4709.66,4527.09,4737.6,4501.59,4994.0,4994.0,available,"available is preprocessing completeness, not validated detection readiness; no population cutoff calibrated"
2025-09-01T00:00:00.000,1123059,삼성2동,17.105170454545455,7.113755980861243,34.39390775144138,12.80177236315087,1253.2879232,588.9390120562625,0.933612440191388,0.93450956937799,0.895933014354067,0.892942583732057,0.108418691761659,0.089874910402553,0.058313487017041,13.0,370.7,0.0,30,22,8,False,service,40s,a2_age_features_v1,update,6688.0,864.98,4,864.98,6244.0,5992.0,6250.0,5972.0,6688.0,6688.0,available,"available is preprocessing completeness, not validated detection readiness; no population cutoff calibrated"
2025-09-01T00:00:00.000,1123059,삼성2동,16.657315581144296,6.480201511335013,36.48921934501142,13.005223820943245,1414.565538579068,627.0123583768582,0.944944224541202,0.942065491183879,0.900323857502699,0.895645915797049,0.107632714147372,0.071344308477859,0.056924025002201,13.0,370.7,0.0,30,22,8,False,service,50s,a2_age_features_v1,update,5558.0,567.95,4,567.95,5252.0,5004.0,5236.0,4978.0,5558.0,5558.0,available,"available is preprocessing completeness, not validated detection readiness; no population cutoff calibrated"
2025-09-01T00:00:00.000,1123059,삼성2동,13.012002042900919,4.602420837589377,28.786554860457624,10.980572136677964,1010.35609451186,480.89533382353244,0.935313244807627,0.928736806264896,0.87100102145046,0.842759618658495,0.077765309939134,0.072823512076802,0.108708218572546,13.0,370.7,0.0,30,22,8,False,service,60plus,a2_age_features_v1,update,5874.0,882.27,8,882.27,5494.03,5116.26,5455.4,4950.37,5874.0,5874.0,available,"available is preprocessing completeness, not validated detection readiness; no population cutoff calibrated"
2025-09-01T00:00:00.000,1123060,대치1동,5.859400630914826,3.280042060988433,33.29027049483013,12.55997118252374,1087.8821963026471,455.55325622168345,0.968159831756046,0.953590956887487,0.93959516298633,0.908638275499474,0.146300914380715,0.12069825436409,0.065669160432253,13.0,370.7,0.0,30,22,8,False,service,20s,a2_age_features_v1,update,1902.0,60.150000000000006,4,60.150000000000006,1841.44,1787.1100000000001,1813.73,1728.23,1902.0,1902.0,available,"available is preprocessing completeness, not validated detection readiness; no population cutoff calibrated"
2025-09-01T00:00:00.000,1123060,대치1동,12.490996677740862,5.981428571428571,36.20180143196405,14.356364521879765,1158.661882950071,569.25749517334,0.940789036544851,0.93437707641196,0.903837209302326,0.890506644518272,0.113815050542868,0.091476350929739,0.080494196929989,13.0,370.7,0.0,30,22,8,False,service,30s,a2_age_features_v1,update,1204.0,80.13,4,80.13,1132.71,1088.22,1124.99,1072.17,1204.0,1204.0,available,"available is preprocessing completeness, not validated detection readiness; no population cutoff calibrated"
2025-09-01T00:00:00.000,1123060,대치1동,17.849055632548012,7.961045337556919,38.988258177919256,13.247917599699704,1464.8235613849254,567.7035430854955,0.947244110077212,0.953217184715898,0.917723223124134,0.914555533557711,0.108175182481752,0.061751824817518,0.082481751824818,13.0,370.7,0.0,30,22,8,False,service,40s,a2_age_features_v1,update,5051.0,68.5,4,68.5,4784.53,4635.42,4814.7,4619.42,5051.0,5051.0,available,"available is preprocessing completeness, not validated detection readiness; no population cutoff calibrated"
2025-09-01T00:00:00.000,1123060,대치1동,16.06698945349952,6.76647171620326,41.06274786109714,13.798581818181818,1601.5186459378133,644.7302941176472,0.952540747842761,0.955896452540748,0.922818791946309,0.912751677852349,0.088454011741683,0.056490541422048,0.067058056099152,13.0,370.7,0.0,30,22,8,False,service,50s,a2_age_features_v1,update,4172.0,76.65,4,76.65,3974.0,3850.0,3988.0,3808.0,4172.0,4172.0,available,"available is preprocessing completeness, not validated detection readiness; no population cutoff calibrated"
2025-09-01T00:00:00.000,1123060,대치1동,12.47594391587381,4.772889334001001,32.649281075776244,11.744385096201885,1162.8024673966715,499.4050112305772,0.959258888332499,0.948219829744617,0.902063094641963,0.868355032548823,0.047611420333961,0.021943699195131,0.10851719857446,13.0,370.7,0.0,30,22,8,False,service,60plus,a2_age_features_v1,update,3994.0,249.73,8,249.73,3831.2799999999997,3602.84,3787.19,3468.21,3994.0,3994.0,available,"available is preprocessing completeness, not validated detection readiness; no population cutoff calibrated"
2025-09-01T00:00:00.000,1123063,대치4동,7.919174078780178,4.363097204574333,29.066039394876604,11.676722015255137,936.3037752606382,522.2877096755064,0.955206480304956,0.944253494282084,0.934548919949174,0.910714739517154,0.112127320954907,0.11236074270557,0.070153846153846,13.0,370.7,0.0,30,22,8,False,service,20s,a2_age_features_v1,update,3148.0,942.5,4,942.5,3006.99,2941.96,2972.51,2866.9300000000003,3148.0,3148.0,available,"available is preprocessing completeness, not validated detection readiness; no population cutoff calibrated"
2025-09-01T00:00:00.000,1123063,대치4동,13.671775320139698,6.398961001164145,31.04593016596322,12.501802887546509,975.4619190153575,579.0175062095714,0.935029103608847,0.925742142025611,0.883122817229336,0.876449359720605,0.117091226265292,0.109481582537517,0.060893923467448,13.0,370.7,0.0,30,22,8,False,service,30s,a2_age_features_v1,update,3436.0,1788.52,4,1788.52,3212.76,3034.41,3180.85,3011.48,3436.0,3436.0,available,"available is preprocessing completeness, not validated detection readiness; no population cutoff calibrated"
2025-09-01T00:00:00.000,1123063,대치4동,16.621678383128295,7.098163444639719,31.52005673758865,11.515283208020051,1189.3163115530301,562.2354712175242,0.929261862917399,0.927943760984183,0.876537785588752,0.862478031634446,0.115184938846395,0.117716069910949,0.058668662010864,13.0,370.7,0.0,30,22,8,False,service,40s,a2_age_features_v1,update,4552.0,1082.52,4,1082.52,4230.0,3990.0,4224.0,3926.0,4552.0,4552.0,available,"available is preprocessing completeness, not validated detection readiness; no population cutoff calibrated"
2025-09-01T00:00:00.000,1123063,대치4동,17.184575493345573,6.616319412574575,34.03494117647059,12.070536737884312,1347.8006004962779,607.6542420996251,0.93620927030748,0.924736117485085,0.880679210647086,0.856815052776503,0.126305558301209,0.097031399294916,0.075961253335969,13.0,370.7,0.0,30,22,8,False,service,50s,a2_age_features_v1,update,4358.0,607.02,4,607.02,4080.0,3838.0,4030.0,3734.0,4358.0,4358.0,available,"available is preprocessing completeness, not validated detection readiness; no population cutoff calibrated"
2025-09-01T00:00:00.000,1123063,대치4동,13.814091295718741,4.615619506662886,27.215037400831132,10.555675730665984,929.7412265124412,450.5381106580451,0.938120215480578,0.917726112843776,0.863969379075702,0.830918627728948,0.079075877430962,0.075491903932376,0.084330468058372,13.0,370.7,0.0,30,22,8,False,service,60plus,a2_age_features_v1,update,3527.0,700.34,8,700.34,3308.75,3047.2200000000003,3236.8199999999997,2930.65,3527.0,3527.0,available,"available is preprocessing completeness, not validated detection readiness; no population cutoff calibrated"
2025-09-01T00:00:00.000,1123064,역삼1동,10.39966405066777,5.151606774060306,31.794587582158126,13.111195629230606,1113.8843557868954,642.2376177737302,0.97094175960347,0.966804350819221,0.952342007434944,0.943399421726559,0.077274617773561,0.082240635172055,0.105982382343492,13.0,370.7,0.0,30,22,8,False,service,20s,a2_age_features_v1,update,7263.0,4015.29,4,4015.29,7051.95,6916.86,7021.9,6851.91,7263.0,7263.0,available,"available is preprocessing completeness, not validated detection readiness; no population cutoff calibrated"
2025-09-01T00:00:00.000,1123064,역삼1동,13.887036891679749,6.222093799058084,31.42359806988986,12.769549082325954,1072.9910403589058,630.9921027839172,0.928237833594976,0.92641581632653,0.88956043956044,0.878983516483516,0.116969106992169,0.130297519007885,0.067973351628613,13.0,370.7,0.0,30,22,8,False,service,30s,a2_age_features_v1,update,10192.0,7098.37,4,7098.37,9460.6,9066.4,9442.03,8958.6,10192.0,10192.0,available,"available is preprocessing completeness, not validated detection readiness; no population cutoff calibrated"
2025-09-01T00:00:00.000,1123064,역삼1동,16.66084114285714,6.82816,30.421622983870968,11.956433813536288,1117.7853635672664,579.5904578047436,0.906971428571428,0.902171428571429,0.840914285714286,0.8288,0.137183640146428,0.157929137308137,0.079266234279271,13.0,370.7,0.0,30,22,8,False,service,40s,a2_age_features_v1,update,8750.0,4176.81,4,4176.81,7936.0,7358.0,7894.0,7252.0,8750.0,8750.0,available,"available is preprocessing completeness, not validated detection readiness; no population cutoff calibrated"
2025-09-01T00:00:00.000,1123064,역삼1동,17.355003408316293,6.329846625766871,32.39087187263078,12.631931174089068,1288.5612937595129,633.9791570247934,0.899113837764144,0.895705521472393,0.841854124062713,0.824812542603954,0.171788171213576,0.13108637816224,0.084992837240055,13.0,370.7,0.0,30,22,8,False,service,50s,a2_age_features_v1,update,5868.0,1270.46,4,1270.46,5276.0,4940.0,5256.0,4840.0,5868.0,5868.0,available,"available is preprocessing completeness, not validated detection readiness; no population cutoff calibrated"
2025-09-01T00:00:00.000,1123064,역삼1동,14.448285551276564,4.835370132648695,28.186503103979025,11.458960566051399,978.9768505470972,507.6020940805651,0.918344030808729,0.907135929254029,0.846850663243475,0.81725431464841,0.0998825313136,0.10251191760801,0.12999412656568,13.0,370.7,0.0,30,22,8,False,service,60plus,a2_age_features_v1,update,7011.0,1464.22,8,1464.22,6438.51,5937.27,6359.93,5729.77,7011.0,7011.0,available,"available is preprocessing completeness, not validated detection readiness; no population cutoff calibrated"
2025-09-01T00:00:00.000,1123065,역삼2동,8.477151787946989,4.31038509627407,32.79888066322638,13.15542283340086,1122.2128915182757,571.5366357804703,0.966729182295574,0.960540135033758,0.944313578394599,0.926211552888222,0.099918699841424,0.099677214221893,0.070956524538964,13.0,370.7,0.0,30,22,8,False,service,20s,a2_age_features_v1,update,3999.0,1242.31,4,1242.31,3865.95,3776.31,3841.2,3703.92,3999.0,3999.0,available,"available is preprocessing completeness, not validated detection readiness; no population cutoff calibrated"
2025-09-01T00:00:00.000,1123065,역삼2동,13.36254385964912,6.08304625199362,33.27438910474374,13.210999348539978,1073.0948619219641,620.888895022194,0.936933811802233,0.931562998405104,0.899708931419458,0.892438197767145,0.105500046044755,0.109189382079381,0.065377797218897,13.0,370.7,0.0,30,22,8,False,service,30s,a2_age_features_v1,update,5016.0,1737.44,4,1737.44,4699.66,4512.9400000000005,4672.72,4476.47,5016.0,5016.0,available,"available is preprocessing completeness, not validated detection readiness; no population cutoff calibrated"
2025-09-01T00:00:00.000,1123065,역삼2동,16.443908935685826,6.953439954467843,35.19165185849757,12.37391155730608,1269.4408858529735,555.0366230021731,0.943963574274331,0.946696642003415,0.909791690381332,0.904084234490609,0.107859641582196,0.101316904855714,0.058072758097831,13.0,370.7,0.0,30,22,8,False,service,40s,a2_age_features_v1,update,8785.0,837.5699999999999,4,837.5699999999999,8292.720000000001,7992.52,8316.73,7942.38,8785.0,8785.0,available,"available is preprocessing completeness, not validated detection readiness; no population cutoff calibrated"
2025-09-01T00:00:00.000,1123065,역삼2동,16.165501315404853,6.363443437591346,37.52958359037631,12.812367149758455,1397.963324091189,591.947564935065,0.947676118094124,0.948845366851798,0.907629348143818,0.90032154340836,0.10618963794662,0.093581997240592,0.058122016588166,13.0,370.7,0.0,30,22,8,False,service,50s,a2_age_features_v1,update,6842.0,630.57,4,630.57,6484.0,6210.0,6492.0,6160.0,6842.0,6842.0,available,"available is preprocessing completeness, not validated detection readiness; no population cutoff calibrated"
2025-09-01T00:00:00.000,1123065,역삼2동,12.727220362867714,4.419811520169104,28.083593838917924,10.88001044215956,955.7935314760247,471.7455282830773,0.93480007045975,0.92059186189889,0.868756385414832,0.835777699489167,0.074311412072618,0.080356030077687,0.078039965103236,13.0,370.7,0.0,30,22,8,False,service,60plus,a2_age_features_v1,update,5677.0,962.8399999999999,8,962.8399999999999,5306.86,4931.93,5226.2,4744.71,5677.0,5677.0,available,"available is preprocessing completeness, not validated detection readiness; no population cutoff calibrated"
2025-09-01T00:00:00.000,1123066,도곡1동,7.477491563554556,3.92339707536558,35.18009380704417,13.543314949990743,1202.9042018362038,560.3700387308913,0.975684289463817,0.974443194600675,0.95182977127859,0.948736407949006,0.10664345642372,0.056760458877918,0.095884938074311,13.0,370.7,0.0,30,22,8,False,service,20s,a2_age_features_v1,update,2667.0,350.42,4,350.42,2602.15,2538.53,2598.84,2530.28,2667.0,2667.0,available,"available is preprocessing completeness, not validated detection readiness; no population cutoff calibrated"
2025-09-01T00:00:00.000,1123066,도곡1동,12.339449894884373,5.698058864751227,39.2068699875997,14.428337018006617,1433.1854767487876,636.9386445494748,0.955059565522074,0.956313945339874,0.919229152067274,0.922228451296426,0.109590214486398,0.053141917357637,0.079901322551908,13.0,370.7,0.0,30,22,8,False,service,30s,a2_age_features_v1,update,2854.0,583.72,4,583.72,2725.74,2623.48,2729.3199999999997,2632.04,2854.0,2854.0,available,"available is preprocessing completeness, not validated detection readiness; no population cutoff calibrated"
2025-09-01T00:00:00.000,1123066,도곡1동,15.767394599715775,6.917437233538607,38.05930220883534,13.340556133056134,1437.7396506986029,564.3264274651523,0.943628612032212,0.94931312174325,0.911416390336334,0.917574609189957,0.100557729126779,0.048780487804878,0.074918837925581,13.0,370.7,0.0,30,22,8,False,service,40s,a2_age_features_v1,update,4222.0,360.39,4,360.39,3984.0,3848.0,4008.0,3874.0,4222.0,4222.0,available,"available is preprocessing completeness, not validated detection readiness; no population cutoff calibrated"
2025-09-01T00:00:00.000,1123066,도곡1동,15.510292190060078,6.293487165483342,39.4413693730812,13.676323372449538,1476.6047283008747,611.3290716012193,0.954404696886947,0.957121791370836,0.923601856908793,0.917378481703987,0.099341076613804,0.053607326334599,0.055505919142283,13.0,370.7,0.0,30,22,8,False,service,50s,a2_age_features_v1,update,3662.0,179.07999999999998,4,179.07999999999998,3495.0299999999997,3382.23,3504.98,3359.44,3662.0,3662.0,available,"available is preprocessing completeness, not validated detection readiness; no population cutoff calibrated"
2025-09-01T00:00:00.000,1123066,도곡1동,13.166857685009488,4.701582542694498,30.496906310520686,11.495040036297333,1071.5380307318565,458.6803128307149,0.962159392789374,0.956056925996205,0.903354838709678,0.880373814041746,0.060046934059438,0.042061515862637,0.07685004388872,13.0,370.7,0.0,30,22,8,False,service,60plus,a2_age_features_v1,update,5270.0,558.23,8,558.23,5070.58,4760.68,5038.42,4639.57,5270.0,5270.0,available,"available is preprocessing completeness, not validated detection readiness; no population cutoff calibrated"
2025-09-01T00:00:00.000,1123067,도곡2동,6.943972560024945,3.614184596195822,35.887850661607594,13.479089680402089,1115.6941114629349,521.3476044825837,0.976304957904584,0.971964452759588,0.959753663860306,0.940757717492984,0.108615948670944,0.084509624197984,0.071494042163153,13.0,370.7,0.0,30,22,8,False,service,20s,a2_age_features_v1,update,3207.0,109.1,4,109.1,3131.01,3077.93,3117.09,3017.01,3207.0,3207.0,available,"available is preprocessing completeness, not validated detection readiness; no population cutoff calibrated"
2025-09-01T00:00:00.000,1123067,도곡2동,12.879709786971286,5.947261500463106,38.4016211074851,14.63439400171264,1227.6875757290838,604.8768513696348,0.952679839456622,0.952253782031491,0.915770299475147,0.908200061747453,0.11079737019555,0.085089345920432,0.071645313553608,13.0,370.7,0.0,30,22,8,False,service,30s,a2_age_features_v1,update,3239.0,237.28,4,237.28,3085.73,2966.1800000000003,3084.3500000000004,2941.66,3239.0,3239.0,available,"available is preprocessing completeness, not validated detection readiness; no population cutoff calibrated"
2025-09-01T00:00:00.000,1123067,도곡2동,16.547835083384804,7.381349598517604,38.16392322554205,13.500638861709751,1351.524583852236,567.0640263221622,0.949493514515133,0.955983631871526,0.920075663990117,0.918208770846201,0.104343237806286,0.066286317316888,0.08195099429476,13.0,370.7,0.0,30,22,8,False,service,40s,a2_age_features_v1,update,6476.0,303.23,4,303.23,6148.92,5958.41,6190.95,5946.32,6476.0,6476.0,available,"available is preprocessing completeness, not validated detection readiness; no population cutoff calibrated"
2025-09-01T00:00:00.000,1123067,도곡2동,16.064419113054342,6.546283572767021,40.5344652846331,13.951429539295393,1552.441021945627,641.0897326936258,0.949094316052467,0.953466583385384,0.921923797626484,0.911305434103685,0.110276025589406,0.069073502438151,0.059320896523957,13.0,370.7,0.0,30,22,8,False,service,50s,a2_age_features_v1,update,6404.0,223.53,4,223.53,6078.0,5904.0,6106.0,5836.0,6404.0,6404.0,available,"available is preprocessing completeness, not validated detection readiness; no population cutoff calibrated"
2025-09-01T00:00:00.000,1123067,도곡2동,13.257196441452272,4.997333493628277,31.918341303800656,11.869341043571813,1158.141403197158,494.96008089260806,0.955277710988218,0.94758355373888,0.89396489540755,0.861986054339986,0.055345052487732,0.0771372963124,0.077168354142079,13.0,370.7,0.0,30,22,8,False,service,60plus,a2_age_features_v1,update,8318.0,965.94,8,965.94,7946.0,7436.0,7882.0,7170.0,8318.0,8318.0,available,"available is preprocessing completeness, not validated detection readiness; no population cutoff calibrated"
2025-09-01T00:00:00.000,1123068,개포1동,6.533128911138924,3.482966207759699,37.991054951794986,14.3605574912892,1233.0234126897944,547.6902931706712,0.979468085106383,0.979668335419274,0.96444931163955,0.958191489361702,0.130793959330144,0.046987141148325,0.056818181818182,13.0,370.7,0.0,30,22,8,False,service,20s,a2_age_features_v1,update,1598.0,267.52,4,267.52,1565.19,1541.19,1565.51,1531.19,1598.0,1598.0,available,"available is preprocessing completeness, not validated detection readiness; no population cutoff calibrated"
2025-09-01T00:00:00.000,1123068,개포1동,13.304464425332291,6.071915559030492,41.0921207177814,15.64205,1335.2554021121039,643.12632721202,0.958561376075059,0.962470680218921,0.938232994526974,0.936669272869429,0.106399370279187,0.035505535178951,0.068616121522719,13.0,370.7,0.0,30,22,8,False,service,30s,a2_age_features_v1,update,2558.0,597.09,4,597.09,2452.0,2400.0,2462.0,2396.0,2558.0,2558.0,available,"available is preprocessing completeness, not validated detection readiness; no population cutoff calibrated"
2025-09-01T00:00:00.000,1123068,개포1동,16.574368316831684,7.246118811881188,41.42790774299836,15.156731501057081,1513.3387402223138,629.516510942761,0.961584158415842,0.961980198019802,0.936633663366337,0.940990099009901,0.086943734720512,0.0310644633568,0.063507527158429,13.0,370.7,0.0,30,22,8,False,service,40s,a2_age_features_v1,update,5050.0,544.03,4,544.03,4856.0,4730.0,4858.0,4752.0,5050.0,5050.0,available,"available is preprocessing completeness, not validated detection readiness; no population cutoff calibrated"
2025-09-01T00:00:00.000,1123068,개포1동,16.64197387518142,6.647513304305758,44.29732693279434,15.109673575129532,1705.9762537764352,675.6689136057942,0.957426221577165,0.960812772133527,0.933720367682632,0.935171746492501,0.084943371085943,0.018936093886127,0.055040229590529,13.0,370.7,0.0,30,22,8,False,service,50s,a2_age_features_v1,update,4134.0,390.26,4,390.26,3958.0,3860.0,3972.0,3866.0,4134.0,4134.0,available,"available is preprocessing completeness, not validated detection readiness; no population cutoff calibrated"
2025-09-01T00:00:00.000,1123068,개포1동,12.68475131876413,4.990949510173323,33.9800701754386,12.070826883910385,1186.5018224666144,484.3722087682672,0.96646571213263,0.959306706857574,0.925018839487566,0.90241145440844,0.0477089852481,0.016562360303979,0.066741171211444,13.0,370.7,0.0,30,22,8,False,service,60plus,a2_age_features_v1,update,5308.0,894.8,8,894.8,5130.0,4910.0,5092.0,4790.0,5308.0,5308.0,available,"available is preprocessing completeness, not validated detection readiness; no population cutoff calibrated"
2025-09-01T00:00:00.000,1123071,개포4동,7.589179130434783,3.89671652173913,36.56651704956988,14.07728332269879,1199.141955349856,593.3742658822752,0.974855652173913,0.971728695652174,0.943057391304348,0.946584347826087,0.103079639074147,0.076565973584412,0.080652543481104,13.0,370.7,0.0,30,22,8,False,service,20s,a2_age_features_v1,update,2875.0,305.88,4,305.88,2802.71,2711.29,2793.7200000000003,2721.43,2875.0,2875.0,available,"available is preprocessing completeness, not validated detection readiness; no population cutoff calibrated"
2025-09-01T00:00:00.000,1123071,개포4동,13.091517405534068,5.890422493305564,39.71129684892327,14.611226584979779,1341.6720420619924,649.149686441523,0.95913716155906,0.953948229693544,0.928551026480214,0.924971734602797,0.096855062462149,0.059180598002901,0.061504443474219,13.0,370.7,0.0,30,22,8,False,service,30s,a2_age_features_v1,update,3361.0,710.03,4,710.03,3223.66,3120.86,3206.2200000000003,3108.83,3361.0,3361.0,available,"available is preprocessing completeness, not validated detection readiness; no population cutoff calibrated"
2025-09-01T00:00:00.000,1123071,개포4동,16.507467566165023,6.79536066424494,38.43706108970831,14.543314350797267,1397.456445419638,616.442429378531,0.9429164504411,0.946030098598858,0.911261027503892,0.918526206538661,0.107876158398508,0.041331278186904,0.069589541588171,13.0,370.7,0.0,30,22,8,False,service,40s,a2_age_features_v1,update,3854.0,525.51,4,525.51,3634.0,3512.0,3646.0,3540.0,3854.0,3854.0,available,"available is preprocessing completeness, not validated detection readiness; no population cutoff calibrated"
2025-09-01T00:00:00.000,1123071,개포4동,16.857396974439226,6.235941575378194,39.4031267731171,13.7765966910402,1425.2823597415845,648.3231665703046,0.959822639540949,0.958854981742306,0.92885758998435,0.920281690140845,0.081919546914111,0.041288462997143,0.058987130540315,13.0,370.7,0.0,30,22,8,False,service,50s,a2_age_features_v1,update,3834.0,395.51,4,395.51,3679.96,3561.24,3676.25,3528.36,3834.0,3834.0,available,"available is preprocessing completeness, not validated detection readiness; no population cutoff calibrated"
2025-09-01T00:00:00.000,1123071,개포4동,13.604953531598511,4.547942379182156,31.527418214685348,11.834183137863453,1014.8227845543399,486.75887715336086,0.941864312267658,0.935477695167286,0.901934944237918,0.875695167286245,0.08031113483599,0.032682230671184,0.076607148693255,13.0,370.7,0.0,30,22,8,False,service,60plus,a2_age_features_v1,update,5380.0,917.9300000000001,8,917.9300000000001,5067.23,4852.41,5032.87,4711.24,5380.0,5380.0,available,"available is preprocessing completeness, not validated detection readiness; no population cutoff calibrated"
2025-09-01T00:00:00.000,1123072,일원본동,6.387489711934156,3.277810699588477,36.15887419876873,14.379317603842892,1223.5813061740012,555.2845356441109,0.973938271604938,0.970950617283951,0.932082304526749,0.931995884773663,0.117321401486425,0.08471105718186,0.067192476869407,13.0,370.7,0.0,30,22,8,False,service,20s,a2_age_features_v1,update,2430.0,131.86,4,131.86,2366.67,2264.96,2359.41,2264.75,2430.0,2430.0,available,"available is preprocessing completeness, not validated detection readiness; no population cutoff calibrated"
2025-09-01T00:00:00.000,1123072,일원본동,11.253150278293136,5.154526901669759,39.48333330738178,15.208059448872842,1330.5206548133626,669.804737405354,0.953205936920223,0.961454545454546,0.920764378478664,0.922293135435992,0.122244619286039,0.078353599063658,0.061902594446973,13.0,370.7,0.0,30,22,8,False,service,30s,a2_age_features_v1,update,2695.0,153.79,4,153.79,2568.89,2481.46,2591.12,2485.58,2695.0,2695.0,available,"available is preprocessing completeness, not validated detection readiness; no population cutoff calibrated"
2025-09-01T00:00:00.000,1123072,일원본동,15.066466610312766,6.520849535080305,40.63228070175439,14.422886783942264,1474.550327225131,604.7230175913397,0.963651732882502,0.9687235841082,0.937024513947591,0.937024513947591,0.083509513742072,0.054322292694386,0.068592905802208,13.0,370.7,0.0,30,22,8,False,service,40s,a2_age_features_v1,update,4732.0,170.28,4,170.28,4560.0,4434.0,4584.0,4434.0,4732.0,4732.0,available,"available is preprocessing completeness, not validated detection readiness; no population cutoff calibrated"
2025-09-01T00:00:00.000,1123072,일원본동,15.139657366617719,6.025364659813999,42.76148634984833,14.654466873706005,1573.3733903420523,655.4166977708658,0.968184043073911,0.973078805677925,0.945668135095448,0.944199706314244,0.080644295302013,0.046013422818792,0.050523489932886,13.0,370.7,0.0,30,22,8,False,service,50s,a2_age_features_v1,update,4086.0,186.25,4,186.25,3956.0,3864.0,3976.0,3858.0,4086.0,4086.0,available,"available is preprocessing completeness, not validated detection readiness; no population cutoff calibrated"
2025-09-01T00:00:00.000,1123072,일원본동,12.289647604327667,4.365910355486863,34.03220808145084,12.327586891757695,1163.9432290003194,498.2129949409781,0.971561051004637,0.967851622874807,0.933848531684699,0.916537867078825,0.052854794520548,0.038608219178082,0.117819178082192,13.0,370.7,0.0,30,22,8,False,service,60plus,a2_age_features_v1,update,6470.0,912.5,8,912.5,6286.0,6042.0,6262.0,5930.0,6470.0,6470.0,available,"available is preprocessing completeness, not validated detection readiness; no population cutoff calibrated"
2025-09-01T00:00:00.000,1123073,일원1동,7.20423448275862,3.789618390804598,34.28313312992578,13.766359709718449,1157.555567638083,599.9963141329719,0.961397701149425,0.965687356321839,0.921816091954023,0.915931034482759,0.145642534499192,0.093448261572251,0.084020554473499,13.0,370.7,0.0,30,22,8,False,service,20s,a2_age_features_v1,update,2175.0,482.62,4,482.62,2091.04,2004.95,2100.37,1992.15,2175.0,2175.0,available,"available is preprocessing completeness, not validated detection readiness; no population cutoff calibrated"
2025-09-01T00:00:00.000,1123073,일원1동,12.245762936753648,5.410110570544007,37.86110188448553,14.389375523628512,1302.020810250752,691.7309996127783,0.954980097302079,0.954051304732419,0.923834586466166,0.91375497567448,0.119311780971563,0.06325743351654,0.073993786911549,13.0,370.7,0.0,30,22,8,False,service,30s,a2_age_features_v1,update,2261.0,585.86,4,585.86,2159.21,2088.79,2157.11,2066.0,2261.0,2261.0,available,"available is preprocessing completeness, not validated detection readiness; no population cutoff calibrated"
2025-09-01T00:00:00.000,1123073,일원1동,14.095675453047777,6.029250411861614,37.68433191489362,13.4755,1329.9575468483818,591.7279681978799,0.967874794069193,0.967051070840198,0.939044481054366,0.932454695222405,0.084722924035708,0.047354363675738,0.105777328617147,13.0,370.7,0.0,30,22,8,False,service,40s,a2_age_features_v1,update,2428.0,415.59000000000003,4,415.59000000000003,2350.0,2280.0,2348.0,2264.0,2428.0,2428.0,available,"available is preprocessing completeness, not validated detection readiness; no population cutoff calibrated"
2025-09-01T00:00:00.000,1123073,일원1동,15.753037490436112,5.888837031369548,38.54866926918199,13.835235814568666,1370.5288828042035,629.5926605801016,0.965263963274675,0.965432287681714,0.931346595256312,0.923511859219587,0.07554801301089,0.056399377740065,0.097213972563994,13.0,370.7,0.0,30,22,8,False,service,50s,a2_age_features_v1,update,2614.0,353.55,4,353.55,2523.2,2434.54,2523.64,2414.06,2614.0,2614.0,available,"available is preprocessing completeness, not validated detection readiness; no population cutoff calibrated"
2025-09-01T00:00:00.000,1123073,일원1동,12.220003855793328,3.975278581068055,29.07004436185002,11.22426723121917,901.7697951405922,448.17487092500176,0.951305186042028,0.939388856757278,0.88332369385001,0.85412955465587,0.081596196206952,0.055801053027454,0.109520227797776,13.0,370.7,0.0,30,22,8,False,service,60plus,a2_age_features_v1,update,5187.0,1489.04,8,1489.04,4934.42,4581.8,4872.61,4430.37,5187.0,5187.0,available,"available is preprocessing completeness, not validated detection readiness; no population cutoff calibrated"
2025-09-01T00:00:00.000,1123074,일원2동,6.687477820025348,3.483669201520913,36.12249125504016,13.329634416051586,1136.010193241425,539.8934253468332,0.972858048162231,0.974961977186312,0.951305449936629,0.933212927756654,0.0,0.0,0.0,13.0,370.7,0.0,30,22,8,True,service,20s,a2_age_features_v1,update,1578.0,123.72,4,123.72,1535.17,1501.1599999999999,1538.49,1472.61,1578.0,1578.0,review_required,"available is preprocessing completeness, not validated detection readiness; no population cutoff calibrated"
2025-09-01T00:00:00.000,1123074,일원2동,12.049963205233032,5.416537203597711,39.99021521452352,14.193029740985184,1344.513135186477,623.0782477554286,0.976226492232216,0.972763695829926,0.943413736713001,0.939852820932134,0.0,0.0,0.0,13.0,370.7,0.0,30,22,8,True,service,30s,a2_age_features_v1,update,2446.0,327.83,4,327.83,2387.85,2307.59,2379.38,2298.88,2446.0,2446.0,review_required,"available is preprocessing completeness, not validated detection readiness; no population cutoff calibrated"
2025-09-01T00:00:00.000,1123074,일원2동,14.335959595959594,6.169689199689199,39.61810506452399,13.902801286603449,1425.433658605458,612.4939255704295,0.957342657342657,0.963073038073038,0.93003108003108,0.926080031080031,0.0,0.0,0.0,13.0,370.7,0.0,30,22,8,True,service,40s,a2_age_features_v1,update,2574.0,222.36,4,222.36,2464.2,2393.9,2478.95,2383.73,2574.0,2574.0,review_required,"available is preprocessing completeness, not validated detection readiness; no population cutoff calibrated"
2025-09-01T00:00:00.000,1123074,일원2동,15.455960735171262,5.830154553049289,40.04302228141255,13.749500256301879,1429.4043482898078,635.7923667491171,0.966035923141186,0.95952798663325,0.928964076858814,0.923738512949039,0.0,0.0,0.0,13.0,370.7,0.0,30,22,8,True,service,50s,a2_age_features_v1,update,2394.0,238.23,4,238.23,2312.69,2223.94,2297.11,2211.43,2394.0,2394.0,review_required,"available is preprocessing completeness, not validated detection readiness; no population cutoff calibrated"
2025-09-01T00:00:00.000,1123074,일원2동,11.93724545653602,4.114709875191592,29.69538415402147,11.215354452207965,928.1374191962268,440.1011366166445,0.94919640902124,0.939623385154368,0.881217429384716,0.84379899277425,0.0,0.0,0.0,13.0,370.7,0.0,30,22,8,True,service,60plus,a2_age_features_v1,update,4567.0,1473.9,8,1473.9,4334.9800000000005,4024.52,4291.26,3853.63,4567.0,4567.0,review_required,"available is preprocessing completeness, not validated detection readiness; no population cutoff calibrated"
2025-09-01T00:00:00.000,1123075,수서동,7.554742404227214,3.743091149273448,40.96960269497753,15.58478499852015,1367.4110264053352,661.5618478214575,0.970541611624835,0.970541611624835,0.937291941875826,0.930475561426684,0.126910427548849,0.063326239762688,0.077190946024376,13.0,370.7,0.0,30,22,8,False,service,20s,a2_age_features_v1,update,1514.0,155.07,4,155.07,1469.4,1419.06,1469.4,1408.74,1514.0,1514.0,available,"available is preprocessing completeness, not validated detection readiness; no population cutoff calibrated"
2025-09-01T00:00:00.000,1123075,수서동,11.685461811722913,5.247007104795737,42.644769183693974,15.351946143163147,1495.9175759306088,663.0935280992361,0.972300177619893,0.979849023090586,0.943228241563055,0.939325044404973,0.107392696229547,0.049828076831871,0.08545767133033,13.0,370.7,0.0,30,22,8,False,service,30s,a2_age_features_v1,update,2252.0,337.36,4,337.36,2189.62,2124.15,2206.62,2115.36,2252.0,2252.0,available,"available is preprocessing completeness, not validated detection readiness; no population cutoff calibrated"
2025-09-01T00:00:00.000,1123075,수서동,12.729874055415618,5.411360201511335,38.800243588367856,14.169793451170252,1386.9310155433427,570.6144298629338,0.938942065491184,0.933847607052897,0.879269521410579,0.863727959697733,0.154056598223216,0.078837441901512,0.10893098782138,13.0,370.7,0.0,30,22,8,False,service,40s,a2_age_features_v1,update,1588.0,339.94,4,339.94,1491.04,1396.28,1482.95,1371.6,1588.0,1588.0,available,"available is preprocessing completeness, not validated detection readiness; no population cutoff calibrated"
2025-09-01T00:00:00.000,1123075,수서동,14.648703382480484,5.588300086730269,40.338381856230264,14.222907397355034,1388.166394329613,639.2979434801894,0.944943625325238,0.944943625325238,0.902727666955768,0.889709453599306,0.14117796556325,0.068344028633755,0.133955990427177,13.0,370.7,0.0,30,22,8,False,service,50s,a2_age_features_v1,update,2306.0,472.17,4,472.17,2179.04,2081.69,2179.04,2051.67,2306.0,2306.0,available,"available is preprocessing completeness, not validated detection readiness; no population cutoff calibrated"
2025-09-01T00:00:00.000,1123075,수서동,10.955424257344493,3.706579681601839,30.213300742525814,11.615726525267823,857.4536877802105,424.91799786987343,0.964367306745446,0.958737895946168,0.897459379615953,0.869105530937141,0.119331062573303,0.058065507305028,0.195457730513994,13.0,370.7,0.0,30,22,8,False,service,60plus,a2_age_features_v1,update,6093.0,2668.71,8,2668.71,5875.89,5468.22,5841.59,5295.46,6093.0,6093.0,available,"available is preprocessing completeness, not validated detection readiness; no population cutoff calibrated"
2025-09-01T00:00:00.000,1123076,세곡동,7.490626057529611,4.072417512690355,38.16058850306618,14.25163848950678,1465.596653729372,687.9517958163808,0.975725465313029,0.973828257191201,0.956926818950931,0.956514382402707,0.101410198555957,0.076737364620939,0.060446750902527,13.0,370.7,0.0,30,22,8,False,service,20s,a2_age_features_v1,update,4728.0,886.4,4,886.4,4613.23,4524.35,4604.26,4522.4,4728.0,4728.0,available,"available is preprocessing completeness, not validated detection readiness; no population cutoff calibrated"
2025-09-01T00:00:00.000,1123076,세곡동,12.620688020683714,5.876189313415685,42.27810005065209,15.26096098988343,1520.7257622363618,735.3897563270313,0.955649238724504,0.961004021832807,0.93807382935938,0.945031600114909,0.093703479934475,0.073597468685573,0.057153890712493,13.0,370.7,0.0,30,22,8,False,service,30s,a2_age_features_v1,update,6962.0,1605.49,4,1605.49,6653.23,6530.87,6690.51,6579.3099999999995,6962.0,6962.0,available,"available is preprocessing completeness, not validated detection readiness; no population cutoff calibrated"
2025-09-01T00:00:00.000,1123076,세곡동,15.90591893958705,6.568868213102218,41.91142396560989,14.682280508006626,1602.5140922420687,667.5959184232138,0.948763701249044,0.956156003058884,0.923273005353046,0.931175121080806,0.100537257112617,0.08759476778298,0.051217744440482,13.0,370.7,0.0,30,22,8,False,service,40s,a2_age_features_v1,update,7846.0,869.23,4,869.23,7444.0,7244.0,7502.0,7306.0,7846.0,7846.0,available,"available is preprocessing completeness, not validated detection readiness; no population cutoff calibrated"
2025-09-01T00:00:00.000,1123076,세곡동,16.759185585013494,5.892990950944594,42.69646223103291,14.490975681544773,1707.2332673254248,694.5548420041406,0.960985870773139,0.961397047150341,0.927720273059216,0.927085251627242,0.091338149962016,0.098417624335289,0.060741243595339,13.0,370.7,0.0,30,22,8,False,service,50s,a2_age_features_v1,update,6299.0,618.6899999999999,4,618.6899999999999,6053.25,5843.71,6055.84,5839.71,6299.0,6299.0,available,"available is preprocessing completeness, not validated detection readiness; no population cutoff calibrated"
2025-09-01T00:00:00.000,1123076,세곡동,12.461102813299231,4.022714066496164,32.2008703429928,12.080277663418334,1132.547794310722,493.66756281905987,0.939018925831202,0.935038363171356,0.867229667519182,0.860303836317136,0.082578550203715,0.132011314088491,0.123398106830319,13.0,370.7,0.0,30,22,8,False,service,60plus,a2_age_features_v1,update,9775.0,1958.6200000000001,8,1958.6200000000001,9178.91,8477.17,9140.0,8409.47,9775.0,9775.0,available,"available is preprocessing completeness, not validated detection readiness; no population cutoff calibrated"
2025-09-01T00:00:00.000,1123077,압구정동,7.78595667870036,3.792719614921781,35.76745997976179,13.572556519889385,1097.0560839608104,509.55066574286326,0.967220216606498,0.965820296831127,0.942839951865223,0.929205776173285,0.111584657109647,0.082380860131732,0.071435490120108,13.0,370.7,0.0,30,22,8,False,service,20s,a2_age_features_v1,update,2493.0,206.48000000000002,4,206.48000000000002,2411.2799999999997,2350.5,2407.79,2316.51,2493.0,2493.0,available,"available is preprocessing completeness, not validated detection readiness; no population cutoff calibrated"
2025-09-01T00:00:00.000,1123077,압구정동,13.951224886584574,6.161931302657162,36.47710216679352,13.891708384705735,1198.519784213158,584.7158390717026,0.928107582631238,0.926840570317563,0.888340894361633,0.884692158133506,0.131247415575465,0.079255685733977,0.074541695382495,13.0,370.7,0.0,30,22,8,False,service,30s,a2_age_features_v1,update,3086.0,362.75,4,362.75,2864.14,2741.42,2860.23,2730.16,3086.0,3086.0,available,"available is preprocessing completeness, not validated detection readiness; no population cutoff calibrated"
2025-09-01T00:00:00.000,1123077,압구정동,17.90091292430951,7.385831752055661,38.28518808070481,14.280733862636591,1339.3913520031172,591.830786304947,0.911534893527303,0.914503478810879,0.869420198186802,0.871979759645794,0.122549995732939,0.064347281882058,0.082667197678719,13.0,370.7,0.0,30,22,8,False,service,40s,a2_age_features_v1,update,4743.0,351.53000000000003,4,351.53000000000003,4323.41,4123.66,4337.49,4135.8,4743.0,4743.0,available,"available is preprocessing completeness, not validated detection readiness; no population cutoff calibrated"
2025-09-01T00:00:00.000,1123077,압구정동,16.20356749894202,6.779310198899704,39.96671974522293,14.227253421425202,1407.032568058076,608.9795637583893,0.930173508252222,0.932712653406686,0.896741430385104,0.882776132035548,0.119313183913304,0.050596389993315,0.063755673621618,13.0,370.7,0.0,30,22,8,False,service,50s,a2_age_features_v1,update,4726.0,284.21,4,284.21,4396.0,4238.0,4408.0,4172.0,4726.0,4726.0,available,"available is preprocessing completeness, not validated detection readiness; no population cutoff calibrated"
2025-09-01T00:00:00.000,1123077,압구정동,13.040414768640614,4.902419084152482,32.18486252468479,11.897868252880416,1061.4894451653774,460.9243380053153,0.946967154159674,0.938547111004555,0.872820666506833,0.84663989450971,0.051879742234782,0.021847970793143,0.153286996577832,13.0,370.7,0.0,30,22,8,False,service,60plus,a2_age_features_v1,update,8342.0,1224.37,8,1224.37,7899.6,7281.07,7829.360000000001,7062.67,8342.0,8342.0,available,"available is preprocessing completeness, not validated detection readiness; no population cutoff calibrated"
2025-09-01T00:00:00.000,1123078,청담동,9.104889427446228,4.095580127234171,35.46773332493545,13.729567015906461,1177.127031459149,565.6857256019458,0.961950923962436,0.96411390487731,0.937394728870039,0.936576794910633,0.101133646419294,0.079836920059865,0.090192840308957,13.0,370.7,0.0,30,22,8,False,service,20s,a2_age_features_v1,update,3301.0,581.31,4,581.31,3175.4,3094.34,3182.54,3091.64,3301.0,3301.0,available,"available is preprocessing completeness, not validated detection readiness; no population cutoff calibrated"
2025-09-01T00:00:00.000,1123078,청담동,14.875908982035927,6.303319760479042,37.60758787258829,14.66374074441847,1239.8450052995663,620.1372468744521,0.927240718562874,0.935564071856287,0.89248622754491,0.887988023952096,0.130070600622338,0.078826393915749,0.071192877891946,13.0,370.7,0.0,30,22,8,False,service,30s,a2_age_features_v1,update,4175.0,1063.73,4,1063.73,3871.2300000000005,3726.13,3905.98,3707.3500000000004,4175.0,4175.0,available,"available is preprocessing completeness, not validated detection readiness; no population cutoff calibrated"
2025-09-01T00:00:00.000,1123078,청담동,17.772226661823467,7.244972756992372,37.72295365278869,14.323550368550368,1274.782376276512,603.7814871582436,0.924809298946604,0.924809298946604,0.887032328369052,0.87686160552125,0.123274704189319,0.073476175247841,0.056463063639271,13.0,370.7,0.0,30,22,8,False,service,40s,a2_age_features_v1,update,5506.0,781.75,4,781.75,5092.0,4884.0,5092.0,4828.0,5506.0,5506.0,available,"available is preprocessing completeness, not validated detection readiness; no population cutoff calibrated"
2025-09-01T00:00:00.000,1123078,청담동,17.12263510848126,6.516848126232741,39.83978885135136,14.57392778511669,1503.3124074074074,666.5621485411141,0.934122287968442,0.937278106508876,0.89585798816568,0.892307692307692,0.12337375194917,0.06297856494519,0.07145018269835,13.0,370.7,0.0,30,22,8,False,service,50s,a2_age_features_v1,update,5070.0,429.67,4,429.67,4736.0,4542.0,4752.0,4524.0,5070.0,5070.0,available,"available is preprocessing completeness, not validated detection readiness; no population cutoff calibrated"
2025-09-01T00:00:00.000,1123078,청담동,13.835714678394723,4.845511269928532,33.06958562735439,12.558680981595092,1127.2982974388824,497.7475605155611,0.948598130841122,0.944474986256185,0.896096756459593,0.87438152831226,0.06007692231244,0.039335725146838,0.137724729430238,13.0,370.7,0.0,30,22,8,False,service,60plus,a2_age_features_v1,update,7276.0,1006.21,8,1006.21,6902.0,6520.0,6872.0,6362.0,7276.0,7276.0,available,"available is preprocessing completeness, not validated detection readiness; no population cutoff calibrated"
2025-09-01T00:00:00.000,1123079,대치2동,5.857658569500675,3.404111560953666,32.66280025644183,12.809234936534185,1087.7285979552528,528.8983686359388,0.968301844354476,0.954136302294197,0.945355375618533,0.914484930274404,0.12514400921659,0.086981566820276,0.073840725806452,13.0,370.7,0.0,30,22,8,False,service,20s,a2_age_features_v1,update,4446.0,277.76,4,277.76,4305.07,4203.05,4242.09,4065.8,4446.0,4446.0,available,"available is preprocessing completeness, not validated detection readiness; no population cutoff calibrated"
2025-09-01T00:00:00.000,1123079,대치2동,11.612495297805642,5.530376175548588,35.33657370171073,13.579235538855729,1252.083246413812,591.6168894805894,0.936184952978056,0.930730407523511,0.894354231974922,0.89123197492163,0.118404247326638,0.086173649545466,0.065237534747439,13.0,370.7,0.0,30,22,8,False,service,30s,a2_age_features_v1,update,3190.0,399.31,4,399.31,2986.43,2852.99,2969.0299999999997,2843.0299999999997,3190.0,3190.0,available,"available is preprocessing completeness, not validated detection readiness; no population cutoff calibrated"
2025-09-01T00:00:00.000,1123079,대치2동,17.122059833251594,7.323197645904855,38.41420338983051,13.015513513513511,1421.7510355567092,555.7551988098459,0.940411966650319,0.944825895046591,0.907307503678274,0.906571848945562,0.106428957320367,0.058970203216557,0.067240161243403,13.0,370.7,0.0,30,22,8,False,service,40s,a2_age_features_v1,update,8156.0,240.63,4,240.63,7670.0,7400.0,7706.0,7394.0,8156.0,8156.0,available,"available is preprocessing completeness, not validated detection readiness; no population cutoff calibrated"
2025-09-01T00:00:00.000,1123079,대치2동,16.974093630919977,6.593995645073489,40.69815426213177,13.412460173968352,1587.9064741714012,634.9966511039753,0.956314643440392,0.956222101252041,0.9243385955362,0.91586418072945,0.096924322136787,0.050687980574666,0.055746661270741,13.0,370.7,0.0,30,22,8,False,service,50s,a2_age_features_v1,update,7348.0,98.84,4,98.84,7027.0,6792.04,7026.32,6729.77,7348.0,7348.0,available,"available is preprocessing completeness, not validated detection readiness; no population cutoff calibrated"
2025-09-01T00:00:00.000,1123079,대치2동,12.902969676625265,4.619072395658499,32.51525895370531,11.670248690710363,1117.7358524222498,491.46105875847803,0.952395658498378,0.943936443996867,0.903332214389616,0.874211704151281,0.063124451318925,0.025904714128451,0.103159009517439,13.0,370.7,0.0,30,22,8,False,service,60plus,a2_age_features_v1,update,8937.0,717.63,8,717.63,8511.56,8073.08,8435.96,7812.83,8937.0,8937.0,available,"available is preprocessing completeness, not validated detection readiness; no population cutoff calibrated"
2025-09-01T00:00:00.000,1123080,개포2동,6.013415238954013,3.417112263300271,36.99695435041744,14.149633142381099,1169.0523284346523,532.8777104376309,0.97772091974752,0.977119026149684,0.963327321911632,0.952542831379621,0.1232154735711,0.064319705265312,0.073683671902983,13.0,370.7,0.0,30,22,8,False,service,20s,a2_age_features_v1,update,4436.0,195.43,4,195.43,4337.17,4273.32,4334.5,4225.48,4436.0,4436.0,available,"available is preprocessing completeness, not validated detection readiness; no population cutoff calibrated"
2025-09-01T00:00:00.000,1123080,개포2동,12.06889430894309,5.643743450767842,40.452468494233194,14.944412332481988,1333.384649133343,656.4282500231096,0.960234869015357,0.962695573622403,0.938700993676603,0.938146341463415,0.098327576804217,0.043046718778404,0.065042719505544,13.0,370.7,0.0,30,22,8,False,service,30s,a2_age_features_v1,update,5535.0,550.1,4,550.1,5314.9,5195.71,5328.52,5192.639999999999,5535.0,5535.0,available,"available is preprocessing completeness, not validated detection readiness; no population cutoff calibrated"
2025-09-01T00:00:00.000,1123080,개포2동,15.886710041738276,6.92061625337589,41.10677419354839,14.377488176563322,1490.8797353016034,620.8211903513372,0.958998281365087,0.964645224650135,0.934446354038792,0.936410508224896,0.095578122350547,0.038321683591763,0.076586845526311,13.0,370.7,0.0,30,22,8,False,service,40s,a2_age_features_v1,update,8146.0,530.77,4,530.77,7812.0,7612.0,7858.0,7628.0,8146.0,8146.0,available,"available is preprocessing completeness, not validated detection readiness; no population cutoff calibrated"
2025-09-01T00:00:00.000,1123080,개포2동,15.67854926510615,6.223753402286336,42.383778401122015,14.202318757192176,1621.774852982358,661.0358056118022,0.970332063146434,0.971965160587915,0.946107784431138,0.940936309199782,0.079933695552077,0.030543021149891,0.056819228289898,13.0,370.7,0.0,30,22,8,False,service,50s,a2_age_features_v1,update,7348.0,325.77,4,325.77,7130.0,6952.0,7142.0,6914.0,7348.0,7348.0,available,"available is preprocessing completeness, not validated detection readiness; no population cutoff calibrated"
2025-09-01T00:00:00.000,1123080,개포2동,12.662327826646642,4.58397768719159,33.66637445459911,12.217079683550978,1106.7144088410816,479.34590035394194,0.966715297146535,0.964563398412358,0.925714438961596,0.898029392834156,0.061996768547193,0.017375791032718,0.09555002019658,13.0,370.7,0.0,30,22,8,False,service,60plus,a2_age_features_v1,update,9322.0,1485.4,8,1485.4,9011.72,8629.51,8991.66,8371.43,9322.0,9322.0,available,"available is preprocessing completeness, not validated detection readiness; no population cutoff calibrated"
2025-10-01T00:00:00.000,1123051,신사동,8.136038019009504,3.934727363681841,31.993378999862184,15.994303766906905,1055.6030498892703,714.1620383479759,0.980055027513757,0.984872436218109,0.973831915957979,0.967418709354677,0.109092820351098,0.081025964469673,0.075349521707138,15.0,186.3,0.0,31,23,8,False,service,20s,a2_age_features_v1,update,1999.0,475.65,4,475.65,1959.13,1946.69,1968.7600000000002,1933.8700000000001,1999.0,1999.0,available,"available is preprocessing completeness, not validated detection readiness; no population cutoff calibrated"
2025-10-01T00:00:00.000,1123051,신사동,13.056884615384615,5.717615384615385,30.721158987604262,15.637344774429293,979.8355199221193,724.9900368517028,0.92325641025641,0.921858974358974,0.898196581196581,0.897568376068376,0.141417921619113,0.125295649830843,0.078650339810185,15.0,186.3,0.0,31,23,8,False,service,30s,a2_age_features_v1,update,2340.0,668.02,4,668.02,2160.42,2101.7799999999997,2157.15,2100.31,2340.0,2340.0,available,"available is preprocessing completeness, not validated detection readiness; no population cutoff calibrated"
2025-10-01T00:00:00.000,1123051,신사동,15.785478451424398,6.799751643535428,31.449723190932865,15.204937990254713,1104.9298609799002,717.5705541701303,0.904864864864865,0.896917457998539,0.870230094959824,0.869956172388605,0.139155621320404,0.124547429398986,0.086799105877908,15.0,186.3,0.0,31,23,8,False,service,40s,a2_age_features_v1,update,2738.0,317.63,4,317.63,2477.52,2382.69,2455.76,2381.94,2738.0,2738.0,available,"available is preprocessing completeness, not validated detection readiness; no population cutoff calibrated"
2025-10-01T00:00:00.000,1123051,신사동,15.735956678700363,6.397761732851986,35.43612421383648,15.923998377939984,1352.657501963865,769.5540849673204,0.91841155234657,0.91913357400722,0.890252707581227,0.883754512635379,0.128068161751722,0.0977838601448,0.068603213844252,15.0,186.3,0.0,31,23,8,False,service,50s,a2_age_features_v1,update,2770.0,226.52,4,226.52,2544.0,2466.0,2546.0,2448.0,2770.0,2770.0,available,"available is preprocessing completeness, not validated detection readiness; no population cutoff calibrated"
2025-10-01T00:00:00.000,1123051,신사동,12.77347415730337,4.690698876404494,28.09627523278896,13.509732800646006,985.3623535096791,587.7999174652996,0.937339325842697,0.930076404494382,0.90165393258427,0.873449438202247,0.065846137487373,0.059944707320963,0.128356106119411,15.0,186.3,0.0,31,23,8,False,service,60plus,a2_age_features_v1,update,4450.0,752.36,8,752.36,4171.16,4012.36,4138.84,3886.85,4450.0,4450.0,available,"available is preprocessing completeness, not validated detection readiness; no population cutoff calibrated"
2025-10-01T00:00:00.000,1123052,논현1동,10.741734259466726,5.087485995966839,29.81671216805095,15.517813092266985,1029.3961942863832,810.6025355550263,0.962545373067444,0.956867577862424,0.955249831951602,0.950170289043244,0.092149684857597,0.092358741921279,0.102237800185927,15.0,186.3,0.0,31,23,8,False,service,20s,a2_age_features_v1,update,4463.0,2248.19,4,2248.19,4295.84,4263.280000000001,4270.5,4240.610000000001,4463.0,4463.0,available,"available is preprocessing completeness, not validated detection readiness; no population cutoff calibrated"
2025-10-01T00:00:00.000,1123052,논현1동,13.745473265270807,5.935398857933899,29.794749838587478,14.808310397170604,996.4054990840699,790.5968438817594,0.927312683855338,0.928556843744592,0.898290361654266,0.901256272711542,0.111800553675413,0.133122292056082,0.069104727180905,15.0,186.3,0.0,31,23,8,False,service,30s,a2_age_features_v1,update,5779.0,3247.39,4,3247.39,5358.9400000000005,5191.22,5366.13,5208.36,5779.0,5779.0,available,"available is preprocessing completeness, not validated detection readiness; no population cutoff calibrated"
2025-10-01T00:00:00.000,1123052,논현1동,15.273729472774415,6.194624027657736,28.324352773826458,13.390360138135174,1018.1516963855422,717.924930417495,0.911408815903198,0.896715643906655,0.875972342264477,0.869490060501296,0.140385997604153,0.145816584586716,0.064874218022095,15.0,186.3,0.0,31,23,8,False,service,40s,a2_age_features_v1,update,4628.0,1878.25,4,1878.25,4218.0,4054.0,4150.0,4024.0,4628.0,4628.0,available,"available is preprocessing completeness, not validated detection readiness; no population cutoff calibrated"
2025-10-01T00:00:00.000,1123052,논현1동,15.842672233820458,6.099376677602147,29.820818770958507,13.975256121810089,1140.5216989080905,709.9510467651963,0.909832985386221,0.901896808827915,0.866931106471816,0.86024753951685,0.152278063328891,0.120692937369122,0.075718636969351,15.0,186.3,0.0,31,23,8,False,service,50s,a2_age_features_v1,update,3353.0,630.36,4,630.36,3050.67,2906.8199999999997,3024.06,2884.41,3353.0,3353.0,available,"available is preprocessing completeness, not validated detection readiness; no population cutoff calibrated"
2025-10-01T00:00:00.000,1123052,논현1동,13.476555760936538,4.648632162661738,24.890857512019757,12.217958902518353,873.5564425396144,574.6258024413155,0.934655986855617,0.917917436845348,0.884041897720271,0.865836927500514,0.103909221613555,0.084608804848308,0.103090250605129,15.0,186.3,0.0,31,23,8,False,service,60plus,a2_age_features_v1,update,4869.0,1098.94,8,1098.94,4550.84,4304.4,4469.34,4215.76,4869.0,4869.0,available,"available is preprocessing completeness, not validated detection readiness; no population cutoff calibrated"
2025-10-01T00:00:00.000,1123053,논현2동,9.762662454873647,4.580773164861612,31.552288075767326,16.246607574943926,1111.4570375396315,825.0951585806569,0.963110709987966,0.962160048134777,0.952376654632972,0.959834536702768,0.091718047554382,0.083654551742171,0.081976062551135,15.0,186.3,0.0,31,23,8,False,service,20s,a2_age_features_v1,update,3324.0,1185.5900000000001,4,1185.5900000000001,3201.38,3165.7000000000003,3198.22,3190.49,3324.0,3324.0,available,"available is preprocessing completeness, not validated detection readiness; no population cutoff calibrated"
2025-10-01T00:00:00.000,1123053,논현2동,14.057443458980044,6.052447893569845,30.48892535633461,15.598195075415628,984.3689870608393,798.1808063835033,0.92979822616408,0.929130820399113,0.908784922394678,0.908383592017738,0.124201461021545,0.110186187592045,0.063322312276287,15.0,186.3,0.0,31,23,8,False,service,30s,a2_age_features_v1,update,4510.0,2050.62,4,2050.62,4193.39,4098.62,4190.38,4096.8099999999995,4510.0,4510.0,available,"available is preprocessing completeness, not validated detection readiness; no population cutoff calibrated"
2025-10-01T00:00:00.000,1123053,논현2동,16.698086993243244,6.68082347972973,30.21225939505041,14.866316039980962,1081.7101751959428,750.1728857142857,0.921452702702703,0.915962837837838,0.887246621621622,0.886824324324324,0.121428814077522,0.117352311716547,0.057172945612664,15.0,186.3,0.0,31,23,8,False,service,40s,a2_age_features_v1,update,4736.0,1177.48,4,1177.48,4364.0,4202.0,4338.0,4200.0,4736.0,4736.0,available,"available is preprocessing completeness, not validated detection readiness; no population cutoff calibrated"
2025-10-01T00:00:00.000,1123053,논현2동,17.060728682170545,6.501689922480621,32.660868094701236,15.396177673874927,1257.751232254401,785.1946274738067,0.916795865633075,0.910077519379845,0.884237726098191,0.887855297157623,0.142986077772444,0.109822371579453,0.075544887181949,15.0,186.3,0.0,31,23,8,False,service,50s,a2_age_features_v1,update,3870.0,520.75,4,520.75,3548.0,3422.0,3522.0,3436.0,3870.0,3870.0,available,"available is preprocessing completeness, not validated detection readiness; no population cutoff calibrated"
2025-10-01T00:00:00.000,1123053,논현2동,13.432128535624775,4.711795560329395,26.5143355902039,12.900586802515969,903.6851409456276,560.8453045240253,0.925420694593627,0.916460794844254,0.88343716433942,0.87906373075546,0.083642090712351,0.072492833429643,0.111390597912913,15.0,186.3,0.0,31,23,8,False,service,60plus,a2_age_features_v1,update,5586.0,882.57,8,882.57,5169.4,4934.88,5119.35,4910.45,5586.0,5586.0,available,"available is preprocessing completeness, not validated detection readiness; no population cutoff calibrated"
2025-10-01T00:00:00.000,1123058,삼성1동,8.299038461538462,4.090835336538461,34.19013198733618,16.606502619453387,1224.3461258836887,762.0703365748926,0.966183894230769,0.958034855769231,0.952103365384615,0.951682692307692,0.125153434477341,0.095153925467668,0.093877350616193,15.0,186.3,0.0,31,23,8,False,service,20s,a2_age_features_v1,update,1664.0,203.67000000000002,4,203.67000000000002,1607.73,1584.3,1594.17,1583.6,1664.0,1664.0,available,"available is preprocessing completeness, not validated detection readiness; no population cutoff calibrated"
2025-10-01T00:00:00.000,1123058,삼성1동,13.530983682983683,5.689482517482517,34.03776170013593,17.171794489134786,1156.6295439001092,807.1750426995764,0.936275058275058,0.942009324009324,0.896554778554779,0.910027972027972,0.133696601830137,0.100036786683221,0.076493309421989,15.0,186.3,0.0,31,23,8,False,service,30s,a2_age_features_v1,update,2145.0,434.94,4,434.94,2008.31,1923.1100000000001,2020.6100000000001,1952.01,2145.0,2145.0,available,"available is preprocessing completeness, not validated detection readiness; no population cutoff calibrated"
2025-10-01T00:00:00.000,1123058,삼성1동,15.912870175438597,6.614266666666666,33.84688973384031,16.604120443740097,1221.657773556231,782.9276317859953,0.92280701754386,0.923508771929825,0.885614035087719,0.891929824561404,0.149689737470167,0.102402545743835,0.072235481304694,15.0,186.3,0.0,31,23,8,False,service,40s,a2_age_features_v1,update,2850.0,314.25,4,314.25,2630.0,2524.0,2632.0,2542.0,2850.0,2850.0,available,"available is preprocessing completeness, not validated detection readiness; no population cutoff calibrated"
2025-10-01T00:00:00.000,1123058,삼성1동,16.84262295081967,6.322465573770492,36.99291432584269,16.740043763676148,1501.2339692522708,870.7429523809523,0.933770491803279,0.938360655737705,0.899016393442623,0.895081967213115,0.133554975065305,0.082973165518879,0.08729517929233,15.0,186.3,0.0,31,23,8,False,service,50s,a2_age_features_v1,update,3050.0,210.55,4,210.55,2848.0,2742.0,2862.0,2730.0,3050.0,3050.0,available,"available is preprocessing completeness, not validated detection readiness; no population cutoff calibrated"
2025-10-01T00:00:00.000,1123058,삼성1동,13.356211576846306,4.785013972055888,30.604906223358903,14.396067811536769,1122.3174110587227,629.381692650334,0.936526946107784,0.931337325349301,0.906586826347305,0.896207584830339,0.069800728383085,0.071406988024619,0.138027004246251,15.0,186.3,0.0,31,23,8,False,service,60plus,a2_age_features_v1,update,5010.0,628.79,8,628.79,4692.0,4542.0,4666.0,4490.0,5010.0,5010.0,available,"available is preprocessing completeness, not validated detection readiness; no population cutoff calibrated"
2025-10-01T00:00:00.000,1123059,삼성2동,8.077301366044047,4.088962921661556,32.499014907210224,15.24737267155179,1103.5529409615924,752.6453922128088,0.962182882631726,0.961605798717591,0.953797044884304,0.952648452746027,0.112253536816308,0.111707697449036,0.069900857747577,15.0,186.3,0.0,31,23,8,False,service,20s,a2_age_features_v1,update,3587.0,897.6999999999999,4,897.6999999999999,3451.3500000000004,3421.27,3449.28,3417.1499999999996,3587.0,3587.0,available,"available is preprocessing completeness, not validated detection readiness; no population cutoff calibrated"
2025-10-01T00:00:00.000,1123059,삼성2동,13.623145774929913,5.912064477372847,31.23275386418312,15.415642591330782,1070.8558623519505,825.8790648886882,0.938063676411694,0.936960352422908,0.91689227072487,0.921852222667201,0.106767404909368,0.102681669314829,0.056156165893836,15.0,186.3,0.0,31,23,8,False,service,30s,a2_age_features_v1,update,4994.0,1541.95,4,1541.95,4684.6900000000005,4578.96,4679.18,4603.73,4994.0,4994.0,available,"available is preprocessing completeness, not validated detection readiness; no population cutoff calibrated"
2025-10-01T00:00:00.000,1123059,삼성2동,16.473300370828184,6.838009888751545,31.690448253131184,14.808033783783786,1200.2414058881905,775.4090437710437,0.937577255871446,0.934177997527812,0.914709517923362,0.917799752781211,0.106201605455708,0.10081456749781,0.05591863796737,15.0,186.3,0.0,31,23,8,False,service,40s,a2_age_features_v1,update,6472.0,844.62,4,844.62,6068.0,5920.0,6046.0,5940.0,6472.0,6472.0,available,"available is preprocessing completeness, not validated detection readiness; no population cutoff calibrated"
2025-10-01T00:00:00.000,1123059,삼성2동,15.941309304891504,6.210338359691063,33.77028059236165,15.137676282051283,1388.2414229713838,826.127103475829,0.94372931224715,0.938212578153733,0.917984553144538,0.9205590290548,0.10683776022972,0.081101938262742,0.057124910265614,15.0,186.3,0.0,31,23,8,False,service,50s,a2_age_features_v1,update,5438.0,557.2,4,557.2,5132.0,4992.0,5102.0,5006.0,5438.0,5438.0,available,"available is preprocessing completeness, not validated detection readiness; no population cutoff calibrated"
2025-10-01T00:00:00.000,1123059,삼성2동,12.830131124913734,4.579071773636992,26.70416525520206,12.46933025617355,1015.7986154715127,609.9256000062742,0.932054865424431,0.922486197377502,0.897101449275362,0.879965493443754,0.073103618679665,0.075046609312878,0.106089534805364,15.0,186.3,0.0,31,23,8,False,service,60plus,a2_age_features_v1,update,5796.0,890.38,8,890.38,5402.1900000000005,5199.6,5346.73,5100.28,5796.0,5796.0,available,"available is preprocessing completeness, not validated detection readiness; no population cutoff calibrated"
2025-10-01T00:00:00.000,1123060,대치1동,5.613601472134595,3.196398527865405,32.130660273867925,14.473010892375338,1074.6312002578452,576.4449072290378,0.963338590956888,0.946125131440589,0.947034700315458,0.933406940063092,0.162421993590825,0.122786304604486,0.072187552707033,15.0,186.3,0.0,31,23,8,False,service,20s,a2_age_features_v1,update,1902.0,59.29,4,59.29,1832.27,1801.2600000000002,1799.53,1775.34,1902.0,1902.0,available,"available is preprocessing completeness, not validated detection readiness; no population cutoff calibrated"
2025-10-01T00:00:00.000,1123060,대치1동,12.384735099337748,5.771307947019867,33.37902239932591,16.53409536145066,1159.9747784108895,754.8893401300182,0.943145695364238,0.941423841059603,0.92033940397351,0.914288079470199,0.110763845480685,0.087135891986498,0.078259782472809,15.0,186.3,0.0,31,23,8,False,service,30s,a2_age_features_v1,update,1208.0,79.99000000000001,4,79.99000000000001,1139.32,1111.77,1137.24,1104.46,1208.0,1208.0,available,"available is preprocessing completeness, not validated detection readiness; no population cutoff calibrated"
2025-10-01T00:00:00.000,1123060,대치1동,17.290348677766893,7.624654260528893,36.27028518807787,15.440840287836426,1415.8942337961482,767.9335367384863,0.945541625857003,0.949067580803134,0.930444662095984,0.936070519098923,0.108262924244594,0.058857224688529,0.083918086782185,15.0,186.3,0.0,31,23,8,False,service,40s,a2_age_features_v1,update,5105.0,69.83,4,69.83,4826.99,4749.92,4844.99,4778.639999999999,5105.0,5105.0,available,"available is preprocessing completeness, not validated detection readiness; no population cutoff calibrated"
2025-10-01T00:00:00.000,1123060,대치1동,15.654171721885207,6.582169855342977,37.80269005847953,15.965460396039607,1573.8250535540408,824.4704473161034,0.957536164255716,0.958469435370975,0.942603826411573,0.938870741950537,0.092599668831996,0.054005859126226,0.070309514711502,15.0,186.3,0.0,31,23,8,False,service,50s,a2_age_features_v1,update,4286.0,78.50999999999999,4,78.50999999999999,4104.0,4040.0,4108.0,4024.0,4286.0,4286.0,available,"available is preprocessing completeness, not validated detection readiness; no population cutoff calibrated"
2025-10-01T00:00:00.000,1123060,대치1동,12.483535452322739,4.718674816625916,30.407958693931736,13.745147516458008,1157.5923530897155,639.8656367242646,0.957726161369193,0.948885085574572,0.918466992665037,0.902330073349633,0.049790041991602,0.025569886022795,0.10869076184763,15.0,186.3,0.0,31,23,8,False,service,60plus,a2_age_features_v1,update,4090.0,266.72,8,266.72,3917.1,3756.5299999999997,3880.94,3690.5299999999997,4090.0,4090.0,available,"available is preprocessing completeness, not validated detection readiness; no population cutoff calibrated"
2025-10-01T00:00:00.000,1123063,대치4동,7.689329733163914,4.289199491740788,27.415183812560915,13.609437114211776,949.7818772585246,695.9837092372132,0.958278271918678,0.935324015247776,0.946407242693774,0.922976493011436,0.107617214500675,0.127662515818242,0.064612865148824,15.0,186.3,0.0,31,23,8,False,service,20s,a2_age_features_v1,update,3148.0,940.37,4,940.37,3016.66,2979.29,2944.4,2905.53,3148.0,3148.0,available,"available is preprocessing completeness, not validated detection readiness; no population cutoff calibrated"
2025-10-01T00:00:00.000,1123063,대치4동,13.171135294117647,6.133314705882353,28.525407958595526,14.354142723613926,998.7234888702411,806.267193526927,0.939938235294118,0.932317647058824,0.915673529411765,0.910741176470588,0.104166432576379,0.114728586356844,0.071367574187894,15.0,186.3,0.0,31,23,8,False,service,30s,a2_age_features_v1,update,3400.0,1779.94,4,1779.94,3195.79,3113.29,3169.88,3096.52,3400.0,3400.0,available,"available is preprocessing completeness, not validated detection readiness; no population cutoff calibrated"
2025-10-01T00:00:00.000,1123063,대치4동,16.233024498886415,6.853153674832963,29.106995666827157,13.426560477849677,1155.4102034883722,753.9076288144073,0.925167037861915,0.919376391982183,0.894877505567929,0.890423162583519,0.115891910030667,0.131700860357379,0.061026649639731,15.0,186.3,0.0,31,23,8,False,service,40s,a2_age_features_v1,update,4490.0,1072.81,4,1072.81,4154.0,4018.0,4128.0,3998.0,4490.0,4490.0,available,"available is preprocessing completeness, not validated detection readiness; no population cutoff calibrated"
2025-10-01T00:00:00.000,1123063,대치4동,16.384404049700873,6.419907961343764,31.147830609212484,13.785355498721229,1319.9318331668333,783.3520932642488,0.929130234698573,0.921306948918546,0.899677864703175,0.888173032673723,0.130341136902099,0.113640505658002,0.071507861557069,15.0,186.3,0.0,31,23,8,False,service,50s,a2_age_features_v1,update,4346.0,603.5699999999999,4,603.5699999999999,4038.0,3910.0,4004.0,3860.0,4346.0,4346.0,available,"available is preprocessing completeness, not validated detection readiness; no population cutoff calibrated"
2025-10-01T00:00:00.000,1123063,대치4동,13.530227338968233,4.570405129699797,24.747321896972707,11.864706387299552,912.3494775073276,588.4524044549494,0.932255902069368,0.914835324978141,0.872605654328184,0.852081025939959,0.086801240017715,0.092287032671895,0.071129587565537,15.0,186.3,0.0,31,23,8,False,service,60plus,a2_age_features_v1,update,3431.0,699.99,8,699.99,3198.5699999999997,2993.91,3138.8,2923.49,3431.0,3431.0,available,"available is preprocessing completeness, not validated detection readiness; no population cutoff calibrated"
2025-10-01T00:00:00.000,1123064,역삼1동,10.370709278350514,5.076042611683849,29.584041866902353,15.588033322293764,1093.8947980129199,894.5924517043784,0.967359450171821,0.966241924398626,0.958750515463918,0.9588,0.076471450178444,0.088993584951583,0.102702863798811,15.0,186.3,0.0,31,23,8,False,service,20s,a2_age_features_v1,update,7275.0,4026.4700000000003,4,4026.4700000000003,7037.54,6974.91,7029.41,6975.27,7275.0,7275.0,available,"available is preprocessing completeness, not validated detection readiness; no population cutoff calibrated"
2025-10-01T00:00:00.000,1123064,역삼1동,13.325278356653765,5.969023518904437,28.961019730788163,14.860965934252178,1051.412580938005,849.3194805863199,0.927438721841818,0.923692567232311,0.907566736131785,0.902384638285204,0.116346946282983,0.131633354340678,0.072031904548708,15.0,186.3,0.0,31,23,8,False,service,30s,a2_age_features_v1,update,10077.0,7013.42,4,7013.42,9345.8,9145.55,9308.05,9093.33,10077.0,10077.0,available,"available is preprocessing completeness, not validated detection readiness; no population cutoff calibrated"
2025-10-01T00:00:00.000,1123064,역삼1동,15.885592405671712,6.484381158375391,27.69804151144226,13.609297463061054,1059.9011860776438,743.7151134136096,0.903148281663062,0.897620764239366,0.862052391252103,0.858207161739966,0.136446768955203,0.168403760474764,0.074751637094563,15.0,186.3,0.0,31,23,8,False,service,40s,a2_age_features_v1,update,8322.0,3975.0299999999997,4,3975.0299999999997,7516.0,7174.0,7470.0,7142.0,8322.0,8322.0,available,"available is preprocessing completeness, not validated detection readiness; no population cutoff calibrated"
2025-10-01T00:00:00.000,1123064,역삼1동,16.812024320457795,6.136140915593706,29.53089179548157,14.497053719008266,1212.5450659208948,812.1574656106712,0.902360515021459,0.895207439198856,0.86552217453505,0.858011444921316,0.170589834641971,0.136364759872459,0.087984971945985,15.0,186.3,0.0,31,23,8,False,service,50s,a2_age_features_v1,update,5592.0,1213.73,4,1213.73,5046.0,4840.0,5006.0,4798.0,5592.0,5592.0,available,"available is preprocessing completeness, not validated detection readiness; no population cutoff calibrated"
2025-10-01T00:00:00.000,1123064,역삼1동,14.141482077542063,4.734756400877835,25.65133602592551,12.893714610042736,938.5973326330669,626.7542017617136,0.916474030724214,0.902572055596196,0.87643013899049,0.86170007315289,0.097651923248918,0.11252605725372,0.123630059235104,15.0,186.3,0.0,31,23,8,False,service,60plus,a2_age_features_v1,update,6835.0,1453.53,8,1453.53,6264.1,5990.4,6169.08,5889.72,6835.0,6835.0,available,"available is preprocessing completeness, not validated detection readiness; no population cutoff calibrated"
2025-10-01T00:00:00.000,1123065,역삼2동,7.944573643410854,4.021412853213303,31.01608309539101,15.334444221947136,1117.9505981677978,773.6939886534342,0.969489872468117,0.962470617654414,0.961550387596899,0.953830957739435,0.098193129168058,0.097004291216442,0.065410515515964,15.0,186.3,0.0,31,23,8,False,service,20s,a2_age_features_v1,update,3999.0,1228.0900000000001,4,1228.0900000000001,3876.99,3845.24,3848.92,3814.37,3999.0,3999.0,available,"available is preprocessing completeness, not validated detection readiness; no population cutoff calibrated"
2025-10-01T00:00:00.000,1123065,역삼2동,13.043732057416268,5.841941786283892,30.593990751430447,15.26686392116729,1057.4983655193614,825.2450201684055,0.944583333333333,0.940360845295056,0.923361244019139,0.920775518341308,0.105626867992329,0.111713859567288,0.061532171218953,15.0,186.3,0.0,31,23,8,False,service,30s,a2_age_features_v1,update,5016.0,1736.49,4,1736.49,4738.03,4631.58,4716.85,4618.61,5016.0,5016.0,available,"available is preprocessing completeness, not validated detection readiness; no population cutoff calibrated"
2025-10-01T00:00:00.000,1123065,역삼2동,15.749659156556902,6.650769497400347,32.342284237219616,14.418663745837943,1217.4473558210645,758.4491487823544,0.9431426920855,0.941986135181976,0.925113807047949,0.926962449451184,0.107271583734488,0.10219163501778,0.055564962867994,15.0,186.3,0.0,31,23,8,False,service,40s,a2_age_features_v1,update,8655.0,826.78,4,826.78,8162.9,8006.86,8152.89,8022.86,8655.0,8655.0,available,"available is preprocessing completeness, not validated detection readiness; no population cutoff calibrated"
2025-10-01T00:00:00.000,1123065,역삼2동,15.832425669708568,6.207954077126877,34.672493014591744,15.017697704081632,1377.735613926018,788.7435111821086,0.94818957904033,0.947012069473064,0.923167500735944,0.921401236385046,0.108113322828569,0.097967649612503,0.060472071260893,15.0,186.3,0.0,31,23,8,False,service,50s,a2_age_features_v1,update,6794.0,621.9399999999999,4,621.9399999999999,6442.0,6272.0,6434.0,6260.0,6794.0,6794.0,available,"available is preprocessing completeness, not validated detection readiness; no population cutoff calibrated"
2025-10-01T00:00:00.000,1123065,역삼2동,12.516761011852115,4.382404033256678,26.045904690919887,12.473395996156627,954.4236216861752,601.2481719256091,0.935108791791969,0.924302140456395,0.89291526623032,0.871657526976826,0.071068791138224,0.089641194413228,0.078985390913469,15.0,186.3,0.0,31,23,8,False,service,60plus,a2_age_features_v1,update,5653.0,996.6400000000001,8,996.6400000000001,5286.17,5047.65,5225.08,4927.48,5653.0,5653.0,available,"available is preprocessing completeness, not validated detection readiness; no population cutoff calibrated"
2025-10-01T00:00:00.000,1123066,도곡1동,7.458072740907387,3.804836895388076,34.186431153454386,15.98379401045916,1277.423533682288,776.053866654253,0.979175103112111,0.97923134608174,0.965061867266592,0.966557930258718,0.105747525612085,0.069224981188864,0.091364241477108,15.0,186.3,0.0,31,23,8,False,service,20s,a2_age_features_v1,update,2667.0,345.54,4,345.54,2611.46,2573.82,2611.61,2577.81,2667.0,2667.0,available,"available is preprocessing completeness, not validated detection readiness; no population cutoff calibrated"
2025-10-01T00:00:00.000,1123066,도곡1동,11.871608269096006,5.490024526979678,35.584613413118326,16.725378898252814,1375.0513670764753,865.9610112718512,0.955616678346181,0.950473020322354,0.925903994393833,0.932238962859145,0.103594369277026,0.055384720513872,0.086340030066967,15.0,186.3,0.0,31,23,8,False,service,30s,a2_age_features_v1,update,2854.0,585.36,4,585.36,2727.33,2642.53,2712.65,2660.61,2854.0,2854.0,available,"available is preprocessing completeness, not validated detection readiness; no population cutoff calibrated"
2025-10-01T00:00:00.000,1123066,도곡1동,15.463253473885961,6.682395783421178,35.040519939424534,15.464579487179487,1351.860323069157,770.4380532786885,0.949209391471011,0.949209391471011,0.934355534259703,0.935313847628174,0.097406034939121,0.056922348221002,0.073667493243432,15.0,186.3,0.0,31,23,8,False,service,40s,a2_age_features_v1,update,4174.0,358.90999999999997,4,358.90999999999997,3962.0,3900.0,3962.0,3904.0,4174.0,4174.0,available,"available is preprocessing completeness, not validated detection readiness; no population cutoff calibrated"
2025-10-01T00:00:00.000,1123066,도곡1동,15.011568839599674,6.041860968352718,36.4682026370576,15.978577235772358,1471.4799954628595,826.4826631701632,0.954949959426562,0.953868001081958,0.931566134703814,0.928320259670003,0.099476151089054,0.057899090157155,0.060435621725944,15.0,186.3,0.0,31,23,8,False,service,50s,a2_age_features_v1,update,3697.0,181.35,4,181.35,3530.45,3444.0,3526.45,3432.0,3697.0,3697.0,available,"available is preprocessing completeness, not validated detection readiness; no population cutoff calibrated"
2025-10-01T00:00:00.000,1123066,도곡1동,13.098644965934897,4.679780469341408,28.375412313189997,13.162160128135362,1081.4927884931788,609.9579267233968,0.959625283875852,0.954704769114307,0.921621877365632,0.902494322482967,0.06133133881825,0.03715364143953,0.073942008314345,15.0,186.3,0.0,31,23,8,False,service,60plus,a2_age_features_v1,update,5284.0,574.91,8,574.91,5070.66,4869.85,5044.66,4768.78,5284.0,5284.0,available,"available is preprocessing completeness, not validated detection readiness; no population cutoff calibrated"
2025-10-01T00:00:00.000,1123067,도곡2동,6.73014343623324,3.461502962270034,34.350224420988106,15.681058249387553,1103.9388003740696,673.1699061174351,0.976632366697848,0.970289990645463,0.966083567196757,0.951902089179919,0.114775479783864,0.103689211850196,0.06856716974101,15.0,186.3,0.0,31,23,8,False,service,20s,a2_age_features_v1,update,3207.0,107.34,4,107.34,3132.06,3098.23,3111.7200000000003,3052.75,3207.0,3207.0,available,"available is preprocessing completeness, not validated detection readiness; no population cutoff calibrated"
2025-10-01T00:00:00.000,1123067,도곡2동,12.755986415560358,5.73274158690954,35.08429668031041,16.609034330575287,1149.8490305285954,774.1730085875233,0.956430997221364,0.962256869404137,0.933210867551714,0.940500154368632,0.105527638190955,0.091423504074997,0.07605253156539,15.0,186.3,0.0,31,23,8,False,service,30s,a2_age_features_v1,update,3239.0,236.81,4,236.81,3097.88,3022.67,3116.75,3046.28,3239.0,3239.0,available,"available is preprocessing completeness, not validated detection readiness; no population cutoff calibrated"
2025-10-01T00:00:00.000,1123067,도곡2동,15.89246125232486,7.051661500309981,35.1565229337542,15.658372687642279,1312.396059596665,767.2364534870194,0.947667389956603,0.951997830130192,0.928660880347179,0.932650340979541,0.110010238118828,0.07288880081905,0.078206017371776,15.0,186.3,0.0,31,23,8,False,service,40s,a2_age_features_v1,update,6452.0,302.78999999999996,4,302.78999999999996,6114.35,5991.72,6142.29,6017.46,6452.0,6452.0,available,"available is preprocessing completeness, not validated detection readiness; no population cutoff calibrated"
2025-10-01T00:00:00.000,1123067,도곡2동,15.506459390862947,6.296430837563451,37.34795212765958,16.17514546684709,1523.5395418326696,840.9672998643148,0.954314720812183,0.955583756345178,0.937817258883249,0.935279187817259,0.108019341300976,0.070249064866344,0.055195693823556,15.0,186.3,0.0,31,23,8,False,service,50s,a2_age_features_v1,update,6304.0,219.22,4,219.22,6016.0,5912.0,6024.0,5896.0,6304.0,6304.0,available,"available is preprocessing completeness, not validated detection readiness; no population cutoff calibrated"
2025-10-01T00:00:00.000,1123067,도곡2동,13.114722561720852,4.94385724761672,29.574314681724847,13.461600429645543,1170.677114389234,626.3551024870183,0.952334392569054,0.94451234417013,0.910290882424835,0.89440234661452,0.054847459009707,0.073884493025532,0.076025776980178,15.0,186.3,0.0,31,23,8,False,service,60plus,a2_age_features_v1,update,8182.0,980.72,8,980.72,7792.0,7448.0,7728.0,7318.0,8182.0,8182.0,available,"available is preprocessing completeness, not validated detection readiness; no population cutoff calibrated"
2025-10-01T00:00:00.000,1123068,개포1동,6.49656862745098,3.35625,35.89667503136763,16.54730478589421,1194.8611904761906,705.2193813131313,0.97671568627451,0.977941176470588,0.973039215686274,0.970588235294118,0.136295798820984,0.063763898216551,0.055854040743228,15.0,186.3,0.0,31,23,8,False,service,20s,a2_age_features_v1,update,1632.0,268.02,4,268.02,1594.0,1588.0,1596.0,1584.0,1632.0,1632.0,available,"available is preprocessing completeness, not validated detection readiness; no population cutoff calibrated"
2025-10-01T00:00:00.000,1123068,개포1동,13.101205564142195,5.898253477588872,37.55998393574296,18.026911764705883,1275.7169477911648,845.3322340425532,0.962132921174652,0.962132921174652,0.945904173106646,0.94435857805255,0.107955579828873,0.041441173063238,0.049219668007216,15.0,186.3,0.0,31,23,8,False,service,30s,a2_age_features_v1,update,2588.0,604.23,4,604.23,2490.0,2448.0,2490.0,2444.0,2588.0,2588.0,available,"available is preprocessing completeness, not validated detection readiness; no population cutoff calibrated"
2025-10-01T00:00:00.000,1123068,개포1동,16.06285936285936,7.000808080808081,38.30164439044148,17.70200494030465,1437.4879081015722,845.3585405625764,0.959207459207459,0.963869463869464,0.943667443667444,0.952991452991453,0.089671607300825,0.030781173836905,0.066906176093589,15.0,186.3,0.0,31,23,8,False,service,40s,a2_age_features_v1,update,5148.0,553.91,4,553.91,4938.0,4858.0,4962.0,4906.0,5148.0,5148.0,available,"available is preprocessing completeness, not validated detection readiness; no population cutoff calibrated"
2025-10-01T00:00:00.000,1123068,개포1동,16.154520872865273,6.456669829222013,40.73823964497042,17.61314342828586,1652.8721062992124,892.6988023952096,0.962049335863378,0.963946869070209,0.949240986717268,0.950664136622391,0.081092616303884,0.027214983304461,0.055986543144787,15.0,186.3,0.0,31,23,8,False,service,50s,a2_age_features_v1,update,4216.0,398.31,4,398.31,4056.0,4002.0,4064.0,4008.0,4216.0,4216.0,available,"available is preprocessing completeness, not validated detection readiness; no population cutoff calibrated"
2025-10-01T00:00:00.000,1123068,개포1동,12.572909024211299,4.954508437270726,31.5400531712875,13.943649863227824,1188.0564741873804,634.2032344800316,0.965884079236977,0.959280997798973,0.938738077769626,0.927732942039618,0.050381597907883,0.022372845172653,0.067812349895928,15.0,186.3,0.0,31,23,8,False,service,60plus,a2_age_features_v1,update,5452.0,936.85,8,936.85,5266.0,5118.0,5230.0,5058.0,5452.0,5452.0,available,"available is preprocessing completeness, not validated detection readiness; no population cutoff calibrated"
2025-10-01T00:00:00.000,1123071,개포4동,7.484998260869566,3.640566956521739,34.82958992259612,16.570031992933547,1199.186909643371,775.9911030590879,0.980514782608696,0.978730434782609,0.968692173913043,0.965220869565218,0.101170177198261,0.076061517886994,0.072617853560682,15.0,186.3,0.0,31,23,8,False,service,20s,a2_age_features_v1,update,2875.0,299.1,4,299.1,2818.98,2784.99,2813.85,2775.0099999999998,2875.0,2875.0,available,"available is preprocessing completeness, not validated detection readiness; no population cutoff calibrated"
2025-10-01T00:00:00.000,1123071,개포4동,12.69462957453139,5.641184171377566,36.61560471579842,16.95103434290947,1253.5199057640273,837.7967348765424,0.951684022612318,0.947819101457899,0.939038976495091,0.940734900327283,0.105411212575274,0.05961098074694,0.073195555681208,15.0,186.3,0.0,31,23,8,False,service,30s,a2_age_features_v1,update,3361.0,707.42,4,707.42,3198.61,3156.1099999999997,3185.62,3161.81,3361.0,3361.0,available,"available is preprocessing completeness, not validated detection readiness; no population cutoff calibrated"
2025-10-01T00:00:00.000,1123071,개포4동,16.1084390896921,6.501001338688086,36.04052460147366,16.89206205245108,1334.6264082380485,835.6368342828692,0.946929049531459,0.946923694779116,0.931370816599732,0.935659973226238,0.107538867703139,0.051139141488217,0.06983475114892,15.0,186.3,0.0,31,23,8,False,service,40s,a2_age_features_v1,update,3735.0,511.35,4,511.35,3536.7799999999997,3478.67,3536.76,3494.69,3735.0,3735.0,available,"available is preprocessing completeness, not validated detection readiness; no population cutoff calibrated"
2025-10-01T00:00:00.000,1123071,개포4동,16.535847457627117,6.022759533898305,36.49975165153107,16.280341565889785,1364.3255396862562,863.9821933763171,0.962929025423729,0.961427436440678,0.948011122881356,0.944303495762712,0.081598474698547,0.046222817685252,0.060110275172627,15.0,186.3,0.0,31,23,8,False,service,50s,a2_age_features_v1,update,3776.0,388.12,4,388.12,3636.02,3579.69,3630.35,3565.69,3776.0,3776.0,available,"available is preprocessing completeness, not validated detection readiness; no population cutoff calibrated"
2025-10-01T00:00:00.000,1123071,개포4동,13.450952916901144,4.491973363346464,29.60997194312646,13.760265662938243,1009.3420570339476,619.3647318979816,0.94804351903958,0.940904145563684,0.923213280810354,0.913764772087788,0.078264559013914,0.041688878251504,0.079700605968298,15.0,186.3,0.0,31,23,8,False,service,60plus,a2_age_features_v1,update,5331.0,919.19,8,919.19,5054.02,4921.65,5015.96,4871.28,5331.0,5331.0,available,"available is preprocessing completeness, not validated detection readiness; no population cutoff calibrated"
2025-10-01T00:00:00.000,1123072,일원본동,6.627802469135803,3.206736625514403,33.98535386617959,16.540823941681634,1191.2069946689796,742.0684343638997,0.980061728395062,0.977275720164609,0.951213991769547,0.954633744855967,0.114253308128544,0.106465028355388,0.061701323251418,15.0,186.3,0.0,31,23,8,False,service,20s,a2_age_features_v1,update,2430.0,132.25,4,132.25,2381.55,2311.45,2374.78,2319.76,2430.0,2430.0,available,"available is preprocessing completeness, not validated detection readiness; no population cutoff calibrated"
2025-10-01T00:00:00.000,1123072,일원본동,11.199461966604824,4.94347680890538,36.00237356477077,17.246364735029303,1281.2081182690195,883.4036436281282,0.947855287569573,0.945424860853432,0.921094619666048,0.924051948051948,0.116620516453088,0.116684912099942,0.059887951574474,15.0,186.3,0.0,31,23,8,False,service,30s,a2_age_features_v1,update,2695.0,155.29000000000002,4,155.29000000000002,2554.4700000000003,2482.35,2547.92,2490.32,2695.0,2695.0,available,"available is preprocessing completeness, not validated detection readiness; no population cutoff calibrated"
2025-10-01T00:00:00.000,1123072,일원본동,14.469430860033723,6.180514333895447,36.86859388646288,16.625751896474785,1399.71037521815,842.98996446024,0.965430016863406,0.966273187183811,0.944772344013491,0.948988195615514,0.084703710114823,0.073105995037794,0.067220587386764,15.0,186.3,0.0,31,23,8,False,service,40s,a2_age_features_v1,update,4744.0,173.31,4,173.31,4580.0,4482.0,4584.0,4502.0,4744.0,4744.0,available,"available is preprocessing completeness, not validated detection readiness; no population cutoff calibrated"
2025-10-01T00:00:00.000,1123072,일원본동,14.728984220907298,5.843944773175543,39.13037187977585,16.873276485788114,1501.6257070193287,887.5795090439277,0.967948717948718,0.969428007889546,0.95414201183432,0.95414201183432,0.081339193662163,0.052797221770036,0.051277877258668,15.0,186.3,0.0,31,23,8,False,service,50s,a2_age_features_v1,update,4056.0,184.29000000000002,4,184.29000000000002,3926.0,3870.0,3932.0,3870.0,4056.0,4056.0,available,"available is preprocessing completeness, not validated detection readiness; no population cutoff calibrated"
2025-10-01T00:00:00.000,1123072,일원본동,12.26630209965528,4.351864619241617,31.301120129870128,14.038034102306918,1143.0503745928338,650.960496789456,0.965214666248825,0.962080852397368,0.937323722970856,0.927295518646192,0.055187733183808,0.067965666716988,0.115723867238888,15.0,186.3,0.0,31,23,8,False,service,60plus,a2_age_features_v1,update,6382.0,927.38,8,927.38,6160.0,5982.0,6140.0,5918.0,6382.0,6382.0,available,"available is preprocessing completeness, not validated detection readiness; no population cutoff calibrated"
2025-10-01T00:00:00.000,1123073,일원1동,7.634570114942528,3.831908045977011,32.26084637221578,15.886403040720474,1133.4546574815126,795.3344315262357,0.968514942528736,0.967411494252874,0.949563218390805,0.950275862068966,0.125056368630345,0.10822777026196,0.063788791866519,15.0,186.3,0.0,31,23,8,False,service,20s,a2_age_features_v1,update,2175.0,487.86,4,487.86,2106.5200000000004,2065.3,2104.12,2066.85,2175.0,2175.0,available,"available is preprocessing completeness, not validated detection readiness; no population cutoff calibrated"
2025-10-01T00:00:00.000,1123073,일원1동,11.996342326404246,5.150415745245467,34.782190831332876,16.85853762364438,1228.1091080882418,896.4465699522295,0.948850066342326,0.950703228659885,0.927797434763379,0.929553295002212,0.113990520680602,0.070583421420534,0.077846353189893,15.0,186.3,0.0,31,23,8,False,service,30s,a2_age_features_v1,update,2261.0,586.54,4,586.54,2145.35,2097.75,2149.54,2101.72,2261.0,2261.0,available,"available is preprocessing completeness, not validated detection readiness; no population cutoff calibrated"
2025-10-01T00:00:00.000,1123073,일원1동,13.888730420445176,5.88760098928277,34.65884283246978,15.796916299559472,1235.1750734658601,779.8998591549296,0.954657873042044,0.953833470733718,0.935696619950536,0.936521022258862,0.094692226182449,0.056304787592717,0.117618726519603,15.0,186.3,0.0,31,23,8,False,service,40s,a2_age_features_v1,update,2426.0,415.24,4,415.24,2316.0,2270.0,2314.0,2272.0,2426.0,2426.0,available,"available is preprocessing completeness, not validated detection readiness; no population cutoff calibrated"
2025-10-01T00:00:00.000,1123073,일원1동,15.482851681957186,5.73302752293578,35.93013233116232,16.16830962033449,1319.4298876668192,834.8785601721811,0.96019877675841,0.960990061162079,0.940087920489297,0.943107798165138,0.08322188788588,0.05898250306475,0.100663100412348,15.0,186.3,0.0,31,23,8,False,service,50s,a2_age_features_v1,update,2616.0,358.92,4,358.92,2511.88,2459.27,2513.95,2467.17,2616.0,2616.0,available,"available is preprocessing completeness, not validated detection readiness; no population cutoff calibrated"
2025-10-01T00:00:00.000,1123073,일원1동,12.30618479307026,4.012816169393648,27.040863411325596,12.6930834423139,891.2510100243636,559.5807919047239,0.947915303176131,0.938617901828681,0.90670259865255,0.889122232916266,0.083698159702197,0.076692182666597,0.11216772400776,15.0,186.3,0.0,31,23,8,False,service,60plus,a2_age_features_v1,update,5195.0,1525.8400000000001,8,1525.8400000000001,4924.42,4710.32,4876.12,4618.99,5195.0,5195.0,available,"available is preprocessing completeness, not validated detection readiness; no population cutoff calibrated"
2025-10-01T00:00:00.000,1123074,일원2동,6.716140684410647,3.390570342205323,34.82155715933091,15.826781628842665,1162.3047812195598,732.9540268172102,0.978187579214195,0.975855513307985,0.963929024081115,0.957522179974651,0.0,0.0,0.0,15.0,186.3,0.0,31,23,8,True,service,20s,a2_age_features_v1,update,1578.0,123.28,4,123.28,1543.58,1521.08,1539.9,1510.97,1578.0,1578.0,review_required,"available is preprocessing completeness, not validated detection readiness; no population cutoff calibrated"
2025-10-01T00:00:00.000,1123074,일원2동,11.910478331970564,5.224194603434178,36.447363678276545,16.689745236318085,1302.3949923311593,853.1791225819783,0.975429272281276,0.970253475061324,0.953058053965658,0.949787408013082,0.0,0.0,0.0,15.0,186.3,0.0,31,23,8,True,service,30s,a2_age_features_v1,update,2446.0,329.97,4,329.97,2385.9,2331.1800000000003,2373.2400000000002,2323.1800000000003,2446.0,2446.0,review_required,"available is preprocessing completeness, not validated detection readiness; no population cutoff calibrated"
2025-10-01T00:00:00.000,1123074,일원2동,13.638049161139287,5.950803745610613,36.42089482981789,16.19137032364802,1324.0262438840493,828.5454606253343,0.958556379243075,0.962508778774873,0.943328131096372,0.941018337885291,0.0,0.0,0.0,15.0,186.3,0.0,31,23,8,True,service,40s,a2_age_features_v1,update,2563.0,222.64,4,222.64,2456.78,2417.75,2466.91,2411.83,2563.0,2563.0,review_required,"available is preprocessing completeness, not validated detection readiness; no population cutoff calibrated"
2025-10-01T00:00:00.000,1123074,일원2동,14.929708211754896,5.668095039599834,37.034095023112684,15.84280561866287,1424.9523179487178,862.4195813027325,0.965781575656524,0.95508545227178,0.94308461859108,0.935731554814506,0.0,0.0,0.0,15.0,186.3,0.0,31,23,8,True,service,50s,a2_age_features_v1,update,2399.0,237.48000000000002,4,237.48000000000002,2316.91,2262.46,2291.25,2244.82,2399.0,2399.0,review_required,"available is preprocessing completeness, not validated detection readiness; no population cutoff calibrated"
2025-10-01T00:00:00.000,1123074,일원2동,11.814897689768975,4.097113311331134,27.218670708944465,12.823671175178728,904.2448699313551,577.4802645703724,0.953617161716172,0.938490649064907,0.902664466446644,0.891579757975798,0.0,0.0,0.0,15.0,186.3,0.0,31,23,8,True,service,60plus,a2_age_features_v1,update,4545.0,1474.4,8,1474.4,4334.19,4102.61,4265.44,4052.23,4545.0,4545.0,review_required,"available is preprocessing completeness, not validated detection readiness; no population cutoff calibrated"
2025-10-01T00:00:00.000,1123075,수서동,7.431202113606341,3.559801849405548,37.90502118443317,18.088130541564336,1271.5302162902215,839.9697430702065,0.975891677675033,0.979346103038309,0.952034346103038,0.948606340819022,0.128243190912611,0.069639860591197,0.083451658706596,15.0,186.3,0.0,31,23,8,False,service,20s,a2_age_features_v1,update,1514.0,154.94,4,154.94,1477.5,1441.38,1482.73,1436.19,1514.0,1514.0,available,"available is preprocessing completeness, not validated detection readiness; no population cutoff calibrated"
2025-10-01T00:00:00.000,1123075,수서동,11.492153641207816,5.004311722912965,39.175584125898055,17.891359844504173,1458.9121293057476,888.3620875650524,0.973468028419183,0.982566607460036,0.954946714031972,0.950523978685613,0.11059866962306,0.049933481152993,0.076481892091648,15.0,186.3,0.0,31,23,8,False,service,30s,a2_age_features_v1,update,2252.0,338.25,4,338.25,2192.25,2150.54,2212.7400000000002,2140.58,2252.0,2252.0,available,"available is preprocessing completeness, not validated detection readiness; no population cutoff calibrated"
2025-10-01T00:00:00.000,1123075,수서동,12.355977157360407,5.123096446700508,35.53343529191767,16.15736131871782,1311.8758180906202,720.2006760837122,0.95008883248731,0.94876269035533,0.916903553299492,0.914118020304569,0.144727815063386,0.091096196868009,0.110782997762864,15.0,186.3,0.0,31,23,8,False,service,40s,a2_age_features_v1,update,1576.0,335.25,4,335.25,1497.3400000000001,1445.04,1495.25,1440.65,1576.0,1576.0,available,"available is preprocessing completeness, not validated detection readiness; no population cutoff calibrated"
2025-10-01T00:00:00.000,1123075,수서동,14.763417172593236,5.603278404163053,37.621936407052644,16.83555183219348,1359.0595775189938,801.2428130899642,0.960685169124024,0.957771032090199,0.917506504770165,0.927996530789246,0.141117509063766,0.066560034122414,0.131541906589891,15.0,186.3,0.0,31,23,8,False,service,50s,a2_age_features_v1,update,2306.0,468.9,4,468.9,2215.34,2115.77,2208.62,2139.96,2306.0,2306.0,available,"available is preprocessing completeness, not validated detection readiness; no population cutoff calibrated"
2025-10-01T00:00:00.000,1123075,수서동,10.858800541871922,3.695824433497537,28.476899015068977,13.413375486241177,833.2583977239675,524.6268007000617,0.96011658456486,0.95404105090312,0.911789819376026,0.905385878489327,0.11807146723615,0.059951504905123,0.196631296391045,15.0,186.3,0.0,31,23,8,False,service,60plus,a2_age_features_v1,update,6090.0,2697.1800000000003,8,2697.1800000000003,5847.11,5552.8,5810.11,5513.8,6090.0,6090.0,available,"available is preprocessing completeness, not validated detection readiness; no population cutoff calibrated"
2025-10-01T00:00:00.000,1123076,세곡동,7.35538282571912,3.941336717428088,36.09113389887435,16.584734070365947,1423.8569904983221,911.4616111374803,0.97611040609137,0.973868443316413,0.958669627749577,0.96251269035533,0.103629308377083,0.085140378908925,0.068431864871034,15.0,186.3,0.0,31,23,8,False,service,20s,a2_age_features_v1,update,4728.0,876.2,4,876.2,4615.05,4532.59,4604.45,4550.76,4728.0,4728.0,available,"available is preprocessing completeness, not validated detection readiness; no population cutoff calibrated"
2025-10-01T00:00:00.000,1123076,세곡동,12.397871301350188,5.655076127549554,38.806214610469866,17.740380363046295,1440.1302392380057,962.9443865265606,0.95882648664177,0.966332950301638,0.948911232404481,0.958358230393565,0.096880756861398,0.074680738127205,0.056208823804915,15.0,186.3,0.0,31,23,8,False,service,30s,a2_age_features_v1,update,6962.0,1601.35,4,1601.35,6675.35,6606.32,6727.61,6672.09,6962.0,6962.0,available,"available is preprocessing completeness, not validated detection readiness; no population cutoff calibrated"
2025-10-01T00:00:00.000,1123076,세곡동,15.427362355953905,6.291441741357235,38.64923556519382,17.040818953711312,1502.77109795479,891.8568391115926,0.944686299615877,0.951600512163892,0.934955185659411,0.945454545454545,0.105157061730386,0.084411320885121,0.049854284496562,15.0,186.3,0.0,31,23,8,False,service,40s,a2_age_features_v1,update,7810.0,868.13,4,868.13,7378.0,7302.0,7432.0,7384.0,7810.0,7810.0,available,"available is preprocessing completeness, not validated detection readiness; no population cutoff calibrated"
2025-10-01T00:00:00.000,1123076,세곡동,16.253453859456062,5.746544568464079,39.28152421980335,16.730318842870425,1634.3816763911987,923.4255878427718,0.956107530262537,0.958651155478698,0.934936330765603,0.93648011318975,0.095468684860341,0.094410415931758,0.068226277138184,15.0,186.3,0.0,31,23,8,False,service,50s,a2_age_features_v1,update,6361.0,623.66,4,623.66,6081.8,5947.13,6097.98,5956.95,6361.0,6361.0,available,"available is preprocessing completeness, not validated detection readiness; no population cutoff calibrated"
2025-10-01T00:00:00.000,1123076,세곡동,12.394335543090259,4.025852116267211,29.94872023625069,13.689659875901441,1099.8470792551595,621.5574223327476,0.937991840897501,0.935211626721061,0.893665476797552,0.889134115247323,0.085543995556156,0.132734815615507,0.121450054296967,15.0,186.3,0.0,31,23,8,False,service,60plus,a2_age_features_v1,update,9805.0,1998.27,8,1998.27,9197.01,8762.39,9169.75,8717.96,9805.0,9805.0,available,"available is preprocessing completeness, not validated detection readiness; no population cutoff calibrated"
2025-10-01T00:00:00.000,1123077,압구정동,7.684905736060971,3.760356999598877,33.6813436850269,15.81487651325589,1062.4215043749634,647.6715075180296,0.972354592860008,0.969121540312876,0.950617729643,0.943313277176093,0.12373786407767,0.103349514563107,0.064466019417476,15.0,186.3,0.0,31,23,8,False,service,20s,a2_age_features_v1,update,2493.0,206.0,4,206.0,2424.08,2369.89,2416.02,2351.68,2493.0,2493.0,available,"available is preprocessing completeness, not validated detection readiness; no population cutoff calibrated"
2025-10-01T00:00:00.000,1123077,압구정동,13.49072627501614,5.89994835377663,33.72387699983579,16.256286313592938,1148.5163824649458,777.8786461509727,0.92385732730794,0.919673983214977,0.891003873466753,0.898712072304713,0.133958027224086,0.094119930137784,0.071414709877741,15.0,186.3,0.0,31,23,8,False,service,30s,a2_age_features_v1,update,3098.0,360.71,4,360.71,2862.11,2760.33,2849.15,2784.21,3098.0,3098.0,available,"available is preprocessing completeness, not validated detection readiness; no population cutoff calibrated"
2025-10-01T00:00:00.000,1123077,압구정동,17.117284454955925,7.091472801548055,34.90620726994031,16.171797715961265,1261.8348226494425,767.4834194796189,0.917353257364008,0.916400774027091,0.891644807568265,0.896007310255859,0.122721325774095,0.075301642680622,0.068411106265446,15.0,186.3,0.0,31,23,8,False,service,40s,a2_age_features_v1,update,4651.0,343.95,4,343.95,4266.61,4147.04,4262.18,4167.33,4651.0,4651.0,available,"available is preprocessing completeness, not validated detection readiness; no population cutoff calibrated"
2025-10-01T00:00:00.000,1123077,압구정동,15.757760372565624,6.517950889077053,37.08357889949977,16.391540968342643,1402.4914589941095,790.2386200466201,0.930990685859441,0.934377646062659,0.909398814563929,0.908128704487722,0.122673823228221,0.063844062290335,0.062961262756453,15.0,186.3,0.0,31,23,8,False,service,50s,a2_age_features_v1,update,4724.0,283.19,4,283.19,4398.0,4296.0,4414.0,4290.0,4724.0,4724.0,available,"available is preprocessing completeness, not validated detection readiness; no population cutoff calibrated"
2025-10-01T00:00:00.000,1123077,압구정동,12.888015395718066,4.82875390906904,29.81152532905518,13.66906272635086,1062.1235307131935,594.0885019348842,0.943154919413038,0.936167909550156,0.896709165263411,0.87743685350012,0.048083418770813,0.025686877597895,0.142787884568004,15.0,186.3,0.0,31,23,8,False,service,60plus,a2_age_features_v1,update,8314.0,1258.23,8,1258.23,7841.39,7455.24,7783.3,7295.01,8314.0,8314.0,available,"available is preprocessing completeness, not validated detection readiness; no population cutoff calibrated"
2025-10-01T00:00:00.000,1123078,청담동,8.872199333535292,3.991199636473796,33.3564442926866,16.0835068108376,1143.2866398906813,752.4121192779305,0.967046349591033,0.966576794910633,0.953405028779158,0.950178733717055,0.111920242739489,0.088131772865193,0.08383181621153,15.0,186.3,0.0,31,23,8,False,service,20s,a2_age_features_v1,update,3301.0,576.75,4,576.75,3192.2200000000003,3147.1899999999996,3190.67,3136.54,3301.0,3301.0,available,"available is preprocessing completeness, not validated detection readiness; no population cutoff calibrated"
2025-10-01T00:00:00.000,1123078,청담동,14.439776442307693,6.054444711538461,34.687411791616626,16.991473902886522,1194.1118218117517,801.9460220905272,0.924793269230769,0.927120192307692,0.901403846153846,0.908194711538462,0.135019389330221,0.085934264523173,0.075317194382742,15.0,186.3,0.0,31,23,8,False,service,30s,a2_age_features_v1,update,4160.0,1062.44,4,1062.44,3847.14,3749.84,3856.8199999999997,3778.09,4160.0,4160.0,available,"available is preprocessing completeness, not validated detection readiness; no population cutoff calibrated"
2025-10-01T00:00:00.000,1123078,청담동,17.399646758922067,7.037727603787326,35.01404752475248,16.70785016286645,1227.2634146341463,799.4329335494327,0.919519300801165,0.92571012381646,0.894391842680262,0.898761835396941,0.125048159658901,0.080818328924049,0.055916574628207,15.0,186.3,0.0,31,23,8,False,service,40s,a2_age_features_v1,update,5492.0,778.66,4,778.66,5050.0,4912.0,5084.0,4936.0,5492.0,5492.0,available,"available is preprocessing completeness, not validated detection readiness; no population cutoff calibrated"
2025-10-01T00:00:00.000,1123078,청담동,16.456814090019567,6.340743639921722,36.832962343096234,16.873256113256115,1454.292381749686,836.7572871202398,0.935420743639922,0.935029354207436,0.912328767123288,0.9146771037182,0.121572660760618,0.066454734578434,0.07234519997195,15.0,186.3,0.0,31,23,8,False,service,50s,a2_age_features_v1,update,5110.0,427.81,4,427.81,4780.0,4662.0,4778.0,4674.0,5110.0,5110.0,available,"available is preprocessing completeness, not validated detection readiness; no population cutoff calibrated"
2025-10-01T00:00:00.000,1123078,청담동,13.788172588832488,4.835697626560571,30.95677930104571,14.534710280205937,1127.3345473241725,647.9549026367603,0.948283715187268,0.940596789683084,0.916412402249966,0.906534504047194,0.062416192778631,0.041499867865987,0.138721138505809,15.0,186.3,0.0,31,23,8,False,service,60plus,a2_age_features_v1,update,7289.0,1021.6899999999999,8,1021.6899999999999,6912.04,6679.73,6856.01,6607.73,7289.0,7289.0,available,"available is preprocessing completeness, not validated detection readiness; no population cutoff calibrated"
2025-10-01T00:00:00.000,1123079,대치2동,5.893259109311741,3.249327485380117,31.50200994230863,15.053728401002601,1130.65747250488,693.4144403241901,0.969606387764282,0.951790373369321,0.962858749437697,0.944392712550607,0.117394312347522,0.095874449259003,0.074682299821578,15.0,186.3,0.0,31,23,8,False,service,20s,a2_age_features_v1,update,4446.0,274.63,4,274.63,4310.87,4280.87,4231.66,4198.77,4446.0,4446.0,available,"available is preprocessing completeness, not validated detection readiness; no population cutoff calibrated"
2025-10-01T00:00:00.000,1123079,대치2동,11.394164260506898,5.315431504651909,32.84923608616986,15.554608824581322,1200.3280957583243,773.9022072469712,0.946865575874238,0.945595123516202,0.923936477382098,0.923111966634584,0.108937981353871,0.096549452776652,0.067136197811107,15.0,186.3,0.0,31,23,8,False,service,30s,a2_age_features_v1,update,3117.0,394.72,4,394.72,2951.38,2879.91,2947.42,2877.34,3117.0,3117.0,available,"available is preprocessing completeness, not validated detection readiness; no population cutoff calibrated"
2025-10-01T00:00:00.000,1123079,대치2동,16.672070149619817,7.060073583517291,35.837498697238146,15.510039978678037,1388.124718401246,786.3164824654622,0.941378464557272,0.945057640421879,0.92028452293353,0.923227863625215,0.103196535368117,0.06784904103939,0.069457620127861,15.0,186.3,0.0,31,23,8,False,service,40s,a2_age_features_v1,update,8154.0,242.45,4,242.45,7676.0,7504.0,7706.0,7528.0,8154.0,8154.0,available,"available is preprocessing completeness, not validated detection readiness; no population cutoff calibrated"
2025-10-01T00:00:00.000,1123079,대치2동,16.539239101001897,6.415453560790685,37.82130739835516,15.768752758190368,1544.03560610109,838.6853684853509,0.959442187923098,0.957688870836718,0.940629569455727,0.937580557812077,0.093365355749024,0.05693985790053,0.057940558390874,15.0,186.3,0.0,31,23,8,False,service,50s,a2_age_features_v1,update,7386.0,99.93,4,99.93,7086.4400000000005,6947.49,7073.49,6924.97,7386.0,7386.0,available,"available is preprocessing completeness, not validated detection readiness; no population cutoff calibrated"
2025-10-01T00:00:00.000,1123079,대치2동,12.800626325778719,4.612129061069554,30.321125360217096,13.552569098602572,1129.375188275042,642.1157851599804,0.956154962599084,0.946406162777716,0.924519370324886,0.909525510773697,0.063154042184026,0.030526487014043,0.096215366263623,15.0,186.3,0.0,31,23,8,False,service,60plus,a2_age_features_v1,update,8957.0,737.72,8,737.72,8564.28,8280.92,8476.96,8146.62,8957.0,8957.0,available,"available is preprocessing completeness, not validated detection readiness; no population cutoff calibrated"
2025-10-01T00:00:00.000,1123080,개포2동,5.895396753832281,3.294986474301172,35.30596960607048,16.4667203236636,1185.9887109214244,719.4177015030426,0.976210550045086,0.975036068530207,0.968956266907124,0.967229486023445,0.131633391952002,0.072721630288611,0.08322126823213,15.0,186.3,0.0,31,23,8,False,service,20s,a2_age_features_v1,update,4436.0,193.34,4,193.34,4330.47,4298.29,4325.26,4290.63,4436.0,4436.0,available,"available is preprocessing completeness, not validated detection readiness; no population cutoff calibrated"
2025-10-01T00:00:00.000,1123080,개포2동,11.800768400215945,5.415585747705596,37.18487927119003,17.45740996120588,1279.0092880782636,877.5284932293275,0.961185891668166,0.962956631275868,0.94814468238258,0.949776858016916,0.095942824140918,0.049379151025123,0.067643661565117,15.0,186.3,0.0,31,23,8,False,service,30s,a2_age_features_v1,update,5557.0,554.08,4,554.08,5341.31,5268.84,5351.15,5277.91,5557.0,5557.0,available,"available is preprocessing completeness, not validated detection readiness; no population cutoff calibrated"
2025-10-01T00:00:00.000,1123080,개포2동,15.387010206621856,6.626114015434403,37.75443408443408,16.799815934788324,1419.4364093959732,857.5163881613411,0.961165048543689,0.964401294498382,0.94672641274583,0.950460542693552,0.09352258944815,0.044818829593693,0.076770012128563,15.0,186.3,0.0,31,23,8,False,service,40s,a2_age_features_v1,update,8034.0,527.6800000000001,4,527.6800000000001,7722.0,7606.0,7748.0,7636.0,8034.0,8034.0,available,"available is preprocessing completeness, not validated detection readiness; no population cutoff calibrated"
2025-10-01T00:00:00.000,1123080,개포2동,15.38954196379594,6.050400438837082,39.386064131668554,16.551061997703787,1585.2961126840314,895.8398623853211,0.966538672517828,0.968732857926495,0.955567745474493,0.956664838178826,0.08294345468629,0.03724244771495,0.057815646785438,15.0,186.3,0.0,31,23,8,False,service,50s,a2_age_features_v1,update,7292.0,322.75,4,322.75,7048.0,6968.0,7064.0,6976.0,7292.0,7292.0,available,"available is preprocessing completeness, not validated detection readiness; no population cutoff calibrated"
2025-10-01T00:00:00.000,1123080,개포2동,12.524245894554884,4.54828867761452,31.250742111978212,14.040839066148752,1115.7081295025428,637.4473551285571,0.96618301642178,0.962045159896284,0.941492005185826,0.924638072601556,0.066465812049964,0.01905493308128,0.095931053042685,15.0,186.3,0.0,31,23,8,False,service,60plus,a2_age_features_v1,update,9256.0,1523.49,8,1523.49,8942.99,8714.45,8904.69,8558.45,9256.0,9256.0,available,"available is preprocessing completeness, not validated detection readiness; no population cutoff calibrated"
2025-11-01T00:00:00.000,1123051,신사동,8.050780390195097,3.800335167583792,21.56502658391518,10.266514933581524,728.1299946112035,476.5208636878098,0.967233616808404,0.965447723861931,0.945992996498249,0.94143571785893,0.098845674974149,0.080633929136683,0.094667313820246,6.0,20.8,0.0,30,20,10,False,service,20s,a2_age_features_v1,update,1999.0,473.87,4,473.87,1933.5,1891.04,1929.93,1881.93,1999.0,1999.0,available,"available is preprocessing completeness, not validated detection readiness; no population cutoff calibrated"
2025-11-01T00:00:00.000,1123051,신사동,13.358337606837608,5.590790598290598,21.459851717783025,10.379083243526633,698.3838585096528,505.6876394302593,0.906679487179487,0.904051282051282,0.880333333333334,0.878192307692308,0.134085458741195,0.129439978280871,0.104040663036757,6.0,20.8,0.0,30,20,10,False,service,30s,a2_age_features_v1,update,2340.0,663.01,4,663.01,2121.63,2059.98,2115.48,2054.9700000000003,2340.0,2340.0,available,"available is preprocessing completeness, not validated detection readiness; no population cutoff calibrated"
2025-11-01T00:00:00.000,1123051,신사동,16.087812500000002,6.76262784090909,21.65389491049939,10.018013564342272,788.3343478843609,514.4341150252346,0.891150568181818,0.874339488636364,0.844041193181818,0.842947443181818,0.145500625973312,0.115911936242328,0.095789184402577,6.0,20.8,0.0,30,20,10,False,service,40s,a2_age_features_v1,update,2816.0,327.49,4,327.49,2509.48,2376.82,2462.14,2373.74,2816.0,2816.0,available,"available is preprocessing completeness, not validated detection readiness; no population cutoff calibrated"
2025-11-01T00:00:00.000,1123051,신사동,15.80375796178344,6.338945506015569,24.309057052297938,10.4673459326212,943.0810063391442,535.6874750830565,0.89313517338995,0.89313517338995,0.861288039631989,0.852087756546355,0.134150552486188,0.097203038674033,0.073247582872928,6.0,20.8,0.0,30,20,10,False,service,50s,a2_age_features_v1,update,2826.0,231.67999999999998,4,231.67999999999998,2524.0,2434.0,2524.0,2408.0,2826.0,2826.0,available,"available is preprocessing completeness, not validated detection readiness; no population cutoff calibrated"
2025-11-01T00:00:00.000,1123051,신사동,13.088411111111112,4.679655555555556,19.448064328147233,9.12050280727828,722.6979136715502,426.70018336041585,0.922837777777778,0.90054,0.861253333333333,0.832846666666667,0.066206747580025,0.067381296323797,0.13777321758853,6.0,20.8,0.0,30,20,10,False,service,60plus,a2_age_features_v1,update,4500.0,740.71,8,740.71,4152.77,3875.6400000000003,4052.43,3747.81,4500.0,4500.0,available,"available is preprocessing completeness, not validated detection readiness; no population cutoff calibrated"
2025-11-01T00:00:00.000,1123052,논현1동,10.645494062289938,5.003871835088505,19.96196128856334,10.122233548165006,702.6723224900059,569.5975527286917,0.953179475688999,0.939377100604974,0.937288819179924,0.930190454850997,0.090345339934962,0.092035784032421,0.100679291614952,6.0,20.8,0.0,30,20,10,False,service,20s,a2_age_features_v1,update,4463.0,2247.9300000000003,4,2247.9300000000003,4254.040000000001,4183.12,4192.4400000000005,4151.4400000000005,4463.0,4463.0,available,"available is preprocessing completeness, not validated detection readiness; no population cutoff calibrated"
2025-11-01T00:00:00.000,1123052,논현1동,13.513324684310673,5.786891541255839,20.12424174327415,9.639171182860352,690.8285952429081,556.6194088089974,0.906779103961252,0.898521017125065,0.874568413769244,0.866846566338004,0.119018218842746,0.128048723876371,0.066029765386365,6.0,20.8,0.0,30,20,10,False,service,30s,a2_age_features_v1,update,5781.0,3231.27,4,3231.27,5242.09,5055.88,5194.35,5011.24,5781.0,5781.0,available,"available is preprocessing completeness, not validated detection readiness; no population cutoff calibrated"
2025-11-01T00:00:00.000,1123052,논현1동,15.262812631578948,6.086551578947368,19.25493137718883,8.824481203007519,713.4743692157818,511.323068647541,0.889684210526316,0.864421052631579,0.84,0.821894736842105,0.143676204937561,0.144063669921722,0.058564808754614,6.0,20.8,0.0,30,20,10,False,service,40s,a2_age_features_v1,update,4750.0,1909.85,4,1909.85,4226.0,3990.0,4106.0,3904.0,4750.0,4750.0,available,"available is preprocessing completeness, not validated detection readiness; no population cutoff calibrated"
2025-11-01T00:00:00.000,1123052,논현1동,15.976907523044902,5.963422539399345,20.309259121507292,9.310258532355956,807.1313433530444,511.612033914303,0.88743086529884,0.868938447814451,0.829955396966994,0.819087124591139,0.15077975811585,0.125588796944621,0.084929980903883,6.0,20.8,0.0,30,20,10,False,service,50s,a2_age_features_v1,update,3363.0,628.4,4,628.4,2984.43,2791.14,2922.24,2754.59,3363.0,3363.0,available,"available is preprocessing completeness, not validated detection readiness; no population cutoff calibrated"
2025-11-01T00:00:00.000,1123052,논현1동,13.747219403288005,4.658707124010554,17.22975776347474,8.196643004683906,646.3127274922115,417.113957286896,0.906912928759895,0.874288613760909,0.837174751370002,0.824718895879846,0.104089013543935,0.090212938701701,0.103074141048825,6.0,20.8,0.0,30,20,10,False,service,60plus,a2_age_features_v1,update,4927.0,1083.88,8,1083.88,4468.36,4124.76,4307.62,4063.39,4927.0,4927.0,available,"available is preprocessing completeness, not validated detection readiness; no population cutoff calibrated"
2025-11-01T00:00:00.000,1123053,논현2동,9.701961492178098,4.42629963898917,21.689391439245234,10.573838740024446,802.5707163369344,584.8639497964504,0.950240673886883,0.945989771359808,0.94017448856799,0.934822503008424,0.089981186525807,0.072274387285156,0.079918957341937,6.0,20.8,0.0,30,20,10,False,service,20s,a2_age_features_v1,update,3324.0,1174.69,4,1174.69,3158.6,3125.1400000000003,3144.4700000000003,3107.35,3324.0,3324.0,available,"available is preprocessing completeness, not validated detection readiness; no population cutoff calibrated"
2025-11-01T00:00:00.000,1123053,논현2동,13.971842105263157,5.903204334365325,20.353848722266967,10.071974954015168,676.3517875426517,548.200111043347,0.906037151702786,0.898918620079611,0.877642636001769,0.873863334807607,0.133783883052964,0.10773035578736,0.052738803594603,6.0,20.8,0.0,30,20,10,False,service,30s,a2_age_features_v1,update,4522.0,2041.95,4,2041.95,4097.1,3968.7000000000003,4064.91,3951.6099999999997,4522.0,4522.0,available,"available is preprocessing completeness, not validated detection readiness; no population cutoff calibrated"
2025-11-01T00:00:00.000,1123053,논현2동,16.636120937885643,6.600452488687783,20.474518484710178,9.784298035457596,749.5684444444445,528.9265154440154,0.901275195392842,0.888523241464418,0.858494446729741,0.852324146441794,0.120769983254025,0.110904780063999,0.05454877058014,6.0,20.8,0.0,30,20,10,False,service,40s,a2_age_features_v1,update,4862.0,1206.26,4,1206.26,4382.0,4174.0,4320.0,4144.0,4862.0,4862.0,available,"available is preprocessing completeness, not validated detection readiness; no population cutoff calibrated"
2025-11-01T00:00:00.000,1123053,논현2동,17.155139806812407,6.334661921708184,22.24086587436333,10.122488151658766,901.9453152111046,552.8548454221166,0.898322318251144,0.879003558718861,0.858159633960346,0.85510930350788,0.148548019678784,0.096996496870154,0.070904879496162,6.0,20.8,0.0,30,20,10,False,service,50s,a2_age_features_v1,update,3934.0,522.39,4,522.39,3534.0,3376.0,3458.0,3364.0,3934.0,3934.0,available,"available is preprocessing completeness, not validated detection readiness; no population cutoff calibrated"
2025-11-01T00:00:00.000,1123053,논현2동,13.802998027613414,4.740252824098977,18.227960830681575,8.588380484200718,657.0184205533916,419.4710509132337,0.903833602295141,0.888452573067958,0.854247803478573,0.832596377980993,0.080443012674301,0.074470336492111,0.110388694241306,6.0,20.8,0.0,30,20,10,False,service,60plus,a2_age_features_v1,update,5577.0,850.54,8,850.54,5040.68,4764.14,4954.9,4643.39,5577.0,5577.0,available,"available is preprocessing completeness, not validated detection readiness; no population cutoff calibrated"
2025-11-01T00:00:00.000,1123058,삼성1동,8.197127403846155,3.938990384615384,23.058680638635035,10.634271922300544,851.1995734467935,514.1138192289213,0.959453125,0.947752403846154,0.931844951923077,0.925588942307692,0.126413872141113,0.08749813144651,0.086053116747222,6.0,20.8,0.0,30,20,10,False,service,20s,a2_age_features_v1,update,1664.0,200.69,4,200.69,1596.53,1550.59,1577.06,1540.18,1664.0,1664.0,available,"available is preprocessing completeness, not validated detection readiness; no population cutoff calibrated"
2025-11-01T00:00:00.000,1123058,삼성1동,13.595684837379752,5.500586349060925,22.701012856631667,10.997740661493095,820.362535824351,564.4977591871437,0.908928080622996,0.908195144296839,0.860641319285387,0.872826385707742,0.140332830430211,0.097357472683217,0.079275819503497,6.0,20.8,0.0,30,20,10,False,service,30s,a2_age_features_v1,update,2183.0,437.46000000000004,4,437.46000000000004,1984.19,1878.78,1982.59,1905.38,2183.0,2183.0,available,"available is preprocessing completeness, not validated detection readiness; no population cutoff calibrated"
2025-11-01T00:00:00.000,1123058,삼성1동,15.921671388101984,6.413824362606232,22.66833069620253,10.730714886459209,849.6006656101426,544.0739065108514,0.895184135977337,0.893767705382436,0.842067988668555,0.848441926345609,0.155346116347091,0.104484887877803,0.077608059798505,6.0,20.8,0.0,30,20,10,False,service,40s,a2_age_features_v1,update,2824.0,307.7,4,307.7,2528.0,2378.0,2524.0,2396.0,2824.0,2824.0,available,"available is preprocessing completeness, not validated detection readiness; no population cutoff calibrated"
2025-11-01T00:00:00.000,1123058,삼성1동,17.031023411371237,6.142882943143813,24.725746705710105,10.956230769230768,1035.7845269286754,615.0766692486445,0.91371237458194,0.919063545150502,0.869565217391304,0.863545150501672,0.138319572608062,0.08547838756678,0.082467217095678,6.0,20.8,0.0,30,20,10,False,service,50s,a2_age_features_v1,update,2990.0,205.9,4,205.9,2732.0,2600.0,2748.0,2582.0,2990.0,2990.0,available,"available is preprocessing completeness, not validated detection readiness; no population cutoff calibrated"
2025-11-01T00:00:00.000,1123058,삼성1동,13.794636290967226,4.805071942446044,20.91945993031359,9.532166743014201,808.9208728400531,450.24606944444446,0.917665867306155,0.902078337330136,0.872501998401279,0.863309352517986,0.063640961221593,0.071014894693052,0.142470267712939,6.0,20.8,0.0,30,20,10,False,service,60plus,a2_age_features_v1,update,5004.0,612.97,8,612.97,4592.0,4366.0,4514.0,4320.0,5004.0,5004.0,available,"available is preprocessing completeness, not validated detection readiness; no population cutoff calibrated"
2025-11-01T00:00:00.000,1123059,삼성2동,8.111522163367717,3.962581544466128,22.225614014357035,9.8250280574848,780.9422303857875,528.3671855346388,0.94371340953443,0.94405352662392,0.92804014496794,0.922461667131308,0.12049778094962,0.108599656548986,0.069426169183077,6.0,20.8,0.0,30,20,10,False,service,20s,a2_age_features_v1,update,3587.0,896.78,4,896.78,3385.1,3328.88,3386.32,3308.87,3587.0,3587.0,available,"available is preprocessing completeness, not validated detection readiness; no population cutoff calibrated"
2025-11-01T00:00:00.000,1123059,삼성2동,13.629573488185825,5.684403283940729,20.719573139284634,9.921863710762004,726.6307605014257,582.3105194032531,0.920186223468162,0.91225670804966,0.891852222667201,0.891900280336404,0.114901596926374,0.105878048143018,0.047646428478085,6.0,20.8,0.0,30,20,10,False,service,30s,a2_age_features_v1,update,4994.0,1530.44,4,1530.44,4595.41,4453.91,4555.8099999999995,4454.15,4994.0,4994.0,available,"available is preprocessing completeness, not validated detection readiness; no population cutoff calibrated"
2025-11-01T00:00:00.000,1123059,삼성2동,16.541546546546545,6.616135135135135,21.537415546080684,9.69848054145516,839.2189348329473,550.6399625977558,0.915615615615616,0.907807807807808,0.887387387387387,0.883183183183183,0.109967509863077,0.09670457182641,0.057287073566953,6.0,20.8,0.0,30,20,10,False,service,40s,a2_age_features_v1,update,6660.0,861.8,4,861.8,6098.0,5910.0,6046.0,5882.0,6660.0,6660.0,available,"available is preprocessing completeness, not validated detection readiness; no population cutoff calibrated"
2025-11-01T00:00:00.000,1123059,삼성2동,16.034245147375987,6.067868439971244,22.841118908382068,9.953155754371696,967.5758303747537,585.5839805431699,0.921998562185478,0.911214953271028,0.883896477354421,0.886772106398275,0.11139987356887,0.07786050431973,0.057104727119477,6.0,20.8,0.0,30,20,10,False,service,50s,a2_age_features_v1,update,5564.0,569.48,4,569.48,5130.0,4918.0,5070.0,4934.0,5564.0,5564.0,available,"available is preprocessing completeness, not validated detection readiness; no population cutoff calibrated"
2025-11-01T00:00:00.000,1123059,삼성2동,12.983636363636364,4.558420156622403,18.295842578828534,8.297021425676878,738.2412681704454,442.7314613032537,0.909319033026898,0.88386278515492,0.852810691181478,0.830691181477698,0.074189173917957,0.080743586845971,0.112837608769352,6.0,20.8,0.0,30,20,10,False,service,60plus,a2_age_features_v1,update,5874.0,884.9000000000001,8,884.9000000000001,5341.34,5009.41,5191.8099999999995,4879.48,5874.0,5874.0,available,"available is preprocessing completeness, not validated detection readiness; no population cutoff calibrated"
2025-11-01T00:00:00.000,1123060,대치1동,5.668054679284963,3.125299684542587,22.860073494442293,9.631449715977281,760.1315193573619,430.9845199930594,0.950736067297581,0.920888538380652,0.920010515247108,0.878722397476341,0.168822442465984,0.117923735931463,0.084999160087351,6.0,20.8,0.0,30,20,10,False,service,20s,a2_age_features_v1,update,1902.0,59.53,4,59.53,1808.3,1749.86,1751.53,1671.33,1902.0,1902.0,available,"available is preprocessing completeness, not validated detection readiness; no population cutoff calibrated"
2025-11-01T00:00:00.000,1123060,대치1동,12.651739130434782,5.626220735785953,22.30213541856316,10.716522143195826,805.1526661323094,519.7821875444132,0.918494983277592,0.897107023411371,0.881688963210702,0.882466555183947,0.131385938290339,0.095472938796156,0.084471421345473,6.0,20.8,0.0,30,20,10,False,service,30s,a2_age_features_v1,update,1196.0,79.08,4,79.08,1098.52,1054.5,1072.94,1055.43,1196.0,1196.0,available,"available is preprocessing completeness, not validated detection readiness; no population cutoff calibrated"
2025-11-01T00:00:00.000,1123060,대치1동,17.30537270087125,7.435599225556632,24.553389020633503,10.02746038769849,972.0575772117452,532.2944084120709,0.928292352371733,0.926344627299129,0.910079380445305,0.91124298160697,0.112133654254566,0.050120345462268,0.084666572278069,6.0,20.8,0.0,30,20,10,False,service,40s,a2_age_features_v1,update,5165.0,70.63,4,70.63,4794.63,4700.5599999999995,4784.57,4706.57,5165.0,5165.0,available,"available is preprocessing completeness, not validated detection readiness; no population cutoff calibrated"
2025-11-01T00:00:00.000,1123060,대치1동,15.71631063432836,6.466315298507463,25.63698670605613,10.492272040302266,1098.3570759368838,585.094781504065,0.947294776119403,0.94589552238806,0.925839552238806,0.917910447761194,0.088931788931789,0.05032175032175,0.059459459459459,6.0,20.8,0.0,30,20,10,False,service,50s,a2_age_features_v1,update,4288.0,77.7,4,77.7,4062.0,3970.0,4056.0,3936.0,4288.0,4288.0,available,"available is preprocessing completeness, not validated detection readiness; no population cutoff calibrated"
2025-11-01T00:00:00.000,1123060,대치1동,12.725942662779396,4.700515063168124,20.723727866415697,9.138676857509402,841.8706655940781,470.707921550137,0.95127065111759,0.934740038872692,0.893858114674441,0.865655976676385,0.046389751552795,0.029968944099379,0.103998447204969,6.0,20.8,0.0,30,20,10,False,service,60plus,a2_age_features_v1,update,4116.0,257.6,8,257.6,3915.43,3679.12,3847.39,3563.04,4116.0,4116.0,available,"available is preprocessing completeness, not validated detection readiness; no population cutoff calibrated"
2025-11-01T00:00:00.000,1123063,대치4동,7.926994917407878,4.243233799237611,19.69665565192508,9.038091789934716,730.6399540851446,513.2511790146402,0.932484116899619,0.895254129606099,0.922566709021601,0.88874205844981,0.110701499038533,0.126754278793545,0.082282448181712,6.0,20.8,0.0,30,20,10,False,service,20s,a2_age_features_v1,update,3148.0,941.27,4,941.27,2935.46,2904.24,2818.26,2797.76,3148.0,3148.0,available,"available is preprocessing completeness, not validated detection readiness; no population cutoff calibrated"
2025-11-01T00:00:00.000,1123063,대치4동,12.996493317838466,5.933852411388727,19.099590468453485,9.269810136029376,687.053563995684,559.8892340501984,0.90479081929111,0.885877396862289,0.875883207437536,0.873236490412551,0.117966003163796,0.122739646392657,0.073667264769507,6.0,20.8,0.0,30,20,10,False,service,30s,a2_age_features_v1,update,3442.0,1788.9899999999998,4,1788.9899999999998,3114.29,3014.79,3049.19,3005.6800000000003,3442.0,3442.0,available,"available is preprocessing completeness, not validated detection readiness; no population cutoff calibrated"
2025-11-01T00:00:00.000,1123063,대치4동,16.04060725207514,6.677575360419397,19.606359175662416,8.748254211332311,817.1280616302188,537.6223230769231,0.890345128877239,0.878986456968108,0.855832241153342,0.851900393184797,0.123637695759685,0.144243978386299,0.069667551973624,6.0,20.8,0.0,30,20,10,False,service,40s,a2_age_features_v1,update,4578.0,1091.9,4,1091.9,4076.0,3918.0,4024.0,3900.0,4578.0,4578.0,available,"available is preprocessing completeness, not validated detection readiness; no population cutoff calibrated"
2025-11-01T00:00:00.000,1123063,대치4동,16.629617863720075,6.334935543278084,21.247249747219414,9.220816435432232,940.5921074380166,565.874884097035,0.910681399631676,0.89134438305709,0.86279926335175,0.854051565377532,0.12924397535029,0.122112927737604,0.065866163429583,6.0,20.8,0.0,30,20,10,False,service,50s,a2_age_features_v1,update,4344.0,598.79,4,598.79,3956.0,3748.0,3872.0,3710.0,4344.0,4344.0,available,"available is preprocessing completeness, not validated detection readiness; no population cutoff calibrated"
2025-11-01T00:00:00.000,1123063,대치4동,13.793995966580239,4.545306828003457,16.964636958434834,7.944325473413331,690.1692287677279,438.2598237580533,0.903566695476808,0.874727744165946,0.823993085566119,0.811624891961971,0.085974758636734,0.108322670699081,0.075084331743632,6.0,20.8,0.0,30,20,10,False,service,60plus,a2_age_features_v1,update,3471.0,687.76,8,687.76,3136.2799999999997,2860.08,3036.18,2817.15,3471.0,3471.0,available,"available is preprocessing completeness, not validated detection readiness; no population cutoff calibrated"
2025-11-01T00:00:00.000,1123064,역삼1동,10.249677907777013,4.92989125946318,20.06618502384559,10.200604601851474,770.385906498331,638.6218700365803,0.953311768754301,0.942631796283551,0.943873365450792,0.933186510667584,0.077913851877897,0.088514664332543,0.109716289241834,6.0,20.8,0.0,30,20,10,False,service,20s,a2_age_features_v1,update,7265.0,4010.07,4,4010.07,6925.8099999999995,6857.24,6848.219999999999,6779.599999999999,7265.0,7265.0,available,"available is preprocessing completeness, not validated detection readiness; no population cutoff calibrated"
2025-11-01T00:00:00.000,1123064,역삼1동,13.362584833284155,5.872344841152749,19.638614689776364,9.779680347787364,743.2361479694367,600.7393171215197,0.90507622700895,0.893230058030884,0.874671977967936,0.870294088718402,0.119117588601737,0.123325496743272,0.069394992532525,6.0,20.8,0.0,30,20,10,False,service,30s,a2_age_features_v1,update,10167.0,7043.88,4,7043.88,9201.91,8892.79,9081.47,8848.279999999999,10167.0,10167.0,available,"available is preprocessing completeness, not validated detection readiness; no population cutoff calibrated"
2025-11-01T00:00:00.000,1123064,역삼1동,16.08600559962669,6.429780681287914,18.93901221455125,9.121935211267605,774.3198590785908,540.4552991452993,0.878674755016332,0.860942603826412,0.828278114792347,0.818945403639757,0.136856405245969,0.162360243249961,0.079467232379513,6.0,20.8,0.0,30,20,10,False,service,40s,a2_age_features_v1,update,8572.0,4063.31,4,4063.31,7532.0,7100.0,7380.0,7020.0,8572.0,8572.0,available,"available is preprocessing completeness, not validated detection readiness; no population cutoff calibrated"
2025-11-01T00:00:00.000,1123064,역삼1동,17.09640344827586,6.0617,20.30535868286946,9.710016542597188,883.5656931681982,589.4874927113702,0.879655172413793,0.863103448275862,0.833793103448276,0.827931034482759,0.170370488712795,0.128488808652725,0.085848257792405,6.0,20.8,0.0,30,20,10,False,service,50s,a2_age_features_v1,update,5800.0,1251.8600000000001,4,1251.8600000000001,5102.0,4836.0,5006.0,4802.0,5800.0,5800.0,available,"available is preprocessing completeness, not validated detection readiness; no population cutoff calibrated"
2025-11-01T00:00:00.000,1123064,역삼1동,14.405681917848268,4.710086244701067,17.711877731544128,8.608623022003258,681.1179251248033,458.3171449517662,0.893359158017834,0.865563514106125,0.840263119426984,0.817504750767432,0.099663521066659,0.109820847703059,0.125777364271674,6.0,20.8,0.0,30,20,10,False,service,60plus,a2_age_features_v1,update,6841.0,1429.51,8,1429.51,6111.47,5748.24,5921.32,5592.55,6841.0,6841.0,available,"available is preprocessing completeness, not validated detection readiness; no population cutoff calibrated"
2025-11-01T00:00:00.000,1123065,역삼2동,7.990097524381096,3.990575143785946,21.348483465075436,9.981368412925349,778.3693869435458,541.396705906138,0.95254063515879,0.937586896724181,0.939242310577644,0.927656914228557,0.098492911402689,0.091310882723321,0.071414063452086,6.0,20.8,0.0,30,20,10,False,service,20s,a2_age_features_v1,update,3999.0,1230.85,4,1230.85,3809.21,3756.03,3749.41,3709.7,3999.0,3999.0,available,"available is preprocessing completeness, not validated detection readiness; no population cutoff calibrated"
2025-11-01T00:00:00.000,1123065,역삼2동,12.750255183413078,5.608480861244019,20.36282087492793,9.900635142722393,734.5774871087831,577.4355504749456,0.923247607655502,0.906632775119617,0.887699362041467,0.884639154704944,0.115275579595457,0.125171748091205,0.065858508559867,6.0,20.8,0.0,30,20,10,False,service,30s,a2_age_features_v1,update,5016.0,1724.91,4,1724.91,4631.01,4452.7,4547.67,4437.35,5016.0,5016.0,available,"available is preprocessing completeness, not validated detection readiness; no population cutoff calibrated"
2025-11-01T00:00:00.000,1123065,역삼2동,15.782272419245537,6.53423989157443,21.91112469437653,9.443093017393496,855.957682414049,544.6790485779007,0.923876214140502,0.913259543709058,0.896092161734809,0.897447481364355,0.109864090543164,0.105791542359237,0.058732300989724,6.0,20.8,0.0,30,20,10,False,service,40s,a2_age_features_v1,update,8854.0,844.6800000000001,4,844.6800000000001,8180.0,7934.0,8086.0,7946.0,8854.0,8854.0,available,"available is preprocessing completeness, not validated detection readiness; no population cutoff calibrated"
2025-11-01T00:00:00.000,1123065,역삼2동,15.850957134468585,6.118508514386376,23.229936788874845,9.862446280991735,964.8604206500956,558.5984806355513,0.928948913681738,0.921315325895479,0.888138578978274,0.886964180857311,0.112781469772243,0.101603329247048,0.05398735402284,6.0,20.8,0.0,30,20,10,False,service,50s,a2_age_features_v1,update,6812.0,619.96,4,619.96,6328.0,6050.0,6276.0,6042.0,6812.0,6812.0,available,"available is preprocessing completeness, not validated detection readiness; no population cutoff calibrated"
2025-11-01T00:00:00.000,1123065,역삼2동,12.689901737146869,4.420431654676259,17.64587045016856,8.268091150522515,703.1054508289046,434.96176431916297,0.912956659062994,0.895758905071065,0.853644499034918,0.824735918582207,0.071789016545523,0.096877453029268,0.076233778149307,6.0,20.8,0.0,30,20,10,False,service,60plus,a2_age_features_v1,update,5699.0,980.9300000000001,8,980.9300000000001,5202.94,4864.92,5104.93,4700.17,5699.0,5699.0,available,"available is preprocessing completeness, not validated detection readiness; no population cutoff calibrated"
2025-11-01T00:00:00.000,1123066,도곡1동,7.437742782152231,3.694754405699288,23.31105536305417,10.145265839320707,858.1950966776973,515.5763814332958,0.969568803899513,0.967656542932133,0.94718785151856,0.94673790776153,0.107285342584562,0.076611737496386,0.086585718415727,6.0,20.8,0.0,30,20,10,False,service,20s,a2_age_features_v1,update,2667.0,345.9,4,345.9,2585.84,2526.15,2580.74,2524.95,2667.0,2667.0,available,"available is preprocessing completeness, not validated detection readiness; no population cutoff calibrated"
2025-11-01T00:00:00.000,1123066,도곡1동,11.914474421864051,5.300325858444289,23.70261282360583,10.789926136914106,927.2426195958332,584.0445311130924,0.944025928521374,0.940448493342677,0.904152067274001,0.911744919411353,0.108155413836129,0.062214057950922,0.08326979065576,6.0,20.8,0.0,30,20,10,False,service,30s,a2_age_features_v1,update,2854.0,577.04,4,577.04,2694.25,2580.45,2684.04,2602.12,2854.0,2854.0,available,"available is preprocessing completeness, not validated detection readiness; no population cutoff calibrated"
2025-11-01T00:00:00.000,1123066,도곡1동,15.684029149036201,6.576201222378938,23.770242792109258,10.069348837209304,940.039336372847,549.4242135416666,0.929478138222849,0.928067700987306,0.909732016925247,0.902679830747532,0.101723853059426,0.061601586165115,0.066640964917112,6.0,20.8,0.0,30,20,10,False,service,40s,a2_age_features_v1,update,4254.0,363.14,4,363.14,3954.0,3870.0,3948.0,3840.0,4254.0,4254.0,available,"available is preprocessing completeness, not validated detection readiness; no population cutoff calibrated"
2025-11-01T00:00:00.000,1123066,도곡1동,15.456642296236124,6.073560790685081,24.630768921210723,10.263787450152682,1028.9444145956413,578.7321637302138,0.942025453560791,0.9382263742215,0.916011372867587,0.913842404549147,0.097036381731726,0.057337166869402,0.060875815547938,6.0,20.8,0.0,30,20,10,False,service,50s,a2_age_features_v1,update,3693.0,180.86,4,180.86,3478.9,3382.83,3464.87,3374.82,3693.0,3693.0,available,"available is preprocessing completeness, not validated detection readiness; no population cutoff calibrated"
2025-11-01T00:00:00.000,1123066,도곡1동,13.2092865064695,4.652768946395564,19.23813819984574,8.664915652582652,777.0147117016662,439.2122467492674,0.941817005545286,0.933292051756008,0.884796672828096,0.856624768946396,0.056245284313053,0.041343713560601,0.070186569723575,6.0,20.8,0.0,30,20,10,False,service,60plus,a2_age_features_v1,update,5410.0,583.16,8,583.16,5095.23,4786.75,5049.11,4634.34,5410.0,5410.0,available,"available is preprocessing completeness, not validated detection readiness; no population cutoff calibrated"
2025-11-01T00:00:00.000,1123067,도곡2동,6.680857499220456,3.397340193327097,23.945948257505854,10.129212969665065,770.0419225925067,448.97920572142675,0.966504521359526,0.953168069847209,0.947739320236982,0.923230433426879,0.12013804682399,0.109784535024718,0.079097099151199,6.0,20.8,0.0,30,20,10,False,service,20s,a2_age_features_v1,update,3207.0,107.21000000000001,4,107.21000000000001,3099.58,3039.4,3056.81,2960.8,3207.0,3207.0,available,"available is preprocessing completeness, not validated detection readiness; no population cutoff calibrated"
2025-11-01T00:00:00.000,1123067,도곡2동,12.486835443037975,5.570222290830502,23.507553158664805,10.679639181802273,797.369307661612,533.0568989149842,0.93056190182155,0.92843470206854,0.899725223834517,0.899166409385613,0.117514747697662,0.099223358655519,0.067648431863515,6.0,20.8,0.0,30,20,10,False,service,30s,a2_age_features_v1,update,3239.0,235.63,4,235.63,3014.09,2914.21,3007.2,2912.4,3239.0,3239.0,available,"available is preprocessing completeness, not validated detection readiness; no population cutoff calibrated"
2025-11-01T00:00:00.000,1123067,도곡2동,15.980907120743035,6.91866253869969,23.882514190317195,10.20913982179575,920.3997419571045,545.4697485359973,0.927244582043344,0.923839009287926,0.903405572755418,0.898761609907121,0.111783576413004,0.074544432318021,0.078711512385488,6.0,20.8,0.0,30,20,10,False,service,40s,a2_age_features_v1,update,6460.0,302.37,4,302.37,5990.0,5836.0,5968.0,5806.0,6460.0,6460.0,available,"available is preprocessing completeness, not validated detection readiness; no population cutoff calibrated"
2025-11-01T00:00:00.000,1123067,도곡2동,15.650047288776795,6.249587011349307,25.31686143572621,10.626697530864197,1058.8899932975871,591.6390471240471,0.944199243379571,0.940731399747793,0.919293820933165,0.90983606557377,0.104583808437856,0.066681870011403,0.056647662485747,6.0,20.8,0.0,30,20,10,False,service,50s,a2_age_features_v1,update,6344.0,219.25,4,219.25,5990.0,5832.0,5968.0,5772.0,6344.0,6344.0,available,"available is preprocessing completeness, not validated detection readiness; no population cutoff calibrated"
2025-11-01T00:00:00.000,1123067,도곡2동,13.399419308008712,4.90345269779821,20.237577783491897,8.884080962800875,845.3116544694196,452.6930855855856,0.940962980885555,0.925719816114203,0.884587466731188,0.859424147108638,0.053781879403879,0.068643345596641,0.074650287875954,6.0,20.8,0.0,30,20,10,False,service,60plus,a2_age_features_v1,update,8266.0,962.22,8,962.22,7778.0,7312.0,7652.0,7104.0,8266.0,8266.0,available,"available is preprocessing completeness, not validated detection readiness; no population cutoff calibrated"
2025-11-01T00:00:00.000,1123068,개포1동,6.507242647058823,3.336274509803922,24.55114213197969,10.598772609819122,806.4999493670886,470.0662614379085,0.965686274509804,0.968137254901961,0.948529411764706,0.9375,0.13717790493287,0.052769363102584,0.068252365458693,6.0,20.8,0.0,30,20,10,False,service,20s,a2_age_features_v1,update,1632.0,267.39,4,267.39,1576.0,1548.0,1580.0,1530.0,1632.0,1632.0,available,"available is preprocessing completeness, not validated detection readiness; no population cutoff calibrated"
2025-11-01T00:00:00.000,1123068,개포1동,13.308975346687212,5.809229583975346,25.42950900163666,11.73928093645485,874.9116244897959,593.1155183946488,0.941448382126348,0.943759630200308,0.921417565485362,0.921417565485362,0.111859950410198,0.044580899605611,0.060872314579069,6.0,20.8,0.0,30,20,10,False,service,30s,a2_age_features_v1,update,2596.0,600.93,4,600.93,2444.0,2392.0,2450.0,2392.0,2596.0,2596.0,available,"available is preprocessing completeness, not validated detection readiness; no population cutoff calibrated"
2025-11-01T00:00:00.000,1123068,개포1동,16.137786021085514,6.831952362358454,26.033086164043084,11.412866750735605,989.4886710689229,583.3668887963348,0.94260054666146,0.946114798906677,0.928934010152284,0.937524404529481,0.086135178827675,0.029916625796959,0.064737616478666,6.0,20.8,0.0,30,20,10,False,service,40s,a2_age_features_v1,update,5122.0,550.53,4,550.53,4828.0,4758.0,4846.0,4802.0,5122.0,5122.0,available,"available is preprocessing completeness, not validated detection readiness; no population cutoff calibrated"
2025-11-01T00:00:00.000,1123068,개포1동,16.296211180124224,6.387802197802198,27.36907769423559,11.458990778688525,1135.3569643753137,627.3083614951357,0.953177257525084,0.952221691352126,0.932632584806498,0.933110367892977,0.079204908473201,0.025176208103037,0.053952639318493,6.0,20.8,0.0,30,20,10,False,service,50s,a2_age_features_v1,update,4186.0,394.42,4,394.42,3990.0,3904.0,3986.0,3906.0,4186.0,4186.0,available,"available is preprocessing completeness, not validated detection readiness; no population cutoff calibrated"
2025-11-01T00:00:00.000,1123068,개포1동,12.724550682961898,4.939468008626886,21.229860692771084,9.164287974683544,851.3668866844715,456.85677536231884,0.95470884255931,0.942127965492452,0.908698777857656,0.892882818116463,0.052148280103491,0.024960766849048,0.066240403783348,6.0,20.8,0.0,30,20,10,False,service,60plus,a2_age_features_v1,update,5564.0,943.0799999999999,8,943.0799999999999,5312.0,5056.0,5242.0,4968.0,5564.0,5564.0,available,"available is preprocessing completeness, not validated detection readiness; no population cutoff calibrated"
2025-11-01T00:00:00.000,1123071,개포4동,7.566483478260869,3.614469565217391,23.877449391267092,10.661522887773023,820.0112850800783,523.0290633851462,0.974226086956522,0.972309565217391,0.954525217391304,0.951697391304348,0.100992720052945,0.079682329583058,0.077167438782263,6.0,20.8,0.0,30,20,10,False,service,20s,a2_age_features_v1,update,2875.0,302.20000000000005,4,302.20000000000005,2800.9,2744.26,2795.39,2736.13,2875.0,2875.0,available,"available is preprocessing completeness, not validated detection readiness; no population cutoff calibrated"
2025-11-01T00:00:00.000,1123071,개포4동,12.908339779827433,5.519297828027373,24.500172366846293,10.898175188114992,860.1424221473225,581.5446102144466,0.939714370722999,0.929535852424874,0.925260339184766,0.922088664088069,0.1040672412565,0.059605384998932,0.059676615143529,6.0,20.8,0.0,30,20,10,False,service,30s,a2_age_features_v1,update,3361.0,701.95,4,701.95,3158.38,3109.8,3124.17,3099.1400000000003,3361.0,3361.0,available,"available is preprocessing completeness, not validated detection readiness; no population cutoff calibrated"
2025-11-01T00:00:00.000,1123071,개포4동,16.127460739952088,6.366215065211604,24.36193311932433,10.969326717976589,916.1937596481395,587.7380423775116,0.930311418685121,0.925911631620974,0.91092360926271,0.910984828320468,0.106447273507106,0.053028678377166,0.068644844325736,6.0,20.8,0.0,30,20,10,False,service,40s,a2_age_features_v1,update,3757.0,512.9300000000001,4,512.9300000000001,3495.18,3422.34,3478.65,3422.5699999999997,3757.0,3757.0,available,"available is preprocessing completeness, not validated detection readiness; no population cutoff calibrated"
2025-11-01T00:00:00.000,1123071,개포4동,16.550841715193226,5.947734250926416,24.56594390363159,10.639348038214536,939.1572331731849,604.1476084300374,0.952758073054526,0.943186871360508,0.933128639491795,0.92286394917946,0.079581931640174,0.046788731670989,0.060347705503197,6.0,20.8,0.0,30,20,10,False,service,50s,a2_age_features_v1,update,3778.0,389.40999999999997,4,389.40999999999997,3599.52,3525.36,3563.36,3486.58,3778.0,3778.0,available,"available is preprocessing completeness, not validated detection readiness; no population cutoff calibrated"
2025-11-01T00:00:00.000,1123071,개포4동,13.670489642184558,4.487883239171375,20.149751091411936,9.005873524725258,729.4665268132618,452.7830927330136,0.93220527306968,0.912532956685499,0.894691148775894,0.869007532956686,0.079619090550516,0.039781371499408,0.078075167633966,6.0,20.8,0.0,30,20,10,False,service,60plus,a2_age_features_v1,update,5310.0,887.35,8,887.35,4950.01,4750.81,4845.55,4614.43,5310.0,5310.0,available,"available is preprocessing completeness, not validated detection readiness; no population cutoff calibrated"
2025-11-01T00:00:00.000,1123072,일원본동,6.735218813905931,3.131550102249489,23.218759115442534,10.76625100046615,815.5533026816646,502.76189906634636,0.966920245398773,0.956278118609407,0.930036809815951,0.941394683026585,0.114917377197616,0.107371915792651,0.064890968082698,6.0,20.8,0.0,30,20,10,False,service,20s,a2_age_features_v1,update,2445.0,132.53,4,132.53,2364.12,2273.94,2338.1,2301.71,2445.0,2445.0,available,"available is preprocessing completeness, not validated detection readiness; no population cutoff calibrated"
2025-11-01T00:00:00.000,1123072,일원본동,11.471234659724805,4.904120490888807,24.10996775439731,11.162341825771993,875.7879677376129,623.878588846454,0.94339159538862,0.943592413536631,0.908646336928226,0.905578281889178,0.109629439671753,0.115719964097961,0.068534427490704,6.0,20.8,0.0,30,20,10,False,service,30s,a2_age_features_v1,update,2689.0,155.98000000000002,4,155.98000000000002,2536.7799999999997,2443.3500000000004,2537.3199999999997,2435.1,2689.0,2689.0,available,"available is preprocessing completeness, not validated detection readiness; no population cutoff calibrated"
2025-11-01T00:00:00.000,1123072,일원본동,14.534299578059072,6.122037974683544,24.705593971631203,10.671888080072794,959.9869955555555,591.3899681238616,0.951898734177215,0.949367088607595,0.927426160337553,0.926582278481013,0.078278900984966,0.074938079603709,0.061805195553252,6.0,20.8,0.0,30,20,10,False,service,40s,a2_age_features_v1,update,4740.0,173.61,4,173.61,4512.0,4396.0,4500.0,4392.0,4740.0,4740.0,available,"available is preprocessing completeness, not validated detection readiness; no population cutoff calibrated"
2025-11-01T00:00:00.000,1123072,일원본동,14.950798053527981,5.826043795620439,26.05573090541224,10.82852987012987,1033.4338832487308,626.0549584199584,0.962043795620438,0.958637469586375,0.936739659367396,0.93625304136253,0.079867775645127,0.060567285135423,0.045692045212199,6.0,20.8,0.0,30,20,10,False,service,50s,a2_age_features_v1,update,4110.0,187.56,4,187.56,3954.0,3850.0,3940.0,3848.0,4110.0,4110.0,available,"available is preprocessing completeness, not validated detection readiness; no population cutoff calibrated"
2025-11-01T00:00:00.000,1123072,일원본동,12.387311393977026,4.375693883886991,21.050091234929944,9.160503424657534,817.2406531014112,462.8124416579589,0.952809686432785,0.945979509469109,0.906550760633344,0.891338093759702,0.046733711720655,0.079839005546324,0.108444655458921,6.0,20.8,0.0,30,20,10,False,service,60plus,a2_age_features_v1,update,6442.0,926.74,8,926.74,6138.0,5840.0,6094.0,5742.0,6442.0,6442.0,available,"available is preprocessing completeness, not validated detection readiness; no population cutoff calibrated"
2025-11-01T00:00:00.000,1123073,일원1동,7.767779310344828,3.66576551724138,21.647530951369973,10.208454272219836,781.2659364887605,553.2444957349743,0.963691954022989,0.959048275862069,0.9316,0.93624367816092,0.118400684373472,0.104041062408343,0.074160827766009,6.0,20.8,0.0,30,20,10,False,service,20s,a2_age_features_v1,update,2175.0,490.96000000000004,4,490.96000000000004,2096.0299999999997,2026.23,2085.9300000000003,2036.33,2175.0,2175.0,available,"available is preprocessing completeness, not validated detection readiness; no population cutoff calibrated"
2025-11-01T00:00:00.000,1123073,일원1동,12.150959752321981,5.049610791685095,23.312077837562544,11.008292505017868,831.9793365456595,617.3944614844127,0.937890314020345,0.933489606368863,0.903449800973021,0.906426360017691,0.107231877624885,0.091115512001912,0.079369686208898,6.0,20.8,0.0,30,20,10,False,service,30s,a2_age_features_v1,update,2261.0,585.74,4,585.74,2120.57,2042.7,2110.62,2049.43,2261.0,2261.0,available,"available is preprocessing completeness, not validated detection readiness; no population cutoff calibrated"
2025-11-01T00:00:00.000,1123073,일원1동,13.950859309182812,5.711609098567817,23.244394618834082,10.304818941504179,848.0728571428572,541.5822418604652,0.939342881213142,0.931760741364785,0.907329401853412,0.90564448188711,0.086817348808797,0.067367135003054,0.113573610262676,6.0,20.8,0.0,30,20,10,False,service,40s,a2_age_features_v1,update,2374.0,409.25,4,409.25,2230.0,2154.0,2212.0,2150.0,2374.0,2374.0,available,"available is preprocessing completeness, not validated detection readiness; no population cutoff calibrated"
2025-11-01T00:00:00.000,1123073,일원1동,15.500402124430956,5.666126707132018,24.252873766079574,10.628960179282291,912.9234010060363,602.192778406416,0.945777693474962,0.942716236722306,0.915808042488619,0.91861153262519,0.078785002373042,0.063374186884056,0.098299785030291,6.0,20.8,0.0,30,20,10,False,service,50s,a2_age_features_v1,update,2636.0,358.19,4,358.19,2493.0699999999997,2414.0699999999997,2485.0,2421.46,2636.0,2636.0,available,"available is preprocessing completeness, not validated detection readiness; no population cutoff calibrated"
2025-11-01T00:00:00.000,1123073,일원1동,12.357090346295221,3.981940414006578,18.496556087919604,8.544209474415968,629.1504856573731,407.87382214615684,0.916171406461598,0.894492164828787,0.846012768427162,0.834219384793964,0.086349126288335,0.095965595736632,0.102562400865416,6.0,20.8,0.0,30,20,10,False,service,60plus,a2_age_features_v1,update,5169.0,1506.79,8,1506.79,4735.6900000000005,4373.04,4623.63,4312.08,5169.0,5169.0,available,"available is preprocessing completeness, not validated detection readiness; no population cutoff calibrated"
2025-11-01T00:00:00.000,1123074,일원2동,6.678346007604563,3.334340937896071,23.762577773351918,9.899231562417864,793.5735945127643,486.57433325113703,0.954562737642586,0.950240811153359,0.940297845373891,0.925171102661597,0.0,0.0,0.0,6.0,20.8,0.0,30,20,10,True,service,20s,a2_age_features_v1,update,1578.0,124.42,4,124.42,1506.3,1483.79,1499.48,1459.92,1578.0,1578.0,review_required,"available is preprocessing completeness, not validated detection readiness; no population cutoff calibrated"
2025-11-01T00:00:00.000,1123074,일원2동,12.060102207686016,5.118221586263286,24.258595900677513,10.65477288538145,890.495610612884,588.6001540131986,0.954627964022894,0.945024529844644,0.922645134914146,0.918728536385936,0.0,0.0,0.0,6.0,20.8,0.0,30,20,10,True,service,30s,a2_age_features_v1,update,2446.0,328.99,4,328.99,2335.02,2256.79,2311.53,2247.21,2446.0,2446.0,review_required,"available is preprocessing completeness, not validated detection readiness; no population cutoff calibrated"
2025-11-01T00:00:00.000,1123074,일원2동,13.688588281557214,5.818462445930004,24.039755719693165,10.370313706814443,912.680207023127,585.9449947753847,0.939142744789618,0.934164372788046,0.908297286669288,0.910719622493118,0.0,0.0,0.0,6.0,20.8,0.0,30,20,10,True,service,40s,a2_age_features_v1,update,2543.0,219.85,4,219.85,2388.24,2309.8,2375.58,2315.96,2543.0,2543.0,review_required,"available is preprocessing completeness, not validated detection readiness; no population cutoff calibrated"
2025-11-01T00:00:00.000,1123074,일원2동,15.28348769294952,5.70860241969128,25.077721110707998,10.303111907664945,992.8933703711991,609.5738465262983,0.942920317062995,0.932269503546099,0.91014601585315,0.904705882352941,0.0,0.0,0.0,6.0,20.8,0.0,30,20,10,True,service,50s,a2_age_features_v1,update,2397.0,239.95,4,239.95,2260.18,2181.62,2234.65,2168.58,2397.0,2397.0,review_required,"available is preprocessing completeness, not validated detection readiness; no population cutoff calibrated"
2025-11-01T00:00:00.000,1123074,일원2동,12.1054717803443,4.081331444759207,18.464965580026142,8.464927860211857,656.5165157036997,430.9927675120328,0.911978644584877,0.879561996077577,0.850023970363914,0.827622575724559,0.0,0.0,0.0,6.0,20.8,0.0,30,20,10,True,service,60plus,a2_age_features_v1,update,4589.0,1518.42,8,1518.42,4185.07,3900.76,4036.31,3797.96,4589.0,4589.0,review_required,"available is preprocessing completeness, not validated detection readiness; no population cutoff calibrated"
2025-11-01T00:00:00.000,1123075,수서동,7.134874504623514,3.455244385733157,25.440751299438915,11.37460160764163,872.5833233778482,561.1084245227032,0.95941215323646,0.966433289299868,0.929346103038309,0.912642007926024,0.13972655251725,0.063186813186813,0.06350626118068,6.0,20.8,0.0,30,20,10,False,service,20s,a2_age_features_v1,update,1514.0,156.51999999999998,4,156.51999999999998,1452.5500000000002,1407.03,1463.18,1381.74,1514.0,1514.0,available,"available is preprocessing completeness, not validated detection readiness; no population cutoff calibrated"
2025-11-01T00:00:00.000,1123075,수서동,11.444911190053284,4.896971580817051,26.51668325630999,11.721066519332807,1000.0024744391321,600.7671789661782,0.961816163410302,0.965896980461812,0.932300177619893,0.924418294849023,0.097445233689488,0.059452038440876,0.081746552856205,6.0,20.8,0.0,30,20,10,False,service,30s,a2_age_features_v1,update,2252.0,335.06,4,335.06,2166.0099999999998,2099.54,2175.2,2081.79,2252.0,2252.0,available,"available is preprocessing completeness, not validated detection readiness; no population cutoff calibrated"
2025-11-01T00:00:00.000,1123075,수서동,12.268870346598204,5.063966623876766,24.341514175390778,10.765138005165275,901.0273069100787,515.7351210603442,0.932522464698331,0.93099486521181,0.889717586649551,0.880378690629012,0.133953767637346,0.090603422395677,0.115881116781747,6.0,20.8,0.0,30,20,10,False,service,40s,a2_age_features_v1,update,1558.0,333.1,4,333.1,1452.87,1386.18,1450.49,1371.63,1558.0,1558.0,available,"available is preprocessing completeness, not validated detection readiness; no population cutoff calibrated"
2025-11-01T00:00:00.000,1123075,수서동,14.953139635732871,5.627020815264527,25.65419339691455,11.114181843519043,943.2813818493862,573.1452457869943,0.95122289679098,0.939952298352125,0.902437120555074,0.892931483087598,0.134872628726287,0.065235772357724,0.13929539295393,6.0,20.8,0.0,30,20,10,False,service,50s,a2_age_features_v1,update,2306.0,461.25,4,461.25,2193.52,2081.02,2167.53,2059.1,2306.0,2306.0,available,"available is preprocessing completeness, not validated detection readiness; no population cutoff calibrated"
2025-11-01T00:00:00.000,1123075,수서동,11.088110419397117,3.685446920052425,19.68018141712512,8.970657689479197,599.8221349535822,376.8367175396506,0.939523263433814,0.926997051114024,0.882169069462648,0.859716579292267,0.118290329229674,0.054546817321566,0.202762006483407,6.0,20.8,0.0,30,20,10,False,service,60plus,a2_age_features_v1,update,6104.0,2668.35,8,2668.35,5734.85,5384.76,5658.39,5247.71,6104.0,6104.0,available,"available is preprocessing completeness, not validated detection readiness; no population cutoff calibrated"
2025-11-01T00:00:00.000,1123076,세곡동,7.231065989847715,3.842167935702199,24.634662595513543,10.764650064328062,973.0101259308071,626.6033203197996,0.964928087986464,0.962880710659898,0.940346869712352,0.939409898477157,0.106423953413728,0.081984501811179,0.053636113531111,6.0,20.8,0.0,30,20,10,False,service,20s,a2_age_features_v1,update,4728.0,872.36,4,872.36,4562.18,4445.96,4552.5,4441.53,4728.0,4728.0,available,"available is preprocessing completeness, not validated detection readiness; no population cutoff calibrated"
2025-11-01T00:00:00.000,1123076,세곡동,12.458654122378626,5.544922436081586,25.99610271075491,11.420109534646786,980.8328840463224,663.2589008110023,0.948799195633439,0.954303361103131,0.934721344441252,0.940810112036771,0.094316449796566,0.072373310491642,0.05539320039805,6.0,20.8,0.0,30,20,10,False,service,30s,a2_age_features_v1,update,6962.0,1587.74,4,1587.74,6605.54,6507.53,6643.860000000001,6549.92,6962.0,6962.0,available,"available is preprocessing completeness, not validated detection readiness; no population cutoff calibrated"
2025-11-01T00:00:00.000,1123076,세곡동,15.595874613003096,6.159574303405574,26.127636111111112,11.009642656162072,1028.9379249448123,618.0140673719376,0.928792569659443,0.934984520123839,0.916924664602683,0.926728586171311,0.105178975879702,0.084666215238051,0.044983304924464,6.0,20.8,0.0,30,20,10,False,service,40s,a2_age_features_v1,update,7752.0,856.54,4,856.54,7200.0,7108.0,7248.0,7184.0,7752.0,7752.0,available,"available is preprocessing completeness, not validated detection readiness; no population cutoff calibrated"
2025-11-01T00:00:00.000,1123076,세곡동,16.475317119694804,5.674255285328246,26.36956973032157,10.86812083485396,1110.0017531260096,645.4280916822237,0.94656970274996,0.949748847560006,0.919028771260531,0.919599427753934,0.090530038775411,0.093109658159872,0.061975761312199,6.0,20.8,0.0,30,20,10,False,service,50s,a2_age_features_v1,update,6291.0,616.37,4,616.37,5954.87,5781.61,5974.87,5785.2,6291.0,6291.0,available,"available is preprocessing completeness, not validated detection readiness; no population cutoff calibrated"
2025-11-01T00:00:00.000,1123076,세곡동,12.652722625498415,4.042864737756875,20.477152579646468,9.13163837138973,786.23020045371,450.5127815044281,0.917721091912892,0.91623249156528,0.853639709641141,0.850014313464881,0.087495711747508,0.112626151427796,0.122836032585599,6.0,20.8,0.0,30,20,10,False,service,60plus,a2_age_features_v1,update,9781.0,1953.01,8,1953.01,8976.23,8349.45,8961.67,8313.99,9781.0,9781.0,available,"available is preprocessing completeness, not validated detection readiness; no population cutoff calibrated"
2025-11-01T00:00:00.000,1123077,압구정동,7.767946249498595,3.681054953870839,23.17234762932213,10.145461628393564,702.8078685306165,434.3439107173298,0.953706377858002,0.948030485359005,0.929799438427597,0.917685519454472,0.11904183470191,0.104076575482241,0.081094213109178,6.0,20.8,0.0,30,20,10,False,service,20s,a2_age_features_v1,update,2493.0,205.81,4,205.81,2377.59,2317.9900000000002,2363.44,2287.79,2493.0,2493.0,available,"available is preprocessing completeness, not validated detection readiness; no population cutoff calibrated"
2025-11-01T00:00:00.000,1123077,압구정동,13.594368589743592,5.866942307692308,22.772431516281433,10.546957006722316,774.6664721246606,538.1415403762385,0.907711538461538,0.900701923076923,0.86775641025641,0.870458333333334,0.142958806623785,0.094594224716026,0.070151909128233,6.0,20.8,0.0,30,20,10,False,service,30s,a2_age_features_v1,update,3120.0,365.35,4,365.35,2832.06,2707.4,2810.19,2715.83,3120.0,3120.0,available,"available is preprocessing completeness, not validated detection readiness; no population cutoff calibrated"
2025-11-01T00:00:00.000,1123077,압구정동,17.095171110644554,6.832710476590384,23.539894050820415,10.517926688163183,873.1465696568515,534.6160110192028,0.883012807054378,0.883006508503044,0.851011967247533,0.858158723493596,0.131799521040027,0.085699623674307,0.07543619568936,6.0,20.8,0.0,30,20,10,False,service,40s,a2_age_features_v1,update,4763.0,350.76,4,350.76,4205.79,4053.37,4205.76,4087.41,4763.0,4763.0,available,"available is preprocessing completeness, not validated detection readiness; no population cutoff calibrated"
2025-11-01T00:00:00.000,1123077,압구정동,15.791225165562917,6.388514072847682,25.091669699727028,10.732166116092497,982.0066984993178,556.9625889046943,0.90976821192053,0.910182119205298,0.877069536423841,0.872930463576159,0.124707770682857,0.07013503611431,0.064796399036952,6.0,20.8,0.0,30,20,10,False,service,50s,a2_age_features_v1,update,4832.0,286.59000000000003,4,286.59000000000003,4396.0,4238.0,4398.0,4218.0,4832.0,4832.0,available,"available is preprocessing completeness, not validated detection readiness; no population cutoff calibrated"
2025-11-01T00:00:00.000,1123077,압구정동,13.140900451413637,4.827576621525303,20.220054472739754,9.078052739685235,759.0512235803628,430.60872875255683,0.920507246376812,0.90956402946068,0.857684723212164,0.8333986695177,0.055092842687479,0.035355204915059,0.141864271489272,6.0,20.8,0.0,30,20,10,False,service,60plus,a2_age_features_v1,update,8418.0,1240.27,8,1240.27,7748.83,7219.99,7656.71,7015.55,8418.0,8418.0,available,"available is preprocessing completeness, not validated detection readiness; no population cutoff calibrated"
2025-11-01T00:00:00.000,1123078,청담동,8.925262041805514,3.928109663738261,22.419080241320632,10.320577895111727,779.2894699346986,523.2272850489162,0.959578915480158,0.953795819448652,0.927170554377461,0.925546803998788,0.120531859782421,0.088102227594543,0.089587290623381,6.0,20.8,0.0,30,20,10,False,service,20s,a2_age_features_v1,update,3301.0,579.1,4,579.1,3167.57,3060.59,3148.48,3055.23,3301.0,3301.0,available,"available is preprocessing completeness, not validated detection readiness; no population cutoff calibrated"
2025-11-01T00:00:00.000,1123078,청담동,14.610925036040365,5.941725132148006,23.27134123007551,11.141180756268609,818.5160553278688,560.7422388112623,0.915427679000481,0.909870254685248,0.881182123978856,0.880925036040365,0.125915135922514,0.085639696562683,0.06797071565048,6.0,20.8,0.0,30,20,10,False,service,30s,a2_age_features_v1,update,4162.0,1057.22,4,1057.22,3810.0099999999998,3667.48,3786.88,3666.41,4162.0,4162.0,available,"available is preprocessing completeness, not validated detection readiness; no population cutoff calibrated"
2025-11-01T00:00:00.000,1123078,청담동,17.547025204117855,6.870827121050764,23.329524551831643,10.726076360682372,847.0437087912088,554.6824267100977,0.91089811856585,0.904508342208023,0.873979410720625,0.871849485268016,0.123999448835665,0.078465758915709,0.063246107401886,6.0,20.8,0.0,30,20,10,False,service,40s,a2_age_features_v1,update,5634.0,798.3100000000001,4,798.3100000000001,5132.0,4924.0,5096.0,4912.0,5634.0,5634.0,available,"available is preprocessing completeness, not validated detection readiness; no population cutoff calibrated"
2025-11-01T00:00:00.000,1123078,청담동,16.696132723112125,6.240823798627003,25.185424079437322,11.091675953707671,1029.1817757398915,595.1838006902502,0.921815408085431,0.914950419527078,0.88977879481312,0.884057971014493,0.12029626911876,0.062005549313215,0.069228828911463,6.0,20.8,0.0,30,20,10,False,service,50s,a2_age_features_v1,update,5244.0,436.09000000000003,4,436.09000000000003,4834.0,4666.0,4798.0,4636.0,5244.0,5244.0,available,"available is preprocessing completeness, not validated detection readiness; no population cutoff calibrated"
2025-11-01T00:00:00.000,1123078,청담동,13.88601708489055,4.778627869727709,21.093257619321452,9.481158021712908,799.7073825503356,458.26583900928796,0.92845702082221,0.914842498665243,0.885210891617726,0.862253069941271,0.06478742082238,0.044397668079658,0.139837619190812,6.0,20.8,0.0,30,20,10,False,service,60plus,a2_age_features_v1,update,7492.0,1030.9099999999999,8,1030.9099999999999,6956.0,6632.0,6854.0,6460.0,7492.0,7492.0,available,"available is preprocessing completeness, not validated detection readiness; no population cutoff calibrated"
2025-11-01T00:00:00.000,1123079,대치2동,6.049651372019793,3.214595141700405,21.936953541238317,9.749632904325056,807.3806736583797,474.37600719077324,0.952818263607737,0.92391363022942,0.934619883040936,0.908972109761584,0.127097711587359,0.103741373047584,0.073047584453324,6.0,20.8,0.0,30,20,10,False,service,20s,a2_age_features_v1,update,4446.0,275.3,4,275.3,4236.23,4155.32,4107.72,4041.29,4446.0,4446.0,available,"available is preprocessing completeness, not validated detection readiness; no population cutoff calibrated"
2025-11-01T00:00:00.000,1123079,대치2동,11.556773173046505,5.219076241695666,22.159090245599742,10.087615973645939,834.1124496911463,530.5148630055622,0.931936096172097,0.921860170832015,0.90270484024043,0.905460297374249,0.109618902057077,0.101776452607051,0.061261306406755,6.0,20.8,0.0,30,20,10,False,service,30s,a2_age_features_v1,update,3161.0,399.11,4,399.11,2945.85,2853.45,2914.0,2862.16,3161.0,3161.0,available,"available is preprocessing completeness, not validated detection readiness; no population cutoff calibrated"
2025-11-01T00:00:00.000,1123079,대치2동,16.659264278799615,6.903337366892547,24.217985930171967,10.13638033495408,962.6002063740858,556.4951776103337,0.928848015488867,0.926427879961278,0.89593417231365,0.899322362052275,0.105177598959603,0.074697228318296,0.064577745265382,6.0,20.8,0.0,30,20,10,False,service,40s,a2_age_features_v1,update,8264.0,246.06,4,246.06,7676.0,7404.0,7656.0,7432.0,8264.0,8264.0,available,"available is preprocessing completeness, not validated detection readiness; no population cutoff calibrated"
2025-11-01T00:00:00.000,1123079,대치2동,16.677235550708833,6.296638495092694,25.484677051693545,10.273738264714925,1075.0687760634946,591.9707475251663,0.949623773173392,0.94324427480916,0.922290076335878,0.913227917121047,0.092919907080093,0.065649934350066,0.05989294010706,6.0,20.8,0.0,30,20,10,False,service,50s,a2_age_features_v1,update,7336.0,99.01,4,99.01,6966.4400000000005,6765.92,6919.64,6699.4400000000005,7336.0,7336.0,available,"available is preprocessing completeness, not validated detection readiness; no population cutoff calibrated"
2025-11-01T00:00:00.000,1123079,대치2동,13.114201493368997,4.617880307589435,20.56167225706091,8.941296673447003,803.1943026547411,468.3222892747781,0.939943162821799,0.922421709573164,0.887026635461941,0.862554329655634,0.061347990228736,0.050619031756607,0.102986897623806,6.0,20.8,0.0,30,20,10,False,service,60plus,a2_age_features_v1,update,8973.0,720.48,8,720.48,8434.11,7959.29,8276.89,7739.7,8973.0,8973.0,available,"available is preprocessing completeness, not validated detection readiness; no population cutoff calibrated"
2025-11-01T00:00:00.000,1123080,개포2동,5.908651938683499,3.220295311091073,24.51731800105767,10.611346275620729,830.8261129542454,502.8202176088403,0.967644274120829,0.963507664562669,0.946956717763751,0.941663660955816,0.126281262812628,0.081385813858139,0.077490774907749,6.0,20.8,0.0,30,20,10,False,service,20s,a2_age_features_v1,update,4436.0,195.12,4,195.12,4292.47,4200.7,4274.12,4177.22,4436.0,4436.0,available,"available is preprocessing completeness, not validated detection readiness; no population cutoff calibrated"
2025-11-01T00:00:00.000,1123080,개포2동,11.885802959220497,5.345788523998556,25.030687259144845,11.27264327978393,887.3330129432488,609.1980725605498,0.943948033201011,0.942403464453266,0.924619271021292,0.927609166365933,0.092729821750451,0.055987473371811,0.078072938477505,6.0,20.8,0.0,30,20,10,False,service,30s,a2_age_features_v1,update,5542.0,549.23,4,549.23,5231.360000000001,5124.24,5222.8,5140.8099999999995,5542.0,5542.0,available,"available is preprocessing completeness, not validated detection readiness; no population cutoff calibrated"
2025-11-01T00:00:00.000,1123080,개포2동,15.456200049031624,6.541181662172101,25.36793576793577,10.834538481883099,975.975728760717,603.2666066701958,0.946555528315764,0.943613630791861,0.926942878156411,0.926207403775435,0.092685849074265,0.044330456596215,0.080667203324784,6.0,20.8,0.0,30,20,10,False,service,40s,a2_age_features_v1,update,8158.0,534.1700000000001,4,534.1700000000001,7722.0,7562.0,7698.0,7556.0,8158.0,8158.0,available,"available is preprocessing completeness, not validated detection readiness; no population cutoff calibrated"
2025-11-01T00:00:00.000,1123080,개포2동,15.469440636139293,5.987798190293393,26.324921495860693,10.673459412278149,1086.5192111302354,633.1079270072993,0.960515492185358,0.955854126679463,0.942418426103647,0.939128050452427,0.080408264874284,0.035878765247697,0.058345780433159,6.0,20.8,0.0,30,20,10,False,service,50s,a2_age_features_v1,update,7294.0,321.36,4,321.36,7006.0,6874.0,6972.0,6850.0,7294.0,7294.0,available,"available is preprocessing completeness, not validated detection readiness; no population cutoff calibrated"
2025-11-01T00:00:00.000,1123080,개포2동,12.717748815165875,4.512942697113313,21.001072013555493,9.109228723090395,791.7164262926569,460.1871981074152,0.953522188711762,0.944002585092632,0.912725118483412,0.889432356742783,0.063106763366504,0.026587957497048,0.09250801146905,6.0,20.8,0.0,30,20,10,False,service,60plus,a2_age_features_v1,update,9284.0,1482.25,8,1482.25,8852.5,8473.74,8764.119999999999,8257.49,9284.0,9284.0,available,"available is preprocessing completeness, not validated detection readiness; no population cutoff calibrated"
2025-12-01T00:00:00.000,1123051,신사동,8.279889944972487,3.768844422211106,20.54592047189524,11.077740026946284,693.0379346044751,515.0594997548862,0.960015007503752,0.952376188094047,0.939374687343672,0.938809404702351,0.102065484773942,0.078547798795487,0.079332428535075,10.0,41.2,6.0,31,23,8,False,service,20s,a2_age_features_v1,update,1999.0,471.56,4,471.56,1919.0700000000002,1877.81,1903.8,1876.6799999999998,1999.0,1999.0,available,"available is preprocessing completeness, not validated detection readiness; no population cutoff calibrated"
2025-12-01T00:00:00.000,1123051,신사동,13.480465811965813,5.370970085470085,20.41772168571007,10.9985788001213,647.3007122377859,536.8339530127224,0.89875641025641,0.885376068376068,0.873735042735043,0.862935897435897,0.140538496445318,0.120798668885191,0.091846921797005,10.0,41.2,6.0,31,23,8,False,service,30s,a2_age_features_v1,update,2340.0,661.1,4,661.1,2103.09,2044.54,2071.7799999999997,2019.27,2340.0,2340.0,available,"available is preprocessing completeness, not validated detection readiness; no population cutoff calibrated"
2025-12-01T00:00:00.000,1123051,신사동,16.363257305773345,6.512608695652173,20.64662377073123,10.782194247193676,764.568003064667,544.3037505074597,0.878431931575196,0.865171062009979,0.84163578047042,0.842736992159658,0.149391368498709,0.111920570515185,0.089880732816919,10.0,41.2,6.0,31,23,8,False,service,40s,a2_age_features_v1,update,2806.0,325.32,4,325.32,2464.88,2361.63,2427.67,2364.7200000000003,2806.0,2806.0,available,"available is preprocessing completeness, not validated detection readiness; no population cutoff calibrated"
2025-12-01T00:00:00.000,1123051,신사동,15.801371024734982,6.008826855123676,22.961763779527562,11.022858306188924,922.3099446202532,582.4136378600823,0.897526501766784,0.893286219081272,0.867844522968198,0.858657243816254,0.137937009920721,0.107048477234328,0.069185114586492,10.0,41.2,6.0,31,23,8,False,service,50s,a2_age_features_v1,update,2830.0,230.82999999999998,4,230.82999999999998,2540.0,2456.0,2528.0,2430.0,2830.0,2830.0,available,"available is preprocessing completeness, not validated detection readiness; no population cutoff calibrated"
2025-12-01T00:00:00.000,1123051,신사동,12.977538733953075,4.460652943780434,18.639238919012378,9.567390654575533,727.9817145559979,461.6064199463796,0.921722000885348,0.900796812749004,0.87232846392209,0.845382912793271,0.064944370090982,0.065755498776548,0.138959862648876,10.0,41.2,6.0,31,23,8,False,service,60plus,a2_age_features_v1,update,4518.0,739.71,8,739.71,4164.34,3941.1800000000003,4069.8,3819.44,4518.0,4518.0,available,"available is preprocessing completeness, not validated detection readiness; no population cutoff calibrated"
2025-12-01T00:00:00.000,1123052,논현1동,10.75670849204571,4.858019269549631,19.149829073903305,10.786784648320534,716.0918359491807,618.9618155272896,0.952489356934797,0.936654716558369,0.934633654492494,0.933096571812682,0.084301600313647,0.081708664504402,0.095279252949353,10.0,41.2,6.0,31,23,8,False,service,20s,a2_age_features_v1,update,4463.0,2244.56,4,2244.56,4250.959999999999,4171.27,4180.29,4164.41,4463.0,4463.0,available,"available is preprocessing completeness, not validated detection readiness; no population cutoff calibrated"
2025-12-01T00:00:00.000,1123052,논현1동,13.79377827663616,5.607782766361595,19.27089348445051,10.299154972012115,683.75805405134,596.0545654551365,0.907914004489726,0.89415299602832,0.871186323605595,0.876333966499741,0.116932802098419,0.119997140779324,0.069662425489331,10.0,41.2,6.0,31,23,8,False,service,30s,a2_age_features_v1,update,5791.0,3217.66,4,3217.66,5257.73,5045.04,5178.04,5074.85,5791.0,5791.0,available,"available is preprocessing completeness, not validated detection readiness; no population cutoff calibrated"
2025-12-01T00:00:00.000,1123052,논현1동,15.298517094017093,5.848811965811966,18.543802409638555,9.27614,704.727054187192,542.4842400824317,0.886752136752137,0.867521367521368,0.854700854700855,0.82948717948718,0.141620787786909,0.140344158089311,0.062145269821006,10.0,41.2,6.0,31,23,8,False,service,40s,a2_age_features_v1,update,4680.0,1879.95,4,1879.95,4150.0,4000.0,4060.0,3882.0,4680.0,4680.0,available,"available is preprocessing completeness, not validated detection readiness; no population cutoff calibrated"
2025-12-01T00:00:00.000,1123052,논현1동,15.983139638304179,5.752561517936555,19.357888504712736,9.721089193580571,796.726072698538,552.2116338471516,0.876317817966202,0.862926178476134,0.832042691965609,0.813759264749481,0.155555555555556,0.133129747083235,0.089687573408504,10.0,41.2,6.0,31,23,8,False,service,50s,a2_age_features_v1,update,3373.0,638.55,4,638.55,2955.8199999999997,2806.48,2910.65,2744.81,3373.0,3373.0,available,"available is preprocessing completeness, not validated detection readiness; no population cutoff calibrated"
2025-12-01T00:00:00.000,1123052,논현1동,13.650606930490055,4.54394094730367,16.680988368794324,8.666622605294608,656.900101866578,455.57127364472865,0.903475497231905,0.875396760303465,0.849282345704326,0.835860159934386,0.103391633845407,0.088029417803744,0.099341085994811,10.0,41.2,6.0,31,23,8,False,service,60plus,a2_age_features_v1,update,4877.0,1071.46,8,1071.46,4406.25,4141.95,4269.3099999999995,4076.49,4877.0,4877.0,available,"available is preprocessing completeness, not validated detection readiness; no population cutoff calibrated"
2025-12-01T00:00:00.000,1123053,논현2동,9.888784596871242,4.321699759326114,20.38680136021468,11.120375228087429,771.8892173402843,622.4177164941955,0.943965102286402,0.938321299638989,0.929879663056558,0.930586642599278,0.096987766539092,0.072187670858393,0.086932750136687,10.0,41.2,6.0,31,23,8,False,service,20s,a2_age_features_v1,update,3324.0,1170.56,4,1170.56,3137.74,3090.92,3118.98,3093.27,3324.0,3324.0,available,"available is preprocessing completeness, not validated detection readiness; no population cutoff calibrated"
2025-12-01T00:00:00.000,1123053,논현2동,14.120636802810717,5.679018445322793,19.385167573262706,10.591370598141332,679.6485824035121,596.2120926902314,0.908693456302152,0.90036231884058,0.88016029863856,0.872518664909969,0.133622481162198,0.105486800091927,0.061997271513723,10.0,41.2,6.0,31,23,8,False,service,30s,a2_age_features_v1,update,4554.0,2045.0900000000001,4,2045.0900000000001,4138.19,4008.25,4100.25,3973.45,4554.0,4554.0,available,"available is preprocessing completeness, not validated detection readiness; no population cutoff calibrated"
2025-12-01T00:00:00.000,1123053,논현2동,16.540492142266338,6.259933829611248,19.372208275220824,10.22084493518963,725.425162966462,560.3154090471606,0.889578163771712,0.875516956162118,0.861455748552523,0.859387923904053,0.127524008350731,0.109787056367432,0.062237995824635,10.0,41.2,6.0,31,23,8,False,service,40s,a2_age_features_v1,update,4836.0,1197.5,4,1197.5,4302.0,4166.0,4234.0,4156.0,4836.0,4836.0,available,"available is preprocessing completeness, not validated detection readiness; no population cutoff calibrated"
2025-12-01T00:00:00.000,1123053,논현2동,17.26622245002563,6.084449000512556,21.232193585337917,10.841837223219628,884.3894299011052,604.0140667859272,0.894925679138903,0.881086622245002,0.856483854433624,0.859559200410046,0.14974008103356,0.097737176056876,0.073943123614403,10.0,41.2,6.0,31,23,8,False,service,50s,a2_age_features_v1,update,3902.0,523.24,4,523.24,3492.0,3342.0,3438.0,3354.0,3902.0,3902.0,available,"available is preprocessing completeness, not validated detection readiness; no population cutoff calibrated"
2025-12-01T00:00:00.000,1123053,논현2동,13.767438271604936,4.580898692810457,17.206808361638018,9.010082173058855,649.1663556463178,454.4346828987414,0.899602396514161,0.883700072621641,0.850181554103123,0.838718228031954,0.085621323399389,0.069352918292525,0.103162908036356,10.0,41.2,6.0,31,23,8,False,service,60plus,a2_age_features_v1,update,5508.0,848.27,8,848.27,4955.01,4682.8,4867.42,4619.66,5508.0,5508.0,available,"available is preprocessing completeness, not validated detection readiness; no population cutoff calibrated"
2025-12-01T00:00:00.000,1123058,삼성1동,8.006780167264038,3.797443249701314,21.378856680039927,11.01107019650447,848.3223526653999,545.5439839027804,0.951451612903226,0.955651135005974,0.940268817204301,0.938888888888889,0.128070522979398,0.086667987321712,0.083646988906498,10.0,41.2,6.0,31,23,8,False,service,20s,a2_age_features_v1,update,1674.0,201.92000000000002,4,201.92000000000002,1592.73,1574.01,1599.76,1571.7,1674.0,1674.0,available,"available is preprocessing completeness, not validated detection readiness; no population cutoff calibrated"
2025-12-01T00:00:00.000,1123058,삼성1동,13.311916932907346,5.279151072569602,21.361709287217863,11.181933074644302,799.4830902634984,587.2497723023226,0.906316750342309,0.910059333637608,0.875107256960292,0.878758557736194,0.13913203722473,0.101216253570441,0.070971160047913,10.0,41.2,6.0,31,23,8,False,service,30s,a2_age_features_v1,update,2191.0,434.12,4,434.12,1985.74,1917.3600000000001,1993.94,1925.3600000000001,2191.0,2191.0,available,"available is preprocessing completeness, not validated detection readiness; no population cutoff calibrated"
2025-12-01T00:00:00.000,1123058,삼성1동,16.094421052631578,6.158084210526316,21.379324861000793,11.09336127409891,870.2782584269663,580.8002410640067,0.883508771929825,0.874385964912281,0.83719298245614,0.84421052631579,0.152674230145867,0.108233387358185,0.077017828200972,10.0,41.2,6.0,31,23,8,False,service,40s,a2_age_features_v1,update,2850.0,308.5,4,308.5,2518.0,2386.0,2492.0,2406.0,2850.0,2850.0,available,"available is preprocessing completeness, not validated detection readiness; no population cutoff calibrated"
2025-12-01T00:00:00.000,1123058,삼성1동,16.953026315789472,5.87203947368421,23.113874458874456,11.455775280898877,1022.6597592997811,668.205143939394,0.911842105263158,0.901973684210526,0.87828947368421,0.868421052631579,0.133429672447014,0.08140655105973,0.085645472061657,10.0,41.2,6.0,31,23,8,False,service,50s,a2_age_features_v1,update,3040.0,207.6,4,207.6,2772.0,2670.0,2742.0,2640.0,3040.0,3040.0,available,"available is preprocessing completeness, not validated detection readiness; no population cutoff calibrated"
2025-12-01T00:00:00.000,1123058,삼성1동,13.936002386634845,4.663707239459029,19.732569084628672,9.914343525179856,810.244476693052,498.09572930955653,0.921241050119332,0.904534606205251,0.884645982498011,0.869928400954654,0.066231876951241,0.070220173588977,0.138773108419556,10.0,41.2,6.0,31,23,8,False,service,60plus,a2_age_features_v1,update,5028.0,611.79,8,611.79,4632.0,4448.0,4548.0,4374.0,5028.0,5028.0,available,"available is preprocessing completeness, not validated detection readiness; no population cutoff calibrated"
2025-12-01T00:00:00.000,1123059,삼성2동,8.179651519375524,3.771137440758294,20.79656823017965,10.377167577768125,772.3187866003121,567.7854403657834,0.944608307778088,0.938318929467522,0.930708112628938,0.924954000557569,0.117428031566078,0.106257641436034,0.061731688340558,10.0,41.2,6.0,31,23,8,False,service,20s,a2_age_features_v1,update,3587.0,899.6999999999999,4,899.6999999999999,3388.31,3338.45,3365.75,3317.81,3587.0,3587.0,available,"available is preprocessing completeness, not validated detection readiness; no population cutoff calibrated"
2025-12-01T00:00:00.000,1123059,삼성2동,13.703504205046055,5.361347617140568,19.77958104120606,10.428814682635156,722.9415378340823,606.3702032238274,0.920192230676812,0.910748898678414,0.898846615939127,0.897527032438927,0.113506808825082,0.100219043597593,0.050749498574897,10.0,41.2,6.0,31,23,8,False,service,30s,a2_age_features_v1,update,4994.0,1515.68,4,1515.68,4595.4400000000005,4488.84,4548.28,4482.25,4994.0,4994.0,available,"available is preprocessing completeness, not validated detection readiness; no population cutoff calibrated"
2025-12-01T00:00:00.000,1123059,삼성2동,16.46790370813397,6.269922248803828,20.427854119179422,10.26946380697051,819.006728293166,584.2692782813025,0.918361244019139,0.905801435406698,0.892344497607656,0.890849282296651,0.106823551211377,0.091258627877889,0.054870987168203,10.0,41.2,6.0,31,23,8,False,service,40s,a2_age_features_v1,update,6688.0,863.48,4,863.48,6142.0,5968.0,6058.0,5958.0,6688.0,6688.0,available,"available is preprocessing completeness, not validated detection readiness; no population cutoff calibrated"
2025-12-01T00:00:00.000,1123059,삼성2동,15.965673042223024,5.727697582100324,21.855949218750002,10.62050724637681,974.6428577059518,637.9647993579454,0.92385420425839,0.915553951642006,0.89642728256947,0.899314326957777,0.104797824752215,0.069186913428647,0.058275589860539,10.0,41.2,6.0,31,23,8,False,service,50s,a2_age_features_v1,update,5542.0,570.05,4,570.05,5120.0,4968.0,5074.0,4984.0,5542.0,5542.0,available,"available is preprocessing completeness, not validated detection readiness; no population cutoff calibrated"
2025-12-01T00:00:00.000,1123059,삼성2동,12.949715350728567,4.351579125720095,17.444445394498565,8.861460865294548,730.790580278459,483.6596485828916,0.907560149101999,0.88921890884446,0.855576075906472,0.841247034903423,0.072836931401838,0.075835634969844,0.112349923905079,10.0,41.2,6.0,31,23,8,False,service,60plus,a2_age_features_v1,update,5902.0,887.05,8,887.05,5356.42,5049.61,5248.17,4965.04,5902.0,5902.0,available,"available is preprocessing completeness, not validated detection readiness; no population cutoff calibrated"
2025-12-01T00:00:00.000,1123060,대치1동,5.914511041009464,3.027018927444795,21.748591858387314,10.420457916745539,753.9243076740894,457.7661243193451,0.941535226077813,0.932371188222923,0.916577287066246,0.901819137749737,0.162120695533583,0.097170132969656,0.075519945448346,10.0,41.2,6.0,31,23,8,False,service,20s,a2_age_features_v1,update,1902.0,58.66,4,58.66,1790.8,1743.33,1773.3700000000001,1715.26,1902.0,1902.0,available,"available is preprocessing completeness, not validated detection readiness; no population cutoff calibrated"
2025-12-01T00:00:00.000,1123060,대치1동,12.532533333333333,5.25615,21.591455084033992,11.248778942647307,784.5965134064398,548.6259083069046,0.922741666666667,0.906591666666667,0.89185,0.89865,0.121691781689249,0.100291249841712,0.078637457262252,10.0,41.2,6.0,31,23,8,False,service,30s,a2_age_features_v1,update,1200.0,78.97,4,78.97,1107.29,1070.22,1087.9099999999999,1078.38,1200.0,1200.0,available,"available is preprocessing completeness, not validated detection readiness; no population cutoff calibrated"
2025-12-01T00:00:00.000,1123060,대치1동,17.566420497362472,7.100075357950264,23.454459845087644,10.712433665008291,947.7969709373721,579.1306520841932,0.924265259984928,0.920497362471741,0.908816880180859,0.912961567445366,0.113529248683116,0.047962295536457,0.082755752703077,10.0,41.2,6.0,31,23,8,False,service,40s,a2_age_features_v1,update,5308.0,72.14,4,72.14,4906.0,4824.0,4886.0,4846.0,5308.0,5308.0,available,"available is preprocessing completeness, not validated detection readiness; no population cutoff calibrated"
2025-12-01T00:00:00.000,1123060,대치1동,15.870906998158379,6.112891344383057,24.416161369193155,11.287773359840955,1084.8100146699267,625.7360967098705,0.941528545119705,0.941528545119705,0.92633517495396,0.923572744014733,0.091485048150025,0.048783578307146,0.069183983781044,10.0,41.2,6.0,31,23,8,False,service,50s,a2_age_features_v1,update,4344.0,78.92,4,78.92,4090.0,4024.0,4090.0,4012.0,4344.0,4344.0,available,"available is preprocessing completeness, not validated detection readiness; no population cutoff calibrated"
2025-12-01T00:00:00.000,1123060,대치1동,12.582449856733525,4.496399235912129,19.95291571915143,9.71699696513084,850.1287234868581,501.6190002939992,0.945014326647565,0.92255253104107,0.90007640878701,0.877144221585482,0.046934025260427,0.024268325256611,0.112641660625024,10.0,41.2,6.0,31,23,8,False,service,60plus,a2_age_features_v1,update,4188.0,262.07,8,262.07,3957.7200000000003,3769.52,3863.65,3673.48,4188.0,4188.0,available,"available is preprocessing completeness, not validated detection readiness; no population cutoff calibrated"
2025-12-01T00:00:00.000,1123063,대치4동,7.971203939008894,4.071451715374841,18.704191173020334,9.659160747939458,732.1228456329059,546.6847240139158,0.94777001270648,0.929688691232528,0.92537166454892,0.919482210927573,0.118856591226,0.11650756194358,0.077260538453288,10.0,41.2,6.0,31,23,8,False,service,20s,a2_age_features_v1,update,3148.0,932.3,4,932.3,2983.58,2913.0699999999997,2926.66,2894.5299999999997,3148.0,3148.0,available,"available is preprocessing completeness, not validated detection readiness; no population cutoff calibrated"
2025-12-01T00:00:00.000,1123063,대치4동,13.259595930232559,5.825601744186047,17.901063542440408,9.571949659760527,682.8643121620867,593.2413465308108,0.904037790697674,0.883392441860465,0.879595930232558,0.883860465116279,0.123255971082058,0.133514633514634,0.082654865263561,10.0,41.2,6.0,31,23,8,False,service,30s,a2_age_features_v1,update,3440.0,1776.06,4,1776.06,3109.8900000000003,3025.81,3038.87,3040.48,3440.0,3440.0,available,"available is preprocessing completeness, not validated detection readiness; no population cutoff calibrated"
2025-12-01T00:00:00.000,1123063,대치4동,16.03404302019315,6.454640035118525,18.592277422528287,9.171109422492401,816.2721446509291,574.9263997960225,0.892449517120281,0.874012291483758,0.866549604916594,0.860842844600527,0.113197661592764,0.142528862416354,0.066549010956688,10.0,41.2,6.0,31,23,8,False,service,40s,a2_age_features_v1,update,4556.0,1087.92,4,1087.92,4066.0,3948.0,3982.0,3922.0,4556.0,4556.0,available,"available is preprocessing completeness, not validated detection readiness; no population cutoff calibrated"
2025-12-01T00:00:00.000,1123063,대치4동,16.643163737280293,6.164606845513413,20.015861195542048,9.709406150583245,924.3843808532779,608.9210015982951,0.91304347826087,0.888991674375578,0.872340425531915,0.868177613320999,0.131966474104251,0.124603466123485,0.070941997528968,10.0,41.2,6.0,31,23,8,False,service,50s,a2_age_features_v1,update,4324.0,598.9399999999999,4,598.9399999999999,3948.0,3772.0,3844.0,3754.0,4324.0,4324.0,available,"available is preprocessing completeness, not validated detection readiness; no population cutoff calibrated"
2025-12-01T00:00:00.000,1123063,대치4동,13.72747063878545,4.455620166141506,15.842704213159523,8.320028508273596,672.4522209376245,467.99967363062166,0.900045832139788,0.86965625895159,0.831973646519622,0.813617874534517,0.081084215103638,0.119553558486737,0.076953181620525,10.0,41.2,6.0,31,23,8,False,service,60plus,a2_age_features_v1,update,3491.0,689.9,8,689.9,3142.06,2904.42,3035.9700000000003,2840.34,3491.0,3491.0,available,"available is preprocessing completeness, not validated detection readiness; no population cutoff calibrated"
2025-12-01T00:00:00.000,1123064,역삼1동,10.42577254687286,4.708797043930478,19.248867122652815,10.683926106567792,752.8235814054744,680.058600378146,0.953812782263583,0.949229505953196,0.947847269741344,0.936625153961954,0.075932252345571,0.083788171550368,0.094447819764547,10.0,41.2,6.0,31,23,8,False,service,20s,a2_age_features_v1,update,7307.0,4016.08,4,4016.08,6969.51,6925.92,6936.02,6843.92,7307.0,7307.0,available,"available is preprocessing completeness, not validated detection readiness; no population cutoff calibrated"
2025-12-01T00:00:00.000,1123064,역삼1동,13.550797940797942,5.687528957528958,18.75403999154568,10.235035189861184,722.1501039853454,630.4646953675106,0.904012474012474,0.890650430650431,0.880989010989011,0.877614097614098,0.117980544069453,0.121843520662751,0.070964204139027,10.0,41.2,6.0,31,23,8,False,service,30s,a2_age_features_v1,update,10101.0,6948.01,4,6948.01,9131.43,8898.87,8996.46,8864.779999999999,10101.0,10101.0,available,"available is preprocessing completeness, not validated detection readiness; no population cutoff calibrated"
2025-12-01T00:00:00.000,1123064,역삼1동,16.235056831361632,6.230730688935282,17.881033571239755,9.533886242644996,730.3759815618221,565.9487567261399,0.877522616562283,0.855485966133148,0.827882161911389,0.819067501739736,0.142020619769106,0.161148297693016,0.083245947588153,10.0,41.2,6.0,31,23,8,False,service,40s,a2_age_features_v1,update,8622.0,4081.5200000000004,4,4081.5200000000004,7566.0,7138.0,7376.0,7062.0,8622.0,8622.0,available,"available is preprocessing completeness, not validated detection readiness; no population cutoff calibrated"
2025-12-01T00:00:00.000,1123064,역삼1동,17.194642490591857,5.878046527540199,19.12322998430141,10.214406919275122,858.2935513643658,642.5061665975963,0.871707150188163,0.852548751282928,0.830653438248375,0.825521724255901,0.179412205137097,0.13046870689859,0.093859600728241,10.0,41.2,6.0,31,23,8,False,service,50s,a2_age_features_v1,update,5846.0,1268.81,4,1268.81,5096.0,4856.0,4984.0,4826.0,5846.0,5846.0,available,"available is preprocessing completeness, not validated detection readiness; no population cutoff calibrated"
2025-12-01T00:00:00.000,1123064,역삼1동,14.406411225825217,4.632101206921622,16.942133741948993,9.09554398834796,694.4552052807146,505.28717747930204,0.882072124472881,0.853961029518686,0.845614366729679,0.823555329358732,0.105279982210115,0.105488457422412,0.123292240552598,10.0,41.2,6.0,31,23,8,False,service,60plus,a2_age_features_v1,update,6877.0,1439.02,8,1439.02,6066.01,5815.29,5872.6900000000005,5663.59,6877.0,6877.0,available,"available is preprocessing completeness, not validated detection readiness; no population cutoff calibrated"
2025-12-01T00:00:00.000,1123065,역삼2동,8.078514628657164,3.868057014253564,20.276150603866007,10.570497801632468,758.7234423144898,576.945698304277,0.951607901975494,0.940917729432358,0.942980745186296,0.933905976494123,0.102363736584417,0.089296715411303,0.069347621672449,10.0,41.2,6.0,31,23,8,False,service,20s,a2_age_features_v1,update,3999.0,1233.64,4,1233.64,3805.4799999999996,3770.98,3762.73,3734.69,3999.0,3999.0,available,"available is preprocessing completeness, not validated detection readiness; no population cutoff calibrated"
2025-12-01T00:00:00.000,1123065,역삼2동,12.998572567783093,5.436311802232855,19.32507858929152,10.431274624049719,717.5157726795043,616.3531695535376,0.925536283891547,0.90868620414673,0.898175837320574,0.889814593301436,0.105807427225405,0.123628115276122,0.063035449443104,10.0,41.2,6.0,31,23,8,False,service,30s,a2_age_features_v1,update,5016.0,1719.35,4,1719.35,4642.49,4505.25,4557.969999999999,4463.3099999999995,5016.0,5016.0,available,"available is preprocessing completeness, not validated detection readiness; no population cutoff calibrated"
2025-12-01T00:00:00.000,1123065,역삼2동,15.952883435582821,6.328847989093388,20.833148285220823,9.93098637739657,844.3591556332751,578.7644301238311,0.920927062031356,0.909566007725517,0.900704385366962,0.899113837764144,0.112038041211312,0.10244431467423,0.062341345981957,10.0,41.2,6.0,31,23,8,False,service,40s,a2_age_features_v1,update,8802.0,839.09,4,839.09,8106.0,7928.0,8006.0,7914.0,8802.0,8802.0,available,"available is preprocessing completeness, not validated detection readiness; no population cutoff calibrated"
2025-12-01T00:00:00.000,1123065,역삼2동,15.965562043795622,5.917290510948906,22.148416403785493,10.432438070404174,958.0337698664971,603.0626004573668,0.925547445255474,0.918540145985402,0.895766423357664,0.893722627737226,0.11680760248047,0.089602963678827,0.058355480389788,10.0,41.2,6.0,31,23,8,False,service,50s,a2_age_features_v1,update,6850.0,620.85,4,620.85,6340.0,6136.0,6292.0,6122.0,6850.0,6850.0,available,"available is preprocessing completeness, not validated detection readiness; no population cutoff calibrated"
2025-12-01T00:00:00.000,1123065,역삼2동,12.76282208588957,4.277512708150745,16.89252412439543,8.732412469451736,702.4856718306534,475.1327287950062,0.900241893076249,0.883780893952673,0.852087642418931,0.834287467134093,0.076250537480292,0.087563217920105,0.081645815843895,10.0,41.2,6.0,31,23,8,False,service,60plus,a2_age_features_v1,update,5705.0,976.78,8,976.78,5135.88,4861.16,5041.97,4759.61,5705.0,5705.0,available,"available is preprocessing completeness, not validated detection readiness; no population cutoff calibrated"
2025-12-01T00:00:00.000,1123066,도곡1동,7.689077615298086,3.587184101987252,21.64537754547552,10.687788710306561,813.9374019214742,557.235749308404,0.959118860142482,0.953835770528684,0.942024746906637,0.943352080989876,0.113639005113901,0.073599488609949,0.095420734542073,10.0,41.2,6.0,31,23,8,False,service,20s,a2_age_features_v1,update,2667.0,344.15999999999997,4,344.15999999999997,2557.9700000000003,2512.38,2543.88,2515.92,2667.0,2667.0,available,"available is preprocessing completeness, not validated detection readiness; no population cutoff calibrated"
2025-12-01T00:00:00.000,1123066,도곡1동,11.910756832515768,5.038994393833216,22.32879715703804,11.069246281671475,919.932131083424,628.354622165574,0.944562018220042,0.931699369306237,0.920175192711983,0.918170988086896,0.096553278546413,0.06909046776934,0.088265889940705,10.0,41.2,6.0,31,23,8,False,service,30s,a2_age_features_v1,update,2854.0,576.78,4,576.78,2695.78,2626.1800000000003,2659.0699999999997,2620.46,2854.0,2854.0,available,"available is preprocessing completeness, not validated detection readiness; no population cutoff calibrated"
2025-12-01T00:00:00.000,1123066,도곡1동,15.885631113181182,6.334033535165348,22.550688096433955,10.68974794238683,940.2342110603755,586.3345240532241,0.927340475081509,0.91802515137401,0.905449464368887,0.910107126222636,0.10050943136445,0.059727385377943,0.062563678920556,10.0,41.2,6.0,31,23,8,False,service,40s,a2_age_features_v1,update,4294.0,363.15,4,363.15,3982.0,3888.0,3942.0,3908.0,4294.0,4294.0,available,"available is preprocessing completeness, not validated detection readiness; no population cutoff calibrated"
2025-12-01T00:00:00.000,1123066,도곡1동,15.42908160517102,5.741842176137894,23.02876490362938,10.815021261620576,1008.1631858005304,634.0510233293604,0.943759762994883,0.93728252087261,0.918367896579585,0.912932938324805,0.095101952745712,0.055022116733197,0.060847987916712,10.0,41.2,6.0,31,23,8,False,service,50s,a2_age_features_v1,update,3713.0,185.38,4,185.38,3504.18,3409.9,3480.13,3389.7200000000003,3713.0,3713.0,available,"available is preprocessing completeness, not validated detection readiness; no population cutoff calibrated"
2025-12-01T00:00:00.000,1123066,도곡1동,13.226626506024095,4.499713855421686,17.805875269083707,8.981309713249939,761.3581623319137,479.81305757110783,0.941846762048193,0.920762424698795,0.893175828313253,0.868621987951807,0.059606903496892,0.051237976178074,0.07693509740598,10.0,41.2,6.0,31,23,8,False,service,60plus,a2_age_features_v1,update,5312.0,575.94,8,575.94,5003.09,4744.55,4891.09,4614.12,5312.0,5312.0,available,"available is preprocessing completeness, not validated detection readiness; no population cutoff calibrated"
2025-12-01T00:00:00.000,1123067,도곡2동,6.719080137199875,3.303763642033052,22.592425433306236,10.673736194603663,762.6634319972005,486.28986257657994,0.951343935141877,0.944540068599938,0.936782039289055,0.927352666043031,0.118909837595669,0.106496173231286,0.068695165204405,10.0,41.2,6.0,31,23,8,False,service,20s,a2_age_features_v1,update,3207.0,107.14,4,107.14,3050.96,3004.26,3029.14,2974.02,3207.0,3207.0,available,"available is preprocessing completeness, not validated detection readiness; no population cutoff calibrated"
2025-12-01T00:00:00.000,1123067,도곡2동,12.55260882988577,5.323485643717197,22.175641153760314,11.132355485606599,799.7775674663804,572.4339498598855,0.926832355665329,0.915347329422661,0.904328496449521,0.902318616857055,0.115203021718602,0.097690788908919,0.08060777749163,10.0,41.2,6.0,31,23,8,False,service,30s,a2_age_features_v1,update,3239.0,232.98,4,232.98,3002.0099999999998,2929.12,2964.81,2922.6099999999997,3239.0,3239.0,available,"available is preprocessing completeness, not validated detection readiness; no population cutoff calibrated"
2025-12-01T00:00:00.000,1123067,도곡2동,16.13467870257038,6.649602203182375,22.668825832991622,10.718481813122882,906.0929626964892,572.8006534076557,0.9290682374541,0.922910036719706,0.907298041615667,0.908522031823746,0.115583517243651,0.07697882011924,0.073651964820976,10.0,41.2,6.0,31,23,8,False,service,40s,a2_age_features_v1,update,6536.0,303.59,4,303.59,6072.39,5930.1,6032.14,5938.1,6536.0,6536.0,available,"available is preprocessing completeness, not validated detection readiness; no population cutoff calibrated"
2025-12-01T00:00:00.000,1123067,도곡2동,15.618686386768449,5.950709287531806,23.960773143438455,11.18389042995839,1054.2069167803545,626.3784285714286,0.937977099236641,0.932569974554707,0.917302798982188,0.912849872773537,0.105924268030877,0.072214863198283,0.054446626775682,10.0,41.2,6.0,31,23,8,False,service,50s,a2_age_features_v1,update,6288.0,218.93,4,218.93,5898.0,5768.0,5864.0,5740.0,6288.0,6288.0,available,"available is preprocessing completeness, not validated detection readiness; no population cutoff calibrated"
2025-12-01T00:00:00.000,1123067,도곡2동,13.319518808011725,4.673031265266244,19.01243130070662,9.26715626725566,843.2871924206031,497.42293093607304,0.933317049340498,0.9152418172936,0.884709330727894,0.855886663409868,0.054171712531841,0.082797427652733,0.074372572764856,10.0,41.2,6.0,31,23,8,False,service,60plus,a2_age_features_v1,update,8188.0,957.88,8,957.88,7642.0,7244.0,7494.0,7008.0,8188.0,8188.0,available,"available is preprocessing completeness, not validated detection readiness; no population cutoff calibrated"
2025-12-01T00:00:00.000,1123068,개포1동,6.571252955082742,3.160283687943263,22.969937965260545,11.272858942065493,820.2370463078848,505.9928607594937,0.952718676122932,0.944444444444444,0.938534278959811,0.933806146572104,0.146914966849027,0.058041375312489,0.06184558530488,10.0,41.2,6.0,31,23,8,False,service,20s,a2_age_features_v1,update,1692.0,276.01,4,276.01,1612.0,1588.0,1598.0,1580.0,1692.0,1692.0,available,"available is preprocessing completeness, not validated detection readiness; no population cutoff calibrated"
2025-12-01T00:00:00.000,1123068,개포1동,13.16390491036633,5.561878409976618,24.068692052980133,12.473250641573994,841.506608478803,611.9867681895093,0.941543257989088,0.937646141855027,0.911145752143414,0.921278254091972,0.110771413610797,0.04243028224921,0.056736989679577,10.0,41.2,6.0,31,23,8,False,service,30s,a2_age_features_v1,update,2566.0,592.03,4,592.03,2416.0,2338.0,2406.0,2364.0,2566.0,2566.0,available,"available is preprocessing completeness, not validated detection readiness; no population cutoff calibrated"
2025-12-01T00:00:00.000,1123068,개포1동,16.51298355520752,6.651472200469851,24.759796764827872,12.16536,986.1047646813828,629.8589449348466,0.944009397024276,0.940093970242756,0.929913860610807,0.931480031323414,0.087689373097098,0.033546091486006,0.059333846887495,10.0,41.2,6.0,31,23,8,False,service,40s,a2_age_features_v1,update,5108.0,545.22,4,545.22,4822.0,4750.0,4802.0,4758.0,5108.0,5108.0,available,"available is preprocessing completeness, not validated detection readiness; no population cutoff calibrated"
2025-12-01T00:00:00.000,1123068,개포1동,16.373609129814554,6.117731811697575,25.74188651070184,12.06199593702387,1117.724563155267,683.3576938672073,0.955301949595816,0.95244888254874,0.936281502615312,0.938183547313362,0.079145792216993,0.026086736501189,0.043899600222661,10.0,41.2,6.0,31,23,8,False,service,50s,a2_age_features_v1,update,4206.0,395.22,4,395.22,4018.0,3938.0,4006.0,3946.0,4206.0,4206.0,available,"available is preprocessing completeness, not validated detection readiness; no population cutoff calibrated"
2025-12-01T00:00:00.000,1123068,개포1동,12.707638244737781,4.783745986443097,20.165648078372268,9.735758754863813,836.718520349943,493.7301108910891,0.94684266856939,0.937923653228684,0.916874777024616,0.900820549411345,0.055936169315738,0.019952358868418,0.061121885408322,10.0,41.2,6.0,31,23,8,False,service,60plus,a2_age_features_v1,update,5606.0,948.76,8,948.76,5308.0,5140.0,5258.0,5050.0,5606.0,5606.0,available,"available is preprocessing completeness, not validated detection readiness; no population cutoff calibrated"
2025-12-01T00:00:00.000,1123071,개포4동,7.769902608695652,3.553690434782609,22.788729408612078,11.273888783040091,858.3999941200101,584.8996206985388,0.960511304347826,0.952382608695652,0.949307826086957,0.945078260869565,0.099207122895951,0.069701696237083,0.074965880288555,10.0,41.2,6.0,31,23,8,False,service,20s,a2_age_features_v1,update,2875.0,307.74,4,307.74,2761.4700000000003,2729.26,2738.1,2717.1,2875.0,2875.0,available,"available is preprocessing completeness, not validated detection readiness; no population cutoff calibrated"
2025-12-01T00:00:00.000,1123071,개포4동,12.99143409699494,5.285242487354953,23.482775202634244,11.629407639732293,837.9820278649062,618.1964477329291,0.939720321332937,0.938134483784588,0.921130615888128,0.930098185063969,0.101276402838969,0.059272691212512,0.064670132740229,10.0,41.2,6.0,31,23,8,False,service,30s,a2_age_features_v1,update,3361.0,705.89,4,705.89,3158.4,3095.92,3153.07,3126.06,3361.0,3361.0,available,"available is preprocessing completeness, not validated detection readiness; no population cutoff calibrated"
2025-12-01T00:00:00.000,1123071,개포4동,16.0228777748061,6.082382990104306,23.218850385038504,11.555724633468591,893.9684333296856,625.4254538486551,0.933554426317197,0.928713559775341,0.920128376571276,0.9211874832843,0.105127955629075,0.043981706723752,0.062450131361292,10.0,41.2,6.0,31,23,8,False,service,40s,a2_age_features_v1,update,3739.0,513.85,4,513.85,3490.56,3440.36,3472.46,3444.3199999999997,3739.0,3739.0,available,"available is preprocessing completeness, not validated detection readiness; no population cutoff calibrated"
2025-12-01T00:00:00.000,1123071,개포4동,16.57059073975519,5.665689196381055,23.343769593618,11.307408794963925,942.6571443632632,661.9357517326996,0.94998403406067,0.938919638105375,0.93756785524215,0.930279403938265,0.081690285479565,0.042667898952557,0.052038406243582,10.0,41.2,6.0,31,23,8,False,service,50s,a2_age_features_v1,update,3758.0,389.52,4,389.52,3570.04,3523.38,3528.46,3495.99,3758.0,3758.0,available,"available is preprocessing completeness, not validated detection readiness; no population cutoff calibrated"
2025-12-01T00:00:00.000,1123071,개포4동,13.63519954819277,4.355591114457831,19.17496485444894,9.49307825136703,720.2307247824168,498.4301363348401,0.932010542168675,0.912353162650602,0.902684487951807,0.879578313253012,0.072526606227828,0.03485556619179,0.079486457570809,10.0,41.2,6.0,31,23,8,False,service,60plus,a2_age_features_v1,update,5312.0,887.95,8,887.95,4950.84,4795.06,4846.42,4672.32,5312.0,5312.0,available,"available is preprocessing completeness, not validated detection readiness; no population cutoff calibrated"
2025-12-01T00:00:00.000,1123072,일원본동,6.698679012345679,3.111695473251029,21.384720817620845,11.035200764482326,793.103708790142,529.1016863262319,0.960329218106996,0.95379012345679,0.93664609053498,0.939168724279836,0.104188481675393,0.126477187733732,0.048541510845176,10.0,41.2,6.0,31,23,8,False,service,20s,a2_age_features_v1,update,2430.0,133.7,4,133.7,2333.6,2276.05,2317.71,2282.1800000000003,2430.0,2430.0,available,"available is preprocessing completeness, not validated detection readiness; no population cutoff calibrated"
2025-12-01T00:00:00.000,1123072,일원본동,11.401198668146504,4.746389197188308,22.75038095391181,11.501663818907202,879.1066811818476,652.7158706039168,0.920640029596744,0.925205327413984,0.898560858305586,0.902053274139845,0.120169198231109,0.128693200025636,0.063962058578478,10.0,41.2,6.0,31,23,8,False,service,30s,a2_age_features_v1,update,2703.0,156.03,4,156.03,2488.49,2428.81,2500.83,2438.25,2703.0,2703.0,available,"available is preprocessing completeness, not validated detection readiness; no population cutoff calibrated"
2025-12-01T00:00:00.000,1123072,일원본동,14.725239711497666,5.972868052609249,23.171707097933513,11.238651480637813,951.4473146473779,642.2640301232315,0.944420873992363,0.938481120067883,0.931268561731014,0.929571489181162,0.079773576097106,0.077147525676937,0.059290382819795,10.0,41.2,6.0,31,23,8,False,service,40s,a2_age_features_v1,update,4714.0,171.36,4,171.36,4452.0,4390.0,4424.0,4382.0,4714.0,4714.0,available,"available is preprocessing completeness, not validated detection readiness; no population cutoff calibrated"
2025-12-01T00:00:00.000,1123072,일원본동,15.117707509881422,5.607702569169961,24.60827122153209,11.544205263157894,1019.0688860103628,679.6078398314014,0.954545454545455,0.953557312252964,0.938735177865613,0.937747035573122,0.086258341018825,0.063527369391852,0.050344490858786,10.0,41.2,6.0,31,23,8,False,service,50s,a2_age_features_v1,update,4048.0,184.32999999999998,4,184.32999999999998,3864.0,3800.0,3860.0,3796.0,4048.0,4048.0,available,"available is preprocessing completeness, not validated detection readiness; no population cutoff calibrated"
2025-12-01T00:00:00.000,1123072,일원본동,12.430270935960593,4.237804802955665,19.839132853403143,9.598272145503536,835.396488976637,509.13468803860735,0.940886699507389,0.935652709359606,0.914100985221675,0.893165024630542,0.049986082264523,0.086546902768559,0.108558336723551,10.0,41.2,6.0,31,23,8,False,service,60plus,a2_age_features_v1,update,6496.0,934.06,8,934.06,6112.0,5938.0,6078.0,5802.0,6496.0,6496.0,available,"available is preprocessing completeness, not validated detection readiness; no population cutoff calibrated"
2025-12-01T00:00:00.000,1123073,일원1동,7.711705747126436,3.543025287356322,20.145577181111225,10.53660437927759,745.9313879895362,568.2423403079698,0.956013793103448,0.961383908045977,0.94383908045977,0.948593103448276,0.117043954928434,0.115155821743985,0.084133590498427,10.0,41.2,6.0,31,23,8,False,service,20s,a2_age_features_v1,update,2175.0,492.55,4,492.55,2079.33,2052.8500000000004,2091.01,2063.19,2175.0,2175.0,available,"available is preprocessing completeness, not validated detection readiness; no population cutoff calibrated"
2025-12-01T00:00:00.000,1123073,일원1동,12.26140645731977,4.914316674038036,22.044179013223374,11.473704630910879,813.9392191528544,639.0369964330828,0.933171163202123,0.924613003095975,0.904542237947811,0.913847854931446,0.105493037356765,0.103009437678776,0.07656338317661,10.0,41.2,6.0,31,23,8,False,service,30s,a2_age_features_v1,update,2261.0,583.8299999999999,4,583.8299999999999,2109.9,2045.1699999999998,2090.55,2066.21,2261.0,2261.0,available,"available is preprocessing completeness, not validated detection readiness; no population cutoff calibrated"
2025-12-01T00:00:00.000,1123073,일원1동,14.044191049913941,5.540972461273666,21.95489757914339,10.719673704414586,851.1210018726591,601.0536625119846,0.924268502581756,0.919104991394148,0.896729776247848,0.897590361445783,0.094459627329193,0.082012422360248,0.118633540372671,10.0,41.2,6.0,31,23,8,False,service,40s,a2_age_features_v1,update,2324.0,402.5,4,402.5,2148.0,2084.0,2136.0,2086.0,2324.0,2324.0,available,"available is preprocessing completeness, not validated detection readiness; no population cutoff calibrated"
2025-12-01T00:00:00.000,1123073,일원1동,15.537338709677421,5.451808755760369,22.76148921954419,10.959395683333057,881.2553454974244,637.9066658711416,0.936866359447005,0.928168202764977,0.919523809523809,0.917188940092166,0.077456130546552,0.078909131552476,0.094724488655415,10.0,41.2,6.0,31,23,8,False,service,50s,a2_age_features_v1,update,2604.0,357.88,4,357.88,2439.6,2394.44,2416.95,2388.36,2604.0,2604.0,available,"available is preprocessing completeness, not validated detection readiness; no population cutoff calibrated"
2025-12-01T00:00:00.000,1123073,일원1동,12.568130987292278,3.937677419354839,17.446865356904368,9.017703946052183,668.82918356953,454.4137483607117,0.89002541544477,0.859857282502444,0.830606060606061,0.830355816226784,0.083087361265076,0.121806258597892,0.101418401827094,10.0,41.2,6.0,31,23,8,False,service,60plus,a2_age_features_v1,update,5115.0,1497.46,8,1497.46,4552.48,4248.55,4398.17,4247.27,5115.0,5115.0,available,"available is preprocessing completeness, not validated detection readiness; no population cutoff calibrated"
2025-12-01T00:00:00.000,1123074,일원2동,6.853187579214196,3.282281368821293,21.874724635208903,10.43969433669511,814.8314555887928,530.8363257959201,0.965880861850444,0.95967680608365,0.939385297845374,0.945291508238276,0.0,0.0,0.0,10.0,41.2,6.0,31,23,8,True,service,20s,a2_age_features_v1,update,1578.0,125.86,4,125.86,1524.16,1482.35,1514.37,1491.67,1578.0,1578.0,review_required,"available is preprocessing completeness, not validated detection readiness; no population cutoff calibrated"
2025-12-01T00:00:00.000,1123074,일원2동,11.87739165985282,4.963982011447261,23.12094499185352,11.287400185987474,918.0626987888934,639.2765624349198,0.948495502861815,0.940126737530662,0.927624693376942,0.922661488143908,0.0,0.0,0.0,10.0,41.2,6.0,31,23,8,True,service,30s,a2_age_features_v1,update,2446.0,328.28000000000003,4,328.28000000000003,2320.02,2268.9700000000003,2299.55,2256.83,2446.0,2446.0,review_required,"available is preprocessing completeness, not validated detection readiness; no population cutoff calibrated"
2025-12-01T00:00:00.000,1123074,일원2동,13.593938437253355,5.581590370955012,22.96061742151421,11.004066520958212,907.928833403895,634.3395601184446,0.931452249408051,0.932123125493291,0.911819258089976,0.911578531965272,0.0,0.0,0.0,10.0,41.2,6.0,31,23,8,True,service,40s,a2_age_features_v1,update,2534.0,219.32999999999998,4,219.32999999999998,2360.3,2310.55,2362.0,2309.94,2534.0,2534.0,review_required,"available is preprocessing completeness, not validated detection readiness; no population cutoff calibrated"
2025-12-01T00:00:00.000,1123074,일원2동,15.157239085239084,5.426627858627859,23.388380084244073,10.742485079272086,972.1457266199237,648.8281406087677,0.944686070686071,0.932835758835759,0.908474012474012,0.908553014553015,0.0,0.0,0.0,10.0,41.2,6.0,31,23,8,True,service,50s,a2_age_features_v1,update,2405.0,243.9,4,243.9,2271.9700000000003,2184.88,2243.4700000000003,2185.07,2405.0,2405.0,review_required,"available is preprocessing completeness, not validated detection readiness; no population cutoff calibrated"
2025-12-01T00:00:00.000,1123074,일원2동,11.972824796658605,3.910479226203561,17.328301006446157,8.832077410245864,650.037397858121,471.3153774354776,0.914963728291932,0.884495493515058,0.865680369311937,0.843150142888547,0.0,0.0,0.0,10.0,41.2,6.0,31,23,8,True,service,60plus,a2_age_features_v1,update,4549.0,1499.51,8,1499.51,4162.17,3937.98,4023.5699999999997,3835.49,4549.0,4549.0,review_required,"available is preprocessing completeness, not validated detection readiness; no population cutoff calibrated"
2025-12-01T00:00:00.000,1123075,수서동,7.103051519154557,3.40108322324967,23.55768004115226,11.717058441650083,899.0938981591571,570.3428164504832,0.963011889035667,0.96661822985469,0.936023778071334,0.922186261558785,0.139156703946523,0.052577452114668,0.062411621030981,10.0,41.2,6.0,31,23,8,False,service,20s,a2_age_features_v1,update,1514.0,155.57999999999998,4,155.57999999999998,1458.0,1417.1399999999999,1463.46,1396.19,1514.0,1514.0,available,"available is preprocessing completeness, not validated detection readiness; no population cutoff calibrated"
2025-12-01T00:00:00.000,1123075,수서동,11.441998223801066,4.688401420959147,25.49374919899904,12.41010246146922,1037.2070598221048,671.2510838857628,0.949356127886323,0.949529307282416,0.9274378330373,0.921705150976909,0.10783515721564,0.042235687799584,0.078291278526424,10.0,41.2,6.0,31,23,8,False,service,30s,a2_age_features_v1,update,2252.0,331.71000000000004,4,331.71000000000004,2137.95,2088.59,2138.34,2075.68,2252.0,2252.0,available,"available is preprocessing completeness, not validated detection readiness; no population cutoff calibrated"
2025-12-01T00:00:00.000,1123075,수서동,12.308446475195822,4.962075718015665,22.804383233785103,11.302467833665707,922.3603006056443,559.7075897047691,0.930006527415144,0.912865535248042,0.883746736292428,0.862271540469974,0.140394240870049,0.085429154050547,0.109837483779275,10.0,41.2,6.0,31,23,8,False,service,40s,a2_age_features_v1,update,1532.0,323.65999999999997,4,323.65999999999997,1424.77,1353.9,1398.51,1321.0,1532.0,1532.0,available,"available is preprocessing completeness, not validated detection readiness; no population cutoff calibrated"
2025-12-01T00:00:00.000,1123075,수서동,14.632458803122288,5.32418473547268,23.974510145460396,11.35514892843301,920.3899842357589,596.4580104986128,0.94356027753686,0.935290546400694,0.906300954032957,0.911201214223764,0.148354145475794,0.064449109442292,0.128984785854957,10.0,41.2,6.0,31,23,8,False,service,50s,a2_age_features_v1,update,2306.0,462.07,4,462.07,2175.85,2089.93,2156.7799999999997,2101.23,2306.0,2306.0,available,"available is preprocessing completeness, not validated detection readiness; no population cutoff calibrated"
2025-12-01T00:00:00.000,1123075,수서동,11.096995900295179,3.534718022302394,18.625181848318284,9.333472410493583,600.4755128824054,421.98090774889755,0.944845851098721,0.937536897343391,0.904893407674647,0.87425549360446,0.119919286177758,0.040803237554431,0.198123928722794,10.0,41.2,6.0,31,23,8,False,service,60plus,a2_age_features_v1,update,6098.0,2666.21,8,2666.21,5761.67,5518.04,5717.1,5331.21,6098.0,6098.0,available,"available is preprocessing completeness, not validated detection readiness; no population cutoff calibrated"
2025-12-01T00:00:00.000,1123076,세곡동,7.435148054145517,3.71494923857868,23.39332498097762,11.376929691620544,965.5199268841887,678.6733458469782,0.967335025380711,0.969361252115059,0.950399746192893,0.948766920473773,0.099767611409824,0.080777818281236,0.061901941128224,10.0,41.2,6.0,31,23,8,False,service,20s,a2_age_features_v1,update,4728.0,877.8399999999999,4,877.8399999999999,4573.5599999999995,4493.49,4583.139999999999,4485.77,4728.0,4728.0,available,"available is preprocessing completeness, not validated detection readiness; no population cutoff calibrated"
2025-12-01T00:00:00.000,1123076,세곡동,12.381459350761276,5.301118931341568,24.778830101247824,11.956296900439193,961.8778493589258,693.7915149894079,0.94355501292732,0.951120367710428,0.933401321459351,0.939761562769319,0.09818386401421,0.075180317713173,0.053346228973469,10.0,41.2,6.0,31,23,8,False,service,30s,a2_age_features_v1,update,6962.0,1581.93,4,1581.93,6569.030000000001,6498.34,6621.7,6542.62,6962.0,6962.0,available,"available is preprocessing completeness, not validated detection readiness; no population cutoff calibrated"
2025-12-01T00:00:00.000,1123076,세곡동,15.583839193381591,5.914046018614271,24.684185267857146,11.635785310734466,992.4616477115119,665.5118900055834,0.926577042399173,0.93200620475698,0.915201654601861,0.926059979317477,0.108126778208386,0.089826599070356,0.047512557224648,10.0,41.2,6.0,31,23,8,False,service,40s,a2_age_features_v1,update,7736.0,854.0899999999999,4,854.0899999999999,7168.0,7080.0,7210.0,7164.0,7736.0,7736.0,available,"available is preprocessing completeness, not validated detection readiness; no population cutoff calibrated"
2025-12-01T00:00:00.000,1123076,세곡동,16.59483250520917,5.495423946145215,25.124260117580636,11.572830495558907,1094.3850352061593,710.5157363514485,0.948219265907998,0.950142651065876,0.92338034941497,0.928942138163167,0.093851291621648,0.095832105556101,0.061847231771601,10.0,41.2,6.0,31,23,8,False,service,50s,a2_age_features_v1,update,6239.0,610.86,4,610.86,5915.9400000000005,5760.97,5927.9400000000005,5795.67,6239.0,6239.0,available,"available is preprocessing completeness, not validated detection readiness; no population cutoff calibrated"
2025-12-01T00:00:00.000,1123076,세곡동,12.64862465641861,3.955912653975364,19.608510476513278,9.647424169760267,790.8951035499653,489.66957164766444,0.913072381146289,0.911350911126947,0.859701720452,0.856286266924565,0.087608166094198,0.122955163943616,0.127699693210889,10.0,41.2,6.0,31,23,8,False,service,60plus,a2_age_features_v1,update,9823.0,1962.26,8,1962.26,8969.11,8444.85,8952.2,8411.3,9823.0,9823.0,available,"available is preprocessing completeness, not validated detection readiness; no population cutoff calibrated"
2025-12-01T00:00:00.000,1123077,압구정동,7.823329322101884,3.499763337344565,21.899084860556073,10.761321864958795,724.5128635809618,471.80230555248926,0.940501403931007,0.924777376654633,0.917549137585239,0.908443642198155,0.118993920376544,0.090851147283781,0.074230241223769,10.0,41.2,6.0,31,23,8,False,service,20s,a2_age_features_v1,update,2493.0,203.96,4,203.96,2344.67,2287.45,2305.47,2264.75,2493.0,2493.0,available,"available is preprocessing completeness, not validated detection readiness; no population cutoff calibrated"
2025-12-01T00:00:00.000,1123077,압구정동,13.593200382897257,5.63862795149968,21.833601870089396,11.188719692215138,758.7019224283306,556.6596991696638,0.884511805998724,0.889310784939374,0.859218251435865,0.862322910019145,0.143354999308533,0.09857557737519,0.077223067348914,10.0,41.2,6.0,31,23,8,False,service,30s,a2_age_features_v1,update,3134.0,361.55,4,361.55,2772.06,2692.79,2787.1,2702.52,3134.0,3134.0,available,"available is preprocessing completeness, not validated detection readiness; no population cutoff calibrated"
2025-12-01T00:00:00.000,1123077,압구정동,17.286379635449403,6.620106851037084,22.577122850558414,11.199123331336072,840.3212195699815,574.7187024278534,0.886392206159648,0.88429708778546,0.863672742509952,0.863641315734339,0.128629169987476,0.088181714676079,0.069594671524536,10.0,41.2,6.0,31,23,8,False,service,40s,a2_age_features_v1,update,4773.0,351.32,4,351.32,4230.75,4122.3099999999995,4220.75,4122.16,4773.0,4773.0,available,"available is preprocessing completeness, not validated detection readiness; no population cutoff calibrated"
2025-12-01T00:00:00.000,1123077,압구정동,15.80495409015025,6.032433222036729,23.85549135577798,11.296557987890079,965.0652309099223,597.0913843266072,0.917362270450751,0.912771285475793,0.896076794657763,0.889398998330551,0.119889386726407,0.064407728927471,0.063672640716886,10.0,41.2,6.0,31,23,8,False,service,50s,a2_age_features_v1,update,4792.0,285.68,4,285.68,4396.0,4294.0,4374.0,4262.0,4792.0,4792.0,available,"available is preprocessing completeness, not validated detection readiness; no population cutoff calibrated"
2025-12-01T00:00:00.000,1123077,압구정동,13.085026315789474,4.650150717703348,19.547068012290662,9.721520189040767,765.3697955062522,473.09873325564945,0.919514354066986,0.902742822966507,0.867132775119617,0.840728468899522,0.055785192016336,0.031651406363217,0.148400961728476,10.0,41.2,6.0,31,23,8,False,service,60plus,a2_age_features_v1,update,8360.0,1214.48,8,1214.48,7687.139999999999,7249.23,7546.93,7028.49,8360.0,8360.0,available,"available is preprocessing completeness, not validated detection readiness; no population cutoff calibrated"
2025-12-01T00:00:00.000,1123078,청담동,8.906755528627688,3.788903362617389,21.184708317193646,10.884678911604416,772.9849077057551,553.8110382468973,0.946310209027568,0.939233565586186,0.932199333535292,0.926076946379885,0.119428076256499,0.084835355285962,0.083587521663778,10.0,41.2,6.0,31,23,8,False,service,20s,a2_age_features_v1,update,3301.0,577.0,4,577.0,3123.77,3077.19,3100.41,3056.98,3301.0,3301.0,available,"available is preprocessing completeness, not validated detection readiness; no population cutoff calibrated"
2025-12-01T00:00:00.000,1123078,청담동,14.681346880907371,5.755890831758034,22.260396727015284,11.622206370066142,803.5205412739934,578.07876072754,0.897823724007562,0.89336247637051,0.875654536862004,0.874194234404537,0.137495053795858,0.080929321098152,0.074814870644985,10.0,41.2,6.0,31,23,8,False,service,30s,a2_age_features_v1,update,4232.0,1061.42,4,1061.42,3799.59,3705.77,3780.71,3699.59,4232.0,4232.0,available,"available is preprocessing completeness, not validated detection readiness; no population cutoff calibrated"
2025-12-01T00:00:00.000,1123078,청담동,17.608360309641096,6.562878254750176,22.368715345568138,11.37863764611044,832.7729587426327,598.0291161108879,0.901125967628431,0.895496129486277,0.872976776917664,0.87579169598874,0.126951468901192,0.075377824330391,0.060564117911118,10.0,41.2,6.0,31,23,8,False,service,40s,a2_age_features_v1,update,5684.0,801.96,4,801.96,5122.0,4962.0,5090.0,4978.0,5684.0,5684.0,available,"available is preprocessing completeness, not validated detection readiness; no population cutoff calibrated"
2025-12-01T00:00:00.000,1123078,청담동,16.88985063480209,5.988103061986557,24.092429906542055,11.796117154811716,1024.5469857433807,642.086487394958,0.918969380134429,0.916728902165795,0.892457057505601,0.888722927557879,0.120942420203754,0.063452980641081,0.067293139668843,10.0,41.2,6.0,31,23,8,False,service,50s,a2_age_features_v1,update,5356.0,442.69,4,442.69,4922.0,4780.0,4910.0,4760.0,5356.0,5356.0,available,"available is preprocessing completeness, not validated detection readiness; no population cutoff calibrated"
2025-12-01T00:00:00.000,1123078,청담동,14.084208050182957,4.631432305279666,20.07360484780158,10.142156231714452,809.6318871706758,503.03342318059305,0.927339257710402,0.91270256142185,0.893361212754835,0.872713016204914,0.061262646394473,0.049010117115578,0.13557504318281,10.0,41.2,6.0,31,23,8,False,service,60plus,a2_age_features_v1,update,7652.0,1053.6599999999999,8,1053.6599999999999,7096.0,6836.0,6984.0,6678.0,7652.0,7652.0,available,"available is preprocessing completeness, not validated detection readiness; no population cutoff calibrated"
2025-12-01T00:00:00.000,1123079,대치2동,6.219644624381466,3.157224471434998,21.105342966350516,10.421764557941117,803.6397584130742,497.3770795820842,0.964469185784975,0.955967161493477,0.9479779577148,0.937109761583446,0.124424302715449,0.090269334217604,0.073615563170112,10.0,41.2,6.0,31,23,8,False,service,20s,a2_age_features_v1,update,4446.0,271.41,4,271.41,4288.03,4214.71,4250.2300000000005,4166.39,4446.0,4446.0,available,"available is preprocessing completeness, not validated detection readiness; no population cutoff calibrated"
2025-12-01T00:00:00.000,1123079,대치2동,11.640613593455,5.01234109502832,21.15057493478937,10.65346944785276,796.4955988576615,562.1513057819374,0.931290119572058,0.922224669603524,0.897577092511013,0.897687224669604,0.118716309389495,0.09951109439639,0.059445906982575,10.0,41.2,6.0,31,23,8,False,service,30s,a2_age_features_v1,update,3178.0,398.85,4,398.85,2959.64,2852.5,2930.83,2852.85,3178.0,3178.0,available,"available is preprocessing completeness, not validated detection readiness; no population cutoff calibrated"
2025-12-01T00:00:00.000,1123079,대치2동,17.054096618357487,6.65978502415459,23.080962943632567,10.728327087794431,952.2096344990797,594.7061115559113,0.9256038647343,0.918599033816425,0.902415458937198,0.905072463768116,0.106394301621091,0.066276404126412,0.061937121336172,10.0,41.2,6.0,31,23,8,False,service,40s,a2_age_features_v1,update,8280.0,244.28,4,244.28,7664.0,7472.0,7606.0,7494.0,8280.0,8280.0,available,"available is preprocessing completeness, not validated detection readiness; no population cutoff calibrated"
2025-12-01T00:00:00.000,1123079,대치2동,16.721722826086957,6.004815217391305,24.1267941582836,10.97142902158964,1066.1755494190893,635.8151663600294,0.945039402173913,0.937316576086956,0.922720108695652,0.919422554347826,0.095117760032346,0.056403517638734,0.059334883250783,10.0,41.2,6.0,31,23,8,False,service,50s,a2_age_features_v1,update,7360.0,98.93,4,98.93,6955.49,6791.22,6898.65,6766.95,7360.0,7360.0,available,"available is preprocessing completeness, not validated detection readiness; no population cutoff calibrated"
2025-12-01T00:00:00.000,1123079,대치2동,13.0811938281338,4.498048203626534,19.641043953662003,9.44541698993408,811.0816609494083,509.01585574240664,0.935262980065323,0.917981754702106,0.900024777565041,0.876471449487555,0.061822726562611,0.035619434463365,0.104103052079931,10.0,41.2,6.0,31,23,8,False,service,60plus,a2_age_features_v1,update,8879.0,704.11,8,704.11,8304.2,7991.32,8150.76,7782.1900000000005,8879.0,8879.0,available,"available is preprocessing completeness, not validated detection readiness; no population cutoff calibrated"
2025-12-01T00:00:00.000,1123080,개포2동,6.129080252479711,3.141066275924256,22.992879944058178,11.18637957986714,865.0594655353538,553.7491780448039,0.957454914337241,0.950615419296664,0.94167042380523,0.941584761045988,0.138097190896043,0.07591757227804,0.072072995694074,10.0,41.2,6.0,31,23,8,False,service,20s,a2_age_features_v1,update,4436.0,195.07999999999998,4,195.07999999999998,4247.27,4177.25,4216.93,4176.87,4436.0,4436.0,available,"available is preprocessing completeness, not validated detection readiness; no population cutoff calibrated"
2025-12-01T00:00:00.000,1123080,개포2동,11.968169266630804,5.160975434821589,23.545177793834483,11.788555012983364,898.7729329332042,649.8221580998802,0.933078716155639,0.926125156894388,0.919094495248341,0.918224852071006,0.092540496809899,0.063489436813944,0.069685770496626,10.0,41.2,6.0,31,23,8,False,service,30s,a2_age_features_v1,update,5577.0,543.87,4,543.87,5203.78,5125.79,5165.0,5120.9400000000005,5577.0,5577.0,available,"available is preprocessing completeness, not validated detection readiness; no population cutoff calibrated"
2025-12-01T00:00:00.000,1123080,개포2동,15.595607910156252,6.31055419921875,23.844309720785937,11.39857217847769,969.180082923037,648.6473960784314,0.9443359375,0.942138671875,0.93017578125,0.933837890625,0.092726658914438,0.050845868187104,0.072433324580817,10.0,41.2,6.0,31,23,8,False,service,40s,a2_age_features_v1,update,8192.0,533.1800000000001,4,533.1800000000001,7736.0,7620.0,7718.0,7650.0,8192.0,8192.0,available,"available is preprocessing completeness, not validated detection readiness; no population cutoff calibrated"
2025-12-01T00:00:00.000,1123080,개포2동,15.618105147864181,5.728324205914566,24.745413576725614,11.337013062409287,1082.1578383027522,686.4180851063829,0.960021905805038,0.955093099671413,0.943318729463308,0.939485213581599,0.077599826523342,0.044329481738484,0.05588426628667,10.0,41.2,6.0,31,23,8,False,service,50s,a2_age_features_v1,update,7304.0,322.81,4,322.81,7012.0,6890.0,6976.0,6862.0,7304.0,7304.0,available,"available is preprocessing completeness, not validated detection readiness; no population cutoff calibrated"
2025-12-01T00:00:00.000,1123080,개포2동,12.765589612601106,4.377234993614304,19.7282926489786,9.6271374280719,803.2451430087937,513.4191849421269,0.948151340996169,0.936399531715624,0.911278203490847,0.891635802469136,0.065368300543302,0.030301827109514,0.096444382680511,10.0,41.2,6.0,31,23,8,False,service,60plus,a2_age_features_v1,update,9396.0,1511.13,8,1511.13,8908.83,8562.369999999999,8798.41,8377.81,9396.0,9396.0,available,"available is preprocessing completeness, not validated detection readiness; no population cutoff calibrated"
