date,행정동코드,행정동,call_contacts,text_contacts,weekday_move_count,weekend_move_count,weekday_move_distance,weekend_move_distance,weekday_count_est_ratio,weekday_distance_est_ratio,weekend_count_est_ratio,weekend_distance_est_ratio,comm_low_rate,weekday_outing_low_rate,weekend_outing_low_rate,rain_days,rainfall_mm,snow_days,days_in_month,weekday_days,weekend_days,interest_structural_issue,age_scheme,age_band,model_version,phase,total_population,telecom_one_person_population,source_cells,interest_one_person_population,weekday_move_count_valid_population,weekend_move_count_valid_population,weekday_move_distance_valid_population,weekend_move_distance_valid_population,call_contacts_valid_population,text_contacts_valid_population,quality_status,quality_note
2024-01-01T00:00:00.000,1123074,일원2동,5.878427835051546,3.407680412371134,21.641322745683222,8.64730294256279,711.9243950796905,312.300329313861,0.967216494845361,0.974291237113402,0.956894329896907,0.941507731958763,0.0,0.0,0.0,9.0,18.9,8.0,31,23,8,True,five_year,20,a2_age_features_v1,baseline,776.0,69.81,2,69.81,750.56,742.55,756.05,730.6099999999999,776.0,776.0,review_required,"available is preprocessing completeness, not validated detection readiness; no population cutoff calibrated"
2024-01-01T00:00:00.000,1123074,일원2동,8.630434782608695,4.187434782608695,24.83752582302098,9.59763728572412,802.2823182673777,419.8425072696754,0.967076086956522,0.970130434782609,0.947326086956522,0.91954347826087,0.0,0.0,0.0,9.0,18.9,8.0,31,23,8,True,five_year,25,a2_age_features_v1,baseline,920.0,94.65,2,94.65,889.71,871.54,892.52,845.98,920.0,920.0,review_required,"available is preprocessing completeness, not validated detection readiness; no population cutoff calibrated"
2024-01-01T00:00:00.000,1123074,일원2동,11.761192722371968,5.201570080862534,25.939803976832348,9.666329978200029,888.133809336692,420.5787733765066,0.956347708894878,0.960330188679245,0.936597035040431,0.936489218328841,0.0,0.0,0.0,9.0,18.9,8.0,31,23,8,True,five_year,30,a2_age_features_v1,baseline,1484.0,233.82,2,233.82,1419.2199999999998,1389.91,1425.13,1389.75,1484.0,1484.0,review_required,"available is preprocessing completeness, not validated detection readiness; no population cutoff calibrated"
2024-01-01T00:00:00.000,1123074,일원2동,14.011072555205049,5.934858044164038,26.089678402531042,9.740338313163473,855.0096257277976,413.4815772606462,0.952216088328076,0.952216088328076,0.933840694006309,0.922815457413249,0.0,0.0,0.0,9.0,18.9,8.0,31,23,8,True,five_year,35,a2_age_features_v1,baseline,1268.0,189.72000000000003,2,189.72000000000003,1207.4099999999999,1184.1100000000001,1207.4099999999999,1170.13,1268.0,1268.0,review_required,"available is preprocessing completeness, not validated detection readiness; no population cutoff calibrated"
2024-01-01T00:00:00.000,1123074,일원2동,15.453743676222597,6.5570826306914,24.920079007066306,9.569319045847584,905.5442715093881,418.91139907583977,0.970092748735244,0.97177065767285,0.929283305227656,0.919662731871838,0.0,0.0,0.0,9.0,18.9,8.0,31,23,8,True,five_year,40,a2_age_features_v1,baseline,1186.0,114.96000000000001,2,114.96000000000001,1150.53,1102.13,1152.52,1090.72,1186.0,1186.0,review_required,"available is preprocessing completeness, not validated detection readiness; no population cutoff calibrated"
2024-01-01T00:00:00.000,1123074,일원2동,15.854754098360658,6.690983606557377,24.97345098243512,9.140137394920004,928.5481325017035,400.4318165723672,0.944040983606557,0.938311475409836,0.906803278688524,0.898196721311476,0.0,0.0,0.0,9.0,18.9,8.0,31,23,8,True,five_year,45,a2_age_features_v1,baseline,1220.0,113.32,2,113.32,1151.73,1106.3,1144.74,1095.8000000000002,1220.0,1220.0,review_required,"available is preprocessing completeness, not validated detection readiness; no population cutoff calibrated"
2024-01-01T00:00:00.000,1123074,일원2동,16.565743809014787,6.393955104222341,25.158101205181435,9.113577151364375,905.7990687560992,412.9945154797845,0.948307500445395,0.940201318368074,0.90947799750579,0.902886157135222,0.0,0.0,0.0,9.0,18.9,8.0,31,23,8,True,five_year,50,a2_age_features_v1,baseline,1122.6,114.53999999999999,2,114.53999999999999,1064.5700000000002,1020.98,1055.47,1013.58,1122.6,1122.6,review_required,"available is preprocessing completeness, not validated detection readiness; no population cutoff calibrated"
2024-01-01T00:00:00.000,1123074,일원2동,15.449289099526066,5.979857819905213,24.291224011035762,8.888011038014923,847.1418043998913,436.9389314227227,0.956248025276461,0.959739336492891,0.894510268562401,0.887480252764613,0.0,0.0,0.0,9.0,18.9,8.0,31,23,8,True,five_year,55,a2_age_features_v1,baseline,1266.0,135.78,2,135.78,1210.61,1132.45,1215.03,1123.55,1266.0,1266.0,review_required,"available is preprocessing completeness, not validated detection readiness; no population cutoff calibrated"
2024-01-01T00:00:00.000,1123074,일원2동,15.243671668137688,5.489082082965577,22.651959581378563,8.725809404252374,859.5790428027931,397.9607864412149,0.953830538393645,0.944210061782877,0.892912621359223,0.891544571932922,0.0,0.0,0.0,9.0,18.9,8.0,31,23,8,True,five_year,60,a2_age_features_v1,baseline,1133.0,131.18,2,131.18,1080.69,1011.67,1069.79,1010.12,1133.0,1133.0,review_required,"available is preprocessing completeness, not validated detection readiness; no population cutoff calibrated"
2024-01-01T00:00:00.000,1123074,일원2동,13.03674134419552,4.450814663951121,19.788997652758276,7.753291429089631,660.3195377094515,322.7938750697553,0.950112016293279,0.93530549898167,0.898340122199593,0.857668024439918,0.0,0.0,0.0,9.0,18.9,8.0,31,23,8,True,five_year,65,a2_age_features_v1,baseline,982.0,319.02,2,319.02,933.01,882.1700000000001,918.47,842.23,982.0,982.0,review_required,"available is preprocessing completeness, not validated detection readiness; no population cutoff calibrated"
2024-01-01T00:00:00.000,1123074,일원2동,12.267474541751527,4.137189409368635,17.017777777777777,7.059760765550239,551.8928062360802,270.84110565110564,0.934826883910387,0.914460285132383,0.85132382892057,0.828920570264766,0.0,0.0,0.0,9.0,18.9,8.0,31,23,8,True,five_year,70,a2_age_features_v1,baseline,834.7,277.49,2,277.49,780.3,710.6000000000001,763.3,691.9000000000001,834.7,834.7,review_required,"available is preprocessing completeness, not validated detection readiness; no population cutoff calibrated"
2024-01-01T00:00:00.000,1123074,일원2동,8.955887230514097,3.217031509121061,11.645355731225294,5.551813602015113,309.16705179282866,173.28485639686684,0.839137645107794,0.832504145936982,0.658374792703151,0.635157545605307,0.0,0.0,0.0,9.0,18.9,8.0,31,23,8,True,five_year,75,a2_age_features_v1,baseline,1025.1,529.69,2,529.69,860.2,674.9000000000001,853.4000000000001,651.1,1025.1,1025.1,review_required,"available is preprocessing completeness, not validated detection readiness; no population cutoff calibrated"
2024-01-01T00:00:00.000,1123074,일원2동,7.37126179245283,3.83066037735849,23.37499698220415,9.160443097968516,760.8433088070267,370.0062209578901,0.967140330188679,0.972034198113208,0.951704009433962,0.929593160377358,0.0,0.0,0.0,9.0,18.9,8.0,31,23,8,True,service,20s,a2_age_features_v1,baseline,1696.0,164.45999999999998,4,164.45999999999998,1640.27,1614.09,1648.57,1576.59,1696.0,1696.0,review_required,"available is preprocessing completeness, not validated detection readiness; no population cutoff calibrated"
2024-01-01T00:00:00.000,1123074,일원2동,12.797837936046513,5.539436773255814,26.00869829401172,9.700375560407457,872.941458781253,417.3346204900229,0.954444040697674,0.956591569767442,0.935327034883721,0.930188953488372,0.0,0.0,0.0,9.0,18.9,8.0,31,23,8,True,service,30s,a2_age_features_v1,baseline,2752.0,423.54,4,423.54,2626.63,2574.02,2632.54,2559.88,2752.0,2752.0,review_required,"available is preprocessing completeness, not validated detection readiness; no population cutoff calibrated"
2024-01-01T00:00:00.000,1123074,일원2동,15.65708229426434,6.624979218620116,24.946778904207168,9.35432302586,917.0072490706318,409.65014077163715,0.956882793017456,0.954804655029094,0.917884455527847,0.908778054862843,0.0,0.0,0.0,9.0,18.9,8.0,31,23,8,True,service,40s,a2_age_features_v1,baseline,2406.0,228.28,4,228.28,2302.26,2208.43,2297.26,2186.52,2406.0,2406.0,review_required,"available is preprocessing completeness, not validated detection readiness; no population cutoff calibrated"
2024-01-01T00:00:00.000,1123074,일원2동,15.974003181780123,6.174476262245667,24.69684090929069,8.994956000427226,874.409359039859,425.58277568514785,0.952516118228251,0.950556811521393,0.901544837980407,0.894720756928745,0.0,0.0,0.0,9.0,18.9,8.0,31,23,8,True,service,50s,a2_age_features_v1,baseline,2388.6,250.32,4,250.32,2275.1800000000003,2153.4300000000003,2270.5,2137.13,2388.6,2388.6,review_required,"available is preprocessing completeness, not validated detection readiness; no population cutoff calibrated"
2024-01-01T00:00:00.000,1123074,일원2동,12.45182172687934,4.362715356747509,18.12691858683159,7.449958131819208,613.3648337290842,304.84158730655486,0.919341853678172,0.906953808996679,0.825032706048103,0.803902083123679,0.0,0.0,0.0,9.0,18.9,8.0,31,23,8,True,service,60plus,a2_age_features_v1,baseline,3974.8,1257.38,8,1257.38,3654.2000000000003,3279.34,3604.96,3195.35,3974.8,3974.8,review_required,"available is preprocessing completeness, not validated detection readiness; no population cutoff calibrated"
2024-02-01T00:00:00.000,1123074,일원2동,6.0848382923674,3.342108667529107,19.181744690538043,8.824803563302398,638.354974850363,305.89512936217164,0.96608020698577,0.974760672703752,0.938124191461837,0.914527813712807,0.0,0.0,0.0,11.0,74.7,10.0,29,21,8,True,five_year,20,a2_age_features_v1,baseline,773.0,68.78,2,68.78,746.78,725.17,753.49,706.9300000000001,773.0,773.0,review_required,"available is preprocessing completeness, not validated detection readiness; no population cutoff calibrated"
2024-02-01T00:00:00.000,1123074,일원2동,8.359458874458873,4.240584415584416,23.321151715640024,9.486184848977317,737.3574016713092,407.20768129828133,0.974924242424242,0.971320346320346,0.932316017316017,0.903625541125541,0.0,0.0,0.0,11.0,74.7,10.0,29,21,8,True,five_year,25,a2_age_features_v1,baseline,924.0,96.27000000000001,2,96.27000000000001,900.8299999999999,861.46,897.5,834.95,924.0,924.0,review_required,"available is preprocessing completeness, not validated detection readiness; no population cutoff calibrated"
2024-02-01T00:00:00.000,1123074,일원2동,11.29970189701897,5.017317073170731,25.99879886060174,10.010780313433163,854.7899384168626,430.6835649887303,0.951388888888889,0.947228997289973,0.9325,0.91979674796748,0.0,0.0,0.0,11.0,74.7,10.0,29,21,8,True,five_year,30,a2_age_features_v1,baseline,1476.0,231.32999999999998,2,231.32999999999998,1404.25,1376.37,1398.1100000000001,1357.62,1476.0,1476.0,review_required,"available is preprocessing completeness, not validated detection readiness; no population cutoff calibrated"
2024-02-01T00:00:00.000,1123074,일원2동,13.967038796516231,5.671631037212984,26.068690365695193,9.708385817588058,815.4300556576798,411.72832968103233,0.938353127474268,0.930356294536817,0.91646080760095,0.910498812351544,0.0,0.0,0.0,11.0,74.7,10.0,29,21,8,True,five_year,35,a2_age_features_v1,baseline,1263.0,187.76,2,187.76,1185.1399999999999,1157.49,1175.04,1149.96,1263.0,1263.0,review_required,"available is preprocessing completeness, not validated detection readiness; no population cutoff calibrated"
2024-02-01T00:00:00.000,1123074,일원2동,15.17596951735817,6.457671464860288,25.13789035172523,9.638532675709001,884.178499484949,410.0054533240632,0.963437764606266,0.961735817104149,0.920186282811177,0.901236240474174,0.0,0.0,0.0,11.0,74.7,10.0,29,21,8,True,five_year,40,a2_age_features_v1,baseline,1181.0,110.17,2,110.17,1137.82,1086.74,1135.81,1064.3600000000001,1181.0,1181.0,review_required,"available is preprocessing completeness, not validated detection readiness; no population cutoff calibrated"
2024-02-01T00:00:00.000,1123074,일원2동,16.08014802631579,6.698388157894737,25.288835300829422,9.005922637862833,876.1801030311556,382.6515332922148,0.936965460526316,0.93546052631579,0.910575657894737,0.893330592105263,0.0,0.0,0.0,11.0,74.7,10.0,29,21,8,True,five_year,45,a2_age_features_v1,baseline,1216.0,108.3,2,108.3,1139.35,1107.26,1137.52,1086.29,1216.0,1216.0,review_required,"available is preprocessing completeness, not validated detection readiness; no population cutoff calibrated"
2024-02-01T00:00:00.000,1123074,일원2동,16.11889479277364,6.157428267800213,24.92783530248844,9.028318209849353,891.7004043312984,382.12268592804054,0.945926319518243,0.922529224229543,0.904702444208289,0.899619199433227,0.0,0.0,0.0,11.0,74.7,10.0,29,21,8,True,five_year,50,a2_age_features_v1,baseline,1129.2,113.25999999999999,2,113.25999999999999,1068.14,1021.5900000000001,1041.72,1015.8500000000001,1129.2,1129.2,review_required,"available is preprocessing completeness, not validated detection readiness; no population cutoff calibrated"
2024-02-01T00:00:00.000,1123074,일원2동,15.498839779005523,6.031988950276244,23.685717712848678,8.678711768457283,812.6488375445848,385.51579311316846,0.954096290449882,0.947087608524073,0.90344909234412,0.895982636148382,0.0,0.0,0.0,11.0,74.7,10.0,29,21,8,True,five_year,55,a2_age_features_v1,baseline,1267.0,132.9,2,132.9,1208.84,1144.67,1199.96,1135.21,1267.0,1267.0,review_required,"available is preprocessing completeness, not validated detection readiness; no population cutoff calibrated"
2024-02-01T00:00:00.000,1123074,일원2동,14.898559027777777,5.40751736111111,21.69171894929479,8.446621136933132,767.6827474447618,371.83072325308336,0.939184027777778,0.924027777777778,0.883376736111111,0.864991319444444,0.0,0.0,0.0,11.0,74.7,10.0,29,21,8,True,five_year,60,a2_age_features_v1,baseline,1152.0,132.38,2,132.38,1081.94,1017.6500000000001,1064.48,996.47,1152.0,1152.0,review_required,"available is preprocessing completeness, not validated detection readiness; no population cutoff calibrated"
2024-02-01T00:00:00.000,1123074,일원2동,12.870201005025125,4.432311557788944,19.069471707100558,7.543684816957003,571.9847034600898,292.85803992375185,0.928371859296482,0.915246231155779,0.880974874371859,0.848854271356784,0.0,0.0,0.0,11.0,74.7,10.0,29,21,8,True,five_year,65,a2_age_features_v1,baseline,995.0,330.21,2,330.21,923.73,876.5699999999999,910.6700000000001,844.6099999999999,995.0,995.0,review_required,"available is preprocessing completeness, not validated detection readiness; no population cutoff calibrated"
2024-02-01T00:00:00.000,1123074,일원2동,12.1448,4.1284,16.493455377574374,7.085829145728644,486.00929245283015,239.33966057441253,0.92,0.892631578947368,0.837894736842105,0.806315789473684,0.0,0.0,0.0,11.0,74.7,10.0,29,21,8,True,five_year,70,a2_age_features_v1,baseline,855.0,287.01,2,287.01,786.5999999999999,716.4,763.2,689.4,855.0,855.0,review_required,"available is preprocessing completeness, not validated detection readiness; no population cutoff calibrated"
2024-02-01T00:00:00.000,1123074,일원2동,8.915042444821733,3.145042444821732,11.073119658119658,5.544,295.91072727272723,183.1340060240964,0.794567062818336,0.747028862478778,0.619694397283531,0.563667232597623,0.0,0.0,0.0,11.0,74.7,10.0,29,21,8,True,five_year,75,a2_age_features_v1,baseline,1060.1999999999998,565.39,2,565.39,842.3999999999999,656.9999999999999,792.0,597.5999999999999,1060.1999999999998,1060.1999999999998,review_required,"available is preprocessing completeness, not validated detection readiness; no population cutoff calibrated"
2024-02-01T00:00:00.000,1123074,일원2동,7.323347083087801,3.831319976428992,21.444963553268067,9.183900216181465,692.1740034767018,360.75732047889585,0.970895698291102,0.972887448438421,0.934961697112552,0.908591632292281,0.0,0.0,0.0,11.0,74.7,10.0,29,21,8,True,service,20s,a2_age_features_v1,baseline,1697.0,165.05,4,165.05,1647.61,1586.6299999999999,1650.99,1541.88,1697.0,1697.0,review_required,"available is preprocessing completeness, not validated detection readiness; no population cutoff calibrated"
2024-02-01T00:00:00.000,1123074,일원2동,12.529656809054401,5.319032493610806,26.030787560004473,9.872643792474722,836.8160788916308,421.99081644454014,0.945377875136911,0.939448703906535,0.925104052573932,0.915509309967141,0.0,0.0,0.0,11.0,74.7,10.0,29,21,8,True,service,30s,a2_age_features_v1,baseline,2739.0,419.09,4,419.09,2589.39,2533.86,2573.15,2507.58,2739.0,2739.0,review_required,"available is preprocessing completeness, not validated detection readiness; no population cutoff calibrated"
2024-02-01T00:00:00.000,1123074,일원2동,15.634659991656237,6.579787234042553,25.21341353522135,9.319269325433,880.1762930590808,396.1890304791574,0.950008343763037,0.948406341259908,0.915310805173133,0.897225698790154,0.0,0.0,0.0,11.0,74.7,10.0,29,21,8,True,service,40s,a2_age_features_v1,baseline,2397.0,218.47,4,218.47,2277.17,2194.0,2273.33,2150.65,2397.0,2397.0,review_required,"available is preprocessing completeness, not validated detection readiness; no population cutoff calibrated"
2024-02-01T00:00:00.000,1123074,일원2동,15.791038310658546,6.09110174442868,24.26839981027501,8.843583226390184,849.3844992594838,383.9133794501316,0.950246223186712,0.935514564727485,0.904039729571822,0.897696352558217,0.0,0.0,0.0,11.0,74.7,10.0,29,21,8,True,service,50s,a2_age_features_v1,baseline,2396.2,246.16,4,246.16,2276.98,2166.26,2241.6800000000003,2151.0600000000004,2396.2,2396.2,review_required,"available is preprocessing completeness, not validated detection readiness; no population cutoff calibrated"
2024-02-01T00:00:00.000,1123074,일원2동,12.260480035448772,4.308937521540051,17.43925294455893,7.32244502114689,550.4711512739531,285.2582523145188,0.894754074147014,0.869073408497858,0.804396632366698,0.770045787996652,0.0,0.0,0.0,11.0,74.7,10.0,29,21,8,True,service,60plus,a2_age_features_v1,baseline,4062.2,1314.99,8,1314.99,3634.6699999999996,3267.62,3530.35,3128.08,4062.2,4062.2,review_required,"available is preprocessing completeness, not validated detection readiness; no population cutoff calibrated"
2024-03-01T00:00:00.000,1123074,일원2동,5.827665369649806,3.376964980544748,18.536776243757842,8.737954781309238,610.7178827928828,342.2397127211689,0.971387808041505,0.960752269779507,0.937367055771725,0.942697795071336,0.0,0.0,0.0,10.0,29.9,2.0,31,21,10,True,five_year,20,a2_age_features_v1,baseline,771.0,68.75999999999999,2,68.75999999999999,748.94,722.71,740.74,726.82,771.0,771.0,review_required,"available is preprocessing completeness, not validated detection readiness; no population cutoff calibrated"
2024-03-01T00:00:00.000,1123074,일원2동,8.545888051668461,4.394510226049515,23.105692070341757,9.591915192717636,741.3802922034203,399.6513490560558,0.962852529601722,0.959268030139936,0.934176533907427,0.926533907427341,0.0,0.0,0.0,10.0,29.9,2.0,31,21,10,True,five_year,25,a2_age_features_v1,baseline,929.0,95.15,2,95.15,894.49,867.85,891.1600000000001,860.75,929.0,929.0,review_required,"available is preprocessing completeness, not validated detection readiness; no population cutoff calibrated"
2024-03-01T00:00:00.000,1123074,일원2동,11.426871165644172,5.116278118609407,25.12795095010765,9.313624372592505,793.4515754001686,420.80847819158794,0.946687116564417,0.946687116564417,0.934369461486026,0.919734151329243,0.0,0.0,0.0,10.0,29.9,2.0,31,21,10,True,five_year,30,a2_age_features_v1,baseline,1467.0,229.59,2,229.59,1388.79,1370.7199999999998,1388.79,1349.25,1467.0,1467.0,review_required,"available is preprocessing completeness, not validated detection readiness; no population cutoff calibrated"
2024-03-01T00:00:00.000,1123074,일원2동,13.56820492454329,5.605885623510722,25.147853289639528,9.206820671691515,815.1987293900903,419.63478510380656,0.94527402700556,0.939864972200159,0.917863383637808,0.905178713264496,0.0,0.0,0.0,10.0,29.9,2.0,31,21,10,True,five_year,35,a2_age_features_v1,baseline,1259.0,185.42000000000002,2,185.42000000000002,1190.1,1155.5900000000001,1183.29,1139.62,1259.0,1259.0,review_required,"available is preprocessing completeness, not validated detection readiness; no population cutoff calibrated"
2024-03-01T00:00:00.000,1123074,일원2동,14.962439807383628,6.45833065810594,24.008680203045685,8.957219251336898,863.121475128645,401.5032014388489,0.948635634028892,0.935794542536116,0.900481540930979,0.892455858747994,0.0,0.0,0.0,10.0,29.9,2.0,31,21,10,True,five_year,40,a2_age_features_v1,baseline,1183.7,110.14,2,110.14,1122.9,1065.9,1107.7,1056.4,1183.7,1183.7,review_required,"available is preprocessing completeness, not validated detection readiness; no population cutoff calibrated"
2024-03-01T00:00:00.000,1123074,일원2동,15.67914163090129,6.521244635193133,24.28007788161994,8.683729903536976,833.438096723869,388.8141935483871,0.918454935622318,0.917024320457797,0.889842632331903,0.886981402002861,0.0,0.0,0.0,10.0,29.9,2.0,31,21,10,True,five_year,45,a2_age_features_v1,baseline,1328.1,118.91,2,118.91,1219.7999999999997,1181.8,1217.8999999999999,1178.0,1328.1,1328.1,review_required,"available is preprocessing completeness, not validated detection readiness; no population cutoff calibrated"
2024-03-01T00:00:00.000,1123074,일원2동,16.102385466034754,6.057693522906793,24.203185689948892,8.380672566371683,847.6103799654577,398.30061511423554,0.927330173775672,0.914691943127962,0.892575039494471,0.898894154818325,0.0,0.0,0.0,10.0,29.9,2.0,31,21,10,True,five_year,50,a2_age_features_v1,baseline,1202.7,120.83,2,120.83,1115.3000000000002,1073.5,1100.1000000000001,1081.1,1202.7,1202.7,review_required,"available is preprocessing completeness, not validated detection readiness; no population cutoff calibrated"
2024-03-01T00:00:00.000,1123074,일원2동,15.459684542586748,5.993517350157728,22.82466886597938,8.135535366755335,822.8040688709225,405.7585055840069,0.956230283911672,0.92570189274448,0.927973186119874,0.894708201892744,0.0,0.0,0.0,10.0,29.9,2.0,31,21,10,True,five_year,55,a2_age_features_v1,baseline,1268.0,132.75,2,132.75,1212.5,1176.67,1173.79,1134.49,1268.0,1268.0,review_required,"available is preprocessing completeness, not validated detection readiness; no population cutoff calibrated"
2024-03-01T00:00:00.000,1123074,일원2동,14.953076923076923,5.303589743589744,20.593777032031525,7.783165720358579,681.9560610058628,322.1611768513079,0.934709401709402,0.919905982905983,0.86857264957265,0.858367521367521,0.0,0.0,0.0,10.0,29.9,2.0,31,21,10,True,five_year,60,a2_age_features_v1,baseline,1170.0,134.65,2,134.65,1093.6100000000001,1016.23,1076.29,1004.29,1170.0,1170.0,review_required,"available is preprocessing completeness, not validated detection readiness; no population cutoff calibrated"
2024-03-01T00:00:00.000,1123074,일원2동,12.870967741935486,4.398709677419356,18.011618497109826,6.893875,541.4517165668663,267.23101694915255,0.93010752688172,0.897849462365592,0.860215053763441,0.845878136200717,0.0,0.0,0.0,10.0,29.9,2.0,31,21,10,True,five_year,65,a2_age_features_v1,baseline,1060.1999999999998,352.14,2,352.14,986.0999999999999,911.9999999999999,951.9,896.8,1060.1999999999998,1060.1999999999998,review_required,"available is preprocessing completeness, not validated detection readiness; no population cutoff calibrated"
2024-03-01T00:00:00.000,1123074,일원2동,11.646247464503043,4.085496957403651,15.61791946308725,6.197014925373135,451.10113207547164,217.014609375,0.906693711967546,0.860040567951318,0.815415821501014,0.778904665314402,0.0,0.0,0.0,10.0,29.9,2.0,31,21,10,True,five_year,70,a2_age_features_v1,baseline,936.7,313.08000000000004,2,313.08000000000004,849.3,763.8000000000001,805.6,729.6,936.7,936.7,review_required,"available is preprocessing completeness, not validated detection readiness; no population cutoff calibrated"
2024-03-01T00:00:00.000,1123074,일원2동,8.828571428571427,3.158571428571429,11.245991091314032,5.142212885154062,316.7469607843137,168.66756756756757,0.763605442176871,0.693877551020408,0.607142857142857,0.566326530612245,0.0,0.0,0.0,10.0,29.9,2.0,31,21,10,True,five_year,75,a2_age_features_v1,baseline,1117.2,578.3,2,578.3,853.0999999999999,678.3,775.2,632.7,1117.2,1117.2,review_required,"available is preprocessing completeness, not validated detection readiness; no population cutoff calibrated"
2024-03-01T00:00:00.000,1123074,일원2동,7.31309411764706,3.933023529411765,21.023556646769254,9.203897306608994,682.0709759789203,373.3672006273739,0.966723529411765,0.959941176470588,0.935623529411765,0.933864705882353,0.0,0.0,0.0,10.0,29.9,2.0,31,21,10,True,service,20s,a2_age_features_v1,baseline,1700.0,163.91,4,163.91,1643.43,1590.56,1631.9,1587.5700000000002,1700.0,1700.0,review_required,"available is preprocessing completeness, not validated detection readiness; no population cutoff calibrated"
2024-03-01T00:00:00.000,1123074,일원2동,12.415843727072632,5.342402787967718,25.137135434237205,9.264770000514586,803.4563924528009,420.2710599589372,0.946034482758621,0.943536316947909,0.926746148202494,0.913011738811445,0.0,0.0,0.0,10.0,29.9,2.0,31,21,10,True,service,30s,a2_age_features_v1,baseline,2726.0,415.01,4,415.01,2578.8900000000003,2526.31,2572.08,2488.87,2726.0,2726.0,review_required,"available is preprocessing completeness, not validated detection readiness; no population cutoff calibrated"
2024-03-01T00:00:00.000,1123074,일원2동,15.341391830559758,6.491596066565809,24.14999188969992,8.813423499577345,847.5765032679739,394.81341836734697,0.93267776096823,0.925869894099849,0.894856278366112,0.889561270801815,0.0,0.0,0.0,10.0,29.9,2.0,31,21,10,True,service,40s,a2_age_features_v1,baseline,2511.8,229.05,4,229.05,2342.7,2247.7,2325.6,2234.4,2511.8,2511.8,review_required,"available is preprocessing completeness, not validated detection readiness; no population cutoff calibrated"
2024-03-01T00:00:00.000,1123074,일원2동,15.772541789776177,6.024757356214838,23.4851464902483,8.25248421230396,834.8052751012582,402.11941830392806,0.94216214028413,0.920342413081313,0.910741895009512,0.896745861496742,0.0,0.0,0.0,10.0,29.9,2.0,31,21,10,True,service,50s,a2_age_features_v1,baseline,2470.7,253.57999999999998,4,253.57999999999998,2327.8,2250.17,2273.8900000000003,2215.59,2470.7,2470.7,review_required,"available is preprocessing completeness, not validated detection readiness; no population cutoff calibrated"
2024-03-01T00:00:00.000,1123074,일원2동,12.117648981116222,4.253951355010388,16.69466818786339,6.651557414259138,514.9196018553667,253.7992251309221,0.882824864032119,0.842414976307743,0.786706659508415,0.761744590462408,0.0,0.0,0.0,10.0,29.9,2.0,31,21,10,True,service,60plus,a2_age_features_v1,baseline,4284.1,1378.17,8,1378.17,3782.1099999999997,3370.33,3608.99,3263.39,4284.1,4284.1,review_required,"available is preprocessing completeness, not validated detection readiness; no population cutoff calibrated"
2024-04-01T00:00:00.000,1123074,일원2동,6.105189048239896,3.320052151238591,19.789284166589123,9.636586343161909,623.045124203092,372.58473009153477,0.980795306388527,0.967314211212516,0.943598435462842,0.930104302477184,0.0,0.0,0.0,4.0,33.2,0.0,30,22,8,True,five_year,20,a2_age_features_v1,baseline,767.0,66.34,2,66.34,752.27,723.74,741.9300000000001,713.39,767.0,767.0,review_required,"available is preprocessing completeness, not validated detection readiness; no population cutoff calibrated"
2024-04-01T00:00:00.000,1123074,일원2동,8.541672025723473,4.327802786709539,21.90714984702725,10.493276537605999,680.0713870511734,428.9697450680745,0.970407288317256,0.947749196141479,0.949228295819936,0.925787781350482,0.0,0.0,0.0,4.0,33.2,0.0,30,22,8,True,five_year,25,a2_age_features_v1,baseline,933.0,94.54,2,94.54,905.39,885.6300000000001,884.25,863.76,933.0,933.0,review_required,"available is preprocessing completeness, not validated detection readiness; no population cutoff calibrated"
2024-04-01T00:00:00.000,1123074,일원2동,11.35531506849315,5.126958904109589,23.593051965027453,10.872529601722281,744.5448010712387,479.09721319826514,0.943205479452055,0.941171232876712,0.929,0.941178082191781,0.0,0.0,0.0,4.0,33.2,0.0,30,22,8,True,five_year,30,a2_age_features_v1,baseline,1460.0,230.07,2,230.07,1377.08,1356.3400000000001,1374.1100000000001,1374.12,1460.0,1460.0,review_required,"available is preprocessing completeness, not validated detection readiness; no population cutoff calibrated"
2024-04-01T00:00:00.000,1123074,일원2동,13.695770151636072,5.650127693535516,23.740656123537484,10.513901625461239,768.2883564713832,466.6622217370421,0.94268156424581,0.933016759776536,0.923551476456504,0.913846767757382,0.0,0.0,0.0,4.0,33.2,0.0,30,22,8,True,five_year,35,a2_age_features_v1,baseline,1253.0,186.24,2,186.24,1181.1799999999998,1157.21,1169.07,1145.05,1253.0,1253.0,review_required,"available is preprocessing completeness, not validated detection readiness; no population cutoff calibrated"
2024-04-01T00:00:00.000,1123074,일원2동,14.659513776337116,6.324732576985412,22.6066265060241,9.995555555555555,781.1887979094076,426.1339292035398,0.941653160453809,0.93030794165316,0.918962722852512,0.915721231766613,0.0,0.0,0.0,4.0,33.2,0.0,30,22,8,True,five_year,40,a2_age_features_v1,baseline,1234.0,115.31,2,115.31,1162.0,1134.0,1148.0,1130.0,1234.0,1234.0,review_required,"available is preprocessing completeness, not validated detection readiness; no population cutoff calibrated"
2024-04-01T00:00:00.000,1123074,일원2동,16.050725689404935,6.611741654571843,23.121847133757964,9.90674230145867,758.8108653846153,423.9295049504951,0.911465892597968,0.905660377358491,0.895500725689405,0.879535558780842,0.0,0.0,0.0,4.0,33.2,0.0,30,22,8,True,five_year,45,a2_age_features_v1,baseline,1378.0,123.42999999999999,2,123.42999999999999,1256.0,1234.0,1248.0,1212.0,1378.0,1378.0,review_required,"available is preprocessing completeness, not validated detection readiness; no population cutoff calibrated"
2024-04-01T00:00:00.000,1123074,일원2동,16.2955832037325,6.143374805598756,22.82188429752066,9.678477157360405,769.4784654300169,442.4586574870912,0.940902021772939,0.922239502332815,0.919129082426128,0.90357698289269,0.0,0.0,0.0,4.0,33.2,0.0,30,22,8,True,five_year,50,a2_age_features_v1,baseline,1286.0,129.03,2,129.03,1210.0,1182.0,1186.0,1162.0,1286.0,1286.0,review_required,"available is preprocessing completeness, not validated detection readiness; no population cutoff calibrated"
2024-04-01T00:00:00.000,1123074,일원2동,15.263380614657214,5.799550827423168,21.939415787780803,9.591822552334177,758.3514963960464,468.68006784116875,0.930985027580772,0.912884160756501,0.911355397951143,0.893246650906225,0.0,0.0,0.0,4.0,33.2,0.0,30,22,8,True,five_year,55,a2_age_features_v1,baseline,1269.0,136.68,2,136.68,1181.42,1156.51,1158.45,1133.53,1269.0,1269.0,review_required,"available is preprocessing completeness, not validated detection readiness; no population cutoff calibrated"
2024-04-01T00:00:00.000,1123074,일원2동,15.448702611625949,5.194608256107835,20.123221414633274,8.863668079096044,640.2220424895814,365.7749390214922,0.941179443976411,0.929907329401854,0.89469250210615,0.886276326874474,0.0,0.0,0.0,4.0,33.2,0.0,30,22,8,True,five_year,60,a2_age_features_v1,baseline,1187.0,136.62,2,136.62,1117.1799999999998,1062.0,1103.8000000000002,1052.01,1187.0,1187.0,review_required,"available is preprocessing completeness, not validated detection readiness; no population cutoff calibrated"
2024-04-01T00:00:00.000,1123074,일원2동,12.995052083333333,4.267777777777777,17.763531598513012,7.957689243027889,521.2833461538461,302.8216322314049,0.934027777777778,0.902777777777778,0.871527777777778,0.840277777777778,0.0,0.0,0.0,4.0,33.2,0.0,30,22,8,True,five_year,65,a2_age_features_v1,baseline,1152.0,378.20000000000005,2,378.20000000000005,1076.0,1004.0,1040.0,968.0,1152.0,1152.0,review_required,"available is preprocessing completeness, not validated detection readiness; no population cutoff calibrated"
2024-04-01T00:00:00.000,1123074,일원2동,12.084564315352697,4.082572614107884,15.507199074074073,7.324999999999999,428.0771844660194,262.78620253164553,0.896265560165975,0.854771784232365,0.842323651452282,0.819502074688797,0.0,0.0,0.0,4.0,33.2,0.0,30,22,8,True,five_year,70,a2_age_features_v1,baseline,964.0,323.4,2,323.4,864.0,812.0,824.0,790.0,964.0,964.0,review_required,"available is preprocessing completeness, not validated detection readiness; no population cutoff calibrated"
2024-04-01T00:00:00.000,1123074,일원2동,8.848016260162602,3.038455284552846,11.079098712446353,5.688811881188118,287.5265882352941,180.62,0.757723577235772,0.691056910569106,0.656910569105691,0.609756097560976,0.0,0.0,0.0,4.0,33.2,0.0,30,22,8,True,five_year,75,a2_age_features_v1,baseline,1230.0,638.35,2,638.35,932.0,808.0,850.0,750.0,1230.0,1230.0,review_required,"available is preprocessing completeness, not validated detection readiness; no population cutoff calibrated"
2024-04-01T00:00:00.000,1123074,일원2동,7.442388235294119,3.873129411764706,20.946031876259305,10.10801959773079,654.0536674906838,403.46519202358684,0.975094117647059,0.956576470588235,0.946688235294118,0.927735294117647,0.0,0.0,0.0,4.0,33.2,0.0,30,22,8,True,service,20s,a2_age_features_v1,baseline,1700.0,160.88,4,160.88,1657.66,1609.3700000000001,1626.18,1577.15,1700.0,1700.0,review_required,"available is preprocessing completeness, not validated detection readiness; no population cutoff calibrated"
2024-04-01T00:00:00.000,1123074,일원2동,12.436255068190194,5.368584592701807,23.66120261427689,10.707421336356946,755.4594348414191,473.44507897442406,0.942963509030594,0.937405086619978,0.92648359749355,0.92855510504976,0.0,0.0,0.0,4.0,33.2,0.0,30,22,8,True,service,30s,a2_age_features_v1,baseline,2713.0,416.31,4,416.31,2558.26,2513.55,2543.18,2519.17,2713.0,2713.0,review_required,"available is preprocessing completeness, not validated detection readiness; no population cutoff calibrated"
2024-04-01T00:00:00.000,1123074,일원2동,15.393468606431854,6.476148545176109,22.874251447477256,9.949273648648647,769.5328464106846,424.99312553373187,0.92572741194487,0.917304747320061,0.906584992343032,0.896630934150076,0.0,0.0,0.0,4.0,33.2,0.0,30,22,8,True,service,40s,a2_age_features_v1,baseline,2612.0,238.74,4,238.74,2418.0,2368.0,2396.0,2342.0,2612.0,2612.0,review_required,"available is preprocessing completeness, not validated detection readiness; no population cutoff calibrated"
2024-04-01T00:00:00.000,1123074,일원2동,15.782915851272016,5.972606653620352,22.3859232589842,9.635622126909869,763.98035829299,455.40675891841977,0.935976516634051,0.917592954990215,0.915268101761252,0.898446183953033,0.0,0.0,0.0,4.0,33.2,0.0,30,22,8,True,service,50s,a2_age_features_v1,baseline,2555.0,265.71,4,265.71,2391.42,2338.51,2344.45,2295.5299999999997,2555.0,2555.0,review_required,"available is preprocessing completeness, not validated detection readiness; no population cutoff calibrated"
2024-04-01T00:00:00.000,1123074,일원2동,12.318660930950806,4.137520405912199,16.373981745621908,7.581984671730874,483.5101290009954,286.795917314839,0.880030884623869,0.842223692918597,0.813148025590117,0.785354070152217,0.0,0.0,0.0,4.0,33.2,0.0,30,22,8,True,service,60plus,a2_age_features_v1,baseline,4533.0,1476.5700000000002,8,1476.5700000000002,3989.18,3686.0,3817.8,3560.01,4533.0,4533.0,review_required,"available is preprocessing completeness, not validated detection readiness; no population cutoff calibrated"
2024-05-01T00:00:00.000,1123074,일원2동,5.901088082901555,3.45279792746114,23.985225335922944,9.176253400379194,775.2386203044455,297.098825899484,0.980401554404145,0.962422279792746,0.942823834196891,0.916256476683938,0.0,0.0,0.0,8.0,125.1,0.0,31,23,8,True,five_year,20,a2_age_features_v1,baseline,772.0,54.510000000000005,2,54.510000000000005,756.87,727.86,742.99,707.35,772.0,772.0,review_required,"available is preprocessing completeness, not validated detection readiness; no population cutoff calibrated"
2024-05-01T00:00:00.000,1123074,일원2동,8.487417289220916,4.333287086446105,23.863641757712433,10.002470557445696,741.590592370609,380.9643975166855,0.974877267876201,0.947299893276414,0.937918890074706,0.916254002134472,0.0,0.0,0.0,8.0,125.1,0.0,31,23,8,True,five_year,25,a2_age_features_v1,baseline,937.0,78.75,2,78.75,913.46,878.8299999999999,887.62,858.53,937.0,937.0,review_required,"available is preprocessing completeness, not validated detection readiness; no population cutoff calibrated"
2024-05-01T00:00:00.000,1123074,일원2동,11.199758787043418,5.326478290833908,24.945671120811138,10.453165209012749,791.4069839923362,438.3673391706641,0.953638869745004,0.942432804962095,0.929841488628532,0.929558924879394,0.0,0.0,0.0,8.0,125.1,0.0,31,23,8,True,five_year,30,a2_age_features_v1,baseline,1451.0,200.92000000000002,2,200.92000000000002,1383.73,1349.2,1367.47,1348.79,1451.0,1451.0,review_required,"available is preprocessing completeness, not validated detection readiness; no population cutoff calibrated"
2024-05-01T00:00:00.000,1123074,일원2동,14.040176140912731,5.863482786228983,24.90652854409254,10.313218848167537,815.2734458338041,428.1923954258994,0.933058446757406,0.921385108086469,0.917534027221778,0.910896717373899,0.0,0.0,0.0,8.0,125.1,0.0,31,23,8,True,five_year,35,a2_age_features_v1,baseline,1249.0,165.89,2,165.89,1165.3899999999999,1146.0,1150.81,1137.71,1249.0,1249.0,review_required,"available is preprocessing completeness, not validated detection readiness; no population cutoff calibrated"
2024-05-01T00:00:00.000,1123074,일원2동,15.111305555555555,6.494236111111111,23.786440177252583,9.705653495440728,815.8335552193646,378.9112654320988,0.940277777777778,0.918055555555556,0.913888888888889,0.9,0.0,0.0,0.0,8.0,125.1,0.0,31,23,8,True,five_year,40,a2_age_features_v1,baseline,1440.0,121.68,2,121.68,1354.0,1316.0,1322.0,1296.0,1440.0,1440.0,review_required,"available is preprocessing completeness, not validated detection readiness; no population cutoff calibrated"
2024-05-01T00:00:00.000,1123074,일원2동,16.41321299638989,6.832779783393502,24.636124031007753,9.498571428571429,831.6883203124999,389.08507565337,0.931407942238267,0.924187725631769,0.909747292418773,0.874849578820698,0.0,0.0,0.0,8.0,125.1,0.0,31,23,8,True,five_year,45,a2_age_features_v1,baseline,1662.0,135.17000000000002,2,135.17000000000002,1548.0,1512.0,1536.0,1454.0,1662.0,1662.0,review_required,"available is preprocessing completeness, not validated detection readiness; no population cutoff calibrated"
2024-05-01T00:00:00.000,1123074,일원2동,16.834663341645886,6.448703241895263,24.9405577689243,9.56586301369863,866.9836437246963,415.3410041841004,0.938902743142145,0.923940149625935,0.910224438902743,0.894014962593516,0.0,0.0,0.0,8.0,125.1,0.0,31,23,8,True,five_year,50,a2_age_features_v1,baseline,1604.0,148.85,2,148.85,1506.0,1460.0,1482.0,1434.0,1604.0,1604.0,review_required,"available is preprocessing completeness, not validated detection readiness; no population cutoff calibrated"
2024-05-01T00:00:00.000,1123074,일원2동,16.393837455830386,5.899413427561838,23.940910692161864,9.563107753777,877.2620114574303,489.15519007603035,0.946897526501767,0.93756183745583,0.905611307420495,0.88303886925795,0.0,0.0,0.0,8.0,125.1,0.0,31,23,8,True,five_year,55,a2_age_features_v1,baseline,1415.0,137.95,2,137.95,1339.8600000000001,1281.44,1326.65,1249.5,1415.0,1415.0,review_required,"available is preprocessing completeness, not validated detection readiness; no population cutoff calibrated"
2024-05-01T00:00:00.000,1123074,일원2동,15.563908713692948,5.127626556016598,22.412201568322704,9.22574082431499,813.4510424524086,455.2552122682047,0.939767634854772,0.928547717842324,0.90103734439834,0.869095435684647,0.0,0.0,0.0,8.0,125.1,0.0,31,23,8,True,five_year,60,a2_age_features_v1,baseline,1205.0,131.56,2,131.56,1132.42,1085.75,1118.9,1047.26,1205.0,1205.0,review_required,"available is preprocessing completeness, not validated detection readiness; no population cutoff calibrated"
2024-05-01T00:00:00.000,1123074,일원2동,13.306515151515153,4.251565656565656,19.500860215053763,8.304357005758156,651.5919485294118,344.9886836935167,0.93939393939394,0.915824915824916,0.877104377104377,0.856902356902357,0.0,0.0,0.0,8.0,125.1,0.0,31,23,8,True,five_year,65,a2_age_features_v1,baseline,1188.0,376.36,2,376.36,1116.0,1042.0,1088.0,1018.0,1188.0,1188.0,review_required,"available is preprocessing completeness, not validated detection readiness; no population cutoff calibrated"
2024-05-01T00:00:00.000,1123074,일원2동,12.174251497005988,4.010898203592815,17.025,7.583210161662817,555.6101869158878,297.59749999999997,0.918163672654691,0.854291417165669,0.864271457085828,0.830339321357285,0.0,0.0,0.0,8.0,125.1,0.0,31,23,8,True,five_year,70,a2_age_features_v1,baseline,1002.0,319.35,2,319.35,920.0,866.0,856.0,832.0,1002.0,1002.0,review_required,"available is preprocessing completeness, not validated detection readiness; no population cutoff calibrated"
2024-05-01T00:00:00.000,1123074,일원2동,9.095055118110237,3.100204724409449,11.953692614770459,5.765362997658079,338.8919696969697,209.7552417302799,0.788976377952756,0.72755905511811,0.67244094488189,0.618897637795276,0.0,0.0,0.0,8.0,125.1,0.0,31,23,8,True,five_year,75,a2_age_features_v1,baseline,1270.0,672.88,2,672.88,1002.0,854.0,924.0,786.0,1270.0,1270.0,review_required,"available is preprocessing completeness, not validated detection readiness; no population cutoff calibrated"
2024-05-01T00:00:00.000,1123074,일원2동,7.31910473961381,3.935547103569339,23.91873444169715,9.628179051341577,756.9223689907457,343.08006916238793,0.977372732592159,0.954131070801638,0.940134581626682,0.916255119953189,0.0,0.0,0.0,8.0,125.1,0.0,31,23,8,True,service,20s,a2_age_features_v1,baseline,1709.0,133.26,4,133.26,1670.33,1606.69,1630.6100000000001,1565.88,1709.0,1709.0,review_required,"available is preprocessing completeness, not validated detection readiness; no population cutoff calibrated"
2024-05-01T00:00:00.000,1123074,일원2동,12.513714814814817,5.574892592592594,24.92777617373839,10.388890389547932,802.3135404323586,433.71174486225624,0.944118518518518,0.932696296296296,0.924148148148148,0.920925925925926,0.0,0.0,0.0,8.0,125.1,0.0,31,23,8,True,service,30s,a2_age_features_v1,baseline,2700.0,366.81,4,366.81,2549.12,2495.2,2518.28,2486.5,2700.0,2700.0,review_required,"available is preprocessing completeness, not validated detection readiness; no population cutoff calibrated"
2024-05-01T00:00:00.000,1123074,일원2동,15.808845905867182,6.6756221792392,24.239682977257065,9.594936350777935,824.3545206438067,384.29043636363645,0.935525467440361,0.92134107027724,0.911669890393295,0.886524822695035,0.0,0.0,0.0,8.0,125.1,0.0,31,23,8,True,service,40s,a2_age_features_v1,baseline,3102.0,256.85,4,256.85,2902.0,2828.0,2858.0,2750.0,3102.0,3102.0,review_required,"available is preprocessing completeness, not validated detection readiness; no population cutoff calibrated"
2024-05-01T00:00:00.000,1123074,일원2동,16.62804902285525,6.191252070221929,24.469913699198134,9.564575113808802,871.83857280188,449.71060555245015,0.942649884067572,0.930324610798278,0.908062272275588,0.888870486916197,0.0,0.0,0.0,8.0,125.1,0.0,31,23,8,True,service,50s,a2_age_features_v1,baseline,3019.0,286.79999999999995,4,286.79999999999995,2845.86,2741.44,2808.65,2683.5,3019.0,3019.0,review_required,"available is preprocessing completeness, not validated detection readiness; no population cutoff calibrated"
2024-05-01T00:00:00.000,1123074,일원2동,12.499886387995714,4.112718113612003,17.931907409805248,7.838520719901241,603.9381252100628,336.7771467667229,0.893980707395498,0.854640943193998,0.82481243301179,0.789551982851018,0.0,0.0,0.0,8.0,125.1,0.0,31,23,8,True,service,60plus,a2_age_features_v1,baseline,4665.0,1500.15,8,1500.15,4170.42,3847.75,3986.9,3683.26,4665.0,4665.0,review_required,"available is preprocessing completeness, not validated detection readiness; no population cutoff calibrated"
2024-06-01T00:00:00.000,1123074,일원2동,5.625813060179258,3.42921895006402,23.698638136397168,9.0575125329545,763.4132055328007,310.4125379681817,0.971779769526248,0.953457106274008,0.937349551856594,0.922330345710628,0.0,0.0,0.0,7.0,115.9,0.0,30,20,10,True,five_year,20,a2_age_features_v1,baseline,781.0,67.12,2,67.12,758.96,732.0699999999999,744.65,720.34,781.0,781.0,review_required,"available is preprocessing completeness, not validated detection readiness; no population cutoff calibrated"
2024-06-01T00:00:00.000,1123074,일원2동,8.787515923566879,4.282547770700637,24.05587187602314,9.900735897377784,776.1293800467723,396.21278016408985,0.972717622080679,0.962335456475584,0.936794055201698,0.907016985138004,0.0,0.0,0.0,7.0,115.9,0.0,30,20,10,True,five_year,25,a2_age_features_v1,baseline,942.0,94.14,2,94.14,916.3,882.46,906.52,854.4100000000001,942.0,942.0,review_required,"available is preprocessing completeness, not validated detection readiness; no population cutoff calibrated"
2024-06-01T00:00:00.000,1123074,일원2동,11.207817047817048,5.351309771309771,25.845711906441597,10.437177330350483,830.39622706422,442.50181818181824,0.952855162855163,0.954788634788635,0.929313929313929,0.917505197505198,0.0,0.0,0.0,7.0,115.9,0.0,30,20,10,True,five_year,30,a2_age_features_v1,baseline,1443.0,219.95,2,219.95,1374.97,1341.0,1377.76,1323.96,1443.0,1443.0,review_required,"available is preprocessing completeness, not validated detection readiness; no population cutoff calibrated"
2024-06-01T00:00:00.000,1123074,일원2동,14.014718649517683,5.891792604501608,25.808919797997092,10.30974740061162,884.7630602357985,449.5587200281159,0.939147909967846,0.9375,0.920016077170418,0.914911575562701,0.0,0.0,0.0,7.0,115.9,0.0,30,20,10,True,five_year,35,a2_age_features_v1,baseline,1244.0,180.46,2,180.46,1168.3,1144.5,1166.25,1138.15,1244.0,1244.0,review_required,"available is preprocessing completeness, not validated detection readiness; no population cutoff calibrated"
2024-06-01T00:00:00.000,1123074,일원2동,14.544070422535212,6.441830985915494,24.118545994065283,10.044301075268818,882.5084661654136,445.1903571428572,0.949295774647887,0.936619718309859,0.916901408450704,0.907042253521127,0.0,0.0,0.0,7.0,115.9,0.0,30,20,10,True,five_year,40,a2_age_features_v1,baseline,1420.0,133.32,2,133.32,1348.0,1302.0,1330.0,1288.0,1420.0,1420.0,review_required,"available is preprocessing completeness, not validated detection readiness; no population cutoff calibrated"
2024-06-01T00:00:00.000,1123074,일원2동,15.972407894736843,6.830065789473685,25.23325905292479,9.733701578192251,896.0634177215192,430.9701445086705,0.944736842105263,0.935526315789474,0.917105263157895,0.910526315789474,0.0,0.0,0.0,7.0,115.9,0.0,30,20,10,True,five_year,45,a2_age_features_v1,baseline,1520.0,136.65,2,136.65,1436.0,1394.0,1422.0,1384.0,1520.0,1520.0,review_required,"available is preprocessing completeness, not validated detection readiness; no population cutoff calibrated"
2024-06-01T00:00:00.000,1123074,일원2동,16.360089285714288,6.405446428571429,25.608813096862214,9.658368200836822,957.0801244813277,475.20317211948793,0.934948979591837,0.92219387755102,0.914540816326531,0.896683673469388,0.0,0.0,0.0,7.0,115.9,0.0,30,20,10,True,five_year,50,a2_age_features_v1,baseline,1568.0,153.45,2,153.45,1466.0,1434.0,1446.0,1406.0,1568.0,1568.0,review_required,"available is preprocessing completeness, not validated detection readiness; no population cutoff calibrated"
2024-06-01T00:00:00.000,1123074,일원2동,15.836162790697676,5.773779069767442,24.74981117761106,9.816139480919912,968.0138998763906,536.9434995359554,0.948350290697674,0.940697674418605,0.914520348837209,0.908343023255814,0.0,0.0,0.0,7.0,115.9,0.0,30,20,10,True,five_year,55,a2_age_features_v1,baseline,1376.0,139.81,2,139.81,1304.9299999999998,1258.38,1294.4,1249.88,1376.0,1376.0,review_required,"available is preprocessing completeness, not validated detection readiness; no population cutoff calibrated"
2024-06-01T00:00:00.000,1123074,일원2동,15.362313982011448,5.22937040065413,22.87969213911138,9.40288939031626,883.8468056613187,464.01390834024437,0.940204415372036,0.934170073589534,0.909550286181521,0.907048242027801,0.0,0.0,0.0,7.0,115.9,0.0,30,20,10,True,five_year,60,a2_age_features_v1,baseline,1223.0,140.86,2,140.86,1149.87,1112.3799999999999,1142.49,1109.3200000000002,1223.0,1223.0,review_required,"available is preprocessing completeness, not validated detection readiness; no population cutoff calibrated"
2024-06-01T00:00:00.000,1123074,일원2동,13.019863481228668,4.235665529010239,20.02322463768116,8.304375,734.3164575645757,366.7941796875,0.9419795221843,0.924914675767918,0.901023890784983,0.873720136518771,0.0,0.0,0.0,7.0,115.9,0.0,30,20,10,True,five_year,65,a2_age_features_v1,baseline,1172.0,376.47,2,376.47,1104.0,1056.0,1084.0,1024.0,1172.0,1172.0,review_required,"available is preprocessing completeness, not validated detection readiness; no population cutoff calibrated"
2024-06-01T00:00:00.000,1123074,일원2동,11.800161290322581,3.852258064516129,17.318565121412803,7.572191142191142,606.7746651270207,313.92357995226723,0.913306451612903,0.872983870967742,0.86491935483871,0.844758064516129,0.0,0.0,0.0,7.0,115.9,0.0,30,20,10,True,five_year,70,a2_age_features_v1,baseline,992.0,327.78999999999996,2,327.78999999999996,906.0,858.0,866.0,838.0,992.0,992.0,review_required,"available is preprocessing completeness, not validated detection readiness; no population cutoff calibrated"
2024-06-01T00:00:00.000,1123074,일원2동,8.8591961414791,3.050707395498392,12.386294820717131,5.707931034482758,369.0560126582278,218.364094292804,0.807073954983923,0.762057877813505,0.69935691318328,0.647909967845659,0.0,0.0,0.0,7.0,115.9,0.0,30,20,10,True,five_year,75,a2_age_features_v1,baseline,1244.0,650.08,2,650.08,1004.0,870.0,948.0,806.0,1244.0,1244.0,review_required,"available is preprocessing completeness, not validated detection readiness; no population cutoff calibrated"
2024-06-01T00:00:00.000,1123074,일원2동,7.354381892048751,3.895751596053395,23.894030657927722,9.518396437353287,770.3945984362604,356.9650605492935,0.972292513058619,0.958311085316309,0.937045850261172,0.913958212420197,0.0,0.0,0.0,7.0,115.9,0.0,30,20,10,True,service,20s,a2_age_features_v1,baseline,1723.0,161.26,4,161.26,1675.26,1614.53,1651.17,1574.75,1723.0,1723.0,review_required,"available is preprocessing completeness, not validated detection readiness; no population cutoff calibrated"
2024-06-01T00:00:00.000,1123074,일원2동,12.50732787495348,5.601537030145143,25.82881074364892,10.378499577549789,855.3196036179104,445.7639847122996,0.946509117975437,0.94678451804987,0.925009304056569,0.916304428730927,0.0,0.0,0.0,7.0,115.9,0.0,30,20,10,True,service,30s,a2_age_features_v1,baseline,2687.0,400.41,4,400.41,2543.27,2485.5,2544.01,2462.11,2687.0,2687.0,review_required,"available is preprocessing completeness, not validated detection readiness; no population cutoff calibrated"
2024-06-01T00:00:00.000,1123074,일원2동,15.282530612244898,6.642551020408164,24.693520114942526,9.88370178041543,889.5125145348837,437.82479790419166,0.946938775510204,0.936054421768708,0.917006802721088,0.908843537414966,0.0,0.0,0.0,7.0,115.9,0.0,30,20,10,True,service,40s,a2_age_features_v1,baseline,2940.0,269.97,4,269.97,2784.0,2696.0,2752.0,2672.0,2940.0,2940.0,review_required,"available is preprocessing completeness, not validated detection readiness; no population cutoff calibrated"
2024-06-01T00:00:00.000,1123074,일원2동,16.115210597826085,6.110210597826087,25.20427838306994,9.732108246235674,962.2445818128739,504.25870189918214,0.941212635869565,0.930842391304348,0.91453125,0.902133152173913,0.0,0.0,0.0,7.0,115.9,0.0,30,20,10,True,service,50s,a2_age_features_v1,baseline,2944.0,293.26,4,293.26,2770.93,2692.38,2740.4,2655.88,2944.0,2944.0,review_required,"available is preprocessing completeness, not validated detection readiness; no population cutoff calibrated"
2024-06-01T00:00:00.000,1123074,일원2동,12.259553012308357,4.097654934139494,18.38212326513556,7.877015614493454,663.5623741179907,351.9443861785604,0.899129777585835,0.872487583675232,0.841369034765709,0.815659684733319,0.0,0.0,0.0,7.0,115.9,0.0,30,20,10,True,service,60plus,a2_age_features_v1,baseline,4631.0,1495.2,8,1495.2,4163.87,3896.38,4040.49,3777.32,4631.0,4631.0,review_required,"available is preprocessing completeness, not validated detection readiness; no population cutoff calibrated"
2024-07-01T00:00:00.000,1123074,일원2동,5.415627476882431,3.350726552179657,33.32690646424419,13.717870108153303,998.5173761467889,467.31332014511594,0.988467635402906,0.979128137384412,0.979577278731836,0.964927344782034,0.0,0.0,0.0,22.0,557.3,0.0,31,23,8,True,five_year,20,a2_age_features_v1,baseline,757.0,63.61,2,63.61,748.27,741.54,741.2,730.45,757.0,757.0,review_required,"available is preprocessing completeness, not validated detection readiness; no population cutoff calibrated"
2024-07-01T00:00:00.000,1123074,일원2동,8.701035940803383,4.307674418604652,36.62216810280314,15.879262577532739,1195.8367406236898,648.310819473243,0.98877378435518,0.983372093023256,0.950972515856237,0.958435517970402,0.0,0.0,0.0,22.0,557.3,0.0,31,23,8,True,five_year,25,a2_age_features_v1,baseline,946.0,95.12,2,95.12,935.38,899.62,930.27,906.6800000000001,946.0,946.0,review_required,"available is preprocessing completeness, not validated detection readiness; no population cutoff calibrated"
2024-07-01T00:00:00.000,1123074,일원2동,10.828842398884241,5.202440725244073,40.02430666752987,15.789912499453122,1310.7185298824888,686.8678865260588,0.969435146443515,0.967294281729428,0.956359832635983,0.960167364016736,0.0,0.0,0.0,22.0,557.3,0.0,31,23,8,True,five_year,30,a2_age_features_v1,baseline,1434.0,219.01,2,219.01,1390.17,1371.42,1387.1,1376.88,1434.0,1434.0,review_required,"available is preprocessing completeness, not validated detection readiness; no population cutoff calibrated"
2024-07-01T00:00:00.000,1123074,일원2동,14.00491129032258,6.012395161290322,39.93621454114016,15.643519748457283,1365.1161592852304,682.3410021818182,0.971991935483871,0.964895161290323,0.959241935483871,0.942540322580645,0.0,0.0,0.0,22.0,557.3,0.0,31,23,8,True,five_year,35,a2_age_features_v1,baseline,1240.0,178.64,2,178.64,1205.27,1189.46,1196.47,1168.75,1240.0,1240.0,review_required,"available is preprocessing completeness, not validated detection readiness; no population cutoff calibrated"
2024-07-01T00:00:00.000,1123074,일원2동,14.873720279720278,6.568671328671329,37.023032904148785,15.304361233480178,1360.3841007194246,664.8926479289942,0.977622377622378,0.972027972027972,0.952447552447552,0.945454545454545,0.0,0.0,0.0,22.0,557.3,0.0,31,23,8,True,five_year,40,a2_age_features_v1,baseline,1430.0,134.75,2,134.75,1398.0,1362.0,1390.0,1352.0,1430.0,1430.0,review_required,"available is preprocessing completeness, not validated detection readiness; no population cutoff calibrated"
2024-07-01T00:00:00.000,1123074,일원2동,16.18499363057325,6.908445859872612,38.4341655540721,14.718867667121419,1405.120694259012,656.4446049046321,0.954140127388535,0.954140127388535,0.93375796178344,0.935031847133758,0.0,0.0,0.0,22.0,557.3,0.0,31,23,8,True,five_year,45,a2_age_features_v1,baseline,1570.0,139.71,2,139.71,1498.0,1466.0,1498.0,1468.0,1570.0,1570.0,review_required,"available is preprocessing completeness, not validated detection readiness; no population cutoff calibrated"
2024-07-01T00:00:00.000,1123074,일원2동,16.548371212121214,6.415340909090909,39.24272251308901,14.864432576769026,1466.9319920318726,731.6382707774798,0.964646464646465,0.950757575757576,0.945707070707071,0.941919191919192,0.0,0.0,0.0,22.0,557.3,0.0,31,23,8,True,five_year,50,a2_age_features_v1,baseline,1584.0,152.25,2,152.25,1528.0,1498.0,1506.0,1492.0,1584.0,1584.0,review_required,"available is preprocessing completeness, not validated detection readiness; no population cutoff calibrated"
2024-07-01T00:00:00.000,1123074,일원2동,15.700682788051212,5.783428165007113,38.747356881851395,15.08503908198902,1548.8600974421438,789.2687579705281,0.963477951635846,0.963477951635846,0.940867709815078,0.9324893314367,0.0,0.0,0.0,22.0,557.3,0.0,31,23,8,True,five_year,55,a2_age_features_v1,baseline,1406.0,144.52,2,144.52,1354.65,1322.8600000000001,1354.65,1311.08,1406.0,1406.0,review_required,"available is preprocessing completeness, not validated detection readiness; no population cutoff calibrated"
2024-07-01T00:00:00.000,1123074,일원2동,15.126631748589848,5.24532634971797,34.292594364877516,14.151958461049723,1277.0424795016684,666.3870677219081,0.963223207091056,0.961144238517325,0.938509266720387,0.930596293311845,0.0,0.0,0.0,22.0,557.3,0.0,31,23,8,True,five_year,60,a2_age_features_v1,baseline,1241.0,142.37,2,142.37,1195.3600000000001,1164.69,1192.78,1154.87,1241.0,1241.0,review_required,"available is preprocessing completeness, not validated detection readiness; no population cutoff calibrated"
2024-07-01T00:00:00.000,1123074,일원2동,12.583350785340315,4.18280977312391,30.604000000000003,12.501694915254237,1013.1641316270567,515.1955747126436,0.959860383944154,0.954624781849913,0.926701570680628,0.910994764397906,0.0,0.0,0.0,22.0,557.3,0.0,31,23,8,True,five_year,65,a2_age_features_v1,baseline,1146.0,375.3,2,375.3,1100.0,1062.0,1094.0,1044.0,1146.0,1146.0,review_required,"available is preprocessing completeness, not validated detection readiness; no population cutoff calibrated"
2024-07-01T00:00:00.000,1123074,일원2동,11.940220000000002,3.87568,26.335517970401693,11.31015317286652,849.2117241379311,435.8854054054054,0.946,0.928,0.914,0.888,0.0,0.0,0.0,22.0,557.3,0.0,31,23,8,True,five_year,70,a2_age_features_v1,baseline,1000.0,329.58000000000004,2,329.58000000000004,946.0,914.0,928.0,888.0,1000.0,1000.0,review_required,"available is preprocessing completeness, not validated detection readiness; no population cutoff calibrated"
2024-07-01T00:00:00.000,1123074,일원2동,8.626277955271565,3.083083067092652,17.839469835466176,8.311052631578947,496.38160000000005,280.4939524838013,0.873801916932907,0.838658146964856,0.789137380191693,0.73961661341853,0.0,0.0,0.0,22.0,557.3,0.0,31,23,8,True,five_year,75,a2_age_features_v1,baseline,1252.0,647.53,2,647.53,1094.0,988.0,1050.0,926.0,1252.0,1252.0,review_required,"available is preprocessing completeness, not validated detection readiness; no population cutoff calibrated"
2024-07-01T00:00:00.000,1123074,일원2동,7.240640046975925,3.882301820317088,35.15764434413328,14.902661288357015,1108.3370469706306,567.5538707982872,0.988637698179683,0.981485613623018,0.963687610099824,0.961321197886084,0.0,0.0,0.0,22.0,557.3,0.0,31,23,8,True,service,20s,a2_age_features_v1,baseline,1703.0,158.73000000000002,4,158.73000000000002,1683.65,1641.1599999999999,1671.47,1637.13,1703.0,1703.0,review_required,"available is preprocessing completeness, not validated detection readiness; no population cutoff calibrated"
2024-07-01T00:00:00.000,1123074,일원2동,12.301664173522813,5.57803664921466,39.983398460376655,15.721916997282186,1335.910466486296,684.789502755703,0.970620792819746,0.966181750186986,0.957696335078534,0.951993268511593,0.0,0.0,0.0,22.0,557.3,0.0,31,23,8,True,service,30s,a2_age_features_v1,baseline,2674.0,397.65,4,397.65,2595.44,2560.88,2583.57,2545.63,2674.0,2674.0,review_required,"available is preprocessing completeness, not validated detection readiness; no population cutoff calibrated"
2024-07-01T00:00:00.000,1123074,일원2동,15.559953333333334,6.746486666666667,37.75296270718233,15.000848656294199,1383.5888850415513,660.4948723404256,0.965333333333333,0.962666666666667,0.942666666666667,0.94,0.0,0.0,0.0,22.0,557.3,0.0,31,23,8,True,service,40s,a2_age_features_v1,baseline,3000.0,274.46000000000004,4,274.46000000000004,2896.0,2828.0,2888.0,2820.0,3000.0,3000.0,review_required,"available is preprocessing completeness, not validated detection readiness; no population cutoff calibrated"
2024-07-01T00:00:00.000,1123074,일원2동,16.149759197324414,6.11819397993311,39.00993426187709,14.967887381862269,1505.7287368255468,758.5936838049574,0.964096989966555,0.956739130434783,0.94343143812709,0.937484949832776,0.0,0.0,0.0,22.0,557.3,0.0,31,23,8,True,service,50s,a2_age_features_v1,baseline,2990.0,296.77,4,296.77,2882.65,2820.86,2860.65,2803.08,2990.0,2990.0,review_required,"available is preprocessing completeness, not validated detection readiness; no population cutoff calibrated"
2024-07-01T00:00:00.000,1123074,일원2동,12.057122224617373,4.10404181935762,27.468578295689394,11.700622836783579,924.0573836634011,486.9976482916217,0.934546238413451,0.919331752532873,0.889995688726019,0.865029101099375,0.0,0.0,0.0,22.0,557.3,0.0,31,23,8,True,service,60plus,a2_age_features_v1,baseline,4639.0,1494.78,8,1494.78,4335.36,4128.6900000000005,4264.78,4012.87,4639.0,4639.0,review_required,"available is preprocessing completeness, not validated detection readiness; no population cutoff calibrated"
2024-08-01T00:00:00.000,1123074,일원2동,5.241859229747676,3.267901726427623,21.100447688630197,8.534964088906518,673.4772671190624,313.31453299581005,0.9833598937583,0.968725099601594,0.937463479415671,0.912828685258964,0.0,0.0,0.0,11.0,72.8,0.0,31,22,9,True,five_year,20,a2_age_features_v1,baseline,753.0,66.7,2,66.7,740.47,705.9100000000001,729.45,687.3599999999999,753.0,753.0,review_required,"available is preprocessing completeness, not validated detection readiness; no population cutoff calibrated"
2024-08-01T00:00:00.000,1123074,일원2동,8.65136842105263,4.235242105263158,25.00373432826151,10.20296301355828,835.2798683867605,436.837720458904,0.974768421052632,0.969347368421053,0.924663157894737,0.92761052631579,0.0,0.0,0.0,11.0,72.8,0.0,31,22,9,True,five_year,25,a2_age_features_v1,baseline,950.0,94.66,2,94.66,926.03,878.4300000000001,920.88,881.23,950.0,950.0,review_required,"available is preprocessing completeness, not validated detection readiness; no population cutoff calibrated"
2024-08-01T00:00:00.000,1123074,일원2동,10.825494736842105,5.181452631578948,26.878879303334738,10.128098591013815,891.3601453579012,465.26317936421873,0.949284210526316,0.945277192982456,0.922898245614035,0.91899649122807,0.0,0.0,0.0,11.0,72.8,0.0,31,22,9,True,five_year,30,a2_age_features_v1,baseline,1425.0,215.04,2,215.04,1352.73,1315.13,1347.02,1309.57,1425.0,1425.0,review_required,"available is preprocessing completeness, not validated detection readiness; no population cutoff calibrated"
2024-08-01T00:00:00.000,1123074,일원2동,14.01076113360324,6.019999999999999,26.929909099388624,10.26704809023644,929.9404098786903,446.3117257131619,0.954906882591093,0.949821862348178,0.918145748987854,0.905757085020243,0.0,0.0,0.0,11.0,72.8,0.0,31,22,9,True,five_year,35,a2_age_features_v1,baseline,1235.0,177.60000000000002,2,177.60000000000002,1179.31,1133.9099999999999,1173.03,1118.6100000000001,1235.0,1235.0,review_required,"available is preprocessing completeness, not validated detection readiness; no population cutoff calibrated"
2024-08-01T00:00:00.000,1123074,일원2동,14.957663421418637,6.523268428372739,25.29320809248555,9.785256024096386,964.0705139500734,433.3831325301205,0.962447844228095,0.947148817802504,0.923504867872044,0.923504867872044,0.0,0.0,0.0,11.0,72.8,0.0,31,22,9,True,five_year,40,a2_age_features_v1,baseline,1438.0,133.94,2,133.94,1384.0,1328.0,1362.0,1328.0,1438.0,1438.0,review_required,"available is preprocessing completeness, not validated detection readiness; no population cutoff calibrated"
2024-08-01T00:00:00.000,1123074,일원2동,15.787228464419476,6.712634207240948,25.633307086614174,9.184347826086958,967.8487664041995,434.8928965517241,0.951310861423221,0.951310861423221,0.918851435705368,0.905118601747815,0.0,0.0,0.0,11.0,72.8,0.0,31,22,9,True,five_year,45,a2_age_features_v1,baseline,1602.0,142.46,2,142.46,1524.0,1472.0,1524.0,1450.0,1602.0,1602.0,review_required,"available is preprocessing completeness, not validated detection readiness; no population cutoff calibrated"
2024-08-01T00:00:00.000,1123074,일원2동,16.40408560311284,6.270389105058365,27.13551020408163,9.695433854907538,1024.422479338843,473.2014163090129,0.953307392996109,0.941634241245136,0.911802853437095,0.906614785992218,0.0,0.0,0.0,11.0,72.8,0.0,31,22,9,True,five_year,50,a2_age_features_v1,baseline,1542.0,150.06,2,150.06,1470.0,1406.0,1452.0,1398.0,1542.0,1542.0,review_required,"available is preprocessing completeness, not validated detection readiness; no population cutoff calibrated"
2024-08-01T00:00:00.000,1123074,일원2동,15.30396664249456,5.708564176939812,25.88387422324686,9.373346718415288,1033.6893182688625,491.62562613902634,0.949920232052212,0.946700507614213,0.917396664249456,0.891312545322698,0.0,0.0,0.0,11.0,72.8,0.0,31,22,9,True,five_year,55,a2_age_features_v1,baseline,1379.0,140.45,2,140.45,1309.94,1265.0900000000001,1305.5,1229.12,1379.0,1379.0,review_required,"available is preprocessing completeness, not validated detection readiness; no population cutoff calibrated"
2024-08-01T00:00:00.000,1123074,일원2동,15.288022239872918,5.23900714853058,23.52476105607825,9.213765841935851,898.1420350175086,456.26866475952085,0.958181096108022,0.952660841938046,0.905615567911041,0.888482922954726,0.0,0.0,0.0,11.0,72.8,0.0,31,22,9,True,five_year,60,a2_age_features_v1,baseline,1259.0,141.43,2,141.43,1206.35,1140.17,1199.4,1118.6,1259.0,1259.0,review_required,"available is preprocessing completeness, not validated detection readiness; no population cutoff calibrated"
2024-08-01T00:00:00.000,1123074,일원2동,12.488694158075601,4.105360824742267,20.59312274368231,8.03573359073359,680.0126873857403,338.5558232931727,0.951890034364261,0.939862542955326,0.890034364261168,0.855670103092784,0.0,0.0,0.0,11.0,72.8,0.0,31,22,9,True,five_year,65,a2_age_features_v1,baseline,1164.0,380.37,2,380.37,1108.0,1036.0,1094.0,996.0,1164.0,1164.0,review_required,"available is preprocessing completeness, not validated detection readiness; no population cutoff calibrated"
2024-08-01T00:00:00.000,1123074,일원2동,11.792144329896908,3.845670103092784,17.887272727272727,7.594634146341464,555.6807223476297,293.6906138107417,0.929896907216495,0.91340206185567,0.845360824742268,0.806185567010309,0.0,0.0,0.0,11.0,72.8,0.0,31,22,9,True,five_year,70,a2_age_features_v1,baseline,970.0,319.9,2,319.9,902.0,820.0,886.0,782.0,970.0,970.0,review_required,"available is preprocessing completeness, not validated detection readiness; no population cutoff calibrated"
2024-08-01T00:00:00.000,1123074,일원2동,8.669464285714286,3.038116883116883,12.360352941176473,5.739345794392523,363.8009032258064,187.74629820051413,0.827922077922078,0.75487012987013,0.694805194805195,0.631493506493506,0.0,0.0,0.0,11.0,72.8,0.0,31,22,9,True,five_year,75,a2_age_features_v1,baseline,1232.0,651.68,2,651.68,1020.0,856.0,930.0,778.0,1232.0,1232.0,review_required,"available is preprocessing completeness, not validated detection readiness; no population cutoff calibrated"
2024-08-01T00:00:00.000,1123074,일원2동,7.143816793893129,3.807522019964768,23.269400900090012,9.459778393526642,763.7627127301812,382.7095555881396,0.978567234292425,0.969072225484439,0.930322959483265,0.921074574280681,0.0,0.0,0.0,11.0,72.8,0.0,31,22,9,True,service,20s,a2_age_features_v1,baseline,1703.0,161.36,4,161.36,1666.5,1584.3400000000001,1650.33,1568.59,1703.0,1703.0,review_required,"available is preprocessing completeness, not validated detection readiness; no population cutoff calibrated"
2024-08-01T00:00:00.000,1123074,일원2동,12.304368421052633,5.570778195488722,26.90264668014723,10.19243246333257,909.3184428880378,456.5326546219802,0.951894736842105,0.947387218045113,0.920691729323308,0.91284962406015,0.0,0.0,0.0,11.0,72.8,0.0,31,22,9,True,service,30s,a2_age_features_v1,baseline,2660.0,392.64,4,392.64,2532.04,2449.04,2520.05,2428.18,2660.0,2660.0,review_required,"available is preprocessing completeness, not validated detection readiness; no population cutoff calibrated"
2024-08-01T00:00:00.000,1123074,일원2동,15.394822368421051,6.623059210526315,25.471444291609355,9.46935,966.0656826056826,434.17116630669545,0.956578947368421,0.949342105263158,0.921052631578947,0.913815789473684,0.0,0.0,0.0,11.0,72.8,0.0,31,22,9,True,service,40s,a2_age_features_v1,baseline,3040.0,276.4,4,276.4,2908.0,2800.0,2886.0,2778.0,3040.0,3040.0,review_required,"available is preprocessing completeness, not validated detection readiness; no population cutoff calibrated"
2024-08-01T00:00:00.000,1123074,일원2동,15.884720985963712,6.005152345087299,26.545724799815826,9.542885937950425,1028.8097352674524,481.8213365206005,0.951708319068812,0.94402601848682,0.914443683669976,0.899390619650804,0.0,0.0,0.0,11.0,72.8,0.0,31,22,9,True,service,50s,a2_age_features_v1,baseline,2921.0,290.51,4,290.51,2779.94,2671.09,2757.5,2627.12,2921.0,2921.0,review_required,"available is preprocessing completeness, not validated detection readiness; no population cutoff calibrated"
2024-08-01T00:00:00.000,1123074,일원2동,12.087269189189188,4.075202162162162,18.86958242354857,7.780227611969358,645.309144108629,332.9114484297611,0.915967567567568,0.888518918918919,0.832901621621622,0.794508108108108,0.0,0.0,0.0,11.0,72.8,0.0,31,22,9,True,service,60plus,a2_age_features_v1,baseline,4625.0,1493.38,8,1493.38,4236.35,3852.17,4109.4,3674.6,4625.0,4625.0,review_required,"available is preprocessing completeness, not validated detection readiness; no population cutoff calibrated"
2024-09-01T00:00:00.000,1123074,일원2동,5.184799999999999,3.26416,21.41248604974802,8.700455940621687,691.9144851287007,326.6695128021742,0.98684,0.966066666666667,0.95568,0.932133333333333,0.0,0.0,0.0,11.0,143.9,0.0,30,21,9,True,five_year,20,a2_age_features_v1,baseline,750.0,63.8,2,63.8,740.13,716.76,724.55,699.0999999999999,750.0,750.0,review_required,"available is preprocessing completeness, not validated detection readiness; no population cutoff calibrated"
2024-09-01T00:00:00.000,1123074,일원2동,8.856513089005235,4.221246073298429,26.31027619128804,10.019190252727991,949.0608951894825,465.84602338119294,0.982701570680628,0.97648167539267,0.926020942408377,0.922565445026178,0.0,0.0,0.0,11.0,143.9,0.0,30,21,9,True,five_year,25,a2_age_features_v1,baseline,955.0,93.53999999999999,2,93.53999999999999,938.48,884.35,932.54,881.05,955.0,955.0,review_required,"available is preprocessing completeness, not validated detection readiness; no population cutoff calibrated"
2024-09-01T00:00:00.000,1123074,일원2동,10.631692524682652,5.105239774330042,28.31130760859975,9.568313129782558,1001.8223811278483,469.19142013455513,0.959125528913963,0.956925246826516,0.930818053596615,0.926629055007052,0.0,0.0,0.0,11.0,143.9,0.0,30,21,9,True,five_year,30,a2_age_features_v1,baseline,1418.0,212.61,2,212.61,1360.04,1319.9,1356.92,1313.96,1418.0,1418.0,review_required,"available is preprocessing completeness, not validated detection readiness; no population cutoff calibrated"
2024-09-01T00:00:00.000,1123074,일원2동,13.813544715447154,5.983918699186991,28.29079109600453,10.004677768526228,1086.935778770345,467.65992508042825,0.97590243902439,0.961073170731707,0.92760162601626,0.92239837398374,0.0,0.0,0.0,11.0,143.9,0.0,30,21,9,True,five_year,35,a2_age_features_v1,baseline,1230.0,178.01,2,178.01,1200.3600000000001,1140.95,1182.12,1134.5500000000002,1230.0,1230.0,review_required,"available is preprocessing completeness, not validated detection readiness; no population cutoff calibrated"
2024-09-01T00:00:00.000,1123074,일원2동,14.707058823529412,6.617919655667144,26.047279521674138,9.372766615146832,1046.4866816143497,441.04434375,0.959827833572453,0.959827833572453,0.928263988522238,0.918220946915352,0.0,0.0,0.0,11.0,143.9,0.0,30,21,9,True,five_year,40,a2_age_features_v1,baseline,1394.0,129.44,2,129.44,1338.0,1294.0,1338.0,1280.0,1394.0,1394.0,review_required,"available is preprocessing completeness, not validated detection readiness; no population cutoff calibrated"
2024-09-01T00:00:00.000,1123074,일원2동,15.5071875,6.6353125,26.866241787122206,9.108997252747253,1064.871208935611,444.49038567493113,0.95125,0.95125,0.91,0.9075,0.0,0.0,0.0,11.0,143.9,0.0,30,21,9,True,five_year,45,a2_age_features_v1,baseline,1600.0,142.59,2,142.59,1522.0,1456.0,1522.0,1452.0,1600.0,1600.0,review_required,"available is preprocessing completeness, not validated detection readiness; no population cutoff calibrated"
2024-09-01T00:00:00.000,1123074,일원2동,16.22318607764391,6.357349397590361,28.035280898876408,9.186058394160584,1099.526595744681,461.390650887574,0.953145917001339,0.943775100401606,0.917001338688086,0.904953145917001,0.0,0.0,0.0,11.0,143.9,0.0,30,21,9,True,five_year,50,a2_age_features_v1,baseline,1494.0,143.28,2,143.28,1424.0,1370.0,1410.0,1352.0,1494.0,1494.0,review_required,"available is preprocessing completeness, not validated detection readiness; no population cutoff calibrated"
2024-09-01T00:00:00.000,1123074,일원2동,15.302465047829285,5.934554819720383,27.048491180440635,9.107626035802392,1092.4153716798567,471.8079744503429,0.964893303899926,0.960478292862399,0.930625459896983,0.910662251655629,0.0,0.0,0.0,11.0,143.9,0.0,30,21,9,True,five_year,55,a2_age_features_v1,baseline,1359.0,137.41,2,137.41,1311.29,1264.72,1305.29,1237.5900000000001,1359.0,1359.0,review_required,"available is preprocessing completeness, not validated detection readiness; no population cutoff calibrated"
2024-09-01T00:00:00.000,1123074,일원2동,15.118880187940487,5.355035238841034,23.892271582939625,8.471361667028436,920.7366810664034,425.8537139931557,0.95804228660924,0.951683633516053,0.901918559122944,0.871832419733751,0.0,0.0,0.0,11.0,143.9,0.0,30,21,9,True,five_year,60,a2_age_features_v1,baseline,1277.0,148.32,2,148.32,1223.42,1151.75,1215.3,1113.33,1277.0,1277.0,review_required,"available is preprocessing completeness, not validated detection readiness; no population cutoff calibrated"
2024-09-01T00:00:00.000,1123074,일원2동,12.51003466204506,4.263084922010399,20.96755474452555,7.65753507014028,689.2586592178772,318.48834033613446,0.949740034662045,0.930675909878683,0.864818024263432,0.824956672443674,0.0,0.0,0.0,11.0,143.9,0.0,30,21,9,True,five_year,65,a2_age_features_v1,baseline,1154.0,372.39,2,372.39,1096.0,998.0,1074.0,952.0,1154.0,1154.0,review_required,"available is preprocessing completeness, not validated detection readiness; no population cutoff calibrated"
2024-09-01T00:00:00.000,1123074,일원2동,11.775277777777777,3.965833333333333,18.764228329809725,7.192857142857143,603.318961038961,280.01616915422886,0.938492063492064,0.916666666666667,0.833333333333333,0.797619047619048,0.0,0.0,0.0,11.0,143.9,0.0,30,21,9,True,five_year,70,a2_age_features_v1,baseline,1008.0,328.61,2,328.61,946.0,840.0,924.0,804.0,1008.0,1008.0,review_required,"available is preprocessing completeness, not validated detection readiness; no population cutoff calibrated"
2024-09-01T00:00:00.000,1123074,일원2동,8.683907284768212,3.033807947019868,12.560567514677103,5.437372262773724,363.99358649789036,182.5467590027701,0.846026490066225,0.78476821192053,0.68046357615894,0.597682119205298,0.0,0.0,0.0,11.0,143.9,0.0,30,21,9,True,five_year,75,a2_age_features_v1,baseline,1208.0,642.26,2,642.26,1022.0,822.0,948.0,722.0,1208.0,1208.0,review_required,"available is preprocessing completeness, not validated detection readiness; no population cutoff calibrated"
2024-09-01T00:00:00.000,1123074,일원2동,7.241390029325513,3.800240469208211,24.150750501903357,9.42883980488536,836.6255830401485,404.2706675315635,0.984521994134897,0.971900293255132,0.939067448680352,0.926774193548387,0.0,0.0,0.0,11.0,143.9,0.0,30,21,9,True,service,20s,a2_age_features_v1,baseline,1705.0,157.34,4,157.34,1678.6100000000001,1601.1100000000001,1657.0900000000001,1580.15,1705.0,1705.0,review_required,"available is preprocessing completeness, not validated detection readiness; no population cutoff calibrated"
2024-09-01T00:00:00.000,1123074,일원2동,12.10966767371601,5.51338746223565,28.301689111076396,9.770629497937705,1041.4492675184324,468.48178132823637,0.966918429003021,0.958851963746224,0.929324018126888,0.924663897280967,0.0,0.0,0.0,11.0,143.9,0.0,30,21,9,True,service,30s,a2_age_features_v1,baseline,2648.0,390.62,4,390.62,2560.4,2460.85,2539.04,2448.51,2648.0,2648.0,review_required,"available is preprocessing completeness, not validated detection readiness; no population cutoff calibrated"
2024-09-01T00:00:00.000,1123074,일원2동,15.134649298597195,6.627214428857714,26.483104895104898,9.233112727272726,1056.2703356643356,442.87584187408487,0.955243820975284,0.955243820975284,0.918503674014696,0.9124916499666,0.0,0.0,0.0,11.0,143.9,0.0,30,21,9,True,service,40s,a2_age_features_v1,baseline,2994.0,272.03,4,272.03,2860.0,2750.0,2860.0,2732.0,2994.0,2994.0,review_required,"available is preprocessing completeness, not validated detection readiness; no population cutoff calibrated"
2024-09-01T00:00:00.000,1123074,일원2동,15.784609183315807,6.155955134945671,27.56221680333712,9.14840924272788,1096.108099134899,466.3691901420688,0.958741675429373,0.951731510690501,0.923491062039958,0.907672625306695,0.0,0.0,0.0,11.0,143.9,0.0,30,21,9,True,service,50s,a2_age_features_v1,baseline,2853.0,280.69,4,280.69,2735.29,2634.7200000000003,2715.29,2589.59,2853.0,2853.0,review_required,"available is preprocessing completeness, not validated detection readiness; no population cutoff calibrated"
2024-09-01T00:00:00.000,1123074,일원2동,12.072956746287929,4.179122014202711,19.311983174030072,7.322261638355086,663.6790734866509,315.829616158916,0.922621045836023,0.895480955455132,0.820260383042823,0.772827630729503,0.0,0.0,0.0,11.0,143.9,0.0,30,21,9,True,service,60plus,a2_age_features_v1,baseline,4647.0,1491.58,8,1491.58,4287.42,3811.75,4161.3,3591.33,4647.0,4647.0,review_required,"available is preprocessing completeness, not validated detection readiness; no population cutoff calibrated"
2024-10-01T00:00:00.000,1123074,일원2동,5.047165775401069,3.194919786096257,30.793815647433476,15.28521300402257,1060.9167461767033,616.355734939759,0.990748663101604,0.980828877005348,0.973783422459893,0.970922459893048,0.0,0.0,0.0,6.0,74.0,0.0,31,23,8,True,five_year,20,a2_age_features_v1,baseline,748.0,62.65,2,62.65,741.0799999999999,728.39,733.6600000000001,726.25,748.0,748.0,review_required,"available is preprocessing completeness, not validated detection readiness; no population cutoff calibrated"
2024-10-01T00:00:00.000,1123074,일원2동,8.897288842544317,4.366976016684046,34.24012448485363,17.15766305116461,1275.1050769429162,811.1898035503725,0.981730969760167,0.970344108446298,0.958488008342023,0.96393117831074,0.0,0.0,0.0,6.0,74.0,0.0,31,23,8,True,five_year,25,a2_age_features_v1,baseline,959.0,93.53,2,93.53,941.48,919.19,930.56,924.4100000000001,959.0,959.0,review_required,"available is preprocessing completeness, not validated detection readiness; no population cutoff calibrated"
2024-10-01T00:00:00.000,1123074,일원2동,10.571085876508162,5.182853087295955,36.48725752311407,17.392164741560002,1386.7964765276784,900.4778165276724,0.964144783534422,0.960163236337828,0.954847409510291,0.954847409510291,0.0,0.0,0.0,6.0,74.0,0.0,31,23,8,True,five_year,30,a2_age_features_v1,baseline,1409.0,209.38,2,209.38,1358.48,1345.38,1352.87,1345.38,1409.0,1409.0,review_required,"available is preprocessing completeness, not validated detection readiness; no population cutoff calibrated"
2024-10-01T00:00:00.000,1123074,일원2동,13.525367047308318,5.874730831973899,36.13494159446278,18.022628585558852,1425.3183083756774,885.1211729663106,0.973393148450245,0.969559543230016,0.956574225122349,0.952952691680261,0.0,0.0,0.0,6.0,74.0,0.0,31,23,8,True,five_year,35,a2_age_features_v1,baseline,1226.0,174.79,2,174.79,1193.38,1172.76,1188.6799999999998,1168.32,1226.0,1226.0,review_required,"available is preprocessing completeness, not validated detection readiness; no population cutoff calibrated"
2024-10-01T00:00:00.000,1123074,일원2동,14.79721985815603,6.521829787234042,34.24765306122449,16.8668,1377.1493768115943,846.0375784753362,0.973049645390071,0.978723404255319,0.957446808510638,0.948936170212766,0.0,0.0,0.0,6.0,74.0,0.0,31,23,8,True,five_year,40,a2_age_features_v1,baseline,1410.0,130.26,2,130.26,1372.0,1350.0,1380.0,1338.0,1410.0,1410.0,review_required,"available is preprocessing completeness, not validated detection readiness; no population cutoff calibrated"
2024-10-01T00:00:00.000,1123074,일원2동,14.959793814432988,6.6359793814433,35.537825503355705,16.06710242587601,1396.4343048128344,819.2683582089553,0.960051546391753,0.963917525773196,0.956185567010309,0.949742268041237,0.0,0.0,0.0,6.0,74.0,0.0,31,23,8,True,five_year,45,a2_age_features_v1,baseline,1552.0,139.51,2,139.51,1490.0,1484.0,1496.0,1474.0,1552.0,1552.0,review_required,"available is preprocessing completeness, not validated detection readiness; no population cutoff calibrated"
2024-10-01T00:00:00.000,1123074,일원2동,15.688513513513513,6.216891891891892,36.93767605633803,16.638359486447932,1450.5385472496473,875.7016690442225,0.959459459459459,0.958108108108108,0.947297297297297,0.947297297297297,0.0,0.0,0.0,6.0,74.0,0.0,31,23,8,True,five_year,50,a2_age_features_v1,baseline,1480.0,143.51,2,143.51,1420.0,1402.0,1418.0,1402.0,1480.0,1480.0,review_required,"available is preprocessing completeness, not validated detection readiness; no population cutoff calibrated"
2024-10-01T00:00:00.000,1123074,일원2동,15.151451612903227,5.924032258064516,35.03958030840973,16.53878630721311,1472.1121813572006,949.2379698134173,0.968453079178886,0.960014662756598,0.955615835777126,0.950102639296188,0.0,0.0,0.0,6.0,74.0,0.0,31,23,8,True,five_year,55,a2_age_features_v1,baseline,1364.0,139.11,2,139.11,1320.97,1303.46,1309.46,1295.94,1364.0,1364.0,review_required,"available is preprocessing completeness, not validated detection readiness; no population cutoff calibrated"
2024-10-01T00:00:00.000,1123074,일원2동,14.906115830115832,5.359830115830116,31.269068484780266,15.38722539989511,1243.9580680030817,802.2319636652682,0.960447876447876,0.962254826254826,0.942332046332046,0.942332046332046,0.0,0.0,0.0,6.0,74.0,0.0,31,23,8,True,five_year,60,a2_age_features_v1,baseline,1295.0,148.8,2,148.8,1243.78,1220.3200000000002,1246.12,1220.3200000000002,1295.0,1295.0,review_required,"available is preprocessing completeness, not validated detection readiness; no population cutoff calibrated"
2024-10-01T00:00:00.000,1123074,일원2동,12.465759717314489,4.343321554770317,27.67297247706422,13.595152091254754,974.2207182320442,607.8316098484847,0.962897526501767,0.959363957597173,0.929328621908127,0.932862190812721,0.0,0.0,0.0,6.0,74.0,0.0,31,23,8,True,five_year,65,a2_age_features_v1,baseline,1132.0,364.74,2,364.74,1090.0,1052.0,1086.0,1056.0,1132.0,1132.0,review_required,"available is preprocessing completeness, not validated detection readiness; no population cutoff calibrated"
2024-10-01T00:00:00.000,1123074,일원2동,11.708224489795919,4.046102040816327,24.727741935483873,12.702527964205817,853.3175324675325,550.7445515695067,0.948979591836735,0.942857142857143,0.912244897959184,0.910204081632653,0.0,0.0,0.0,6.0,74.0,0.0,31,23,8,True,five_year,70,a2_age_features_v1,baseline,980.0,321.1,2,321.1,930.0,894.0,924.0,892.0,980.0,980.0,review_required,"available is preprocessing completeness, not validated detection readiness; no population cutoff calibrated"
2024-10-01T00:00:00.000,1123074,일원2동,8.792763157894736,3.108947368421053,16.45073170731707,8.86032719836401,494.7474319066148,319.7608528784648,0.876644736842105,0.845394736842105,0.804276315789474,0.771381578947368,0.0,0.0,0.0,6.0,74.0,0.0,31,23,8,True,five_year,75,a2_age_features_v1,baseline,1216.0,690.89,2,690.89,1066.0,978.0,1028.0,938.0,1216.0,1216.0,review_required,"available is preprocessing completeness, not validated detection readiness; no population cutoff calibrated"
2024-10-01T00:00:00.000,1123074,일원2동,7.210181605155244,3.853386057410662,32.72220503280715,16.32985870185363,1180.681616853541,725.4675819369222,0.985682483889865,0.97493848857645,0.965190392501464,0.966994727592267,0.0,0.0,0.0,6.0,74.0,0.0,31,23,8,True,service,20s,a2_age_features_v1,baseline,1707.0,156.18,4,156.18,1682.56,1647.58,1664.22,1650.66,1707.0,1707.0,review_required,"available is preprocessing completeness, not validated detection readiness; no population cutoff calibrated"
2024-10-01T00:00:00.000,1123074,일원2동,11.945639468690702,5.50476660341556,36.32249661031561,17.68578732715417,1404.813092797702,893.3403403747463,0.968447817836812,0.964535104364326,0.955650853889943,0.953965844402277,0.0,0.0,0.0,6.0,74.0,0.0,31,23,8,True,service,30s,a2_age_features_v1,baseline,2635.0,384.17,4,384.17,2551.86,2518.14,2541.55,2513.7,2635.0,2635.0,review_required,"available is preprocessing completeness, not validated detection readiness; no population cutoff calibrated"
2024-10-01T00:00:00.000,1123074,일원2동,14.882403781228897,6.581640783254557,34.91933612858141,16.448045165843332,1387.1807579972187,832.0056330014224,0.966239027683997,0.970965563808238,0.956785955435517,0.949358541525996,0.0,0.0,0.0,6.0,74.0,0.0,31,23,8,True,service,40s,a2_age_features_v1,baseline,2962.0,269.77,4,269.77,2862.0,2834.0,2876.0,2812.0,2962.0,2962.0,review_required,"available is preprocessing completeness, not validated detection readiness; no population cutoff calibrated"
2024-10-01T00:00:00.000,1123074,일원2동,15.430935302390997,6.076434599156118,36.02291685060398,16.590386255941684,1460.8961000344643,911.0244092159203,0.963772855133615,0.959022503516174,0.951286919831224,0.948642756680731,0.0,0.0,0.0,6.0,74.0,0.0,31,23,8,True,service,50s,a2_age_features_v1,baseline,2844.0,282.62,4,282.62,2740.9700000000003,2705.46,2727.46,2697.94,2844.0,2844.0,review_required,"available is preprocessing completeness, not validated detection readiness; no population cutoff calibrated"
2024-10-01T00:00:00.000,1123074,일원2동,12.022651957603289,4.240380705169803,25.310445796322217,12.812934063971895,911.5502104749635,587.3993526807459,0.936573653471772,0.926696950032446,0.896456846203764,0.888237075492105,0.0,0.0,0.0,6.0,74.0,0.0,31,23,8,True,service,60plus,a2_age_features_v1,baseline,4623.0,1525.53,8,1525.53,4329.78,4144.32,4284.12,4106.32,4623.0,4623.0,review_required,"available is preprocessing completeness, not validated detection readiness; no population cutoff calibrated"
2024-11-01T00:00:00.000,1123074,일원2동,5.019422043010753,3.315752688172043,32.20472001640128,14.530131726573863,1074.1715552660858,567.0455618466298,0.983400537634409,0.990564516129032,0.970362903225806,0.973293010752688,0.0,0.0,0.0,6.0,60.0,4.0,30,21,9,True,five_year,20,a2_age_features_v1,baseline,744.0,61.910000000000004,2,61.910000000000004,731.65,721.95,736.98,724.13,744.0,744.0,review_required,"available is preprocessing completeness, not validated detection readiness; no population cutoff calibrated"
2024-11-01T00:00:00.000,1123074,일원2동,8.298423236514523,4.259502074688797,34.445494519433026,16.624714316492515,1213.2556318868326,745.8466759441636,0.981400414937759,0.975311203319502,0.962966804979253,0.969045643153527,0.0,0.0,0.0,6.0,60.0,4.0,30,21,9,True,five_year,25,a2_age_features_v1,baseline,964.0,91.6,2,91.6,946.07,928.3,940.2,934.1600000000001,964.0,964.0,review_required,"available is preprocessing completeness, not validated detection readiness; no population cutoff calibrated"
2024-11-01T00:00:00.000,1123074,일원2동,10.839864382583869,5.432655246252676,36.12374738197615,16.737687541987015,1294.9878947017905,839.2172172385025,0.964461099214847,0.964596716630978,0.956245538900785,0.966745182012848,0.0,0.0,0.0,6.0,60.0,4.0,30,21,9,True,five_year,30,a2_age_features_v1,baseline,1401.0,209.51,2,209.51,1351.21,1339.7,1351.4,1354.4099999999999,1401.0,1401.0,review_required,"available is preprocessing completeness, not validated detection readiness; no population cutoff calibrated"
2024-11-01T00:00:00.000,1123074,일원2동,13.892923832923831,6.181597051597051,35.609729682493445,17.267852543740666,1383.362141248378,837.4683771831714,0.984070434070434,0.978173628173628,0.953988533988534,0.951924651924652,0.0,0.0,0.0,6.0,60.0,4.0,30,21,9,True,five_year,35,a2_age_features_v1,baseline,1221.0,170.76999999999998,2,170.76999999999998,1201.55,1164.82,1194.35,1162.3,1221.0,1221.0,review_required,"available is preprocessing completeness, not validated detection readiness; no population cutoff calibrated"
2024-11-01T00:00:00.000,1123074,일원2동,14.706392215568862,6.606991017964072,34.6297076923077,16.44215748031496,1319.7934615384615,797.4704430379746,0.973053892215569,0.973053892215569,0.95059880239521,0.946107784431138,0.0,0.0,0.0,6.0,60.0,4.0,30,21,9,True,five_year,40,a2_age_features_v1,baseline,1336.0,124.38999999999999,2,124.38999999999999,1300.0,1270.0,1300.0,1264.0,1336.0,1336.0,review_required,"available is preprocessing completeness, not validated detection readiness; no population cutoff calibrated"
2024-11-01T00:00:00.000,1123074,일원2동,15.109163179916319,6.828326359832635,35.403666666666666,15.803456425406205,1366.7153757225433,781.439970501475,0.96234309623431,0.96513249651325,0.944211994421199,0.94560669456067,0.0,0.0,0.0,6.0,60.0,4.0,30,21,9,True,five_year,45,a2_age_features_v1,baseline,1434.0,127.95,2,127.95,1380.0,1354.0,1384.0,1356.0,1434.0,1434.0,review_required,"available is preprocessing completeness, not validated detection readiness; no population cutoff calibrated"
2024-11-01T00:00:00.000,1123074,일원2동,15.697577464788733,6.265971830985916,36.710627737226275,15.931931649331354,1430.621411764706,839.1388622754491,0.964788732394366,0.957746478873239,0.947887323943662,0.940845070422535,0.0,0.0,0.0,6.0,60.0,4.0,30,21,9,True,five_year,50,a2_age_features_v1,baseline,1420.0,138.76,2,138.76,1370.0,1346.0,1360.0,1336.0,1420.0,1420.0,review_required,"available is preprocessing completeness, not validated detection readiness; no population cutoff calibrated"
2024-11-01T00:00:00.000,1123074,일원2동,14.950797546012273,5.895138036809816,34.48281865676339,15.76746980190047,1414.8975629425804,904.2378759169444,0.974662576687117,0.967078220858896,0.952300613496932,0.950283742331288,0.0,0.0,0.0,6.0,60.0,4.0,30,21,9,True,five_year,55,a2_age_features_v1,baseline,1304.0,134.24,2,134.24,1270.96,1241.8,1261.0700000000002,1239.17,1304.0,1304.0,review_required,"available is preprocessing completeness, not validated detection readiness; no population cutoff calibrated"
2024-11-01T00:00:00.000,1123074,일원2동,14.517440974866718,5.374051789794364,31.413199499517845,15.103036792123282,1291.061363062786,801.7376898734176,0.955666412795126,0.941553693830922,0.937524752475248,0.931393754760092,0.0,0.0,0.0,6.0,60.0,4.0,30,21,9,True,five_year,60,a2_age_features_v1,baseline,1313.0,148.93,2,148.93,1254.79,1230.97,1236.26,1222.92,1313.0,1313.0,review_required,"available is preprocessing completeness, not validated detection readiness; no population cutoff calibrated"
2024-11-01T00:00:00.000,1123074,일원2동,12.578140350877192,4.485824561403509,27.91774368231047,13.567129455909946,1033.0276459854015,656.4667164179106,0.971929824561404,0.96140350877193,0.935087719298246,0.940350877192982,0.0,0.0,0.0,6.0,60.0,4.0,30,21,9,True,five_year,65,a2_age_features_v1,baseline,1140.0,371.52,2,371.52,1108.0,1066.0,1096.0,1072.0,1140.0,1140.0,review_required,"available is preprocessing completeness, not validated detection readiness; no population cutoff calibrated"
2024-11-01T00:00:00.000,1123074,일원2동,11.72953722334004,3.975774647887324,24.764838709677424,12.451704035874439,866.8133766233767,554.2754054054054,0.935613682092555,0.929577464788732,0.89738430583501,0.893360160965795,0.0,0.0,0.0,6.0,60.0,4.0,30,21,9,True,five_year,70,a2_age_features_v1,baseline,994.0,330.25,2,330.25,930.0,892.0,924.0,888.0,994.0,994.0,review_required,"available is preprocessing completeness, not validated detection readiness; no population cutoff calibrated"
2024-11-01T00:00:00.000,1123074,일원2동,8.87440065681445,3.118522167487685,16.160756457564577,8.545,487.81590909090914,317.5231492842535,0.889983579638752,0.866995073891626,0.824302134646962,0.80295566502463,0.0,0.0,0.0,6.0,60.0,4.0,30,21,9,True,five_year,75,a2_age_features_v1,baseline,1218.0,648.89,2,648.89,1084.0,1004.0,1056.0,978.0,1218.0,1218.0,review_required,"available is preprocessing completeness, not validated detection readiness; no population cutoff calibrated"
2024-11-01T00:00:00.000,1123074,일원2동,6.870099531615925,3.848407494145199,33.468297689721766,15.708378063929707,1152.1398406253356,667.7691076349734,0.982271662763466,0.98195550351288,0.966188524590164,0.970895784543326,0.0,0.0,0.0,6.0,60.0,4.0,30,21,9,True,service,20s,a2_age_features_v1,baseline,1708.0,153.51,4,153.51,1677.72,1650.25,1677.1799999999998,1658.29,1708.0,1708.0,review_required,"available is preprocessing completeness, not validated detection readiness; no population cutoff calibrated"
2024-11-01T00:00:00.000,1123074,일원2동,12.261598016781083,5.781418764302059,35.88180612356821,16.984260457093573,1336.4490677796327,838.4095450012118,0.973592677345538,0.970919145690313,0.955194508009153,0.959843630816171,0.0,0.0,0.0,6.0,60.0,4.0,30,21,9,True,service,30s,a2_age_features_v1,baseline,2622.0,380.28,4,380.28,2552.76,2504.52,2545.75,2516.71,2622.0,2622.0,review_required,"available is preprocessing completeness, not validated detection readiness; no population cutoff calibrated"
2024-11-01T00:00:00.000,1123074,일원2동,14.914902527075812,6.721574007220218,35.028238805970155,16.112583841463415,1343.9886661698956,789.1737557251907,0.967509025270758,0.968953068592058,0.947292418772563,0.945848375451264,0.0,0.0,0.0,6.0,60.0,4.0,30,21,9,True,service,40s,a2_age_features_v1,baseline,2770.0,252.33999999999997,4,252.33999999999997,2680.0,2624.0,2684.0,2620.0,2770.0,2770.0,review_required,"available is preprocessing completeness, not validated detection readiness; no population cutoff calibrated"
2024-11-01T00:00:00.000,1123074,일원2동,15.340088105726876,6.08845080763583,35.638496304374165,15.853011824715974,1423.0562288302103,870.4644620355161,0.969515418502203,0.962213656387665,0.95,0.945363436123348,0.0,0.0,0.0,6.0,60.0,4.0,30,21,9,True,service,50s,a2_age_features_v1,baseline,2724.0,273.0,4,273.0,2640.96,2587.8,2621.07,2575.17,2724.0,2724.0,review_required,"available is preprocessing completeness, not validated detection readiness; no population cutoff calibrated"
2024-11-01T00:00:00.000,1123074,일원2동,11.97613290460879,4.270150053590568,25.338064791776624,12.578207141954268,937.8736395068943,597.6869480066908,0.938218649517685,0.924385852090032,0.898814576634512,0.891944265809218,0.0,0.0,0.0,6.0,60.0,4.0,30,21,9,True,service,60plus,a2_age_features_v1,baseline,4665.0,1499.5900000000001,8,1499.5900000000001,4376.79,4192.97,4312.26,4160.92,4665.0,4665.0,review_required,"available is preprocessing completeness, not validated detection readiness; no population cutoff calibrated"
2024-12-01T00:00:00.000,1123074,일원2동,5.289026548672567,3.296371681415929,33.23481143929874,13.471725360723894,1109.6499762312085,477.0620666811807,0.974233038348082,0.974233038348082,0.964955752212389,0.948466076696165,0.0,0.0,0.0,5.0,5.7,7.0,31,22,9,True,five_year,20,a2_age_features_v1,baseline,678.0,56.32,2,56.32,660.53,654.24,660.53,643.06,678.0,678.0,review_required,"available is preprocessing completeness, not validated detection readiness; no population cutoff calibrated"
2024-12-01T00:00:00.000,1123074,일원2동,9.083683527885864,4.595966277561608,37.51792629806793,15.395062687890501,1316.9793403490075,662.2390032499724,0.970713359273671,0.97367055771725,0.936225680933852,0.941841763942931,0.0,0.0,0.0,5.0,5.7,7.0,31,22,9,True,five_year,25,a2_age_features_v1,baseline,771.0,76.16,2,76.16,748.4200000000001,721.83,750.7,726.1600000000001,771.0,771.0,review_required,"available is preprocessing completeness, not validated detection readiness; no population cutoff calibrated"
2024-12-01T00:00:00.000,1123074,일원2동,10.819020979020978,5.34361013986014,38.72011120226051,15.371990463629908,1389.2585167799919,725.5421811633117,0.959003496503496,0.959038461538461,0.947788461538462,0.944073426573426,0.0,0.0,0.0,5.0,5.7,7.0,31,22,9,True,five_year,30,a2_age_features_v1,baseline,1144.0,168.71,2,168.71,1097.1,1084.27,1097.1399999999999,1080.02,1144.0,1144.0,review_required,"available is preprocessing completeness, not validated detection readiness; no population cutoff calibrated"
2024-12-01T00:00:00.000,1123074,일원2동,14.107692307692307,6.25025641025641,38.07058510638298,15.561934306569341,1436.3007473309608,699.1457038391225,0.964102564102564,0.960683760683761,0.936752136752137,0.935042735042735,0.0,0.0,0.0,5.0,5.7,7.0,31,22,9,True,five_year,35,a2_age_features_v1,baseline,1170.0,163.27,2,163.27,1128.0,1096.0,1124.0,1094.0,1170.0,1170.0,review_required,"available is preprocessing completeness, not validated detection readiness; no population cutoff calibrated"
2024-12-01T00:00:00.000,1123074,일원2동,14.999391069012178,6.822936400541272,36.67892351274787,14.87772463768116,1369.52,672.9161337209302,0.955345060893099,0.964817320703654,0.933694181326116,0.930987821380244,0.0,0.0,0.0,5.0,5.7,7.0,31,22,9,True,five_year,40,a2_age_features_v1,baseline,1478.0,136.19,2,136.19,1412.0,1380.0,1426.0,1376.0,1478.0,1478.0,review_required,"available is preprocessing completeness, not validated detection readiness; no population cutoff calibrated"
2024-12-01T00:00:00.000,1123074,일원2동,15.513014230271668,6.928111254851229,37.74994572591587,14.519025069637882,1469.5497162162162,680.9849171270718,0.953428201811126,0.957309184993532,0.928848641655886,0.936610608020699,0.0,0.0,0.0,5.0,5.7,7.0,31,22,9,True,five_year,45,a2_age_features_v1,baseline,1546.0,135.82999999999998,2,135.82999999999998,1474.0,1436.0,1480.0,1448.0,1546.0,1546.0,review_required,"available is preprocessing completeness, not validated detection readiness; no population cutoff calibrated"
2024-12-01T00:00:00.000,1123074,일원2동,15.99248331108144,6.369986648865154,39.040506329113924,14.673131313131313,1479.1283497884344,682.8549567723343,0.949265687583444,0.946595460614152,0.925233644859813,0.926568758344459,0.0,0.0,0.0,5.0,5.7,7.0,31,22,9,True,five_year,50,a2_age_features_v1,baseline,1498.0,147.41,2,147.41,1422.0,1386.0,1418.0,1388.0,1498.0,1498.0,review_required,"available is preprocessing completeness, not validated detection readiness; no population cutoff calibrated"
2024-12-01T00:00:00.000,1123074,일원2동,15.854114754098362,5.976147540983606,38.5535593220339,14.971478873239436,1649.6322657580918,815.4798260869566,0.967213114754098,0.962295081967213,0.931147540983606,0.942622950819672,0.0,0.0,0.0,5.0,5.7,7.0,31,22,9,True,five_year,55,a2_age_features_v1,baseline,1220.0,125.95,2,125.95,1180.0,1136.0,1174.0,1150.0,1220.0,1220.0,review_required,"available is preprocessing completeness, not validated detection readiness; no population cutoff calibrated"
2024-12-01T00:00:00.000,1123074,일원2동,15.326498719043554,5.464201537147737,33.9438173239562,14.15609819451153,1347.0962820616558,722.8197606796025,0.959265584970111,0.949880444064902,0.936985482493595,0.912775405636208,0.0,0.0,0.0,5.0,5.7,7.0,31,22,9,True,five_year,60,a2_age_features_v1,baseline,1171.0,133.92000000000002,2,133.92000000000002,1123.3,1097.21,1112.31,1068.8600000000001,1171.0,1171.0,review_required,"available is preprocessing completeness, not validated detection readiness; no population cutoff calibrated"
2024-12-01T00:00:00.000,1123074,일원2동,12.506518282988871,4.388163751987281,29.05417500040918,12.524891218233893,1047.9246271154148,591.4604336842107,0.971335453100159,0.959626391096979,0.913060413354531,0.906200317965024,0.0,0.0,0.0,5.0,5.7,7.0,31,22,9,True,five_year,65,a2_age_features_v1,baseline,1258.0,403.77,2,403.77,1221.94,1148.63,1207.21,1140.0,1258.0,1258.0,review_required,"available is preprocessing completeness, not validated detection readiness; no population cutoff calibrated"
2024-12-01T00:00:00.000,1123074,일원2동,11.955844443374886,4.023963998652357,25.79949193017128,11.329176040158107,918.6342334844866,485.79032749730857,0.935187948211965,0.914925157626221,0.88402560523656,0.84944890985224,0.0,0.0,0.0,5.0,5.7,7.0,31,22,9,True,five_year,70,a2_age_features_v1,baseline,1038.85,344.36,2,344.36,971.52,918.37,950.47,882.45,1038.85,1038.85,review_required,"available is preprocessing completeness, not validated detection readiness; no population cutoff calibrated"
2024-12-01T00:00:00.000,1123074,일원2동,8.801551230231919,3.155190519169642,16.74028693889995,8.113999310498672,505.2471408557155,295.6201109612288,0.875265863516854,0.851501000667111,0.774021896950908,0.721453518031629,0.0,0.0,0.0,5.0,5.7,7.0,31,22,9,True,five_year,75,a2_age_features_v1,baseline,1274.15,695.46,2,695.46,1115.22,986.22,1084.94,919.24,1274.15,1274.15,review_required,"available is preprocessing completeness, not validated detection readiness; no population cutoff calibrated"
2024-12-01T00:00:00.000,1123074,일원2동,7.308129744651484,3.987874396135266,35.50995876361829,14.48062940112058,1219.9382734210583,575.2698669315376,0.972360248447205,0.973933747412008,0.949668737060042,0.944941338854382,0.0,0.0,0.0,5.0,5.7,7.0,31,22,9,True,service,20s,a2_age_features_v1,baseline,1449.0,132.48,4,132.48,1408.95,1376.0700000000002,1411.23,1369.22,1449.0,1449.0,review_required,"available is preprocessing completeness, not validated detection readiness; no population cutoff calibrated"
2024-12-01T00:00:00.000,1123074,일원2동,12.481832324978392,5.802026793431288,38.39083816457688,15.467473340457834,1413.0640702972344,712.2590714436849,0.961581676750216,0.959870354364736,0.942208297320657,0.939507346585998,0.0,0.0,0.0,5.0,5.7,7.0,31,22,9,True,service,30s,a2_age_features_v1,baseline,2314.0,331.98,4,331.98,2225.1,2180.27,2221.14,2174.02,2314.0,2314.0,review_required,"available is preprocessing completeness, not validated detection readiness; no population cutoff calibrated"
2024-12-01T00:00:00.000,1123074,일원2동,15.261977513227514,6.87670634920635,37.22593901593901,14.694808238636364,1420.4642463867858,677.0533852691217,0.954365079365079,0.960978835978836,0.931216931216931,0.933862433862434,0.0,0.0,0.0,5.0,5.7,7.0,31,22,9,True,service,40s,a2_age_features_v1,baseline,3024.0,272.02,4,272.02,2886.0,2816.0,2906.0,2824.0,3024.0,3024.0,review_required,"available is preprocessing completeness, not validated detection readiness; no population cutoff calibrated"
2024-12-01T00:00:00.000,1123074,일원2동,15.930375275938188,6.193208241353936,38.81967717140661,14.80751784298176,1556.355046296296,742.9489676910954,0.957321559970566,0.95364238410596,0.927888153053716,0.933774834437086,0.0,0.0,0.0,5.0,5.7,7.0,31,22,9,True,service,50s,a2_age_features_v1,baseline,2718.0,273.36,4,273.36,2602.0,2522.0,2592.0,2538.0,2718.0,2718.0,review_required,"available is preprocessing completeness, not validated detection readiness; no population cutoff calibrated"
2024-12-01T00:00:00.000,1123074,일원2동,12.086747258540699,4.242802825811894,26.48147640557945,11.643430222892567,960.9226480104157,535.410237772874,0.934622522142556,0.91837410375369,0.875248840151835,0.845750738085196,0.0,0.0,0.0,5.0,5.7,7.0,31,22,9,True,service,60plus,a2_age_features_v1,baseline,4742.0,1577.51,8,1577.51,4431.98,4150.43,4354.93,4010.55,4742.0,4742.0,review_required,"available is preprocessing completeness, not validated detection readiness; no population cutoff calibrated"
2025-01-01T00:00:00.000,1123074,일원2동,5.064810495626822,3.124169096209913,29.314554648398865,14.05905791859212,971.9717032045434,600.9955874905602,0.987361516034985,0.990758017492712,0.987361516034985,0.984446064139942,0.0,0.0,0.0,9.0,19.5,13.0,31,23,8,True,five_year,20,a2_age_features_v1,baseline,686.0,58.4,2,58.4,677.3299999999999,677.3299999999999,679.6600000000001,675.3299999999999,686.0,686.0,review_required,"available is preprocessing completeness, not validated detection readiness; no population cutoff calibrated"
2025-01-01T00:00:00.000,1123074,일원2동,7.848897535667963,4.150142671854734,34.69499097377084,15.721715779660329,1150.4301709356193,699.9040390986054,0.977120622568093,0.974267185473411,0.959961089494163,0.951400778210117,0.0,0.0,0.0,9.0,19.5,13.0,31,23,8,True,five_year,25,a2_age_features_v1,baseline,771.0,72.28999999999999,2,72.28999999999999,753.36,740.13,751.1600000000001,733.53,771.0,771.0,review_required,"available is preprocessing completeness, not validated detection readiness; no population cutoff calibrated"
2025-01-01T00:00:00.000,1123074,일원2동,10.387552447552448,5.303400349650349,36.398748053225496,15.669376084939891,1261.8547103908102,754.7865104542176,0.959763986013986,0.955743006993007,0.951722027972028,0.945681818181818,0.0,0.0,0.0,9.0,19.5,13.0,31,23,8,True,five_year,30,a2_age_features_v1,baseline,1144.0,169.31,2,169.31,1097.97,1088.77,1093.37,1081.8600000000001,1144.0,1144.0,review_required,"available is preprocessing completeness, not validated detection readiness; no population cutoff calibrated"
2025-01-01T00:00:00.000,1123074,일원2동,13.121764705882354,5.888184873949579,36.77326324516453,15.604393513571756,1302.19896017796,694.7397788092219,0.952781512605042,0.959521008403361,0.935890756302521,0.934210084033614,0.0,0.0,0.0,9.0,19.5,13.0,31,23,8,True,five_year,35,a2_age_features_v1,baseline,1190.0,166.37,2,166.37,1133.81,1113.71,1141.83,1111.71,1190.0,1190.0,review_required,"available is preprocessing completeness, not validated detection readiness; no population cutoff calibrated"
2025-01-01T00:00:00.000,1123074,일원2동,14.795094066570188,6.759811866859623,35.50633221056106,15.678598944631622,1277.0758624027374,727.905425944794,0.964551374819103,0.964348769898698,0.94068017366136,0.93034008683068,0.0,0.0,0.0,9.0,19.5,13.0,31,23,8,True,five_year,40,a2_age_features_v1,baseline,1382.0,132.8,2,132.8,1333.01,1300.02,1332.73,1285.73,1382.0,1382.0,review_required,"available is preprocessing completeness, not validated detection readiness; no population cutoff calibrated"
2025-01-01T00:00:00.000,1123074,일원2동,14.821193838254173,6.84152759948652,34.88820239680426,14.473133514986374,1286.6051001335113,725.7180437756498,0.96405648267009,0.961489088575096,0.942233632862644,0.938382541720154,0.0,0.0,0.0,9.0,19.5,13.0,31,23,8,True,five_year,45,a2_age_features_v1,baseline,1558.0,146.45,2,146.45,1502.0,1468.0,1498.0,1462.0,1558.0,1558.0,review_required,"available is preprocessing completeness, not validated detection readiness; no population cutoff calibrated"
2025-01-01T00:00:00.000,1123074,일원2동,15.63128342245989,6.589679144385027,36.468983050847456,14.952167630057806,1319.865720338983,717.8873237410071,0.946524064171123,0.946524064171123,0.925133689839572,0.929144385026738,0.0,0.0,0.0,9.0,19.5,13.0,31,23,8,True,five_year,50,a2_age_features_v1,baseline,1496.0,152.86,2,152.86,1416.0,1384.0,1416.0,1390.0,1496.0,1496.0,review_required,"available is preprocessing completeness, not validated detection readiness; no population cutoff calibrated"
2025-01-01T00:00:00.000,1123074,일원2동,15.658666666666667,5.990666666666668,36.957853658536585,14.848807947019868,1455.5355048859935,754.2640863787375,0.953488372093023,0.951937984496124,0.936434108527132,0.933333333333333,0.0,0.0,0.0,9.0,19.5,13.0,31,23,8,True,five_year,55,a2_age_features_v1,baseline,1290.0,135.92000000000002,2,135.92000000000002,1230.0,1208.0,1228.0,1204.0,1290.0,1290.0,review_required,"available is preprocessing completeness, not validated detection readiness; no population cutoff calibrated"
2025-01-01T00:00:00.000,1123074,일원2동,15.358642186165671,5.872997438087105,32.51891732688779,13.695443181818181,1242.1661077433787,652.1318648880366,0.953928266438941,0.9466780529462,0.931853116994022,0.926327924850555,0.0,0.0,0.0,9.0,19.5,13.0,31,23,8,True,five_year,60,a2_age_features_v1,baseline,1171.0,140.01999999999998,2,140.01999999999998,1117.05,1091.2,1108.56,1084.73,1171.0,1171.0,review_required,"available is preprocessing completeness, not validated detection readiness; no population cutoff calibrated"
2025-01-01T00:00:00.000,1123074,일원2동,12.990214626391095,4.498163751987282,28.257234628020615,12.323319729745847,933.8351207245979,499.1788911190038,0.953306836248013,0.953108108108108,0.932996820349762,0.910914149443561,0.0,0.0,0.0,9.0,19.5,13.0,31,23,8,True,five_year,65,a2_age_features_v1,baseline,1258.0,416.69,2,416.69,1199.26,1173.71,1199.01,1145.93,1258.0,1258.0,review_required,"available is preprocessing completeness, not validated detection readiness; no population cutoff calibrated"
2025-01-01T00:00:00.000,1123074,일원2동,11.518218181818183,4.247672727272727,25.01242718446602,10.874832635983264,792.908514056225,436.31272340425534,0.936363636363636,0.905454545454545,0.869090909090909,0.854545454545454,0.0,0.0,0.0,9.0,19.5,13.0,31,23,8,True,five_year,70,a2_age_features_v1,baseline,1100.0,361.14,2,361.14,1030.0,956.0,996.0,940.0,1100.0,1100.0,review_required,"available is preprocessing completeness, not validated detection readiness; no population cutoff calibrated"
2025-01-01T00:00:00.000,1123074,일원2동,8.90126582278481,3.179113924050633,16.008792270531398,8.203247232472325,434.05942857142855,249.45319845857418,0.873417721518987,0.836849507735584,0.762306610407876,0.729957805907173,0.0,0.0,0.0,9.0,19.5,13.0,31,23,8,True,five_year,75,a2_age_features_v1,baseline,1422.0,895.23,2,895.23,1242.0,1084.0,1190.0,1038.0,1422.0,1422.0,review_required,"available is preprocessing completeness, not validated detection readiness; no population cutoff calibrated"
2025-01-01T00:00:00.000,1123074,일원2동,6.538064516129031,3.667083047357584,32.14773689618296,14.92721854584962,1065.6598419088355,652.4927671308717,0.98194234728895,0.982031571722718,0.972862045298559,0.966959505833905,0.0,0.0,0.0,9.0,19.5,13.0,31,23,8,True,service,20s,a2_age_features_v1,baseline,1457.0,130.69,4,130.69,1430.69,1417.46,1430.8200000000002,1408.86,1457.0,1457.0,review_required,"available is preprocessing completeness, not validated detection readiness; no population cutoff calibrated"
2025-01-01T00:00:00.000,1123074,일원2동,11.781602399314481,5.601555269922879,36.58901280592174,15.636516880970547,1282.4641747494632,724.3545880459707,0.956203941730934,0.957669237360754,0.943650385604113,0.939832904884319,0.0,0.0,0.0,9.0,19.5,13.0,31,23,8,True,service,30s,a2_age_features_v1,baseline,2334.0,335.68,4,335.68,2231.7799999999997,2202.48,2235.2,2193.57,2334.0,2334.0,review_required,"available is preprocessing completeness, not validated detection readiness; no population cutoff calibrated"
2025-01-01T00:00:00.000,1123074,일원2동,14.80892517006803,6.803115646258502,35.1788444837937,15.039288805716724,1282.1186598863192,726.7415733350801,0.964289115646259,0.962833333333333,0.941503401360544,0.934602040816327,0.0,0.0,0.0,9.0,19.5,13.0,31,23,8,True,service,40s,a2_age_features_v1,baseline,2940.0,279.25,4,279.25,2835.01,2768.02,2830.73,2747.73,2940.0,2940.0,review_required,"available is preprocessing completeness, not validated detection readiness; no population cutoff calibrated"
2025-01-01T00:00:00.000,1123074,일원2동,15.643962670495334,6.312318736539842,36.6962358276644,14.903996913580249,1382.877254160363,734.7715265998457,0.949748743718593,0.949030868628858,0.930366116295764,0.931083991385499,0.0,0.0,0.0,9.0,19.5,13.0,31,23,8,True,service,50s,a2_age_features_v1,baseline,2786.0,288.78,4,288.78,2646.0,2592.0,2644.0,2594.0,2786.0,2786.0,review_required,"available is preprocessing completeness, not validated detection readiness; no population cutoff calibrated"
2025-01-01T00:00:00.000,1123074,일원2동,12.048939608159968,4.388832559078974,25.250854410447424,11.311997509820182,846.3117095093656,462.96860390242983,0.926744092102606,0.90760856392648,0.86950313068067,0.850062613613411,0.0,0.0,0.0,9.0,19.5,13.0,31,23,8,True,service,60plus,a2_age_features_v1,baseline,4951.0,1813.08,8,1813.08,4588.31,4304.91,4493.57,4208.66,4951.0,4951.0,review_required,"available is preprocessing completeness, not validated detection readiness; no population cutoff calibrated"
2025-02-01T00:00:00.000,1123074,일원2동,4.753432203389831,3.12114406779661,26.73204673580927,13.223995892451656,864.1562615656065,546.2029057897039,0.984618644067797,0.984618644067797,0.97656779661017,0.968502824858757,0.0,0.0,0.0,3.0,5.2,5.0,28,20,8,True,five_year,20,a2_age_features_v1,baseline,708.0,57.260000000000005,2,57.260000000000005,697.11,691.41,697.11,685.7,708.0,708.0,review_required,"available is preprocessing completeness, not validated detection readiness; no population cutoff calibrated"
2025-02-01T00:00:00.000,1123074,일원2동,7.528459770114943,4.065770114942529,32.71850118831917,14.338460743064966,1007.4181267531974,604.2834021786283,0.976942528735632,0.967034482758621,0.967103448275862,0.953885057471264,0.0,0.0,0.0,3.0,5.2,5.0,28,20,8,True,five_year,25,a2_age_features_v1,baseline,870.0,77.77,2,77.77,849.94,841.38,841.3199999999999,829.88,870.0,870.0,review_required,"available is preprocessing completeness, not validated detection readiness; no population cutoff calibrated"
2025-02-01T00:00:00.000,1123074,일원2동,10.322836879432625,5.327399527186761,34.97363622261955,14.493808295052059,1140.163030173512,684.460997653069,0.965224586288416,0.958731284475966,0.958920409771474,0.950220646178093,0.0,0.0,0.0,3.0,5.2,5.0,28,20,8,True,five_year,30,a2_age_features_v1,baseline,1269.0,185.87,2,185.87,1224.87,1216.87,1216.63,1205.83,1269.0,1269.0,review_required,"available is preprocessing completeness, not validated detection readiness; no population cutoff calibrated"
2025-02-01T00:00:00.000,1123074,일원2동,13.031546304163127,5.844876805437553,35.95304928259513,14.391882633544846,1164.413793667495,619.2567265390886,0.953355989804588,0.960909090909091,0.943967714528462,0.932786745964316,0.0,0.0,0.0,3.0,5.2,5.0,28,20,8,True,five_year,35,a2_age_features_v1,baseline,1177.0,163.3,2,163.3,1122.1,1111.05,1130.99,1097.89,1177.0,1177.0,review_required,"available is preprocessing completeness, not validated detection readiness; no population cutoff calibrated"
2025-02-01T00:00:00.000,1123074,일원2동,14.33261562998405,6.647990430622009,34.57539491848541,14.457428330024081,1186.1121136206725,643.7263945618618,0.970462519936204,0.970239234449761,0.943819776714514,0.940255183413078,0.0,0.0,0.0,3.0,5.2,5.0,28,20,8,True,five_year,40,a2_age_features_v1,baseline,1254.0,122.83,2,122.83,1216.96,1183.55,1216.6799999999998,1179.08,1254.0,1254.0,review_required,"available is preprocessing completeness, not validated detection readiness; no population cutoff calibrated"
2025-02-01T00:00:00.000,1123074,일원2동,14.387988668555241,6.735637393767705,33.52584454409567,13.507355623100304,1191.5316890881913,646.8007926829267,0.947592067988669,0.947592067988669,0.932011331444759,0.929178470254958,0.0,0.0,0.0,3.0,5.2,5.0,28,20,8,True,five_year,45,a2_age_features_v1,baseline,1412.0,132.88,2,132.88,1338.0,1316.0,1338.0,1312.0,1412.0,1412.0,review_required,"available is preprocessing completeness, not validated detection readiness; no population cutoff calibrated"
2025-02-01T00:00:00.000,1123074,일원2동,15.609816440542696,6.503072625698324,35.010249167887665,14.08343048338708,1187.559644410335,663.2961735666032,0.942322426177175,0.935913806863528,0.923088587390264,0.92146847565842,0.0,0.0,0.0,3.0,5.2,5.0,28,20,8,True,five_year,50,a2_age_features_v1,baseline,1253.0,129.36,2,129.36,1180.73,1156.63,1172.7,1154.6,1253.0,1253.0,review_required,"available is preprocessing completeness, not validated detection readiness; no population cutoff calibrated"
2025-02-01T00:00:00.000,1123074,일원2동,14.866391752577318,5.856645519429024,35.098736762038506,13.409760942411994,1250.3092526391758,630.5376292877011,0.948747026169706,0.945011895321174,0.918223632038065,0.920832672482157,0.0,0.0,0.0,3.0,5.2,5.0,28,20,8,True,five_year,55,a2_age_features_v1,baseline,1261.0,136.39,2,136.39,1196.37,1157.88,1191.6599999999999,1161.17,1261.0,1261.0,review_required,"available is preprocessing completeness, not validated detection readiness; no population cutoff calibrated"
2025-02-01T00:00:00.000,1123074,일원2동,14.568577138289369,5.50111111111111,31.16203860782927,12.625106382978721,1071.987452824573,546.8718418124362,0.949928057553957,0.939992006394884,0.915955235811351,0.897961630695444,0.0,0.0,0.0,3.0,5.2,5.0,28,20,8,True,five_year,60,a2_age_features_v1,baseline,1251.0,153.29,2,153.29,1188.3600000000001,1145.8600000000001,1175.9299999999998,1123.35,1251.0,1251.0,review_required,"available is preprocessing completeness, not validated detection readiness; no population cutoff calibrated"
2025-02-01T00:00:00.000,1123074,일원2동,12.544421140939598,4.347248322147651,26.732272107639194,11.276687091391524,789.7649543725223,405.99584484561103,0.947734899328859,0.945981543624161,0.920058724832215,0.898758389261745,0.0,0.0,0.0,3.0,5.2,5.0,28,20,8,True,five_year,65,a2_age_features_v1,baseline,1192.0,400.70000000000005,2,400.70000000000005,1129.7,1096.71,1127.6100000000001,1071.32,1192.0,1192.0,review_required,"available is preprocessing completeness, not validated detection readiness; no population cutoff calibrated"
2025-02-01T00:00:00.000,1123074,일원2동,11.308965517241381,4.131379310344827,23.415409836065574,9.847556561085973,660.2640506329114,342.90754022988506,0.934865900383142,0.908045977011494,0.846743295019157,0.833333333333333,0.0,0.0,0.0,3.0,5.2,5.0,28,20,8,True,five_year,70,a2_age_features_v1,baseline,1044.0,350.92999999999995,2,350.92999999999995,976.0,884.0,948.0,870.0,1044.0,1044.0,review_required,"available is preprocessing completeness, not validated detection readiness; no population cutoff calibrated"
2025-02-01T00:00:00.000,1123074,일원2동,8.537443609022557,3.132932330827067,15.746636197440585,7.988421052631579,397.8228458498023,216.37304824561403,0.822556390977444,0.760902255639098,0.714285714285714,0.685714285714286,0.0,0.0,0.0,3.0,5.2,5.0,28,20,8,True,five_year,75,a2_age_features_v1,baseline,1330.0,722.11,2,722.11,1094.0,950.0,1012.0,912.0,1330.0,1330.0,review_required,"available is preprocessing completeness, not validated detection readiness; no population cutoff calibrated"
2025-02-01T00:00:00.000,1123074,일원2동,6.283390367553866,3.641945500633713,30.020968940887492,13.835748602222091,942.5017647211766,578.0058078755328,0.980386565272497,0.974923954372624,0.971349809885932,0.960443599493029,0.0,0.0,0.0,3.0,5.2,5.0,28,20,8,True,service,20s,a2_age_features_v1,baseline,1578.0,135.03,4,135.03,1547.05,1532.79,1538.43,1515.58,1578.0,1578.0,review_required,"available is preprocessing completeness, not validated detection readiness; no population cutoff calibrated"
2025-02-01T00:00:00.000,1123074,일원2동,11.626251022076861,5.576406377759608,35.44189929994844,14.445162076016354,1151.8460840766395,653.3864238275484,0.959513491414554,0.959779231398201,0.951725265739984,0.941831561733442,0.0,0.0,0.0,3.0,5.2,5.0,28,20,8,True,service,30s,a2_age_features_v1,baseline,2446.0,349.17,4,349.17,2346.9700000000003,2327.92,2347.62,2303.7200000000003,2446.0,2446.0,review_required,"available is preprocessing completeness, not validated detection readiness; no population cutoff calibrated"
2025-02-01T00:00:00.000,1123074,일원2동,14.361942985746438,6.694411102775692,34.02575875943263,13.957220019603525,1188.9505873142623,645.3456160781669,0.958349587396849,0.958244561140285,0.937565641410353,0.934388597149287,0.0,0.0,0.0,3.0,5.2,5.0,28,20,8,True,service,40s,a2_age_features_v1,baseline,2666.0,255.70999999999998,4,255.70999999999998,2554.96,2499.55,2554.68,2491.08,2666.0,2666.0,review_required,"available is preprocessing completeness, not validated detection readiness; no population cutoff calibrated"
2025-02-01T00:00:00.000,1123074,일원2동,15.236921241050121,6.178830548926014,35.05478406461655,13.746413798168943,1219.1860456952409,646.870432296817,0.945544948289578,0.940477326968974,0.920648369132856,0.921149562450278,0.0,0.0,0.0,3.0,5.2,5.0,28,20,8,True,service,50s,a2_age_features_v1,baseline,2514.0,265.75,4,265.75,2377.1,2314.51,2364.36,2315.77,2514.0,2514.0,review_required,"available is preprocessing completeness, not validated detection readiness; no population cutoff calibrated"
2025-02-01T00:00:00.000,1123074,일원2동,11.695993356861116,4.264847415403778,24.455323764943962,10.579506766718099,745.7784154951052,388.501367224336,0.910952875233548,0.885102761054598,0.846288146149055,0.825549096948308,0.0,0.0,0.0,3.0,5.2,5.0,28,20,8,True,service,60plus,a2_age_features_v1,baseline,4817.0,1627.03,8,1627.03,4388.06,4076.57,4263.54,3976.67,4817.0,4817.0,review_required,"available is preprocessing completeness, not validated detection readiness; no population cutoff calibrated"
2025-03-01T00:00:00.000,1123074,일원2동,4.835127118644069,3.074025423728813,16.8915894242548,8.946645295032207,544.5159990340427,371.8056694659155,0.968531073446328,0.965056497175141,0.95388418079096,0.930098870056497,0.0,0.0,0.0,8.0,38.2,8.0,31,21,10,True,five_year,20,a2_age_features_v1,baseline,708.0,58.07,2,58.07,685.72,675.35,683.26,658.51,708.0,708.0,review_required,"available is preprocessing completeness, not validated detection readiness; no population cutoff calibrated"
2025-03-01T00:00:00.000,1123074,일원2동,7.542344827586208,4.060367816091953,20.642968926415,9.625171406063378,623.2939613168113,445.5140519809158,0.936597701149425,0.929448275862069,0.904620689655172,0.872114942528736,0.0,0.0,0.0,8.0,38.2,8.0,31,21,10,True,five_year,25,a2_age_features_v1,baseline,870.0,80.22,2,80.22,814.8399999999999,787.02,808.62,758.74,870.0,870.0,review_required,"available is preprocessing completeness, not validated detection readiness; no population cutoff calibrated"
2025-03-01T00:00:00.000,1123074,일원2동,10.17160756501182,5.190141843971631,22.408517897841538,9.637068878495239,699.2405657837163,466.08668834302836,0.940457052797478,0.936516942474389,0.936769109535067,0.930661938534279,0.0,0.0,0.0,8.0,38.2,8.0,31,21,10,True,five_year,30,a2_age_features_v1,baseline,1269.0,187.57,2,187.57,1193.44,1188.76,1188.44,1181.01,1269.0,1269.0,review_required,"available is preprocessing completeness, not validated detection readiness; no population cutoff calibrated"
2025-03-01T00:00:00.000,1123074,일원2동,13.381367884451995,5.949779099405268,22.803125684256624,9.740113000692222,727.7237829635927,442.2869419672316,0.93124893797791,0.929490229396771,0.908258283772302,0.90125743415463,0.0,0.0,0.0,8.0,38.2,8.0,31,21,10,True,five_year,35,a2_age_features_v1,baseline,1177.0,162.2,2,162.2,1096.08,1069.02,1094.01,1060.78,1177.0,1177.0,review_required,"available is preprocessing completeness, not validated detection readiness; no population cutoff calibrated"
2025-03-01T00:00:00.000,1123074,일원2동,14.30482142857143,6.550476190476191,21.932396825396825,9.65162520729685,751.4150400000001,428.18036544850503,0.9375,0.930059523809524,0.897321428571429,0.895833333333333,0.0,0.0,0.0,8.0,38.2,8.0,31,21,10,True,five_year,40,a2_age_features_v1,baseline,1344.0,128.08,2,128.08,1260.0,1206.0,1250.0,1204.0,1344.0,1344.0,review_required,"available is preprocessing completeness, not validated detection readiness; no population cutoff calibrated"
2025-03-01T00:00:00.000,1123074,일원2동,14.554319371727749,6.554358638743455,21.84593705293276,9.261046511627908,747.5568965517241,444.2330377906977,0.914921465968586,0.910994764397906,0.900523560209424,0.900523560209424,0.0,0.0,0.0,8.0,38.2,8.0,31,21,10,True,five_year,45,a2_age_features_v1,baseline,1528.0,142.26,2,142.26,1398.0,1376.0,1392.0,1376.0,1528.0,1528.0,review_required,"available is preprocessing completeness, not validated detection readiness; no population cutoff calibrated"
2025-03-01T00:00:00.000,1123074,일원2동,15.348330827067668,6.41763909774436,22.77058536585366,9.546180904522613,769.0896699669967,462.45516020236096,0.924812030075188,0.911278195488722,0.897744360902256,0.891729323308271,0.0,0.0,0.0,8.0,38.2,8.0,31,21,10,True,five_year,50,a2_age_features_v1,baseline,1330.0,136.06,2,136.06,1230.0,1194.0,1212.0,1186.0,1330.0,1330.0,review_required,"available is preprocessing completeness, not validated detection readiness; no population cutoff calibrated"
2025-03-01T00:00:00.000,1123074,일원2동,14.912006102212052,5.875247902364608,22.62812012544538,9.150947327552737,805.547135390824,431.36099777618176,0.929107551487414,0.922379862700229,0.884096109839817,0.881517925247902,0.0,0.0,0.0,8.0,38.2,8.0,31,21,10,True,five_year,55,a2_age_features_v1,baseline,1311.0,138.48,2,138.48,1218.06,1159.05,1209.24,1155.67,1311.0,1311.0,review_required,"available is preprocessing completeness, not validated detection readiness; no population cutoff calibrated"
2025-03-01T00:00:00.000,1123074,일원2동,14.610823341326938,5.445251798561151,19.741193217374903,8.454941183826222,662.2537649905323,371.2768365956902,0.932462030375699,0.911846522781775,0.894956035171863,0.874332533972822,0.0,0.0,0.0,8.0,38.2,8.0,31,21,10,True,five_year,60,a2_age_features_v1,baseline,1251.0,151.48,2,151.48,1166.51,1119.5900000000001,1140.72,1093.79,1251.0,1251.0,review_required,"available is preprocessing completeness, not validated detection readiness; no population cutoff calibrated"
2025-03-01T00:00:00.000,1123074,일원2동,12.466224832214765,4.326476510067114,17.321999309392265,7.560186450972264,518.4790826128722,274.6716978412823,0.923221476510067,0.908255033557047,0.870192953020134,0.814941275167785,0.0,0.0,0.0,8.0,38.2,8.0,31,21,10,True,five_year,65,a2_age_features_v1,baseline,1192.0,401.25,2,401.25,1100.48,1037.27,1082.64,971.41,1192.0,1192.0,review_required,"available is preprocessing completeness, not validated detection readiness; no population cutoff calibrated"
2025-03-01T00:00:00.000,1123074,일원2동,11.086022304832714,4.048141263940519,15.435348837209302,6.804244604316547,422.34336244541487,245.36428571428573,0.879182156133829,0.851301115241636,0.775092936802974,0.741635687732342,0.0,0.0,0.0,8.0,38.2,8.0,31,21,10,True,five_year,70,a2_age_features_v1,baseline,1076.0,359.74,2,359.74,946.0,834.0,916.0,798.0,1076.0,1076.0,review_required,"available is preprocessing completeness, not validated detection readiness; no population cutoff calibrated"
2025-03-01T00:00:00.000,1123074,일원2동,8.753480113636364,3.119346590909091,11.030967741935484,5.625560538116592,280.690875,165.44105651105653,0.748579545454545,0.681818181818182,0.633522727272727,0.578125,0.0,0.0,0.0,8.0,38.2,8.0,31,21,10,True,five_year,75,a2_age_features_v1,baseline,1408.0,786.26,2,786.26,1054.0,892.0,960.0,814.0,1408.0,1408.0,review_required,"available is preprocessing completeness, not validated detection readiness; no population cutoff calibrated"
2025-03-01T00:00:00.000,1123074,일원2동,6.327699619771863,3.617826362484157,18.928678293437116,9.311815272468662,587.2147655977692,411.2662432174987,0.950925221799746,0.945424588086185,0.926723700887199,0.898130544993663,0.0,0.0,0.0,8.0,38.2,8.0,31,21,10,True,service,20s,a2_age_features_v1,baseline,1578.0,138.29,4,138.29,1500.56,1462.37,1491.88,1417.25,1578.0,1578.0,review_required,"available is preprocessing completeness, not validated detection readiness; no population cutoff calibrated"
2025-03-01T00:00:00.000,1123074,일원2동,11.716124284546197,5.555674570727719,22.597431601383697,9.685858498170768,712.8929675567921,454.82502022937024,0.936026165167621,0.933135731807032,0.923049877350777,0.916512673753066,0.0,0.0,0.0,8.0,38.2,8.0,31,21,10,True,service,30s,a2_age_features_v1,baseline,2446.0,349.77,4,349.77,2289.52,2257.7799999999997,2282.45,2241.79,2446.0,2446.0,review_required,"available is preprocessing completeness, not validated detection readiness; no population cutoff calibrated"
2025-03-01T00:00:00.000,1123074,일원2동,14.437562674094707,6.552541782729804,21.88692249811889,9.443477924089853,749.3822861468584,436.74179069767445,0.925487465181058,0.91991643454039,0.899025069637883,0.898328690807799,0.0,0.0,0.0,8.0,38.2,8.0,31,21,10,True,service,40s,a2_age_features_v1,baseline,2872.0,270.34000000000003,4,270.34000000000003,2658.0,2582.0,2642.0,2580.0,2872.0,2872.0,review_required,"available is preprocessing completeness, not validated detection readiness; no population cutoff calibrated"
2025-03-01T00:00:00.000,1123074,일원2동,15.131737978038622,6.148394547519879,22.699700170747448,9.351499330655956,787.2976235317442,447.1094493673319,0.92694433926543,0.916789095039758,0.890969329799318,0.886660355925786,0.0,0.0,0.0,8.0,38.2,8.0,31,21,10,True,service,50s,a2_age_features_v1,baseline,2641.0,274.53999999999996,4,274.53999999999996,2448.06,2353.05,2421.24,2341.67,2641.0,2641.0,review_required,"available is preprocessing completeness, not validated detection readiness; no population cutoff calibrated"
2025-03-01T00:00:00.000,1123074,일원2동,11.648333671605439,4.20479196265476,16.011120977550924,7.211375686993609,481.31953983060777,272.8672482051561,0.866042216358839,0.83201948447331,0.788077937893241,0.74633651309113,0.0,0.0,0.0,8.0,38.2,8.0,31,21,10,True,service,60plus,a2_age_features_v1,baseline,4927.0,1698.73,8,1698.73,4266.99,3882.86,4099.36,3677.2,4927.0,4927.0,review_required,"available is preprocessing completeness, not validated detection readiness; no population cutoff calibrated"
2025-04-01T00:00:00.000,1123074,일원2동,4.767966101694916,3.034025423728814,20.753625211195182,8.651383736425322,662.2905566737677,291.6900747516165,0.961370056497175,0.961370056497175,0.922132768361582,0.895621468926554,0.0,0.0,0.0,7.0,94.6,2.0,30,22,8,True,five_year,20,a2_age_features_v1,baseline,708.0,55.33,2,55.33,680.65,652.87,680.65,634.1,708.0,708.0,review_required,"available is preprocessing completeness, not validated detection readiness; no population cutoff calibrated"
2025-04-01T00:00:00.000,1123074,일원2동,7.513264367816092,4.080413793103449,22.752116225836218,9.412849486096222,675.8208738121973,375.0347076982442,0.959091954022989,0.951965517241379,0.911436781609196,0.893620689655172,0.0,0.0,0.0,7.0,94.6,2.0,30,22,8,True,five_year,25,a2_age_features_v1,baseline,870.0,80.30000000000001,2,80.30000000000001,834.4100000000001,792.95,828.21,777.45,870.0,870.0,review_required,"available is preprocessing completeness, not validated detection readiness; no population cutoff calibrated"
2025-04-01T00:00:00.000,1123074,일원2동,10.74672182821119,5.298999211977936,23.97366668655139,9.417116934071322,754.6936281928371,418.179909115186,0.924688731284476,0.92059889676911,0.899795114263199,0.885263987391647,0.0,0.0,0.0,7.0,94.6,2.0,30,22,8,True,five_year,30,a2_age_features_v1,baseline,1269.0,183.61,2,183.61,1173.43,1141.84,1168.24,1123.4,1269.0,1269.0,review_required,"available is preprocessing completeness, not validated detection readiness; no population cutoff calibrated"
2025-04-01T00:00:00.000,1123074,일원2동,13.571503823279524,5.794868309260832,24.323350713375913,9.307307200560667,799.7726862212497,396.16294252075556,0.927179269328802,0.916474086661003,0.897102803738318,0.881112999150382,0.0,0.0,0.0,7.0,94.6,2.0,30,22,8,True,five_year,35,a2_age_features_v1,baseline,1177.0,159.17000000000002,2,159.17000000000002,1091.29,1055.8899999999999,1078.69,1037.07,1177.0,1177.0,review_required,"available is preprocessing completeness, not validated detection readiness; no population cutoff calibrated"
2025-04-01T00:00:00.000,1123074,일원2동,14.673492822966505,6.556395534290272,23.863077859715315,8.987813176863261,801.6535732634563,377.9589934148636,0.929984051036682,0.928189792663477,0.898341307814992,0.881594896331738,0.0,0.0,0.0,7.0,94.6,2.0,30,22,8,True,five_year,40,a2_age_features_v1,baseline,1254.0,113.41,2,113.41,1166.1999999999998,1126.52,1163.95,1105.52,1254.0,1254.0,review_required,"available is preprocessing completeness, not validated detection readiness; no population cutoff calibrated"
2025-04-01T00:00:00.000,1123074,일원2동,14.72841225626741,6.501699164345404,23.399634703196348,8.639860248447205,793.5973170731706,360.7143127962085,0.915041782729805,0.913649025069638,0.896935933147632,0.881615598885794,0.0,0.0,0.0,7.0,94.6,2.0,30,22,8,True,five_year,45,a2_age_features_v1,baseline,1436.0,126.3,2,126.3,1314.0,1288.0,1312.0,1266.0,1436.0,1436.0,review_required,"available is preprocessing completeness, not validated detection readiness; no population cutoff calibrated"
2025-04-01T00:00:00.000,1123074,일원2동,15.608598130841123,6.22355140186916,24.74988255033557,9.14124352331606,841.7223979591837,405.6331010452962,0.928348909657321,0.91588785046729,0.901869158878505,0.894080996884735,0.0,0.0,0.0,7.0,94.6,2.0,30,22,8,True,five_year,50,a2_age_features_v1,baseline,1284.0,125.71000000000001,2,125.71000000000001,1192.0,1158.0,1176.0,1148.0,1284.0,1284.0,review_required,"available is preprocessing completeness, not validated detection readiness; no population cutoff calibrated"
2025-04-01T00:00:00.000,1123074,일원2동,14.588622898318658,5.73413931144916,23.85581699571406,8.897780697762963,839.4616748074885,411.2383750118855,0.930296236989592,0.921200960768615,0.862185748598879,0.842033626901521,0.0,0.0,0.0,7.0,94.6,2.0,30,22,8,True,five_year,55,a2_age_features_v1,baseline,1249.0,128.43,2,128.43,1161.94,1076.87,1150.58,1051.7,1249.0,1249.0,review_required,"available is preprocessing completeness, not validated detection readiness; no population cutoff calibrated"
2025-04-01T00:00:00.000,1123074,일원2동,14.517721822541965,5.175339728217426,21.234089734793617,8.584694514224564,707.2866682396952,375.89422798177486,0.943717026378897,0.931638689048761,0.881430855315748,0.861414868105516,0.0,0.0,0.0,7.0,94.6,2.0,30,22,8,True,five_year,60,a2_age_features_v1,baseline,1251.0,145.96,2,145.96,1180.5900000000001,1102.67,1165.48,1077.6299999999999,1251.0,1251.0,review_required,"available is preprocessing completeness, not validated detection readiness; no population cutoff calibrated"
2025-04-01T00:00:00.000,1123074,일원2동,12.546560402684564,4.207743288590604,18.998346069868994,7.523989853199329,574.8107763107485,270.7801684822656,0.922147651006712,0.897810402684564,0.869781879194631,0.8425,0.0,0.0,0.0,7.0,94.6,2.0,30,22,8,True,five_year,65,a2_age_features_v1,baseline,1192.0,398.76,2,398.76,1099.2,1036.78,1070.19,1004.26,1192.0,1192.0,review_required,"available is preprocessing completeness, not validated detection readiness; no population cutoff calibrated"
2025-04-01T00:00:00.000,1123074,일원2동,11.300988593155893,3.913498098859316,17.156666666666666,7.044859813084112,498.84571428571434,267.7521052631579,0.906844106463878,0.878326996197719,0.813688212927757,0.758555133079848,0.0,0.0,0.0,7.0,94.6,2.0,30,22,8,True,five_year,70,a2_age_features_v1,baseline,1052.0,344.9,2,344.9,954.0,856.0,924.0,798.0,1052.0,1052.0,review_required,"available is preprocessing completeness, not validated detection readiness; no population cutoff calibrated"
2025-04-01T00:00:00.000,1123074,일원2동,8.673588235294119,3.077588235294118,11.988513513513514,5.742357142857143,296.99484276729555,181.575,0.761764705882353,0.701470588235294,0.61764705882353,0.558823529411765,0.0,0.0,0.0,7.0,94.6,2.0,30,22,8,True,five_year,75,a2_age_features_v1,baseline,1360.0,739.1600000000001,2,739.1600000000001,1036.0,840.0,954.0,760.0,1360.0,1360.0,review_required,"available is preprocessing completeness, not validated detection readiness; no population cutoff calibrated"
2025-04-01T00:00:00.000,1123074,일원2동,6.281533586818758,3.61093155893536,21.854281876625347,9.069004371221867,669.7173185716367,337.59442449789236,0.960114068441065,0.956185044359949,0.916235741444867,0.894518377693283,0.0,0.0,0.0,7.0,94.6,2.0,30,22,8,True,service,20s,a2_age_features_v1,baseline,1578.0,135.63,4,135.63,1515.06,1445.82,1508.8600000000001,1411.55,1578.0,1578.0,review_required,"available is preprocessing completeness, not validated detection readiness; no population cutoff calibrated"
2025-04-01T00:00:00.000,1123074,일원2동,12.105989370400653,5.537608340147179,24.14216728778834,9.364359316203537,776.3348582732884,407.6113126773341,0.925887162714636,0.918614063777596,0.898499591169256,0.883266557645135,0.0,0.0,0.0,7.0,94.6,2.0,30,22,8,True,service,30s,a2_age_features_v1,baseline,2446.0,342.78000000000003,4,342.78000000000003,2264.7200000000003,2197.73,2246.93,2160.47,2446.0,2446.0,review_required,"available is preprocessing completeness, not validated detection readiness; no population cutoff calibrated"
2025-04-01T00:00:00.000,1123074,일원2동,14.702810408921932,6.527197026022304,23.617547536488996,8.802201389924292,797.3845823219372,368.75318209418435,0.922007434944238,0.92042750929368,0.897591078066914,0.88160594795539,0.0,0.0,0.0,7.0,94.6,2.0,30,22,8,True,service,40s,a2_age_features_v1,baseline,2690.0,239.71,4,239.71,2480.2,2414.52,2475.95,2371.52,2690.0,2690.0,review_required,"available is preprocessing completeness, not validated detection readiness; no population cutoff calibrated"
2025-04-01T00:00:00.000,1123074,일원2동,15.105657323332016,5.982226608764312,24.308558416952,9.023931190628538,840.6043866103897,408.3130422330318,0.929309119621003,0.918507698381366,0.882301618634031,0.868416896960126,0.0,0.0,0.0,7.0,94.6,2.0,30,22,8,True,service,50s,a2_age_features_v1,baseline,2533.0,254.14,4,254.14,2353.94,2234.87,2326.58,2199.7,2533.0,2533.0,review_required,"available is preprocessing completeness, not validated detection readiness; no population cutoff calibrated"
2025-04-01T00:00:00.000,1123074,일원2동,11.699668383110195,4.076725025746653,17.504208872099095,7.331809122788722,530.8524336662882,282.6106747456654,0.879462409886715,0.847305870236869,0.79,0.749719876416066,0.0,0.0,0.0,7.0,94.6,2.0,30,22,8,True,service,60plus,a2_age_features_v1,baseline,4855.0,1628.7800000000002,8,1628.7800000000002,4269.79,3835.45,4113.67,3639.89,4855.0,4855.0,review_required,"available is preprocessing completeness, not validated detection readiness; no population cutoff calibrated"
2025-05-01T00:00:00.000,1123074,일원2동,4.979364406779661,2.95385593220339,24.651633979409905,8.52969463176183,793.0055613265232,264.3601997096256,0.982316384180791,0.981709039548023,0.959293785310734,0.914463276836158,0.0,0.0,0.0,12.0,123.6,0.0,31,22,9,True,five_year,20,a2_age_features_v1,baseline,708.0,56.3,2,56.3,695.48,679.1800000000001,695.05,647.44,708.0,708.0,review_required,"available is preprocessing completeness, not validated detection readiness; no population cutoff calibrated"
2025-05-01T00:00:00.000,1123074,일원2동,7.608735632183908,3.915724137931035,24.80375894556758,9.653549187382916,779.9600452377741,382.7130870886076,0.954045977011494,0.937574712643678,0.908091954022988,0.908045977011494,0.0,0.0,0.0,12.0,123.6,0.0,31,22,9,True,five_year,25,a2_age_features_v1,baseline,870.0,80.50999999999999,2,80.50999999999999,830.02,790.04,815.69,790.0,870.0,870.0,review_required,"available is preprocessing completeness, not validated detection readiness; no population cutoff calibrated"
2025-05-01T00:00:00.000,1123074,일원2동,11.297951142631993,5.153427895981087,26.096512000940592,9.70131617813146,909.2403363857223,480.39879972862957,0.93832939322301,0.927675334909377,0.907060677698976,0.871158392434988,0.0,0.0,0.0,12.0,123.6,0.0,31,22,9,True,five_year,30,a2_age_features_v1,baseline,1269.0,189.26,2,189.26,1190.74,1151.06,1177.2199999999998,1105.5,1269.0,1269.0,review_required,"available is preprocessing completeness, not validated detection readiness; no population cutoff calibrated"
2025-05-01T00:00:00.000,1123074,일원2동,13.486355140186918,5.67979609175871,26.087684418855705,9.485585465856072,972.74826446281,411.4555153089915,0.944435004248088,0.928317757009346,0.901401869158878,0.876312659303314,0.0,0.0,0.0,12.0,123.6,0.0,31,22,9,True,five_year,35,a2_age_features_v1,baseline,1177.0,161.05,2,161.05,1111.6,1060.9499999999998,1092.63,1031.42,1177.0,1177.0,review_required,"available is preprocessing completeness, not validated detection readiness; no population cutoff calibrated"
2025-05-01T00:00:00.000,1123074,일원2동,14.635119617224879,6.548803827751197,25.732404360345534,9.212176547643447,904.7868784135077,390.5874680971609,0.930526315789474,0.941762360446571,0.894888357256778,0.886738437001595,0.0,0.0,0.0,12.0,123.6,0.0,31,22,9,True,five_year,40,a2_age_features_v1,baseline,1254.0,115.61,2,115.61,1166.88,1122.19,1180.9699999999998,1111.97,1254.0,1254.0,review_required,"available is preprocessing completeness, not validated detection readiness; no population cutoff calibrated"
2025-05-01T00:00:00.000,1123074,일원2동,14.637058823529413,6.340588235294118,25.62140718562874,9.18943661971831,933.785930408472,382.0302431118314,0.935574229691877,0.925770308123249,0.894957983193277,0.864145658263305,0.0,0.0,0.0,12.0,123.6,0.0,31,22,9,True,five_year,45,a2_age_features_v1,baseline,1428.0,130.76999999999998,2,130.76999999999998,1336.0,1278.0,1322.0,1234.0,1428.0,1428.0,review_required,"available is preprocessing completeness, not validated detection readiness; no population cutoff calibrated"
2025-05-01T00:00:00.000,1123074,일원2동,15.654130434782608,6.06472049689441,27.046638935108152,9.448227194492254,945.7134010152284,447.6546003552398,0.933229813664596,0.917701863354037,0.902173913043478,0.874223602484472,0.0,0.0,0.0,12.0,123.6,0.0,31,22,9,True,five_year,50,a2_age_features_v1,baseline,1288.0,129.31,2,129.31,1202.0,1162.0,1182.0,1126.0,1288.0,1288.0,review_required,"available is preprocessing completeness, not validated detection readiness; no population cutoff calibrated"
2025-05-01T00:00:00.000,1123074,일원2동,14.59527081649151,5.678181083265966,26.407821635549617,9.295633938206782,977.6939508611429,448.74301949551875,0.944357316087308,0.933128536782538,0.89143896523848,0.874939369442199,0.0,0.0,0.0,12.0,123.6,0.0,31,22,9,True,five_year,55,a2_age_features_v1,baseline,1237.0,129.2,2,129.2,1168.17,1102.71,1154.28,1082.3,1237.0,1237.0,review_required,"available is preprocessing completeness, not validated detection readiness; no population cutoff calibrated"
2025-05-01T00:00:00.000,1123074,일원2동,14.35203037569944,5.238353317346124,23.363696898761354,9.233335438335809,843.912005490914,417.48672085311136,0.949312549960032,0.917146282973621,0.860751398880895,0.860535571542766,0.0,0.0,0.0,12.0,123.6,0.0,31,22,9,True,five_year,60,a2_age_features_v1,baseline,1251.0,148.51999999999998,2,148.51999999999998,1187.5900000000001,1076.8,1147.35,1076.53,1251.0,1251.0,review_required,"available is preprocessing completeness, not validated detection readiness; no population cutoff calibrated"
2025-05-01T00:00:00.000,1123074,일원2동,13.117214765100671,4.170654362416108,21.34018694258702,8.220691347054675,736.8994071409415,333.2090048429777,0.939706375838926,0.907189597315436,0.868598993288591,0.840142617449664,0.0,0.0,0.0,12.0,123.6,0.0,31,22,9,True,five_year,65,a2_age_features_v1,baseline,1192.0,396.08000000000004,2,396.08000000000004,1120.13,1035.3700000000001,1081.3700000000001,1001.45,1192.0,1192.0,review_required,"available is preprocessing completeness, not validated detection readiness; no population cutoff calibrated"
2025-05-01T00:00:00.000,1123074,일원2동,11.601918604651162,3.979127906976744,19.111694915254237,7.518111888111889,593.8535140997831,307.2590909090909,0.914728682170543,0.893410852713178,0.831395348837209,0.810077519379845,0.0,0.0,0.0,12.0,123.6,0.0,31,22,9,True,five_year,70,a2_age_features_v1,baseline,1032.0,337.72,2,337.72,944.0,858.0,922.0,836.0,1032.0,1032.0,review_required,"available is preprocessing completeness, not validated detection readiness; no population cutoff calibrated"
2025-05-01T00:00:00.000,1123074,일원2동,9.061417797888385,3.101719457013575,13.293275529865127,5.930047393364929,370.91164926931106,217.35569948186526,0.782805429864253,0.722473604826546,0.636500754147813,0.582202111613876,0.0,0.0,0.0,12.0,123.6,0.0,31,22,9,True,five_year,75,a2_age_features_v1,baseline,1326.0,734.24,2,734.24,1038.0,844.0,958.0,772.0,1326.0,1326.0,review_required,"available is preprocessing completeness, not validated detection readiness; no population cutoff calibrated"
2025-05-01T00:00:00.000,1123074,일원2동,6.429017743979721,3.48416349809886,24.73440471976401,9.134022134193652,785.9619290546354,329.4055449270926,0.966730038022814,0.957376425855513,0.93106463878327,0.910925221799746,0.0,0.0,0.0,12.0,123.6,0.0,31,22,9,True,service,20s,a2_age_features_v1,baseline,1578.0,136.81,4,136.81,1525.5,1469.22,1510.74,1437.44,1578.0,1578.0,review_required,"available is preprocessing completeness, not validated detection readiness; no population cutoff calibrated"
2025-05-01T00:00:00.000,1123074,일원2동,12.350997547015536,5.406713000817661,26.092249928333786,9.597844901243667,939.8109324404697,447.1221761694401,0.941267375306623,0.927984464431725,0.904337694194603,0.87363859362224,0.0,0.0,0.0,12.0,123.6,0.0,31,22,9,True,service,30s,a2_age_features_v1,baseline,2446.0,350.31,4,350.31,2302.34,2212.0099999999998,2269.85,2136.92,2446.0,2446.0,review_required,"available is preprocessing completeness, not validated detection readiness; no population cutoff calibrated"
2025-05-01T00:00:00.000,1123074,일원2동,14.63615212527964,6.437941834451902,25.673155724605255,9.200068494577513,920.1033811032494,386.0862956048031,0.933214019388516,0.933247576435496,0.894925428784489,0.874709172259508,0.0,0.0,0.0,12.0,123.6,0.0,31,22,9,True,service,40s,a2_age_features_v1,baseline,2682.0,246.38,4,246.38,2502.88,2400.19,2502.97,2345.9700000000003,2682.0,2682.0,review_required,"available is preprocessing completeness, not validated detection readiness; no population cutoff calibrated"
2025-05-01T00:00:00.000,1123074,일원2동,15.135394059405941,5.875354455445545,26.73178928093765,9.373928008442583,961.5139510675091,448.1880405741973,0.938681188118812,0.925259405940594,0.896914851485148,0.874574257425743,0.0,0.0,0.0,12.0,123.6,0.0,31,22,9,True,service,50s,a2_age_features_v1,baseline,2525.0,258.51,4,258.51,2370.17,2264.71,2336.2799999999997,2208.3,2525.0,2525.0,review_required,"available is preprocessing completeness, not validated detection readiness; no population cutoff calibrated"
2025-05-01T00:00:00.000,1123074,일원2동,11.993070193709645,4.112464069985419,19.46284055835812,7.841656979106856,649.3481306586966,327.6730577756797,0.893505519683399,0.855805040616538,0.794453238908561,0.76775255155176,0.0,0.0,0.0,12.0,123.6,0.0,31,22,9,True,service,60plus,a2_age_features_v1,baseline,4801.0,1616.56,8,1616.56,4289.72,3814.17,4108.72,3685.98,4801.0,4801.0,review_required,"available is preprocessing completeness, not validated detection readiness; no population cutoff calibrated"
2025-06-01T00:00:00.000,1123074,일원2동,5.039364406779661,2.808262711864407,24.20787234042553,9.3090911071413,809.6604255319148,333.82029690576866,0.995762711864407,0.995762711864407,0.9725,0.925268361581921,0.0,0.0,0.0,12.0,98.1,0.0,30,21,9,True,five_year,20,a2_age_features_v1,baseline,708.0,51.84,2,51.84,705.0,688.53,705.0,655.09,708.0,708.0,review_required,"available is preprocessing completeness, not validated detection readiness; no population cutoff calibrated"
2025-06-01T00:00:00.000,1123074,일원2동,7.893264367816092,4.020528735632184,24.838653113853276,10.629700151247794,773.3683052493565,461.84973559330604,0.95383908045977,0.94680459770115,0.911954022988506,0.910735632183908,0.0,0.0,0.0,12.0,98.1,0.0,30,21,9,True,five_year,25,a2_age_features_v1,baseline,870.0,72.8,2,72.8,829.84,793.4,823.72,792.3399999999999,870.0,870.0,review_required,"available is preprocessing completeness, not validated detection readiness; no population cutoff calibrated"
2025-06-01T00:00:00.000,1123074,일원2동,11.297809298660363,5.179913317572892,26.037068076712693,10.750479103995652,882.3910009828256,520.6649636158654,0.950811662726556,0.946115051221434,0.927328605200946,0.922647754137116,0.0,0.0,0.0,12.0,98.1,0.0,30,21,9,True,five_year,30,a2_age_features_v1,baseline,1269.0,173.45999999999998,2,173.45999999999998,1206.58,1176.78,1200.62,1170.8400000000001,1269.0,1269.0,review_required,"available is preprocessing completeness, not validated detection readiness; no population cutoff calibrated"
2025-06-01T00:00:00.000,1123074,일원2동,13.461393372982158,5.679855564995751,25.62047249364208,10.433980876378147,925.3161743218743,491.5367680788726,0.952124044180119,0.955955819881053,0.934757858963466,0.913466440101954,0.0,0.0,0.0,12.0,98.1,0.0,30,21,9,True,five_year,35,a2_age_features_v1,baseline,1177.0,148.2,2,148.2,1120.65,1100.21,1125.1599999999999,1075.15,1177.0,1177.0,review_required,"available is preprocessing completeness, not validated detection readiness; no population cutoff calibrated"
2025-06-01T00:00:00.000,1123074,일원2동,14.433508771929823,6.38481658692185,25.55158659426122,10.368199626865671,899.9491892487146,483.90356815543475,0.941299840510367,0.941395534290271,0.923253588516746,0.913628389154705,0.0,0.0,0.0,12.0,98.1,0.0,30,21,9,True,five_year,40,a2_age_features_v1,baseline,1254.0,107.07,2,107.07,1180.3899999999999,1157.76,1180.51,1145.69,1254.0,1254.0,review_required,"available is preprocessing completeness, not validated detection readiness; no population cutoff calibrated"
2025-06-01T00:00:00.000,1123074,일원2동,14.390366568914956,6.333489736070381,25.88892575039495,10.34042345276873,948.6021800947866,475.7905211726384,0.928152492668622,0.928152492668622,0.900293255131965,0.900293255131965,0.0,0.0,0.0,12.0,98.1,0.0,30,21,9,True,five_year,45,a2_age_features_v1,baseline,1364.0,115.97999999999999,2,115.97999999999999,1266.0,1228.0,1266.0,1228.0,1364.0,1364.0,review_required,"available is preprocessing completeness, not validated detection readiness; no population cutoff calibrated"
2025-06-01T00:00:00.000,1123074,일원2동,15.760786885245901,6.137614754098361,27.184428553859124,10.770079325107025,985.8230242487859,527.3112281370546,0.933065573770492,0.921459016393442,0.911377049180328,0.903073770491803,0.0,0.0,0.0,12.0,98.1,0.0,30,21,9,True,five_year,50,a2_age_features_v1,baseline,1220.0,117.28999999999999,2,117.28999999999999,1138.3400000000001,1111.88,1124.1799999999998,1101.75,1220.0,1220.0,review_required,"available is preprocessing completeness, not validated detection readiness; no population cutoff calibrated"
2025-06-01T00:00:00.000,1123074,일원2동,14.605672514619885,5.577727652464494,26.012799043062202,10.288143792741614,939.4496206933258,498.2137675070029,0.94984126984127,0.941787802840434,0.923542188805347,0.906666666666667,0.0,0.0,0.0,12.0,98.1,0.0,30,21,9,True,five_year,55,a2_age_features_v1,baseline,1197.0,124.38,2,124.38,1136.96,1105.48,1127.3200000000002,1085.28,1197.0,1197.0,review_required,"available is preprocessing completeness, not validated detection readiness; no population cutoff calibrated"
2025-06-01T00:00:00.000,1123074,일원2동,14.745475619504397,5.083093525179857,24.06439453586997,10.128879805060654,889.8372985501276,478.0162967463211,0.946219024780176,0.931199040767386,0.905403677058353,0.888129496402878,0.0,0.0,0.0,12.0,98.1,0.0,30,21,9,True,five_year,60,a2_age_features_v1,baseline,1251.0,140.84,2,140.84,1183.72,1132.66,1164.9299999999998,1111.05,1251.0,1251.0,review_required,"available is preprocessing completeness, not validated detection readiness; no population cutoff calibrated"
2025-06-01T00:00:00.000,1123074,일원2동,13.095847315436242,4.169228187919463,21.840278860756122,9.279267761671168,755.67284115893,441.0441281894343,0.944639261744966,0.942491610738255,0.913238255033557,0.877214765100671,0.0,0.0,0.0,12.0,98.1,0.0,30,21,9,True,five_year,65,a2_age_features_v1,baseline,1192.0,392.89,2,392.89,1126.01,1088.58,1123.45,1045.6399999999999,1192.0,1192.0,review_required,"available is preprocessing completeness, not validated detection readiness; no population cutoff calibrated"
2025-06-01T00:00:00.000,1123074,일원2동,11.666707317073172,4.063048780487805,19.092099567099567,8.467084337349398,662.8301354401806,371.7646601941748,0.939024390243902,0.900406504065041,0.84349593495935,0.83739837398374,0.0,0.0,0.0,12.0,98.1,0.0,30,21,9,True,five_year,70,a2_age_features_v1,baseline,984.0,321.9,2,321.9,924.0,830.0,886.0,824.0,984.0,984.0,review_required,"available is preprocessing completeness, not validated detection readiness; no population cutoff calibrated"
2025-06-01T00:00:00.000,1123074,일원2동,9.114160246533128,3.10573189522342,13.435574074074076,6.314656652360515,398.06962075848304,233.87364055299537,0.832049306625578,0.771956856702619,0.718027734976888,0.668721109399076,0.0,0.0,0.0,12.0,98.1,0.0,30,21,9,True,five_year,75,a2_age_features_v1,baseline,1298.0,714.95,2,714.95,1080.0,932.0,1002.0,868.0,1298.0,1298.0,review_required,"available is preprocessing completeness, not validated detection readiness; no population cutoff calibrated"
2025-06-01T00:00:00.000,1123074,일원2동,6.612807351077313,3.476622306717364,24.548915782752598,10.016122623875622,790.1051470511276,403.90509924486855,0.972648922686946,0.968770595690748,0.939119138149556,0.917256020278834,0.0,0.0,0.0,12.0,98.1,0.0,30,21,9,True,service,20s,a2_age_features_v1,baseline,1578.0,124.64,4,124.64,1534.8400000000001,1481.9299999999998,1528.72,1447.43,1578.0,1578.0,review_required,"available is preprocessing completeness, not validated detection readiness; no population cutoff calibrated"
2025-06-01T00:00:00.000,1123074,일원2동,12.33891251022077,5.420482420278005,25.836461415502555,10.597551548315979,903.1572334012675,506.7213666133864,0.951443172526574,0.95085036794767,0.930903515944399,0.918229762878168,0.0,0.0,0.0,12.0,98.1,0.0,30,21,9,True,service,30s,a2_age_features_v1,baseline,2446.0,321.65999999999997,4,321.65999999999997,2327.23,2276.99,2325.7799999999997,2245.99,2446.0,2446.0,review_required,"available is preprocessing completeness, not validated detection readiness; no population cutoff calibrated"
2025-06-01T00:00:00.000,1123074,일원2동,14.411031321619557,6.35807486631016,25.72615866644321,10.353902655757494,925.1257413213108,479.7063807826633,0.934449961802903,0.934495798319328,0.911291061879297,0.906680672268908,0.0,0.0,0.0,12.0,98.1,0.0,30,21,9,True,service,40s,a2_age_features_v1,baseline,2618.0,223.05,4,223.05,2446.39,2385.76,2446.51,2373.69,2618.0,2618.0,review_required,"available is preprocessing completeness, not validated detection readiness; no population cutoff calibrated"
2025-06-01T00:00:00.000,1123074,일원2동,15.188725693007862,5.860335126189491,26.59896910297543,10.529807067864487,962.6039856984233,512.8720608313558,0.941373603640877,0.931526685974348,0.917401737691353,0.904853123707075,0.0,0.0,0.0,12.0,98.1,0.0,30,21,9,True,service,50s,a2_age_features_v1,baseline,2417.0,241.67000000000002,4,241.67000000000002,2275.3,2217.36,2251.5,2187.0299999999997,2417.0,2417.0,review_required,"available is preprocessing completeness, not validated detection readiness; no population cutoff calibrated"
2025-06-01T00:00:00.000,1123074,일원2동,12.14117671957672,4.096920634920634,19.757703310128356,8.657962437613602,687.60315814174,390.1612727187692,0.91295873015873,0.883889947089947,0.843013756613756,0.814537566137566,0.0,0.0,0.0,12.0,98.1,0.0,30,21,9,True,service,60plus,a2_age_features_v1,baseline,4725.0,1570.58,8,1570.58,4313.73,3983.24,4176.38,3848.69,4725.0,4725.0,review_required,"available is preprocessing completeness, not validated detection readiness; no population cutoff calibrated"
2025-07-01T00:00:00.000,1123074,일원2동,5.047838983050847,2.832584745762712,21.304203362921267,10.86518131467716,704.2145155517068,401.70639501811326,0.978601694915254,0.978601694915254,0.96906779661017,0.943531073446328,0.0,0.0,0.0,10.0,293.9,0.0,31,23,8,True,five_year,20,a2_age_features_v1,update,708.0,54.25,2,54.25,692.85,686.1,692.85,668.02,708.0,708.0,review_required,"available is preprocessing completeness, not validated detection readiness; no population cutoff calibrated"
2025-07-01T00:00:00.000,1123074,일원2동,7.888275862068966,4.00567816091954,22.394001059628163,12.018748014724892,700.969855100487,548.8004089517788,0.954574712643678,0.951114942528736,0.933597701149425,0.916275862068966,0.0,0.0,0.0,10.0,293.9,0.0,31,23,8,True,five_year,25,a2_age_features_v1,update,870.0,73.28,2,73.28,830.48,812.23,827.47,797.1600000000001,870.0,870.0,review_required,"available is preprocessing completeness, not validated detection readiness; no population cutoff calibrated"
2025-07-01T00:00:00.000,1123074,일원2동,11.364208037825058,5.213884948778566,23.993577815627,12.311100281459582,849.7660771712137,588.7624236314401,0.962348305752561,0.955169424743893,0.943522458628842,0.934097714736012,0.0,0.0,0.0,10.0,293.9,0.0,31,23,8,True,five_year,30,a2_age_features_v1,update,1269.0,177.9,2,177.9,1221.22,1197.33,1212.11,1185.37,1269.0,1269.0,review_required,"available is preprocessing completeness, not validated detection readiness; no population cutoff calibrated"
2025-07-01T00:00:00.000,1123074,일원2동,13.346066270178419,5.799753610875106,23.639414473801423,11.930739354908345,833.8392900901221,541.9159750267374,0.953763806287171,0.959711129991504,0.944587935429057,0.92945624468989,0.0,0.0,0.0,10.0,293.9,0.0,31,23,8,True,five_year,35,a2_age_features_v1,update,1177.0,149.11,2,149.11,1122.58,1111.78,1129.58,1093.97,1177.0,1177.0,review_required,"available is preprocessing completeness, not validated detection readiness; no population cutoff calibrated"
2025-07-01T00:00:00.000,1123074,일원2동,14.43468899521531,6.277208931419458,23.7436096752253,12.036962430747923,846.3967857597489,559.997157902983,0.937958532695375,0.939673046251994,0.921212121212121,0.916164274322169,0.0,0.0,0.0,10.0,293.9,0.0,31,23,8,True,five_year,40,a2_age_features_v1,update,1254.0,108.65,2,108.65,1176.2,1155.1999999999998,1178.35,1148.87,1254.0,1254.0,review_required,"available is preprocessing completeness, not validated detection readiness; no population cutoff calibrated"
2025-07-01T00:00:00.000,1123074,일원2동,14.471185527328714,6.327105465742879,23.623985362057258,11.693619687400531,863.6230081515462,538.1205813502436,0.929807544264819,0.933056197074673,0.919060816012317,0.912902232486528,0.0,0.0,0.0,10.0,293.9,0.0,31,23,8,True,five_year,45,a2_age_features_v1,update,1299.0,111.32,2,111.32,1207.8200000000002,1193.8600000000001,1212.04,1185.8600000000001,1299.0,1299.0,review_required,"available is preprocessing completeness, not validated detection readiness; no population cutoff calibrated"
2025-07-01T00:00:00.000,1123074,일원2동,15.876336065573769,6.10577049180328,24.421561975493315,12.120284877789112,889.5213720612454,566.0467189346992,0.942532786885246,0.935770491803278,0.923893442622951,0.915311475409836,0.0,0.0,0.0,10.0,293.9,0.0,31,23,8,True,five_year,50,a2_age_features_v1,update,1220.0,116.6,2,116.6,1149.8899999999999,1127.15,1141.6399999999999,1116.6799999999998,1220.0,1220.0,review_required,"available is preprocessing completeness, not validated detection readiness; no population cutoff calibrated"
2025-07-01T00:00:00.000,1123074,일원2동,15.013263246425568,5.580243902439024,24.04189647258218,12.128623947366009,874.0446927189204,571.6458913855238,0.952767031118587,0.939217830109336,0.917838519764508,0.903187552565181,0.0,0.0,0.0,10.0,293.9,0.0,31,23,8,True,five_year,55,a2_age_features_v1,update,1189.0,123.97,2,123.97,1132.8400000000001,1091.31,1116.73,1073.8899999999999,1189.0,1189.0,review_required,"available is preprocessing completeness, not validated detection readiness; no population cutoff calibrated"
2025-07-01T00:00:00.000,1123074,일원2동,14.767545963229415,5.19154276578737,22.14113506916192,11.285993248214673,794.9888593323874,539.8548015102955,0.943117505995204,0.940871302957634,0.923461231015188,0.9103517186251,0.0,0.0,0.0,10.0,293.9,0.0,31,23,8,True,five_year,60,a2_age_features_v1,update,1251.0,142.53,2,142.53,1179.8400000000001,1155.25,1177.0300000000002,1138.85,1251.0,1251.0,review_required,"available is preprocessing completeness, not validated detection readiness; no population cutoff calibrated"
2025-07-01T00:00:00.000,1123074,일원2동,12.772877516778523,4.160931208053691,20.194434544208363,10.583700025144582,685.5720275467869,480.8547895216995,0.942474832214765,0.942265100671141,0.934194630872483,0.901191275167785,0.0,0.0,0.0,10.0,293.9,0.0,31,23,8,True,five_year,65,a2_age_features_v1,update,1192.0,384.83000000000004,2,384.83000000000004,1123.4299999999998,1113.56,1123.1799999999998,1074.22,1192.0,1192.0,review_required,"available is preprocessing completeness, not validated detection readiness; no population cutoff calibrated"
2025-07-01T00:00:00.000,1123074,일원2동,11.606815286624203,3.888726114649682,17.629197247706422,9.591564792176039,596.8619529411765,412.44882352941175,0.925690021231422,0.902335456475584,0.868365180467091,0.830148619957537,0.0,0.0,0.0,10.0,293.9,0.0,31,23,8,True,five_year,70,a2_age_features_v1,update,942.0,302.21000000000004,2,302.21000000000004,872.0,818.0,850.0,782.0,942.0,942.0,review_required,"available is preprocessing completeness, not validated detection readiness; no population cutoff calibrated"
2025-07-01T00:00:00.000,1123074,일원2동,9.00625,3.04875,12.341171875,7.060403587443945,353.4424089068826,228.3828537735849,0.853333333333333,0.823333333333333,0.743333333333333,0.706666666666667,0.0,0.0,0.0,10.0,293.9,0.0,31,23,8,True,five_year,75,a2_age_features_v1,update,1200.0,634.24,2,634.24,1024.0,892.0,988.0,848.0,1200.0,1200.0,review_required,"available is preprocessing completeness, not validated detection readiness; no population cutoff calibrated"
2025-07-01T00:00:00.000,1123074,일원2동,6.613859315589354,3.479347275031686,21.89833279722713,11.490518510608478,702.4485326115556,481.7357867292757,0.965354879594423,0.963447401774398,0.949512040557668,0.92850443599493,0.0,0.0,0.0,10.0,293.9,0.0,31,23,8,True,service,20s,a2_age_features_v1,update,1578.0,127.53,4,127.53,1523.33,1498.33,1520.32,1465.18,1578.0,1578.0,review_required,"available is preprocessing completeness, not validated detection readiness; no population cutoff calibrated"
2025-07-01T00:00:00.000,1123074,일원2동,12.31786590351594,5.495801308258382,23.82394871576073,12.127965796345777,842.0833436962193,566.27845485974,0.958217497955846,0.957354865085854,0.94403515944399,0.931864268192968,0.0,0.0,0.0,10.0,293.9,0.0,31,23,8,True,service,30s,a2_age_features_v1,update,2446.0,327.01,4,327.01,2343.8,2309.11,2341.6899999999996,2279.34,2446.0,2446.0,review_required,"available is preprocessing completeness, not validated detection readiness; no population cutoff calibrated"
2025-07-01T00:00:00.000,1123074,일원2동,14.453258911084998,6.302596944770857,23.68300421137406,11.86246575225835,855.1312895803616,548.8855702372438,0.933811202506855,0.936306306306306,0.920117508813161,0.914504504504504,0.0,0.0,0.0,10.0,293.9,0.0,31,23,8,True,service,40s,a2_age_features_v1,update,2553.0,219.97,4,219.97,2384.02,2349.06,2390.39,2334.73,2553.0,2553.0,review_required,"available is preprocessing completeness, not validated detection readiness; no population cutoff calibrated"
2025-07-01T00:00:00.000,1123074,일원2동,15.450352843503529,5.846388542963886,24.233147108944113,12.124387052279507,881.8683868896593,568.7916188024122,0.947584059775841,0.93747198007472,0.920904939809049,0.909327521793275,0.0,0.0,0.0,10.0,293.9,0.0,31,23,8,True,service,50s,a2_age_features_v1,update,2409.0,240.57,4,240.57,2282.73,2218.46,2258.37,2190.5699999999997,2409.0,2409.0,review_required,"available is preprocessing completeness, not validated detection readiness; no population cutoff calibrated"
2025-07-01T00:00:00.000,1123074,일원2동,12.091731733914939,4.095121046892038,18.29366780416596,9.793759616568773,619.1759932434555,428.70962868227747,0.915871319520174,0.902553980370774,0.867788440567067,0.83818320610687,0.0,0.0,0.0,10.0,293.9,0.0,31,23,8,True,service,60plus,a2_age_features_v1,update,4585.0,1463.81,8,1463.81,4199.27,3978.81,4138.21,3843.0699999999997,4585.0,4585.0,review_required,"available is preprocessing completeness, not validated detection readiness; no population cutoff calibrated"
2025-08-01T00:00:00.000,1123074,일원2동,4.789152542372881,2.838305084745762,21.296581567526168,8.952304078675857,713.3537809548124,349.0923966636915,0.995847457627119,0.995847457627119,0.965127118644068,0.917824858757062,0.0,0.0,0.0,12.0,290.3,0.0,31,21,10,True,five_year,20,a2_age_features_v1,update,708.0,54.150000000000006,2,54.150000000000006,705.06,683.31,705.06,649.8199999999999,708.0,708.0,review_required,"available is preprocessing completeness, not validated detection readiness; no population cutoff calibrated"
2025-08-01T00:00:00.000,1123074,일원2동,7.643471264367816,3.985747126436781,23.953187531422824,9.776258429219624,749.8088084464555,418.6944449198938,0.960206896551724,0.960206896551724,0.917034482758621,0.913298850574713,0.0,0.0,0.0,12.0,290.3,0.0,31,21,10,True,five_year,25,a2_age_features_v1,update,870.0,71.97999999999999,2,71.97999999999999,835.3800000000001,797.8199999999999,835.3800000000001,794.5699999999999,870.0,870.0,review_required,"available is preprocessing completeness, not validated detection readiness; no population cutoff calibrated"
2025-08-01T00:00:00.000,1123074,일원2동,11.104208037825057,5.099913317572891,26.29906318762521,9.775113399952254,930.6108491299009,452.5118044161285,0.959779353821907,0.943254531126872,0.924223798266351,0.902915681639086,0.0,0.0,0.0,12.0,290.3,0.0,31,21,10,True,five_year,30,a2_age_features_v1,update,1269.0,175.09,2,175.09,1217.96,1172.84,1196.99,1145.8,1269.0,1269.0,review_required,"available is preprocessing completeness, not validated detection readiness; no population cutoff calibrated"
2025-08-01T00:00:00.000,1123074,일원2동,13.336414613423958,5.744834324553951,25.877321236677528,9.785343466715503,903.8178664054814,407.2189065460201,0.964570943075616,0.958530161427358,0.92786745964316,0.901401869158878,0.0,0.0,0.0,12.0,290.3,0.0,31,21,10,True,five_year,35,a2_age_features_v1,update,1177.0,149.57,2,149.57,1135.3000000000002,1092.1,1128.19,1060.95,1177.0,1177.0,review_required,"available is preprocessing completeness, not validated detection readiness; no population cutoff calibrated"
2025-08-01T00:00:00.000,1123074,일원2동,14.095470494417864,6.21920255183413,25.709916289213222,9.798789136108287,932.336781318187,412.9318745225447,0.950717703349282,0.957527910685806,0.901395534290271,0.908173843700159,0.0,0.0,0.0,12.0,290.3,0.0,31,21,10,True,five_year,40,a2_age_features_v1,update,1254.0,108.28999999999999,2,108.28999999999999,1192.2,1130.35,1200.74,1138.85,1254.0,1254.0,review_required,"available is preprocessing completeness, not validated detection readiness; no population cutoff calibrated"
2025-08-01T00:00:00.000,1123074,일원2동,14.241261261261261,6.221441441441441,26.187935999999997,9.524118616144975,971.3551534733442,410.1730348258706,0.938438438438438,0.929429429429429,0.911411411411412,0.905405405405405,0.0,0.0,0.0,12.0,290.3,0.0,31,21,10,True,five_year,45,a2_age_features_v1,update,1332.0,114.63,2,114.63,1250.0,1214.0,1238.0,1206.0,1332.0,1332.0,review_required,"available is preprocessing completeness, not validated detection readiness; no population cutoff calibrated"
2025-08-01T00:00:00.000,1123074,일원2동,15.41056557377049,5.938516393442622,26.351266282891874,9.827655216885855,943.5849195149035,437.03658161815264,0.942606557377049,0.937450819672131,0.902491803278688,0.89405737704918,0.0,0.0,0.0,12.0,290.3,0.0,31,21,10,True,five_year,50,a2_age_features_v1,update,1220.0,117.83000000000001,2,117.83000000000001,1149.98,1101.04,1143.69,1090.75,1220.0,1220.0,review_required,"available is preprocessing completeness, not validated detection readiness; no population cutoff calibrated"
2025-08-01T00:00:00.000,1123074,일원2동,14.773935264054517,5.636311754684839,26.01277137659187,9.726163028585372,938.2284831763606,445.9312696265244,0.955127768313458,0.947802385008518,0.907649063032368,0.894037478705281,0.0,0.0,0.0,12.0,290.3,0.0,31,21,10,True,five_year,55,a2_age_features_v1,update,1174.0,122.42,2,122.42,1121.32,1065.58,1112.72,1049.6,1174.0,1174.0,review_required,"available is preprocessing completeness, not validated detection readiness; no population cutoff calibrated"
2025-08-01T00:00:00.000,1123074,일원2동,13.98056754596323,4.956890487609912,24.205980592011052,9.23258647325286,835.7815924653198,407.8325799133842,0.948952837729816,0.946754596322942,0.915851318944844,0.89150279776179,0.0,0.0,0.0,12.0,290.3,0.0,31,21,10,True,five_year,60,a2_age_features_v1,update,1251.0,147.14,2,147.14,1187.1399999999999,1145.73,1184.3899999999999,1115.27,1251.0,1251.0,review_required,"available is preprocessing completeness, not validated detection readiness; no population cutoff calibrated"
2025-08-01T00:00:00.000,1123074,일원2동,12.7392533557047,4.048238255033557,21.21068045042394,8.660027258308086,688.103285391991,346.8237541801115,0.940947986577181,0.922197986577181,0.883296979865772,0.857969798657718,0.0,0.0,0.0,12.0,290.3,0.0,31,21,10,True,five_year,65,a2_age_features_v1,update,1192.0,395.92,2,395.92,1121.6100000000001,1052.8899999999999,1099.26,1022.6999999999999,1192.0,1192.0,review_required,"available is preprocessing completeness, not validated detection readiness; no population cutoff calibrated"
2025-08-01T00:00:00.000,1123074,일원2동,11.12119658119658,3.824615384615384,19.12337182448037,7.8801269035533,589.0455082742317,336.465698005698,0.925213675213675,0.903846153846154,0.841880341880342,0.75,0.0,0.0,0.0,12.0,290.3,0.0,31,21,10,True,five_year,70,a2_age_features_v1,update,936.0,304.24,2,304.24,866.0,788.0,846.0,702.0,936.0,936.0,review_required,"available is preprocessing completeness, not validated detection readiness; no population cutoff calibrated"
2025-08-01T00:00:00.000,1123074,일원2동,8.705479452054794,3.013424657534247,13.288235294117648,6.013134328358208,347.5660042283298,188.48828729281772,0.844178082191781,0.809931506849315,0.688356164383562,0.61986301369863,0.0,0.0,0.0,12.0,290.3,0.0,31,21,10,True,five_year,75,a2_age_features_v1,update,1168.0,630.74,2,630.74,986.0,804.0,946.0,724.0,1168.0,1168.0,review_required,"available is preprocessing completeness, not validated detection readiness; no population cutoff calibrated"
2025-08-01T00:00:00.000,1123074,일원2동,6.362826362484157,3.470925221799746,22.737257926306768,9.39613227738281,733.1233278803459,387.3810164152341,0.976197718631179,0.976197718631179,0.93861216730038,0.915329531051965,0.0,0.0,0.0,12.0,290.3,0.0,31,21,10,True,service,20s,a2_age_features_v1,update,1578.0,126.13,4,126.13,1540.44,1481.13,1540.44,1444.3899999999999,1578.0,1578.0,review_required,"available is preprocessing completeness, not validated detection readiness; no population cutoff calibrated"
2025-08-01T00:00:00.000,1123074,일원2동,12.178331970564185,5.410245298446442,26.095599211306872,9.780046093936264,917.6107479851023,430.7361161889657,0.962085036794767,0.950605069501226,0.925977105478332,0.902187244480785,0.0,0.0,0.0,12.0,290.3,0.0,31,21,10,True,service,30s,a2_age_features_v1,update,2446.0,324.66,4,324.66,2353.26,2264.9399999999996,2325.18,2206.75,2446.0,2446.0,review_required,"available is preprocessing completeness, not validated detection readiness; no population cutoff calibrated"
2025-08-01T00:00:00.000,1123074,일원2동,14.170564578499613,6.220355761794277,25.95458283514864,9.656553543626165,952.1440361826187,411.5129519159007,0.944392884764114,0.943054911059552,0.906554524361949,0.906747873163186,0.0,0.0,0.0,12.0,290.3,0.0,31,21,10,True,service,40s,a2_age_features_v1,update,2586.0,222.92000000000002,4,222.92000000000002,2442.2,2344.35,2438.74,2344.85,2586.0,2586.0,review_required,"available is preprocessing completeness, not validated detection readiness; no population cutoff calibrated"
2025-08-01T00:00:00.000,1123074,일원2동,15.098366750208855,5.79031746031746,26.18415444899397,9.777739659008043,940.9434608072115,441.39842175345154,0.94874686716792,0.942527151211362,0.905020885547201,0.894047619047619,0.0,0.0,0.0,12.0,290.3,0.0,31,21,10,True,service,50s,a2_age_features_v1,update,2394.0,240.25,4,240.25,2271.3,2166.62,2256.41,2140.35,2394.0,2394.0,review_required,"available is preprocessing completeness, not validated detection readiness; no population cutoff calibrated"
2025-08-01T00:00:00.000,1123074,일원2동,11.711528480316694,3.98638442929404,19.753419239319832,8.10954603732371,631.4147970998491,331.7100129350135,0.915053881680229,0.896338244996701,0.833652957994282,0.783806905652078,0.0,0.0,0.0,12.0,290.3,0.0,31,21,10,True,service,60plus,a2_age_features_v1,update,4547.0,1478.04,8,1478.04,4160.75,3790.62,4075.65,3563.97,4547.0,4547.0,review_required,"available is preprocessing completeness, not validated detection readiness; no population cutoff calibrated"
2025-09-01T00:00:00.000,1123074,일원2동,5.261016949152543,2.82978813559322,34.94415077675947,13.078014089926885,1085.6082647786993,490.9603287585684,0.975550847457627,0.975550847457627,0.954322033898305,0.949901129943503,0.0,0.0,0.0,13.0,370.7,0.0,30,22,8,True,five_year,20,a2_age_features_v1,update,708.0,53.54,2,53.54,690.69,675.66,690.69,672.53,708.0,708.0,review_required,"available is preprocessing completeness, not validated detection readiness; no population cutoff calibrated"
2025-09-01T00:00:00.000,1123074,일원2동,7.84832183908046,4.015793103448275,37.08624171087533,13.535582071471834,1177.0718917197453,581.0255314468553,0.970666666666667,0.97448275862069,0.948850574712644,0.919632183908046,0.0,0.0,0.0,13.0,370.7,0.0,30,22,8,True,five_year,25,a2_age_features_v1,update,870.0,70.18,2,70.18,844.48,825.5,847.8,800.0799999999999,870.0,870.0,review_required,"available is preprocessing completeness, not validated detection readiness; no population cutoff calibrated"
2025-09-01T00:00:00.000,1123074,일원2동,10.712892040977147,5.177084318360915,40.216376913388885,14.128874766479854,1310.9925921749916,656.4935600918348,0.976075650118203,0.978455476753349,0.944869976359338,0.947328605200946,0.0,0.0,0.0,13.0,370.7,0.0,30,22,8,True,five_year,30,a2_age_features_v1,update,1269.0,177.26999999999998,2,177.26999999999998,1238.6399999999999,1199.04,1241.6599999999999,1202.1599999999999,1269.0,1269.0,review_required,"available is preprocessing completeness, not validated detection readiness; no population cutoff calibrated"
2025-09-01T00:00:00.000,1123074,일원2동,13.491546304163126,5.674706881903143,39.74645391181768,14.26242163186144,1381.0960531589496,586.4503464877089,0.976389124893798,0.966627017841971,0.941843670348343,0.93179269328802,0.0,0.0,0.0,13.0,370.7,0.0,30,22,8,True,five_year,35,a2_age_features_v1,update,1177.0,150.56,2,150.56,1149.21,1108.55,1137.7199999999998,1096.7199999999998,1177.0,1177.0,review_required,"available is preprocessing completeness, not validated detection readiness; no population cutoff calibrated"
2025-09-01T00:00:00.000,1123074,일원2동,14.159074960127592,6.21280701754386,39.86113522746209,14.040068499015327,1412.3187646063009,610.8490003688676,0.957097288676236,0.96566985645933,0.93133971291866,0.929609250398724,0.0,0.0,0.0,13.0,370.7,0.0,30,22,8,True,five_year,40,a2_age_features_v1,update,1254.0,108.35,2,108.35,1200.1999999999998,1167.9,1210.9499999999998,1165.73,1254.0,1254.0,review_required,"available is preprocessing completeness, not validated detection readiness; no population cutoff calibrated"
2025-09-01T00:00:00.000,1123074,일원2동,14.504,6.128727272727272,39.3873417721519,13.772039151712887,1437.9584858044166,614.0682594417077,0.957575757575758,0.960606060606061,0.928787878787879,0.922727272727273,0.0,0.0,0.0,13.0,370.7,0.0,30,22,8,True,five_year,45,a2_age_features_v1,update,1320.0,114.00999999999999,2,114.00999999999999,1264.0,1226.0,1268.0,1218.0,1320.0,1320.0,review_required,"available is preprocessing completeness, not validated detection readiness; no population cutoff calibrated"
2025-09-01T00:00:00.000,1123074,일원2동,15.675073770491803,6.044147540983605,40.82136617988262,14.054792005659708,1450.4041073042265,659.2774107768912,0.960918032786885,0.952401639344262,0.926885245901639,0.9235,0.0,0.0,0.0,13.0,370.7,0.0,30,22,8,True,five_year,50,a2_age_features_v1,update,1220.0,116.13,2,116.13,1172.3200000000002,1130.8,1161.9299999999998,1126.67,1220.0,1220.0,review_required,"available is preprocessing completeness, not validated detection readiness; no population cutoff calibrated"
2025-09-01T00:00:00.000,1123074,일원2동,15.228262350936967,5.607776831345827,39.242871348772766,13.433690835574582,1407.9097395126764,611.3999716066228,0.971354344122658,0.966933560477002,0.931124361158433,0.923986371379898,0.0,0.0,0.0,13.0,370.7,0.0,30,22,8,True,five_year,55,a2_age_features_v1,update,1174.0,122.1,2,122.1,1140.37,1093.14,1135.18,1084.76,1174.0,1174.0,review_required,"available is preprocessing completeness, not validated detection readiness; no population cutoff calibrated"
2025-09-01T00:00:00.000,1123074,일원2동,14.385907274180656,5.1496482813749,36.7013495004301,12.995912120880138,1265.1581035293732,566.5288570052539,0.966458832933653,0.968689048760991,0.948545163868905,0.912869704236611,0.0,0.0,0.0,13.0,370.7,0.0,30,22,8,True,five_year,60,a2_age_features_v1,update,1251.0,150.3,2,150.3,1209.04,1186.63,1211.83,1142.0,1251.0,1251.0,review_required,"available is preprocessing completeness, not validated detection readiness; no population cutoff calibrated"
2025-09-01T00:00:00.000,1123074,일원2동,12.82606543624161,4.214555369127517,32.834705726451936,11.83907061840148,1025.466117333522,470.02211290428335,0.949614093959732,0.947508389261745,0.919370805369128,0.895662751677852,0.0,0.0,0.0,13.0,370.7,0.0,30,22,8,True,five_year,65,a2_age_features_v1,update,1192.0,392.14,2,392.14,1131.94,1095.89,1129.43,1067.6299999999999,1192.0,1192.0,review_required,"available is preprocessing completeness, not validated detection readiness; no population cutoff calibrated"
2025-09-01T00:00:00.000,1123074,일원2동,11.327708333333332,3.93425,28.923391304347827,11.197738095238096,851.4225820568928,416.7905896805897,0.958333333333333,0.952083333333333,0.875,0.847916666666667,0.0,0.0,0.0,13.0,370.7,0.0,30,22,8,True,five_year,70,a2_age_features_v1,update,960.0,309.28999999999996,2,309.28999999999996,920.0,840.0,914.0,814.0,960.0,960.0,review_required,"available is preprocessing completeness, not validated detection readiness; no population cutoff calibrated"
2025-09-01T00:00:00.000,1123074,일원2동,8.89807560137457,3.049003436426117,19.161135940409686,8.131552106430155,495.49227799227805,250.522578313253,0.922680412371134,0.890034364261168,0.774914089347079,0.713058419243986,0.0,0.0,0.0,13.0,370.7,0.0,30,22,8,True,five_year,75,a2_age_features_v1,update,1164.0,622.17,2,622.17,1074.0,902.0,1036.0,830.0,1164.0,1164.0,review_required,"available is preprocessing completeness, not validated detection readiness; no population cutoff calibrated"
2025-09-01T00:00:00.000,1123074,일원2동,6.687477820025348,3.483669201520913,36.12249125504016,13.329634416051586,1136.010193241425,539.8934253468332,0.972858048162231,0.974961977186312,0.951305449936629,0.933212927756654,0.0,0.0,0.0,13.0,370.7,0.0,30,22,8,True,service,20s,a2_age_features_v1,update,1578.0,123.72,4,123.72,1535.17,1501.1599999999999,1538.49,1472.61,1578.0,1578.0,review_required,"available is preprocessing completeness, not validated detection readiness; no population cutoff calibrated"
2025-09-01T00:00:00.000,1123074,일원2동,12.049963205233032,5.416537203597711,39.99021521452352,14.193029740985184,1344.513135186477,623.0782477554286,0.976226492232216,0.972763695829926,0.943413736713001,0.939852820932134,0.0,0.0,0.0,13.0,370.7,0.0,30,22,8,True,service,30s,a2_age_features_v1,update,2446.0,327.83,4,327.83,2387.85,2307.59,2379.38,2298.88,2446.0,2446.0,review_required,"available is preprocessing completeness, not validated detection readiness; no population cutoff calibrated"
2025-09-01T00:00:00.000,1123074,일원2동,14.335959595959594,6.169689199689199,39.61810506452399,13.902801286603449,1425.433658605458,612.4939255704295,0.957342657342657,0.963073038073038,0.93003108003108,0.926080031080031,0.0,0.0,0.0,13.0,370.7,0.0,30,22,8,True,service,40s,a2_age_features_v1,update,2574.0,222.36,4,222.36,2464.2,2393.9,2478.95,2383.73,2574.0,2574.0,review_required,"available is preprocessing completeness, not validated detection readiness; no population cutoff calibrated"
2025-09-01T00:00:00.000,1123074,일원2동,15.455960735171262,5.830154553049289,40.04302228141255,13.749500256301879,1429.4043482898078,635.7923667491171,0.966035923141186,0.95952798663325,0.928964076858814,0.923738512949039,0.0,0.0,0.0,13.0,370.7,0.0,30,22,8,True,service,50s,a2_age_features_v1,update,2394.0,238.23,4,238.23,2312.69,2223.94,2297.11,2211.43,2394.0,2394.0,review_required,"available is preprocessing completeness, not validated detection readiness; no population cutoff calibrated"
2025-09-01T00:00:00.000,1123074,일원2동,11.93724545653602,4.114709875191592,29.69538415402147,11.215354452207965,928.1374191962268,440.1011366166445,0.94919640902124,0.939623385154368,0.881217429384716,0.84379899277425,0.0,0.0,0.0,13.0,370.7,0.0,30,22,8,True,service,60plus,a2_age_features_v1,update,4567.0,1473.9,8,1473.9,4334.9800000000005,4024.52,4291.26,3853.63,4567.0,4567.0,review_required,"available is preprocessing completeness, not validated detection readiness; no population cutoff calibrated"
2025-10-01T00:00:00.000,1123074,일원2동,5.067754237288136,2.82542372881356,34.23110968569596,15.362449941951294,1139.5582397626451,689.790670352051,0.990889830508475,0.985437853107345,0.985437853107345,0.97090395480226,0.0,0.0,0.0,15.0,186.3,0.0,31,23,8,True,five_year,20,a2_age_features_v1,update,708.0,52.86,2,52.86,701.55,697.69,697.69,687.4000000000001,708.0,708.0,review_required,"available is preprocessing completeness, not validated detection readiness; no population cutoff calibrated"
2025-10-01T00:00:00.000,1123074,일원2동,8.057586206896552,3.85048275862069,35.31349738132846,16.220227717120686,1181.1481035608697,768.9807048581177,0.967850574712644,0.968057471264368,0.946425287356322,0.946632183908046,0.0,0.0,0.0,15.0,186.3,0.0,31,23,8,True,five_year,25,a2_age_features_v1,update,870.0,70.41999999999999,2,70.41999999999999,842.03,823.39,842.21,823.5699999999999,870.0,870.0,review_required,"available is preprocessing completeness, not validated detection readiness; no population cutoff calibrated"
2025-10-01T00:00:00.000,1123074,일원2동,10.819637509850276,5.01037037037037,36.749414805391396,16.622919081788474,1270.5109565392843,888.5744913579036,0.978707643814027,0.976398739164697,0.959826635145784,0.964728132387707,0.0,0.0,0.0,15.0,186.3,0.0,31,23,8,True,five_year,30,a2_age_features_v1,update,1269.0,178.65,2,178.65,1241.98,1218.02,1239.0500000000002,1224.24,1269.0,1269.0,review_required,"available is preprocessing completeness, not validated detection readiness; no population cutoff calibrated"
2025-10-01T00:00:00.000,1123074,일원2동,13.086584536958368,5.454732370433304,36.11941988950276,16.76286643429516,1337.226823459914,813.748010537427,0.971894647408666,0.963627867459643,0.945760407816483,0.933678844519966,0.0,0.0,0.0,15.0,186.3,0.0,31,23,8,True,five_year,35,a2_age_features_v1,update,1177.0,151.32,2,151.32,1143.92,1113.16,1134.19,1098.94,1177.0,1177.0,review_required,"available is preprocessing completeness, not validated detection readiness; no population cutoff calibrated"
2025-10-01T00:00:00.000,1123074,일원2동,13.590637958532696,6.016395534290271,36.363402317061094,16.407491750567544,1293.5031910329294,822.2854563175616,0.966411483253589,0.966499202551834,0.944920255183413,0.945,0.0,0.0,0.0,15.0,186.3,0.0,31,23,8,True,five_year,40,a2_age_features_v1,update,1254.0,108.96000000000001,2,108.96000000000001,1211.88,1184.9299999999998,1211.99,1185.03,1254.0,1254.0,review_required,"available is preprocessing completeness, not validated detection readiness; no population cutoff calibrated"
2025-10-01T00:00:00.000,1123074,일원2동,13.683468296409472,5.887967914438503,36.47686239858623,15.983644327639071,1353.5051228763587,834.5923247473102,0.951031321619557,0.95868601986249,0.941802902979374,0.93720397249809,0.0,0.0,0.0,15.0,186.3,0.0,31,23,8,True,five_year,45,a2_age_features_v1,update,1309.0,113.68,2,113.68,1244.9,1232.8200000000002,1254.92,1226.8,1309.0,1309.0,review_required,"available is preprocessing completeness, not validated detection readiness; no population cutoff calibrated"
2025-10-01T00:00:00.000,1123074,일원2동,15.065795081967211,5.763967213114755,37.79706249521656,16.27303389964026,1457.5824169278455,894.5315434951642,0.963877049180328,0.946737704918033,0.936467213114754,0.938204918032787,0.0,0.0,0.0,15.0,186.3,0.0,31,23,8,True,five_year,50,a2_age_features_v1,update,1220.0,116.84,2,116.84,1175.9299999999998,1142.49,1155.02,1144.6100000000001,1220.0,1220.0,review_required,"available is preprocessing completeness, not validated detection readiness; no population cutoff calibrated"
2025-10-01T00:00:00.000,1123074,일원2동,14.788888888888891,5.568888888888889,36.24775666532279,15.403926444458333,1391.7826102989711,829.0117109460921,0.967752332485157,0.963723494486853,0.949932145886344,0.933172179813401,0.0,0.0,0.0,15.0,186.3,0.0,31,23,8,True,five_year,55,a2_age_features_v1,update,1179.0,120.64000000000001,2,120.64000000000001,1140.98,1119.97,1136.23,1100.21,1179.0,1179.0,review_required,"available is preprocessing completeness, not validated detection readiness; no population cutoff calibrated"
2025-10-01T00:00:00.000,1123074,일원2동,14.1166826538769,5.07361310951239,33.28214785040196,15.194803674229597,1226.8640821917809,780.7969782230488,0.96052757793765,0.962829736211031,0.944204636290967,0.932717825739408,0.0,0.0,0.0,15.0,186.3,0.0,31,23,8,True,five_year,60,a2_age_features_v1,update,1251.0,149.84,2,149.84,1201.62,1181.2,1204.5,1166.83,1251.0,1251.0,review_required,"available is preprocessing completeness, not validated detection readiness; no population cutoff calibrated"
2025-10-01T00:00:00.000,1123074,일원2동,12.649530201342282,4.129169463087248,30.235745643592956,13.686500479644257,986.7917903860749,619.4430074315751,0.958531879194631,0.950453020134228,0.935746644295302,0.925671140939597,0.0,0.0,0.0,15.0,186.3,0.0,31,23,8,True,five_year,65,a2_age_features_v1,update,1192.0,392.28,2,392.28,1142.57,1115.4099999999999,1132.94,1103.4,1192.0,1192.0,review_required,"available is preprocessing completeness, not validated detection readiness; no population cutoff calibrated"
2025-10-01T00:00:00.000,1123074,일원2동,11.199853862212942,3.996910229645094,26.1937908496732,12.517529137529138,815.6722737306843,531.2883962264151,0.958246346555324,0.945720250521921,0.895615866388309,0.88517745302714,0.0,0.0,0.0,15.0,186.3,0.0,31,23,8,True,five_year,70,a2_age_features_v1,update,958.0,303.28,2,303.28,918.0,858.0,906.0,848.0,958.0,958.0,review_required,"available is preprocessing completeness, not validated detection readiness; no population cutoff calibrated"
2025-10-01T00:00:00.000,1123074,일원2동,8.943216783216782,3.07979020979021,18.083992537313435,9.131139240506329,511.0268884540117,315.8453319057816,0.937062937062937,0.893356643356643,0.828671328671329,0.816433566433566,0.0,0.0,0.0,15.0,186.3,0.0,31,23,8,True,five_year,75,a2_age_features_v1,update,1144.0,629.0,2,629.0,1072.0,948.0,1022.0,934.0,1144.0,1144.0,review_required,"available is preprocessing completeness, not validated detection readiness; no population cutoff calibrated"
2025-10-01T00:00:00.000,1123074,일원2동,6.716140684410647,3.390570342205323,34.82155715933091,15.826781628842665,1162.3047812195598,732.9540268172102,0.978187579214195,0.975855513307985,0.963929024081115,0.957522179974651,0.0,0.0,0.0,15.0,186.3,0.0,31,23,8,True,service,20s,a2_age_features_v1,update,1578.0,123.28,4,123.28,1543.58,1521.08,1539.9,1510.97,1578.0,1578.0,review_required,"available is preprocessing completeness, not validated detection readiness; no population cutoff calibrated"
2025-10-01T00:00:00.000,1123074,일원2동,11.910478331970564,5.224194603434178,36.447363678276545,16.689745236318085,1302.3949923311593,853.1791225819783,0.975429272281276,0.970253475061324,0.953058053965658,0.949787408013082,0.0,0.0,0.0,15.0,186.3,0.0,31,23,8,True,service,30s,a2_age_features_v1,update,2446.0,329.97,4,329.97,2385.9,2331.1800000000003,2373.2400000000002,2323.1800000000003,2446.0,2446.0,review_required,"available is preprocessing completeness, not validated detection readiness; no population cutoff calibrated"
2025-10-01T00:00:00.000,1123074,일원2동,13.638049161139287,5.950803745610613,36.42089482981789,16.19137032364802,1324.0262438840493,828.5454606253343,0.958556379243075,0.962508778774873,0.943328131096372,0.941018337885291,0.0,0.0,0.0,15.0,186.3,0.0,31,23,8,True,service,40s,a2_age_features_v1,update,2563.0,222.64,4,222.64,2456.78,2417.75,2466.91,2411.83,2563.0,2563.0,review_required,"available is preprocessing completeness, not validated detection readiness; no population cutoff calibrated"
2025-10-01T00:00:00.000,1123074,일원2동,14.929708211754896,5.668095039599834,37.034095023112684,15.84280561866287,1424.9523179487178,862.4195813027325,0.965781575656524,0.95508545227178,0.94308461859108,0.935731554814506,0.0,0.0,0.0,15.0,186.3,0.0,31,23,8,True,service,50s,a2_age_features_v1,update,2399.0,237.48000000000002,4,237.48000000000002,2316.91,2262.46,2291.25,2244.82,2399.0,2399.0,review_required,"available is preprocessing completeness, not validated detection readiness; no population cutoff calibrated"
2025-10-01T00:00:00.000,1123074,일원2동,11.814897689768975,4.097113311331134,27.218670708944465,12.823671175178728,904.2448699313551,577.4802645703724,0.953617161716172,0.938490649064907,0.902664466446644,0.891579757975798,0.0,0.0,0.0,15.0,186.3,0.0,31,23,8,True,service,60plus,a2_age_features_v1,update,4545.0,1474.4,8,1474.4,4334.19,4102.61,4265.44,4052.23,4545.0,4545.0,review_required,"available is preprocessing completeness, not validated detection readiness; no population cutoff calibrated"
2025-11-01T00:00:00.000,1123074,일원2동,4.934957627118644,2.712584745762712,23.901297379990496,9.481125979451955,786.9153053144285,463.7200705494304,0.950960451977401,0.945353107344633,0.949957627118644,0.924943502824859,0.0,0.0,0.0,6.0,20.8,0.0,30,20,10,True,five_year,20,a2_age_features_v1,update,708.0,52.96,2,52.96,673.28,672.5699999999999,669.31,654.86,708.0,708.0,review_required,"available is preprocessing completeness, not validated detection readiness; no population cutoff calibrated"
2025-11-01T00:00:00.000,1123074,일원2동,8.097103448275861,3.84032183908046,23.650459052603775,10.245876457681025,798.9417233819579,505.16467741534797,0.957494252873563,0.954218390804598,0.932436781609195,0.92535632183908,0.0,0.0,0.0,6.0,20.8,0.0,30,20,10,True,five_year,25,a2_age_features_v1,update,870.0,71.46000000000001,2,71.46000000000001,833.02,811.22,830.1700000000001,805.06,870.0,870.0,review_required,"available is preprocessing completeness, not validated detection readiness; no population cutoff calibrated"
2025-11-01T00:00:00.000,1123074,일원2동,10.992237982663514,4.91739952718676,24.2102665342273,10.626748613694069,862.4853817732962,617.0830677060776,0.952009456264775,0.9448463356974,0.927966903073286,0.927966903073286,0.0,0.0,0.0,6.0,20.8,0.0,30,20,10,True,five_year,30,a2_age_features_v1,update,1269.0,177.12,2,177.12,1208.1,1177.5900000000001,1199.0100000000002,1177.5900000000001,1269.0,1269.0,review_required,"available is preprocessing completeness, not validated detection readiness; no population cutoff calibrated"
2025-11-01T00:00:00.000,1123074,일원2동,13.21143585386576,5.334740866610026,24.310406772441695,10.685352112676055,920.6834225002697,557.242106916475,0.957451146983857,0.945216652506372,0.916907391673747,0.908768054375531,0.0,0.0,0.0,6.0,20.8,0.0,30,20,10,True,five_year,35,a2_age_features_v1,update,1177.0,151.87,2,151.87,1126.92,1079.2,1112.52,1069.62,1177.0,1177.0,review_required,"available is preprocessing completeness, not validated detection readiness; no population cutoff calibrated"
2025-11-01T00:00:00.000,1123074,일원2동,13.26902711323764,5.793987240829346,23.948320242407828,10.469465358008218,888.9714509489074,577.9671228886575,0.942169059011164,0.933668261562998,0.908357256778309,0.911666666666667,0.0,0.0,0.0,6.0,20.8,0.0,30,20,10,True,five_year,40,a2_age_features_v1,update,1254.0,108.82,2,108.82,1181.48,1139.08,1170.8200000000002,1143.23,1254.0,1254.0,review_required,"available is preprocessing completeness, not validated detection readiness; no population cutoff calibrated"
2025-11-01T00:00:00.000,1123074,일원2동,14.096757176105509,5.842273079906905,24.129275746627332,10.273841738417383,935.7210498356518,593.7221834522866,0.936198603568658,0.934647013188518,0.908238944918542,0.909798293250582,0.0,0.0,0.0,6.0,20.8,0.0,30,20,10,True,five_year,45,a2_age_features_v1,update,1289.0,111.03,2,111.03,1206.76,1170.72,1204.76,1172.73,1289.0,1289.0,review_required,"available is preprocessing completeness, not validated detection readiness; no population cutoff calibrated"
2025-11-01T00:00:00.000,1123074,일원2동,15.447057377049184,5.73761475409836,25.558333435677003,10.472905323258976,1011.035383069336,624.2068445937425,0.934385245901639,0.925762295081967,0.910172131147541,0.910147540983607,0.0,0.0,0.0,6.0,20.8,0.0,30,20,10,True,five_year,50,a2_age_features_v1,update,1220.0,116.81,2,116.81,1139.9499999999998,1110.4099999999999,1129.4299999999998,1110.38,1220.0,1220.0,review_required,"available is preprocessing completeness, not validated detection readiness; no population cutoff calibrated"
2025-11-01T00:00:00.000,1123074,일원2동,15.1139422259983,5.678530161427357,24.588648313292808,10.127105049430083,974.3539543258355,594.2192931392931,0.951767204757859,0.939014443500425,0.910118946474087,0.899065420560748,0.0,0.0,0.0,6.0,20.8,0.0,30,20,10,True,five_year,55,a2_age_features_v1,update,1177.0,123.14,2,123.14,1120.23,1071.21,1105.22,1058.2,1177.0,1177.0,review_required,"available is preprocessing completeness, not validated detection readiness; no population cutoff calibrated"
2025-11-01T00:00:00.000,1123074,일원2동,14.352374100719425,5.122318145483613,21.958482882303674,9.762305471506723,835.7320788696211,562.5522892264356,0.944932054356515,0.933453237410072,0.922006394884093,0.89673860911271,0.0,0.0,0.0,6.0,20.8,0.0,30,20,10,True,five_year,60,a2_age_features_v1,update,1251.0,150.19,2,150.19,1182.1100000000001,1153.4299999999998,1167.75,1121.8200000000002,1251.0,1251.0,review_required,"available is preprocessing completeness, not validated detection readiness; no population cutoff calibrated"
2025-11-01T00:00:00.000,1123074,일원2동,13.127609060402685,4.053347315436242,20.686047472456252,9.111292664874034,720.9420611021781,457.6233159771352,0.932013422818792,0.918255033557047,0.895411073825503,0.889379194630872,0.0,0.0,0.0,6.0,20.8,0.0,30,20,10,True,five_year,65,a2_age_features_v1,update,1192.0,400.70000000000005,2,400.70000000000005,1110.96,1067.33,1094.56,1060.1399999999999,1192.0,1192.0,review_required,"available is preprocessing completeness, not validated detection readiness; no population cutoff calibrated"
2025-11-01T00:00:00.000,1123074,일원2동,11.622675159235671,4.065817409766455,17.729840182648402,7.998353808353809,624.5070212765957,404.894587628866,0.929936305732484,0.898089171974522,0.86411889596603,0.823779193205945,0.0,0.0,0.0,6.0,20.8,0.0,30,20,10,True,five_year,70,a2_age_features_v1,update,942.0,306.5,2,306.5,876.0,814.0,846.0,776.0,942.0,942.0,review_required,"available is preprocessing completeness, not validated detection readiness; no population cutoff calibrated"
2025-11-01T00:00:00.000,1123074,일원2동,9.136644518272426,3.039551495016611,12.605433070866141,6.378868360277136,384.19262931034484,245.79511904761907,0.843853820598007,0.770764119601329,0.719269102990033,0.697674418604651,0.0,0.0,0.0,6.0,20.8,0.0,30,20,10,True,five_year,75,a2_age_features_v1,update,1204.0,661.03,2,661.03,1016.0,866.0,928.0,840.0,1204.0,1204.0,review_required,"available is preprocessing completeness, not validated detection readiness; no population cutoff calibrated"
2025-11-01T00:00:00.000,1123074,일원2동,6.678346007604563,3.334340937896071,23.762577773351918,9.899231562417864,793.5735945127643,486.57433325113703,0.954562737642586,0.950240811153359,0.940297845373891,0.925171102661597,0.0,0.0,0.0,6.0,20.8,0.0,30,20,10,True,service,20s,a2_age_features_v1,update,1578.0,124.42,4,124.42,1506.3,1483.79,1499.48,1459.92,1578.0,1578.0,review_required,"available is preprocessing completeness, not validated detection readiness; no population cutoff calibrated"
2025-11-01T00:00:00.000,1123074,일원2동,12.060102207686016,5.118221586263286,24.258595900677513,10.65477288538145,890.495610612884,588.6001540131986,0.954627964022894,0.945024529844644,0.922645134914146,0.918728536385936,0.0,0.0,0.0,6.0,20.8,0.0,30,20,10,True,service,30s,a2_age_features_v1,update,2446.0,328.99,4,328.99,2335.02,2256.79,2311.53,2247.21,2446.0,2446.0,review_required,"available is preprocessing completeness, not validated detection readiness; no population cutoff calibrated"
2025-11-01T00:00:00.000,1123074,일원2동,13.688588281557214,5.818462445930004,24.039755719693165,10.370313706814443,912.680207023127,585.9449947753847,0.939142744789618,0.934164372788046,0.908297286669288,0.910719622493118,0.0,0.0,0.0,6.0,20.8,0.0,30,20,10,True,service,40s,a2_age_features_v1,update,2543.0,219.85,4,219.85,2388.24,2309.8,2375.58,2315.96,2543.0,2543.0,review_required,"available is preprocessing completeness, not validated detection readiness; no population cutoff calibrated"
2025-11-01T00:00:00.000,1123074,일원2동,15.28348769294952,5.70860241969128,25.077721110707998,10.303111907664945,992.8933703711991,609.5738465262983,0.942920317062995,0.932269503546099,0.91014601585315,0.904705882352941,0.0,0.0,0.0,6.0,20.8,0.0,30,20,10,True,service,50s,a2_age_features_v1,update,2397.0,239.95,4,239.95,2260.18,2181.62,2234.65,2168.58,2397.0,2397.0,review_required,"available is preprocessing completeness, not validated detection readiness; no population cutoff calibrated"
2025-11-01T00:00:00.000,1123074,일원2동,12.1054717803443,4.081331444759207,18.464965580026142,8.464927860211857,656.5165157036997,430.9927675120328,0.911978644584877,0.879561996077577,0.850023970363914,0.827622575724559,0.0,0.0,0.0,6.0,20.8,0.0,30,20,10,True,service,60plus,a2_age_features_v1,update,4589.0,1518.42,8,1518.42,4185.07,3900.76,4036.31,3797.96,4589.0,4589.0,review_required,"available is preprocessing completeness, not validated detection readiness; no population cutoff calibrated"
2025-12-01T00:00:00.000,1123074,일원2동,5.133347457627118,2.749576271186441,21.27199925427715,9.94941466555453,793.6002727836332,491.1775549543457,0.984901129943503,0.979646892655367,0.96521186440678,0.960607344632768,0.0,0.0,0.0,10.0,41.2,6.0,31,23,8,True,five_year,20,a2_age_features_v1,update,708.0,54.18,2,54.18,697.31,683.37,693.59,680.11,708.0,708.0,review_required,"available is preprocessing completeness, not validated detection readiness; no population cutoff calibrated"
2025-12-01T00:00:00.000,1123074,일원2동,8.252781609195402,3.715793103448275,22.38302291830441,10.85903201582017,832.772604351958,564.0714860269112,0.950402298850575,0.943425287356322,0.918367816091954,0.932827586206896,0.0,0.0,0.0,10.0,41.2,6.0,31,23,8,True,five_year,25,a2_age_features_v1,update,870.0,71.68,2,71.68,826.85,798.98,820.78,811.56,870.0,870.0,review_required,"available is preprocessing completeness, not validated detection readiness; no population cutoff calibrated"
2025-12-01T00:00:00.000,1123074,일원2동,10.904523246650907,4.84274231678487,23.45715409922793,11.417851037646605,920.7958657379891,673.1298866144128,0.953301812450749,0.941315996847912,0.941315996847912,0.931985815602837,0.0,0.0,0.0,10.0,41.2,6.0,31,23,8,True,five_year,30,a2_age_features_v1,update,1269.0,177.17000000000002,2,177.17000000000002,1209.74,1194.5300000000002,1194.5300000000002,1182.69,1269.0,1269.0,review_required,"available is preprocessing completeness, not validated detection readiness; no population cutoff calibrated"
2025-12-01T00:00:00.000,1123074,일원2동,12.926304163126595,5.094698385726423,22.75461793421479,11.142368861918765,915.1081369567971,602.0021028916157,0.943313508920986,0.938844519966015,0.9128632115548,0.912608326253186,0.0,0.0,0.0,10.0,41.2,6.0,31,23,8,True,five_year,35,a2_age_features_v1,update,1177.0,151.11,2,151.11,1110.2800000000002,1074.44,1105.02,1074.1399999999999,1177.0,1177.0,review_required,"available is preprocessing completeness, not validated detection readiness; no population cutoff calibrated"
2025-12-01T00:00:00.000,1123074,일원2동,13.01944178628389,5.519968102073365,22.6261570304835,10.948337658238948,890.4362856159078,621.3951529741053,0.92658692185008,0.926395534290271,0.9096331738437,0.906012759170654,0.0,0.0,0.0,10.0,41.2,6.0,31,23,8,True,five_year,40,a2_age_features_v1,update,1254.0,109.17,2,109.17,1161.94,1140.6799999999998,1161.7,1136.14,1254.0,1254.0,review_required,"available is preprocessing completeness, not validated detection readiness; no population cutoff calibrated"
2025-12-01T00:00:00.000,1123074,일원2동,14.156765625,5.6419609375,23.284913047832035,11.058404865497877,924.8588448721152,646.8686611006985,0.93621875,0.937734375,0.9139609375,0.91703125,0.0,0.0,0.0,10.0,41.2,6.0,31,23,8,True,five_year,45,a2_age_features_v1,update,1280.0,110.16,2,110.16,1198.3600000000001,1169.87,1200.3000000000002,1173.8,1280.0,1280.0,review_required,"available is preprocessing completeness, not validated detection readiness; no population cutoff calibrated"
2025-12-01T00:00:00.000,1123074,일원2동,15.207999999999998,5.377614754098361,23.58880177824268,10.963227919686563,983.9225639681115,660.5110475364831,0.940327868852459,0.922270491803279,0.905877049180328,0.907672131147541,0.0,0.0,0.0,10.0,41.2,6.0,31,23,8,True,five_year,50,a2_age_features_v1,update,1220.0,117.56,2,117.56,1147.2,1105.17,1125.17,1107.3600000000001,1220.0,1220.0,review_required,"available is preprocessing completeness, not validated detection readiness; no population cutoff calibrated"
2025-12-01T00:00:00.000,1123074,일원2동,15.104978902953588,5.477088607594937,23.18396160992914,10.516537033092218,960.2965411785747,636.8238130851529,0.949172995780591,0.943713080168776,0.911147679324895,0.909459915611814,0.0,0.0,0.0,10.0,41.2,6.0,31,23,8,True,five_year,55,a2_age_features_v1,update,1185.0,126.34,2,126.34,1124.77,1079.71,1118.3,1077.71,1185.0,1185.0,review_required,"available is preprocessing completeness, not validated detection readiness; no population cutoff calibrated"
2025-12-01T00:00:00.000,1123074,일원2동,13.941518784972022,4.80568345323741,20.693151930144708,10.375615908591518,828.3706557320561,601.057356736176,0.937418065547562,0.92792965627498,0.90947242206235,0.906970423661071,0.0,0.0,0.0,10.0,41.2,6.0,31,23,8,True,five_year,60,a2_age_features_v1,update,1251.0,152.38,2,152.38,1172.71,1137.75,1160.84,1134.62,1251.0,1251.0,review_required,"available is preprocessing completeness, not validated detection readiness; no population cutoff calibrated"
2025-12-01T00:00:00.000,1123074,일원2동,13.002936241610739,3.931644295302014,18.85407272662422,9.428402447190043,728.4528058812099,518.6897377128636,0.940822147651007,0.906652684563758,0.914622483221476,0.900058724832215,0.0,0.0,0.0,10.0,41.2,6.0,31,23,8,True,five_year,65,a2_age_features_v1,update,1192.0,400.06,2,400.06,1121.46,1090.23,1080.73,1072.87,1192.0,1192.0,review_required,"available is preprocessing completeness, not validated detection readiness; no population cutoff calibrated"
2025-12-01T00:00:00.000,1123074,일원2동,11.590022026431718,3.82248898678414,17.32114077669903,8.575979643765903,625.4792803970223,464.59178378378374,0.907488986784141,0.887665198237886,0.865638766519824,0.814977973568282,0.0,0.0,0.0,10.0,41.2,6.0,31,23,8,True,five_year,70,a2_age_features_v1,update,908.0,301.25,2,301.25,824.0,786.0,806.0,740.0,908.0,908.0,review_required,"available is preprocessing completeness, not validated detection readiness; no population cutoff calibrated"
2025-12-01T00:00:00.000,1123074,일원2동,9.182220367278797,3.021302170283807,11.915287356321839,6.445714285714286,371.38122950819667,253.9066891891892,0.871452420701169,0.814691151919866,0.771285475792988,0.741235392320534,0.0,0.0,0.0,10.0,41.2,6.0,31,23,8,True,five_year,75,a2_age_features_v1,update,1198.0,645.82,2,645.82,1044.0,924.0,976.0,888.0,1198.0,1198.0,review_required,"available is preprocessing completeness, not validated detection readiness; no population cutoff calibrated"
2025-12-01T00:00:00.000,1123074,일원2동,6.853187579214196,3.282281368821293,21.874724635208903,10.43969433669511,814.8314555887928,530.8363257959201,0.965880861850444,0.95967680608365,0.939385297845374,0.945291508238276,0.0,0.0,0.0,10.0,41.2,6.0,31,23,8,True,service,20s,a2_age_features_v1,update,1578.0,125.86,4,125.86,1524.16,1482.35,1514.37,1491.67,1578.0,1578.0,review_required,"available is preprocessing completeness, not validated detection readiness; no population cutoff calibrated"
2025-12-01T00:00:00.000,1123074,일원2동,11.87739165985282,4.963982011447261,23.12094499185352,11.287400185987474,918.0626987888934,639.2765624349198,0.948495502861815,0.940126737530662,0.927624693376942,0.922661488143908,0.0,0.0,0.0,10.0,41.2,6.0,31,23,8,True,service,30s,a2_age_features_v1,update,2446.0,328.28000000000003,4,328.28000000000003,2320.02,2268.9700000000003,2299.55,2256.83,2446.0,2446.0,review_required,"available is preprocessing completeness, not validated detection readiness; no population cutoff calibrated"
2025-12-01T00:00:00.000,1123074,일원2동,13.593938437253355,5.581590370955012,22.96061742151421,11.004066520958212,907.928833403895,634.3395601184446,0.931452249408051,0.932123125493291,0.911819258089976,0.911578531965272,0.0,0.0,0.0,10.0,41.2,6.0,31,23,8,True,service,40s,a2_age_features_v1,update,2534.0,219.32999999999998,4,219.32999999999998,2360.3,2310.55,2362.0,2309.94,2534.0,2534.0,review_required,"available is preprocessing completeness, not validated detection readiness; no population cutoff calibrated"
2025-12-01T00:00:00.000,1123074,일원2동,15.157239085239084,5.426627858627859,23.388380084244073,10.742485079272086,972.1457266199237,648.8281406087677,0.944686070686071,0.932835758835759,0.908474012474012,0.908553014553015,0.0,0.0,0.0,10.0,41.2,6.0,31,23,8,True,service,50s,a2_age_features_v1,update,2405.0,243.9,4,243.9,2271.9700000000003,2184.88,2243.4700000000003,2185.07,2405.0,2405.0,review_required,"available is preprocessing completeness, not validated detection readiness; no population cutoff calibrated"
2025-12-01T00:00:00.000,1123074,일원2동,11.972824796658605,3.910479226203561,17.328301006446157,8.832077410245864,650.037397858121,471.3153774354776,0.914963728291932,0.884495493515058,0.865680369311937,0.843150142888547,0.0,0.0,0.0,10.0,41.2,6.0,31,23,8,True,service,60plus,a2_age_features_v1,update,4549.0,1499.51,8,1499.51,4162.17,3937.98,4023.5699999999997,3835.49,4549.0,4549.0,review_required,"available is preprocessing completeness, not validated detection readiness; no population cutoff calibrated"
