"동별","독거노인별","성별","항목","단위","2022 년","2023 년","2024 년","2025 년",
"서울특별시","합계","계","독거노인현황(성별)","","422776","448251","494926","537710",
"서울특별시","합계","남","독거노인현황(성별)","","138892","149748","174334","186848",
"서울특별시","합계","여","독거노인현황(성별)","","283884","298503","320592","350862",
"서울특별시","국민기초생활보장 수급권자","계","독거노인현황(성별)","","122508","129275","142005","161717",
"서울특별시","국민기초생활보장 수급권자","남","독거노인현황(성별)","","45703","48661","55043","63081",
"서울특별시","국민기초생활보장 수급권자","여","독거노인현황(성별)","","76805","80614","86962","98636",
"서울특별시","저소득노인","계","독거노인현황(성별)","","13645","12775","15543","16079",
"서울특별시","저소득노인","남","독거노인현황(성별)","","4100","3619","4616","5129",
"서울특별시","저소득노인","여","독거노인현황(성별)","","9545","9156","10927","10950",
"서울특별시","일   반","계","독거노인현황(성별)","","286623","306201","337378","359914",
"서울특별시","일   반","남","독거노인현황(성별)","","89089","97468","114675","118638",
"서울특별시","일   반","여","독거노인현황(성별)","","197534","208733","222703","241276",
"종로구","합계","계","독거노인현황(성별)","","8998","11178","9076","12300",
"종로구","합계","남","독거노인현황(성별)","","3596","4748","3703","5360",
"종로구","합계","여","독거노인현황(성별)","","5402","6430","5373","6940",
"종로구","국민기초생활보장 수급권자","계","독거노인현황(성별)","","2000","2231","2363","2478",
"종로구","국민기초생활보장 수급권자","남","독거노인현황(성별)","","1079","1213","1296","1366",
"종로구","국민기초생활보장 수급권자","여","독거노인현황(성별)","","921","1018","1067","1112",
"종로구","저소득노인","계","독거노인현황(성별)","","349","403","371","356",
"종로구","저소득노인","남","독거노인현황(성별)","","115","127","111","125",
"종로구","저소득노인","여","독거노인현황(성별)","","234","276","260","231",
"종로구","일   반","계","독거노인현황(성별)","","6649","8544","6342","9466",
"종로구","일   반","남","독거노인현황(성별)","","2402","3408","2296","3869",
"종로구","일   반","여","독거노인현황(성별)","","4247","5136","4046","5597",
"청운효자동","합계","계","독거노인현황(성별)","","549","641","536","669",
"청운효자동","합계","남","독거노인현황(성별)","","165","180","146","188",
"청운효자동","합계","여","독거노인현황(성별)","","384","461","390","481",
"청운효자동","국민기초생활보장 수급권자","계","독거노인현황(성별)","","72","98","88","101",
"청운효자동","국민기초생활보장 수급권자","남","독거노인현황(성별)","","13","29","25","31",
"청운효자동","국민기초생활보장 수급권자","여","독거노인현황(성별)","","59","69","63","70",
"청운효자동","저소득노인","계","독거노인현황(성별)","","23","34","43","22",
"청운효자동","저소득노인","남","독거노인현황(성별)","","5","9","12","9",
"청운효자동","저소득노인","여","독거노인현황(성별)","","18","25","31","13",
"청운효자동","일   반","계","독거노인현황(성별)","","454","509","405","546",
"청운효자동","일   반","남","독거노인현황(성별)","","147","142","109","148",
"청운효자동","일   반","여","독거노인현황(성별)","","307","367","296","398",
"사직동","합계","계","독거노인현황(성별)","","513","556","510","618",
"사직동","합계","남","독거노인현황(성별)","","171","197","166","208",
"사직동","합계","여","독거노인현황(성별)","","342","359","344","410",
"사직동","국민기초생활보장 수급권자","계","독거노인현황(성별)","","56","54","69","64",
"사직동","국민기초생활보장 수급권자","남","독거노인현황(성별)","","25","24","31","27",
"사직동","국민기초생활보장 수급권자","여","독거노인현황(성별)","","31","30","38","37",
"사직동","저소득노인","계","독거노인현황(성별)","","10","14","21","15",
"사직동","저소득노인","남","독거노인현황(성별)","","4","5","6","5",
"사직동","저소득노인","여","독거노인현황(성별)","","6","9","15","10",
"사직동","일   반","계","독거노인현황(성별)","","447","488","420","539",
"사직동","일   반","남","독거노인현황(성별)","","142","168","129","176",
"사직동","일   반","여","독거노인현황(성별)","","305","320","291","363",
"삼청동","합계","계","독거노인현황(성별)","","213","193","177","205",
"삼청동","합계","남","독거노인현황(성별)","","71","58","58","65",
"삼청동","합계","여","독거노인현황(성별)","","142","135","119","140",
"삼청동","국민기초생활보장 수급권자","계","독거노인현황(성별)","","19","17","20","20",
"삼청동","국민기초생활보장 수급권자","남","독거노인현황(성별)","","6","7","9","9",
"삼청동","국민기초생활보장 수급권자","여","독거노인현황(성별)","","13","10","11","11",
"삼청동","저소득노인","계","독거노인현황(성별)","","4","10","6","8",
"삼청동","저소득노인","남","독거노인현황(성별)","","-","2","1","1",
"삼청동","저소득노인","여","독거노인현황(성별)","","4","8","5","7",
"삼청동","일   반","계","독거노인현황(성별)","","190","166","151","177",
"삼청동","일   반","남","독거노인현황(성별)","","65","49","48","55",
"삼청동","일   반","여","독거노인현황(성별)","","125","117","103","122",
"부암동","합계","계","독거노인현황(성별)","","459","458","438","532",
"부암동","합계","남","독거노인현황(성별)","","166","157","149","176",
"부암동","합계","여","독거노인현황(성별)","","293","301","289","356",
"부암동","국민기초생활보장 수급권자","계","독거노인현황(성별)","","58","44","56","59",
"부암동","국민기초생활보장 수급권자","남","독거노인현황(성별)","","18","15","15","20",
"부암동","국민기초생활보장 수급권자","여","독거노인현황(성별)","","40","29","41","39",
"부암동","저소득노인","계","독거노인현황(성별)","","16","12","14","22",
"부암동","저소득노인","남","독거노인현황(성별)","","3","-","-","4",
"부암동","저소득노인","여","독거노인현황(성별)","","13","12","14","18",
"부암동","일   반","계","독거노인현황(성별)","","385","402","368","451",
"부암동","일   반","남","독거노인현황(성별)","","145","142","134","152",
"부암동","일   반","여","독거노인현황(성별)","","240","260","234","299",
"평창동","합계","계","독거노인현황(성별)","","794","834","799","926",
"평창동","합계","남","독거노인현황(성별)","","214","226","227","262",
"평창동","합계","여","독거노인현황(성별)","","580","608","572","664",
"평창동","국민기초생활보장 수급권자","계","독거노인현황(성별)","","56","59","61","70",
"평창동","국민기초생활보장 수급권자","남","독거노인현황(성별)","","15","18","21","23",
"평창동","국민기초생활보장 수급권자","여","독거노인현황(성별)","","41","41","40","47",
"평창동","저소득노인","계","독거노인현황(성별)","","22","35","31","28",
"평창동","저소득노인","남","독거노인현황(성별)","","5","9","8","6",
"평창동","저소득노인","여","독거노인현황(성별)","","17","26","23","22",
"평창동","일   반","계","독거노인현황(성별)","","716","740","707","828",
"평창동","일   반","남","독거노인현황(성별)","","194","199","198","233",
"평창동","일   반","여","독거노인현황(성별)","","522","541","509","595",
"무악동","합계","계","독거노인현황(성별)","","327","436","340","480",
"무악동","합계","남","독거노인현황(성별)","","88","111","90","129",
"무악동","합계","여","독거노인현황(성별)","","239","325","250","351",
"무악동","국민기초생활보장 수급권자","계","독거노인현황(성별)","","88","81","103","116",
"무악동","국민기초생활보장 수급권자","남","독거노인현황(성별)","","23","23","27","34",
"무악동","국민기초생활보장 수급권자","여","독거노인현황(성별)","","65","58","76","82",
"무악동","저소득노인","계","독거노인현황(성별)","","20","32","9","26",
"무악동","저소득노인","남","독거노인현황(성별)","","2","4","2","9",
"무악동","저소득노인","여","독거노인현황(성별)","","18","28","7","17",
"무악동","일   반","계","독거노인현황(성별)","","219","323","228","338",
"무악동","일   반","남","독거노인현황(성별)","","63","84","61","86",
"무악동","일   반","여","독거노인현황(성별)","","156","239","167","252",
"교남동","합계","계","독거노인현황(성별)","","444","577","449","605",
"교남동","합계","남","독거노인현황(성별)","","126","175","125","169",
"교남동","합계","여","독거노인현황(성별)","","318","402","324","436",
"교남동","국민기초생활보장 수급권자","계","독거노인현황(성별)","","55","119","106","110",
"교남동","국민기초생활보장 수급권자","남","독거노인현황(성별)","","26","47","34","32",
"교남동","국민기초생활보장 수급권자","여","독거노인현황(성별)","","29","72","72","78",
"교남동","저소득노인","계","독거노인현황(성별)","","18","28","52","27",
"교남동","저소득노인","남","독거노인현황(성별)","","6","13","18","12",
"교남동","저소득노인","여","독거노인현황(성별)","","12","15","34","15",
"교남동","일   반","계","독거노인현황(성별)","","371","430","291","468",
"교남동","일   반","남","독거노인현황(성별)","","94","115","73","125",
"교남동","일   반","여","독거노인현황(성별)","","277","315","218","343",
"가회동","합계","계","독거노인현황(성별)","","248","251","247","303",
"가회동","합계","남","독거노인현황(성별)","","72","71","74","91",
"가회동","합계","여","독거노인현황(성별)","","176","180","173","212",
"가회동","국민기초생활보장 수급권자","계","독거노인현황(성별)","","19","19","34","25",
"가회동","국민기초생활보장 수급권자","남","독거노인현황(성별)","","5","5","13","7",
"가회동","국민기초생활보장 수급권자","여","독거노인현황(성별)","","14","14","21","18",
"가회동","저소득노인","계","독거노인현황(성별)","","8","10","9","11",
"가회동","저소득노인","남","독거노인현황(성별)","","1","2","2","4",
"가회동","저소득노인","여","독거노인현황(성별)","","7","8","7","7",
"가회동","일   반","계","독거노인현황(성별)","","221","222","204","267",
"가회동","일   반","남","독거노인현황(성별)","","66","64","59","80",
"가회동","일   반","여","독거노인현황(성별)","","155","158","145","187",
"종로1.2.3.4가동","합계","계","독거노인현황(성별)","","1111","1489","1127","1670",
"종로1.2.3.4가동","합계","남","독거노인현황(성별)","","757","1078","788","1239",
"종로1.2.3.4가동","합계","여","독거노인현황(성별)","","354","411","339","431",
"종로1.2.3.4가동","국민기초생활보장 수급권자","계","독거노인현황(성별)","","404","426","474","489",
"종로1.2.3.4가동","국민기초생활보장 수급권자","남","독거노인현황(성별)","","327","344","388","408",
"종로1.2.3.4가동","국민기초생활보장 수급권자","여","독거노인현황(성별)","","77","82","86","81",
"종로1.2.3.4가동","저소득노인","계","독거노인현황(성별)","","19","21","19","17",
"종로1.2.3.4가동","저소득노인","남","독거노인현황(성별)","","13","13","9","7",
"종로1.2.3.4가동","저소득노인","여","독거노인현황(성별)","","6","8","10","10",
"종로1.2.3.4가동","일   반","계","독거노인현황(성별)","","688","1042","634","1164",
"종로1.2.3.4가동","일   반","남","독거노인현황(성별)","","417","721","391","824",
"종로1.2.3.4가동","일   반","여","독거노인현황(성별)","","271","321","243","340",
"종로5.6가동","합계","계","독거노인현황(성별)","","489","616","481","654",
"종로5.6가동","합계","남","독거노인현황(성별)","","249","336","268","363",
"종로5.6가동","합계","여","독거노인현황(성별)","","240","280","213","291",
"종로5.6가동","국민기초생활보장 수급권자","계","독거노인현황(성별)","","124","133","146","147",
"종로5.6가동","국민기초생활보장 수급권자","남","독거노인현황(성별)","","82","87","98","92",
"종로5.6가동","국민기초생활보장 수급권자","여","독거노인현황(성별)","","42","46","48","55",
"종로5.6가동","저소득노인","계","독거노인현황(성별)","","32","24","13","16",
"종로5.6가동","저소득노인","남","독거노인현황(성별)","","13","9","3","8",
"종로5.6가동","저소득노인","여","독거노인현황(성별)","","19","15","10","8",
"종로5.6가동","일   반","계","독거노인현황(성별)","","333","459","322","491",
"종로5.6가동","일   반","남","독거노인현황(성별)","","154","240","167","263",
"종로5.6가동","일   반","여","독거노인현황(성별)","","179","219","155","228",
"이화동","합계","계","독거노인현황(성별)","","456","601","432","628",
"이화동","합계","남","독거노인현황(성별)","","154","210","145","230",
"이화동","합계","여","독거노인현황(성별)","","302","391","287","398",
"이화동","국민기초생활보장 수급권자","계","독거노인현황(성별)","","100","134","107","124",
"이화동","국민기초생활보장 수급권자","남","독거노인현황(성별)","","38","58","46","51",
"이화동","국민기초생활보장 수급권자","여","독거노인현황(성별)","","62","76","61","73",
"이화동","저소득노인","계","독거노인현황(성별)","","40","33","30","33",
"이화동","저소득노인","남","독거노인현황(성별)","","12","10","9","10",
"이화동","저소득노인","여","독거노인현황(성별)","","28","23","21","23",
"이화동","일   반","계","독거노인현황(성별)","","316","434","295","471",
"이화동","일   반","남","독거노인현황(성별)","","104","142","90","169",
"이화동","일   반","여","독거노인현황(성별)","","212","292","205","302",
"혜화동","합계","계","독거노인현황(성별)","","766","846","741","919",
"혜화동","합계","남","독거노인현황(성별)","","239","278","234","319",
"혜화동","합계","여","독거노인현황(성별)","","527","568","507","600",
"혜화동","국민기초생활보장 수급권자","계","독거노인현황(성별)","","128","115","114","122",
"혜화동","국민기초생활보장 수급권자","남","독거노인현황(성별)","","50","49","49","53",
"혜화동","국민기초생활보장 수급권자","여","독거노인현황(성별)","","78","66","65","69",
"혜화동","저소득노인","계","독거노인현황(성별)","","19","37","14","35",
"혜화동","저소득노인","남","독거노인현황(성별)","","8","16","4","16",
"혜화동","저소득노인","여","독거노인현황(성별)","","11","21","10","19",
"혜화동","일   반","계","독거노인현황(성별)","","619","694","613","762",
"혜화동","일   반","남","독거노인현황(성별)","","181","213","181","250",
"혜화동","일   반","여","독거노인현황(성별)","","438","481","432","512",
"창신1동","합계","계","독거노인현황(성별)","","544","813","592","871",
"창신1동","합계","남","독거노인현황(성별)","","278","427","303","480",
"창신1동","합계","여","독거노인현황(성별)","","266","386","289","391",
"창신1동","국민기초생활보장 수급권자","계","독거노인현황(성별)","","201","234","216","237",
"창신1동","국민기초생활보장 수급권자","남","독거노인현황(성별)","","138","148","140","157",
"창신1동","국민기초생활보장 수급권자","여","독거노인현황(성별)","","63","86","76","80",
"창신1동","저소득노인","계","독거노인현황(성별)","","15","37","14","10",
"창신1동","저소득노인","남","독거노인현황(성별)","","5","14","6","5",
"창신1동","저소득노인","여","독거노인현황(성별)","","10","23","8","5",
"창신1동","일   반","계","독거노인현황(성별)","","328","542","362","624",
"창신1동","일   반","남","독거노인현황(성별)","","135","265","157","318",
"창신1동","일   반","여","독거노인현황(성별)","","193","277","205","306",
"창신2동","합계","계","독거노인현황(성별)","","659","951","685","1071",
"창신2동","합계","남","독거노인현황(성별)","","244","380","257","447",
"창신2동","합계","여","독거노인현황(성별)","","415","571","428","624",
"창신2동","국민기초생활보장 수급권자","계","독거노인현황(성별)","","209","251","268","290",
"창신2동","국민기초생활보장 수급권자","남","독거노인현황(성별)","","91","116","120","140",
"창신2동","국민기초생활보장 수급권자","여","독거노인현황(성별)","","118","135","148","150",
"창신2동","저소득노인","계","독거노인현황(성별)","","34","26","32","23",
"창신2동","저소득노인","남","독거노인현황(성별)","","12","6","12","11",
"창신2동","저소득노인","여","독거노인현황(성별)","","22","20","20","12",
"창신2동","일   반","계","독거노인현황(성별)","","416","674","385","758",
"창신2동","일   반","남","독거노인현황(성별)","","141","258","125","296",
"창신2동","일   반","여","독거노인현황(성별)","","275","416","260","462",
"창신3동","합계","계","독거노인현황(성별)","","309","404","326","473",
"창신3동","합계","남","독거노인현황(성별)","","97","142","112","183",
"창신3동","합계","여","독거노인현황(성별)","","212","262","214","290",
"창신3동","국민기초생활보장 수급권자","계","독거노인현황(성별)","","77","85","111","100",
"창신3동","국민기초생활보장 수급권자","남","독거노인현황(성별)","","35","41","54","51",
"창신3동","국민기초생활보장 수급권자","여","독거노인현황(성별)","","42","44","57","49",
"창신3동","저소득노인","계","독거노인현황(성별)","","7","11","9","20",
"창신3동","저소득노인","남","독거노인현황(성별)","","1","2","-","6",
"창신3동","저소득노인","여","독거노인현황(성별)","","6","9","9","14",
"창신3동","일   반","계","독거노인현황(성별)","","225","308","206","353",
"창신3동","일   반","남","독거노인현황(성별)","","61","99","58","126",
"창신3동","일   반","여","독거노인현황(성별)","","164","209","148","227",
"숭인1동","합계","계","독거노인현황(성별)","","406","558","447","650",
"숭인1동","합계","남","독거노인현황(성별)","","153","212","171","252",
"숭인1동","합계","여","독거노인현황(성별)","","253","346","276","398",
"숭인1동","국민기초생활보장 수급권자","계","독거노인현황(성별)","","116","133","148","159",
"숭인1동","국민기초생활보장 수급권자","남","독거노인현황(성별)","","51","56","65","70",
"숭인1동","국민기초생활보장 수급권자","여","독거노인현황(성별)","","65","77","83","89",
"숭인1동","저소득노인","계","독거노인현황(성별)","","25","14","27","27",
"숭인1동","저소득노인","남","독거노인현황(성별)","","9","4","8","8",
"숭인1동","저소득노인","여","독거노인현황(성별)","","16","10","19","19",
"숭인1동","일   반","계","독거노인현황(성별)","","265","411","272","464",
"숭인1동","일   반","남","독거노인현황(성별)","","93","152","98","174",
"숭인1동","일   반","여","독거노인현황(성별)","","172","259","174","290",
"숭인2동","합계","계","독거노인현황(성별)","","711","954","749","1026",
"숭인2동","합계","남","독거노인현황(성별)","","352","510","390","559",
"숭인2동","합계","여","독거노인현황(성별)","","359","444","359","467",
"숭인2동","국민기초생활보장 수급권자","계","독거노인현황(성별)","","218","229","242","245",
"숭인2동","국민기초생활보장 수급권자","남","독거노인현황(성별)","","136","146","161","161",
"숭인2동","국민기초생활보장 수급권자","여","독거노인현황(성별)","","82","83","81","84",
"숭인2동","저소득노인","계","독거노인현황(성별)","","37","25","28","16",
"숭인2동","저소득노인","남","독거노인현황(성별)","","16","9","11","4",
"숭인2동","저소득노인","여","독거노인현황(성별)","","21","16","17","12",
"숭인2동","일   반","계","독거노인현황(성별)","","456","700","479","765",
"숭인2동","일   반","남","독거노인현황(성별)","","200","355","218","394",
"숭인2동","일   반","여","독거노인현황(성별)","","256","345","261","371",
"중구","합계","계","독거노인현황(성별)","","7425","7987","8088","8333",
"중구","합계","남","독거노인현황(성별)","","2932","3237","3226","3378",
"중구","합계","여","독거노인현황(성별)","","4493","4750","4862","4955",
"중구","국민기초생활보장 수급권자","계","독거노인현황(성별)","","2392","2553","2762","2927",
"중구","국민기초생활보장 수급권자","남","독거노인현황(성별)","","1133","1220","1364","1459",
"중구","국민기초생활보장 수급권자","여","독거노인현황(성별)","","1259","1333","1398","1468",
"중구","저소득노인","계","독거노인현황(성별)","","366","324","173","107",
"중구","저소득노인","남","독거노인현황(성별)","","116","105","38","30",
"중구","저소득노인","여","독거노인현황(성별)","","250","219","135","77",
"중구","일   반","계","독거노인현황(성별)","","4667","5110","5153","5299",
"중구","일   반","남","독거노인현황(성별)","","1683","1912","1824","1889",
"중구","일   반","여","독거노인현황(성별)","","2984","3198","3329","3410",
"소공동","합계","계","독거노인현황(성별)","","70","87","85","83",
"소공동","합계","남","독거노인현황(성별)","","34","45","42","38",
"소공동","합계","여","독거노인현황(성별)","","36","42","43","45",
"소공동","국민기초생활보장 수급권자","계","독거노인현황(성별)","","17","17","16","18",
"소공동","국민기초생활보장 수급권자","남","독거노인현황(성별)","","13","13","13","14",
"소공동","국민기초생활보장 수급권자","여","독거노인현황(성별)","","4","4","3","4",
"소공동","저소득노인","계","독거노인현황(성별)","","-","-","1","1",
"소공동","저소득노인","남","독거노인현황(성별)","","-","-","1","1",
"소공동","저소득노인","여","독거노인현황(성별)","","-","-","-","-",
"소공동","일   반","계","독거노인현황(성별)","","53","70","68","64",
"소공동","일   반","남","독거노인현황(성별)","","21","32","28","23",
"소공동","일   반","여","독거노인현황(성별)","","32","38","40","41",
"회현동","합계","계","독거노인현황(성별)","","480","553","499","470",
"회현동","합계","남","독거노인현황(성별)","","261","324","280","257",
"회현동","합계","여","독거노인현황(성별)","","219","229","219","213",
"회현동","국민기초생활보장 수급권자","계","독거노인현황(성별)","","213","219","224","233",
"회현동","국민기초생활보장 수급권자","남","독거노인현황(성별)","","152","160","160","166",
"회현동","국민기초생활보장 수급권자","여","독거노인현황(성별)","","61","59","64","67",
"회현동","저소득노인","계","독거노인현황(성별)","","8","8","2","2",
"회현동","저소득노인","남","독거노인현황(성별)","","1","2","1","2",
"회현동","저소득노인","여","독거노인현황(성별)","","7","6","1","-",
"회현동","일   반","계","독거노인현황(성별)","","259","326","273","235",
"회현동","일   반","남","독거노인현황(성별)","","108","162","119","89",
"회현동","일   반","여","독거노인현황(성별)","","151","164","154","146",
"명동","합계","계","독거노인현황(성별)","","192","199","181","179",
"명동","합계","남","독거노인현황(성별)","","96","96","81","85",
"명동","합계","여","독거노인현황(성별)","","96","103","100","94",
"명동","국민기초생활보장 수급권자","계","독거노인현황(성별)","","30","24","23","24",
"명동","국민기초생활보장 수급권자","남","독거노인현황(성별)","","12","7","7","9",
"명동","국민기초생활보장 수급권자","여","독거노인현황(성별)","","18","17","16","15",
"명동","저소득노인","계","독거노인현황(성별)","","2","-","1","1",
"명동","저소득노인","남","독거노인현황(성별)","","-","-","-","-",
"명동","저소득노인","여","독거노인현황(성별)","","2","-","1","1",
"명동","일   반","계","독거노인현황(성별)","","160","175","157","154",
"명동","일   반","남","독거노인현황(성별)","","84","89","74","76",
"명동","일   반","여","독거노인현황(성별)","","76","86","83","78",
"필동","합계","계","독거노인현황(성별)","","313","316","352","360",
"필동","합계","남","독거노인현황(성별)","","149","153","174","180",
"필동","합계","여","독거노인현황(성별)","","164","163","178","180",
"필동","국민기초생활보장 수급권자","계","독거노인현황(성별)","","52","56","57","64",
"필동","국민기초생활보장 수급권자","남","독거노인현황(성별)","","38","38","44","49",
"필동","국민기초생활보장 수급권자","여","독거노인현황(성별)","","14","18","13","15",
"필동","저소득노인","계","독거노인현황(성별)","","9","8","6","6",
"필동","저소득노인","남","독거노인현황(성별)","","2","2","-","-",
"필동","저소득노인","여","독거노인현황(성별)","","7","6","6","6",
"필동","일   반","계","독거노인현황(성별)","","252","252","289","290",
"필동","일   반","남","독거노인현황(성별)","","109","113","130","131",
"필동","일   반","여","독거노인현황(성별)","","143","139","159","159",
"장충동","합계","계","독거노인현황(성별)","","252","271","291","303",
"장충동","합계","남","독거노인현황(성별)","","95","109","121","130",
"장충동","합계","여","독거노인현황(성별)","","157","162","170","173",
"장충동","국민기초생활보장 수급권자","계","독거노인현황(성별)","","57","60","74","76",
"장충동","국민기초생활보장 수급권자","남","독거노인현황(성별)","","24","26","32","34",
"장충동","국민기초생활보장 수급권자","여","독거노인현황(성별)","","33","34","42","42",
"장충동","저소득노인","계","독거노인현황(성별)","","6","6","1","1",
"장충동","저소득노인","남","독거노인현황(성별)","","1","1","-","-",
"장충동","저소득노인","여","독거노인현황(성별)","","5","5","1","1",
"장충동","일   반","계","독거노인현황(성별)","","189","205","216","226",
"장충동","일   반","남","독거노인현황(성별)","","70","82","89","96",
"장충동","일   반","여","독거노인현황(성별)","","119","123","127","130",
"광희동","합계","계","독거노인현황(성별)","","441","475","479","491",
"광희동","합계","남","독거노인현황(성별)","","199","225","219","221",
"광희동","합계","여","독거노인현황(성별)","","242","250","260","270",
"광희동","국민기초생활보장 수급권자","계","독거노인현황(성별)","","110","111","123","134",
"광희동","국민기초생활보장 수급권자","남","독거노인현황(성별)","","62","58","66","74",
"광희동","국민기초생활보장 수급권자","여","독거노인현황(성별)","","48","53","57","60",
"광희동","저소득노인","계","독거노인현황(성별)","","13","15","12","7",
"광희동","저소득노인","남","독거노인현황(성별)","","5","6","4","5",
"광희동","저소득노인","여","독거노인현황(성별)","","8","9","8","2",
"광희동","일   반","계","독거노인현황(성별)","","318","349","344","350",
"광희동","일   반","남","독거노인현황(성별)","","132","161","149","142",
"광희동","일   반","여","독거노인현황(성별)","","186","188","195","208",
"을지로동","합계","계","독거노인현황(성별)","","276","292","284","294",
"을지로동","합계","남","독거노인현황(성별)","","191","197","189","199",
"을지로동","합계","여","독거노인현황(성별)","","85","95","95","95",
"을지로동","국민기초생활보장 수급권자","계","독거노인현황(성별)","","91","91","91","94",
"을지로동","국민기초생활보장 수급권자","남","독거노인현황(성별)","","76","75","75","80",
"을지로동","국민기초생활보장 수급권자","여","독거노인현황(성별)","","15","16","16","14",
"을지로동","저소득노인","계","독거노인현황(성별)","","7","10","6","5",
"을지로동","저소득노인","남","독거노인현황(성별)","","4","5","3","2",
"을지로동","저소득노인","여","독거노인현황(성별)","","3","5","3","3",
"을지로동","일   반","계","독거노인현황(성별)","","178","191","187","195",
"을지로동","일   반","남","독거노인현황(성별)","","111","117","111","117",
"을지로동","일   반","여","독거노인현황(성별)","","67","74","76","78",
"신당동","합계","계","독거노인현황(성별)","","574","636","630","691",
"신당동","합계","남","독거노인현황(성별)","","260","291","268","303",
"신당동","합계","여","독거노인현황(성별)","","314","345","362","388",
"신당동","국민기초생활보장 수급권자","계","독거노인현황(성별)","","193","207","235","265",
"신당동","국민기초생활보장 수급권자","남","독거노인현황(성별)","","110","125","142","160",
"신당동","국민기초생활보장 수급권자","여","독거노인현황(성별)","","83","82","93","105",
"신당동","저소득노인","계","독거노인현황(성별)","","22","18","11","10",
"신당동","저소득노인","남","독거노인현황(성별)","","7","5","2","3",
"신당동","저소득노인","여","독거노인현황(성별)","","15","13","9","7",
"신당동","일   반","계","독거노인현황(성별)","","359","411","384","416",
"신당동","일   반","남","독거노인현황(성별)","","143","161","124","140",
"신당동","일   반","여","독거노인현황(성별)","","216","250","260","276",
"다산동","합계","계","독거노인현황(성별)","","709","765","809","883",
"다산동","합계","남","독거노인현황(성별)","","251","275","307","340",
"다산동","합계","여","독거노인현황(성별)","","458","490","502","543",
"다산동","국민기초생활보장 수급권자","계","독거노인현황(성별)","","190","206","237","269",
"다산동","국민기초생활보장 수급권자","남","독거노인현황(성별)","","77","89","109","121",
"다산동","국민기초생활보장 수급권자","여","독거노인현황(성별)","","113","117","128","148",
"다산동","저소득노인","계","독거노인현황(성별)","","43","38","18","9",
"다산동","저소득노인","남","독거노인현황(성별)","","16","14","4","4",
"다산동","저소득노인","여","독거노인현황(성별)","","27","24","14","5",
"다산동","일   반","계","독거노인현황(성별)","","476","521","554","605",
"다산동","일   반","남","독거노인현황(성별)","","158","172","194","215",
"다산동","일   반","여","독거노인현황(성별)","","318","349","360","390",
"약수동","합계","계","독거노인현황(성별)","","1124","1204","1242","1284",
"약수동","합계","남","독거노인현황(성별)","","324","346","366","385",
"약수동","합계","여","독거노인현황(성별)","","800","858","876","899",
"약수동","국민기초생활보장 수급권자","계","독거노인현황(성별)","","418","441","450","480",
"약수동","국민기초생활보장 수급권자","남","독거노인현황(성별)","","115","126","139","153",
"약수동","국민기초생활보장 수급권자","여","독거노인현황(성별)","","303","315","311","327",
"약수동","저소득노인","계","독거노인현황(성별)","","110","92","51","27",
"약수동","저소득노인","남","독거노인현황(성별)","","39","30","10","5",
"약수동","저소득노인","여","독거노인현황(성별)","","71","62","41","22",
"약수동","일   반","계","독거노인현황(성별)","","596","671","741","777",
"약수동","일   반","남","독거노인현황(성별)","","170","190","217","227",
"약수동","일   반","여","독거노인현황(성별)","","426","481","524","550",
"청구동","합계","계","독거노인현황(성별)","","825","868","786","736",
"청구동","합계","남","독거노인현황(성별)","","235","258","216","198",
"청구동","합계","여","독거노인현황(성별)","","590","610","570","538",
"청구동","국민기초생활보장 수급권자","계","독거노인현황(성별)","","318","340","353","307",
"청구동","국민기초생활보장 수급권자","남","독거노인현황(성별)","","100","111","118","90",
"청구동","국민기초생활보장 수급권자","여","독거노인현황(성별)","","218","229","235","217",
"청구동","저소득노인","계","독거노인현황(성별)","","47","43","24","10",
"청구동","저소득노인","남","독거노인현황(성별)","","16","14","7","2",
"청구동","저소득노인","여","독거노인현황(성별)","","31","29","17","8",
"청구동","일   반","계","독거노인현황(성별)","","460","485","409","419",
"청구동","일   반","남","독거노인현황(성별)","","119","133","91","106",
"청구동","일   반","여","독거노인현황(성별)","","341","352","318","313",
"신당5동","합계","계","독거노인현황(성별)","","572","619","644","707",
"신당5동","합계","남","독거노인현황(성별)","","217","240","255","285",
"신당5동","합계","여","독거노인현황(성별)","","355","379","389","422",
"신당5동","국민기초생활보장 수급권자","계","독거노인현황(성별)","","201","219","245","270",
"신당5동","국민기초생활보장 수급권자","남","독거노인현황(성별)","","91","104","120","131",
"신당5동","국민기초생활보장 수급권자","여","독거노인현황(성별)","","110","115","125","139",
"신당5동","저소득노인","계","독거노인현황(성별)","","31","19","9","8",
"신당5동","저소득노인","남","독거노인현황(성별)","","7","4","1","1",
"신당5동","저소득노인","여","독거노인현황(성별)","","24","15","8","7",
"신당5동","일   반","계","독거노인현황(성별)","","340","381","390","429",
"신당5동","일   반","남","독거노인현황(성별)","","119","132","134","153",
"신당5동","일   반","여","독거노인현황(성별)","","221","249","256","276",
"동화동","합계","계","독거노인현황(성별)","","337","354","391","397",
"동화동","합계","남","독거노인현황(성별)","","105","116","121","130",
"동화동","합계","여","독거노인현황(성별)","","232","238","270","267",
"동화동","국민기초생활보장 수급권자","계","독거노인현황(성별)","","67","72","97","106",
"동화동","국민기초생활보장 수급권자","남","독거노인현황(성별)","","30","30","45","52",
"동화동","국민기초생활보장 수급권자","여","독거노인현황(성별)","","37","42","52","54",
"동화동","저소득노인","계","독거노인현황(성별)","","15","17","10","6",
"동화동","저소득노인","남","독거노인현황(성별)","","2","4","1","1",
"동화동","저소득노인","여","독거노인현황(성별)","","13","13","9","5",
"동화동","일   반","계","독거노인현황(성별)","","255","265","284","285",
"동화동","일   반","남","독거노인현황(성별)","","73","82","75","77",
"동화동","일   반","여","독거노인현황(성별)","","182","183","209","208",
"황학동","합계","계","독거노인현황(성별)","","647","700","767","801",
"황학동","합계","남","독거노인현황(성별)","","257","276","306","327",
"황학동","합계","여","독거노인현황(성별)","","390","424","461","474",
"황학동","국민기초생활보장 수급권자","계","독거노인현황(성별)","","214","253","277","314",
"황학동","국민기초생활보장 수급권자","남","독거노인현황(성별)","","101","121","133","157",
"황학동","국민기초생활보장 수급권자","여","독거노인현황(성별)","","113","132","144","157",
"황학동","저소득노인","계","독거노인현황(성별)","","20","17","12","10",
"황학동","저소득노인","남","독거노인현황(성별)","","5","5","3","4",
"황학동","저소득노인","여","독거노인현황(성별)","","15","12","9","6",
"황학동","일   반","계","독거노인현황(성별)","","413","430","478","477",
"황학동","일   반","남","독거노인현황(성별)","","151","150","170","166",
"황학동","일   반","여","독거노인현황(성별)","","262","280","308","311",
"중림동","합계","계","독거노인현황(성별)","","613","648","648","654",
"중림동","합계","남","독거노인현황(성별)","","258","286","281","300",
"중림동","합계","여","독거노인현황(성별)","","355","362","367","354",
"중림동","국민기초생활보장 수급권자","계","독거노인현황(성별)","","221","237","260","273",
"중림동","국민기초생활보장 수급권자","남","독거노인현황(성별)","","132","137","161","169",
"중림동","국민기초생활보장 수급권자","여","독거노인현황(성별)","","89","100","99","104",
"중림동","저소득노인","계","독거노인현황(성별)","","33","33","9","4",
"중림동","저소득노인","남","독거노인현황(성별)","","11","13","1","-",
"중림동","저소득노인","여","독거노인현황(성별)","","22","20","8","4",
"중림동","일   반","계","독거노인현황(성별)","","359","378","379","377",
"중림동","일   반","남","독거노인현황(성별)","","115","136","119","131",
"중림동","일   반","여","독거노인현황(성별)","","244","242","260","246",
"용산구","합계","계","독거노인현황(성별)","","9873","10498","13417","13914",
"용산구","합계","남","독거노인현황(성별)","","3372","3715","5076","5392",
"용산구","합계","여","독거노인현황(성별)","","6501","6783","8341","8522",
"용산구","국민기초생활보장 수급권자","계","독거노인현황(성별)","","2871","3029","3022","3217",
"용산구","국민기초생활보장 수급권자","남","독거노인현황(성별)","","1238","1336","1358","1492",
"용산구","국민기초생활보장 수급권자","여","독거노인현황(성별)","","1633","1693","1664","1725",
"용산구","저소득노인","계","독거노인현황(성별)","","290","96","110","89",
"용산구","저소득노인","남","독거노인현황(성별)","","100","25","35","33",
"용산구","저소득노인","여","독거노인현황(성별)","","190","71","75","56",
"용산구","일   반","계","독거노인현황(성별)","","6712","7373","10285","10608",
"용산구","일   반","남","독거노인현황(성별)","","2034","2354","3683","3867",
"용산구","일   반","여","독거노인현황(성별)","","4678","5019","6602","6741",
"후암동","합계","계","독거노인현황(성별)","","884","954","1319","1353",
"후암동","합계","남","독거노인현황(성별)","","288","326","471","496",
"후암동","합계","여","독거노인현황(성별)","","596","628","848","857",
"후암동","국민기초생활보장 수급권자","계","독거노인현황(성별)","","268","287","317","333",
"후암동","국민기초생활보장 수급권자","남","독거노인현황(성별)","","106","122","131","145",
"후암동","국민기초생활보장 수급권자","여","독거노인현황(성별)","","162","165","186","188",
"후암동","저소득노인","계","독거노인현황(성별)","","32","15","13","16",
"후암동","저소득노인","남","독거노인현황(성별)","","12","6","5","6",
"후암동","저소득노인","여","독거노인현황(성별)","","20","9","8","10",
"후암동","일   반","계","독거노인현황(성별)","","584","652","989","1004",
"후암동","일   반","남","독거노인현황(성별)","","170","198","335","345",
"후암동","일   반","여","독거노인현황(성별)","","414","454","654","659",
"용산2가동","합계","계","독거노인현황(성별)","","541","573","812","864",
"용산2가동","합계","남","독거노인현황(성별)","","162","177","261","287",
"용산2가동","합계","여","독거노인현황(성별)","","379","396","551","577",
"용산2가동","국민기초생활보장 수급권자","계","독거노인현황(성별)","","168","192","208","222",
"용산2가동","국민기초생활보장 수급권자","남","독거노인현황(성별)","","46","57","71","82",
"용산2가동","국민기초생활보장 수급권자","여","독거노인현황(성별)","","122","135","137","140",
"용산2가동","저소득노인","계","독거노인현황(성별)","","19","7","7","5",
"용산2가동","저소득노인","남","독거노인현황(성별)","","3","-","1","1",
"용산2가동","저소득노인","여","독거노인현황(성별)","","16","7","6","4",
"용산2가동","일   반","계","독거노인현황(성별)","","354","374","597","637",
"용산2가동","일   반","남","독거노인현황(성별)","","113","120","189","204",
"용산2가동","일   반","여","독거노인현황(성별)","","241","254","408","433",
"남영동","합계","계","독거노인현황(성별)","","869","969","1533","1626",
"남영동","합계","남","독거노인현황(성별)","","607","693","1134","1213",
"남영동","합계","여","독거노인현황(성별)","","262","276","399","413",
"남영동","국민기초생활보장 수급권자","계","독거노인현황(성별)","","520","559","562","599",
"남영동","국민기초생활보장 수급권자","남","독거노인현황(성별)","","416","448","448","479",
"남영동","국민기초생활보장 수급권자","여","독거노인현황(성별)","","104","111","114","120",
"남영동","저소득노인","계","독거노인현황(성별)","","3","4","2","4",
"남영동","저소득노인","남","독거노인현황(성별)","","-","2","1","2",
"남영동","저소득노인","여","독거노인현황(성별)","","3","2","1","2",
"남영동","일   반","계","독거노인현황(성별)","","346","406","969","1023",
"남영동","일   반","남","독거노인현황(성별)","","191","243","685","732",
"남영동","일   반","여","독거노인현황(성별)","","155","163","284","291",
"청파동","합계","계","독거노인현황(성별)","","965","1065","921","940",
"청파동","합계","남","독거노인현황(성별)","","360","412","329","354",
"청파동","합계","여","독거노인현황(성별)","","605","653","592","586",
"청파동","국민기초생활보장 수급권자","계","독거노인현황(성별)","","339","373","416","442",
"청파동","국민기초생활보장 수급권자","남","독거노인현황(성별)","","145","164","180","206",
"청파동","국민기초생활보장 수급권자","여","독거노인현황(성별)","","194","209","236","236",
"청파동","저소득노인","계","독거노인현황(성별)","","29","8","5","7",
"청파동","저소득노인","남","독거노인현황(성별)","","13","3","2","3",
"청파동","저소득노인","여","독거노인현황(성별)","","16","5","3","4",
"청파동","일   반","계","독거노인현황(성별)","","597","684","500","491",
"청파동","일   반","남","독거노인현황(성별)","","202","245","147","145",
"청파동","일   반","여","독거노인현황(성별)","","395","439","353","346",
"원효로1동","합계","계","독거노인현황(성별)","","493","517","782","815",
"원효로1동","합계","남","독거노인현황(성별)","","181","187","285","293",
"원효로1동","합계","여","독거노인현황(성별)","","312","330","497","522",
"원효로1동","국민기초생활보장 수급권자","계","독거노인현황(성별)","","128","132","139","160",
"원효로1동","국민기초생활보장 수급권자","남","독거노인현황(성별)","","58","60","67","76",
"원효로1동","국민기초생활보장 수급권자","여","독거노인현황(성별)","","70","72","72","84",
"원효로1동","저소득노인","계","독거노인현황(성별)","","22","2","12","5",
"원효로1동","저소득노인","남","독거노인현황(성별)","","8","","5","3",
"원효로1동","저소득노인","여","독거노인현황(성별)","","14","2","7","2",
"원효로1동","일   반","계","독거노인현황(성별)","","343","383","631","650",
"원효로1동","일   반","남","독거노인현황(성별)","","115","127","213","214",
"원효로1동","일   반","여","독거노인현황(성별)","","228","256","418","436",
"원효로2동","합계","계","독거노인현황(성별)","","538","570","1327","1405",
"원효로2동","합계","남","독거노인현황(성별)","","157","171","515","588",
"원효로2동","합계","여","독거노인현황(성별)","","381","399","812","817",
"원효로2동","국민기초생활보장 수급권자","계","독거노인현황(성별)","","177","189","210","221",
"원효로2동","국민기초생활보장 수급권자","남","독거노인현황(성별)","","69","72","81","90",
"원효로2동","국민기초생활보장 수급권자","여","독거노인현황(성별)","","108","117","129","131",
"원효로2동","저소득노인","계","독거노인현황(성별)","","14","6","7","7",
"원효로2동","저소득노인","남","독거노인현황(성별)","","5","1","3","3",
"원효로2동","저소득노인","여","독거노인현황(성별)","","9","5","4","4",
"원효로2동","일   반","계","독거노인현황(성별)","","347","375","1110","1177",
"원효로2동","일   반","남","독거노인현황(성별)","","83","98","431","495",
"원효로2동","일   반","여","독거노인현황(성별)","","264","277","679","682",
"효창동","합계","계","독거노인현황(성별)","","302","321","574","614",
"효창동","합계","남","독거노인현황(성별)","","92","103","211","223",
"효창동","합계","여","독거노인현황(성별)","","210","218","363","391",
"효창동","국민기초생활보장 수급권자","계","독거노인현황(성별)","","49","52","51","60",
"효창동","국민기초생활보장 수급권자","남","독거노인현황(성별)","","18","18","18","23",
"효창동","국민기초생활보장 수급권자","여","독거노인현황(성별)","","31","34","33","37",
"효창동","저소득노인","계","독거노인현황(성별)","","9","1","4","5",
"효창동","저소득노인","남","독거노인현황(성별)","","3","","-","1",
"효창동","저소득노인","여","독거노인현황(성별)","","6","1","4","4",
"효창동","일   반","계","독거노인현황(성별)","","244","268","519","549",
"효창동","일   반","남","독거노인현황(성별)","","71","85","193","199",
"효창동","일   반","여","독거노인현황(성별)","","173","183","326","350",
"용문동","합계","계","독거노인현황(성별)","","489","532","843","857",
"용문동","합계","남","독거노인현황(성별)","","127","135","248","257",
"용문동","합계","여","독거노인현황(성별)","","362","397","595","600",
"용문동","국민기초생활보장 수급권자","계","독거노인현황(성별)","","183","207","224","249",
"용문동","국민기초생활보장 수급권자","남","독거노인현황(성별)","","46","51","55","65",
"용문동","국민기초생활보장 수급권자","여","독거노인현황(성별)","","137","156","169","184",
"용문동","저소득노인","계","독거노인현황(성별)","","17","4","7","5",
"용문동","저소득노인","남","독거노인현황(성별)","","6","","1","1",
"용문동","저소득노인","여","독거노인현황(성별)","","11","4","6","4",
"용문동","일   반","계","독거노인현황(성별)","","289","321","612","603",
"용문동","일   반","남","독거노인현황(성별)","","75","84","192","191",
"용문동","일   반","여","독거노인현황(성별)","","214","237","420","412",
"한강로동","합계","계","독거노인현황(성별)","","767","806","702","720",
"한강로동","합계","남","독거노인현황(성별)","","283","309","258","263",
"한강로동","합계","여","독거노인현황(성별)","","484","497","444","457",
"한강로동","국민기초생활보장 수급권자","계","독거노인현황(성별)","","171","174","172","172",
"한강로동","국민기초생활보장 수급권자","남","독거노인현황(성별)","","69","73","80","81",
"한강로동","국민기초생활보장 수급권자","여","독거노인현황(성별)","","102","101","92","91",
"한강로동","저소득노인","계","독거노인현황(성별)","","14","3","13","7",
"한강로동","저소득노인","남","독거노인현황(성별)","","6","2","7","4",
"한강로동","저소득노인","여","독거노인현황(성별)","","8","1","6","3",
"한강로동","일   반","계","독거노인현황(성별)","","582","629","517","541",
"한강로동","일   반","남","독거노인현황(성별)","","208","234","171","178",
"한강로동","일   반","여","독거노인현황(성별)","","374","395","346","363",
"이촌1동","합계","계","독거노인현황(성별)","","704","746","353","376",
"이촌1동","합계","남","독거노인현황(성별)","","149","157","106","109",
"이촌1동","합계","여","독거노인현황(성별)","","555","589","247","267",
"이촌1동","국민기초생활보장 수급권자","계","독거노인현황(성별)","","21","18","24","29",
"이촌1동","국민기초생활보장 수급권자","남","독거노인현황(성별)","","6","5","7","8",
"이촌1동","국민기초생활보장 수급권자","여","독거노인현황(성별)","","15","13","17","21",
"이촌1동","저소득노인","계","독거노인현황(성별)","","7","1","2","3",
"이촌1동","저소득노인","남","독거노인현황(성별)","","5","","1","2",
"이촌1동","저소득노인","여","독거노인현황(성별)","","2","1","1","1",
"이촌1동","일   반","계","독거노인현황(성별)","","676","727","327","344",
"이촌1동","일   반","남","독거노인현황(성별)","","138","152","98","99",
"이촌1동","일   반","여","독거노인현황(성별)","","538","575","229","245",
"이촌2동","합계","계","독거노인현황(성별)","","405","427","649","684",
"이촌2동","합계","남","독거노인현황(성별)","","90","104","164","181",
"이촌2동","합계","여","독거노인현황(성별)","","315","323","485","503",
"이촌2동","국민기초생활보장 수급권자","계","독거노인현황(성별)","","65","75","85","87",
"이촌2동","국민기초생활보장 수급권자","남","독거노인현황(성별)","","13","19","21","23",
"이촌2동","국민기초생활보장 수급권자","여","독거노인현황(성별)","","52","56","64","64",
"이촌2동","저소득노인","계","독거노인현황(성별)","","9","4","2","2",
"이촌2동","저소득노인","남","독거노인현황(성별)","","2","1","-","-",
"이촌2동","저소득노인","여","독거노인현황(성별)","","7","3","2","2",
"이촌2동","일   반","계","독거노인현황(성별)","","331","348","562","595",
"이촌2동","일   반","남","독거노인현황(성별)","","75","84","143","158",
"이촌2동","일   반","여","독거노인현황(성별)","","256","264","419","437",
"이태원1동","합계","계","독거노인현황(성별)","","341","375","893","929",
"이태원1동","합계","남","독거노인현황(성별)","","94","116","354","358",
"이태원1동","합계","여","독거노인현황(성별)","","247","259","539","571",
"이태원1동","국민기초생활보장 수급권자","계","독거노인현황(성별)","","74","78","86","95",
"이태원1동","국민기초생활보장 수급권자","남","독거노인현황(성별)","","22","27","32","37",
"이태원1동","국민기초생활보장 수급권자","여","독거노인현황(성별)","","52","51","54","58",
"이태원1동","저소득노인","계","독거노인현황(성별)","","7","7","6","6",
"이태원1동","저소득노인","남","독거노인현황(성별)","","5","4","2","3",
"이태원1동","저소득노인","여","독거노인현황(성별)","","2","3","4","3",
"이태원1동","일   반","계","독거노인현황(성별)","","260","290","801","828",
"이태원1동","일   반","남","독거노인현황(성별)","","67","85","320","318",
"이태원1동","일   반","여","독거노인현황(성별)","","193","205","481","510",
"이태원2동","합계","계","독거노인현황(성별)","","430","513","849","833",
"이태원2동","합계","남","독거노인현황(성별)","","111","139","185","195",
"이태원2동","합계","여","독거노인현황(성별)","","319","374","664","638",
"이태원2동","국민기초생활보장 수급권자","계","독거노인현황(성별)","","89","97","101","101",
"이태원2동","국민기초생활보장 수급권자","남","독거노인현황(성별)","","18","23","26","29",
"이태원2동","국민기초생활보장 수급권자","여","독거노인현황(성별)","","71","74","75","72",
"이태원2동","저소득노인","계","독거노인현황(성별)","","15","4","4","2",
"이태원2동","저소득노인","남","독거노인현황(성별)","","6","1","1","1",
"이태원2동","저소득노인","여","독거노인현황(성별)","","9","3","3","1",
"이태원2동","일   반","계","독거노인현황(성별)","","326","412","744","730",
"이태원2동","일   반","남","독거노인현황(성별)","","87","115","158","165",
"이태원2동","일   반","여","독거노인현황(성별)","","239","297","586","565",
"한남동","합계","계","독거노인현황(성별)","","906","856","650","649",
"한남동","합계","남","독거노인현황(성별)","","310","292","201","196",
"한남동","합계","여","독거노인현황(성별)","","596","564","449","453",
"한남동","국민기초생활보장 수급권자","계","독거노인현황(성별)","","214","182","62","59",
"한남동","국민기초생활보장 수급권자","남","독거노인현황(성별)","","82","64","18","15",
"한남동","국민기초생활보장 수급권자","여","독거노인현황(성별)","","132","118","44","44",
"한남동","저소득노인","계","독거노인현황(성별)","","38","5","5","1",
"한남동","저소득노인","남","독거노인현황(성별)","","13","1","2","1",
"한남동","저소득노인","여","독거노인현황(성별)","","25","4","3","-",
"한남동","일   반","계","독거노인현황(성별)","","654","669","583","589",
"한남동","일   반","남","독거노인현황(성별)","","215","227","181","180",
"한남동","일   반","여","독거노인현황(성별)","","439","442","402","409",
"서빙고동","합계","계","독거노인현황(성별)","","451","483","578","584",
"서빙고동","합계","남","독거노인현황(성별)","","139","155","155","167",
"서빙고동","합계","여","독거노인현황(성별)","","312","328","423","417",
"서빙고동","국민기초생활보장 수급권자","계","독거노인현황(성별)","","96","111","136","145",
"서빙고동","국민기초생활보장 수급권자","남","독거노인현황(성별)","","30","36","45","52",
"서빙고동","국민기초생활보장 수급권자","여","독거노인현황(성별)","","66","75","91","93",
"서빙고동","저소득노인","계","독거노인현황(성별)","","15","10","7","5",
"서빙고동","저소득노인","남","독거노인현황(성별)","","4","1","1","-",
"서빙고동","저소득노인","여","독거노인현황(성별)","","11","9","6","5",
"서빙고동","일   반","계","독거노인현황(성별)","","340","362","435","434",
"서빙고동","일   반","남","독거노인현황(성별)","","105","118","109","115",
"서빙고동","일   반","여","독거노인현황(성별)","","235","244","326","319",
"보광동","합계","계","독거노인현황(성별)","","788","791","632","665",
"보광동","합계","남","독거노인현황(성별)","","222","239","199","212",
"보광동","합계","여","독거노인현황(성별)","","566","552","433","453",
"보광동","국민기초생활보장 수급권자","계","독거노인현황(성별)","","309","303","229","243",
"보광동","국민기초생활보장 수급권자","남","독거노인현황(성별)","","94","97","78","81",
"보광동","국민기초생활보장 수급권자","여","독거노인현황(성별)","","215","206","151","162",
"보광동","저소득노인","계","독거노인현황(성별)","","40","15","14","9",
"보광동","저소득노인","남","독거노인현황(성별)","","9","3","3","2",
"보광동","저소득노인","여","독거노인현황(성별)","","31","12","11","7",
"보광동","일   반","계","독거노인현황(성별)","","439","473","389","413",
"보광동","일   반","남","독거노인현황(성별)","","119","139","118","129",
"보광동","일   반","여","독거노인현황(성별)","","320","334","271","284",
"성동구","합계","계","독거노인현황(성별)","","11313","12141","12612","13174",
"성동구","합계","남","독거노인현황(성별)","","3691","4065","4325","4640",
"성동구","합계","여","독거노인현황(성별)","","7622","8076","8287","8534",
"성동구","국민기초생활보장 수급권자","계","독거노인현황(성별)","","3255","3536","3776","3854",
"성동구","국민기초생활보장 수급권자","남","독거노인현황(성별)","","1258","1394","1522","1682",
"성동구","국민기초생활보장 수급권자","여","독거노인현황(성별)","","1997","2142","2254","2172",
"성동구","저소득노인","계","독거노인현황(성별)","","502","239","433","425",
"성동구","저소득노인","남","독거노인현황(성별)","","154","55","149","132",
"성동구","저소득노인","여","독거노인현황(성별)","","348","184","284","293",
"성동구","일   반","계","독거노인현황(성별)","","7556","8366","8403","8895",
"성동구","일   반","남","독거노인현황(성별)","","2279","2616","2654","2826",
"성동구","일   반","여","독거노인현황(성별)","","5277","5750","5749","6069",
"왕십리2동","합계","계","독거노인현황(성별)","","634","690","714","742",
"왕십리2동","합계","남","독거노인현황(성별)","","183","204","230","240",
"왕십리2동","합계","여","독거노인현황(성별)","","451","486","484","502",
"왕십리2동","국민기초생활보장 수급권자","계","독거노인현황(성별)","","177","198","218","229",
"왕십리2동","국민기초생활보장 수급권자","남","독거노인현황(성별)","","69","73","87","88",
"왕십리2동","국민기초생활보장 수급권자","여","독거노인현황(성별)","","108","125","131","141",
"왕십리2동","저소득노인","계","독거노인현황(성별)","","39","15","26","2",
"왕십리2동","저소득노인","남","독거노인현황(성별)","","16","3","9","1",
"왕십리2동","저소득노인","여","독거노인현황(성별)","","23","12","17","1",
"왕십리2동","일   반","계","독거노인현황(성별)","","418","477","470","511",
"왕십리2동","일   반","남","독거노인현황(성별)","","98","128","134","151",
"왕십리2동","일   반","여","독거노인현황(성별)","","320","349","336","360",
"왕십리도선동","합계","계","독거노인현황(성별)","","972","1002","1056","1150",
"왕십리도선동","합계","남","독거노인현황(성별)","","318","327","343","408",
"왕십리도선동","합계","여","독거노인현황(성별)","","654","675","713","742",
"왕십리도선동","국민기초생활보장 수급권자","계","독거노인현황(성별)","","359","378","390","423",
"왕십리도선동","국민기초생활보장 수급권자","남","독거노인현황(성별)","","136","141","145","171",
"왕십리도선동","국민기초생활보장 수급권자","여","독거노인현황(성별)","","223","237","245","252",
"왕십리도선동","저소득노인","계","독거노인현황(성별)","","39","19","38","14",
"왕십리도선동","저소득노인","남","독거노인현황(성별)","","15","2","13","6",
"왕십리도선동","저소득노인","여","독거노인현황(성별)","","24","17","25","8",
"왕십리도선동","일   반","계","독거노인현황(성별)","","574","605","628","713",
"왕십리도선동","일   반","남","독거노인현황(성별)","","167","184","185","231",
"왕십리도선동","일   반","여","독거노인현황(성별)","","407","421","443","482",
"마장동","합계","계","독거노인현황(성별)","","996","1070","1103","1148",
"마장동","합계","남","독거노인현황(성별)","","337","374","406","438",
"마장동","합계","여","독거노인현황(성별)","","659","696","697","710",
"마장동","국민기초생활보장 수급권자","계","독거노인현황(성별)","","258","264","293","335",
"마장동","국민기초생활보장 수급권자","남","독거노인현황(성별)","","98","100","118","146",
"마장동","국민기초생활보장 수급권자","여","독거노인현황(성별)","","160","164","175","189",
"마장동","저소득노인","계","독거노인현황(성별)","","46","21","36","16",
"마장동","저소득노인","남","독거노인현황(성별)","","14","6","14","4",
"마장동","저소득노인","여","독거노인현황(성별)","","32","15","22","12",
"마장동","일   반","계","독거노인현황(성별)","","692","785","774","797",
"마장동","일   반","남","독거노인현황(성별)","","225","268","274","288",
"마장동","일   반","여","독거노인현황(성별)","","467","517","500","509",
"사근동","합계","계","독거노인현황(성별)","","385","406","412","408",
"사근동","합계","남","독거노인현황(성별)","","118","133","133","129",
"사근동","합계","여","독거노인현황(성별)","","267","273","279","279",
"사근동","국민기초생활보장 수급권자","계","독거노인현황(성별)","","72","80","87","70",
"사근동","국민기초생활보장 수급권자","남","독거노인현황(성별)","","21","22","28","30",
"사근동","국민기초생활보장 수급권자","여","독거노인현황(성별)","","51","58","59","40",
"사근동","저소득노인","계","독거노인현황(성별)","","18","6","11","6",
"사근동","저소득노인","남","독거노인현황(성별)","","3","1","2","3",
"사근동","저소득노인","여","독거노인현황(성별)","","15","5","9","3",
"사근동","일   반","계","독거노인현황(성별)","","295","320","314","332",
"사근동","일   반","남","독거노인현황(성별)","","94","110","103","96",
"사근동","일   반","여","독거노인현황(성별)","","201","210","211","236",
"행당1동","합계","계","독거노인현황(성별)","","487","500","531","597",
"행당1동","합계","남","독거노인현황(성별)","","166","171","176","204",
"행당1동","합계","여","독거노인현황(성별)","","321","329","355","393",
"행당1동","국민기초생활보장 수급권자","계","독거노인현황(성별)","","121","119","127","158",
"행당1동","국민기초생활보장 수급권자","남","독거노인현황(성별)","","52","47","48","67",
"행당1동","국민기초생활보장 수급권자","여","독거노인현황(성별)","","69","72","79","91",
"행당1동","저소득노인","계","독거노인현황(성별)","","23","9","14","9",
"행당1동","저소득노인","남","독거노인현황(성별)","","8","1","4","-",
"행당1동","저소득노인","여","독거노인현황(성별)","","15","8","10","9",
"행당1동","일   반","계","독거노인현황(성별)","","343","372","390","430",
"행당1동","일   반","남","독거노인현황(성별)","","106","123","124","137",
"행당1동","일   반","여","독거노인현황(성별)","","237","249","266","293",
"행당2동","합계","계","독거노인현황(성별)","","860","928","950","990",
"행당2동","합계","남","독거노인현황(성별)","","220","248","255","282",
"행당2동","합계","여","독거노인현황(성별)","","640","680","695","708",
"행당2동","국민기초생활보장 수급권자","계","독거노인현황(성별)","","321","347","383","260",
"행당2동","국민기초생활보장 수급권자","남","독거노인현황(성별)","","81","89","99","65",
"행당2동","국민기초생활보장 수급권자","여","독거노인현황(성별)","","240","258","284","195",
"행당2동","저소득노인","계","독거노인현황(성별)","","52","33","52","94",
"행당2동","저소득노인","남","독거노인현황(성별)","","11","4","17","23",
"행당2동","저소득노인","여","독거노인현황(성별)","","41","29","35","71",
"행당2동","일   반","계","독거노인현황(성별)","","487","548","515","636",
"행당2동","일   반","남","독거노인현황(성별)","","128","155","139","194",
"행당2동","일   반","여","독거노인현황(성별)","","359","393","376","442",
"응봉동","합계","계","독거노인현황(성별)","","488","511","519","542",
"응봉동","합계","남","독거노인현황(성별)","","122","131","144","146",
"응봉동","합계","여","독거노인현황(성별)","","366","380","375","396",
"응봉동","국민기초생활보장 수급권자","계","독거노인현황(성별)","","62","66","69","99",
"응봉동","국민기초생활보장 수급권자","남","독거노인현황(성별)","","23","27","31","48",
"응봉동","국민기초생활보장 수급권자","여","독거노인현황(성별)","","39","39","38","51",
"응봉동","저소득노인","계","독거노인현황(성별)","","27","10","20","9",
"응봉동","저소득노인","남","독거노인현황(성별)","","9","3","6","4",
"응봉동","저소득노인","여","독거노인현황(성별)","","18","7","14","5",
"응봉동","일   반","계","독거노인현황(성별)","","399","435","430","434",
"응봉동","일   반","남","독거노인현황(성별)","","90","101","107","94",
"응봉동","일   반","여","독거노인현황(성별)","","309","334","323","340",
"금호1가동","합계","계","독거노인현황(성별)","","719","759","781","831",
"금호1가동","합계","남","독거노인현황(성별)","","193","210","222","238",
"금호1가동","합계","여","독거노인현황(성별)","","526","549","559","593",
"금호1가동","국민기초생활보장 수급권자","계","독거노인현황(성별)","","300","308","324","350",
"금호1가동","국민기초생활보장 수급권자","남","독거노인현황(성별)","","75","81","89","101",
"금호1가동","국민기초생활보장 수급권자","여","독거노인현황(성별)","","225","227","235","249",
"금호1가동","저소득노인","계","독거노인현황(성별)","","29","17","31","4",
"금호1가동","저소득노인","남","독거노인현황(성별)","","9","5","11","2",
"금호1가동","저소득노인","여","독거노인현황(성별)","","20","12","20","2",
"금호1가동","일   반","계","독거노인현황(성별)","","390","434","426","477",
"금호1가동","일   반","남","독거노인현황(성별)","","109","124","122","135",
"금호1가동","일   반","여","독거노인현황(성별)","","281","310","304","342",
"금호2.3가동","합계","계","독거노인현황(성별)","","885","947","952","992",
"금호2.3가동","합계","남","독거노인현황(성별)","","241","262","273","291",
"금호2.3가동","합계","여","독거노인현황(성별)","","644","685","679","701",
"금호2.3가동","국민기초생활보장 수급권자","계","독거노인현황(성별)","","233","248","256","187",
"금호2.3가동","국민기초생활보장 수급권자","남","독거노인현황(성별)","","90","97","104","82",
"금호2.3가동","국민기초생활보장 수급권자","여","독거노인현황(성별)","","143","151","152","105",
"금호2.3가동","저소득노인","계","독거노인현황(성별)","","34","14","40","35",
"금호2.3가동","저소득노인","남","독거노인현황(성별)","","7","-","13","6",
"금호2.3가동","저소득노인","여","독거노인현황(성별)","","27","14","27","29",
"금호2.3가동","일   반","계","독거노인현황(성별)","","618","685","656","770",
"금호2.3가동","일   반","남","독거노인현황(성별)","","144","165","156","203",
"금호2.3가동","일   반","여","독거노인현황(성별)","","474","520","500","567",
"금호4가동","합계","계","독거노인현황(성별)","","634","694","732","745",
"금호4가동","합계","남","독거노인현황(성별)","","172","191","203","201",
"금호4가동","합계","여","독거노인현황(성별)","","462","503","529","544",
"금호4가동","국민기초생활보장 수급권자","계","독거노인현황(성별)","","178","198","220","245",
"금호4가동","국민기초생활보장 수급권자","남","독거노인현황(성별)","","51","59","73","78",
"금호4가동","국민기초생활보장 수급권자","여","독거노인현황(성별)","","127","139","147","167",
"금호4가동","저소득노인","계","독거노인현황(성별)","","26","9","18","30",
"금호4가동","저소득노인","남","독거노인현황(성별)","","5","2","6","10",
"금호4가동","저소득노인","여","독거노인현황(성별)","","21","7","12","20",
"금호4가동","일   반","계","독거노인현황(성별)","","430","487","494","470",
"금호4가동","일   반","남","독거노인현황(성별)","","116","130","124","113",
"금호4가동","일   반","여","독거노인현황(성별)","","314","357","370","357",
"옥수동","합계","계","독거노인현황(성별)","","811","851","896","908",
"옥수동","합계","남","독거노인현황(성별)","","182","217","226","233",
"옥수동","합계","여","독거노인현황(성별)","","629","634","670","675",
"옥수동","국민기초생활보장 수급권자","계","독거노인현황(성별)","","179","200","213","150",
"옥수동","국민기초생활보장 수급권자","남","독거노인현황(성별)","","46","57","58","46",
"옥수동","국민기초생활보장 수급권자","여","독거노인현황(성별)","","133","143","155","104",
"옥수동","저소득노인","계","독거노인현황(성별)","","31","16","36","58",
"옥수동","저소득노인","남","독거노인현황(성별)","","8","2","10","9",
"옥수동","저소득노인","여","독거노인현황(성별)","","23","14","26","49",
"옥수동","일   반","계","독거노인현황(성별)","","601","635","647","700",
"옥수동","일   반","남","독거노인현황(성별)","","128","158","158","178",
"옥수동","일   반","여","독거노인현황(성별)","","473","477","489","522",
"성수1가1동","합계","계","독거노인현황(성별)","","542","603","638","655",
"성수1가1동","합계","남","독거노인현황(성별)","","214","232","258","277",
"성수1가1동","합계","여","독거노인현황(성별)","","328","371","380","378",
"성수1가1동","국민기초생활보장 수급권자","계","독거노인현황(성별)","","147","160","178","167",
"성수1가1동","국민기초생활보장 수급권자","남","독거노인현황(성별)","","84","93","107","102",
"성수1가1동","국민기초생활보장 수급권자","여","독거노인현황(성별)","","63","67","71","65",
"성수1가1동","저소득노인","계","독거노인현황(성별)","","12","9","13","24",
"성수1가1동","저소득노인","남","독거노인현황(성별)","","1","3","3","8",
"성수1가1동","저소득노인","여","독거노인현황(성별)","","11","6","10","16",
"성수1가1동","일   반","계","독거노인현황(성별)","","383","434","447","464",
"성수1가1동","일   반","남","독거노인현황(성별)","","129","136","148","167",
"성수1가1동","일   반","여","독거노인현황(성별)","","254","298","299","297",
"성수1가2동","합계","계","독거노인현황(성별)","","425","460","491","524",
"성수1가2동","합계","남","독거노인현황(성별)","","147","164","178","178",
"성수1가2동","합계","여","독거노인현황(성별)","","278","296","313","346",
"성수1가2동","국민기초생활보장 수급권자","계","독거노인현황(성별)","","69","75","84","64",
"성수1가2동","국민기초생활보장 수급권자","남","독거노인현황(성별)","","32","35","37","35",
"성수1가2동","국민기초생활보장 수급권자","여","독거노인현황(성별)","","37","40","47","29",
"성수1가2동","저소득노인","계","독거노인현황(성별)","","16","10","16","8",
"성수1가2동","저소득노인","남","독거노인현황(성별)","","6","5","7","5",
"성수1가2동","저소득노인","여","독거노인현황(성별)","","10","5","9","3",
"성수1가2동","일   반","계","독거노인현황(성별)","","340","375","391","452",
"성수1가2동","일   반","남","독거노인현황(성별)","","109","124","134","138",
"성수1가2동","일   반","여","독거노인현황(성별)","","231","251","257","314",
"성수2가1동","합계","계","독거노인현황(성별)","","820","891","925","991",
"성수2가1동","합계","남","독거노인현황(성별)","","340","381","415","475",
"성수2가1동","합계","여","독거노인현황(성별)","","480","510","510","516",
"성수2가1동","국민기초생활보장 수급권자","계","독거노인현황(성별)","","251","266","288","304",
"성수2가1동","국민기초생활보장 수급권자","남","독거노인현황(성별)","","127","132","152","175",
"성수2가1동","국민기초생활보장 수급권자","여","독거노인현황(성별)","","124","134","136","129",
"성수2가1동","저소득노인","계","독거노인현황(성별)","","34","13","22","44",
"성수2가1동","저소득노인","남","독거노인현황(성별)","","12","3","9","22",
"성수2가1동","저소득노인","여","독거노인현황(성별)","","22","10","13","22",
"성수2가1동","일   반","계","독거노인현황(성별)","","535","612","615","643",
"성수2가1동","일   반","남","독거노인현황(성별)","","201","246","254","278",
"성수2가1동","일   반","여","독거노인현황(성별)","","334","366","361","365",
"성수2가3동","합계","계","독거노인현황(성별)","","361","393","391","404",
"성수2가3동","합계","남","독거노인현황(성별)","","147","169","158","164",
"성수2가3동","합계","여","독거노인현황(성별)","","214","224","233","240",
"성수2가3동","국민기초생활보장 수급권자","계","독거노인현황(성별)","","65","65","58","85",
"성수2가3동","국민기초생활보장 수급권자","남","독거노인현황(성별)","","39","44","35","49",
"성수2가3동","국민기초생활보장 수급권자","여","독거노인현황(성별)","","26","21","23","36",
"성수2가3동","저소득노인","계","독거노인현황(성별)","","11","2","8","8",
"성수2가3동","저소득노인","남","독거노인현황(성별)","","4","-","2","2",
"성수2가3동","저소득노인","여","독거노인현황(성별)","","7","2","6","6",
"성수2가3동","일   반","계","독거노인현황(성별)","","285","326","325","311",
"성수2가3동","일   반","남","독거노인현황(성별)","","104","125","121","113",
"성수2가3동","일   반","여","독거노인현황(성별)","","181","201","204","198",
"송정동","합계","계","독거노인현황(성별)","","541","587","612","640",
"송정동","합계","남","독거노인현황(성별)","","232","242","260","295",
"송정동","합계","여","독거노인현황(성별)","","309","345","352","345",
"송정동","국민기초생활보장 수급권자","계","독거노인현황(성별)","","196","231","231","238",
"송정동","국민기초생활보장 수급권자","남","독거노인현황(성별)","","95","114","116","126",
"송정동","국민기초생활보장 수급권자","여","독거노인현황(성별)","","101","117","115","112",
"송정동","저소득노인","계","독거노인현황(성별)","","32","14","25","9",
"송정동","저소득노인","남","독거노인현황(성별)","","15","7","12","3",
"송정동","저소득노인","여","독거노인현황(성별)","","17","7","13","6",
"송정동","일   반","계","독거노인현황(성별)","","313","342","356","393",
"송정동","일   반","남","독거노인현황(성별)","","122","121","132","166",
"송정동","일   반","여","독거노인현황(성별)","","191","221","224","227",
"용답동","합계","계","독거노인현황(성별)","","753","849","909","907",
"용답동","합계","남","독거노인현황(성별)","","359","409","445","441",
"용답동","합계","여","독거노인현황(성별)","","394","440","464","466",
"용답동","국민기초생활보장 수급권자","계","독거노인현황(성별)","","267","333","357","490",
"용답동","국민기초생활보장 수급권자","남","독거노인현황(성별)","","139","183","195","273",
"용답동","국민기초생활보장 수급권자","여","독거노인현황(성별)","","128","150","162","217",
"용답동","저소득노인","계","독거노인현황(성별)","","33","22","27","55",
"용답동","저소득노인","남","독거노인현황(성별)","","11","8","11","24",
"용답동","저소득노인","여","독거노인현황(성별)","","22","14","16","31",
"용답동","일   반","계","독거노인현황(성별)","","453","494","525","362",
"용답동","일   반","남","독거노인현황(성별)","","209","218","239","144",
"용답동","일   반","여","독거노인현황(성별)","","244","276","286","218",
"광진구","합계","계","독거노인현황(성별)","","17429","13657","18923","20313",
"광진구","합계","남","독거노인현황(성별)","","5995","4631","12397","7446",
"광진구","합계","여","독거노인현황(성별)","","11434","9026","6526","12867",
"광진구","국민기초생활보장 수급권자","계","독거노인현황(성별)","","3489","3875","4260","4779",
"광진구","국민기초생활보장 수급권자","남","독거노인현황(성별)","","1321","1514","1726","2003",
"광진구","국민기초생활보장 수급권자","여","독거노인현황(성별)","","2168","2361","2534","2776",
"광진구","저소득노인","계","독거노인현황(성별)","","1002","981","194","169",
"광진구","저소득노인","남","독거노인현황(성별)","","341","349","77","45",
"광진구","저소득노인","여","독거노인현황(성별)","","661","632","117","124",
"광진구","일   반","계","독거노인현황(성별)","","12938","8801","14469","15365",
"광진구","일   반","남","독거노인현황(성별)","","4333","2768","10594","5398",
"광진구","일   반","여","독거노인현황(성별)","","8605","6033","3875","9967",
"화양동","합계","계","독거노인현황(성별)","","850","682","915","983",
"화양동","합계","남","독거노인현황(성별)","","328","257","636","445",
"화양동","합계","여","독거노인현황(성별)","","522","425","279","538",
"화양동","국민기초생활보장 수급권자","계","독거노인현황(성별)","","157","164","188","216",
"화양동","국민기초생활보장 수급권자","남","독거노인현황(성별)","","71","80","97","122",
"화양동","국민기초생활보장 수급권자","여","독거노인현황(성별)","","86","84","91","94",
"화양동","저소득노인","계","독거노인현황(성별)","","22","22","6","3",
"화양동","저소득노인","남","독거노인현황(성별)","","13","12","3","-",
"화양동","저소득노인","여","독거노인현황(성별)","","9","10","3","3",
"화양동","일   반","계","독거노인현황(성별)","","671","496","721","764",
"화양동","일   반","남","독거노인현황(성별)","","244","165","536","323",
"화양동","일   반","여","독거노인현황(성별)","","427","331","185","441",
"군자동","합계","계","독거노인현황(성별)","","1219","927","1288","1401",
"군자동","합계","남","독거노인현황(성별)","","473","335","824","574",
"군자동","합계","여","독거노인현황(성별)","","746","592","464","827",
"군자동","국민기초생활보장 수급권자","계","독거노인현황(성별)","","262","280","292","350",
"군자동","국민기초생활보장 수급권자","남","독거노인현황(성별)","","113","122","132","166",
"군자동","국민기초생활보장 수급권자","여","독거노인현황(성별)","","149","158","160","184",
"군자동","저소득노인","계","독거노인현황(성별)","","54","59","15","14",
"군자동","저소득노인","남","독거노인현황(성별)","","21","21","3","",
"군자동","저소득노인","여","독거노인현황(성별)","","33","38","12","14",
"군자동","일   반","계","독거노인현황(성별)","","903","588","981","1037",
"군자동","일   반","남","독거노인현황(성별)","","339","192","689","408",
"군자동","일   반","여","독거노인현황(성별)","","564","396","292","629",
"중곡1동","합계","계","독거노인현황(성별)","","1025","759","1090","1208",
"중곡1동","합계","남","독거노인현황(성별)","","386","282","721","450",
"중곡1동","합계","여","독거노인현황(성별)","","639","477","369","758",
"중곡1동","국민기초생활보장 수급권자","계","독거노인현황(성별)","","236","254","274","323",
"중곡1동","국민기초생활보장 수급권자","남","독거노인현황(성별)","","89","93","103","124",
"중곡1동","국민기초생활보장 수급권자","여","독거노인현황(성별)","","147","161","171","199",
"중곡1동","저소득노인","계","독거노인현황(성별)","","70","70","12","16",
"중곡1동","저소득노인","남","독거노인현황(성별)","","24","23","6","5",
"중곡1동","저소득노인","여","독거노인현황(성별)","","46","47","6","11",
"중곡1동","일   반","계","독거노인현황(성별)","","719","435","804","869",
"중곡1동","일   반","남","독거노인현황(성별)","","273","166","612","321",
"중곡1동","일   반","여","독거노인현황(성별)","","446","269","192","548",
"중곡2동","합계","계","독거노인현황(성별)","","1170","921","1378","1470",
"중곡2동","합계","남","독거노인현황(성별)","","414","327","964","540",
"중곡2동","합계","여","독거노인현황(성별)","","756","594","414","930",
"중곡2동","국민기초생활보장 수급권자","계","독거노인현황(성별)","","234","279","332","360",
"중곡2동","국민기초생활보장 수급권자","남","독거노인현황(성별)","","92","117","136","150",
"중곡2동","국민기초생활보장 수급권자","여","독거노인현황(성별)","","142","162","196","210",
"중곡2동","저소득노인","계","독거노인현황(성별)","","86","90","14","18",
"중곡2동","저소득노인","남","독거노인현황(성별)","","31","36","5","6",
"중곡2동","저소득노인","여","독거노인현황(성별)","","55","54","9","12",
"중곡2동","일   반","계","독거노인현황(성별)","","850","552","1032","1092",
"중곡2동","일   반","남","독거노인현황(성별)","","291","174","823","384",
"중곡2동","일   반","여","독거노인현황(성별)","","559","378","209","708",
"중곡3동","합계","계","독거노인현황(성별)","","1290","992","1491","1590",
"중곡3동","합계","남","독거노인현황(성별)","","475","383","999","604",
"중곡3동","합계","여","독거노인현황(성별)","","815","609","492","986",
"중곡3동","국민기초생활보장 수급권자","계","독거노인현황(성별)","","304","326","371","411",
"중곡3동","국민기초생활보장 수급권자","남","독거노인현황(성별)","","113","125","148","159",
"중곡3동","국민기초생활보장 수급권자","여","독거노인현황(성별)","","191","201","223","252",
"중곡3동","저소득노인","계","독거노인현황(성별)","","84","79","18","11",
"중곡3동","저소득노인","남","독거노인현황(성별)","","25","29","7","1",
"중곡3동","저소득노인","여","독거노인현황(성별)","","59","50","11","10",
"중곡3동","일   반","계","독거노인현황(성별)","","902","587","1102","1168",
"중곡3동","일   반","남","독거노인현황(성별)","","337","229","844","444",
"중곡3동","일   반","여","독거노인현황(성별)","","565","358","258","724",
"중곡4동","합계","계","독거노인현황(성별)","","1855","1354","1951","2147",
"중곡4동","합계","남","독거노인현황(성별)","","607","462","1288","768",
"중곡4동","합계","여","독거노인현황(성별)","","1248","892","663","1379",
"중곡4동","국민기초생활보장 수급권자","계","독거노인현황(성별)","","413","446","475","543",
"중곡4동","국민기초생활보장 수급권자","남","독거노인현황(성별)","","127","154","175","204",
"중곡4동","국민기초생활보장 수급권자","여","독거노인현황(성별)","","286","292","300","339",
"중곡4동","저소득노인","계","독거노인현황(성별)","","154","134","20","9",
"중곡4동","저소득노인","남","독거노인현황(성별)","","49","47","9","4",
"중곡4동","저소득노인","여","독거노인현황(성별)","","105","87","11","5",
"중곡4동","일   반","계","독거노인현황(성별)","","1288","774","1456","1595",
"중곡4동","일   반","남","독거노인현황(성별)","","431","261","1104","560",
"중곡4동","일   반","여","독거노인현황(성별)","","857","513","352","1035",
"능동","합계","계","독거노인현황(성별)","","519","408","548","595",
"능동","합계","남","독거노인현황(성별)","","178","138","352","224",
"능동","합계","여","독거노인현황(성별)","","341","270","196","371",
"능동","국민기초생활보장 수급권자","계","독거노인현황(성별)","","91","103","114","136",
"능동","국민기초생활보장 수급권자","남","독거노인현황(성별)","","33","41","51","64",
"능동","국민기초생활보장 수급권자","여","독거노인현황(성별)","","58","62","63","72",
"능동","저소득노인","계","독거노인현황(성별)","","29","29","10","8",
"능동","저소득노인","남","독거노인현황(성별)","","9","9","2","3",
"능동","저소득노인","여","독거노인현황(성별)","","20","20","8","5",
"능동","일   반","계","독거노인현황(성별)","","399","276","424","451",
"능동","일   반","남","독거노인현황(성별)","","136","88","299","157",
"능동","일   반","여","독거노인현황(성별)","","263","188","125","294",
"광장동","합계","계","독거노인현황(성별)","","700","618","762","789",
"광장동","합계","남","독거노인현황(성별)","","213","183","434","235",
"광장동","합계","여","독거노인현황(성별)","","487","435","328","554",
"광장동","국민기초생활보장 수급권자","계","독거노인현황(성별)","","67","76","81","82",
"광장동","국민기초생활보장 수급권자","남","독거노인현황(성별)","","21","26","32","30",
"광장동","국민기초생활보장 수급권자","여","독거노인현황(성별)","","46","50","49","52",
"광장동","저소득노인","계","독거노인현황(성별)","","27","26","5","9",
"광장동","저소득노인","남","독거노인현황(성별)","","8","7","2","1",
"광장동","저소득노인","여","독거노인현황(성별)","","19","19","3","8",
"광장동","일   반","계","독거노인현황(성별)","","606","516","676","698",
"광장동","일   반","남","독거노인현황(성별)","","184","150","400","204",
"광장동","일   반","여","독거노인현황(성별)","","422","366","276","494",
"자양1동","합계","계","독거노인현황(성별)","","1523","1147","1643","1715",
"자양1동","합계","남","독거노인현황(성별)","","516","363","1044","617",
"자양1동","합계","여","독거노인현황(성별)","","1007","784","599","1098",
"자양1동","국민기초생활보장 수급권자","계","독거노인현황(성별)","","361","396","432","454",
"자양1동","국민기초생활보장 수급권자","남","독거노인현황(성별)","","141","150","165","192",
"자양1동","국민기초생활보장 수급권자","여","독거노인현황(성별)","","220","246","267","262",
"자양1동","저소득노인","계","독거노인현황(성별)","","88","85","20","23",
"자양1동","저소득노인","남","독거노인현황(성별)","","29","27","8","7",
"자양1동","저소득노인","여","독거노인현황(성별)","","59","58","12","16",
"자양1동","일   반","계","독거노인현황(성별)","","1074","666","1191","1238",
"자양1동","일   반","남","독거노인현황(성별)","","346","186","871","418",
"자양1동","일   반","여","독거노인현황(성별)","","728","480","320","820",
"자양2동","합계","계","독거노인현황(성별)","","1181","908","1245","1329",
"자양2동","합계","남","독거노인현황(성별)","","362","291","828","463",
"자양2동","합계","여","독거노인현황(성별)","","819","617","417","866",
"자양2동","국민기초생활보장 수급권자","계","독거노인현황(성별)","","234","264","289","331",
"자양2동","국민기초생활보장 수급권자","남","독거노인현황(성별)","","79","96","105","126",
"자양2동","국민기초생활보장 수급권자","여","독거노인현황(성별)","","155","168","184","205",
"자양2동","저소득노인","계","독거노인현황(성별)","","57","48","9","9",
"자양2동","저소득노인","남","독거노인현황(성별)","","11","9","4","1",
"자양2동","저소득노인","여","독거노인현황(성별)","","46","39","5","8",
"자양2동","일   반","계","독거노인현황(성별)","","890","596","947","989",
"자양2동","일   반","남","독거노인현황(성별)","","272","186","719","336",
"자양2동","일   반","여","독거노인현황(성별)","","618","410","228","653",
"자양3동","합계","계","독거노인현황(성별)","","958","862","1028","1071",
"자양3동","합계","남","독거노인현황(성별)","","270","236","617","325",
"자양3동","합계","여","독거노인현황(성별)","","688","626","411","746",
"자양3동","국민기초생활보장 수급권자","계","독거노인현황(성별)","","107","125","132","145",
"자양3동","국민기초생활보장 수급권자","남","독거노인현황(성별)","","41","50","53","65",
"자양3동","국민기초생활보장 수급권자","여","독거노인현황(성별)","","66","75","79","80",
"자양3동","저소득노인","계","독거노인현황(성별)","","42","40","13","9",
"자양3동","저소득노인","남","독거노인현황(성별)","","15","15","4","3",
"자양3동","저소득노인","여","독거노인현황(성별)","","27","25","9","6",
"자양3동","일   반","계","독거노인현황(성별)","","809","697","883","917",
"자양3동","일   반","남","독거노인현황(성별)","","214","171","560","257",
"자양3동","일   반","여","독거노인현황(성별)","","595","526","323","660",
"자양4동","합계","계","독거노인현황(성별)","","1568","1220","1702","1818",
"자양4동","합계","남","독거노인현황(성별)","","586","449","1146","732",
"자양4동","합계","여","독거노인현황(성별)","","982","771","556","1086",
"자양4동","국민기초생활보장 수급권자","계","독거노인현황(성별)","","358","401","428","476",
"자양4동","국민기초생활보장 수급권자","남","독거노인현황(성별)","","153","173","185","221",
"자양4동","국민기초생활보장 수급권자","여","독거노인현황(성별)","","205","228","243","255",
"자양4동","저소득노인","계","독거노인현황(성별)","","76","78","14","12",
"자양4동","저소득노인","남","독거노인현황(성별)","","25","28","6","3",
"자양4동","저소득노인","여","독거노인현황(성별)","","51","50","8","9",
"자양4동","일   반","계","독거노인현황(성별)","","1134","741","1260","1330",
"자양4동","일   반","남","독거노인현황(성별)","","408","248","955","508",
"자양4동","일   반","여","독거노인현황(성별)","","726","493","305","822",
"구의1동","합계","계","독거노인현황(성별)","","1192","943","1323","1422",
"구의1동","합계","남","독거노인현황(성별)","","429","318","884","523",
"구의1동","합계","여","독거노인현황(성별)","","763","625","439","899",
"구의1동","국민기초생활보장 수급권자","계","독거노인현황(성별)","","244","276","307","346",
"구의1동","국민기초생활보장 수급권자","남","독거노인현황(성별)","","98","112","130","149",
"구의1동","국민기초생활보장 수급권자","여","독거노인현황(성별)","","146","164","177","197",
"구의1동","저소득노인","계","독거노인현황(성별)","","56","63","12","10",
"구의1동","저소득노인","남","독거노인현황(성별)","","23","30","6","3",
"구의1동","저소득노인","여","독거노인현황(성별)","","33","33","6","7",
"구의1동","일   반","계","독거노인현황(성별)","","892","604","1004","1066",
"구의1동","일   반","남","독거노인현황(성별)","","308","176","748","371",
"구의1동","일   반","여","독거노인현황(성별)","","584","428","256","695",
"구의2동","합계","계","독거노인현황(성별)","","1427","1126","1583","1742",
"구의2동","합계","남","독거노인현황(성별)","","496","382","1050","624",
"구의2동","합계","여","독거노인현황(성별)","","931","744","533","1118",
"구의2동","국민기초생활보장 수급권자","계","독거노인현황(성별)","","287","341","388","437",
"구의2동","국민기초생활보장 수급권자","남","독거노인현황(성별)","","109","128","159","174",
"구의2동","국민기초생활보장 수급권자","여","독거노인현황(성별)","","178","213","229","263",
"구의2동","저소득노인","계","독거노인현황(성별)","","111","110","16","15",
"구의2동","저소득노인","남","독거노인현황(성별)","","43","42","7","5",
"구의2동","저소득노인","여","독거노인현황(성별)","","68","68","9","10",
"구의2동","일   반","계","독거노인현황(성별)","","1029","675","1179","1290",
"구의2동","일   반","남","독거노인현황(성별)","","344","212","884","445",
"구의2동","일   반","여","독거노인현황(성별)","","685","463","295","845",
"구의3동","합계","계","독거노인현황(성별)","","952","790","976","1033",
"구의3동","합계","남","독거노인현황(성별)","","262","225","610","322",
"구의3동","합계","여","독거노인현황(성별)","","690","565","366","711",
"구의3동","국민기초생활보장 수급권자","계","독거노인현황(성별)","","134","144","157","169",
"구의3동","국민기초생활보장 수급권자","남","독거노인현황(성별)","","41","47","55","57",
"구의3동","국민기초생활보장 수급권자","여","독거노인현황(성별)","","93","97","102","112",
"구의3동","저소득노인","계","독거노인현황(성별)","","46","48","10","3",
"구의3동","저소득노인","남","독거노인현황(성별)","","15","14","5","3",
"구의3동","저소득노인","여","독거노인현황(성별)","","31","34","5","",
"구의3동","일   반","계","독거노인현황(성별)","","772","598","809","861",
"구의3동","일   반","남","독거노인현황(성별)","","206","164","550","262",
"구의3동","일   반","여","독거노인현황(성별)","","566","434","259","599",
"동대문구","합계","계","독거노인현황(성별)","","17653","18625","19403","20153",
"동대문구","합계","남","독거노인현황(성별)","","6331","6808","7215","7509",
"동대문구","합계","여","독거노인현황(성별)","","11322","11817","12188","12644",
"동대문구","국민기초생활보장 수급권자","계","독거노인현황(성별)","","5675","5993","6471","6832",
"동대문구","국민기초생활보장 수급권자","남","독거노인현황(성별)","","2518","2707","3009","3228",
"동대문구","국민기초생활보장 수급권자","여","독거노인현황(성별)","","3157","3286","3462","3604",
"동대문구","저소득노인","계","독거노인현황(성별)","","773","446","393","374",
"동대문구","저소득노인","남","독거노인현황(성별)","","286","125","104","92",
"동대문구","저소득노인","여","독거노인현황(성별)","","487","321","289","282",
"동대문구","일   반","계","독거노인현황(성별)","","11205","12186","12539","12947",
"동대문구","일   반","남","독거노인현황(성별)","","3527","3976","4102","4189",
"동대문구","일   반","여","독거노인현황(성별)","","7678","8210","8437","8758",
"용신동","합계","계","독거노인현황(성별)","","2076","2207","2303","",
"용신동","합계","남","독거노인현황(성별)","","905","972","1011","",
"용신동","합계","여","독거노인현황(성별)","","1171","1235","1292","",
"용신동","국민기초생활보장 수급권자","계","독거노인현황(성별)","","706","749","812","",
"용신동","국민기초생활보장 수급권자","남","독거노인현황(성별)","","400","418","458","",
"용신동","국민기초생활보장 수급권자","여","독거노인현황(성별)","","306","331","354","",
"용신동","저소득노인","계","독거노인현황(성별)","","55","34","30","",
"용신동","저소득노인","남","독거노인현황(성별)","","22","10","9","",
"용신동","저소득노인","여","독거노인현황(성별)","","33","24","21","",
"용신동","일   반","계","독거노인현황(성별)","","1315","1424","1461","",
"용신동","일   반","남","독거노인현황(성별)","","483","544","544","",
"용신동","일   반","여","독거노인현황(성별)","","832","880","917","",
"신설동","합계","계","독거노인현황(성별)","","","","","829",
"신설동","합계","남","독거노인현황(성별)","","","","","402",
"신설동","합계","여","독거노인현황(성별)","","","","","427",
"신설동","국민기초생활보장 수급권자","계","독거노인현황(성별)","","","","","303",
"신설동","국민기초생활보장 수급권자","남","독거노인현황(성별)","","","","","195",
"신설동","국민기초생활보장 수급권자","여","독거노인현황(성별)","","","","","108",
"신설동","저소득노인","계","독거노인현황(성별)","","","","","11",
"신설동","저소득노인","남","독거노인현황(성별)","","","","","3",
"신설동","저소득노인","여","독거노인현황(성별)","","","","","8",
"신설동","일   반","계","독거노인현황(성별)","","","","","515",
"신설동","일   반","남","독거노인현황(성별)","","","","","204",
"신설동","일   반","여","독거노인현황(성별)","","","","","311",
"용두동","합계","계","독거노인현황(성별)","","","","","1632",
"용두동","합계","남","독거노인현황(성별)","","","","","691",
"용두동","합계","여","독거노인현황(성별)","","","","","941",
"용두동","국민기초생활보장 수급권자","계","독거노인현황(성별)","","","","","595",
"용두동","국민기초생활보장 수급권자","남","독거노인현황(성별)","","","","","337",
"용두동","국민기초생활보장 수급권자","여","독거노인현황(성별)","","","","","258",
"용두동","저소득노인","계","독거노인현황(성별)","","","","","24",
"용두동","저소득노인","남","독거노인현황(성별)","","","","","7",
"용두동","저소득노인","여","독거노인현황(성별)","","","","","17",
"용두동","일   반","계","독거노인현황(성별)","","","","","1013",
"용두동","일   반","남","독거노인현황(성별)","","","","","347",
"용두동","일   반","여","독거노인현황(성별)","","","","","666",
"제기동","합계","계","독거노인현황(성별)","","1954","2001","2058","2047",
"제기동","합계","남","독거노인현황(성별)","","772","811","864","868",
"제기동","합계","여","독거노인현황(성별)","","1182","1190","1194","1179",
"제기동","국민기초생활보장 수급권자","계","독거노인현황(성별)","","694","706","765","762",
"제기동","국민기초생활보장 수급권자","남","독거노인현황(성별)","","374","394","427","428",
"제기동","국민기초생활보장 수급권자","여","독거노인현황(성별)","","320","312","338","334",
"제기동","저소득노인","계","독거노인현황(성별)","","78","58","51","41",
"제기동","저소득노인","남","독거노인현황(성별)","","28","15","15","10",
"제기동","저소득노인","여","독거노인현황(성별)","","50","43","36","31",
"제기동","일   반","계","독거노인현황(성별)","","1182","1237","1242","1244",
"제기동","일   반","남","독거노인현황(성별)","","370","402","422","430",
"제기동","일   반","여","독거노인현황(성별)","","812","835","820","814",
"전농1동","합계","계","독거노인현황(성별)","","1879","1991","2068","2153",
"전농1동","합계","남","독거노인현황(성별)","","748","812","856","893",
"전농1동","합계","여","독거노인현황(성별)","","1131","1179","1212","1260",
"전농1동","국민기초생활보장 수급권자","계","독거노인현황(성별)","","701","741","813","869",
"전농1동","국민기초생활보장 수급권자","남","독거노인현황(성별)","","311","343","388","409",
"전농1동","국민기초생활보장 수급권자","여","독거노인현황(성별)","","390","398","425","460",
"전농1동","저소득노인","계","독거노인현황(성별)","","106","56","48","40",
"전농1동","저소득노인","남","독거노인현황(성별)","","45","21","14","12",
"전농1동","저소득노인","여","독거노인현황(성별)","","61","35","34","28",
"전농1동","일   반","계","독거노인현황(성별)","","1072","1194","1207","1244",
"전농1동","일   반","남","독거노인현황(성별)","","392","448","454","472",
"전농1동","일   반","여","독거노인현황(성별)","","680","746","753","772",
"전농2동","합계","계","독거노인현황(성별)","","859","906","945","973",
"전농2동","합계","남","독거노인현황(성별)","","239","251","252","255",
"전농2동","합계","여","독거노인현황(성별)","","620","655","693","718",
"전농2동","국민기초생활보장 수급권자","계","독거노인현황(성별)","","287","305","332","347",
"전농2동","국민기초생활보장 수급권자","남","독거노인현황(성별)","","77","79","86","93",
"전농2동","국민기초생활보장 수급권자","여","독거노인현황(성별)","","210","226","246","254",
"전농2동","저소득노인","계","독거노인현황(성별)","","43","26","21","21",
"전농2동","저소득노인","남","독거노인현황(성별)","","20","8","6","7",
"전농2동","저소득노인","여","독거노인현황(성별)","","23","18","15","14",
"전농2동","일   반","계","독거노인현황(성별)","","529","575","592","605",
"전농2동","일   반","남","독거노인현황(성별)","","142","164","160","155",
"전농2동","일   반","여","독거노인현황(성별)","","387","411","432","450",
"답십리1동","합계","계","독거노인현황(성별)","","981","1037","1096","1132",
"답십리1동","합계","남","독거노인현황(성별)","","358","387","418","428",
"답십리1동","합계","여","독거노인현황(성별)","","623","650","678","704",
"답십리1동","국민기초생활보장 수급권자","계","독거노인현황(성별)","","283","300","321","343",
"답십리1동","국민기초생활보장 수급권자","남","독거노인현황(성별)","","113","120","141","149",
"답십리1동","국민기초생활보장 수급권자","여","독거노인현황(성별)","","170","180","180","194",
"답십리1동","저소득노인","계","독거노인현황(성별)","","43","25","24","22",
"답십리1동","저소득노인","남","독거노인현황(성별)","","15","7","7","7",
"답십리1동","저소득노인","여","독거노인현황(성별)","","28","18","17","15",
"답십리1동","일   반","계","독거노인현황(성별)","","655","712","751","767",
"답십리1동","일   반","남","독거노인현황(성별)","","230","260","270","272",
"답십리1동","일   반","여","독거노인현황(성별)","","425","452","481","495",
"답십리2동","합계","계","독거노인현황(성별)","","1369","1464","1575","1686",
"답십리2동","합계","남","독거노인현황(성별)","","414","459","486","541",
"답십리2동","합계","여","독거노인현황(성별)","","955","1005","1089","1145",
"답십리2동","국민기초생활보장 수급권자","계","독거노인현황(성별)","","479","519","575","619",
"답십리2동","국민기초생활보장 수급권자","남","독거노인현황(성별)","","164","187","215","240",
"답십리2동","국민기초생활보장 수급권자","여","독거노인현황(성별)","","315","332","360","379",
"답십리2동","저소득노인","계","독거노인현황(성별)","","87","44","42","39",
"답십리2동","저소득노인","남","독거노인현황(성별)","","38","11","9","11",
"답십리2동","저소득노인","여","독거노인현황(성별)","","49","33","33","28",
"답십리2동","일   반","계","독거노인현황(성별)","","803","901","958","1028",
"답십리2동","일   반","남","독거노인현황(성별)","","212","261","262","290",
"답십리2동","일   반","여","독거노인현황(성별)","","591","640","696","738",
"장안1동","합계","계","독거노인현황(성별)","","1586","1676","1795","1909",
"장안1동","합계","남","독거노인현황(성별)","","598","629","683","745",
"장안1동","합계","여","독거노인현황(성별)","","988","1047","1112","1164",
"장안1동","국민기초생활보장 수급권자","계","독거노인현황(성별)","","416","459","485","537",
"장안1동","국민기초생활보장 수급권자","남","독거노인현황(성별)","","195","209","231","270",
"장안1동","국민기초생활보장 수급권자","여","독거노인현황(성별)","","221","250","254","267",
"장안1동","저소득노인","계","독거노인현황(성별)","","65","35","36","37",
"장안1동","저소득노인","남","독거노인현황(성별)","","28","12","13","9",
"장안1동","저소득노인","여","독거노인현황(성별)","","37","23","23","28",
"장안1동","일   반","계","독거노인현황(성별)","","1105","1182","1274","1335",
"장안1동","일   반","남","독거노인현황(성별)","","375","408","439","466",
"장안1동","일   반","여","독거노인현황(성별)","","730","774","835","869",
"장안2동","합계","계","독거노인현황(성별)","","1250","1339","1428","1530",
"장안2동","합계","남","독거노인현황(성별)","","433","483","531","582",
"장안2동","합계","여","독거노인현황(성별)","","817","856","897","948",
"장안2동","국민기초생활보장 수급권자","계","독거노인현황(성별)","","316","356","390","453",
"장안2동","국민기초생활보장 수급권자","남","독거노인현황(성별)","","136","168","189","220",
"장안2동","국민기초생활보장 수급권자","여","독거노인현황(성별)","","180","188","201","233",
"장안2동","저소득노인","계","독거노인현황(성별)","","54","32","27","23",
"장안2동","저소득노인","남","독거노인현황(성별)","","10","6","1","3",
"장안2동","저소득노인","여","독거노인현황(성별)","","44","26","26","20",
"장안2동","일   반","계","독거노인현황(성별)","","880","951","1011","1054",
"장안2동","일   반","남","독거노인현황(성별)","","287","309","341","359",
"장안2동","일   반","여","독거노인현황(성별)","","593","642","670","695",
"청량리동","합계","계","독거노인현황(성별)","","1968","2095","2193","2274",
"청량리동","합계","남","독거노인현황(성별)","","737","802","869","893",
"청량리동","합계","여","독거노인현황(성별)","","1231","1293","1324","1381",
"청량리동","국민기초생활보장 수급권자","계","독거노인현황(성별)","","837","893","954","1021",
"청량리동","국민기초생활보장 수급권자","남","독거노인현황(성별)","","377","413","461","484",
"청량리동","국민기초생활보장 수급권자","여","독거노인현황(성별)","","460","480","493","537",
"청량리동","저소득노인","계","독거노인현황(성별)","","78","51","46","41",
"청량리동","저소득노인","남","독거노인현황(성별)","","22","11","9","5",
"청량리동","저소득노인","여","독거노인현황(성별)","","56","40","37","36",
"청량리동","일   반","계","독거노인현황(성별)","","1053","1151","1193","1212",
"청량리동","일   반","남","독거노인현황(성별)","","338","378","399","404",
"청량리동","일   반","여","독거노인현황(성별)","","715","773","794","808",
"회기동","합계","계","독거노인현황(성별)","","448","465","468","483",
"회기동","합계","남","독거노인현황(성별)","","121","131","143","146",
"회기동","합계","여","독거노인현황(성별)","","327","334","325","337",
"회기동","국민기초생활보장 수급권자","계","독거노인현황(성별)","","84","76","94","100",
"회기동","국민기초생활보장 수급권자","남","독거노인현황(성별)","","33","32","40","42",
"회기동","국민기초생활보장 수급권자","여","독거노인현황(성별)","","51","44","54","58",
"회기동","저소득노인","계","독거노인현황(성별)","","15","12","12","11",
"회기동","저소득노인","남","독거노인현황(성별)","","3","4","2","2",
"회기동","저소득노인","여","독거노인현황(성별)","","12","8","10","9",
"회기동","일   반","계","독거노인현황(성별)","","349","377","362","372",
"회기동","일   반","남","독거노인현황(성별)","","85","95","101","102",
"회기동","일   반","여","독거노인현황(성별)","","264","282","261","270",
"휘경1동","합계","계","독거노인현황(성별)","","495","506","505","592",
"휘경1동","합계","남","독거노인현황(성별)","","162","166","182","203",
"휘경1동","합계","여","독거노인현황(성별)","","333","340","323","389",
"휘경1동","국민기초생활보장 수급권자","계","독거노인현황(성별)","","110","103","116","142",
"휘경1동","국민기초생활보장 수급권자","남","독거노인현황(성별)","","51","50","59","71",
"휘경1동","국민기초생활보장 수급권자","여","독거노인현황(성별)","","59","53","57","71",
"휘경1동","저소득노인","계","독거노인현황(성별)","","18","9","10","10",
"휘경1동","저소득노인","남","독거노인현황(성별)","","6","3","6","4",
"휘경1동","저소득노인","여","독거노인현황(성별)","","12","6","4","6",
"휘경1동","일   반","계","독거노인현황(성별)","","367","394","379","440",
"휘경1동","일   반","남","독거노인현황(성별)","","105","113","117","128",
"휘경1동","일   반","여","독거노인현황(성별)","","262","281","262","312",
"휘경2동","합계","계","독거노인현황(성별)","","924","976","1018","1049",
"휘경2동","합계","남","독거노인현황(성별)","","266","284","304","319",
"휘경2동","합계","여","독거노인현황(성별)","","658","692","714","730",
"휘경2동","국민기초생활보장 수급권자","계","독거노인현황(성별)","","181","188","215","229",
"휘경2동","국민기초생활보장 수급권자","남","독거노인현황(성별)","","69","74","86","101",
"휘경2동","국민기초생활보장 수급권자","여","독거노인현황(성별)","","112","114","129","128",
"휘경2동","저소득노인","계","독거노인현황(성별)","","34","17","15","13",
"휘경2동","저소득노인","남","독거노인현황(성별)","","12","3","4","2",
"휘경2동","저소득노인","여","독거노인현황(성별)","","22","14","11","11",
"휘경2동","일   반","계","독거노인현황(성별)","","709","771","788","807",
"휘경2동","일   반","남","독거노인현황(성별)","","185","207","214","216",
"휘경2동","일   반","여","독거노인현황(성별)","","524","564","574","591",
"이문1동","합계","계","독거노인현황(성별)","","843","895","860","769",
"이문1동","합계","남","독거노인현황(성별)","","260","283","265","202",
"이문1동","합계","여","독거노인현황(성별)","","583","612","595","567",
"이문1동","국민기초생활보장 수급권자","계","독거노인현황(성별)","","232","244","222","137",
"이문1동","국민기초생활보장 수급권자","남","독거노인현황(성별)","","98","97","91","56",
"이문1동","국민기초생활보장 수급권자","여","독거노인현황(성별)","","134","147","131","81",
"이문1동","저소득노인","계","독거노인현황(성별)","","45","24","12","15",
"이문1동","저소득노인","남","독거노인현황(성별)","","21","9","4","3",
"이문1동","저소득노인","여","독거노인현황(성별)","","24","15","8","12",
"이문1동","일   반","계","독거노인현황(성별)","","566","627","626","617",
"이문1동","일   반","남","독거노인현황(성별)","","141","177","170","143",
"이문1동","일   반","여","독거노인현황(성별)","","425","450","456","474",
"이문2동","합계","계","독거노인현황(성별)","","1021","1067","1091","1095",
"이문2동","합계","남","독거노인현황(성별)","","318","338","351","341",
"이문2동","합계","여","독거노인현황(성별)","","703","729","740","754",
"이문2동","국민기초생활보장 수급권자","계","독거노인현황(성별)","","349","354","377","375",
"이문2동","국민기초생활보장 수급권자","남","독거노인현황(성별)","","120","123","137","133",
"이문2동","국민기초생활보장 수급권자","여","독거노인현황(성별)","","229","231","240","242",
"이문2동","저소득노인","계","독거노인현황(성별)","","52","23","19","26",
"이문2동","저소득노인","남","독거노인현황(성별)","","16","5","5","7",
"이문2동","저소득노인","여","독거노인현황(성별)","","36","18","14","19",
"이문2동","일   반","계","독거노인현황(성별)","","620","690","695","694",
"이문2동","일   반","남","독거노인현황(성별)","","182","210","209","201",
"이문2동","일   반","여","독거노인현황(성별)","","438","480","486","493",
"중랑구","합계","계","독거노인현황(성별)","","20695","22438","23982","25746",
"중랑구","합계","남","독거노인현황(성별)","","7368","8215","8924","9727",
"중랑구","합계","여","독거노인현황(성별)","","13327","14223","15058","16019",
"중랑구","국민기초생활보장 수급권자","계","독거노인현황(성별)","","7778","8428","9283","10181",
"중랑구","국민기초생활보장 수급권자","남","독거노인현황(성별)","","2909","3249","3753","4259",
"중랑구","국민기초생활보장 수급권자","여","독거노인현황(성별)","","4869","5179","5530","5922",
"중랑구","저소득노인","계","독거노인현황(성별)","","470","391","331","308",
"중랑구","저소득노인","남","독거노인현황(성별)","","115","86","78","67",
"중랑구","저소득노인","여","독거노인현황(성별)","","355","305","253","241",
"중랑구","일   반","계","독거노인현황(성별)","","12447","13619","14368","15257",
"중랑구","일   반","남","독거노인현황(성별)","","4344","4880","5093","5401",
"중랑구","일   반","여","독거노인현황(성별)","","8103","8739","9275","9856",
"면목2동","합계","계","독거노인현황(성별)","","1526","1643","1749","1871",
"면목2동","합계","남","독거노인현황(성별)","","558","600","648","701",
"면목2동","합계","여","독거노인현황(성별)","","968","1043","1101","1170",
"면목2동","국민기초생활보장 수급권자","계","독거노인현황(성별)","","510","562","618","669",
"면목2동","국민기초생활보장 수급권자","남","독거노인현황(성별)","","187","218","258","298",
"면목2동","국민기초생활보장 수급권자","여","독거노인현황(성별)","","323","344","360","371",
"면목2동","저소득노인","계","독거노인현황(성별)","","40","28","28","32",
"면목2동","저소득노인","남","독거노인현황(성별)","","8","4","6","7",
"면목2동","저소득노인","여","독거노인현황(성별)","","32","24","22","25",
"면목2동","일   반","계","독거노인현황(성별)","","976","1053","1103","1170",
"면목2동","일   반","남","독거노인현황(성별)","","363","378","384","396",
"면목2동","일   반","여","독거노인현황(성별)","","613","675","719","774",
"면목4동","합계","계","독거노인현황(성별)","","1104","1213","1287","1354",
"면목4동","합계","남","독거노인현황(성별)","","348","390","427","480",
"면목4동","합계","여","독거노인현황(성별)","","756","823","860","874",
"면목4동","국민기초생활보장 수급권자","계","독거노인현황(성별)","","530","562","615","637",
"면목4동","국민기초생활보장 수급권자","남","독거노인현황(성별)","","161","175","195","212",
"면목4동","국민기초생활보장 수급권자","여","독거노인현황(성별)","","369","387","420","425",
"면목4동","저소득노인","계","독거노인현황(성별)","","27","22","14","13",
"면목4동","저소득노인","남","독거노인현황(성별)","","5","6","5","4",
"면목4동","저소득노인","여","독거노인현황(성별)","","22","16","9","9",
"면목4동","일   반","계","독거노인현황(성별)","","547","629","658","704",
"면목4동","일   반","남","독거노인현황(성별)","","182","209","227","264",
"면목4동","일   반","여","독거노인현황(성별)","","365","420","431","440",
"면목5동","합계","계","독거노인현황(성별)","","570","630","674","719",
"면목5동","합계","남","독거노인현황(성별)","","203","226","245","271",
"면목5동","합계","여","독거노인현황(성별)","","367","404","429","448",
"면목5동","국민기초생활보장 수급권자","계","독거노인현황(성별)","","184","203","226","251",
"면목5동","국민기초생활보장 수급권자","남","독거노인현황(성별)","","78","86","96","106",
"면목5동","국민기초생활보장 수급권자","여","독거노인현황(성별)","","106","117","130","145",
"면목5동","저소득노인","계","독거노인현황(성별)","","10","8","8","4",
"면목5동","저소득노인","남","독거노인현황(성별)","","3","2","1","-",
"면목5동","저소득노인","여","독거노인현황(성별)","","7","6","7","4",
"면목5동","일   반","계","독거노인현황(성별)","","376","419","440","464",
"면목5동","일   반","남","독거노인현황(성별)","","122","138","148","165",
"면목5동","일   반","여","독거노인현황(성별)","","254","281","292","299",
"면목본동","합계","계","독거노인현황(성별)","","2040","2187","2333","2496",
"면목본동","합계","남","독거노인현황(성별)","","738","816","877","969",
"면목본동","합계","여","독거노인현황(성별)","","1302","1371","1456","1527",
"면목본동","국민기초생활보장 수급권자","계","독거노인현황(성별)","","791","826","905","1015",
"면목본동","국민기초생활보장 수급권자","남","독거노인현황(성별)","","309","319","373","440",
"면목본동","국민기초생활보장 수급권자","여","독거노인현황(성별)","","482","507","532","575",
"면목본동","저소득노인","계","독거노인현황(성별)","","44","33","20","22",
"면목본동","저소득노인","남","독거노인현황(성별)","","6","2","-","3",
"면목본동","저소득노인","여","독거노인현황(성별)","","38","31","20","19",
"면목본동","일   반","계","독거노인현황(성별)","","1205","1328","1408","1459",
"면목본동","일   반","남","독거노인현황(성별)","","423","495","504","526",
"면목본동","일   반","여","독거노인현황(성별)","","782","833","904","933",
"면목7동","합계","계","독거노인현황(성별)","","1108","1191","1252","1380",
"면목7동","합계","남","독거노인현황(성별)","","394","436","456","506",
"면목7동","합계","여","독거노인현황(성별)","","714","755","796","874",
"면목7동","국민기초생활보장 수급권자","계","독거노인현황(성별)","","349","362","409","463",
"면목7동","국민기초생활보장 수급권자","남","독거노인현황(성별)","","139","145","161","197",
"면목7동","국민기초생활보장 수급권자","여","독거노인현황(성별)","","210","217","248","266",
"면목7동","저소득노인","계","독거노인현황(성별)","","28","21","19","18",
"면목7동","저소득노인","남","독거노인현황(성별)","","9","7","7","5",
"면목7동","저소득노인","여","독거노인현황(성별)","","19","14","12","13",
"면목7동","일   반","계","독거노인현황(성별)","","731","808","824","899",
"면목7동","일   반","남","독거노인현황(성별)","","246","284","288","304",
"면목7동","일   반","여","독거노인현황(성별)","","485","524","536","595",
"면목3.8동","합계","계","독거노인현황(성별)","","1575","1686","1802","1945",
"면목3.8동","합계","남","독거노인현황(성별)","","568","604","646","729",
"면목3.8동","합계","여","독거노인현황(성별)","","1007","1082","1156","1216",
"면목3.8동","국민기초생활보장 수급권자","계","독거노인현황(성별)","","568","610","634","719",
"면목3.8동","국민기초생활보장 수급권자","남","독거노인현황(성별)","","211","227","237","286",
"면목3.8동","국민기초생활보장 수급권자","여","독거노인현황(성별)","","357","383","397","433",
"면목3.8동","저소득노인","계","독거노인현황(성별)","","32","22","21","21",
"면목3.8동","저소득노인","남","독거노인현황(성별)","","13","7","7","7",
"면목3.8동","저소득노인","여","독거노인현황(성별)","","19","15","14","14",
"면목3.8동","일   반","계","독거노인현황(성별)","","975","1054","1147","1205",
"면목3.8동","일   반","남","독거노인현황(성별)","","344","370","402","436",
"면목3.8동","일   반","여","독거노인현황(성별)","","631","684","745","769",
"상봉1동","합계","계","독거노인현황(성별)","","1051","1147","1225","1285",
"상봉1동","합계","남","독거노인현황(성별)","","320","372","396","420",
"상봉1동","합계","여","독거노인현황(성별)","","731","775","829","865",
"상봉1동","국민기초생활보장 수급권자","계","독거노인현황(성별)","","441","486","529","581",
"상봉1동","국민기초생활보장 수급권자","남","독거노인현황(성별)","","150","172","202","225",
"상봉1동","국민기초생활보장 수급권자","여","독거노인현황(성별)","","291","314","327","356",
"상봉1동","저소득노인","계","독거노인현황(성별)","","22","25","23","18",
"상봉1동","저소득노인","남","독거노인현황(성별)","","5","7","7","6",
"상봉1동","저소득노인","여","독거노인현황(성별)","","17","18","16","12",
"상봉1동","일   반","계","독거노인현황(성별)","","588","636","673","686",
"상봉1동","일   반","남","독거노인현황(성별)","","165","193","187","189",
"상봉1동","일   반","여","독거노인현황(성별)","","423","443","486","497",
"상봉2동","합계","계","독거노인현황(성별)","","1000","1111","1175","1265",
"상봉2동","합계","남","독거노인현황(성별)","","404","468","483","523",
"상봉2동","합계","여","독거노인현황(성별)","","596","643","692","742",
"상봉2동","국민기초생활보장 수급권자","계","독거노인현황(성별)","","309","365","430","498",
"상봉2동","국민기초생활보장 수급권자","남","독거노인현황(성별)","","139","171","214","243",
"상봉2동","국민기초생활보장 수급권자","여","독거노인현황(성별)","","170","194","216","255",
"상봉2동","저소득노인","계","독거노인현황(성별)","","19","12","14","13",
"상봉2동","저소득노인","남","독거노인현황(성별)","","7","1","2","3",
"상봉2동","저소득노인","여","독거노인현황(성별)","","12","11","12","10",
"상봉2동","일   반","계","독거노인현황(성별)","","672","734","731","754",
"상봉2동","일   반","남","독거노인현황(성별)","","258","296","267","277",
"상봉2동","일   반","여","독거노인현황(성별)","","414","438","464","477",
"중화1동","합계","계","독거노인현황(성별)","","937","971","1048","1106",
"중화1동","합계","남","독거노인현황(성별)","","322","346","382","413",
"중화1동","합계","여","독거노인현황(성별)","","615","625","666","693",
"중화1동","국민기초생활보장 수급권자","계","독거노인현황(성별)","","284","301","344","360",
"중화1동","국민기초생활보장 수급권자","남","독거노인현황(성별)","","95","111","135","151",
"중화1동","국민기초생활보장 수급권자","여","독거노인현황(성별)","","189","190","209","209",
"중화1동","저소득노인","계","독거노인현황(성별)","","21","18","15","10",
"중화1동","저소득노인","남","독거노인현황(성별)","","7","6","6","3",
"중화1동","저소득노인","여","독거노인현황(성별)","","14","12","9","7",
"중화1동","일   반","계","독거노인현황(성별)","","632","652","689","736",
"중화1동","일   반","남","독거노인현황(성별)","","220","229","241","259",
"중화1동","일   반","여","독거노인현황(성별)","","412","423","448","477",
"중화2동","합계","계","독거노인현황(성별)","","1765","1947","2123","2324",
"중화2동","합계","남","독거노인현황(성별)","","754","855","976","1065",
"중화2동","합계","여","독거노인현황(성별)","","1011","1092","1147","1259",
"중화2동","국민기초생활보장 수급권자","계","독거노인현황(성별)","","755","828","947","1050",
"중화2동","국민기초생활보장 수급권자","남","독거노인현황(성별)","","335","373","451","515",
"중화2동","국민기초생활보장 수급권자","여","독거노인현황(성별)","","420","455","496","535",
"중화2동","저소득노인","계","독거노인현황(성별)","","33","30","23","20",
"중화2동","저소득노인","남","독거노인현황(성별)","","10","8","5","6",
"중화2동","저소득노인","여","독거노인현황(성별)","","23","22","18","14",
"중화2동","일   반","계","독거노인현황(성별)","","977","1089","1153","1254",
"중화2동","일   반","남","독거노인현황(성별)","","409","474","520","544",
"중화2동","일   반","여","독거노인현황(성별)","","568","615","633","710",
"묵1동","합계","계","독거노인현황(성별)","","1206","1300","1365","1459",
"묵1동","합계","남","독거노인현황(성별)","","359","395","424","467",
"묵1동","합계","여","독거노인현황(성별)","","847","905","941","992",
"묵1동","국민기초생활보장 수급권자","계","독거노인현황(성별)","","337","356","385","402",
"묵1동","국민기초생활보장 수급권자","남","독거노인현황(성별)","","92","102","116","132",
"묵1동","국민기초생활보장 수급권자","여","독거노인현황(성별)","","245","254","269","270",
"묵1동","저소득노인","계","독거노인현황(성별)","","28","21","19","21",
"묵1동","저소득노인","남","독거노인현황(성별)","","8","6","6","6",
"묵1동","저소득노인","여","독거노인현황(성별)","","20","15","13","15",
"묵1동","일   반","계","독거노인현황(성별)","","841","923","961","1036",
"묵1동","일   반","남","독거노인현황(성별)","","259","287","302","329",
"묵1동","일   반","여","독거노인현황(성별)","","582","636","659","707",
"묵2동","합계","계","독거노인현황(성별)","","979","1067","1134","1210",
"묵2동","합계","남","독거노인현황(성별)","","342","381","417","453",
"묵2동","합계","여","독거노인현황(성별)","","637","686","717","757",
"묵2동","국민기초생활보장 수급권자","계","독거노인현황(성별)","","319","350","410","449",
"묵2동","국민기초생활보장 수급권자","남","독거노인현황(성별)","","119","134","172","195",
"묵2동","국민기초생활보장 수급권자","여","독거노인현황(성별)","","200","216","238","254",
"묵2동","저소득노인","계","독거노인현황(성별)","","31","29","20","15",
"묵2동","저소득노인","남","독거노인현황(성별)","","7","7","4","2",
"묵2동","저소득노인","여","독거노인현황(성별)","","24","22","16","13",
"묵2동","일   반","계","독거노인현황(성별)","","629","688","704","746",
"묵2동","일   반","남","독거노인현황(성별)","","216","240","241","256",
"묵2동","일   반","여","독거노인현황(성별)","","413","448","463","490",
"망우본동","합계","계","독거노인현황(성별)","","2094","2289","2461","2665",
"망우본동","합계","남","독거노인현황(성별)","","823","954","1033","1115",
"망우본동","합계","여","독거노인현황(성별)","","1271","1335","1428","1550",
"망우본동","국민기초생활보장 수급권자","계","독거노인현황(성별)","","854","947","1044","1171",
"망우본동","국민기초생활보장 수급권자","남","독거노인현황(성별)","","338","397","454","530",
"망우본동","국민기초생활보장 수급권자","여","독거노인현황(성별)","","516","550","590","641",
"망우본동","저소득노인","계","독거노인현황(성별)","","39","39","31","33",
"망우본동","저소득노인","남","독거노인현황(성별)","","7","7","7","3",
"망우본동","저소득노인","여","독거노인현황(성별)","","32","32","24","30",
"망우본동","일   반","계","독거노인현황(성별)","","1201","1303","1386","1461",
"망우본동","일   반","남","독거노인현황(성별)","","478","550","572","582",
"망우본동","일   반","여","독거노인현황(성별)","","723","753","814","879",
"망우3동","합계","계","독거노인현황(성별)","","1177","1271","1382","1475",
"망우3동","합계","남","독거노인현황(성별)","","475","540","607","643",
"망우3동","합계","여","독거노인현황(성별)","","702","731","775","832",
"망우3동","국민기초생활보장 수급권자","계","독거노인현황(성별)","","528","581","617","658",
"망우3동","국민기초생활보장 수급권자","남","독거노인현황(성별)","","245","286","311","324",
"망우3동","국민기초생활보장 수급권자","여","독거노인현황(성별)","","283","295","306","334",
"망우3동","저소득노인","계","독거노인현황(성별)","","24","16","19","17",
"망우3동","저소득노인","남","독거노인현황(성별)","","5","6","6","5",
"망우3동","저소득노인","여","독거노인현황(성별)","","19","10","13","12",
"망우3동","일   반","계","독거노인현황(성별)","","625","674","746","800",
"망우3동","일   반","남","독거노인현황(성별)","","225","248","290","314",
"망우3동","일   반","여","독거노인현황(성별)","","400","426","456","486",
"신내1동","합계","계","독거노인현황(성별)","","1341","1475","1572","1698",
"신내1동","합계","남","독거노인현황(성별)","","396","437","477","519",
"신내1동","합계","여","독거노인현황(성별)","","945","1038","1095","1179",
"신내1동","국민기초생활보장 수급권자","계","독거노인현황(성별)","","526","566","610","667",
"신내1동","국민기초생활보장 수급권자","남","독거노인현황(성별)","","141","145","169","186",
"신내1동","국민기초생활보장 수급권자","여","독거노인현황(성별)","","385","421","441","481",
"신내1동","저소득노인","계","독거노인현황(성별)","","44","44","38","34",
"신내1동","저소득노인","남","독거노인현황(성별)","","10","7","6","5",
"신내1동","저소득노인","여","독거노인현황(성별)","","34","37","32","29",
"신내1동","일   반","계","독거노인현황(성별)","","771","865","924","997",
"신내1동","일   반","남","독거노인현황(성별)","","245","285","302","328",
"신내1동","일   반","여","독거노인현황(성별)","","526","580","622","669",
"신내2동","합계","계","독거노인현황(성별)","","1222","1310","1400","1494",
"신내2동","합계","남","독거노인현황(성별)","","364","395","430","453",
"신내2동","합계","여","독거노인현황(성별)","","858","915","970","1041",
"신내2동","국민기초생활보장 수급권자","계","독거노인현황(성별)","","493","523","560","591",
"신내2동","국민기초생활보장 수급권자","남","독거노인현황(성별)","","170","188","209","219",
"신내2동","국민기초생활보장 수급권자","여","독거노인현황(성별)","","323","335","351","372",
"신내2동","저소득노인","계","독거노인현황(성별)","","28","23","19","17",
"신내2동","저소득노인","남","독거노인현황(성별)","","5","3","3","2",
"신내2동","저소득노인","여","독거노인현황(성별)","","23","20","16","15",
"신내2동","일   반","계","독거노인현황(성별)","","701","764","821","886",
"신내2동","일   반","남","독거노인현황(성별)","","189","204","218","232",
"신내2동","일   반","여","독거노인현황(성별)","","512","560","603","654",
"성북구","합계","계","독거노인현황(성별)","","18524","19763","28027","21751",
"성북구","합계","남","독거노인현황(성별)","","5559","6099","8939","6845",
"성북구","합계","여","독거노인현황(성별)","","12965","13664","19088","14906",
"성북구","국민기초생활보장 수급권자","계","독거노인현황(성별)","","6880","7495","6039","6622",
"성북구","국민기초생활보장 수급권자","남","독거노인현황(성별)","","2598","2857","2173","2458",
"성북구","국민기초생활보장 수급권자","여","독거노인현황(성별)","","4282","4638","3866","4164",
"성북구","저소득노인","계","독거노인현황(성별)","","336","994","1273","1304",
"성북구","저소득노인","남","독거노인현황(성별)","","145","315","296","329",
"성북구","저소득노인","여","독거노인현황(성별)","","191","679","977","975",
"성북구","일   반","계","독거노인현황(성별)","","11308","11274","20715","13825",
"성북구","일   반","남","독거노인현황(성별)","","2816","2927","6470","4058",
"성북구","일   반","여","독거노인현황(성별)","","8492","8347","14245","9767",
"성북동","합계","계","독거노인현황(성별)","","770","819","999","864",
"성북동","합계","남","독거노인현황(성별)","","243","262","332","268",
"성북동","합계","여","독거노인현황(성별)","","527","557","667","596",
"성북동","국민기초생활보장 수급권자","계","독거노인현황(성별)","","166","174","126","137",
"성북동","국민기초생활보장 수급권자","남","독거노인현황(성별)","","67","70","48","50",
"성북동","국민기초생활보장 수급권자","여","독거노인현황(성별)","","99","104","78","87",
"성북동","저소득노인","계","독거노인현황(성별)","","15","36","32","26",
"성북동","저소득노인","남","독거노인현황(성별)","","6","11","8","8",
"성북동","저소득노인","여","독거노인현황(성별)","","9","25","24","18",
"성북동","일   반","계","독거노인현황(성별)","","589","609","841","701",
"성북동","일   반","남","독거노인현황(성별)","","170","181","276","210",
"성북동","일   반","여","독거노인현황(성별)","","419","428","565","491",
"삼선동","합계","계","독거노인현황(성별)","","1068","1148","1589","1257",
"삼선동","합계","남","독거노인현황(성별)","","336","374","524","421",
"삼선동","합계","여","독거노인현황(성별)","","732","774","1065","836",
"삼선동","국민기초생활보장 수급권자","계","독거노인현황(성별)","","369","382","316","342",
"삼선동","국민기초생활보장 수급권자","남","독거노인현황(성별)","","153","157","116","138",
"삼선동","국민기초생활보장 수급권자","여","독거노인현황(성별)","","216","225","200","204",
"삼선동","저소득노인","계","독거노인현황(성별)","","21","50","70","60",
"삼선동","저소득노인","남","독거노인현황(성별)","","6","16","16","20",
"삼선동","저소득노인","여","독거노인현황(성별)","","15","34","54","40",
"삼선동","일   반","계","독거노인현황(성별)","","678","716","1203","855",
"삼선동","일   반","남","독거노인현황(성별)","","177","201","392","263",
"삼선동","일   반","여","독거노인현황(성별)","","501","515","811","592",
"동선동","합계","계","독거노인현황(성별)","","608","649","865","692",
"동선동","합계","남","독거노인현황(성별)","","201","224","295","229",
"동선동","합계","여","독거노인현황(성별)","","407","425","570","463",
"동선동","국민기초생활보장 수급권자","계","독거노인현황(성별)","","194","193","154","166",
"동선동","국민기초생활보장 수급권자","남","독거노인현황(성별)","","89","86","65","72",
"동선동","국민기초생활보장 수급권자","여","독거노인현황(성별)","","105","107","89","94",
"동선동","저소득노인","계","독거노인현황(성별)","","13","24","27","32",
"동선동","저소득노인","남","독거노인현황(성별)","","4","9","8","11",
"동선동","저소득노인","여","독거노인현황(성별)","","9","15","19","21",
"동선동","일   반","계","독거노인현황(성별)","","401","432","684","494",
"동선동","일   반","남","독거노인현황(성별)","","108","129","222","146",
"동선동","일   반","여","독거노인현황(성별)","","293","303","462","348",
"돈암1동","합계","계","독거노인현황(성별)","","713","744","1122","828",
"돈암1동","합계","남","독거노인현황(성별)","","186","198","302","220",
"돈암1동","합계","여","독거노인현황(성별)","","527","546","820","608",
"돈암1동","국민기초생활보장 수급권자","계","독거노인현황(성별)","","370","391","282","294",
"돈암1동","국민기초생활보장 수급권자","남","독거노인현황(성별)","","122","127","82","90",
"돈암1동","국민기초생활보장 수급권자","여","독거노인현황(성별)","","248","264","200","204",
"돈암1동","저소득노인","계","독거노인현황(성별)","","14","30","57","57",
"돈암1동","저소득노인","남","독거노인현황(성별)","","5","7","8","10",
"돈암1동","저소득노인","여","독거노인현황(성별)","","9","23","49","47",
"돈암1동","일   반","계","독거노인현황(성별)","","329","323","783","477",
"돈암1동","일   반","남","독거노인현황(성별)","","59","64","212","120",
"돈암1동","일   반","여","독거노인현황(성별)","","270","259","571","357",
"돈암2동","합계","계","독거노인현황(성별)","","595","629","867","716",
"돈암2동","합계","남","독거노인현황(성별)","","145","158","244","183",
"돈암2동","합계","여","독거노인현황(성별)","","450","471","623","533",
"돈암2동","국민기초생활보장 수급권자","계","독거노인현황(성별)","","198","211","174","182",
"돈암2동","국민기초생활보장 수급권자","남","독거노인현황(성별)","","78","85","64","63",
"돈암2동","국민기초생활보장 수급권자","여","독거노인현황(성별)","","120","126","110","119",
"돈암2동","저소득노인","계","독거노인현황(성별)","","16","22","27","40",
"돈암2동","저소득노인","남","독거노인현황(성별)","","8","9","8","8",
"돈암2동","저소득노인","여","독거노인현황(성별)","","8","13","19","32",
"돈암2동","일   반","계","독거노인현황(성별)","","381","396","666","494",
"돈암2동","일   반","남","독거노인현황(성별)","","59","64","172","112",
"돈암2동","일   반","여","독거노인현황(성별)","","322","332","494","382",
"안암동","합계","계","독거노인현황(성별)","","617","650","875","687",
"안암동","합계","남","독거노인현황(성별)","","184","201","285","214",
"안암동","합계","여","독거노인현황(성별)","","433","449","590","473",
"안암동","국민기초생활보장 수급권자","계","독거노인현황(성별)","","179","174","161","163",
"안암동","국민기초생활보장 수급권자","남","독거노인현황(성별)","","71","74","68","65",
"안암동","국민기초생활보장 수급권자","여","독거노인현황(성별)","","108","100","93","98",
"안암동","저소득노인","계","독거노인현황(성별)","","18","26","37","36",
"안암동","저소득노인","남","독거노인현황(성별)","","6","7","8","8",
"안암동","저소득노인","여","독거노인현황(성별)","","12","19","29","28",
"안암동","일   반","계","독거노인현황(성별)","","420","450","677","488",
"안암동","일   반","남","독거노인현황(성별)","","107","120","209","141",
"안암동","일   반","여","독거노인현황(성별)","","313","330","468","347",
"보문동","합계","계","독거노인현황(성별)","","715","773","1043","831",
"보문동","합계","남","독거노인현황(성별)","","216","251","348","273",
"보문동","합계","여","독거노인현황(성별)","","499","522","695","558",
"보문동","국민기초생활보장 수급권자","계","독거노인현황(성별)","","200","225","186","211",
"보문동","국민기초생활보장 수급권자","남","독거노인현황(성별)","","81","92","74","93",
"보문동","국민기초생활보장 수급권자","여","독거노인현황(성별)","","119","133","112","118",
"보문동","저소득노인","계","독거노인현황(성별)","","19","32","58","59",
"보문동","저소득노인","남","독거노인현황(성별)","","5","9","15","15",
"보문동","저소득노인","여","독거노인현황(성별)","","14","23","43","44",
"보문동","일   반","계","독거노인현황(성별)","","496","516","799","561",
"보문동","일   반","남","독거노인현황(성별)","","130","150","259","165",
"보문동","일   반","여","독거노인현황(성별)","","366","366","540","396",
"정능1동","합계","계","독거노인현황(성별)","","629","661","946","766",
"정능1동","합계","남","독거노인현황(성별)","","163","173","278","227",
"정능1동","합계","여","독거노인현황(성별)","","466","488","668","539",
"정능1동","국민기초생활보장 수급권자","계","독거노인현황(성별)","","205","222","190","208",
"정능1동","국민기초생활보장 수급권자","남","독거노인현황(성별)","","74","81","68","76",
"정능1동","국민기초생활보장 수급권자","여","독거노인현황(성별)","","131","141","122","132",
"정능1동","저소득노인","계","독거노인현황(성별)","","10","27","47","46",
"정능1동","저소득노인","남","독거노인현황(성별)","","2","8","14","15",
"정능1동","저소득노인","여","독거노인현황(성별)","","8","19","33","31",
"정능1동","일   반","계","독거노인현황(성별)","","414","412","709","512",
"정능1동","일   반","남","독거노인현황(성별)","","87","84","196","136",
"정능1동","일   반","여","독거노인현황(성별)","","327","328","513","376",
"정능2동","합계","계","독거노인현황(성별)","","987","1078","1457","1157",
"정능2동","합계","남","독거노인현황(성별)","","284","331","470","360",
"정능2동","합계","여","독거노인현황(성별)","","703","747","987","797",
"정능2동","국민기초생활보장 수급권자","계","독거노인현황(성별)","","288","320","262","289",
"정능2동","국민기초생활보장 수급권자","남","독거노인현황(성별)","","120","134","100","111",
"정능2동","국민기초생활보장 수급권자","여","독거노인현황(성별)","","168","186","162","178",
"정능2동","저소득노인","계","독거노인현황(성별)","","15","66","61","71",
"정능2동","저소득노인","남","독거노인현황(성별)","","6","25","20","22",
"정능2동","저소득노인","여","독거노인현황(성별)","","9","41","41","49",
"정능2동","일   반","계","독거노인현황(성별)","","684","692","1134","797",
"정능2동","일   반","남","독거노인현황(성별)","","158","172","350","227",
"정능2동","일   반","여","독거노인현황(성별)","","526","520","784","570",
"정능3동","합계","계","독거노인현황(성별)","","973","1012","1292","934",
"정능3동","합계","남","독거노인현황(성별)","","315","330","416","303",
"정능3동","합계","여","독거노인현황(성별)","","658","682","876","631",
"정능3동","국민기초생활보장 수급권자","계","독거노인현황(성별)","","373","428","274","269",
"정능3동","국민기초생활보장 수급권자","남","독거노인현황(성별)","","141","161","91","95",
"정능3동","국민기초생활보장 수급권자","여","독거노인현황(성별)","","232","267","183","174",
"정능3동","저소득노인","계","독거노인현황(성별)","","18","83","57","61",
"정능3동","저소득노인","남","독거노인현황(성별)","","13","29","13","16",
"정능3동","저소득노인","여","독거노인현황(성별)","","5","54","44","45",
"정능3동","일   반","계","독거노인현황(성별)","","582","501","961","604",
"정능3동","일   반","남","독거노인현황(성별)","","161","140","312","192",
"정능3동","일   반","여","독거노인현황(성별)","","421","361","649","412",
"정능4동","합계","계","독거노인현황(성별)","","1203","1281","1779","1433",
"정능4동","합계","남","독거노인현황(성별)","","348","377","566","416",
"정능4동","합계","여","독거노인현황(성별)","","855","904","1213","1017",
"정능4동","국민기초생활보장 수급권자","계","독거노인현황(성별)","","376","399","335","377",
"정능4동","국민기초생활보장 수급권자","남","독거노인현황(성별)","","142","151","124","130",
"정능4동","국민기초생활보장 수급권자","여","독거노인현황(성별)","","234","248","211","247",
"정능4동","저소득노인","계","독거노인현황(성별)","","17","104","84","79",
"정능4동","저소득노인","남","독거노인현황(성별)","","8","34","26","23",
"정능4동","저소득노인","여","독거노인현황(성별)","","9","70","58","56",
"정능4동","일   반","계","독거노인현황(성별)","","810","778","1360","977",
"정능4동","일   반","남","독거노인현황(성별)","","198","192","416","263",
"정능4동","일   반","여","독거노인현황(성별)","","612","586","944","714",
"길음1동","합계","계","독거노인현황(성별)","","888","935","1359","1024",
"길음1동","합계","남","독거노인현황(성별)","","202","214","324","248",
"길음1동","합계","여","독거노인현황(성별)","","686","721","1035","776",
"길음1동","국민기초생활보장 수급권자","계","독거노인현황(성별)","","344","377","303","341",
"길음1동","국민기초생활보장 수급권자","남","독거노인현황(성별)","","107","118","75","93",
"길음1동","국민기초생활보장 수급권자","여","독거노인현황(성별)","","237","259","228","248",
"길음1동","저소득노인","계","독거노인현황(성별)","","27","43","69","76",
"길음1동","저소득노인","남","독거노인현황(성별)","","8","9","14","12",
"길음1동","저소득노인","여","독거노인현황(성별)","","19","34","55","64",
"길음1동","일   반","계","독거노인현황(성별)","","517","515","987","607",
"길음1동","일   반","남","독거노인현황(성별)","","87","87","235","143",
"길음1동","일   반","여","독거노인현황(성별)","","430","428","752","464",
"길음2동","합계","계","독거노인현황(성별)","","680","706","1021","721",
"길음2동","합계","남","독거노인현황(성별)","","194","210","293","223",
"길음2동","합계","여","독거노인현황(성별)","","486","496","728","498",
"길음2동","국민기초생활보장 수급권자","계","독거노인현황(성별)","","294","333","245","265",
"길음2동","국민기초생활보장 수급권자","남","독거노인현황(성별)","","96","113","70","89",
"길음2동","국민기초생활보장 수급권자","여","독거노인현황(성별)","","198","220","175","176",
"길음2동","저소득노인","계","독거노인현황(성별)","","16","37","50","47",
"길음2동","저소득노인","남","독거노인현황(성별)","","6","14","11","12",
"길음2동","저소득노인","여","독거노인현황(성별)","","10","23","39","35",
"길음2동","일   반","계","독거노인현황(성별)","","370","336","726","409",
"길음2동","일   반","남","독거노인현황(성별)","","92","83","212","122",
"길음2동","일   반","여","독거노인현황(성별)","","278","253","514","287",
"종암동","합계","계","독거노인현황(성별)","","1738","1856","2673","2025",
"종암동","합계","남","독거노인현황(성별)","","497","544","829","623",
"종암동","합계","여","독거노인현황(성별)","","1241","1312","1844","1402",
"종암동","국민기초생활보장 수급권자","계","독거노인현황(성별)","","613","677","597","654",
"종암동","국민기초생활보장 수급권자","남","독거노인현황(성별)","","217","236","204","233",
"종암동","국민기초생활보장 수급권자","여","독거노인현황(성별)","","396","441","393","421",
"종암동","저소득노인","계","독거노인현황(성별)","","19","78","120","127",
"종암동","저소득노인","남","독거노인현황(성별)","","12","23","25","32",
"종암동","저소득노인","여","독거노인현황(성별)","","7","55","95","95",
"종암동","일   반","계","독거노인현황(성별)","","1106","1101","1956","1244",
"종암동","일   반","남","독거노인현황(성별)","","268","285","600","358",
"종암동","일   반","여","독거노인현황(성별)","","838","816","1356","886",
"월곡1동","합계","계","독거노인현황(성별)","","1118","1211","1800","1356",
"월곡1동","합계","남","독거노인현황(성별)","","346","391","611","442",
"월곡1동","합계","여","독거노인현황(성별)","","772","820","1189","914",
"월곡1동","국민기초생활보장 수급권자","계","독거노인현황(성별)","","466","517","427","460",
"월곡1동","국민기초생활보장 수급권자","남","독거노인현황(성별)","","183","205","166","187",
"월곡1동","국민기초생활보장 수급권자","여","독거노인현황(성별)","","283","312","261","273",
"월곡1동","저소득노인","계","독거노인현황(성별)","","15","52","80","79",
"월곡1동","저소득노인","남","독거노인현황(성별)","","9","16","20","18",
"월곡1동","저소득노인","여","독거노인현황(성별)","","6","36","60","61",
"월곡1동","일   반","계","독거노인현황(성별)","","637","642","1293","817",
"월곡1동","일   반","남","독거노인현황(성별)","","154","170","425","237",
"월곡1동","일   반","여","독거노인현황(성별)","","483","472","868","580",
"월곡2동","합계","계","독거노인현황(성별)","","895","948","1395","1061",
"월곡2동","합계","남","독거노인현황(성별)","","287","310","457","355",
"월곡2동","합계","여","독거노인현황(성별)","","608","638","938","706",
"월곡2동","국민기초생활보장 수급권자","계","독거노인현황(성별)","","353","381","322","360",
"월곡2동","국민기초생활보장 수급권자","남","독거노인현황(성별)","","139","146","117","137",
"월곡2동","국민기초생활보장 수급권자","여","독거노인현황(성별)","","214","235","205","223",
"월곡2동","저소득노인","계","독거노인현황(성별)","","17","70","79","79",
"월곡2동","저소득노인","남","독거노인현황(성별)","","7","23","19","22",
"월곡2동","저소득노인","여","독거노인현황(성별)","","10","47","60","57",
"월곡2동","일   반","계","독거노인현황(성별)","","525","497","994","622",
"월곡2동","일   반","남","독거노인현황(성별)","","141","141","321","196",
"월곡2동","일   반","여","독거노인현황(성별)","","384","356","673","426",
"장위1동","합계","계","독거노인현황(성별)","","1141","1226","1892","1409",
"장위1동","합계","남","독거노인현황(성별)","","380","418","661","494",
"장위1동","합계","여","독거노인현황(성별)","","761","808","1231","915",
"장위1동","국민기초생활보장 수급권자","계","독거노인현황(성별)","","577","630","486","560",
"장위1동","국민기초생활보장 수급권자","남","독거노인현황(성별)","","202","228","177","201",
"장위1동","국민기초생활보장 수급권자","여","독거노인현황(성별)","","375","402","309","359",
"장위1동","저소득노인","계","독거노인현황(성별)","","14","74","95","100",
"장위1동","저소득노인","남","독거노인현황(성별)","","7","21","22","26",
"장위1동","저소득노인","여","독거노인현황(성별)","","7","53","73","74",
"장위1동","일   반","계","독거노인현황(성별)","","550","522","1311","749",
"장위1동","일   반","남","독거노인현황(성별)","","171","169","462","267",
"장위1동","일   반","여","독거노인현황(성별)","","379","353","849","482",
"장위2동","합계","계","독거노인현황(성별)","","848","922","1379","1067",
"장위2동","합계","남","독거노인현황(성별)","","257","286","435","338",
"장위2동","합계","여","독거노인현황(성별)","","591","636","944","729",
"장위2동","국민기초생활보장 수급권자","계","독거노인현황(성별)","","414","464","345","384",
"장위2동","국민기초생활보장 수급권자","남","독거노인현황(성별)","","165","188","129","146",
"장위2동","국민기초생활보장 수급권자","여","독거노인현황(성별)","","249","276","216","238",
"장위2동","저소득노인","계","독거노인현황(성별)","","15","32","62","58",
"장위2동","저소득노인","남","독거노인현황(성별)","","9","8","8","9",
"장위2동","저소득노인","여","독거노인현황(성별)","","6","24","54","49",
"장위2동","일   반","계","독거노인현황(성별)","","419","426","972","625",
"장위2동","일   반","남","독거노인현황(성별)","","83","90","298","183",
"장위2동","일   반","여","독거노인현황(성별)","","336","336","674","442",
"장위3동","합계","계","독거노인현황(성별)","","467","522","766","624",
"장위3동","합계","남","독거노인현황(성별)","","141","161","219","182",
"장위3동","합계","여","독거노인현황(성별)","","326","361","547","442",
"장위3동","국민기초생활보장 수급권자","계","독거노인현황(성별)","","202","230","178","204",
"장위3동","국민기초생활보장 수급권자","남","독거노인현황(성별)","","63","76","47","59",
"장위3동","국민기초생활보장 수급권자","여","독거노인현황(성별)","","139","154","131","145",
"장위3동","저소득노인","계","독거노인현황(성별)","","13","32","44","44",
"장위3동","저소득노인","남","독거노인현황(성별)","","6","13","8","10",
"장위3동","저소득노인","여","독거노인현황(성별)","","7","19","36","34",
"장위3동","일   반","계","독거노인현황(성별)","","252","260","544","376",
"장위3동","일   반","남","독거노인현황(성별)","","72","72","164","113",
"장위3동","일   반","여","독거노인현황(성별)","","180","188","380","263",
"석관동","합계","계","독거노인현황(성별)","","1871","1993","2908","2299",
"석관동","합계","남","독거노인현황(성별)","","634","686","1050","826",
"석관동","합계","여","독거노인현황(성별)","","1237","1307","1858","1473",
"석관동","국민기초생활보장 수급권자","계","독거노인현황(성별)","","699","767","676","756",
"석관동","국민기초생활보장 수급권자","남","독거노인현황(성별)","","288","329","288","330",
"석관동","국민기초생활보장 수급권자","여","독거노인현황(성별)","","411","438","388","426",
"석관동","저소득노인","계","독거노인현황(성별)","","24","76","117","127",
"석관동","저소득노인","남","독거노인현황(성별)","","12","24","25","32",
"석관동","저소득노인","여","독거노인현황(성별)","","12","52","92","95",
"석관동","일   반","계","독거노인현황(성별)","","1148","1150","2115","1416",
"석관동","일   반","남","독거노인현황(성별)","","334","333","737","464",
"석관동","일   반","여","독거노인현황(성별)","","814","817","1378","952",
"강북구","합계","계","독거노인현황(성별)","","26603","20398","21570","33574",
"강북구","합계","남","독거노인현황(성별)","","8863","6930","7378","12029",
"강북구","합계","여","독거노인현황(성별)","","17740","13468","14192","21545",
"강북구","국민기초생활보장 수급권자","계","독거노인현황(성별)","","6760","7635","5923","9335",
"강북구","국민기초생활보장 수급권자","남","독거노인현황(성별)","","2417","2800","2162","3590",
"강북구","국민기초생활보장 수급권자","여","독거노인현황(성별)","","4343","4835","3761","5745",
"강북구","저소득노인","계","독거노인현황(성별)","","854","767","1107","1210",
"강북구","저소득노인","남","독거노인현황(성별)","","175","168","240","428",
"강북구","저소득노인","여","독거노인현황(성별)","","679","599","867","782",
"강북구","일   반","계","독거노인현황(성별)","","18989","11996","14540","23029",
"강북구","일   반","남","독거노인현황(성별)","","6271","3962","4976","8011",
"강북구","일   반","여","독거노인현황(성별)","","12718","8034","9564","15018",
"삼양동","합계","계","독거노인현황(성별)","","2122","1625","1753","2836",
"삼양동","합계","남","독거노인현황(성별)","","805","613","672","1141",
"삼양동","합계","여","독거노인현황(성별)","","1317","1012","1081","1695",
"삼양동","국민기초생활보장 수급권자","계","독거노인현황(성별)","","546","599","526","822",
"삼양동","국민기초생활보장 수급권자","남","독거노인현황(성별)","","226","262","230","360",
"삼양동","국민기초생활보장 수급권자","여","독거노인현황(성별)","","320","337","296","462",
"삼양동","저소득노인","계","독거노인현황(성별)","","65","57","86","94",
"삼양동","저소득노인","남","독거노인현황(성별)","","13","12","22","34",
"삼양동","저소득노인","여","독거노인현황(성별)","","52","45","64","60",
"삼양동","일   반","계","독거노인현황(성별)","","1511","969","1141","1920",
"삼양동","일   반","남","독거노인현황(성별)","","566","339","420","747",
"삼양동","일   반","여","독거노인현황(성별)","","945","630","721","1173",
"미아동","합계","계","독거노인현황(성별)","","2005","1601","1768","2592",
"미아동","합계","남","독거노인현황(성별)","","737","569","637","1028",
"미아동","합계","여","독거노인현황(성별)","","1268","1032","1131","1564",
"미아동","국민기초생활보장 수급권자","계","독거노인현황(성별)","","445","527","425","630",
"미아동","국민기초생활보장 수급권자","남","독거노인현황(성별)","","206","235","189","306",
"미아동","국민기초생활보장 수급권자","여","독거노인현황(성별)","","239","292","236","324",
"미아동","저소득노인","계","독거노인현황(성별)","","76","54","74","93",
"미아동","저소득노인","남","독거노인현황(성별)","","15","10","22","31",
"미아동","저소득노인","여","독거노인현황(성별)","","61","44","52","62",
"미아동","일   반","계","독거노인현황(성별)","","1484","1020","1269","1869",
"미아동","일   반","남","독거노인현황(성별)","","516","324","426","691",
"미아동","일   반","여","독거노인현황(성별)","","968","696","843","1178",
"송중동","합계","계","독거노인현황(성별)","","2124","1700","1779","2640",
"송중동","합계","남","독거노인현황(성별)","","748","615","619","938",
"송중동","합계","여","독거노인현황(성별)","","1376","1085","1160","1702",
"송중동","국민기초생활보장 수급권자","계","독거노인현황(성별)","","481","521","400","627",
"송중동","국민기초생활보장 수급권자","남","독거노인현황(성별)","","180","204","143","229",
"송중동","국민기초생활보장 수급권자","여","독거노인현황(성별)","","301","317","257","398",
"송중동","저소득노인","계","독거노인현황(성별)","","69","68","89","84",
"송중동","저소득노인","남","독거노인현황(성별)","","18","22","23","34",
"송중동","저소득노인","여","독거노인현황(성별)","","51","46","66","50",
"송중동","일   반","계","독거노인현황(성별)","","1574","1111","1290","1929",
"송중동","일   반","남","독거노인현황(성별)","","550","389","453","675",
"송중동","일   반","여","독거노인현황(성별)","","1024","722","837","1254",
"송천동","합계","계","독거노인현황(성별)","","2734","2146","2162","3194",
"송천동","합계","남","독거노인현황(성별)","","1028","814","842","1359",
"송천동","합계","여","독거노인현황(성별)","","1706","1332","1320","1835",
"송천동","국민기초생활보장 수급권자","계","독거노인현황(성별)","","675","743","594","880",
"송천동","국민기초생활보장 수급권자","남","독거노인현황(성별)","","285","337","263","427",
"송천동","국민기초생활보장 수급권자","여","독거노인현황(성별)","","390","406","331","453",
"송천동","저소득노인","계","독거노인현황(성별)","","69","58","84","72",
"송천동","저소득노인","남","독거노인현황(성별)","","25","22","20","31",
"송천동","저소득노인","여","독거노인현황(성별)","","44","36","64","41",
"송천동","일   반","계","독거노인현황(성별)","","1990","1345","1484","2242",
"송천동","일   반","남","독거노인현황(성별)","","718","455","559","901",
"송천동","일   반","여","독거노인현황(성별)","","1272","890","925","1341",
"삼각산동","합계","계","독거노인현황(성별)","","1660","1178","1277","2163",
"삼각산동","합계","남","독거노인현황(성별)","","389","305","339","589",
"삼각산동","합계","여","독거노인현황(성별)","","1271","873","938","1574",
"삼각산동","국민기초생활보장 수급권자","계","독거노인현황(성별)","","515","576","501","722",
"삼각산동","국민기초생활보장 수급권자","남","독거노인현황(성별)","","116","149","125","201",
"삼각산동","국민기초생활보장 수급권자","여","독거노인현황(성별)","","399","427","376","521",
"삼각산동","저소득노인","계","독거노인현황(성별)","","49","41","86","67",
"삼각산동","저소득노인","남","독거노인현황(성별)","","9","8","15","26",
"삼각산동","저소득노인","여","독거노인현황(성별)","","40","33","71","41",
"삼각산동","일   반","계","독거노인현황(성별)","","1096","561","690","1374",
"삼각산동","일   반","남","독거노인현황(성별)","","264","148","199","362",
"삼각산동","일   반","여","독거노인현황(성별)","","832","413","491","1012",
"번1동","합계","계","독거노인현황(성별)","","1578","1207","1231","1838",
"번1동","합계","남","독거노인현황(성별)","","618","464","491","762",
"번1동","합계","여","독거노인현황(성별)","","960","743","740","1076",
"번1동","국민기초생활보장 수급권자","계","독거노인현황(성별)","","380","401","323","483",
"번1동","국민기초생활보장 수급권자","남","독거노인현황(성별)","","162","179","141","218",
"번1동","국민기초생활보장 수급권자","여","독거노인현황(성별)","","218","222","182","265",
"번1동","저소득노인","계","독거노인현황(성별)","","35","34","48","62",
"번1동","저소득노인","남","독거노인현황(성별)","","12","12","17","29",
"번1동","저소득노인","여","독거노인현황(성별)","","23","22","31","33",
"번1동","일   반","계","독거노인현황(성별)","","1163","772","860","1293",
"번1동","일   반","남","독거노인현황(성별)","","444","273","333","515",
"번1동","일   반","여","독거노인현황(성별)","","719","499","527","778",
"번2동","합계","계","독거노인현황(성별)","","1894","1352","1427","2451",
"번2동","합계","남","독거노인현황(성별)","","533","390","419","758",
"번2동","합계","여","독거노인현황(성별)","","1361","962","1008","1693",
"번2동","국민기초생활보장 수급권자","계","독거노인현황(성별)","","548","636","470","789",
"번2동","국민기초생활보장 수급권자","남","독거노인현황(성별)","","167","190","154","252",
"번2동","국민기초생활보장 수급권자","여","독거노인현황(성별)","","381","446","316","537",
"번2동","저소득노인","계","독거노인현황(성별)","","96","94","104","136",
"번2동","저소득노인","남","독거노인현황(성별)","","10","14","19","41",
"번2동","저소득노인","여","독거노인현황(성별)","","86","80","85","95",
"번2동","일   반","계","독거노인현황(성별)","","1250","622","853","1526",
"번2동","일   반","남","독거노인현황(성별)","","356","186","246","465",
"번2동","일   반","여","독거노인현황(성별)","","894","436","607","1061",
"번3동","합계","계","독거노인현황(성별)","","2532","1695","1740","3115",
"번3동","합계","남","독거노인현황(성별)","","712","477","481","923",
"번3동","합계","여","독거노인현황(성별)","","1820","1218","1259","2192",
"번3동","국민기초생활보장 수급권자","계","독거노인현황(성별)","","857","1059","765","1189",
"번3동","국민기초생활보장 수급권자","남","독거노인현황(성별)","","257","326","244","373",
"번3동","국민기초생활보장 수급권자","여","독거노인현황(성별)","","600","733","521","816",
"번3동","저소득노인","계","독거노인현황(성별)","","88","73","149","123",
"번3동","저소득노인","남","독거노인현황(성별)","","13","10","20","37",
"번3동","저소득노인","여","독거노인현황(성별)","","75","63","129","86",
"번3동","일   반","계","독거노인현황(성별)","","1587","563","826","1803",
"번3동","일   반","남","독거노인현황(성별)","","442","141","217","513",
"번3동","일   반","여","독거노인현황(성별)","","1145","422","609","1290",
"수유1동","합계","계","독거노인현황(성별)","","1843","1449","1524","2367",
"수유1동","합계","남","독거노인현황(성별)","","613","507","550","906",
"수유1동","합계","여","독거노인현황(성별)","","1230","942","974","1461",
"수유1동","국민기초생활보장 수급권자","계","독거노인현황(성별)","","470","509","408","630",
"수유1동","국민기초생활보장 수급권자","남","독거노인현황(성별)","","163","185","156","262",
"수유1동","국민기초생활보장 수급권자","여","독거노인현황(성별)","","307","324","252","368",
"수유1동","저소득노인","계","독거노인현황(성별)","","55","57","67","86",
"수유1동","저소득노인","남","독거노인현황(성별)","","13","10","11","25",
"수유1동","저소득노인","여","독거노인현황(성별)","","42","47","56","61",
"수유1동","일   반","계","독거노인현황(성별)","","1318","883","1049","1651",
"수유1동","일   반","남","독거노인현황(성별)","","437","312","383","619",
"수유1동","일   반","여","독거노인현황(성별)","","881","571","666","1032",
"수유2동","합계","계","독거노인현황(성별)","","1710","1318","1396","2113",
"수유2동","합계","남","독거노인현황(성별)","","475","400","427","654",
"수유2동","합계","여","독거노인현황(성별)","","1235","918","969","1459",
"수유2동","국민기초생활보장 수급권자","계","독거노인현황(성별)","","419","434","302","533",
"수유2동","국민기초생활보장 수급권자","남","독거노인현황(성별)","","103","111","73","158",
"수유2동","국민기초생활보장 수급권자","여","독거노인현황(성별)","","316","323","229","375",
"수유2동","저소득노인","계","독거노인현황(성별)","","54","59","54","81",
"수유2동","저소득노인","남","독거노인현황(성별)","","14","18","15","34",
"수유2동","저소득노인","여","독거노인현황(성별)","","40","41","39","47",
"수유2동","일   반","계","독거노인현황(성별)","","1237","825","1040","1499",
"수유2동","일   반","남","독거노인현황(성별)","","358","271","339","462",
"수유2동","일   반","여","독거노인현황(성별)","","879","554","701","1037",
"수유3동","합계","계","독거노인현황(성별)","","2010","1586","1697","2647",
"수유3동","합계","남","독거노인현황(성별)","","756","595","648","1047",
"수유3동","합계","여","독거노인현황(성별)","","1254","991","1049","1600",
"수유3동","국민기초생활보장 수급권자","계","독거노인현황(성별)","","488","554","395","710",
"수유3동","국민기초생활보장 수급권자","남","독거노인현황(성별)","","204","229","164","318",
"수유3동","국민기초생활보장 수급권자","여","독거노인현황(성별)","","284","325","231","392",
"수유3동","저소득노인","계","독거노인현황(성별)","","49","43","86","80",
"수유3동","저소득노인","남","독거노인현황(성별)","","13","12","22","24",
"수유3동","저소득노인","여","독거노인현황(성별)","","36","31","64","56",
"수유3동","일   반","계","독거노인현황(성별)","","1473","989","1216","1857",
"수유3동","일   반","남","독거노인현황(성별)","","539","354","462","705",
"수유3동","일   반","여","독거노인현황(성별)","","934","635","754","1152",
"우이동","합계","계","독거노인현황(성별)","","1727","1416","1532","2256",
"우이동","합계","남","독거노인현황(성별)","","531","455","479","743",
"우이동","합계","여","독거노인현황(성별)","","1196","961","1053","1513",
"우이동","국민기초생활보장 수급권자","계","독거노인현황(성별)","","331","390","298","481",
"우이동","국민기초생활보장 수급권자","남","독거노인현황(성별)","","110","125","95","165",
"우이동","국민기초생활보장 수급권자","여","독거노인현황(성별)","","221","265","203","316",
"우이동","저소득노인","계","독거노인현황(성별)","","68","58","73","121",
"우이동","저소득노인","남","독거노인현황(성별)","","10","8","15","47",
"우이동","저소득노인","여","독거노인현황(성별)","","58","50","58","74",
"우이동","일   반","계","독거노인현황(성별)","","1328","968","1161","1654",
"우이동","일   반","남","독거노인현황(성별)","","411","322","369","531",
"우이동","일   반","여","독거노인현황(성별)","","917","646","792","1123",
"인수동","합계","계","독거노인현황(성별)","","2664","2125","2284","3362",
"인수동","합계","남","독거노인현황(성별)","","918","726","774","1181",
"인수동","합계","여","독거노인현황(성별)","","1746","1399","1510","2181",
"인수동","국민기초생활보장 수급권자","계","독거노인현황(성별)","","605","686","516","839",
"인수동","국민기초생활보장 수급권자","남","독거노인현황(성별)","","238","268","185","321",
"인수동","국민기초생활보장 수급권자","여","독거노인현황(성별)","","367","418","331","518",
"인수동","저소득노인","계","독거노인현황(성별)","","81","71","107","111",
"인수동","저소득노인","남","독거노인현황(성별)","","10","10","19","35",
"인수동","저소득노인","여","독거노인현황(성별)","","71","61","88","76",
"인수동","일   반","계","독거노인현황(성별)","","1978","1368","1661","2412",
"인수동","일   반","남","독거노인현황(성별)","","670","448","570","825",
"인수동","일   반","여","독거노인현황(성별)","","1308","920","1091","1587",
"도봉구","합계","계","독거노인현황(성별)","","16031","17136","19132","20038",
"도봉구","합계","남","독거노인현황(성별)","","5221","5614","6464","6848",
"도봉구","합계","여","독거노인현황(성별)","","10810","11522","12668","13190",
"도봉구","국민기초생활보장 수급권자","계","독거노인현황(성별)","","4458","4964","5591","6192",
"도봉구","국민기초생활보장 수급권자","남","독거노인현황(성별)","","1669","1913","2181","2501",
"도봉구","국민기초생활보장 수급권자","여","독거노인현황(성별)","","2789","3051","3410","3691",
"도봉구","저소득노인","계","독거노인현황(성별)","","652","1133","1099","1081",
"도봉구","저소득노인","남","독거노인현황(성별)","","155","390","377","354",
"도봉구","저소득노인","여","독거노인현황(성별)","","497","743","722","727",
"도봉구","일   반","계","독거노인현황(성별)","","10921","11039","12442","12765",
"도봉구","일   반","남","독거노인현황(성별)","","3397","3311","3906","3993",
"도봉구","일   반","여","독거노인현황(성별)","","7524","7728","8536","8772",
"창1동","합계","계","독거노인현황(성별)","","1130","1223","1345","1385",
"창1동","합계","남","독거노인현황(성별)","","308","337","401","416",
"창1동","합계","여","독거노인현황(성별)","","822","886","944","969",
"창1동","국민기초생활보장 수급권자","계","독거노인현황(성별)","","208","238","270","281",
"창1동","국민기초생활보장 수급권자","남","독거노인현황(성별)","","72","86","100","109",
"창1동","국민기초생활보장 수급권자","여","독거노인현황(성별)","","136","152","170","172",
"창1동","저소득노인","계","독거노인현황(성별)","","27","42","47","48",
"창1동","저소득노인","남","독거노인현황(성별)","","4","15","17","15",
"창1동","저소득노인","여","독거노인현황(성별)","","23","27","30","33",
"창1동","일   반","계","독거노인현황(성별)","","895","943","1028","1056",
"창1동","일   반","남","독거노인현황(성별)","","232","236","284","292",
"창1동","일   반","여","독거노인현황(성별)","","663","707","744","764",
"창2동","합계","계","독거노인현황(성별)","","1211","1294","1454","1532",
"창2동","합계","남","독거노인현황(성별)","","379","393","475","505",
"창2동","합계","여","독거노인현황(성별)","","832","901","979","1027",
"창2동","국민기초생활보장 수급권자","계","독거노인현황(성별)","","312","335","412","495",
"창2동","국민기초생활보장 수급권자","남","독거노인현황(성별)","","92","101","138","174",
"창2동","국민기초생활보장 수급권자","여","독거노인현황(성별)","","220","234","274","321",
"창2동","저소득노인","계","독거노인현황(성별)","","46","104","105","106",
"창2동","저소득노인","남","독거노인현황(성별)","","11","35","39","40",
"창2동","저소득노인","여","독거노인현황(성별)","","35","69","66","66",
"창2동","일   반","계","독거노인현황(성별)","","853","855","937","931",
"창2동","일   반","남","독거노인현황(성별)","","276","257","298","291",
"창2동","일   반","여","독거노인현황(성별)","","577","598","639","640",
"창3동","합계","계","독거노인현황(성별)","","861","906","982","1030",
"창3동","합계","남","독거노인현황(성별)","","296","316","341","367",
"창3동","합계","여","독거노인현황(성별)","","565","590","641","663",
"창3동","국민기초생활보장 수급권자","계","독거노인현황(성별)","","308","374","408","455",
"창3동","국민기초생활보장 수급권자","남","독거노인현황(성별)","","104","127","139","164",
"창3동","국민기초생활보장 수급권자","여","독거노인현황(성별)","","204","247","269","291",
"창3동","저소득노인","계","독거노인현황(성별)","","35","46","49","84",
"창3동","저소득노인","남","독거노인현황(성별)","","8","16","19","18",
"창3동","저소득노인","여","독거노인현황(성별)","","27","30","30","66",
"창3동","일   반","계","독거노인현황(성별)","","518","486","525","491",
"창3동","일   반","남","독거노인현황(성별)","","184","173","183","185",
"창3동","일   반","여","독거노인현황(성별)","","334","313","342","306",
"창4동","합계","계","독거노인현황(성별)","","880","945","1101","1140",
"창4동","합계","남","독거노인현황(성별)","","244","265","306","331",
"창4동","합계","여","독거노인현황(성별)","","636","680","795","809",
"창4동","국민기초생활보장 수급권자","계","독거노인현황(성별)","","112","122","151","132",
"창4동","국민기초생활보장 수급권자","남","독거노인현황(성별)","","41","36","50","60",
"창4동","국민기초생활보장 수급권자","여","독거노인현황(성별)","","71","86","101","72",
"창4동","저소득노인","계","독거노인현황(성별)","","28","32","32","32",
"창4동","저소득노인","남","독거노인현황(성별)","","7","10","9","10",
"창4동","저소득노인","여","독거노인현황(성별)","","21","22","23","22",
"창4동","일   반","계","독거노인현황(성별)","","740","791","918","976",
"창4동","일   반","남","독거노인현황(성별)","","196","219","247","261",
"창4동","일   반","여","독거노인현황(성별)","","544","572","671","715",
"창5동","합계","계","독거노인현황(성별)","","937","981","1096","1151",
"창5동","합계","남","독거노인현황(성별)","","280","294","343","357",
"창5동","합계","여","독거노인현황(성별)","","657","687","753","794",
"창5동","국민기초생활보장 수급권자","계","독거노인현황(성별)","","167","193","223","258",
"창5동","국민기초생활보장 수급권자","남","독거노인현황(성별)","","62","74","79","91",
"창5동","국민기초생활보장 수급권자","여","독거노인현황(성별)","","105","119","144","167",
"창5동","저소득노인","계","독거노인현황(성별)","","29","47","34","33",
"창5동","저소득노인","남","독거노인현황(성별)","","5","18","14","10",
"창5동","저소득노인","여","독거노인현황(성별)","","24","29","20","23",
"창5동","일   반","계","독거노인현황(성별)","","741","741","839","860",
"창5동","일   반","남","독거노인현황(성별)","","213","202","250","256",
"창5동","일   반","여","독거노인현황(성별)","","528","539","589","604",
"도봉1동","합계","계","독거노인현황(성별)","","1800","1911","2143","2246",
"도봉1동","합계","남","독거노인현황(성별)","","717","770","898","939",
"도봉1동","합계","여","독거노인현황(성별)","","1083","1141","1245","1307",
"도봉1동","국민기초생활보장 수급권자","계","독거노인현황(성별)","","568","632","711","792",
"도봉1동","국민기초생활보장 수급권자","남","독거노인현황(성별)","","252","284","325","368",
"도봉1동","국민기초생활보장 수급권자","여","독거노인현황(성별)","","316","348","386","424",
"도봉1동","저소득노인","계","독거노인현황(성별)","","73","151","138","128",
"도봉1동","저소득노인","남","독거노인현황(성별)","","22","55","46","46",
"도봉1동","저소득노인","여","독거노인현황(성별)","","51","96","92","82",
"도봉1동","일   반","계","독거노인현황(성별)","","1159","1128","1294","1326",
"도봉1동","일   반","남","독거노인현황(성별)","","443","431","527","525",
"도봉1동","일   반","여","독거노인현황(성별)","","716","697","767","801",
"도봉2동","합계","계","독거노인현황(성별)","","1580","1681","1876","1922",
"도봉2동","합계","남","독거노인현황(성별)","","507","539","634","650",
"도봉2동","합계","여","독거노인현황(성별)","","1073","1142","1242","1272",
"도봉2동","국민기초생활보장 수급권자","계","독거노인현황(성별)","","470","501","544","585",
"도봉2동","국민기초생활보장 수급권자","남","독거노인현황(성별)","","175","193","208","230",
"도봉2동","국민기초생활보장 수급권자","여","독거노인현황(성별)","","295","308","336","355",
"도봉2동","저소득노인","계","독거노인현황(성별)","","69","93","84","75",
"도봉2동","저소득노인","남","독거노인현황(성별)","","14","31","29","24",
"도봉2동","저소득노인","여","독거노인현황(성별)","","55","62","55","51",
"도봉2동","일   반","계","독거노인현황(성별)","","1041","1087","1248","1262",
"도봉2동","일   반","남","독거노인현황(성별)","","318","315","397","396",
"도봉2동","일   반","여","독거노인현황(성별)","","723","772","851","866",
"쌍문1동","합계","계","독거노인현황(성별)","","1084","1144","1295","1391",
"쌍문1동","합계","남","독거노인현황(성별)","","341","362","423","466",
"쌍문1동","합계","여","독거노인현황(성별)","","743","782","872","925",
"쌍문1동","국민기초생활보장 수급권자","계","독거노인현황(성별)","","346","358","424","480",
"쌍문1동","국민기초생활보장 수급권자","남","독거노인현황(성별)","","112","122","151","173",
"쌍문1동","국민기초생활보장 수급권자","여","독거노인현황(성별)","","234","236","273","307",
"쌍문1동","저소득노인","계","독거노인현황(성별)","","52","113","115","115",
"쌍문1동","저소득노인","남","독거노인현황(성별)","","9","39","41","40",
"쌍문1동","저소득노인","여","독거노인현황(성별)","","43","74","74","75",
"쌍문1동","일   반","계","독거노인현황(성별)","","686","673","756","796",
"쌍문1동","일   반","남","독거노인현황(성별)","","220","201","231","253",
"쌍문1동","일   반","여","독거노인현황(성별)","","466","472","525","543",
"쌍문2동","합계","계","독거노인현황(성별)","","1126","1220","1351","1389",
"쌍문2동","합계","남","독거노인현황(성별)","","338","372","445","453",
"쌍문2동","합계","여","독거노인현황(성별)","","788","848","906","936",
"쌍문2동","국민기초생활보장 수급권자","계","독거노인현황(성별)","","313","375","431","453",
"쌍문2동","국민기초생활보장 수급권자","남","독거노인현황(성별)","","99","132","165","174",
"쌍문2동","국민기초생활보장 수급권자","여","독거노인현황(성별)","","214","243","266","279",
"쌍문2동","저소득노인","계","독거노인현황(성별)","","65","101","91","86",
"쌍문2동","저소득노인","남","독거노인현황(성별)","","19","36","29","27",
"쌍문2동","저소득노인","여","독거노인현황(성별)","","46","65","62","59",
"쌍문2동","일   반","계","독거노인현황(성별)","","748","744","829","850",
"쌍문2동","일   반","남","독거노인현황(성별)","","220","204","251","252",
"쌍문2동","일   반","여","독거노인현황(성별)","","528","540","578","598",
"쌍문3동","합계","계","독거노인현황(성별)","","915","974","1054","1129",
"쌍문3동","합계","남","독거노인현황(성별)","","304","319","345","379",
"쌍문3동","합계","여","독거노인현황(성별)","","611","655","709","750",
"쌍문3동","국민기초생활보장 수급권자","계","독거노인현황(성별)","","277","291","306","344",
"쌍문3동","국민기초생활보장 수급권자","남","독거노인현황(성별)","","114","120","126","148",
"쌍문3동","국민기초생활보장 수급권자","여","독거노인현황(성별)","","163","171","180","196",
"쌍문3동","저소득노인","계","독거노인현황(성별)","","40","82","70","74",
"쌍문3동","저소득노인","남","독거노인현황(성별)","","13","30","25","26",
"쌍문3동","저소득노인","여","독거노인현황(성별)","","27","52","45","48",
"쌍문3동","일   반","계","독거노인현황(성별)","","598","601","678","711",
"쌍문3동","일   반","남","독거노인현황(성별)","","177","169","194","205",
"쌍문3동","일   반","여","독거노인현황(성별)","","421","432","484","506",
"쌍문4동","합계","계","독거노인현황(성별)","","588","645","725","754",
"쌍문4동","합계","남","독거노인현황(성별)","","138","151","178","187",
"쌍문4동","합계","여","독거노인현황(성별)","","450","494","547","567",
"쌍문4동","국민기초생활보장 수급권자","계","독거노인현황(성별)","","82","108","127","141",
"쌍문4동","국민기초생활보장 수급권자","남","독거노인현황(성별)","","20","32","37","41",
"쌍문4동","국민기초생활보장 수급권자","여","독거노인현황(성별)","","62","76","90","100",
"쌍문4동","저소득노인","계","독거노인현황(성별)","","29","47","53","41",
"쌍문4동","저소득노인","남","독거노인현황(성별)","","6","16","19","16",
"쌍문4동","저소득노인","여","독거노인현황(성별)","","23","31","34","25",
"쌍문4동","일   반","계","독거노인현황(성별)","","477","490","545","572",
"쌍문4동","일   반","남","독거노인현황(성별)","","112","103","122","130",
"쌍문4동","일   반","여","독거노인현황(성별)","","365","387","423","442",
"방학1동","합계","계","독거노인현황(성별)","","1547","1666","1872","1972",
"방학1동","합계","남","독거노인현황(성별)","","609","664","736","780",
"방학1동","합계","여","독거노인현황(성별)","","938","1002","1136","1192",
"방학1동","국민기초생활보장 수급권자","계","독거노인현황(성별)","","546","604","652","725",
"방학1동","국민기초생활보장 수급권자","남","독거노인현황(성별)","","239","269","295","341",
"방학1동","국민기초생활보장 수급권자","여","독거노인현황(성별)","","307","335","357","384",
"방학1동","저소득노인","계","독거노인현황(성별)","","53","86","86","90",
"방학1동","저소득노인","남","독거노인현황(성별)","","11","27","27","26",
"방학1동","저소득노인","여","독거노인현황(성별)","","42","59","59","64",
"방학1동","일   반","계","독거노인현황(성별)","","948","976","1134","1157",
"방학1동","일   반","남","독거노인현황(성별)","","359","368","414","413",
"방학1동","일   반","여","독거노인현황(성별)","","589","608","720","744",
"방학2동","합계","계","독거노인현황(성별)","","1446","1548","1722","1821",
"방학2동","합계","남","독거노인현황(성별)","","559","614","691","749",
"방학2동","합계","여","독거노인현황(성별)","","887","934","1031","1072",
"방학2동","국민기초생활보장 수급권자","계","독거노인현황(성별)","","649","717","797","900",
"방학2동","국민기초생활보장 수급권자","남","독거노인현황(성별)","","266","307","334","391",
"방학2동","국민기초생활보장 수급권자","여","독거노인현황(성별)","","383","410","463","509",
"방학2동","저소득노인","계","독거노인현황(성별)","","71","112","117","106",
"방학2동","저소득노인","남","독거노인현황(성별)","","17","35","37","34",
"방학2동","저소득노인","여","독거노인현황(성별)","","54","77","80","72",
"방학2동","일   반","계","독거노인현황(성별)","","726","719","808","815",
"방학2동","일   반","남","독거노인현황(성별)","","276","272","320","324",
"방학2동","일   반","여","독거노인현황(성별)","","450","447","488","491",
"방학3동","합계","계","독거노인현황(성별)","","926","998","1116","1176",
"방학3동","합계","남","독거노인현황(성별)","","201","218","248","269",
"방학3동","합계","여","독거노인현황(성별)","","725","780","868","907",
"방학3동","국민기초생활보장 수급권자","계","독거노인현황(성별)","","100","116","135","151",
"방학3동","국민기초생활보장 수급권자","남","독거노인현황(성별)","","21","30","34","37",
"방학3동","국민기초생활보장 수급권자","여","독거노인현황(성별)","","79","86","101","114",
"방학3동","저소득노인","계","독거노인현황(성별)","","35","77","78","63",
"방학3동","저소득노인","남","독거노인현황(성별)","","9","27","26","22",
"방학3동","저소득노인","여","독거노인현황(성별)","","26","50","52","41",
"방학3동","일   반","계","독거노인현황(성별)","","791","805","903","962",
"방학3동","일   반","남","독거노인현황(성별)","","171","161","188","210",
"방학3동","일   반","여","독거노인현황(성별)","","620","644","715","752",
"노원구","합계","계","독거노인현황(성별)","","24701","36839","27817","28928",
"노원구","합계","남","독거노인현황(성별)","","7073","10934","8185","8546",
"노원구","합계","여","독거노인현황(성별)","","17628","25905","19632","20382",
"노원구","국민기초생활보장 수급권자","계","독거노인현황(성별)","","9519","10115","10894","11679",
"노원구","국민기초생활보장 수급권자","남","독거노인현황(성별)","","3009","3207","3518","3845",
"노원구","국민기초생활보장 수급권자","여","독거노인현황(성별)","","6510","6908","7376","7834",
"노원구","저소득노인","계","독거노인현황(성별)","","738","482","551","461",
"노원구","저소득노인","남","독거노인현황(성별)","","176","101","129","108",
"노원구","저소득노인","여","독거노인현황(성별)","","562","381","422","353",
"노원구","일   반","계","독거노인현황(성별)","","14444","26242","16372","16788",
"노원구","일   반","남","독거노인현황(성별)","","3888","7626","4538","4593",
"노원구","일   반","여","독거노인현황(성별)","","10556","18616","11834","12195",
"월계1동","합계","계","독거노인현황(성별)","","987","1374","1121","1126",
"월계1동","합계","남","독거노인현황(성별)","","351","516","418","427",
"월계1동","합계","여","독거노인현황(성별)","","636","858","703","699",
"월계1동","국민기초생활보장 수급권자","계","독거노인현황(성별)","","262","299","320","355",
"월계1동","국민기초생활보장 수급권자","남","독거노인현황(성별)","","122","132","148","170",
"월계1동","국민기초생활보장 수급권자","여","독거노인현황(성별)","","140","167","172","185",
"월계1동","저소득노인","계","독거노인현황(성별)","","32","19","17","21",
"월계1동","저소득노인","남","독거노인현황(성별)","","9","6","4","3",
"월계1동","저소득노인","여","독거노인현황(성별)","","23","13","13","18",
"월계1동","일   반","계","독거노인현황(성별)","","693","1056","784","750",
"월계1동","일   반","남","독거노인현황(성별)","","220","378","266","254",
"월계1동","일   반","여","독거노인현황(성별)","","473","678","518","496",
"월계2동","합계","계","독거노인현황(성별)","","1925","3183","2127","2232",
"월계2동","합계","남","독거노인현황(성별)","","612","1029","665","700",
"월계2동","합계","여","독거노인현황(성별)","","1313","2154","1462","1532",
"월계2동","국민기초생활보장 수급권자","계","독거노인현황(성별)","","1055","1107","1163","1233",
"월계2동","국민기초생활보장 수급권자","남","독거노인현황(성별)","","357","379","396","418",
"월계2동","국민기초생활보장 수급권자","여","독거노인현황(성별)","","698","728","767","815",
"월계2동","저소득노인","계","독거노인현황(성별)","","58","39","33","27",
"월계2동","저소득노인","남","독거노인현황(성별)","","12","4","9","7",
"월계2동","저소득노인","여","독거노인현황(성별)","","46","35","24","20",
"월계2동","일   반","계","독거노인현황(성별)","","812","2037","931","972",
"월계2동","일   반","남","독거노인현황(성별)","","243","646","260","275",
"월계2동","일   반","여","독거노인현황(성별)","","569","1391","671","697",
"월계3동","합계","계","독거노인현황(성별)","","1732","2613","2009","2042",
"월계3동","합계","남","독거노인현황(성별)","","468","740","558","573",
"월계3동","합계","여","독거노인현황(성별)","","1264","1873","1451","1469",
"월계3동","국민기초생활보장 수급권자","계","독거노인현황(성별)","","705","760","829","877",
"월계3동","국민기초생활보장 수급권자","남","독거노인현황(성별)","","223","232","254","274",
"월계3동","국민기초생활보장 수급권자","여","독거노인현황(성별)","","482","528","575","603",
"월계3동","저소득노인","계","독거노인현황(성별)","","46","26","28","27",
"월계3동","저소득노인","남","독거노인현황(성별)","","9","5","4","2",
"월계3동","저소득노인","여","독거노인현황(성별)","","37","21","24","25",
"월계3동","일   반","계","독거노인현황(성별)","","981","1827","1152","1138",
"월계3동","일   반","남","독거노인현황(성별)","","236","503","300","297",
"월계3동","일   반","여","독거노인현황(성별)","","745","1324","852","841",
"공릉1동","합계","계","독거노인현황(성별)","","1916","1480","2183","2369",
"공릉1동","합계","남","독거노인현황(성별)","","651","441","737","824",
"공릉1동","합계","여","독거노인현황(성별)","","1265","1039","1446","1545",
"공릉1동","국민기초생활보장 수급권자","계","독거노인현황(성별)","","788","845","896","1014",
"공릉1동","국민기초생활보장 수급권자","남","독거노인현황(성별)","","297","310","339","407",
"공릉1동","국민기초생활보장 수급권자","여","독거노인현황(성별)","","491","535","557","607",
"공릉1동","저소득노인","계","독거노인현황(성별)","","44","28","33","35",
"공릉1동","저소득노인","남","독거노인현황(성별)","","12","6","8","6",
"공릉1동","저소득노인","여","독거노인현황(성별)","","32","22","25","29",
"공릉1동","일   반","계","독거노인현황(성별)","","1084","607","1254","1320",
"공릉1동","일   반","남","독거노인현황(성별)","","342","125","390","411",
"공릉1동","일   반","여","독거노인현황(성별)","","742","482","864","909",
"공릉2동","합계","계","독거노인현황(성별)","","1194","2407","1360","1437",
"공릉2동","합계","남","독거노인현황(성별)","","364","801","413","447",
"공릉2동","합계","여","독거노인현황(성별)","","830","1606","947","990",
"공릉2동","국민기초생활보장 수급권자","계","독거노인현황(성별)","","300","319","345","376",
"공릉2동","국민기초생활보장 수급권자","남","독거노인현황(성별)","","99","103","121","135",
"공릉2동","국민기초생활보장 수급권자","여","독거노인현황(성별)","","201","216","224","241",
"공릉2동","저소득노인","계","독거노인현황(성별)","","37","21","32","22",
"공릉2동","저소득노인","남","독거노인현황(성별)","","13","6","6","5",
"공릉2동","저소득노인","여","독거노인현황(성별)","","24","15","26","17",
"공릉2동","일   반","계","독거노인현황(성별)","","857","2067","983","1039",
"공릉2동","일   반","남","독거노인현황(성별)","","252","692","286","307",
"공릉2동","일   반","여","독거노인현황(성별)","","605","1375","697","732",
"하계1동","합계","계","독거노인현황(성별)","","1633","2363","1831","1870",
"하계1동","합계","남","독거노인현황(성별)","","409","692","493","487",
"하계1동","합계","여","독거노인현황(성별)","","1224","1671","1338","1383",
"하계1동","국민기초생활보장 수급권자","계","독거노인현황(성별)","","1001","1047","1121","1182",
"하계1동","국민기초생활보장 수급권자","남","독거노인현황(성별)","","274","289","315","337",
"하계1동","국민기초생활보장 수급권자","여","독거노인현황(성별)","","727","758","806","845",
"하계1동","저소득노인","계","독거노인현황(성별)","","38","27","27","25",
"하계1동","저소득노인","남","독거노인현황(성별)","","6","6","5","7",
"하계1동","저소득노인","여","독거노인현황(성별)","","32","21","22","18",
"하계1동","일   반","계","독거노인현황(성별)","","594","1289","683","663",
"하계1동","일   반","남","독거노인현황(성별)","","129","397","173","143",
"하계1동","일   반","여","독거노인현황(성별)","","465","892","510","520",
"하계2동","합계","계","독거노인현황(성별)","","850","2089","950","815",
"하계2동","합계","남","독거노인현황(성별)","","186","534","220","187",
"하계2동","합계","여","독거노인현황(성별)","","664","1555","730","628",
"하계2동","국민기초생활보장 수급권자","계","독거노인현황(성별)","","334","360","386","256",
"하계2동","국민기초생활보장 수급권자","남","독거노인현황(성별)","","83","93","97","73",
"하계2동","국민기초생활보장 수급권자","여","독거노인현황(성별)","","251","267","289","183",
"하계2동","저소득노인","계","독거노인현황(성별)","","27","18","30","20",
"하계2동","저소득노인","남","독거노인현황(성별)","","6","4","4","2",
"하계2동","저소득노인","여","독거노인현황(성별)","","21","14","26","18",
"하계2동","일   반","계","독거노인현황(성별)","","489","1711","534","539",
"하계2동","일   반","남","독거노인현황(성별)","","97","437","119","112",
"하계2동","일   반","여","독거노인현황(성별)","","392","1274","415","427",
"중계본동","합계","계","독거노인현황(성별)","","572","1033","554","563",
"중계본동","합계","남","독거노인현황(성별)","","160","234","161","146",
"중계본동","합계","여","독거노인현황(성별)","","412","799","393","417",
"중계본동","국민기초생활보장 수급권자","계","독거노인현황(성별)","","126","124","123","127",
"중계본동","국민기초생활보장 수급권자","남","독거노인현황(성별)","","33","35","36","32",
"중계본동","국민기초생활보장 수급권자","여","독거노인현황(성별)","","93","89","87","95",
"중계본동","저소득노인","계","독거노인현황(성별)","","25","18","21","18",
"중계본동","저소득노인","남","독거노인현황(성별)","","6","2","6","6",
"중계본동","저소득노인","여","독거노인현황(성별)","","19","16","15","12",
"중계본동","일   반","계","독거노인현황(성별)","","421","891","410","418",
"중계본동","일   반","남","독거노인현황(성별)","","121","197","119","108",
"중계본동","일   반","여","독거노인현황(성별)","","300","694","291","310",
"중계1동","합계","계","독거노인현황(성별)","","559","808","648","666",
"중계1동","합계","남","독거노인현황(성별)","","130","214","157","169",
"중계1동","합계","여","독거노인현황(성별)","","429","594","491","497",
"중계1동","국민기초생활보장 수급권자","계","독거노인현황(성별)","","196","214","260","285",
"중계1동","국민기초생활보장 수급권자","남","독거노인현황(성별)","","39","44","60","63",
"중계1동","국민기초생활보장 수급권자","여","독거노인현황(성별)","","157","170","200","222",
"중계1동","저소득노인","계","독거노인현황(성별)","","19","13","13","10",
"중계1동","저소득노인","남","독거노인현황(성별)","","3","1","2","1",
"중계1동","저소득노인","여","독거노인현황(성별)","","16","12","11","9",
"중계1동","일   반","계","독거노인현황(성별)","","344","581","375","371",
"중계1동","일   반","남","독거노인현황(성별)","","88","169","95","105",
"중계1동","일   반","여","독거노인현황(성별)","","256","412","280","266",
"중계4동","합계","계","독거노인현황(성별)","","1328","1355","1461","1470",
"중계4동","합계","남","독거노인현황(성별)","","386","385","453","440",
"중계4동","합계","여","독거노인현황(성별)","","942","970","1008","1030",
"중계4동","국민기초생활보장 수급권자","계","독거노인현황(성별)","","696","745","783","798",
"중계4동","국민기초생활보장 수급권자","남","독거노인현황(성별)","","224","247","275","280",
"중계4동","국민기초생활보장 수급권자","여","독거노인현황(성별)","","472","498","508","518",
"중계4동","저소득노인","계","독거노인현황(성별)","","30","24","26","20",
"중계4동","저소득노인","남","독거노인현황(성별)","","3","3","4","4",
"중계4동","저소득노인","여","독거노인현황(성별)","","27","21","22","16",
"중계4동","일   반","계","독거노인현황(성별)","","602","586","652","652",
"중계4동","일   반","남","독거노인현황(성별)","","159","135","174","156",
"중계4동","일   반","여","독거노인현황(성별)","","443","451","478","496",
"중계2.3동","합계","계","독거노인현황(성별)","","2594","2408","2836","2990",
"중계2.3동","합계","남","독거노인현황(성별)","","613","598","687","705",
"중계2.3동","합계","여","독거노인현황(성별)","","1981","1810","2149","2285",
"중계2.3동","국민기초생활보장 수급권자","계","독거노인현황(성별)","","1405","1463","1558","1735",
"중계2.3동","국민기초생활보장 수급권자","남","독거노인현황(성별)","","377","394","416","467",
"중계2.3동","국민기초생활보장 수급권자","여","독거노인현황(성별)","","1028","1069","1142","1268",
"중계2.3동","저소득노인","계","독거노인현황(성별)","","89","60","72","53",
"중계2.3동","저소득노인","남","독거노인현황(성별)","","14","6","15","9",
"중계2.3동","저소득노인","여","독거노인현황(성별)","","75","54","57","44",
"중계2.3동","일   반","계","독거노인현황(성별)","","1100","885","1206","1202",
"중계2.3동","일   반","남","독거노인현황(성별)","","222","198","256","229",
"중계2.3동","일   반","여","독거노인현황(성별)","","878","687","950","973",
"상계1동","합계","계","독거노인현황(성별)","","1633","2006","1924","2075",
"상계1동","합계","남","독거노인현황(성별)","","515","605","631","687",
"상계1동","합계","여","독거노인현황(성별)","","1118","1401","1293","1388",
"상계1동","국민기초생활보장 수급권자","계","독거노인현황(성별)","","543","580","642","715",
"상계1동","국민기초생활보장 수급권자","남","독거노인현황(성별)","","165","171","199","219",
"상계1동","국민기초생활보장 수급권자","여","독거노인현황(성별)","","378","409","443","496",
"상계1동","저소득노인","계","독거노인현황(성별)","","52","36","35","27",
"상계1동","저소득노인","남","독거노인현황(성별)","","18","12","11","11",
"상계1동","저소득노인","여","독거노인현황(성별)","","34","24","24","16",
"상계1동","일   반","계","독거노인현황(성별)","","1038","1390","1247","1333",
"상계1동","일   반","남","독거노인현황(성별)","","332","422","421","457",
"상계1동","일   반","여","독거노인현황(성별)","","706","968","826","876",
"상계2동","합계","계","독거노인현황(성별)","","895","3007","1037","1130",
"상계2동","합계","남","독거노인현황(성별)","","320","774","373","417",
"상계2동","합계","여","독거노인현황(성별)","","575","2233","664","713",
"상계2동","국민기초생활보장 수급권자","계","독거노인현황(성별)","","289","259","356","402",
"상계2동","국민기초생활보장 수급권자","남","독거노인현황(성별)","","123","111","152","184",
"상계2동","국민기초생활보장 수급권자","여","독거노인현황(성별)","","166","148","204","218",
"상계2동","저소득노인","계","독거노인현황(성별)","","28","19","22","16",
"상계2동","저소득노인","남","독거노인현황(성별)","","6","4","4","4",
"상계2동","저소득노인","여","독거노인현황(성별)","","22","15","18","12",
"상계2동","일   반","계","독거노인현황(성별)","","578","2729","659","712",
"상계2동","일   반","남","독거노인현황(성별)","","191","659","217","229",
"상계2동","일   반","여","독거노인현황(성별)","","387","2070","442","483",
"상계3.4동","합계","계","독거노인현황(성별)","","1977","2404","2245","2383",
"상계3.4동","합계","남","독거노인현황(성별)","","695","688","801","868",
"상계3.4동","합계","여","독거노인현황(성별)","","1282","1716","1444","1515",
"상계3.4동","국민기초생활보장 수급권자","계","독거노인현황(성별)","","921","957","1006","1093",
"상계3.4동","국민기초생활보장 수급권자","남","독거노인현황(성별)","","335","358","371","402",
"상계3.4동","국민기초생활보장 수급권자","여","독거노인현황(성별)","","586","599","635","691",
"상계3.4동","저소득노인","계","독거노인현황(성별)","","80","51","56","49",
"상계3.4동","저소득노인","남","독거노인현황(성별)","","20","12","16","16",
"상계3.4동","저소득노인","여","독거노인현황(성별)","","60","39","40","33",
"상계3.4동","일   반","계","독거노인현황(성별)","","976","1396","1183","1241",
"상계3.4동","일   반","남","독거노인현황(성별)","","340","318","414","450",
"상계3.4동","일   반","여","독거노인현황(성별)","","636","1078","769","791",
"상계5동","합계","계","독거노인현황(성별)","","1547","2374","1746","1847",
"상계5동","합계","남","독거노인현황(성별)","","493","787","589","619",
"상계5동","합계","여","독거노인현황(성별)","","1054","1587","1157","1228",
"상계5동","국민기초생활보장 수급권자","계","독거노인현황(성별)","","495","579","614","672",
"상계5동","국민기초생활보장 수급권자","남","독거노인현황(성별)","","175","211","225","260",
"상계5동","국민기초생활보장 수급권자","여","독거노인현황(성별)","","320","368","389","412",
"상계5동","저소득노인","계","독거노인현황(성별)","","56","34","43","35",
"상계5동","저소득노인","남","독거노인현황(성별)","","17","14","14","12",
"상계5동","저소득노인","여","독거노인현황(성별)","","39","20","29","23",
"상계5동","일   반","계","독거노인현황(성별)","","996","1761","1089","1140",
"상계5동","일   반","남","독거노인현황(성별)","","301","562","350","347",
"상계5동","일   반","여","독거노인현황(성별)","","695","1199","739","793",
"상계6.7동","합계","계","독거노인현황(성별)","","1305","929","1459","1502",
"상계6.7동","합계","남","독거노인현황(성별)","","282","204","328","323",
"상계6.7동","합계","여","독거노인현황(성별)","","1023","725","1131","1179",
"상계6.7동","국민기초생활보장 수급권자","계","독거노인현황(성별)","","165","188","210","217",
"상계6.7동","국민기초생활보장 수급권자","남","독거노인현황(성별)","","36","46","53","48",
"상계6.7동","국민기초생활보장 수급권자","여","독거노인현황(성별)","","129","142","157","169",
"상계6.7동","저소득노인","계","독거노인현황(성별)","","33","26","30","24",
"상계6.7동","저소득노인","남","독거노인현황(성별)","","11","6","8","7",
"상계6.7동","저소득노인","여","독거노인현황(성별)","","22","20","22","17",
"상계6.7동","일   반","계","독거노인현황(성별)","","1107","715","1219","1261",
"상계6.7동","일   반","남","독거노인현황(성별)","","235","152","267","268",
"상계6.7동","일   반","여","독거노인현황(성별)","","872","563","952","993",
"상계8동","합계","계","독거노인현황(성별)","","659","1034","748","764",
"상계8동","합계","남","독거노인현황(성별)","","135","356","155","158",
"상계8동","합계","여","독거노인현황(성별)","","524","678","593","606",
"상계8동","국민기초생활보장 수급권자","계","독거노인현황(성별)","","53","64","78","100",
"상계8동","국민기초생활보장 수급권자","남","독거노인현황(성별)","","12","12","15","20",
"상계8동","국민기초생활보장 수급권자","여","독거노인현황(성별)","","41","52","63","80",
"상계8동","저소득노인","계","독거노인현황(성별)","","7","4","8","9",
"상계8동","저소득노인","남","독거노인현황(성별)","","3","2","3","2",
"상계8동","저소득노인","여","독거노인현황(성별)","","4","2","5","7",
"상계8동","일   반","계","독거노인현황(성별)","","599","966","662","655",
"상계8동","일   반","남","독거노인현황(성별)","","120","342","137","136",
"상계8동","일   반","여","독거노인현황(성별)","","479","624","525","519",
"상계9동","합계","계","독거노인현황(성별)","","826","2240","943","991",
"상계9동","합계","남","독거노인현황(성별)","","182","778","215","226",
"상계9동","합계","여","독거노인현황(성별)","","644","1462","728","765",
"상계9동","국민기초생활보장 수급권자","계","독거노인현황(성별)","","111","126","125","141",
"상계9동","국민기초생활보장 수급권자","남","독거노인현황(성별)","","20","23","29","29",
"상계9동","국민기초생활보장 수급권자","여","독거노인현황(성별)","","91","103","96","112",
"상계9동","저소득노인","계","독거노인현황(성별)","","25","10","15","15",
"상계9동","저소득노인","남","독거노인현황(성별)","","6","1","4","2",
"상계9동","저소득노인","여","독거노인현황(성별)","","19","9","11","13",
"상계9동","일   반","계","독거노인현황(성별)","","690","2104","803","835",
"상계9동","일   반","남","독거노인현황(성별)","","156","754","182","195",
"상계9동","일   반","여","독거노인현황(성별)","","534","1350","621","640",
"상계10동","합계","계","독거노인현황(성별)","","569","1732","635","656",
"상계10동","합계","남","독거노인현황(성별)","","121","558","131","143",
"상계10동","합계","여","독거노인현황(성별)","","448","1174","504","513",
"상계10동","국민기초생활보장 수급권자","계","독거노인현황(성별)","","74","79","79","101",
"상계10동","국민기초생활보장 수급권자","남","독거노인현황(성별)","","15","17","17","27",
"상계10동","국민기초생활보장 수급권자","여","독거노인현황(성별)","","59","62","62","74",
"상계10동","저소득노인","계","독거노인현황(성별)","","12","9","10","8",
"상계10동","저소득노인","남","독거노인현황(성별)","","2","1","2","2",
"상계10동","저소득노인","여","독거노인현황(성별)","","10","8","8","6",
"상계10동","일   반","계","독거노인현황(성별)","","483","1644","546","547",
"상계10동","일   반","남","독거노인현황(성별)","","104","540","112","114",
"상계10동","일   반","여","독거노인현황(성별)","","379","1104","434","433",
"은평구","합계","계","독거노인현황(성별)","","22087","23291","24602","26415",
"은평구","합계","남","독거노인현황(성별)","","6844","7267","7825","8580",
"은평구","합계","여","독거노인현황(성별)","","15243","16024","16777","17835",
"은평구","국민기초생활보장 수급권자","계","독거노인현황(성별)","","6927","7630","8985","12646",
"은평구","국민기초생활보장 수급권자","남","독거노인현황(성별)","","2356","2610","3395","3309",
"은평구","국민기초생활보장 수급권자","여","독거노인현황(성별)","","4571","5020","5590","9337",
"은평구","저소득노인","계","독거노인현황(성별)","","625","547","1616","2746",
"은평구","저소득노인","남","독거노인현황(성별)","","136","121","463","977",
"은평구","저소득노인","여","독거노인현황(성별)","","489","426","1153","1769",
"은평구","일   반","계","독거노인현황(성별)","","14535","15114","14001","11023",
"은평구","일   반","남","독거노인현황(성별)","","4352","4536","3967","4294",
"은평구","일   반","여","독거노인현황(성별)","","10183","10578","10034","6729",
"녹번동","합계","계","독거노인현황(성별)","","2106","2238","2354","2548",
"녹번동","합계","남","독거노인현황(성별)","","657","708","755","822",
"녹번동","합계","여","독거노인현황(성별)","","1449","1530","1599","1726",
"녹번동","국민기초생활보장 수급권자","계","독거노인현황(성별)","","587","665","793","1068",
"녹번동","국민기초생활보장 수급권자","남","독거노인현황(성별)","","237","267","320","331",
"녹번동","국민기초생활보장 수급권자","여","독거노인현황(성별)","","350","398","473","737",
"녹번동","저소득노인","계","독거노인현황(성별)","","53","49","122","200",
"녹번동","저소득노인","남","독거노인현황(성별)","","6","9","34","75",
"녹번동","저소득노인","여","독거노인현황(성별)","","47","40","88","125",
"녹번동","일   반","계","독거노인현황(성별)","","1466","1524","1439","1280",
"녹번동","일   반","남","독거노인현황(성별)","","414","432","401","416",
"녹번동","일   반","여","독거노인현황(성별)","","1052","1092","1038","864",
"불광1동","합계","계","독거노인현황(성별)","","2143","2263","2392","2246",
"불광1동","합계","남","독거노인현황(성별)","","637","677","735","668",
"불광1동","합계","여","독거노인현황(성별)","","1506","1586","1657","1578",
"불광1동","국민기초생활보장 수급권자","계","독거노인현황(성별)","","675","758","820","976",
"불광1동","국민기초생활보장 수급권자","남","독거노인현황(성별)","","243","263","287","251",
"불광1동","국민기초생활보장 수급권자","여","독거노인현황(성별)","","432","495","533","725",
"불광1동","저소득노인","계","독거노인현황(성별)","","46","42","143","213",
"불광1동","저소득노인","남","독거노인현황(성별)","","14","10","36","67",
"불광1동","저소득노인","여","독거노인현황(성별)","","32","32","107","146",
"불광1동","일   반","계","독거노인현황(성별)","","1422","1463","1429","1057",
"불광1동","일   반","남","독거노인현황(성별)","","380","404","412","350",
"불광1동","일   반","여","독거노인현황(성별)","","1042","1059","1017","707",
"불광2동","합계","계","독거노인현황(성별)","","1989","2113","2235","2410",
"불광2동","합계","남","독거노인현황(성별)","","714","766","794","898",
"불광2동","합계","여","독거노인현황(성별)","","1275","1347","1441","1512",
"불광2동","국민기초생활보장 수급권자","계","독거노인현황(성별)","","718","808","928","1295",
"불광2동","국민기초생활보장 수급권자","남","독거노인현황(성별)","","279","313","373","426",
"불광2동","국민기초생활보장 수급권자","여","독거노인현황(성별)","","439","495","555","869",
"불광2동","저소득노인","계","독거노인현황(성별)","","51","45","152","243",
"불광2동","저소득노인","남","독거노인현황(성별)","","17","12","53","100",
"불광2동","저소득노인","여","독거노인현황(성별)","","34","33","99","143",
"불광2동","일   반","계","독거노인현황(성별)","","1220","1260","1155","872",
"불광2동","일   반","남","독거노인현황(성별)","","418","441","368","372",
"불광2동","일   반","여","독거노인현황(성별)","","802","819","787","500",
"갈현1동","합계","계","독거노인현황(성별)","","853","876","909","966",
"갈현1동","합계","남","독거노인현황(성별)","","291","303","320","342",
"갈현1동","합계","여","독거노인현황(성별)","","562","573","589","624",
"갈현1동","국민기초생활보장 수급권자","계","독거노인현황(성별)","","358","330","378","519",
"갈현1동","국민기초생활보장 수급권자","남","독거노인현황(성별)","","132","113","165","146",
"갈현1동","국민기초생활보장 수급권자","여","독거노인현황(성별)","","226","217","213","373",
"갈현1동","저소득노인","계","독거노인현황(성별)","","37","27","63","106",
"갈현1동","저소득노인","남","독거노인현황(성별)","","8","5","15","28",
"갈현1동","저소득노인","여","독거노인현황(성별)","","29","22","48","78",
"갈현1동","일   반","계","독거노인현황(성별)","","458","519","468","341",
"갈현1동","일   반","남","독거노인현황(성별)","","151","185","140","168",
"갈현1동","일   반","여","독거노인현황(성별)","","307","334","328","173",
"갈현2동","합계","계","독거노인현황(성별)","","1223","1295","1407","1534",
"갈현2동","합계","남","독거노인현황(성별)","","362","393","448","495",
"갈현2동","합계","여","독거노인현황(성별)","","861","902","959","1039",
"갈현2동","국민기초생활보장 수급권자","계","독거노인현황(성별)","","352","403","501","761",
"갈현2동","국민기초생활보장 수급권자","남","독거노인현황(성별)","","115","142","206","192",
"갈현2동","국민기초생활보장 수급권자","여","독거노인현황(성별)","","237","261","295","569",
"갈현2동","저소득노인","계","독거노인현황(성별)","","38","36","96","155",
"갈현2동","저소득노인","남","독거노인현황(성별)","","7","6","31","55",
"갈현2동","저소득노인","여","독거노인현황(성별)","","31","30","65","100",
"갈현2동","일   반","계","독거노인현황(성별)","","833","856","810","618",
"갈현2동","일   반","남","독거노인현황(성별)","","240","245","211","248",
"갈현2동","일   반","여","독거노인현황(성별)","","593","611","599","370",
"구산동","합계","계","독거노인현황(성별)","","1344","1413","1504","1651",
"구산동","합계","남","독거노인현황(성별)","","401","427","438","512",
"구산동","합계","여","독거노인현황(성별)","","943","986","1066","1139",
"구산동","국민기초생활보장 수급권자","계","독거노인현황(성별)","","415","468","613","818",
"구산동","국민기초생활보장 수급권자","남","독거노인현황(성별)","","126","150","260","185",
"구산동","국민기초생활보장 수급권자","여","독거노인현황(성별)","","289","318","353","633",
"구산동","저소득노인","계","독거노인현황(성별)","","47","43","89","170",
"구산동","저소득노인","남","독거노인현황(성별)","","10","8","21","58",
"구산동","저소득노인","여","독거노인현황(성별)","","37","35","68","112",
"구산동","일   반","계","독거노인현황(성별)","","882","902","802","663",
"구산동","일   반","남","독거노인현황(성별)","","265","269","157","269",
"구산동","일   반","여","독거노인현황(성별)","","617","633","645","394",
"대조동","합계","계","독거노인현황(성별)","","1531","1608","1738","1925",
"대조동","합계","남","독거노인현황(성별)","","528","550","604","689",
"대조동","합계","여","독거노인현황(성별)","","1003","1058","1134","1236",
"대조동","국민기초생활보장 수급권자","계","독거노인현황(성별)","","487","518","588","886",
"대조동","국민기초생활보장 수급권자","남","독거노인현황(성별)","","200","206","231","267",
"대조동","국민기초생활보장 수급권자","여","독거노인현황(성별)","","287","312","357","619",
"대조동","저소득노인","계","독거노인현황(성별)","","44","33","109","169",
"대조동","저소득노인","남","독거노인현황(성별)","","8","7","32","62",
"대조동","저소득노인","여","독거노인현황(성별)","","36","26","77","107",
"대조동","일   반","계","독거노인현황(성별)","","1000","1057","1041","870",
"대조동","일   반","남","독거노인현황(성별)","","320","337","341","360",
"대조동","일   반","여","독거노인현황(성별)","","680","720","700","510",
"응암1동","합계","계","독거노인현황(성별)","","1252","1326","1371","1493",
"응암1동","합계","남","독거노인현황(성별)","","341","358","379","451",
"응암1동","합계","여","독거노인현황(성별)","","911","968","992","1042",
"응암1동","국민기초생활보장 수급권자","계","독거노인현황(성별)","","323","363","370","640",
"응암1동","국민기초생활보장 수급권자","남","독거노인현황(성별)","","88","101","113","148",
"응암1동","국민기초생활보장 수급권자","여","독거노인현황(성별)","","235","262","257","492",
"응암1동","저소득노인","계","독거노인현황(성별)","","24","23","72","149",
"응암1동","저소득노인","남","독거노인현황(성별)","","6","7","25","61",
"응암1동","저소득노인","여","독거노인현황(성별)","","18","16","47","88",
"응암1동","일   반","계","독거노인현황(성별)","","905","940","929","704",
"응암1동","일   반","남","독거노인현황(성별)","","247","250","241","242",
"응암1동","일   반","여","독거노인현황(성별)","","658","690","688","462",
"응암2동","합계","계","독거노인현황(성별)","","931","924","986","1087",
"응암2동","합계","남","독거노인현황(성별)","","259","253","269","315",
"응암2동","합계","여","독거노인현황(성별)","","672","671","717","772",
"응암2동","국민기초생활보장 수급권자","계","독거노인현황(성별)","","355","369","447","562",
"응암2동","국민기초생활보장 수급권자","남","독거노인현황(성별)","","92","98","154","120",
"응암2동","국민기초생활보장 수급권자","여","독거노인현황(성별)","","263","271","293","442",
"응암2동","저소득노인","계","독거노인현황(성별)","","26","25","76","116",
"응암2동","저소득노인","남","독거노인현황(성별)","","3","5","13","34",
"응암2동","저소득노인","여","독거노인현황(성별)","","23","20","63","82",
"응암2동","일   반","계","독거노인현황(성별)","","550","530","463","409",
"응암2동","일   반","남","독거노인현황(성별)","","164","150","102","161",
"응암2동","일   반","여","독거노인현황(성별)","","386","380","361","248",
"응암3동","합계","계","독거노인현황(성별)","","1843","1957","2095","2203",
"응암3동","합계","남","독거노인현황(성별)","","562","620","688","735",
"응암3동","합계","여","독거노인현황(성별)","","1281","1337","1407","1468",
"응암3동","국민기초생활보장 수급권자","계","독거노인현황(성별)","","608","669","795","1083",
"응암3동","국민기초생활보장 수급권자","남","독거노인현황(성별)","","211","236","293","300",
"응암3동","국민기초생활보장 수급권자","여","독거노인현황(성별)","","397","433","502","783",
"응암3동","저소득노인","계","독거노인현황(성별)","","47","40","145","223",
"응암3동","저소득노인","남","독거노인현황(성별)","","13","11","42","80",
"응암3동","저소득노인","여","독거노인현황(성별)","","34","29","103","143",
"응암3동","일   반","계","독거노인현황(성별)","","1188","1248","1155","897",
"응암3동","일   반","남","독거노인현황(성별)","","338","373","353","355",
"응암3동","일   반","여","독거노인현황(성별)","","850","875","802","542",
"역촌동","합계","계","독거노인현황(성별)","","2168","2300","2424","2704",
"역촌동","합계","남","독거노인현황(성별)","","666","695","772","878",
"역촌동","합계","여","독거노인현황(성별)","","1502","1605","1652","1826",
"역촌동","국민기초생활보장 수급권자","계","독거노인현황(성별)","","666","739","816","1287",
"역촌동","국민기초생활보장 수급권자","남","독거노인현황(성별)","","222","253","307","342",
"역촌동","국민기초생활보장 수급권자","여","독거노인현황(성별)","","444","486","509","945",
"역촌동","저소득노인","계","독거노인현황(성별)","","83","80","211","364",
"역촌동","저소득노인","남","독거노인현황(성별)","","15","17","64","133",
"역촌동","저소득노인","여","독거노인현황(성별)","","68","63","147","231",
"역촌동","일   반","계","독거노인현황(성별)","","1419","1481","1397","1053",
"역촌동","일   반","남","독거노인현황(성별)","","429","425","401","403",
"역촌동","일   반","여","독거노인현황(성별)","","990","1056","996","650",
"신사1동","합계","계","독거노인현황(성별)","","1105","1155","1216","1345",
"신사1동","합계","남","독거노인현황(성별)","","332","358","389","430",
"신사1동","합계","여","독거노인현황(성별)","","773","797","827","915",
"신사1동","국민기초생활보장 수급권자","계","독거노인현황(성별)","","272","295","376","525",
"신사1동","국민기초생활보장 수급권자","남","독거노인현황(성별)","","103","118","184","155",
"신사1동","국민기초생활보장 수급권자","여","독거노인현황(성별)","","169","177","192","370",
"신사1동","저소득노인","계","독거노인현황(성별)","","29","22","54","114",
"신사1동","저소득노인","남","독거노인현황(성별)","","6","4","21","45",
"신사1동","저소득노인","여","독거노인현황(성별)","","23","18","33","69",
"신사1동","일   반","계","독거노인현황(성별)","","804","838","786","706",
"신사1동","일   반","남","독거노인현황(성별)","","223","236","184","230",
"신사1동","일   반","여","독거노인현황(성별)","","581","602","602","476",
"신사2동","합계","계","독거노인현황(성별)","","935","981","1059","1158",
"신사2동","합계","남","독거노인현황(성별)","","297","311","345","406",
"신사2동","합계","여","독거노인현황(성별)","","638","670","714","752",
"신사2동","국민기초생활보장 수급권자","계","독거노인현황(성별)","","270","306","375","516",
"신사2동","국민기초생활보장 수급권자","남","독거노인현황(성별)","","94","101","124","137",
"신사2동","국민기초생활보장 수급권자","여","독거노인현황(성별)","","176","205","251","379",
"신사2동","저소득노인","계","독거노인현황(성별)","","24","16","66","119",
"신사2동","저소득노인","남","독거노인현황(성별)","","6","3","21","38",
"신사2동","저소득노인","여","독거노인현황(성별)","","18","13","45","81",
"신사2동","일   반","계","독거노인현황(성별)","","641","659","618","523",
"신사2동","일   반","남","독거노인현황(성별)","","197","207","200","231",
"신사2동","일   반","여","독거노인현황(성별)","","444","452","418","292",
"증산동","합계","계","독거노인현황(성별)","","756","781","687","698",
"증산동","합계","남","독거노인현황(성별)","","266","274","253","248",
"증산동","합계","여","독거노인현황(성별)","","490","507","434","450",
"증산동","국민기초생활보장 수급권자","계","독거노인현황(성별)","","168","199","234","290",
"증산동","국민기초생활보장 수급권자","남","독거노인현황(성별)","","70","80","120","82",
"증산동","국민기초생활보장 수급권자","여","독거노인현황(성별)","","98","119","114","208",
"증산동","저소득노인","계","독거노인현황(성별)","","16","14","42","74",
"증산동","저소득노인","남","독거노인현황(성별)","","5","3","9","30",
"증산동","저소득노인","여","독거노인현황(성별)","","11","11","33","44",
"증산동","일   반","계","독거노인현황(성별)","","572","568","411","334",
"증산동","일   반","남","독거노인현황(성별)","","191","191","124","136",
"증산동","일   반","여","독거노인현황(성별)","","381","377","287","198",
"수색동","합계","계","독거노인현황(성별)","","570","648","732","804",
"수색동","합계","남","독거노인현황(성별)","","162","183","210","242",
"수색동","합계","여","독거노인현황(성별)","","408","465","522","562",
"수색동","국민기초생활보장 수급권자","계","독거노인현황(성별)","","239","264","354","519",
"수색동","국민기초생활보장 수급권자","남","독거노인현황(성별)","","56","68","121","108",
"수색동","국민기초생활보장 수급권자","여","독거노인현황(성별)","","183","196","233","411",
"수색동","저소득노인","계","독거노인현황(성별)","","11","12","59","98",
"수색동","저소득노인","남","독거노인현황(성별)","","2","3","8","24",
"수색동","저소득노인","여","독거노인현황(성별)","","9","9","51","74",
"수색동","일   반","계","독거노인현황(성별)","","320","372","319","187",
"수색동","일   반","남","독거노인현황(성별)","","104","112","81","110",
"수색동","일   반","여","독거노인현황(성별)","","216","260","238","77",
"진관동","합계","계","독거노인현황(성별)","","1338","1413","1493","1643",
"진관동","합계","남","독거노인현황(성별)","","369","391","426","449",
"진관동","합계","여","독거노인현황(성별)","","969","1022","1067","1194",
"진관동","국민기초생활보장 수급권자","계","독거노인현황(성별)","","434","476","597","901",
"진관동","국민기초생활보장 수급권자","남","독거노인현황(성별)","","88","101","137","119",
"진관동","국민기초생활보장 수급권자","여","독거노인현황(성별)","","346","375","460","782",
"진관동","저소득노인","계","독거노인현황(성별)","","49","40","117","233",
"진관동","저소득노인","남","독거노인현황(성별)","","10","11","38","87",
"진관동","저소득노인","여","독거노인현황(성별)","","39","29","79","146",
"진관동","일   반","계","독거노인현황(성별)","","855","897","779","509",
"진관동","일   반","남","독거노인현황(성별)","","271","279","251","243",
"진관동","일   반","여","독거노인현황(성별)","","584","618","528","266",
"서대문구","합계","계","독거노인현황(성별)","","13663","14318","14894","20889",
"서대문구","합계","남","독거노인현황(성별)","","4130","4366","4610","6859",
"서대문구","합계","여","독거노인현황(성별)","","9533","9952","10284","14030",
"서대문구","국민기초생활보장 수급권자","계","독거노인현황(성별)","","3820","3880","4343","4608",
"서대문구","국민기초생활보장 수급권자","남","독거노인현황(성별)","","1294","1317","1545","1661",
"서대문구","국민기초생활보장 수급권자","여","독거노인현황(성별)","","2526","2563","2798","2947",
"서대문구","저소득노인","계","독거노인현황(성별)","","144","329","525","126",
"서대문구","저소득노인","남","독거노인현황(성별)","","69","61","165","49",
"서대문구","저소득노인","여","독거노인현황(성별)","","75","268","360","77",
"서대문구","일   반","계","독거노인현황(성별)","","9699","10109","10026","16155",
"서대문구","일   반","남","독거노인현황(성별)","","2767","2988","2900","5149",
"서대문구","일   반","여","독거노인현황(성별)","","6932","7121","7126","11006",
"천연동","합계","계","독거노인현황(성별)","","1000","1033","1072","1533",
"천연동","합계","남","독거노인현황(성별)","","305","325","349","525",
"천연동","합계","여","독거노인현황(성별)","","695","708","723","1008",
"천연동","국민기초생활보장 수급권자","계","독거노인현황(성별)","","372","383","383","406",
"천연동","국민기초생활보장 수급권자","남","독거노인현황(성별)","","123","131","137","156",
"천연동","국민기초생활보장 수급권자","여","독거노인현황(성별)","","249","252","246","250",
"천연동","저소득노인","계","독거노인현황(성별)","","6","12","16","4",
"천연동","저소득노인","남","독거노인현황(성별)","","3","3","6","3",
"천연동","저소득노인","여","독거노인현황(성별)","","3","9","10","1",
"천연동","일   반","계","독거노인현황(성별)","","622","638","673","1123",
"천연동","일   반","남","독거노인현황(성별)","","179","191","206","366",
"천연동","일   반","여","독거노인현황(성별)","","443","447","467","757",
"북아현동","합계","계","독거노인현황(성별)","","646","669","699","999",
"북아현동","합계","남","독거노인현황(성별)","","195","212","234","375",
"북아현동","합계","여","독거노인현황(성별)","","451","457","465","624",
"북아현동","국민기초생활보장 수급권자","계","독거노인현황(성별)","","203","210","218","235",
"북아현동","국민기초생활보장 수급권자","남","독거노인현황(성별)","","79","78","90","101",
"북아현동","국민기초생활보장 수급권자","여","독거노인현황(성별)","","124","132","128","134",
"북아현동","저소득노인","계","독거노인현황(성별)","","6","12","18","5",
"북아현동","저소득노인","남","독거노인현황(성별)","","2","2","3","3",
"북아현동","저소득노인","여","독거노인현황(성별)","","4","10","15","2",
"북아현동","일   반","계","독거노인현황(성별)","","437","447","463","759",
"북아현동","일   반","남","독거노인현황(성별)","","114","132","141","271",
"북아현동","일   반","여","독거노인현황(성별)","","323","315","322","488",
"충현동","합계","계","독거노인현황(성별)","","941","987","1009","1380",
"충현동","합계","남","독거노인현황(성별)","","349","368","378","525",
"충현동","합계","여","독거노인현황(성별)","","592","619","631","855",
"충현동","국민기초생활보장 수급권자","계","독거노인현황(성별)","","265","290","292","295",
"충현동","국민기초생활보장 수급권자","남","독거노인현황(성별)","","119","130","134","126",
"충현동","국민기초생활보장 수급권자","여","독거노인현황(성별)","","146","160","158","169",
"충현동","저소득노인","계","독거노인현황(성별)","","14","21","36","10",
"충현동","저소득노인","남","독거노인현황(성별)","","7","4","14","4",
"충현동","저소득노인","여","독거노인현황(성별)","","7","17","22","6",
"충현동","일   반","계","독거노인현황(성별)","","662","676","681","1075",
"충현동","일   반","남","독거노인현황(성별)","","223","234","230","395",
"충현동","일   반","여","독거노인현황(성별)","","439","442","451","680",
"신촌동","합계","계","독거노인현황(성별)","","593","646","641","834",
"신촌동","합계","남","독거노인현황(성별)","","192","207","211","301",
"신촌동","합계","여","독거노인현황(성별)","","401","439","430","533",
"신촌동","국민기초생활보장 수급권자","계","독거노인현황(성별)","","96","107","109","120",
"신촌동","국민기초생활보장 수급권자","남","독거노인현황(성별)","","31","36","36","51",
"신촌동","국민기초생활보장 수급권자","여","독거노인현황(성별)","","65","71","73","69",
"신촌동","저소득노인","계","독거노인현황(성별)","","19","14","20","13",
"신촌동","저소득노인","남","독거노인현황(성별)","","6","1","6","4",
"신촌동","저소득노인","여","독거노인현황(성별)","","13","13","14","9",
"신촌동","일   반","계","독거노인현황(성별)","","478","525","512","701",
"신촌동","일   반","남","독거노인현황(성별)","","155","170","169","246",
"신촌동","일   반","여","독거노인현황(성별)","","323","355","343","455",
"연희동","합계","계","독거노인현황(성별)","","1435","1479","1561","2107",
"연희동","합계","남","독거노인현황(성별)","","421","430","459","658",
"연희동","합계","여","독거노인현황(성별)","","1014","1049","1102","1449",
"연희동","국민기초생활보장 수급권자","계","독거노인현황(성별)","","281","291","342","372",
"연희동","국민기초생활보장 수급권자","남","독거노인현황(성별)","","80","80","111","137",
"연희동","국민기초생활보장 수급권자","여","독거노인현황(성별)","","201","211","231","235",
"연희동","저소득노인","계","독거노인현황(성별)","","13","23","33","16",
"연희동","저소득노인","남","독거노인현황(성별)","","9","10","17","9",
"연희동","저소득노인","여","독거노인현황(성별)","","4","13","16","7",
"연희동","일   반","계","독거노인현황(성별)","","1141","1165","1186","1719",
"연희동","일   반","남","독거노인현황(성별)","","332","340","331","512",
"연희동","일   반","여","독거노인현황(성별)","","809","825","855","1207",
"홍제1동","합계","계","독거노인현황(성별)","","1127","1195","1272","1648",
"홍제1동","합계","남","독거노인현황(성별)","","336","362","384","522",
"홍제1동","합계","여","독거노인현황(성별)","","791","833","888","1126",
"홍제1동","국민기초생활보장 수급권자","계","독거노인현황(성별)","","267","267","276","281",
"홍제1동","국민기초생활보장 수급권자","남","독거노인현황(성별)","","105","103","106","102",
"홍제1동","국민기초생활보장 수급권자","여","독거노인현황(성별)","","162","164","170","179",
"홍제1동","저소득노인","계","독거노인현황(성별)","","18","31","45","7",
"홍제1동","저소득노인","남","독거노인현황(성별)","","13","6","13","1",
"홍제1동","저소득노인","여","독거노인현황(성별)","","5","25","32","6",
"홍제1동","일   반","계","독거노인현황(성별)","","842","897","951","1360",
"홍제1동","일   반","남","독거노인현황(성별)","","218","253","265","419",
"홍제1동","일   반","여","독거노인현황(성별)","","624","644","686","941",
"홍제3동","합계","계","독거노인현황(성별)","","1009","1054","1090","1561",
"홍제3동","합계","남","독거노인현황(성별)","","297","301","311","473",
"홍제3동","합계","여","독거노인현황(성별)","","712","753","779","1088",
"홍제3동","국민기초생활보장 수급권자","계","독거노인현황(성별)","","284","315","325","350",
"홍제3동","국민기초생활보장 수급권자","남","독거노인현황(성별)","","85","97","105","100",
"홍제3동","국민기초생활보장 수급권자","여","독거노인현황(성별)","","199","218","220","250",
"홍제3동","저소득노인","계","독거노인현황(성별)","","9","41","64","16",
"홍제3동","저소득노인","남","독거노인현황(성별)","","3","2","16","9",
"홍제3동","저소득노인","여","독거노인현황(성별)","","6","39","48","7",
"홍제3동","일   반","계","독거노인현황(성별)","","716","698","701","1195",
"홍제3동","일   반","남","독거노인현황(성별)","","209","202","190","364",
"홍제3동","일   반","여","독거노인현황(성별)","","507","496","511","831",
"홍제2동","합계","계","독거노인현황(성별)","","709","724","727","1039",
"홍제2동","합계","남","독거노인현황(성별)","","182","186","197","289",
"홍제2동","합계","여","독거노인현황(성별)","","527","538","530","750",
"홍제2동","국민기초생활보장 수급권자","계","독거노인현황(성별)","","251","136","278","271",
"홍제2동","국민기초생활보장 수급권자","남","독거노인현황(성별)","","66","68","74","74",
"홍제2동","국민기초생활보장 수급권자","여","독거노인현황(성별)","","185","68","204","197",
"홍제2동","저소득노인","계","독거노인현황(성별)","","9","15","24","6",
"홍제2동","저소득노인","남","독거노인현황(성별)","","6","2","6","1",
"홍제2동","저소득노인","여","독거노인현황(성별)","","3","13","18","5",
"홍제2동","일   반","계","독거노인현황(성별)","","449","573","425","762",
"홍제2동","일   반","남","독거노인현황(성별)","","110","116","117","214",
"홍제2동","일   반","여","독거노인현황(성별)","","339","457","308","548",
"홍은1동","합계","계","독거노인현황(성별)","","1129","1181","1212","1752",
"홍은1동","합계","남","독거노인현황(성별)","","318","337","341","545",
"홍은1동","합계","여","독거노인현황(성별)","","811","844","871","1207",
"홍은1동","국민기초생활보장 수급권자","계","독거노인현황(성별)","","309","328","364","389",
"홍은1동","국민기초생활보장 수급권자","남","독거노인현황(성별)","","111","114","133","142",
"홍은1동","국민기초생활보장 수급권자","여","독거노인현황(성별)","","198","214","231","247",
"홍은1동","저소득노인","계","독거노인현황(성별)","","12","39","53","8",
"홍은1동","저소득노인","남","독거노인현황(성별)","","4","7","12","3",
"홍은1동","저소득노인","여","독거노인현황(성별)","","8","32","41","5",
"홍은1동","일   반","계","독거노인현황(성별)","","808","814","795","1355",
"홍은1동","일   반","남","독거노인현황(성별)","","203","216","196","400",
"홍은1동","일   반","여","독거노인현황(성별)","","605","598","599","955",
"홍은2동","합계","계","독거노인현황(성별)","","1209","1275","1299","1821",
"홍은2동","합계","남","독거노인현황(성별)","","354","375","389","595",
"홍은2동","합계","여","독거노인현황(성별)","","855","900","910","1226",
"홍은2동","국민기초생활보장 수급권자","계","독거노인현황(성별)","","303","256","355","406",
"홍은2동","국민기초생활보장 수급권자","남","독거노인현황(성별)","","97","32","128","144",
"홍은2동","국민기초생활보장 수급권자","여","독거노인현황(성별)","","206","224","227","262",
"홍은2동","저소득노인","계","독거노인현황(성별)","","6","26","57","6",
"홍은2동","저소득노인","남","독거노인현황(성별)","","3","3","20","2",
"홍은2동","저소득노인","여","독거노인현황(성별)","","3","23","37","4",
"홍은2동","일   반","계","독거노인현황(성별)","","900","993","887","1409",
"홍은2동","일   반","남","독거노인현황(성별)","","254","340","241","449",
"홍은2동","일   반","여","독거노인현황(성별)","","646","653","646","960",
"남가좌1동","합계","계","독거노인현황(성별)","","422","444","469","663",
"남가좌1동","합계","남","독거노인현황(성별)","","115","122","131","192",
"남가좌1동","합계","여","독거노인현황(성별)","","307","322","338","471",
"남가좌1동","국민기초생활보장 수급권자","계","독거노인현황(성별)","","118","130","140","151",
"남가좌1동","국민기초생활보장 수급권자","남","독거노인현황(성별)","","39","41","46","48",
"남가좌1동","국민기초생활보장 수급권자","여","독거노인현황(성별)","","79","89","94","103",
"남가좌1동","저소득노인","계","독거노인현황(성별)","","5","5","12","7",
"남가좌1동","저소득노인","남","독거노인현황(성별)","","2","-","3","2",
"남가좌1동","저소득노인","여","독거노인현황(성별)","","3","5","9","5",
"남가좌1동","일   반","계","독거노인현황(성별)","","299","309","317","505",
"남가좌1동","일   반","남","독거노인현황(성별)","","74","81","82","142",
"남가좌1동","일   반","여","독거노인현황(성별)","","225","228","235","363",
"남가좌2동","합계","계","독거노인현황(성별)","","1280","1368","1432","2074",
"남가좌2동","합계","남","독거노인현황(성별)","","403","440","480","721",
"남가좌2동","합계","여","독거노인현황(성별)","","877","928","952","1353",
"남가좌2동","국민기초생활보장 수급권자","계","독거노인현황(성별)","","441","470","507","527",
"남가좌2동","국민기초생활보장 수급권자","남","독거노인현황(성별)","","149","168","186","189",
"남가좌2동","국민기초생활보장 수급권자","여","독거노인현황(성별)","","292","302","321","338",
"남가좌2동","저소득노인","계","독거노인현황(성별)","","7","27","39","7",
"남가좌2동","저소득노인","남","독거노인현황(성별)","","2","9","13","2",
"남가좌2동","저소득노인","여","독거노인현황(성별)","","5","18","26","5",
"남가좌2동","일   반","계","독거노인현황(성별)","","832","871","886","1540",
"남가좌2동","일   반","남","독거노인현황(성별)","","252","263","281","530",
"남가좌2동","일   반","여","독거노인현황(성별)","","580","608","605","1010",
"북가좌1동","합계","계","독거노인현황(성별)","","559","585","612","898",
"북가좌1동","합계","남","독거노인현황(성별)","","149","153","163","249",
"북가좌1동","합계","여","독거노인현황(성별)","","410","432","449","649",
"북가좌1동","국민기초생활보장 수급권자","계","독거노인현황(성별)","","154","164","184","204",
"북가좌1동","국민기초생활보장 수급권자","남","독거노인현황(성별)","","37","41","50","55",
"북가좌1동","국민기초생활보장 수급권자","여","독거노인현황(성별)","","117","123","134","149",
"북가좌1동","저소득노인","계","독거노인현황(성별)","","10","15","30","14",
"북가좌1동","저소득노인","남","독거노인현황(성별)","","3","5","11","4",
"북가좌1동","저소득노인","여","독거노인현황(성별)","","7","10","19","10",
"북가좌1동","일   반","계","독거노인현황(성별)","","395","406","398","680",
"북가좌1동","일   반","남","독거노인현황(성별)","","109","107","102","190",
"북가좌1동","일   반","여","독거노인현황(성별)","","286","299","296","490",
"북가좌2동","합계","계","독거노인현황(성별)","","1604","1678","1799","2580",
"북가좌2동","합계","남","독거노인현황(성별)","","514","548","583","889",
"북가좌2동","합계","여","독거노인현황(성별)","","1090","1130","1216","1691",
"북가좌2동","국민기초생활보장 수급권자","계","독거노인현황(성별)","","476","533","570","601",
"북가좌2동","국민기초생활보장 수급권자","남","독거노인현황(성별)","","173","198","209","236",
"북가좌2동","국민기초생활보장 수급권자","여","독거노인현황(성별)","","303","335","361","365",
"북가좌2동","저소득노인","계","독거노인현황(성별)","","10","48","78","7",
"북가좌2동","저소득노인","남","독거노인현황(성별)","","6","7","25","2",
"북가좌2동","저소득노인","여","독거노인현황(성별)","","4","41","53","5",
"북가좌2동","일   반","계","독거노인현황(성별)","","1118","1097","1151","1972",
"북가좌2동","일   반","남","독거노인현황(성별)","","335","343","349","651",
"북가좌2동","일   반","여","독거노인현황(성별)","","783","754","802","1321",
"마포구","합계","계","독거노인현황(성별)","","13821","14065","14426","15047",
"마포구","합계","남","독거노인현황(성별)","","3852","3996","4147","4361",
"마포구","합계","여","독거노인현황(성별)","","9969","10069","10279","10686",
"마포구","국민기초생활보장 수급권자","계","독거노인현황(성별)","","3152","3593","3939","4238",
"마포구","국민기초생활보장 수급권자","남","독거노인현황(성별)","","1012","1143","1258","1361",
"마포구","국민기초생활보장 수급권자","여","독거노인현황(성별)","","2140","2450","2681","2877",
"마포구","저소득노인","계","독거노인현황(성별)","","859","396","650","610",
"마포구","저소득노인","남","독거노인현황(성별)","","287","88","220","225",
"마포구","저소득노인","여","독거노인현황(성별)","","572","308","430","385",
"마포구","일   반","계","독거노인현황(성별)","","9810","10076","9837","10199",
"마포구","일   반","남","독거노인현황(성별)","","2553","2765","2669","2775",
"마포구","일   반","여","독거노인현황(성별)","","7257","7311","7168","7424",
"아현동","합계","계","독거노인현황(성별)","","928","805","812","856",
"아현동","합계","남","독거노인현황(성별)","","246","224","225","240",
"아현동","합계","여","독거노인현황(성별)","","682","581","587","616",
"아현동","국민기초생활보장 수급권자","계","독거노인현황(성별)","","177","204","245","263",
"아현동","국민기초생활보장 수급권자","남","독거노인현황(성별)","","47","60","77","85",
"아현동","국민기초생활보장 수급권자","여","독거노인현황(성별)","","130","144","168","178",
"아현동","저소득노인","계","독거노인현황(성별)","","24","25","38","36",
"아현동","저소득노인","남","독거노인현황(성별)","","6","4","14","14",
"아현동","저소득노인","여","독거노인현황(성별)","","18","21","24","22",
"아현동","일   반","계","독거노인현황(성별)","","727","576","529","557",
"아현동","일   반","남","독거노인현황(성별)","","193","160","134","141",
"아현동","일   반","여","독거노인현황(성별)","","534","416","395","416",
"공덕동","합계","계","독거노인현황(성별)","","1713","1790","1830","1904",
"공덕동","합계","남","독거노인현황(성별)","","512","534","565","602",
"공덕동","합계","여","독거노인현황(성별)","","1201","1256","1265","1302",
"공덕동","국민기초생활보장 수급권자","계","독거노인현황(성별)","","418","444","502","547",
"공덕동","국민기초생활보장 수급권자","남","독거노인현황(성별)","","141","157","179","192",
"공덕동","국민기초생활보장 수급권자","여","독거노인현황(성별)","","277","287","323","355",
"공덕동","저소득노인","계","독거노인현황(성별)","","79","53","74","81",
"공덕동","저소득노인","남","독거노인현황(성별)","","31","12","20","27",
"공덕동","저소득노인","여","독거노인현황(성별)","","48","41","54","54",
"공덕동","일   반","계","독거노인현황(성별)","","1216","1293","1254","1276",
"공덕동","일   반","남","독거노인현황(성별)","","340","365","366","383",
"공덕동","일   반","여","독거노인현황(성별)","","876","928","888","893",
"도화동","합계","계","독거노인현황(성별)","","914","929","941","968",
"도화동","합계","남","독거노인현황(성별)","","257","267","266","288",
"도화동","합계","여","독거노인현황(성별)","","657","662","675","680",
"도화동","국민기초생활보장 수급권자","계","독거노인현황(성별)","","86","237","249","272",
"도화동","국민기초생활보장 수급권자","남","독거노인현황(성별)","","34","76","80","94",
"도화동","국민기초생활보장 수급권자","여","독거노인현황(성별)","","52","161","169","178",
"도화동","저소득노인","계","독거노인현황(성별)","","35","17","26","25",
"도화동","저소득노인","남","독거노인현황(성별)","","7","3","8","9",
"도화동","저소득노인","여","독거노인현황(성별)","","28","14","18","16",
"도화동","일   반","계","독거노인현황(성별)","","793","675","666","671",
"도화동","일   반","남","독거노인현황(성별)","","216","188","178","185",
"도화동","일   반","여","독거노인현황(성별)","","577","487","488","486",
"용강동","합계","계","독거노인현황(성별)","","709","721","732","781",
"용강동","합계","남","독거노인현황(성별)","","206","215","225","246",
"용강동","합계","여","독거노인현황(성별)","","503","506","507","535",
"용강동","국민기초생활보장 수급권자","계","독거노인현황(성별)","","181","193","205","216",
"용강동","국민기초생활보장 수급권자","남","독거노인현황(성별)","","51","56","66","68",
"용강동","국민기초생활보장 수급권자","여","독거노인현황(성별)","","130","137","139","148",
"용강동","저소득노인","계","독거노인현황(성별)","","49","22","39","30",
"용강동","저소득노인","남","독거노인현황(성별)","","14","2","9","9",
"용강동","저소득노인","여","독거노인현황(성별)","","35","20","30","21",
"용강동","일   반","계","독거노인현황(성별)","","479","506","488","535",
"용강동","일   반","남","독거노인현황(성별)","","141","157","150","169",
"용강동","일   반","여","독거노인현황(성별)","","338","349","338","366",
"대흥동","합계","계","독거노인현황(성별)","","649","685","692","701",
"대흥동","합계","남","독거노인현황(성별)","","222","240","253","258",
"대흥동","합계","여","독거노인현황(성별)","","427","445","439","443",
"대흥동","국민기초생활보장 수급권자","계","독거노인현황(성별)","","140","196","190","203",
"대흥동","국민기초생활보장 수급권자","남","독거노인현황(성별)","","73","71","75","82",
"대흥동","국민기초생활보장 수급권자","여","독거노인현황(성별)","","67","125","115","121",
"대흥동","저소득노인","계","독거노인현황(성별)","","31","11","22","27",
"대흥동","저소득노인","남","독거노인현황(성별)","","19","6","13","15",
"대흥동","저소득노인","여","독거노인현황(성별)","","12","5","9","12",
"대흥동","일   반","계","독거노인현황(성별)","","478","478","480","471",
"대흥동","일   반","남","독거노인현황(성별)","","130","163","165","161",
"대흥동","일   반","여","독거노인현황(성별)","","348","315","315","310",
"염리동","합계","계","독거노인현황(성별)","","778","588","594","623",
"염리동","합계","남","독거노인현황(성별)","","239","182","180","184",
"염리동","합계","여","독거노인현황(성별)","","539","406","414","439",
"염리동","국민기초생활보장 수급권자","계","독거노인현황(성별)","","163","165","186","195",
"염리동","국민기초생활보장 수급권자","남","독거노인현황(성별)","","49","50","56","65",
"염리동","국민기초생활보장 수급권자","여","독거노인현황(성별)","","114","115","130","130",
"염리동","저소득노인","계","독거노인현황(성별)","","49","17","30","30",
"염리동","저소득노인","남","독거노인현황(성별)","","17","3","10","10",
"염리동","저소득노인","여","독거노인현황(성별)","","32","14","20","20",
"염리동","일   반","계","독거노인현황(성별)","","566","406","378","398",
"염리동","일   반","남","독거노인현황(성별)","","173","129","114","109",
"염리동","일   반","여","독거노인현황(성별)","","393","277","264","289",
"신수동","합계","계","독거노인현황(성별)","","704","745","763","790",
"신수동","합계","남","독거노인현황(성별)","","197","207","219","218",
"신수동","합계","여","독거노인현황(성별)","","507","538","544","572",
"신수동","국민기초생활보장 수급권자","계","독거노인현황(성별)","","125","137","155","142",
"신수동","국민기초생활보장 수급권자","남","독거노인현황(성별)","","39","51","55","42",
"신수동","국민기초생활보장 수급권자","여","독거노인현황(성별)","","86","86","100","100",
"신수동","저소득노인","계","독거노인현황(성별)","","53","16","23","25",
"신수동","저소득노인","남","독거노인현황(성별)","","19","4","5","5",
"신수동","저소득노인","여","독거노인현황(성별)","","34","12","18","20",
"신수동","일   반","계","독거노인현황(성별)","","526","592","585","623",
"신수동","일   반","남","독거노인현황(성별)","","139","152","159","171",
"신수동","일   반","여","독거노인현황(성별)","","387","440","426","452",
"서강동","합계","계","독거노인현황(성별)","","658","693","739","782",
"서강동","합계","남","독거노인현황(성별)","","173","186","213","227",
"서강동","합계","여","독거노인현황(성별)","","485","507","526","555",
"서강동","국민기초생활보장 수급권자","계","독거노인현황(성별)","","112","122","141","156",
"서강동","국민기초생활보장 수급권자","남","독거노인현황(성별)","","32","34","45","48",
"서강동","국민기초생활보장 수급권자","여","독거노인현황(성별)","","80","88","96","108",
"서강동","저소득노인","계","독거노인현황(성별)","","41","20","34","38",
"서강동","저소득노인","남","독거노인현황(성별)","","14","8","13","13",
"서강동","저소득노인","여","독거노인현황(성별)","","27","12","21","25",
"서강동","일   반","계","독거노인현황(성별)","","505","551","564","588",
"서강동","일   반","남","독거노인현황(성별)","","127","144","155","166",
"서강동","일   반","여","독거노인현황(성별)","","378","407","409","422",
"서교동","합계","계","독거노인현황(성별)","","815","858","872","909",
"서교동","합계","남","독거노인현황(성별)","","254","281","275","280",
"서교동","합계","여","독거노인현황(성별)","","561","577","597","629",
"서교동","국민기초생활보장 수급권자","계","독거노인현황(성별)","","103","107","106","123",
"서교동","국민기초생활보장 수급권자","남","독거노인현황(성별)","","45","47","46","55",
"서교동","국민기초생활보장 수급권자","여","독거노인현황(성별)","","58","60","60","68",
"서교동","저소득노인","계","독거노인현황(성별)","","19","17","28","22",
"서교동","저소득노인","남","독거노인현황(성별)","","1","2","9","9",
"서교동","저소득노인","여","독거노인현황(성별)","","18","15","19","13",
"서교동","일   반","계","독거노인현황(성별)","","693","734","738","764",
"서교동","일   반","남","독거노인현황(성별)","","208","232","220","216",
"서교동","일   반","여","독거노인현황(성별)","","485","502","518","548",
"합정동","합계","계","독거노인현황(성별)","","650","678","710","720",
"합정동","합계","남","독거노인현황(성별)","","186","212","206","211",
"합정동","합계","여","독거노인현황(성별)","","464","466","504","509",
"합정동","국민기초생활보장 수급권자","계","독거노인현황(성별)","","124","130","144","144",
"합정동","국민기초생활보장 수급권자","남","독거노인현황(성별)","","53","56","56","57",
"합정동","국민기초생활보장 수급권자","여","독거노인현황(성별)","","71","74","88","87",
"합정동","저소득노인","계","독거노인현황(성별)","","23","14","31","27",
"합정동","저소득노인","남","독거노인현황(성별)","","8","3","11","14",
"합정동","저소득노인","여","독거노인현황(성별)","","15","11","20","13",
"합정동","일   반","계","독거노인현황(성별)","","503","534","535","549",
"합정동","일   반","남","독거노인현황(성별)","","125","153","139","140",
"합정동","일   반","여","독거노인현황(성별)","","378","381","396","409",
"망원1동","합계","계","독거노인현황(성별)","","858","902","923","957",
"망원1동","합계","남","독거노인현황(성별)","","228","240","252","250",
"망원1동","합계","여","독거노인현황(성별)","","630","662","671","707",
"망원1동","국민기초생활보장 수급권자","계","독거노인현황(성별)","","203","223","253","268",
"망원1동","국민기초생활보장 수급권자","남","독거노인현황(성별)","","65","72","89","94",
"망원1동","국민기초생활보장 수급권자","여","독거노인현황(성별)","","138","151","164","174",
"망원1동","저소득노인","계","독거노인현황(성별)","","63","18","24","20",
"망원1동","저소득노인","남","독거노인현황(성별)","","19","4","7","7",
"망원1동","저소득노인","여","독거노인현황(성별)","","44","14","17","13",
"망원1동","일   반","계","독거노인현황(성별)","","592","661","646","669",
"망원1동","일   반","남","독거노인현황(성별)","","144","164","156","149",
"망원1동","일   반","여","독거노인현황(성별)","","448","497","490","520",
"망원2동","합계","계","독거노인현황(성별)","","686","720","729","724",
"망원2동","합계","남","독거노인현황(성별)","","172","187","193","188",
"망원2동","합계","여","독거노인현황(성별)","","514","533","536","536",
"망원2동","국민기초생활보장 수급권자","계","독거노인현황(성별)","","142","159","173","168",
"망원2동","국민기초생활보장 수급권자","남","독거노인현황(성별)","","41","52","56","54",
"망원2동","국민기초생활보장 수급권자","여","독거노인현황(성별)","","101","107","117","114",
"망원2동","저소득노인","계","독거노인현황(성별)","","43","18","27","26",
"망원2동","저소득노인","남","독거노인현황(성별)","","14","4","9","8",
"망원2동","저소득노인","여","독거노인현황(성별)","","29","14","18","18",
"망원2동","일   반","계","독거노인현황(성별)","","501","543","529","530",
"망원2동","일   반","남","독거노인현황(성별)","","117","131","128","126",
"망원2동","일   반","여","독거노인현황(성별)","","384","412","401","404",
"연남동","합계","계","독거노인현황(성별)","","546","567","579","626",
"연남동","합계","남","독거노인현황(성별)","","171","172","171","183",
"연남동","합계","여","독거노인현황(성별)","","375","395","408","443",
"연남동","국민기초생활보장 수급권자","계","독거노인현황(성별)","","99","113","118","129",
"연남동","국민기초생활보장 수급권자","남","독거노인현황(성별)","","31","38","44","50",
"연남동","국민기초생활보장 수급권자","여","독거노인현황(성별)","","68","75","74","79",
"연남동","저소득노인","계","독거노인현황(성별)","","39","20","31","25",
"연남동","저소득노인","남","독거노인현황(성별)","","14","7","12","10",
"연남동","저소득노인","여","독거노인현황(성별)","","25","13","19","15",
"연남동","일   반","계","독거노인현황(성별)","","408","434","430","472",
"연남동","일   반","남","독거노인현황(성별)","","126","127","115","123",
"연남동","일   반","여","독거노인현황(성별)","","282","307","315","349",
"성산1동","합계","계","독거노인현황(성별)","","679","720","729","777",
"성산1동","합계","남","독거노인현황(성별)","","191","205","206","222",
"성산1동","합계","여","독거노인현황(성별)","","488","515","523","555",
"성산1동","국민기초생활보장 수급권자","계","독거노인현황(성별)","","211","168","158","186",
"성산1동","국민기초생활보장 수급권자","남","독거노인현황(성별)","","89","70","59","70",
"성산1동","국민기초생활보장 수급권자","여","독거노인현황(성별)","","122","98","99","116",
"성산1동","저소득노인","계","독거노인현황(성별)","","37","23","30","30",
"성산1동","저소득노인","남","독거노인현황(성별)","","13","6","13","13",
"성산1동","저소득노인","여","독거노인현황(성별)","","24","17","17","17",
"성산1동","일   반","계","독거노인현황(성별)","","431","529","541","561",
"성산1동","일   반","남","독거노인현황(성별)","","89","129","134","139",
"성산1동","일   반","여","독거노인현황(성별)","","342","400","407","422",
"성산2동","합계","계","독거노인현황(성별)","","1799","1870","1928","2014",
"성산2동","합계","남","독거노인현황(성별)","","421","448","475","520",
"성산2동","합계","여","독거노인현황(성별)","","1378","1422","1453","1494",
"성산2동","국민기초생활보장 수급권자","계","독거노인현황(성별)","","643","721","795","860",
"성산2동","국민기초생활보장 수급권자","남","독거노인현황(성별)","","169","190","202","229",
"성산2동","국민기초생활보장 수급권자","여","독거노인현황(성별)","","474","531","593","631",
"성산2동","저소득노인","계","독거노인현황(성별)","","153","65","115","89",
"성산2동","저소득노인","남","독거노인현황(성별)","","44","9","34","30",
"성산2동","저소득노인","여","독거노인현황(성별)","","109","56","81","59",
"성산2동","일   반","계","독거노인현황(성별)","","1003","1084","1018","1065",
"성산2동","일   반","남","독거노인현황(성별)","","208","249","239","261",
"성산2동","일   반","여","독거노인현황(성별)","","795","835","779","804",
"상암동","합계","계","독거노인현황(성별)","","735","794","853","915",
"상암동","합계","남","독거노인현황(성별)","","177","196","223","244",
"상암동","합계","여","독거노인현황(성별)","","558","598","630","671",
"상암동","국민기초생활보장 수급권자","계","독거노인현황(성별)","","225","274","319","366",
"상암동","국민기초생활보장 수급권자","남","독거노인현황(성별)","","53","63","73","76",
"상암동","국민기초생활보장 수급권자","여","독거노인현황(성별)","","172","211","246","290",
"상암동","저소득노인","계","독거노인현황(성별)","","121","40","78","79",
"상암동","저소득노인","남","독거노인현황(성별)","","47","11","33","32",
"상암동","저소득노인","여","독거노인현황(성별)","","74","29","45","47",
"상암동","일   반","계","독거노인현황(성별)","","389","480","456","470",
"상암동","일   반","남","독거노인현황(성별)","","77","122","117","136",
"상암동","일   반","여","독거노인현황(성별)","","312","358","339","334",
"양천구","합계","계","독거노인현황(성별)","","16744","17825","19007","20133",
"양천구","합계","남","독거노인현황(성별)","","5339","5744","6249","6591",
"양천구","합계","여","독거노인현황(성별)","","11405","12081","12758","13542",
"양천구","국민기초생활보장 수급권자","계","독거노인현황(성별)","","5103","5791","6389","6993",
"양천구","국민기초생활보장 수급권자","남","독거노인현황(성별)","","1809","2041","2338","2607",
"양천구","국민기초생활보장 수급권자","여","독거노인현황(성별)","","3294","3750","4051","4386",
"양천구","저소득노인","계","독거노인현황(성별)","","529","471","439","408",
"양천구","저소득노인","남","독거노인현황(성별)","","115","116","127","103",
"양천구","저소득노인","여","독거노인현황(성별)","","414","355","312","305",
"양천구","일   반","계","독거노인현황(성별)","","11112","11563","12179","12732",
"양천구","일   반","남","독거노인현황(성별)","","3415","3587","3784","3881",
"양천구","일   반","여","독거노인현황(성별)","","7697","7976","8395","8851",
"목1동","합계","계","독거노인현황(성별)","","557","586","618","656",
"목1동","합계","남","독거노인현황(성별)","","150","156","156","177",
"목1동","합계","여","독거노인현황(성별)","","407","430","462","479",
"목1동","국민기초생활보장 수급권자","계","독거노인현황(성별)","","149","160","169","175",
"목1동","국민기초생활보장 수급권자","남","독거노인현황(성별)","","37","42","43","47",
"목1동","국민기초생활보장 수급권자","여","독거노인현황(성별)","","112","118","126","128",
"목1동","저소득노인","계","독거노인현황(성별)","","12","16","11","12",
"목1동","저소득노인","남","독거노인현황(성별)","","2","3","3","1",
"목1동","저소득노인","여","독거노인현황(성별)","","10","13","8","11",
"목1동","일   반","계","독거노인현황(성별)","","396","410","438","469",
"목1동","일   반","남","독거노인현황(성별)","","111","111","110","129",
"목1동","일   반","여","독거노인현황(성별)","","285","299","328","340",
"목2동","합계","계","독거노인현황(성별)","","960","1001","1077","1110",
"목2동","합계","남","독거노인현황(성별)","","298","318","343","346",
"목2동","합계","여","독거노인현황(성별)","","662","683","734","764",
"목2동","국민기초생활보장 수급권자","계","독거노인현황(성별)","","269","302","344","373",
"목2동","국민기초생활보장 수급권자","남","독거노인현황(성별)","","95","100","131","144",
"목2동","국민기초생활보장 수급권자","여","독거노인현황(성별)","","174","202","213","229",
"목2동","저소득노인","계","독거노인현황(성별)","","31","28","24","24",
"목2동","저소득노인","남","독거노인현황(성별)","","9","10","7","5",
"목2동","저소득노인","여","독거노인현황(성별)","","22","18","17","19",
"목2동","일   반","계","독거노인현황(성별)","","660","671","709","713",
"목2동","일   반","남","독거노인현황(성별)","","194","208","205","197",
"목2동","일   반","여","독거노인현황(성별)","","466","463","504","516",
"목3동","합계","계","독거노인현황(성별)","","839","917","970","1033",
"목3동","합계","남","독거노인현황(성별)","","250","273","303","333",
"목3동","합계","여","독거노인현황(성별)","","589","644","667","700",
"목3동","국민기초생활보장 수급권자","계","독거노인현황(성별)","","257","301","337","385",
"목3동","국민기초생활보장 수급권자","남","독거노인현황(성별)","","87","103","121","143",
"목3동","국민기초생활보장 수급권자","여","독거노인현황(성별)","","170","198","216","242",
"목3동","저소득노인","계","독거노인현황(성별)","","32","20","21","17",
"목3동","저소득노인","남","독거노인현황(성별)","","5","3","9","5",
"목3동","저소득노인","여","독거노인현황(성별)","","27","17","12","12",
"목3동","일   반","계","독거노인현황(성별)","","550","596","612","631",
"목3동","일   반","남","독거노인현황(성별)","","158","167","173","185",
"목3동","일   반","여","독거노인현황(성별)","","392","429","439","446",
"목4동","합계","계","독거노인현황(성별)","","848","879","931","983",
"목4동","합계","남","독거노인현황(성별)","","269","268","289","291",
"목4동","합계","여","독거노인현황(성별)","","579","611","642","692",
"목4동","국민기초생활보장 수급권자","계","독거노인현황(성별)","","240","258","289","325",
"목4동","국민기초생활보장 수급권자","남","독거노인현황(성별)","","89","95","113","121",
"목4동","국민기초생활보장 수급권자","여","독거노인현황(성별)","","151","163","176","204",
"목4동","저소득노인","계","독거노인현황(성별)","","25","25","24","21",
"목4동","저소득노인","남","독거노인현황(성별)","","9","9","10","7",
"목4동","저소득노인","여","독거노인현황(성별)","","16","16","14","14",
"목4동","일   반","계","독거노인현황(성별)","","583","596","618","637",
"목4동","일   반","남","독거노인현황(성별)","","171","164","166","163",
"목4동","일   반","여","독거노인현황(성별)","","412","432","452","474",
"목5동","합계","계","독거노인현황(성별)","","633","621","640","631",
"목5동","합계","남","독거노인현황(성별)","","171","167","176","178",
"목5동","합계","여","독거노인현황(성별)","","462","454","464","453",
"목5동","국민기초생활보장 수급권자","계","독거노인현황(성별)","","13","13","15","17",
"목5동","국민기초생활보장 수급권자","남","독거노인현황(성별)","","2","3","2","3",
"목5동","국민기초생활보장 수급권자","여","독거노인현황(성별)","","11","10","13","14",
"목5동","저소득노인","계","독거노인현황(성별)","","5","3","3","2",
"목5동","저소득노인","남","독거노인현황(성별)","","1","1","1","1",
"목5동","저소득노인","여","독거노인현황(성별)","","4","2","2","1",
"목5동","일   반","계","독거노인현황(성별)","","615","605","622","612",
"목5동","일   반","남","독거노인현황(성별)","","168","163","173","174",
"목5동","일   반","여","독거노인현황(성별)","","447","442","449","438",
"신월1동","합계","계","독거노인현황(성별)","","1388","1474","1607","1722",
"신월1동","합계","남","독거노인현황(성별)","","546","602","666","718",
"신월1동","합계","여","독거노인현황(성별)","","842","872","941","1004",
"신월1동","국민기초생활보장 수급권자","계","독거노인현황(성별)","","562","605","680","720",
"신월1동","국민기초생활보장 수급권자","남","독거노인현황(성별)","","223","253","293","325",
"신월1동","국민기초생활보장 수급권자","여","독거노인현황(성별)","","339","352","387","395",
"신월1동","저소득노인","계","독거노인현황(성별)","","44","36","33","33",
"신월1동","저소득노인","남","독거노인현황(성별)","","8","8","12","8",
"신월1동","저소득노인","여","독거노인현황(성별)","","36","28","21","25",
"신월1동","일   반","계","독거노인현황(성별)","","782","833","894","969",
"신월1동","일   반","남","독거노인현황(성별)","","315","341","361","385",
"신월1동","일   반","여","독거노인현황(성별)","","467","492","533","584",
"신월2동","합계","계","독거노인현황(성별)","","893","994","1084","1132",
"신월2동","합계","남","독거노인현황(성별)","","290","335","371","378",
"신월2동","합계","여","독거노인현황(성별)","","603","659","713","754",
"신월2동","국민기초생활보장 수급권자","계","독거노인현황(성별)","","230","284","323","342",
"신월2동","국민기초생활보장 수급권자","남","독거노인현황(성별)","","83","115","138","144",
"신월2동","국민기초생활보장 수급권자","여","독거노인현황(성별)","","147","169","185","198",
"신월2동","저소득노인","계","독거노인현황(성별)","","34","27","28","26",
"신월2동","저소득노인","남","독거노인현황(성별)","","3","5","6","7",
"신월2동","저소득노인","여","독거노인현황(성별)","","31","22","22","19",
"신월2동","일   반","계","독거노인현황(성별)","","629","683","733","764",
"신월2동","일   반","남","독거노인현황(성별)","","204","215","227","227",
"신월2동","일   반","여","독거노인현황(성별)","","425","468","506","537",
"신월3동","합계","계","독거노인현황(성별)","","1157","1275","1365","1447",
"신월3동","합계","남","독거노인현황(성별)","","487","561","616","677",
"신월3동","합계","여","독거노인현황(성별)","","670","714","749","770",
"신월3동","국민기초생활보장 수급권자","계","독거노인현황(성별)","","452","507","551","619",
"신월3동","국민기초생활보장 수급권자","남","독거노인현황(성별)","","198","237","267","305",
"신월3동","국민기초생활보장 수급권자","여","독거노인현황(성별)","","254","270","284","314",
"신월3동","저소득노인","계","독거노인현황(성별)","","37","36","35","42",
"신월3동","저소득노인","남","독거노인현황(성별)","","9","8","9","13",
"신월3동","저소득노인","여","독거노인현황(성별)","","28","28","26","29",
"신월3동","일   반","계","독거노인현황(성별)","","668","732","779","786",
"신월3동","일   반","남","독거노인현황(성별)","","280","316","340","359",
"신월3동","일   반","여","독거노인현황(성별)","","388","416","439","427",
"신월4동","합계","계","독거노인현황(성별)","","660","711","740","805",
"신월4동","합계","남","독거노인현황(성별)","","183","202","214","231",
"신월4동","합계","여","독거노인현황(성별)","","477","509","526","574",
"신월4동","국민기초생활보장 수급권자","계","독거노인현황(성별)","","123","143","151","164",
"신월4동","국민기초생활보장 수급권자","남","독거노인현황(성별)","","40","46","49","50",
"신월4동","국민기초생활보장 수급권자","여","독거노인현황(성별)","","83","97","102","114",
"신월4동","저소득노인","계","독거노인현황(성별)","","27","28","15","21",
"신월4동","저소득노인","남","독거노인현황(성별)","","4","4","3","5",
"신월4동","저소득노인","여","독거노인현황(성별)","","23","24","12","16",
"신월4동","일   반","계","독거노인현황(성별)","","510","540","574","620",
"신월4동","일   반","남","독거노인현황(성별)","","139","152","162","176",
"신월4동","일   반","여","독거노인현황(성별)","","371","388","412","444",
"신월5동","합계","계","독거노인현황(성별)","","650","674","737","803",
"신월5동","합계","남","독거노인현황(성별)","","230","230","266","270",
"신월5동","합계","여","독거노인현황(성별)","","420","444","471","533",
"신월5동","국민기초생활보장 수급권자","계","독거노인현황(성별)","","211","238","265","297",
"신월5동","국민기초생활보장 수급권자","남","독거노인현황(성별)","","76","81","94","107",
"신월5동","국민기초생활보장 수급권자","여","독거노인현황(성별)","","135","157","171","190",
"신월5동","저소득노인","계","독거노인현황(성별)","","19","17","13","18",
"신월5동","저소득노인","남","독거노인현황(성별)","","3","6","7","12",
"신월5동","저소득노인","여","독거노인현황(성별)","","16","11","6","6",
"신월5동","일   반","계","독거노인현황(성별)","","420","419","459","488",
"신월5동","일   반","남","독거노인현황(성별)","","151","143","165","151",
"신월5동","일   반","여","독거노인현황(성별)","","269","276","294","337",
"신월6동","합계","계","독거노인현황(성별)","","389","414","427","466",
"신월6동","합계","남","독거노인현황(성별)","","110","120","123","132",
"신월6동","합계","여","독거노인현황(성별)","","279","294","304","334",
"신월6동","국민기초생활보장 수급권자","계","독거노인현황(성별)","","89","102","109","129",
"신월6동","국민기초생활보장 수급권자","남","독거노인현황(성별)","","24","25","28","35",
"신월6동","국민기초생활보장 수급권자","여","독거노인현황(성별)","","65","77","81","94",
"신월6동","저소득노인","계","독거노인현황(성별)","","7","5","4","8",
"신월6동","저소득노인","남","독거노인현황(성별)","","2","1","-","1",
"신월6동","저소득노인","여","독거노인현황(성별)","","5","4","4","7",
"신월6동","일   반","계","독거노인현황(성별)","","293","307","314","329",
"신월6동","일   반","남","독거노인현황(성별)","","84","94","95","96",
"신월6동","일   반","여","독거노인현황(성별)","","209","213","219","233",
"신월7동","합계","계","독거노인현황(성별)","","1276","1370","1488","1594",
"신월7동","합계","남","독거노인현황(성별)","","392","427","455","474",
"신월7동","합계","여","독거노인현황(성별)","","884","943","1033","1120",
"신월7동","국민기초생활보장 수급권자","계","독거노인현황(성별)","","314","369","425","501",
"신월7동","국민기초생활보장 수급권자","남","독거노인현황(성별)","","112","131","152","179",
"신월7동","국민기초생활보장 수급권자","여","독거노인현황(성별)","","202","238","273","322",
"신월7동","저소득노인","계","독거노인현황(성별)","","74","67","63","57",
"신월7동","저소득노인","남","독거노인현황(성별)","","15","14","15","11",
"신월7동","저소득노인","여","독거노인현황(성별)","","59","53","48","46",
"신월7동","일   반","계","독거노인현황(성별)","","888","934","1000","1036",
"신월7동","일   반","남","독거노인현황(성별)","","265","282","288","284",
"신월7동","일   반","여","독거노인현황(성별)","","623","652","712","752",
"신정1동","합계","계","독거노인현황(성별)","","510","523","541","572",
"신정1동","합계","남","독거노인현황(성별)","","148","145","147","152",
"신정1동","합계","여","독거노인현황(성별)","","362","378","394","420",
"신정1동","국민기초생활보장 수급권자","계","독거노인현황(성별)","","82","95","105","113",
"신정1동","국민기초생활보장 수급권자","남","독거노인현황(성별)","","30","33","41","47",
"신정1동","국민기초생활보장 수급권자","여","독거노인현황(성별)","","52","62","64","66",
"신정1동","저소득노인","계","독거노인현황(성별)","","15","11","13","10",
"신정1동","저소득노인","남","독거노인현황(성별)","","6","3","3","2",
"신정1동","저소득노인","여","독거노인현황(성별)","","9","8","10","8",
"신정1동","일   반","계","독거노인현황(성별)","","413","417","423","449",
"신정1동","일   반","남","독거노인현황(성별)","","112","109","103","103",
"신정1동","일   반","여","독거노인현황(성별)","","301","308","320","346",
"신정2동","합계","계","독거노인현황(성별)","","640","687","724","761",
"신정2동","합계","남","독거노인현황(성별)","","188","208","224","237",
"신정2동","합계","여","독거노인현황(성별)","","452","479","500","524",
"신정2동","국민기초생활보장 수급권자","계","독거노인현황(성별)","","284","328","352","359",
"신정2동","국민기초생활보장 수급권자","남","독거노인현황(성별)","","113","96","110","119",
"신정2동","국민기초생활보장 수급권자","여","독거노인현황(성별)","","171","232","242","240",
"신정2동","저소득노인","계","독거노인현황(성별)","","27","20","18","12",
"신정2동","저소득노인","남","독거노인현황(성별)","","7","6","4","3",
"신정2동","저소득노인","여","독거노인현황(성별)","","20","14","14","9",
"신정2동","일   반","계","독거노인현황(성별)","","329","339","354","390",
"신정2동","일   반","남","독거노인현황(성별)","","68","106","110","115",
"신정2동","일   반","여","독거노인현황(성별)","","261","233","244","275",
"신정3동","합계","계","독거노인현황(성별)","","1760","1911","2025","2054",
"신정3동","합계","남","독거노인현황(성별)","","522","571","617","597",
"신정3동","합계","여","독거노인현황(성별)","","1238","1340","1408","1457",
"신정3동","국민기초생활보장 수급권자","계","독거노인현황(성별)","","567","669","732","806",
"신정3동","국민기초생활보장 수급권자","남","독거노인현황(성별)","","179","213","225","254",
"신정3동","국민기초생활보장 수급권자","여","독거노인현황(성별)","","388","456","507","552",
"신정3동","저소득노인","계","독거노인현황(성별)","","67","60","52","44",
"신정3동","저소득노인","남","독거노인현황(성별)","","14","17","14","10",
"신정3동","저소득노인","여","독거노인현황(성별)","","53","43","38","34",
"신정3동","일   반","계","독거노인현황(성별)","","1126","1182","1241","1204",
"신정3동","일   반","남","독거노인현황(성별)","","329","341","378","333",
"신정3동","일   반","여","독거노인현황(성별)","","797","841","863","871",
"신정4동","합계","계","독거노인현황(성별)","","1664","1759","1920","2104",
"신정4동","합계","남","독거노인현황(성별)","","597","624","697","768",
"신정4동","합계","여","독거노인현황(성별)","","1067","1135","1223","1336",
"신정4동","국민기초생활보장 수급권자","계","독거노인현황(성별)","","524","580","654","723",
"신정4동","국민기초생활보장 수급권자","남","독거노인현황(성별)","","239","255","288","324",
"신정4동","국민기초생활보장 수급권자","여","독거노인현황(성별)","","285","325","366","399",
"신정4동","저소득노인","계","독거노인현황(성별)","","31","33","37","33",
"신정4동","저소득노인","남","독거노인현황(성별)","","10","9","12","6",
"신정4동","저소득노인","여","독거노인현황(성별)","","21","24","25","27",
"신정4동","일   반","계","독거노인현황(성별)","","1109","1146","1229","1348",
"신정4동","일   반","남","독거노인현황(성별)","","348","360","397","438",
"신정4동","일   반","여","독거노인현황(성별)","","761","786","832","910",
"신정6동","합계","계","독거노인현황(성별)","","398","403","410","428",
"신정6동","합계","남","독거노인현황(성별)","","92","93","97","102",
"신정6동","합계","여","독거노인현황(성별)","","306","310","313","326",
"신정6동","국민기초생활보장 수급권자","계","독거노인현황(성별)","","14","15","11","12",
"신정6동","국민기초생활보장 수급권자","남","독거노인현황(성별)","","2","2","1","2",
"신정6동","국민기초생활보장 수급권자","여","독거노인현황(성별)","","12","13","10","10",
"신정6동","저소득노인","계","독거노인현황(성별)","","5","3","2","3",
"신정6동","저소득노인","남","독거노인현황(성별)","","-","-","-","-",
"신정6동","저소득노인","여","독거노인현황(성별)","","5","3","2","3",
"신정6동","일   반","계","독거노인현황(성별)","","379","385","397","413",
"신정6동","일   반","남","독거노인현황(성별)","","90","91","96","100",
"신정6동","일   반","여","독거노인현황(성별)","","289","294","301","313",
"신정7동","합계","계","독거노인현황(성별)","","1522","1626","1703","1832",
"신정7동","합계","남","독거노인현황(성별)","","416","444","489","530",
"신정7동","합계","여","독거노인현황(성별)","","1106","1182","1214","1302",
"신정7동","국민기초생활보장 수급권자","계","독거노인현황(성별)","","723","822","877","933",
"신정7동","국민기초생활보장 수급권자","남","독거노인현황(성별)","","180","211","242","258",
"신정7동","국민기초생활보장 수급권자","여","독거노인현황(성별)","","543","611","635","675",
"신정7동","저소득노인","계","독거노인현황(성별)","","37","36","43","25",
"신정7동","저소득노인","남","독거노인현황(성별)","","8","9","12","6",
"신정7동","저소득노인","여","독거노인현황(성별)","","29","27","31","19",
"신정7동","일   반","계","독거노인현황(성별)","","762","768","783","874",
"신정7동","일   반","남","독거노인현황(성별)","","228","224","235","266",
"신정7동","일   반","여","독거노인현황(성별)","","534","544","548","608",
"강서구","합계","계","독거노인현황(성별)","","24691","26046","40551","44009",
"강서구","합계","남","독거노인현황(성별)","","8238","8691","14201","15744",
"강서구","합계","여","독거노인현황(성별)","","16453","17355","26350","28265",
"강서구","국민기초생활보장 수급권자","계","독거노인현황(성별)","","9757","10606","11609","12675",
"강서구","국민기초생활보장 수급권자","남","독거노인현황(성별)","","3540","3930","4407","4969",
"강서구","국민기초생활보장 수급권자","여","독거노인현황(성별)","","6217","6676","7202","7706",
"강서구","저소득노인","계","독거노인현황(성별)","","676","642","1077","1064",
"강서구","저소득노인","남","독거노인현황(성별)","","175","177","381","373",
"강서구","저소득노인","여","독거노인현황(성별)","","501","465","696","691",
"강서구","일   반","계","독거노인현황(성별)","","14258","14798","27865","30270",
"강서구","일   반","남","독거노인현황(성별)","","4523","4584","9413","10402",
"강서구","일   반","여","독거노인현황(성별)","","9735","10214","18452","19868",
"염창동","합계","계","독거노인현황(성별)","","677","681","804","888",
"염창동","합계","남","독거노인현황(성별)","","192","186","226","253",
"염창동","합계","여","독거노인현황(성별)","","485","495","578","635",
"염창동","국민기초생활보장 수급권자","계","독거노인현황(성별)","","72","78","85","99",
"염창동","국민기초생활보장 수급권자","남","독거노인현황(성별)","","22","23","25","31",
"염창동","국민기초생활보장 수급권자","여","독거노인현황(성별)","","50","55","60","68",
"염창동","저소득노인","계","독거노인현황(성별)","","16","16","18","21",
"염창동","저소득노인","남","독거노인현황(성별)","","5","5","5","7",
"염창동","저소득노인","여","독거노인현황(성별)","","11","11","13","14",
"염창동","일   반","계","독거노인현황(성별)","","589","587","701","768",
"염창동","일   반","남","독거노인현황(성별)","","165","158","196","215",
"염창동","일   반","여","독거노인현황(성별)","","424","429","505","553",
"등촌1동","합계","계","독거노인현황(성별)","","778","835","967","1035",
"등촌1동","합계","남","독거노인현황(성별)","","227","250","283","301",
"등촌1동","합계","여","독거노인현황(성별)","","551","585","684","734",
"등촌1동","국민기초생활보장 수급권자","계","독거노인현황(성별)","","82","95","95","111",
"등촌1동","국민기초생활보장 수급권자","남","독거노인현황(성별)","","24","30","33","39",
"등촌1동","국민기초생활보장 수급권자","여","독거노인현황(성별)","","58","65","62","72",
"등촌1동","저소득노인","계","독거노인현황(성별)","","6","10","19","22",
"등촌1동","저소득노인","남","독거노인현황(성별)","","1","2","5","6",
"등촌1동","저소득노인","여","독거노인현황(성별)","","5","8","14","16",
"등촌1동","일   반","계","독거노인현황(성별)","","690","730","853","902",
"등촌1동","일   반","남","독거노인현황(성별)","","202","218","245","256",
"등촌1동","일   반","여","독거노인현황(성별)","","488","512","608","646",
"등촌2동","합계","계","독거노인현황(성별)","","576","604","839","903",
"등촌2동","합계","남","독거노인현황(성별)","","147","167","274","284",
"등촌2동","합계","여","독거노인현황(성별)","","429","437","565","619",
"등촌2동","국민기초생활보장 수급권자","계","독거노인현황(성별)","","104","129","144","166",
"등촌2동","국민기초생활보장 수급권자","남","독거노인현황(성별)","","24","42","53","64",
"등촌2동","국민기초생활보장 수급권자","여","독거노인현황(성별)","","80","87","91","102",
"등촌2동","저소득노인","계","독거노인현황(성별)","","21","18","36","23",
"등촌2동","저소득노인","남","독거노인현황(성별)","","4","4","27","6",
"등촌2동","저소득노인","여","독거노인현황(성별)","","17","14","9","17",
"등촌2동","일   반","계","독거노인현황(성별)","","451","457","659","714",
"등촌2동","일   반","남","독거노인현황(성별)","","119","121","194","214",
"등촌2동","일   반","여","독거노인현황(성별)","","332","336","465","500",
"등촌3동","합계","계","독거노인현황(성별)","","2864","3055","5656","6025",
"등촌3동","합계","남","독거노인현황(성별)","","1001","1091","2128","2314",
"등촌3동","합계","여","독거노인현황(성별)","","1863","1964","3528","3711",
"등촌3동","국민기초생활보장 수급권자","계","독거노인현황(성별)","","1905","2092","2269","2452",
"등촌3동","국민기초생활보장 수급권자","남","독거노인현황(성별)","","723","816","892","983",
"등촌3동","국민기초생활보장 수급권자","여","독거노인현황(성별)","","1182","1276","1377","1469",
"등촌3동","저소득노인","계","독거노인현황(성별)","","65","60","105","84",
"등촌3동","저소득노인","남","독거노인현황(성별)","","29","24","43","31",
"등촌3동","저소득노인","여","독거노인현황(성별)","","36","36","62","53",
"등촌3동","일   반","계","독거노인현황(성별)","","894","903","3282","3489",
"등촌3동","일   반","남","독거노인현황(성별)","","249","251","1193","1300",
"등촌3동","일   반","여","독거노인현황(성별)","","645","652","2089","2189",
"화곡1동","합계","계","독거노인현황(성별)","","2087","2261","3362","3739",
"화곡1동","합계","남","독거노인현황(성별)","","737","805","1272","1469",
"화곡1동","합계","여","독거노인현황(성별)","","1350","1456","2090","2270",
"화곡1동","국민기초생활보장 수급권자","계","독거노인현황(성별)","","576","671","749","877",
"화곡1동","국민기초생활보장 수급권자","남","독거노인현황(성별)","","221","274","322","396",
"화곡1동","국민기초생활보장 수급권자","여","독거노인현황(성별)","","355","397","427","481",
"화곡1동","저소득노인","계","독거노인현황(성별)","","64","61","94","88",
"화곡1동","저소득노인","남","독거노인현황(성별)","","17","18","31","31",
"화곡1동","저소득노인","여","독거노인현황(성별)","","47","43","63","57",
"화곡1동","일   반","계","독거노인현황(성별)","","1447","1529","2519","2774",
"화곡1동","일   반","남","독거노인현황(성별)","","499","513","919","1042",
"화곡1동","일   반","여","독거노인현황(성별)","","948","1016","1600","1732",
"화곡2동","합계","계","독거노인현황(성별)","","757","802","1206","1311",
"화곡2동","합계","남","독거노인현황(성별)","","245","248","391","437",
"화곡2동","합계","여","독거노인현황(성별)","","512","554","815","874",
"화곡2동","국민기초생활보장 수급권자","계","독거노인현황(성별)","","249","270","304","333",
"화곡2동","국민기초생활보장 수급권자","남","독거노인현황(성별)","","79","78","91","114",
"화곡2동","국민기초생활보장 수급권자","여","독거노인현황(성별)","","170","192","213","219",
"화곡2동","저소득노인","계","독거노인현황(성별)","","25","25","44","43",
"화곡2동","저소득노인","남","독거노인현황(성별)","","3","6","17","15",
"화곡2동","저소득노인","여","독거노인현황(성별)","","22","19","27","28",
"화곡2동","일   반","계","독거노인현황(성별)","","483","507","858","935",
"화곡2동","일   반","남","독거노인현황(성별)","","163","164","283","308",
"화곡2동","일   반","여","독거노인현황(성별)","","320","343","575","627",
"화곡3동","합계","계","독거노인현황(성별)","","826","850","1160","1260",
"화곡3동","합계","남","독거노인현황(성별)","","243","250","357","413",
"화곡3동","합계","여","독거노인현황(성별)","","583","600","803","847",
"화곡3동","국민기초생활보장 수급권자","계","독거노인현황(성별)","","187","194","227","252",
"화곡3동","국민기초생활보장 수급권자","남","독거노인현황(성별)","","69","69","85","106",
"화곡3동","국민기초생활보장 수급권자","여","독거노인현황(성별)","","118","125","142","146",
"화곡3동","저소득노인","계","독거노인현황(성별)","","18","19","21","19",
"화곡3동","저소득노인","남","독거노인현황(성별)","","3","3","3","2",
"화곡3동","저소득노인","여","독거노인현황(성별)","","15","16","18","17",
"화곡3동","일   반","계","독거노인현황(성별)","","621","637","912","989",
"화곡3동","일   반","남","독거노인현황(성별)","","171","178","269","305",
"화곡3동","일   반","여","독거노인현황(성별)","","450","459","643","684",
"화곡4동","합계","계","독거노인현황(성별)","","979","1051","1623","1761",
"화곡4동","합계","남","독거노인현황(성별)","","324","349","528","574",
"화곡4동","합계","여","독거노인현황(성별)","","655","702","1095","1187",
"화곡4동","국민기초생활보장 수급권자","계","독거노인현황(성별)","","337","393","431","472",
"화곡4동","국민기초생활보장 수급권자","남","독거노인현황(성별)","","117","135","142","161",
"화곡4동","국민기초생활보장 수급권자","여","독거노인현황(성별)","","220","258","289","311",
"화곡4동","저소득노인","계","독거노인현황(성별)","","28","27","45","45",
"화곡4동","저소득노인","남","독거노인현황(성별)","","5","8","18","16",
"화곡4동","저소득노인","여","독거노인현황(성별)","","23","19","27","29",
"화곡4동","일   반","계","독거노인현황(성별)","","614","631","1147","1244",
"화곡4동","일   반","남","독거노인현황(성별)","","202","206","368","397",
"화곡4동","일   반","여","독거노인현황(성별)","","412","425","779","847",
"화곡본동","합계","계","독거노인현황(성별)","","1332","1427","2229","2503",
"화곡본동","합계","남","독거노인현황(성별)","","440","473","760","897",
"화곡본동","합계","여","독거노인현황(성별)","","892","954","1469","1606",
"화곡본동","국민기초생활보장 수급권자","계","독거노인현황(성별)","","441","501","578","675",
"화곡본동","국민기초생활보장 수급권자","남","독거노인현황(성별)","","141","173","217","262",
"화곡본동","국민기초생활보장 수급권자","여","독거노인현황(성별)","","300","328","361","413",
"화곡본동","저소득노인","계","독거노인현황(성별)","","40","38","70","87",
"화곡본동","저소득노인","남","독거노인현황(성별)","","9","7","20","32",
"화곡본동","저소득노인","여","독거노인현황(성별)","","31","31","50","55",
"화곡본동","일   반","계","독거노인현황(성별)","","851","888","1581","1741",
"화곡본동","일   반","남","독거노인현황(성별)","","290","293","523","603",
"화곡본동","일   반","여","독거노인현황(성별)","","561","595","1058","1138",
"화곡6동","합계","계","독거노인현황(성별)","","999","1053","1564","1690",
"화곡6동","합계","남","독거노인현황(성별)","","374","389","572","625",
"화곡6동","합계","여","독거노인현황(성별)","","625","664","992","1065",
"화곡6동","국민기초생활보장 수급권자","계","독거노인현황(성별)","","305","327","385","422",
"화곡6동","국민기초생활보장 수급권자","남","독거노인현황(성별)","","99","112","136","156",
"화곡6동","국민기초생활보장 수급권자","여","독거노인현황(성별)","","206","215","249","266",
"화곡6동","저소득노인","계","독거노인현황(성별)","","28","23","29","33",
"화곡6동","저소득노인","남","독거노인현황(성별)","","8","6","8","12",
"화곡6동","저소득노인","여","독거노인현황(성별)","","20","17","21","21",
"화곡6동","일   반","계","독거노인현황(성별)","","666","703","1150","1235",
"화곡6동","일   반","남","독거노인현황(성별)","","267","271","428","457",
"화곡6동","일   반","여","독거노인현황(성별)","","399","432","722","778",
"화곡8동","합계","계","독거노인현황(성별)","","1071","1132","1595","1764",
"화곡8동","합계","남","독거노인현황(성별)","","354","380","559","608",
"화곡8동","합계","여","독거노인현황(성별)","","717","752","1036","1156",
"화곡8동","국민기초생활보장 수급권자","계","독거노인현황(성별)","","288","328","363","412",
"화곡8동","국민기초생활보장 수급권자","남","독거노인현황(성별)","","103","120","141","159",
"화곡8동","국민기초생활보장 수급권자","여","독거노인현황(성별)","","185","208","222","253",
"화곡8동","저소득노인","계","독거노인현황(성별)","","31","30","41","42",
"화곡8동","저소득노인","남","독거노인현황(성별)","","5","7","11","10",
"화곡8동","저소득노인","여","독거노인현황(성별)","","26","23","30","32",
"화곡8동","일   반","계","독거노인현황(성별)","","752","774","1191","1310",
"화곡8동","일   반","남","독거노인현황(성별)","","246","253","407","439",
"화곡8동","일   반","여","독거노인현황(성별)","","506","521","784","871",
"가양1동","합계","계","독거노인현황(성별)","","568","584","745","808",
"가양1동","합계","남","독거노인현황(성별)","","177","172","243","258",
"가양1동","합계","여","독거노인현황(성별)","","391","412","502","550",
"가양1동","국민기초생활보장 수급권자","계","독거노인현황(성별)","","60","68","86","98",
"가양1동","국민기초생활보장 수급권자","남","독거노인현황(성별)","","18","21","30","30",
"가양1동","국민기초생활보장 수급권자","여","독거노인현황(성별)","","42","47","56","68",
"가양1동","저소득노인","계","독거노인현황(성별)","","20","22","34","21",
"가양1동","저소득노인","남","독거노인현황(성별)","","4","7","12","9",
"가양1동","저소득노인","여","독거노인현황(성별)","","16","15","22","12",
"가양1동","일   반","계","독거노인현황(성별)","","488","494","625","689",
"가양1동","일   반","남","독거노인현황(성별)","","155","144","201","219",
"가양1동","일   반","여","독거노인현황(성별)","","333","350","424","470",
"가양2동","합계","계","독거노인현황(성별)","","1926","1982","3838","4153",
"가양2동","합계","남","독거노인현황(성별)","","721","766","1578","1787",
"가양2동","합계","여","독거노인현황(성별)","","1205","1216","2260","2366",
"가양2동","국민기초생활보장 수급권자","계","독거노인현황(성별)","","1403","1477","1596","1745",
"가양2동","국민기초생활보장 수급권자","남","독거노인현황(성별)","","560","609","680","776",
"가양2동","국민기초생활보장 수급권자","여","독거노인현황(성별)","","843","868","916","969",
"가양2동","저소득노인","계","독거노인현황(성별)","","54","45","104","101",
"가양2동","저소득노인","남","독거노인현황(성별)","","16","18","46","47",
"가양2동","저소득노인","여","독거노인현황(성별)","","38","27","58","54",
"가양2동","일   반","계","독거노인현황(성별)","","469","460","2138","2307",
"가양2동","일   반","남","독거노인현황(성별)","","145","139","852","964",
"가양2동","일   반","여","독거노인현황(성별)","","324","321","1286","1343",
"가양3동","합계","계","독거노인현황(성별)","","1425","1515","2571","2641",
"가양3동","합계","남","독거노인현황(성별)","","421","454","788","831",
"가양3동","합계","여","독거노인현황(성별)","","1004","1061","1783","1810",
"가양3동","국민기초생활보장 수급권자","계","독거노인현황(성별)","","884","921","966","971",
"가양3동","국민기초생활보장 수급권자","남","독거노인현황(성별)","","285","302","308","317",
"가양3동","국민기초생활보장 수급권자","여","독거노인현황(성별)","","599","619","658","654",
"가양3동","저소득노인","계","독거노인현황(성별)","","42","45","65","69",
"가양3동","저소득노인","남","독거노인현황(성별)","","8","10","19","23",
"가양3동","저소득노인","여","독거노인현황(성별)","","34","35","46","46",
"가양3동","일   반","계","독거노인현황(성별)","","499","549","1540","1601",
"가양3동","일   반","남","독거노인현황(성별)","","128","142","461","491",
"가양3동","일   반","여","독거노인현황(성별)","","371","407","1079","1110",
"발산1동","합계","계","독거노인현황(성별)","","995","1095","1750","1916",
"발산1동","합계","남","독거노인현황(성별)","","246","266","418","475",
"발산1동","합계","여","독거노인현황(성별)","","749","829","1332","1441",
"발산1동","국민기초생활보장 수급권자","계","독거노인현황(성별)","","319","400","456","513",
"발산1동","국민기초생활보장 수급권자","남","독거노인현황(성별)","","74","90","107","124",
"발산1동","국민기초생활보장 수급권자","여","독거노인현황(성별)","","245","310","349","389",
"발산1동","저소득노인","계","독거노인현황(성별)","","47","43","70","80",
"발산1동","저소득노인","남","독거노인현황(성별)","","10","10","22","27",
"발산1동","저소득노인","여","독거노인현황(성별)","","37","33","48","53",
"발산1동","일   반","계","독거노인현황(성별)","","629","652","1224","1323",
"발산1동","일   반","남","독거노인현황(성별)","","162","166","289","324",
"발산1동","일   반","여","독거노인현황(성별)","","467","486","935","999",
"우장산동","합계","계","독거노인현황(성별)","","996","1011","1331","1460",
"우장산동","합계","남","독거노인현황(성별)","","289","293","405","445",
"우장산동","합계","여","독거노인현황(성별)","","707","718","926","1015",
"우장산동","국민기초생활보장 수급권자","계","독거노인현황(성별)","","196","199","214","237",
"우장산동","국민기초생활보장 수급권자","남","독거노인현황(성별)","","70","77","86","96",
"우장산동","국민기초생활보장 수급권자","여","독거노인현황(성별)","","126","122","128","141",
"우장산동","저소득노인","계","독거노인현황(성별)","","14","15","19","22",
"우장산동","저소득노인","남","독거노인현황(성별)","","2","3","4","7",
"우장산동","저소득노인","여","독거노인현황(성별)","","12","12","15","15",
"우장산동","일   반","계","독거노인현황(성별)","","786","797","1098","1201",
"우장산동","일   반","남","독거노인현황(성별)","","217","213","315","342",
"우장산동","일   반","여","독거노인현황(성별)","","569","584","783","859",
"공항동","합계","계","독거노인현황(성별)","","1051","1081","1697","1849",
"공항동","합계","남","독거노인현황(성별)","","461","453","701","780",
"공항동","합계","여","독거노인현황(성별)","","590","628","996","1069",
"공항동","국민기초생활보장 수급권자","계","독거노인현황(성별)","","374","367","427","494",
"공항동","국민기초생활보장 수급권자","남","독거노인현황(성별)","","166","153","174","219",
"공항동","국민기초생활보장 수급권자","여","독거노인현황(성별)","","208","214","253","275",
"공항동","저소득노인","계","독거노인현황(성별)","","44","39","89","74",
"공항동","저소득노인","남","독거노인현황(성별)","","14","13","40","34",
"공항동","저소득노인","여","독거노인현황(성별)","","30","26","49","40",
"공항동","일   반","계","독거노인현황(성별)","","633","675","1181","1281",
"공항동","일   반","남","독거노인현황(성별)","","281","287","487","527",
"공항동","일   반","여","독거노인현황(성별)","","352","388","694","754",
"방화1동","합계","계","독거노인현황(성별)","","1314","1368","1742","1985",
"방화1동","합계","남","독거노인현황(성별)","","436","464","618","682",
"방화1동","합계","여","독거노인현황(성별)","","878","904","1124","1303",
"방화1동","국민기초생활보장 수급권자","계","독거노인현황(성별)","","351","369","388","350",
"방화1동","국민기초생활보장 수급권자","남","독거노인현황(성별)","","133","148","161","142",
"방화1동","국민기초생활보장 수급권자","여","독거노인현황(성별)","","218","221","227","208",
"방화1동","저소득노인","계","독거노인현황(성별)","","35","29","48","57",
"방화1동","저소득노인","남","독거노인현황(성별)","","8","6","16","22",
"방화1동","저소득노인","여","독거노인현황(성별)","","27","23","32","35",
"방화1동","일   반","계","독거노인현황(성별)","","928","970","1306","1578",
"방화1동","일   반","남","독거노인현황(성별)","","295","310","441","518",
"방화1동","일   반","여","독거노인현황(성별)","","633","660","865","1060",
"방화2동","합계","계","독거노인현황(성별)","","1571","1667","2718","2927",
"방화2동","합계","남","독거노인현황(성별)","","571","592","1010","1093",
"방화2동","합계","여","독거노인현황(성별)","","1000","1075","1708","1834",
"방화2동","국민기초생활보장 수급권자","계","독거노인현황(성별)","","684","727","814","886",
"방화2동","국민기초생활보장 수급권자","남","독거노인현황(성별)","","257","278","332","359",
"방화2동","국민기초생활보장 수급권자","여","독거노인현황(성별)","","427","449","482","527",
"방화2동","저소득노인","계","독거노인현황(성별)","","40","41","63","69",
"방화2동","저소득노인","남","독거노인현황(성별)","","10","8","15","19",
"방화2동","저소득노인","여","독거노인현황(성별)","","30","33","48","50",
"방화2동","일   반","계","독거노인현황(성별)","","847","899","1841","1972",
"방화2동","일   반","남","독거노인현황(성별)","","304","306","663","715",
"방화2동","일   반","여","독거노인현황(성별)","","543","593","1178","1257",
"방화3동","합계","계","독거노인현황(성별)","","1899","1992","3154","3391",
"방화3동","합계","남","독거노인현황(성별)","","632","643","1090","1218",
"방화3동","합계","여","독거노인현황(성별)","","1267","1349","2064","2173",
"방화3동","국민기초생활보장 수급권자","계","독거노인현황(성별)","","940","1000","1032","1110",
"방화3동","국민기초생활보장 수급권자","남","독거노인현황(성별)","","355","380","392","435",
"방화3동","국민기초생활보장 수급권자","여","독거노인현황(성별)","","585","620","640","675",
"방화3동","저소득노인","계","독거노인현황(성별)","","38","36","63","64",
"방화3동","저소득노인","남","독거노인현황(성별)","","14","12","19","17",
"방화3동","저소득노인","여","독거노인현황(성별)","","24","24","44","47",
"방화3동","일   반","계","독거노인현황(성별)","","921","956","2059","2217",
"방화3동","일   반","남","독거노인현황(성별)","","263","251","679","766",
"방화3동","일   반","여","독거노인현황(성별)","","658","705","1380","1451",
"구로구","합계","계","독거노인현황(성별)","","17186","18521","21474","27421",
"구로구","합계","남","독거노인현황(성별)","","5820","6416","7561","9958",
"구로구","합계","여","독거노인현황(성별)","","11366","12105","13913","17463",
"구로구","국민기초생활보장 수급권자","계","독거노인현황(성별)","","4345","4799","5361","6017",
"구로구","국민기초생활보장 수급권자","남","독거노인현황(성별)","","1667","1877","2141","2476",
"구로구","국민기초생활보장 수급권자","여","독거노인현황(성별)","","2678","2922","3220","3541",
"구로구","저소득노인","계","독거노인현황(성별)","","524","470","313","236",
"구로구","저소득노인","남","독거노인현황(성별)","","130","119","81","60",
"구로구","저소득노인","여","독거노인현황(성별)","","394","351","232","176",
"구로구","일   반","계","독거노인현황(성별)","","12317","13252","15800","21168",
"구로구","일   반","남","독거노인현황(성별)","","4023","4420","5339","7422",
"구로구","일   반","여","독거노인현황(성별)","","8294","8832","10461","13746",
"신도림동","합계","계","독거노인현황(성별)","","655","682","805","881",
"신도림동","합계","남","독거노인현황(성별)","","186","193","252","278",
"신도림동","합계","여","독거노인현황(성별)","","469","489","553","603",
"신도림동","국민기초생활보장 수급권자","계","독거노인현황(성별)","","65","69","75","88",
"신도림동","국민기초생활보장 수급권자","남","독거노인현황(성별)","","20","25","24","30",
"신도림동","국민기초생활보장 수급권자","여","독거노인현황(성별)","","45","44","51","58",
"신도림동","저소득노인","계","독거노인현황(성별)","","18","13","9","7",
"신도림동","저소득노인","남","독거노인현황(성별)","","3","3","1","-",
"신도림동","저소득노인","여","독거노인현황(성별)","","15","10","8","7",
"신도림동","일   반","계","독거노인현황(성별)","","572","600","721","786",
"신도림동","일   반","남","독거노인현황(성별)","","163","165","227","248",
"신도림동","일   반","여","독거노인현황(성별)","","409","435","494","538",
"구로1동","합계","계","독거노인현황(성별)","","403","433","544","578",
"구로1동","합계","남","독거노인현황(성별)","","97","108","138","151",
"구로1동","합계","여","독거노인현황(성별)","","306","325","406","427",
"구로1동","국민기초생활보장 수급권자","계","독거노인현황(성별)","","34","42","45","51",
"구로1동","국민기초생활보장 수급권자","남","독거노인현황(성별)","","8","13","16","17",
"구로1동","국민기초생활보장 수급권자","여","독거노인현황(성별)","","26","29","29","34",
"구로1동","저소득노인","계","독거노인현황(성별)","","11","12","6","2",
"구로1동","저소득노인","남","독거노인현황(성별)","","4","3","-","-",
"구로1동","저소득노인","여","독거노인현황(성별)","","7","9","6","2",
"구로1동","일   반","계","독거노인현황(성별)","","358","379","493","525",
"구로1동","일   반","남","독거노인현황(성별)","","85","92","122","134",
"구로1동","일   반","여","독거노인현황(성별)","","273","287","371","391",
"구로2동","합계","계","독거노인현황(성별)","","1702","1835","2226","2783",
"구로2동","합계","남","독거노인현황(성별)","","595","660","821","1053",
"구로2동","합계","여","독거노인현황(성별)","","1107","1175","1405","1730",
"구로2동","국민기초생활보장 수급권자","계","독거노인현황(성별)","","465","487","555","639",
"구로2동","국민기초생활보장 수급권자","남","독거노인현황(성별)","","175","186","222","265",
"구로2동","국민기초생활보장 수급권자","여","독거노인현황(성별)","","290","301","333","374",
"구로2동","저소득노인","계","독거노인현황(성별)","","50","45","25","24",
"구로2동","저소득노인","남","독거노인현황(성별)","","9","9","6","6",
"구로2동","저소득노인","여","독거노인현황(성별)","","41","36","19","18",
"구로2동","일   반","계","독거노인현황(성별)","","1187","1303","1646","2120",
"구로2동","일   반","남","독거노인현황(성별)","","411","465","593","782",
"구로2동","일   반","여","독거노인현황(성별)","","776","838","1053","1338",
"구로3동","합계","계","독거노인현황(성별)","","810","883","1070","1223",
"구로3동","합계","남","독거노인현황(성별)","","258","298","386","437",
"구로3동","합계","여","독거노인현황(성별)","","552","585","684","786",
"구로3동","국민기초생활보장 수급권자","계","독거노인현황(성별)","","152","160","179","202",
"구로3동","국민기초생활보장 수급권자","남","독거노인현황(성별)","","55","64","72","89",
"구로3동","국민기초생활보장 수급권자","여","독거노인현황(성별)","","97","96","107","113",
"구로3동","저소득노인","계","독거노인현황(성별)","","24","25","18","20",
"구로3동","저소득노인","남","독거노인현황(성별)","","2","2","1","1",
"구로3동","저소득노인","여","독거노인현황(성별)","","22","23","17","19",
"구로3동","일   반","계","독거노인현황(성별)","","634","698","873","1001",
"구로3동","일   반","남","독거노인현황(성별)","","201","232","313","347",
"구로3동","일   반","여","독거노인현황(성별)","","433","466","560","654",
"구로4동","합계","계","독거노인현황(성별)","","1433","1511","1826","2340",
"구로4동","합계","남","독거노인현황(성별)","","479","514","650","848",
"구로4동","합계","여","독거노인현황(성별)","","954","997","1176","1492",
"구로4동","국민기초생활보장 수급권자","계","독거노인현황(성별)","","421","451","513","576",
"구로4동","국민기초생활보장 수급권자","남","독거노인현황(성별)","","153","168","198","228",
"구로4동","국민기초생활보장 수급권자","여","독거노인현황(성별)","","268","283","315","348",
"구로4동","저소득노인","계","독거노인현황(성별)","","36","33","25","10",
"구로4동","저소득노인","남","독거노인현황(성별)","","9","9","7","5",
"구로4동","저소득노인","여","독거노인현황(성별)","","27","24","18","5",
"구로4동","일   반","계","독거노인현황(성별)","","976","1027","1288","1754",
"구로4동","일   반","남","독거노인현황(성별)","","317","337","445","615",
"구로4동","일   반","여","독거노인현황(성별)","","659","690","843","1139",
"구로5동","합계","계","독거노인현황(성별)","","1132","1231","1376","1686",
"구로5동","합계","남","독거노인현황(성별)","","401","457","526","664",
"구로5동","합계","여","독거노인현황(성별)","","731","774","850","1022",
"구로5동","국민기초생활보장 수급권자","계","독거노인현황(성별)","","224","239","266","281",
"구로5동","국민기초생활보장 수급권자","남","독거노인현황(성별)","","89","95","114","130",
"구로5동","국민기초생활보장 수급권자","여","독거노인현황(성별)","","135","144","152","151",
"구로5동","저소득노인","계","독거노인현황(성별)","","31","30","20","14",
"구로5동","저소득노인","남","독거노인현황(성별)","","5","3","5","4",
"구로5동","저소득노인","여","독거노인현황(성별)","","26","27","15","10",
"구로5동","일   반","계","독거노인현황(성별)","","877","962","1090","1391",
"구로5동","일   반","남","독거노인현황(성별)","","307","359","407","530",
"구로5동","일   반","여","독거노인현황(성별)","","570","603","683","861",
"가리봉동","합계","계","독거노인현황(성별)","","843","939","1103","1404",
"가리봉동","합계","남","독거노인현황(성별)","","386","451","539","711",
"가리봉동","합계","여","독거노인현황(성별)","","457","488","564","693",
"가리봉동","국민기초생활보장 수급권자","계","독거노인현황(성별)","","285","316","355","379",
"가리봉동","국민기초생활보장 수급권자","남","독거노인현황(성별)","","153","178","201","219",
"가리봉동","국민기초생활보장 수급권자","여","독거노인현황(성별)","","132","138","154","160",
"가리봉동","저소득노인","계","독거노인현황(성별)","","15","11","9","3",
"가리봉동","저소득노인","남","독거노인현황(성별)","","2","2","2","-",
"가리봉동","저소득노인","여","독거노인현황(성별)","","13","9","7","3",
"가리봉동","일   반","계","독거노인현황(성별)","","543","612","739","1022",
"가리봉동","일   반","남","독거노인현황(성별)","","231","271","336","492",
"가리봉동","일   반","여","독거노인현황(성별)","","312","341","403","530",
"고척1동","합계","계","독거노인현황(성별)","","960","1036","1176","1392",
"고척1동","합계","남","독거노인현황(성별)","","323","359","414","524",
"고척1동","합계","여","독거노인현황(성별)","","637","677","762","868",
"고척1동","국민기초생활보장 수급권자","계","독거노인현황(성별)","","186","200","223","230",
"고척1동","국민기초생활보장 수급권자","남","독거노인현황(성별)","","82","92","109","117",
"고척1동","국민기초생활보장 수급권자","여","독거노인현황(성별)","","104","108","114","113",
"고척1동","저소득노인","계","독거노인현황(성별)","","30","26","18","12",
"고척1동","저소득노인","남","독거노인현황(성별)","","12","11","6","3",
"고척1동","저소득노인","여","독거노인현황(성별)","","18","15","12","9",
"고척1동","일   반","계","독거노인현황(성별)","","744","810","935","1150",
"고척1동","일   반","남","독거노인현황(성별)","","229","256","299","404",
"고척1동","일   반","여","독거노인현황(성별)","","515","554","636","746",
"고척2동","합계","계","독거노인현황(성별)","","1385","1494","1668","2254",
"고척2동","합계","남","독거노인현황(성별)","","484","536","614","848",
"고척2동","합계","여","독거노인현황(성별)","","901","958","1054","1406",
"고척2동","국민기초생활보장 수급권자","계","독거노인현황(성별)","","398","446","484","559",
"고척2동","국민기초생활보장 수급권자","남","독거노인현황(성별)","","148","168","188","232",
"고척2동","국민기초생활보장 수급권자","여","독거노인현황(성별)","","250","278","296","327",
"고척2동","저소득노인","계","독거노인현황(성별)","","41","33","12","9",
"고척2동","저소득노인","남","독거노인현황(성별)","","12","11","2","2",
"고척2동","저소득노인","여","독거노인현황(성별)","","29","22","10","7",
"고척2동","일   반","계","독거노인현황(성별)","","946","1015","1172","1686",
"고척2동","일   반","남","독거노인현황(성별)","","324","357","424","614",
"고척2동","일   반","여","독거노인현황(성별)","","622","658","748","1072",
"개봉1동","합계","계","독거노인현황(성별)","","1624","1785","2041","2734",
"개봉1동","합계","남","독거노인현황(성별)","","605","675","759","1091",
"개봉1동","합계","여","독거노인현황(성별)","","1019","1110","1282","1643",
"개봉1동","국민기초생활보장 수급권자","계","독거노인현황(성별)","","446","523","571","662",
"개봉1동","국민기초생활보장 수급권자","남","독거노인현황(성별)","","188","223","249","297",
"개봉1동","국민기초생활보장 수급권자","여","독거노인현황(성별)","","258","300","322","365",
"개봉1동","저소득노인","계","독거노인현황(성별)","","40","36","24","14",
"개봉1동","저소득노인","남","독거노인현황(성별)","","8","8","8","5",
"개봉1동","저소득노인","여","독거노인현황(성별)","","32","28","16","9",
"개봉1동","일   반","계","독거노인현황(성별)","","1138","1226","1446","2058",
"개봉1동","일   반","남","독거노인현황(성별)","","409","444","502","789",
"개봉1동","일   반","여","독거노인현황(성별)","","729","782","944","1269",
"개봉2동","합계","계","독거노인현황(성별)","","1191","1279","1497","1806",
"개봉2동","합계","남","독거노인현황(성별)","","376","397","457","598",
"개봉2동","합계","여","독거노인현황(성별)","","815","882","1040","1208",
"개봉2동","국민기초생활보장 수급권자","계","독거노인현황(성별)","","291","312","339","353",
"개봉2동","국민기초생활보장 수급권자","남","독거노인현황(성별)","","121","128","147","152",
"개봉2동","국민기초생활보장 수급권자","여","독거노인현황(성별)","","170","184","192","201",
"개봉2동","저소득노인","계","독거노인현황(성별)","","27","25","16","19",
"개봉2동","저소득노인","남","독거노인현황(성별)","","8","7","4","7",
"개봉2동","저소득노인","여","독거노인현황(성별)","","19","18","12","12",
"개봉2동","일   반","계","독거노인현황(성별)","","873","942","1142","1434",
"개봉2동","일   반","남","독거노인현황(성별)","","247","262","306","439",
"개봉2동","일   반","여","독거노인현황(성별)","","626","680","836","995",
"개봉3동","합계","계","독거노인현황(성별)","","992","1066","1188","1497",
"개봉3동","합계","남","독거노인현황(성별)","","300","326","380","511",
"개봉3동","합계","여","독거노인현황(성별)","","692","740","808","986",
"개봉3동","국민기초생활보장 수급권자","계","독거노인현황(성별)","","203","216","250","272",
"개봉3동","국민기초생활보장 수급권자","남","독거노인현황(성별)","","81","88","106","121",
"개봉3동","국민기초생활보장 수급권자","여","독거노인현황(성별)","","122","128","144","151",
"개봉3동","저소득노인","계","독거노인현황(성별)","","37","34","19","20",
"개봉3동","저소득노인","남","독거노인현황(성별)","","10","10","8","7",
"개봉3동","저소득노인","여","독거노인현황(성별)","","27","24","11","13",
"개봉3동","일   반","계","독거노인현황(성별)","","752","816","919","1205",
"개봉3동","일   반","남","독거노인현황(성별)","","209","228","266","383",
"개봉3동","일   반","여","독거노인현황(성별)","","543","588","653","822",
"오류1동","합계","계","독거노인현황(성별)","","1114","1184","1371","1846",
"오류1동","합계","남","독거노인현황(성별)","","408","433","511","693",
"오류1동","합계","여","독거노인현황(성별)","","706","751","860","1153",
"오류1동","국민기초생활보장 수급권자","계","독거노인현황(성별)","","404","426","451","498",
"오류1동","국민기초생활보장 수급권자","남","독거노인현황(성별)","","156","166","175","198",
"오류1동","국민기초생활보장 수급권자","여","독거노인현황(성별)","","248","260","276","300",
"오류1동","저소득노인","계","독거노인현황(성별)","","45","41","31","22",
"오류1동","저소득노인","남","독거노인현황(성별)","","14","13","8","5",
"오류1동","저소득노인","여","독거노인현황(성별)","","31","28","23","17",
"오류1동","일   반","계","독거노인현황(성별)","","665","717","889","1326",
"오류1동","일   반","남","독거노인현황(성별)","","238","254","328","490",
"오류1동","일   반","여","독거노인현황(성별)","","427","463","561","836",
"오류2동","합계","계","독거노인현황(성별)","","1544","1632","1845","2556",
"오류2동","합계","남","독거노인현황(성별)","","427","456","518","688",
"오류2동","합계","여","독거노인현황(성별)","","1117","1176","1327","1868",
"오류2동","국민기초생활보장 수급권자","계","독거노인현황(성별)","","438","493","568","652",
"오류2동","국민기초생활보장 수급권자","남","독거노인현황(성별)","","125","133","147","169",
"오류2동","국민기초생활보장 수급권자","여","독거노인현황(성별)","","313","360","421","483",
"오류2동","저소득노인","계","독거노인현황(성별)","","53","53","32","25",
"오류2동","저소득노인","남","독거노인현황(성별)","","8","8","4","2",
"오류2동","저소득노인","여","독거노인현황(성별)","","45","45","28","23",
"오류2동","일   반","계","독거노인현황(성별)","","1053","1086","1245","1879",
"오류2동","일   반","남","독거노인현황(성별)","","294","315","367","517",
"오류2동","일   반","여","독거노인현황(성별)","","759","771","878","1362",
"수궁동","합계","계","독거노인현황(성별)","","1110","1205","1364","1859",
"수궁동","합계","남","독거노인현황(성별)","","391","436","475","676",
"수궁동","합계","여","독거노인현황(성별)","","719","769","889","1183",
"수궁동","국민기초생활보장 수급권자","계","독거노인현황(성별)","","251","319","355","420",
"수궁동","국민기초생활보장 수급권자","남","독거노인현황(성별)","","85","117","128","160",
"수궁동","국민기초생활보장 수급권자","여","독거노인현황(성별)","","166","202","227","260",
"수궁동","저소득노인","계","독거노인현황(성별)","","59","47","42","29",
"수궁동","저소득노인","남","독거노인현황(성별)","","21","17","16","11",
"수궁동","저소득노인","여","독거노인현황(성별)","","38","30","26","18",
"수궁동","일   반","계","독거노인현황(성별)","","800","839","967","1410",
"수궁동","일   반","남","독거노인현황(성별)","","285","302","331","505",
"수궁동","일   반","여","독거노인현황(성별)","","515","537","636","905",
"항동","합계","계","독거노인현황(성별)","","288","326","374","582",
"항동","합계","남","독거노인현황(성별)","","104","117","121","187",
"항동","합계","여","독거노인현황(성별)","","184","209","253","395",
"항동","국민기초생활보장 수급권자","계","독거노인현황(성별)","","82","100","132","155",
"항동","국민기초생활보장 수급권자","남","독거노인현황(성별)","","28","33","45","52",
"항동","국민기초생활보장 수급권자","여","독거노인현황(성별)","","54","67","87","103",
"항동","저소득노인","계","독거노인현황(성별)","","7","6","7","6",
"항동","저소득노인","남","독거노인현황(성별)","","3","3","3","2",
"항동","저소득노인","여","독거노인현황(성별)","","4","3","4","4",
"항동","일   반","계","독거노인현황(성별)","","199","220","235","421",
"항동","일   반","남","독거노인현황(성별)","","73","81","73","133",
"항동","일   반","여","독거노인현황(성별)","","126","139","162","288",
"금천구","합계","계","독거노인현황(성별)","","11425","12219","19795","21013",
"금천구","합계","남","독거노인현황(성별)","","4104","4491","7611","8306",
"금천구","합계","여","독거노인현황(성별)","","7321","7728","12184","12707",
"금천구","국민기초생활보장 수급권자","계","독거노인현황(성별)","","3929","3131","4887","5396",
"금천구","국민기초생활보장 수급권자","남","독거노인현황(성별)","","1519","1183","2005","2304",
"금천구","국민기초생활보장 수급권자","여","독거노인현황(성별)","","2410","1948","2882","3092",
"금천구","저소득노인","계","독거노인현황(성별)","","722","669","1587","1107",
"금천구","저소득노인","남","독거노인현황(성별)","","246","224","596","360",
"금천구","저소득노인","여","독거노인현황(성별)","","476","445","991","747",
"금천구","일   반","계","독거노인현황(성별)","","6774","8419","13321","14510",
"금천구","일   반","남","독거노인현황(성별)","","2339","3084","5010","5642",
"금천구","일   반","여","독거노인현황(성별)","","4435","5335","8311","8868",
"가산동","합계","계","독거노인현황(성별)","","815","902","1348","1521",
"가산동","합계","남","독거노인현황(성별)","","369","432","671","815",
"가산동","합계","여","독거노인현황(성별)","","446","470","677","706",
"가산동","국민기초생활보장 수급권자","계","독거노인현황(성별)","","264","220","333","388",
"가산동","국민기초생활보장 수급권자","남","독거노인현황(성별)","","149","119","189","233",
"가산동","국민기초생활보장 수급권자","여","독거노인현황(성별)","","115","101","144","155",
"가산동","저소득노인","계","독거노인현황(성별)","","25","24","64","68",
"가산동","저소득노인","남","독거노인현황(성별)","","11","9","33","40",
"가산동","저소득노인","여","독거노인현황(성별)","","14","15","31","28",
"가산동","일   반","계","독거노인현황(성별)","","526","658","951","1065",
"가산동","일   반","남","독거노인현황(성별)","","209","304","449","542",
"가산동","일   반","여","독거노인현황(성별)","","317","354","502","523",
"독산1동","합계","계","독거노인현황(성별)","","1441","1521","2653","2724",
"독산1동","합계","남","독거노인현황(성별)","","539","578","1054","1116",
"독산1동","합계","여","독거노인현황(성별)","","902","943","1599","1608",
"독산1동","국민기초생활보장 수급권자","계","독거노인현황(성별)","","512","377","679","729",
"독산1동","국민기초생활보장 수급권자","남","독거노인현황(성별)","","178","139","277","314",
"독산1동","국민기초생활보장 수급권자","여","독거노인현황(성별)","","334","238","402","415",
"독산1동","저소득노인","계","독거노인현황(성별)","","90","80","256","135",
"독산1동","저소득노인","남","독거노인현황(성별)","","33","29","98","43",
"독산1동","저소득노인","여","독거노인현황(성별)","","57","51","158","92",
"독산1동","일   반","계","독거노인현황(성별)","","839","1064","1718","1860",
"독산1동","일   반","남","독거노인현황(성별)","","328","410","679","759",
"독산1동","일   반","여","독거노인현황(성별)","","511","654","1039","1101",
"독산2동","합계","계","독거노인현황(성별)","","1121","1193","1922","2096",
"독산2동","합계","남","독거노인현황(성별)","","418","455","770","867",
"독산2동","합계","여","독거노인현황(성별)","","703","738","1152","1229",
"독산2동","국민기초생활보장 수급권자","계","독거노인현황(성별)","","399","329","478","564",
"독산2동","국민기초생활보장 수급권자","남","독거노인현황(성별)","","165","135","202","246",
"독산2동","국민기초생활보장 수급권자","여","독거노인현황(성별)","","234","194","276","318",
"독산2동","저소득노인","계","독거노인현황(성별)","","62","56","139","108",
"독산2동","저소득노인","남","독거노인현황(성별)","","21","14","57","37",
"독산2동","저소득노인","여","독거노인현황(성별)","","41","42","82","71",
"독산2동","일   반","계","독거노인현황(성별)","","660","808","1305","1424",
"독산2동","일   반","남","독거노인현황(성별)","","232","306","511","584",
"독산2동","일   반","여","독거노인현황(성별)","","428","502","794","840",
"독산3동","합계","계","독거노인현황(성별)","","1316","1436","2275","2468",
"독산3동","합계","남","독거노인현황(성별)","","486","544","921","1029",
"독산3동","합계","여","독거노인현황(성별)","","830","892","1354","1439",
"독산3동","국민기초생활보장 수급권자","계","독거노인현황(성별)","","381","288","526","564",
"독산3동","국민기초생활보장 수급권자","남","독거노인현황(성별)","","163","117","241","262",
"독산3동","국민기초생활보장 수급권자","여","독거노인현황(성별)","","218","171","285","302",
"독산3동","저소득노인","계","독거노인현황(성별)","","74","80","145","127",
"독산3동","저소득노인","남","독거노인현황(성별)","","22","27","56","50",
"독산3동","저소득노인","여","독거노인현황(성별)","","52","53","89","77",
"독산3동","일   반","계","독거노인현황(성별)","","861","1068","1604","1777",
"독산3동","일   반","남","독거노인현황(성별)","","301","400","624","717",
"독산3동","일   반","여","독거노인현황(성별)","","560","668","980","1060",
"독산4동","합계","계","독거노인현황(성별)","","792","875","1346","1506",
"독산4동","합계","남","독거노인현황(성별)","","277","318","523","590",
"독산4동","합계","여","독거노인현황(성별)","","515","557","823","916",
"독산4동","국민기초생활보장 수급권자","계","독거노인현황(성별)","","252","190","311","369",
"독산4동","국민기초생활보장 수급권자","남","독거노인현황(성별)","","88","66","128","156",
"독산4동","국민기초생활보장 수급권자","여","독거노인현황(성별)","","164","124","183","213",
"독산4동","저소득노인","계","독거노인현황(성별)","","42","44","90","71",
"독산4동","저소득노인","남","독거노인현황(성별)","","15","20","36","16",
"독산4동","저소득노인","여","독거노인현황(성별)","","27","24","54","55",
"독산4동","일   반","계","독거노인현황(성별)","","498","641","945","1066",
"독산4동","일   반","남","독거노인현황(성별)","","174","232","359","418",
"독산4동","일   반","여","독거노인현황(성별)","","324","409","586","648",
"시흥1동","합계","계","독거노인현황(성별)","","1869","1971","3095","3235",
"시흥1동","합계","남","독거노인현황(성별)","","654","702","1167","1216",
"시흥1동","합계","여","독거노인현황(성별)","","1215","1269","1928","2019",
"시흥1동","국민기초생활보장 수급권자","계","독거노인현황(성별)","","565","408","699","773",
"시흥1동","국민기초생활보장 수급권자","남","독거노인현황(성별)","","224","143","306","331",
"시흥1동","국민기초생활보장 수급권자","여","독거노인현황(성별)","","341","265","393","442",
"시흥1동","저소득노인","계","독거노인현황(성별)","","121","99","248","160",
"시흥1동","저소득노인","남","독거노인현황(성별)","","40","32","98","56",
"시흥1동","저소득노인","여","독거노인현황(성별)","","81","67","150","104",
"시흥1동","일   반","계","독거노인현황(성별)","","1183","1464","2148","2302",
"시흥1동","일   반","남","독거노인현황(성별)","","390","527","763","829",
"시흥1동","일   반","여","독거노인현황(성별)","","793","937","1385","1473",
"시흥2동","합계","계","독거노인현황(성별)","","999","1042","1852","1931",
"시흥2동","합계","남","독거노인현황(성별)","","296","308","552","575",
"시흥2동","합계","여","독거노인현황(성별)","","703","734","1300","1356",
"시흥2동","국민기초생활보장 수급권자","계","독거노인현황(성별)","","447","370","526","573",
"시흥2동","국민기초생활보장 수급권자","남","독거노인현황(성별)","","124","96","142","170",
"시흥2동","국민기초생활보장 수급권자","여","독거노인현황(성별)","","323","274","384","403",
"시흥2동","저소득노인","계","독거노인현황(성별)","","84","85","195","129",
"시흥2동","저소득노인","남","독거노인현황(성별)","","27","28","59","23",
"시흥2동","저소득노인","여","독거노인현황(성별)","","57","57","136","106",
"시흥2동","일   반","계","독거노인현황(성별)","","468","587","1131","1229",
"시흥2동","일   반","남","독거노인현황(성별)","","145","184","351","382",
"시흥2동","일   반","여","독거노인현황(성별)","","323","403","780","847",
"시흥3동","합계","계","독거노인현황(성별)","","548","580","872","913",
"시흥3동","합계","남","독거노인현황(성별)","","179","190","299","327",
"시흥3동","합계","여","독거노인현황(성별)","","369","390","573","586",
"시흥3동","국민기초생활보장 수급권자","계","독거노인현황(성별)","","125","98","157","173",
"시흥3동","국민기초생활보장 수급권자","남","독거노인현황(성별)","","42","28","55","71",
"시흥3동","국민기초생활보장 수급권자","여","독거노인현황(성별)","","83","70","102","102",
"시흥3동","저소득노인","계","독거노인현황(성별)","","41","33","70","51",
"시흥3동","저소득노인","남","독거노인현황(성별)","","17","13","21","14",
"시흥3동","저소득노인","여","독거노인현황(성별)","","24","20","49","37",
"시흥3동","일   반","계","독거노인현황(성별)","","382","449","645","689",
"시흥3동","일   반","남","독거노인현황(성별)","","120","149","223","242",
"시흥3동","일   반","여","독거노인현황(성별)","","262","300","422","447",
"시흥4동","합계","계","독거노인현황(성별)","","1097","1165","1952","2016",
"시흥4동","합계","남","독거노인현황(성별)","","407","433","744","790",
"시흥4동","합계","여","독거노인현황(성별)","","690","732","1208","1226",
"시흥4동","국민기초생활보장 수급권자","계","독거노인현황(성별)","","410","331","507","534",
"시흥4동","국민기초생활보장 수급권자","남","독거노인현황(성별)","","166","138","201","226",
"시흥4동","국민기초생활보장 수급권자","여","독거노인현황(성별)","","244","193","306","308",
"시흥4동","저소득노인","계","독거노인현황(성별)","","76","70","180","121",
"시흥4동","저소득노인","남","독거노인현황(성별)","","29","23","70","42",
"시흥4동","저소득노인","여","독거노인현황(성별)","","47","47","110","79",
"시흥4동","일   반","계","독거노인현황(성별)","","611","764","1265","1361",
"시흥4동","일   반","남","독거노인현황(성별)","","212","272","473","522",
"시흥4동","일   반","여","독거노인현황(성별)","","399","492","792","839",
"시흥5동","합계","계","독거노인현황(성별)","","1427","1534","2480","2603",
"시흥5동","합계","남","독거노인현황(성별)","","479","531","910","981",
"시흥5동","합계","여","독거노인현황(성별)","","948","1003","1570","1622",
"시흥5동","국민기초생활보장 수급권자","계","독거노인현황(성별)","","574","520","671","729",
"시흥5동","국민기초생활보장 수급권자","남","독거노인현황(성별)","","220","202","264","295",
"시흥5동","국민기초생활보장 수급권자","여","독거노인현황(성별)","","354","318","407","434",
"시흥5동","저소득노인","계","독거노인현황(성별)","","107","98","200","137",
"시흥5동","저소득노인","남","독거노인현황(성별)","","31","29","68","39",
"시흥5동","저소득노인","여","독거노인현황(성별)","","76","69","132","98",
"시흥5동","일   반","계","독거노인현황(성별)","","746","916","1609","1737",
"시흥5동","일   반","남","독거노인현황(성별)","","228","300","578","647",
"시흥5동","일   반","여","독거노인현황(성별)","","518","616","1031","1090",
"영등포구","합계","계","독거노인현황(성별)","","15344","16508","17340","18033",
"영등포구","합계","남","독거노인현황(성별)","","5425","6027","6465","6803",
"영등포구","합계","여","독거노인현황(성별)","","9919","10481","10875","11230",
"영등포구","국민기초생활보장 수급권자","계","독거노인현황(성별)","","4297","1514","3598","5296",
"영등포구","국민기초생활보장 수급권자","남","독거노인현황(성별)","","1960","613","1622","2581",
"영등포구","국민기초생활보장 수급권자","여","독거노인현황(성별)","","2337","901","1976","2715",
"영등포구","저소득노인","계","독거노인현황(성별)","","347","756","212","329",
"영등포구","저소득노인","남","독거노인현황(성별)","","147","241","49","99",
"영등포구","저소득노인","여","독거노인현황(성별)","","200","515","163","230",
"영등포구","일   반","계","독거노인현황(성별)","","10700","14238","13530","12408",
"영등포구","일   반","남","독거노인현황(성별)","","3318","5173","4794","4123",
"영등포구","일   반","여","독거노인현황(성별)","","7382","9065","8736","8285",
"영등포본동","합계","계","독거노인현황(성별)","","1264","1344","1403","1461",
"영등포본동","합계","남","독거노인현황(성별)","","538","578","622","676",
"영등포본동","합계","여","독거노인현황(성별)","","726","766","781","785",
"영등포본동","국민기초생활보장 수급권자","계","독거노인현황(성별)","","431","103","352","545",
"영등포본동","국민기초생활보장 수급권자","남","독거노인현황(성별)","","258","48","214","348",
"영등포본동","국민기초생활보장 수급권자","여","독거노인현황(성별)","","173","55","138","197",
"영등포본동","저소득노인","계","독거노인현황(성별)","","20","49","10","23",
"영등포본동","저소득노인","남","독거노인현황(성별)","","13","18","6","11",
"영등포본동","저소득노인","여","독거노인현황(성별)","","7","31","4","12",
"영등포본동","일   반","계","독거노인현황(성별)","","813","1192","1041","893",
"영등포본동","일   반","남","독거노인현황(성별)","","267","512","402","317",
"영등포본동","일   반","여","독거노인현황(성별)","","546","680","639","576",
"영등포동","합계","계","독거노인현황(성별)","","1317","1483","1588","1613",
"영등포동","합계","남","독거노인현황(성별)","","747","872","944","968",
"영등포동","합계","여","독거노인현황(성별)","","570","611","644","645",
"영등포동","국민기초생활보장 수급권자","계","독거노인현황(성별)","","594","107","508","717",
"영등포동","국민기초생활보장 수급권자","남","독거노인현황(성별)","","432","52","327","533",
"영등포동","국민기초생활보장 수급권자","여","독거노인현황(성별)","","162","55","181","184",
"영등포동","저소득노인","계","독거노인현황(성별)","","26","54","13","26",
"영등포동","저소득노인","남","독거노인현황(성별)","","12","26","5","12",
"영등포동","저소득노인","여","독거노인현황(성별)","","14","28","8","14",
"영등포동","일   반","계","독거노인현황(성별)","","697","1322","1067","870",
"영등포동","일   반","남","독거노인현황(성별)","","303","794","612","423",
"영등포동","일   반","여","독거노인현황(성별)","","394","528","455","447",
"여의동","합계","계","독거노인현황(성별)","","964","1032","1057","1029",
"여의동","합계","남","독거노인현황(성별)","","234","259","264","270",
"여의동","합계","여","독거노인현황(성별)","","730","773","793","759",
"여의동","국민기초생활보장 수급권자","계","독거노인현황(성별)","","39","41","33","48",
"여의동","국민기초생활보장 수급권자","남","독거노인현황(성별)","","12","12","9","13",
"여의동","국민기초생활보장 수급권자","여","독거노인현황(성별)","","27","29","24","35",
"여의동","저소득노인","계","독거노인현황(성별)","","8","7","4","3",
"여의동","저소득노인","남","독거노인현황(성별)","","2","2","-","1",
"여의동","저소득노인","여","독거노인현황(성별)","","6","5","4","2",
"여의동","일   반","계","독거노인현황(성별)","","917","984","1020","978",
"여의동","일   반","남","독거노인현황(성별)","","220","245","255","256",
"여의동","일   반","여","독거노인현황(성별)","","697","739","765","722",
"당산1동","합계","계","독거노인현황(성별)","","891","953","982","1011",
"당산1동","합계","남","독거노인현황(성별)","","333","369","385","392",
"당산1동","합계","여","독거노인현황(성별)","","558","584","597","619",
"당산1동","국민기초생활보장 수급권자","계","독거노인현황(성별)","","209","89","167","252",
"당산1동","국민기초생활보장 수급권자","남","독거노인현황(성별)","","106","37","85","133",
"당산1동","국민기초생활보장 수급권자","여","독거노인현황(성별)","","103","52","82","119",
"당산1동","저소득노인","계","독거노인현황(성별)","","21","38","13","22",
"당산1동","저소득노인","남","독거노인현황(성별)","","12","13","5","7",
"당산1동","저소득노인","여","독거노인현황(성별)","","9","25","8","15",
"당산1동","일   반","계","독거노인현황(성별)","","661","826","802","737",
"당산1동","일   반","남","독거노인현황(성별)","","215","319","295","252",
"당산1동","일   반","여","독거노인현황(성별)","","446","507","507","485",
"당산2동","합계","계","독거노인현황(성별)","","754","776","827","857",
"당산2동","합계","남","독거노인현황(성별)","","224","234","267","270",
"당산2동","합계","여","독거노인현황(성별)","","530","542","560","587",
"당산2동","국민기초생활보장 수급권자","계","독거노인현황(성별)","","89","51","64","111",
"당산2동","국민기초생활보장 수급권자","남","독거노인현황(성별)","","34","17","29","52",
"당산2동","국민기초생활보장 수급권자","여","독거노인현황(성별)","","55","34","35","59",
"당산2동","저소득노인","계","독거노인현황(성별)","","11","24","7","10",
"당산2동","저소득노인","남","독거노인현황(성별)","","5","9","1","4",
"당산2동","저소득노인","여","독거노인현황(성별)","","6","15","6","6",
"당산2동","일   반","계","독거노인현황(성별)","","654","701","756","736",
"당산2동","일   반","남","독거노인현황(성별)","","185","208","237","214",
"당산2동","일   반","여","독거노인현황(성별)","","469","493","519","522",
"도림동","합계","계","독거노인현황(성별)","","918","1019","1099","1173",
"도림동","합계","남","독거노인현황(성별)","","333","386","437","487",
"도림동","합계","여","독거노인현황(성별)","","585","633","662","686",
"도림동","국민기초생활보장 수급권자","계","독거노인현황(성별)","","327","104","279","406",
"도림동","국민기초생활보장 수급권자","남","독거노인현황(성별)","","145","46","130","211",
"도림동","국민기초생활보장 수급권자","여","독거노인현황(성별)","","182","58","149","195",
"도림동","저소득노인","계","독거노인현황(성별)","","37","38","14","33",
"도림동","저소득노인","남","독거노인현황(성별)","","14","17","3","10",
"도림동","저소득노인","여","독거노인현황(성별)","","23","21","11","23",
"도림동","일   반","계","독거노인현황(성별)","","554","877","806","734",
"도림동","일   반","남","독거노인현황(성별)","","174","323","304","266",
"도림동","일   반","여","독거노인현황(성별)","","380","554","502","468",
"문래동","합계","계","독거노인현황(성별)","","811","855","884","908",
"문래동","합계","남","독거노인현황(성별)","","257","271","281","283",
"문래동","합계","여","독거노인현황(성별)","","554","584","603","625",
"문래동","국민기초생활보장 수급권자","계","독거노인현황(성별)","","116","68","78","139",
"문래동","국민기초생활보장 수급권자","남","독거노인현황(성별)","","57","28","39","69",
"문래동","국민기초생활보장 수급권자","여","독거노인현황(성별)","","59","40","39","70",
"문래동","저소득노인","계","독거노인현황(성별)","","13","30","11","11",
"문래동","저소득노인","남","독거노인현황(성별)","","5","12","3","4",
"문래동","저소득노인","여","독거노인현황(성별)","","8","18","8","7",
"문래동","일   반","계","독거노인현황(성별)","","682","757","795","758",
"문래동","일   반","남","독거노인현황(성별)","","195","231","239","210",
"문래동","일   반","여","독거노인현황(성별)","","487","526","556","548",
"양평1동","합계","계","독거노인현황(성별)","","592","635","666","671",
"양평1동","합계","남","독거노인현황(성별)","","190","207","223","217",
"양평1동","합계","여","독거노인현황(성별)","","402","428","443","454",
"양평1동","국민기초생활보장 수급권자","계","독거노인현황(성별)","","115","77","89","131",
"양평1동","국민기초생활보장 수급권자","남","독거노인현황(성별)","","48","33","32","51",
"양평1동","국민기초생활보장 수급권자","여","독거노인현황(성별)","","67","44","57","80",
"양평1동","저소득노인","계","독거노인현황(성별)","","10","18","6","9",
"양평1동","저소득노인","남","독거노인현황(성별)","","5","5","-","2",
"양평1동","저소득노인","여","독거노인현황(성별)","","5","13","6","7",
"양평1동","일   반","계","독거노인현황(성별)","","467","540","571","531",
"양평1동","일   반","남","독거노인현황(성별)","","137","169","191","164",
"양평1동","일   반","여","독거노인현황(성별)","","330","371","380","367",
"양평2동","합계","계","독거노인현황(성별)","","487","538","574","611",
"양평2동","합계","남","독거노인현황(성별)","","148","178","187","210",
"양평2동","합계","여","독거노인현황(성별)","","339","360","387","401",
"양평2동","국민기초생활보장 수급권자","계","독거노인현황(성별)","","101","65","83","117",
"양평2동","국민기초생활보장 수급권자","남","독거노인현황(성별)","","36","27","27","50",
"양평2동","국민기초생활보장 수급권자","여","독거노인현황(성별)","","65","38","56","67",
"양평2동","저소득노인","계","독거노인현황(성별)","","11","24","4","2",
"양평2동","저소득노인","남","독거노인현황(성별)","","5","7","2","1",
"양평2동","저소득노인","여","독거노인현황(성별)","","6","17","2","1",
"양평2동","일   반","계","독거노인현황(성별)","","375","449","487","492",
"양평2동","일   반","남","독거노인현황(성별)","","107","144","158","159",
"양평2동","일   반","여","독거노인현황(성별)","","268","305","329","333",
"신길1동","합계","계","독거노인현황(성별)","","1188","1276","1330","1388",
"신길1동","합계","남","독거노인현황(성별)","","422","469","493","535",
"신길1동","합계","여","독거노인현황(성별)","","766","807","837","853",
"신길1동","국민기초생활보장 수급권자","계","독거노인현황(성별)","","362","111","337","480",
"신길1동","국민기초생활보장 수급권자","남","독거노인현황(성별)","","152","48","144","222",
"신길1동","국민기초생활보장 수급권자","여","독거노인현황(성별)","","210","63","193","258",
"신길1동","저소득노인","계","독거노인현황(성별)","","36","80","27","30",
"신길1동","저소득노인","남","독거노인현황(성별)","","15","21","6","7",
"신길1동","저소득노인","여","독거노인현황(성별)","","21","59","21","23",
"신길1동","일   반","계","독거노인현황(성별)","","790","1085","966","878",
"신길1동","일   반","남","독거노인현황(성별)","","255","400","343","306",
"신길1동","일   반","여","독거노인현황(성별)","","535","685","623","572",
"신길3동","합계","계","독거노인현황(성별)","","866","915","956","1020",
"신길3동","합계","남","독거노인현황(성별)","","284","302","330","355",
"신길3동","합계","여","독거노인현황(성별)","","582","613","626","665",
"신길3동","국민기초생활보장 수급권자","계","독거노인현황(성별)","","263","88","224","334",
"신길3동","국민기초생활보장 수급권자","남","독거노인현황(성별)","","100","33","95","147",
"신길3동","국민기초생활보장 수급권자","여","독거노인현황(성별)","","163","55","129","187",
"신길3동","저소득노인","계","독거노인현황(성별)","","30","49","18","20",
"신길3동","저소득노인","남","독거노인현황(성별)","","9","12","2","4",
"신길3동","저소득노인","여","독거노인현황(성별)","","21","37","16","16",
"신길3동","일   반","계","독거노인현황(성별)","","573","778","714","666",
"신길3동","일   반","남","독거노인현황(성별)","","175","257","233","204",
"신길3동","일   반","여","독거노인현황(성별)","","398","521","481","462",
"신길4동","합계","계","독거노인현황(성별)","","713","770","823","828",
"신길4동","합계","남","독거노인현황(성별)","","239","272","284","282",
"신길4동","합계","여","독거노인현황(성별)","","474","498","539","546",
"신길4동","국민기초생활보장 수급권자","계","독거노인현황(성별)","","313","96","278","368",
"신길4동","국민기초생활보장 수급권자","남","독거노인현황(성별)","","112","37","99","125",
"신길4동","국민기초생활보장 수급권자","여","독거노인현황(성별)","","201","59","179","243",
"신길4동","저소득노인","계","독거노인현황(성별)","","12","63","11","19",
"신길4동","저소득노인","남","독거노인현황(성별)","","2","14","2","3",
"신길4동","저소득노인","여","독거노인현황(성별)","","10","49","9","16",
"신길4동","일   반","계","독거노인현황(성별)","","388","611","534","441",
"신길4동","일   반","남","독거노인현황(성별)","","125","221","183","154",
"신길4동","일   반","여","독거노인현황(성별)","","263","390","351","287",
"신길5동","합계","계","독거노인현황(성별)","","563","608","635","677",
"신길5동","합계","남","독거노인현황(성별)","","197","217","234","248",
"신길5동","합계","여","독거노인현황(성별)","","366","391","401","429",
"신길5동","국민기초생활보장 수급권자","계","독거노인현황(성별)","","217","99","230","279",
"신길5동","국민기초생활보장 수급권자","남","독거노인현황(성별)","","85","36","96","115",
"신길5동","국민기초생활보장 수급권자","여","독거노인현황(성별)","","132","63","134","164",
"신길5동","저소득노인","계","독거노인현황(성별)","","15","63","14","26",
"신길5동","저소득노인","남","독거노인현황(성별)","","3","27","4","4",
"신길5동","저소득노인","여","독거노인현황(성별)","","12","36","10","22",
"신길5동","일   반","계","독거노인현황(성별)","","331","446","391","372",
"신길5동","일   반","남","독거노인현황(성별)","","109","154","134","129",
"신길5동","일   반","여","독거노인현황(성별)","","222","292","257","243",
"신길6동","합계","계","독거노인현황(성별)","","784","826","857","911",
"신길6동","합계","남","독거노인현황(성별)","","246","269","287","295",
"신길6동","합계","여","독거노인현황(성별)","","538","557","570","616",
"신길6동","국민기초생활보장 수급권자","계","독거노인현황(성별)","","213","87","178","255",
"신길6동","국민기초생활보장 수급권자","남","독거노인현황(성별)","","79","34","65","104",
"신길6동","국민기초생활보장 수급권자","여","독거노인현황(성별)","","134","53","113","151",
"신길6동","저소득노인","계","독거노인현황(성별)","","19","52","8","15",
"신길6동","저소득노인","남","독거노인현황(성별)","","7","17","4","5",
"신길6동","저소득노인","여","독거노인현황(성별)","","12","35","4","10",
"신길6동","일   반","계","독거노인현황(성별)","","552","687","671","641",
"신길6동","일   반","남","독거노인현황(성별)","","160","218","218","186",
"신길6동","일   반","여","독거노인현황(성별)","","392","469","453","455",
"신길7동","합계","계","독거노인현황(성별)","","444","469","492","503",
"신길7동","합계","남","독거노인현황(성별)","","139","149","149","145",
"신길7동","합계","여","독거노인현황(성별)","","305","320","343","358",
"신길7동","국민기초생활보장 수급권자","계","독거노인현황(성별)","","97","61","91","111",
"신길7동","국민기초생활보장 수급권자","남","독거노인현황(성별)","","28","22","27","37",
"신길7동","국민기초생활보장 수급권자","여","독거노인현황(성별)","","69","39","64","74",
"신길7동","저소득노인","계","독거노인현황(성별)","","21","18","8","8",
"신길7동","저소득노인","남","독거노인현황(성별)","","11","2","1","1",
"신길7동","저소득노인","여","독거노인현황(성별)","","10","16","7","7",
"신길7동","일   반","계","독거노인현황(성별)","","326","390","393","384",
"신길7동","일   반","남","독거노인현황(성별)","","100","125","121","107",
"신길7동","일   반","여","독거노인현황(성별)","","226","265","272","277",
"대림1동","합계","계","독거노인현황(성별)","","854","908","968","1036",
"대림1동","합계","남","독거노인현황(성별)","","257","282","310","349",
"대림1동","합계","여","독거노인현황(성별)","","597","626","658","687",
"대림1동","국민기초생활보장 수급권자","계","독거노인현황(성별)","","254","84","154","283",
"대림1동","국민기초생활보장 수급권자","남","독거노인현황(성별)","","82","31","41","101",
"대림1동","국민기초생활보장 수급권자","여","독거노인현황(성별)","","172","53","113","182",
"대림1동","저소득노인","계","독거노인현황(성별)","","22","47","11","14",
"대림1동","저소득노인","남","독거노인현황(성별)","","10","12","-","3",
"대림1동","저소득노인","여","독거노인현황(성별)","","12","35","11","11",
"대림1동","일   반","계","독거노인현황(성별)","","578","777","803","739",
"대림1동","일   반","남","독거노인현황(성별)","","165","239","269","245",
"대림1동","일   반","여","독거노인현황(성별)","","413","538","534","494",
"대림2동","합계","계","독거노인현황(성별)","","826","888","916","983",
"대림2동","합계","남","독거노인현황(성별)","","251","272","290","319",
"대림2동","합계","여","독거노인현황(성별)","","575","616","626","664",
"대림2동","국민기초생활보장 수급권자","계","독거노인현황(성별)","","240","83","196","310",
"대림2동","국민기초생활보장 수급권자","남","독거노인현황(성별)","","71","31","57","97",
"대림2동","국민기초생활보장 수급권자","여","독거노인현황(성별)","","169","52","139","213",
"대림2동","저소득노인","계","독거노인현황(성별)","","16","39","11","18",
"대림2동","저소득노인","남","독거노인현황(성별)","","7","11","1","5",
"대림2동","저소득노인","여","독거노인현황(성별)","","9","28","10","13",
"대림2동","일   반","계","독거노인현황(성별)","","570","766","709","655",
"대림2동","일   반","남","독거노인현황(성별)","","173","230","232","217",
"대림2동","일   반","여","독거노인현황(성별)","","397","536","477","438",
"대림3동","합계","계","독거노인현황(성별)","","1108","1213","1283","1353",
"대림3동","합계","남","독거노인현황(성별)","","386","441","478","502",
"대림3동","합계","여","독거노인현황(성별)","","722","772","805","851",
"대림3동","국민기초생활보장 수급권자","계","독거노인현황(성별)","","317","100","257","410",
"대림3동","국민기초생활보장 수급권자","남","독거노인현황(성별)","","123","41","106","173",
"대림3동","국민기초생활보장 수급권자","여","독거노인현황(성별)","","194","59","151","237",
"대림3동","저소득노인","계","독거노인현황(성별)","","19","63","22","40",
"대림3동","저소득노인","남","독거노인현황(성별)","","10","16","4","15",
"대림3동","저소득노인","여","독거노인현황(성별)","","9","47","18","25",
"대림3동","일   반","계","독거노인현황(성별)","","772","1050","1004","903",
"대림3동","일   반","남","독거노인현황(성별)","","253","384","368","314",
"대림3동","일   반","여","독거노인현황(성별)","","519","666","636","589",
"동작구","합계","계","독거노인현황(성별)","","15104","15892","16473","17681",
"동작구","합계","남","독거노인현황(성별)","","4405","4713","4885","5363",
"동작구","합계","여","독거노인현황(성별)","","10699","11179","11588","12318",
"동작구","국민기초생활보장 수급권자","계","독거노인현황(성별)","","4105","4387","4816","5100",
"동작구","국민기초생활보장 수급권자","남","독거노인현황(성별)","","1322","1480","1637","1830",
"동작구","국민기초생활보장 수급권자","여","독거노인현황(성별)","","2783","2907","3179","3270",
"동작구","저소득노인","계","독거노인현황(성별)","","464","280","491","479",
"동작구","저소득노인","남","독거노인현황(성별)","","162","54","156","156",
"동작구","저소득노인","여","독거노인현황(성별)","","302","226","335","323",
"동작구","일   반","계","독거노인현황(성별)","","10535","11225","11166","12102",
"동작구","일   반","남","독거노인현황(성별)","","2921","3179","3092","3377",
"동작구","일   반","여","독거노인현황(성별)","","7614","8046","8074","8725",
"노량진1동","합계","계","독거노인현황(성별)","","1389","1455","1554","1640",
"노량진1동","합계","남","독거노인현황(성별)","","372","398","442","483",
"노량진1동","합계","여","독거노인현황(성별)","","1017","1057","1112","1157",
"노량진1동","국민기초생활보장 수급권자","계","독거노인현황(성별)","","423","453","498","537",
"노량진1동","국민기초생활보장 수급권자","남","독거노인현황(성별)","","117","133","161","172",
"노량진1동","국민기초생활보장 수급권자","여","독거노인현황(성별)","","306","320","337","365",
"노량진1동","저소득노인","계","독거노인현황(성별)","","44","21","47","43",
"노량진1동","저소득노인","남","독거노인현황(성별)","","17","5","18","16",
"노량진1동","저소득노인","여","독거노인현황(성별)","","27","16","29","27",
"노량진1동","일   반","계","독거노인현황(성별)","","922","981","1009","1060",
"노량진1동","일   반","남","독거노인현황(성별)","","238","260","263","295",
"노량진1동","일   반","여","독거노인현황(성별)","","684","721","746","765",
"노량진2동","합계","계","독거노인현황(성별)","","803","821","693","745",
"노량진2동","합계","남","독거노인현황(성별)","","326","333","292","323",
"노량진2동","합계","여","독거노인현황(성별)","","477","488","401","422",
"노량진2동","국민기초생활보장 수급권자","계","독거노인현황(성별)","","302","302","253","271",
"노량진2동","국민기초생활보장 수급권자","남","독거노인현황(성별)","","148","145","136","147",
"노량진2동","국민기초생활보장 수급권자","여","독거노인현황(성별)","","154","157","117","124",
"노량진2동","저소득노인","계","독거노인현황(성별)","","31","20","19","19",
"노량진2동","저소득노인","남","독거노인현황(성별)","","8","4","7","5",
"노량진2동","저소득노인","여","독거노인현황(성별)","","23","16","12","14",
"노량진2동","일   반","계","독거노인현황(성별)","","470","499","421","455",
"노량진2동","일   반","남","독거노인현황(성별)","","170","184","149","171",
"노량진2동","일   반","여","독거노인현황(성별)","","300","315","272","284",
"상도1동","합계","계","독거노인현황(성별)","","1510","1575","1627","1781",
"상도1동","합계","남","독거노인현황(성별)","","392","407","410","470",
"상도1동","합계","여","독거노인현황(성별)","","1118","1168","1217","1311",
"상도1동","국민기초생활보장 수급권자","계","독거노인현황(성별)","","459","496","517","576",
"상도1동","국민기초생활보장 수급권자","남","독거노인현황(성별)","","113","126","139","150",
"상도1동","국민기초생활보장 수급권자","여","독거노인현황(성별)","","346","370","378","426",
"상도1동","저소득노인","계","독거노인현황(성별)","","51","43","79","78",
"상도1동","저소득노인","남","독거노인현황(성별)","","22","6","23","24",
"상도1동","저소득노인","여","독거노인현황(성별)","","29","37","56","54",
"상도1동","일   반","계","독거노인현황(성별)","","1000","1036","1031","1127",
"상도1동","일   반","남","독거노인현황(성별)","","257","275","248","296",
"상도1동","일   반","여","독거노인현황(성별)","","743","761","783","831",
"상도2동","합계","계","독거노인현황(성별)","","818","863","912","989",
"상도2동","합계","남","독거노인현황(성별)","","210","234","235","261",
"상도2동","합계","여","독거노인현황(성별)","","608","629","677","728",
"상도2동","국민기초생활보장 수급권자","계","독거노인현황(성별)","","157","173","187","220",
"상도2동","국민기초생활보장 수급권자","남","독거노인현황(성별)","","43","45","50","62",
"상도2동","국민기초생활보장 수급권자","여","독거노인현황(성별)","","114","128","137","158",
"상도2동","저소득노인","계","독거노인현황(성별)","","31","18","29","29",
"상도2동","저소득노인","남","독거노인현황(성별)","","10","2","8","8",
"상도2동","저소득노인","여","독거노인현황(성별)","","21","16","21","21",
"상도2동","일   반","계","독거노인현황(성별)","","630","672","696","740",
"상도2동","일   반","남","독거노인현황(성별)","","157","187","177","191",
"상도2동","일   반","여","독거노인현황(성별)","","473","485","519","549",
"상도3동","합계","계","독거노인현황(성별)","","1093","1155","1225","1294",
"상도3동","합계","남","독거노인현황(성별)","","321","352","379","403",
"상도3동","합계","여","독거노인현황(성별)","","772","803","846","891",
"상도3동","국민기초생활보장 수급권자","계","독거노인현황(성별)","","298","329","352","402",
"상도3동","국민기초생활보장 수급권자","남","독거노인현황(성별)","","103","119","135","156",
"상도3동","국민기초생활보장 수급권자","여","독거노인현황(성별)","","195","210","217","246",
"상도3동","저소득노인","계","독거노인현황(성별)","","41","28","50","36",
"상도3동","저소득노인","남","독거노인현황(성별)","","14","7","17","9",
"상도3동","저소득노인","여","독거노인현황(성별)","","27","21","33","27",
"상도3동","일   반","계","독거노인현황(성별)","","754","798","823","856",
"상도3동","일   반","남","독거노인현황(성별)","","204","226","227","238",
"상도3동","일   반","여","독거노인현황(성별)","","550","572","596","618",
"상도4동","합계","계","독거노인현황(성별)","","1453","1530","1629","1749",
"상도4동","합계","남","독거노인현황(성별)","","445","475","508","565",
"상도4동","합계","여","독거노인현황(성별)","","1008","1055","1121","1184",
"상도4동","국민기초생활보장 수급권자","계","독거노인현황(성별)","","403","456","488","549",
"상도4동","국민기초생활보장 수급권자","남","독거노인현황(성별)","","133","164","179","209",
"상도4동","국민기초생활보장 수급권자","여","독거노인현황(성별)","","270","292","309","340",
"상도4동","저소득노인","계","독거노인현황(성별)","","41","31","49","46",
"상도4동","저소득노인","남","독거노인현황(성별)","","16","8","18","19",
"상도4동","저소득노인","여","독거노인현황(성별)","","25","23","31","27",
"상도4동","일   반","계","독거노인현황(성별)","","1009","1043","1092","1154",
"상도4동","일   반","남","독거노인현황(성별)","","296","303","311","337",
"상도4동","일   반","여","독거노인현황(성별)","","713","740","781","817",
"흑석동","합계","계","독거노인현황(성별)","","999","1019","1013","1111",
"흑석동","합계","남","독거노인현황(성별)","","267","270","258","280",
"흑석동","합계","여","독거노인현황(성별)","","732","749","755","831",
"흑석동","국민기초생활보장 수급권자","계","독거노인현황(성별)","","243","217","242","267",
"흑석동","국민기초생활보장 수급권자","남","독거노인현황(성별)","","67","55","61","72",
"흑석동","국민기초생활보장 수급권자","여","독거노인현황(성별)","","176","162","181","195",
"흑석동","저소득노인","계","독거노인현황(성별)","","29","14","24","26",
"흑석동","저소득노인","남","독거노인현황(성별)","","11","6","8","9",
"흑석동","저소득노인","여","독거노인현황(성별)","","18","8","16","17",
"흑석동","일   반","계","독거노인현황(성별)","","727","788","747","818",
"흑석동","일   반","남","독거노인현황(성별)","","189","209","189","199",
"흑석동","일   반","여","독거노인현황(성별)","","538","579","558","619",
"사당1동","합계","계","독거노인현황(성별)","","943","1011","1045","1152",
"사당1동","합계","남","독거노인현황(성별)","","313","345","363","404",
"사당1동","합계","여","독거노인현황(성별)","","630","666","682","748",
"사당1동","국민기초생활보장 수급권자","계","독거노인현황(성별)","","241","259","273","308",
"사당1동","국민기초생활보장 수급권자","남","독거노인현황(성별)","","91","108","125","140",
"사당1동","국민기초생활보장 수급권자","여","독거노인현황(성별)","","150","151","148","168",
"사당1동","저소득노인","계","독거노인현황(성별)","","25","11","13","20",
"사당1동","저소득노인","남","독거노인현황(성별)","","9","1","2","4",
"사당1동","저소득노인","여","독거노인현황(성별)","","16","10","11","16",
"사당1동","일   반","계","독거노인현황(성별)","","677","741","759","824",
"사당1동","일   반","남","독거노인현황(성별)","","213","236","236","260",
"사당1동","일   반","여","독거노인현황(성별)","","464","505","523","564",
"사당2동","합계","계","독거노인현황(성별)","","1131","1208","1276","1335",
"사당2동","합계","남","독거노인현황(성별)","","309","341","356","393",
"사당2동","합계","여","독거노인현황(성별)","","822","867","920","942",
"사당2동","국민기초생활보장 수급권자","계","독거노인현황(성별)","","244","275","306","321",
"사당2동","국민기초생활보장 수급권자","남","독거노인현황(성별)","","86","102","111","121",
"사당2동","국민기초생활보장 수급권자","여","독거노인현황(성별)","","158","173","195","200",
"사당2동","저소득노인","계","독거노인현황(성별)","","32","21","47","46",
"사당2동","저소득노인","남","독거노인현황(성별)","","12","5","18","17",
"사당2동","저소득노인","여","독거노인현황(성별)","","20","16","29","29",
"사당2동","일   반","계","독거노인현황(성별)","","855","912","923","968",
"사당2동","일   반","남","독거노인현황(성별)","","211","234","227","255",
"사당2동","일   반","여","독거노인현황(성별)","","644","678","696","713",
"사당3동","합계","계","독거노인현황(성별)","","799","851","902","968",
"사당3동","합계","남","독거노인현황(성별)","","258","277","293","313",
"사당3동","합계","여","독거노인현황(성별)","","541","574","609","655",
"사당3동","국민기초생활보장 수급권자","계","독거노인현황(성별)","","153","175","203","234",
"사당3동","국민기초생활보장 수급권자","남","독거노인현황(성별)","","59","82","95","109",
"사당3동","국민기초생활보장 수급권자","여","독거노인현황(성별)","","94","93","108","125",
"사당3동","저소득노인","계","독거노인현황(성별)","","24","9","19","17",
"사당3동","저소득노인","남","독거노인현황(성별)","","10","2","7","6",
"사당3동","저소득노인","여","독거노인현황(성별)","","14","7","12","11",
"사당3동","일   반","계","독거노인현황(성별)","","622","667","680","717",
"사당3동","일   반","남","독거노인현황(성별)","","189","193","191","198",
"사당3동","일   반","여","독거노인현황(성별)","","433","474","489","519",
"사당4동","합계","계","독거노인현황(성별)","","658","708","777","834",
"사당4동","합계","남","독거노인현황(성별)","","181","200","225","253",
"사당4동","합계","여","독거노인현황(성별)","","477","508","552","581",
"사당4동","국민기초생활보장 수급권자","계","독거노인현황(성별)","","182","207","374","245",
"사당4동","국민기초생활보장 수급권자","남","독거노인현황(성별)","","51","60","61","77",
"사당4동","국민기초생활보장 수급권자","여","독거노인현황(성별)","","131","147","313","168",
"사당4동","저소득노인","계","독거노인현황(성별)","","21","13","16","11",
"사당4동","저소득노인","남","독거노인현황(성별)","","3","1","3","1",
"사당4동","저소득노인","여","독거노인현황(성별)","","18","12","13","10",
"사당4동","일   반","계","독거노인현황(성별)","","455","488","387","578",
"사당4동","일   반","남","독거노인현황(성별)","","127","139","161","175",
"사당4동","일   반","여","독거노인현황(성별)","","328","349","226","403",
"사당5동","합계","계","독거노인현황(성별)","","541","557","577","623",
"사당5동","합계","남","독거노인현황(성별)","","141","142","154","158",
"사당5동","합계","여","독거노인현황(성별)","","400","415","423","465",
"사당5동","국민기초생활보장 수급권자","계","독거노인현황(성별)","","126","138","137","140",
"사당5동","국민기초생활보장 수급권자","남","독거노인현황(성별)","","30","37","44","46",
"사당5동","국민기초생활보장 수급권자","여","독거노인현황(성별)","","96","101","93","94",
"사당5동","저소득노인","계","독거노인현황(성별)","","15","8","15","11",
"사당5동","저소득노인","남","독거노인현황(성별)","","5","2","5","4",
"사당5동","저소득노인","여","독거노인현황(성별)","","10","6","10","7",
"사당5동","일   반","계","독거노인현황(성별)","","400","411","425","472",
"사당5동","일   반","남","독거노인현황(성별)","","106","103","105","108",
"사당5동","일   반","여","독거노인현황(성별)","","294","308","320","364",
"대방동","합계","계","독거노인현황(성별)","","1343","1409","1382","1453",
"대방동","합계","남","독거노인현황(성별)","","340","365","367","388",
"대방동","합계","여","독거노인현황(성별)","","1003","1044","1015","1065",
"대방동","국민기초생활보장 수급권자","계","독거노인현황(성별)","","475","471","500","502",
"대방동","국민기초생활보장 수급권자","남","독거노인현황(성별)","","118","120","141","144",
"대방동","국민기초생활보장 수급권자","여","독거노인현황(성별)","","357","351","359","358",
"대방동","저소득노인","계","독거노인현황(성별)","","41","24","52","55",
"대방동","저소득노인","남","독거노인현황(성별)","","13","1","14","19",
"대방동","저소득노인","여","독거노인현황(성별)","","28","23","38","36",
"대방동","일   반","계","독거노인현황(성별)","","827","914","830","896",
"대방동","일   반","남","독거노인현황(성별)","","209","244","212","225",
"대방동","일   반","여","독거노인현황(성별)","","618","670","618","671",
"신대방1동","합계","계","독거노인현황(성별)","","925","990","1071","1144",
"신대방1동","합계","남","독거노인현황(성별)","","295","324","350","380",
"신대방1동","합계","여","독거노인현황(성별)","","630","666","721","764",
"신대방1동","국민기초생활보장 수급권자","계","독거노인현황(성별)","","230","250","282","302",
"신대방1동","국민기초생활보장 수급권자","남","독거노인현황(성별)","","87","99","111","120",
"신대방1동","국민기초생활보장 수급권자","여","독거노인현황(성별)","","143","151","171","182",
"신대방1동","저소득노인","계","독거노인현황(성별)","","21","12","21","20",
"신대방1동","저소득노인","남","독거노인현황(성별)","","6","4","6","6",
"신대방1동","저소득노인","여","독거노인현황(성별)","","15","8","15","14",
"신대방1동","일   반","계","독거노인현황(성별)","","674","728","768","822",
"신대방1동","일   반","남","독거노인현황(성별)","","202","221","233","254",
"신대방1동","일   반","여","독거노인현황(성별)","","472","507","535","568",
"신대방2동","합계","계","독거노인현황(성별)","","699","740","790","863",
"신대방2동","합계","남","독거노인현황(성별)","","235","250","253","289",
"신대방2동","합계","여","독거노인현황(성별)","","464","490","537","574",
"신대방2동","국민기초생활보장 수급권자","계","독거노인현황(성별)","","169","186","204","226",
"신대방2동","국민기초생활보장 수급권자","남","독거노인현황(성별)","","76","85","88","105",
"신대방2동","국민기초생활보장 수급권자","여","독거노인현황(성별)","","93","101","116","121",
"신대방2동","저소득노인","계","독거노인현황(성별)","","17","7","11","22",
"신대방2동","저소득노인","남","독거노인현황(성별)","","6","-","2","9",
"신대방2동","저소득노인","여","독거노인현황(성별)","","11","7","9","13",
"신대방2동","일   반","계","독거노인현황(성별)","","513","547","575","615",
"신대방2동","일   반","남","독거노인현황(성별)","","153","165","163","175",
"신대방2동","일   반","여","독거노인현황(성별)","","360","382","412","440",
"관악구","합계","계","독거노인현황(성별)","","21113","22579","24154","25742",
"관악구","합계","남","독거노인현황(성별)","","7215","7881","8588","9261",
"관악구","합계","여","독거노인현황(성별)","","13898","14698","15566","16481",
"관악구","국민기초생활보장 수급권자","계","독거노인현황(성별)","","6799","7417","8017","8887",
"관악구","국민기초생활보장 수급권자","남","독거노인현황(성별)","","2547","2849","3248","3683",
"관악구","국민기초생활보장 수급권자","여","독거노인현황(성별)","","4252","4568","4769","5204",
"관악구","저소득노인","계","독거노인현황(성별)","","795","438","397","580",
"관악구","저소득노인","남","독거노인현황(성별)","","276","111","108","196",
"관악구","저소득노인","여","독거노인현황(성별)","","519","327","289","384",
"관악구","일   반","계","독거노인현황(성별)","","13519","14724","15740","16275",
"관악구","일   반","남","독거노인현황(성별)","","4392","4921","5232","5382",
"관악구","일   반","여","독거노인현황(성별)","","9127","9803","10508","10893",
"보라매동","합계","계","독거노인현황(성별)","","1163","1254","1339","1379",
"보라매동","합계","남","독거노인현황(성별)","","377","413","449","461",
"보라매동","합계","여","독거노인현황(성별)","","786","841","890","918",
"보라매동","국민기초생활보장 수급권자","계","독거노인현황(성별)","","334","376","410","425",
"보라매동","국민기초생활보장 수급권자","남","독거노인현황(성별)","","134","146","173","181",
"보라매동","국민기초생활보장 수급권자","여","독거노인현황(성별)","","200","230","237","244",
"보라매동","저소득노인","계","독거노인현황(성별)","","42","19","23","34",
"보라매동","저소득노인","남","독거노인현황(성별)","","9","3","5","11",
"보라매동","저소득노인","여","독거노인현황(성별)","","33","16","18","23",
"보라매동","일   반","계","독거노인현황(성별)","","787","859","906","920",
"보라매동","일   반","남","독거노인현황(성별)","","234","264","271","269",
"보라매동","일   반","여","독거노인현황(성별)","","553","595","635","651",
"청림동","합계","계","독거노인현황(성별)","","682","720","748","773",
"청림동","합계","남","독거노인현황(성별)","","188","202","208","223",
"청림동","합계","여","독거노인현황(성별)","","494","518","540","550",
"청림동","국민기초생활보장 수급권자","계","독거노인현황(성별)","","235","238","257","256",
"청림동","국민기초생활보장 수급권자","남","독거노인현황(성별)","","86","78","87","94",
"청림동","국민기초생활보장 수급권자","여","독거노인현황(성별)","","149","160","170","162",
"청림동","저소득노인","계","독거노인현황(성별)","","23","10","11","24",
"청림동","저소득노인","남","독거노인현황(성별)","","10","5","5","10",
"청림동","저소득노인","여","독거노인현황(성별)","","13","5","6","14",
"청림동","일   반","계","독거노인현황(성별)","","424","472","480","493",
"청림동","일   반","남","독거노인현황(성별)","","92","119","116","119",
"청림동","일   반","여","독거노인현황(성별)","","332","353","364","374",
"성현동","합계","계","독거노인현황(성별)","","1403","1496","1547","1670",
"성현동","합계","남","독거노인현황(성별)","","358","390","418","449",
"성현동","합계","여","독거노인현황(성별)","","1045","1106","1129","1221",
"성현동","국민기초생활보장 수급권자","계","독거노인현황(성별)","","589","633","688","763",
"성현동","국민기초생활보장 수급권자","남","독거노인현황(성별)","","144","164","193","219",
"성현동","국민기초생활보장 수급권자","여","독거노인현황(성별)","","445","469","495","544",
"성현동","저소득노인","계","독거노인현황(성별)","","74","33","34","55",
"성현동","저소득노인","남","독거노인현황(성별)","","21","7","8","13",
"성현동","저소득노인","여","독거노인현황(성별)","","53","26","26","42",
"성현동","일   반","계","독거노인현황(성별)","","740","830","825","852",
"성현동","일   반","남","독거노인현황(성별)","","193","219","217","217",
"성현동","일   반","여","독거노인현황(성별)","","547","611","608","635",
"행운동","합계","계","독거노인현황(성별)","","1139","1205","1299","1355",
"행운동","합계","남","독거노인현황(성별)","","394","423","453","478",
"행운동","합계","여","독거노인현황(성별)","","745","782","846","877",
"행운동","국민기초생활보장 수급권자","계","독거노인현황(성별)","","375","407","456","501",
"행운동","국민기초생활보장 수급권자","남","독거노인현황(성별)","","132","150","169","191",
"행운동","국민기초생활보장 수급권자","여","독거노인현황(성별)","","243","257","287","310",
"행운동","저소득노인","계","독거노인현황(성별)","","46","28","24","44",
"행운동","저소득노인","남","독거노인현황(성별)","","18","7","6","20",
"행운동","저소득노인","여","독거노인현황(성별)","","28","21","18","24",
"행운동","일   반","계","독거노인현황(성별)","","718","770","819","810",
"행운동","일   반","남","독거노인현황(성별)","","244","266","278","267",
"행운동","일   반","여","독거노인현황(성별)","","474","504","541","543",
"낙성대동","합계","계","독거노인현황(성별)","","536","581","617","635",
"낙성대동","합계","남","독거노인현황(성별)","","192","213","245","243",
"낙성대동","합계","여","독거노인현황(성별)","","344","368","372","392",
"낙성대동","국민기초생활보장 수급권자","계","독거노인현황(성별)","","125","147","166","178",
"낙성대동","국민기초생활보장 수급권자","남","독거노인현황(성별)","","45","58","75","77",
"낙성대동","국민기초생활보장 수급권자","여","독거노인현황(성별)","","80","89","91","101",
"낙성대동","저소득노인","계","독거노인현황(성별)","","12","3","1","5",
"낙성대동","저소득노인","남","독거노인현황(성별)","","2","-","","1",
"낙성대동","저소득노인","여","독거노인현황(성별)","","10","3","1","4",
"낙성대동","일   반","계","독거노인현황(성별)","","399","431","450","452",
"낙성대동","일   반","남","독거노인현황(성별)","","145","155","170","165",
"낙성대동","일   반","여","독거노인현황(성별)","","254","276","280","287",
"청룡동","합계","계","독거노인현황(성별)","","1290","1388","1498","1623",
"청룡동","합계","남","독거노인현황(성별)","","457","501","570","638",
"청룡동","합계","여","독거노인현황(성별)","","833","887","928","985",
"청룡동","국민기초생활보장 수급권자","계","독거노인현황(성별)","","416","445","491","550",
"청룡동","국민기초생활보장 수급권자","남","독거노인현황(성별)","","180","196","227","259",
"청룡동","국민기초생활보장 수급권자","여","독거노인현황(성별)","","236","249","264","291",
"청룡동","저소득노인","계","독거노인현황(성별)","","40","20","16","21",
"청룡동","저소득노인","남","독거노인현황(성별)","","15","5","4","6",
"청룡동","저소득노인","여","독거노인현황(성별)","","25","15","12","15",
"청룡동","일   반","계","독거노인현황(성별)","","834","923","991","1052",
"청룡동","일   반","남","독거노인현황(성별)","","262","300","339","373",
"청룡동","일   반","여","독거노인현황(성별)","","572","623","652","679",
"은천동","합계","계","독거노인현황(성별)","","1519","1592","1691","1779",
"은천동","합계","남","독거노인현황(성별)","","490","519","551","591",
"은천동","합계","여","독거노인현황(성별)","","1029","1073","1140","1188",
"은천동","국민기초생활보장 수급권자","계","독거노인현황(성별)","","551","582","626","688",
"은천동","국민기초생활보장 수급권자","남","독거노인현황(성별)","","194","201","212","249",
"은천동","국민기초생활보장 수급권자","여","독거노인현황(성별)","","357","381","414","439",
"은천동","저소득노인","계","독거노인현황(성별)","","73","34","26","49",
"은천동","저소득노인","남","독거노인현황(성별)","","29","9","8","20",
"은천동","저소득노인","여","독거노인현황(성별)","","44","25","18","29",
"은천동","일   반","계","독거노인현황(성별)","","895","976","1039","1042",
"은천동","일   반","남","독거노인현황(성별)","","267","309","331","322",
"은천동","일   반","여","독거노인현황(성별)","","628","667","708","720",
"중앙동","합계","계","독거노인현황(성별)","","695","735","796","863",
"중앙동","합계","남","독거노인현황(성별)","","257","285","307","327",
"중앙동","합계","여","독거노인현황(성별)","","438","450","489","536",
"중앙동","국민기초생활보장 수급권자","계","독거노인현황(성별)","","219","228","250","275",
"중앙동","국민기초생활보장 수급권자","남","독거노인현황(성별)","","83","93","106","119",
"중앙동","국민기초생활보장 수급권자","여","독거노인현황(성별)","","136","135","144","156",
"중앙동","저소득노인","계","독거노인현황(성별)","","14","12","9","13",
"중앙동","저소득노인","남","독거노인현황(성별)","","2","1","","2",
"중앙동","저소득노인","여","독거노인현황(성별)","","12","11","9","11",
"중앙동","일   반","계","독거노인현황(성별)","","462","495","537","575",
"중앙동","일   반","남","독거노인현황(성별)","","172","191","201","206",
"중앙동","일   반","여","독거노인현황(성별)","","290","304","336","369",
"인헌동","합계","계","독거노인현황(성별)","","945","1007","1064","1149",
"인헌동","합계","남","독거노인현황(성별)","","279","306","329","346",
"인헌동","합계","여","독거노인현황(성별)","","666","701","735","803",
"인헌동","국민기초생활보장 수급권자","계","독거노인현황(성별)","","206","220","239","253",
"인헌동","국민기초생활보장 수급권자","남","독거노인현황(성별)","","65","74","93","100",
"인헌동","국민기초생활보장 수급권자","여","독거노인현황(성별)","","141","146","146","153",
"인헌동","저소득노인","계","독거노인현황(성별)","","47","22","24","37",
"인헌동","저소득노인","남","독거노인현황(성별)","","13","3","6","16",
"인헌동","저소득노인","여","독거노인현황(성별)","","34","19","18","21",
"인헌동","일   반","계","독거노인현황(성별)","","692","765","801","859",
"인헌동","일   반","남","독거노인현황(성별)","","201","229","230","230",
"인헌동","일   반","여","독거노인현황(성별)","","491","536","571","629",
"남현동","합계","계","독거노인현황(성별)","","610","663","719","749",
"남현동","합계","남","독거노인현황(성별)","","224","236","251","254",
"남현동","합계","여","독거노인현황(성별)","","386","427","468","495",
"남현동","국민기초생활보장 수급권자","계","독거노인현황(성별)","","130","151","149","163",
"남현동","국민기초생활보장 수급권자","남","독거노인현황(성별)","","48","55","54","64",
"남현동","국민기초생활보장 수급권자","여","독거노인현황(성별)","","82","96","95","99",
"남현동","저소득노인","계","독거노인현황(성별)","","24","14","10","19",
"남현동","저소득노인","남","독거노인현황(성별)","","7","3","2","6",
"남현동","저소득노인","여","독거노인현황(성별)","","17","11","8","13",
"남현동","일   반","계","독거노인현황(성별)","","456","498","560","567",
"남현동","일   반","남","독거노인현황(성별)","","169","178","195","184",
"남현동","일   반","여","독거노인현황(성별)","","287","320","365","383",
"서원동","합계","계","독거노인현황(성별)","","836","896","967","1030",
"서원동","합계","남","독거노인현황(성별)","","307","336","356","372",
"서원동","합계","여","독거노인현황(성별)","","529","560","611","658",
"서원동","국민기초생활보장 수급권자","계","독거노인현황(성별)","","219","243","276","317",
"서원동","국민기초생활보장 수급권자","남","독거노인현황(성별)","","88","105","119","137",
"서원동","국민기초생활보장 수급권자","여","독거노인현황(성별)","","131","138","157","180",
"서원동","저소득노인","계","독거노인현황(성별)","","37","16","17","18",
"서원동","저소득노인","남","독거노인현황(성별)","","12","4","6","5",
"서원동","저소득노인","여","독거노인현황(성별)","","25","12","11","13",
"서원동","일   반","계","독거노인현황(성별)","","580","637","674","695",
"서원동","일   반","남","독거노인현황(성별)","","207","227","231","230",
"서원동","일   반","여","독거노인현황(성별)","","373","410","443","465",
"신원동","합계","계","독거노인현황(성별)","","977","1038","1130","1165",
"신원동","합계","남","독거노인현황(성별)","","317","355","398","425",
"신원동","합계","여","독거노인현황(성별)","","660","683","732","740",
"신원동","국민기초생활보장 수급권자","계","독거노인현황(성별)","","347","387","402","447",
"신원동","국민기초생활보장 수급권자","남","독거노인현황(성별)","","130","160","172","207",
"신원동","국민기초생활보장 수급권자","여","독거노인현황(성별)","","217","227","230","240",
"신원동","저소득노인","계","독거노인현황(성별)","","36","26","28","35",
"신원동","저소득노인","남","독거노인현황(성별)","","14","6","7","11",
"신원동","저소득노인","여","독거노인현황(성별)","","22","20","21","24",
"신원동","일   반","계","독거노인현황(성별)","","594","625","700","683",
"신원동","일   반","남","독거노인현황(성별)","","173","189","219","207",
"신원동","일   반","여","독거노인현황(성별)","","421","436","481","476",
"서림동","합계","계","독거노인현황(성별)","","892","978","1050","1140",
"서림동","합계","남","독거노인현황(성별)","","336","383","429","475",
"서림동","합계","여","독거노인현황(성별)","","556","595","621","665",
"서림동","국민기초생활보장 수급권자","계","독거노인현황(성별)","","241","274","302","337",
"서림동","국민기초생활보장 수급권자","남","독거노인현황(성별)","","111","130","153","186",
"서림동","국민기초생활보장 수급권자","여","독거노인현황(성별)","","130","144","149","151",
"서림동","저소득노인","계","독거노인현황(성별)","","27","19","14","16",
"서림동","저소득노인","남","독거노인현황(성별)","","13","8","7","7",
"서림동","저소득노인","여","독거노인현황(성별)","","14","11","7","9",
"서림동","일   반","계","독거노인현황(성별)","","624","685","734","787",
"서림동","일   반","남","독거노인현황(성별)","","212","245","269","282",
"서림동","일   반","여","독거노인현황(성별)","","412","440","465","505",
"신사동","합계","계","독거노인현황(성별)","","1017","1080","1164","1262",
"신사동","합계","남","독거노인현황(성별)","","388","410","449","486",
"신사동","합계","여","독거노인현황(성별)","","629","670","715","776",
"신사동","국민기초생활보장 수급권자","계","독거노인현황(성별)","","347","371","399","443",
"신사동","국민기초생활보장 수급권자","남","독거노인현황(성별)","","130","146","166","182",
"신사동","국민기초생활보장 수급권자","여","독거노인현황(성별)","","217","225","233","261",
"신사동","저소득노인","계","독거노인현황(성별)","","32","19","15","22",
"신사동","저소득노인","남","독거노인현황(성별)","","15","8","9","12",
"신사동","저소득노인","여","독거노인현황(성별)","","17","11","6","10",
"신사동","일   반","계","독거노인현황(성별)","","638","690","750","797",
"신사동","일   반","남","독거노인현황(성별)","","243","256","274","292",
"신사동","일   반","여","독거노인현황(성별)","","395","434","476","505",
"신림동","합계","계","독거노인현황(성별)","","624","682","737","824",
"신림동","합계","남","독거노인현황(성별)","","280","310","345","407",
"신림동","합계","여","독거노인현황(성별)","","344","372","392","417",
"신림동","국민기초생활보장 수급권자","계","독거노인현황(성별)","","201","227","255","297",
"신림동","국민기초생활보장 수급권자","남","독거노인현황(성별)","","111","123","142","182",
"신림동","국민기초생활보장 수급권자","여","독거노인현황(성별)","","90","104","113","115",
"신림동","저소득노인","계","독거노인현황(성별)","","12","8","10","11",
"신림동","저소득노인","남","독거노인현황(성별)","","6","3","3","3",
"신림동","저소득노인","여","독거노인현황(성별)","","6","5","7","8",
"신림동","일   반","계","독거노인현황(성별)","","411","447","472","516",
"신림동","일   반","남","독거노인현황(성별)","","163","184","200","222",
"신림동","일   반","여","독거노인현황(성별)","","248","263","272","294",
"난향동","합계","계","독거노인현황(성별)","","612","645","699","744",
"난향동","합계","남","독거노인현황(성별)","","167","183","206","225",
"난향동","합계","여","독거노인현황(성별)","","445","462","493","519",
"난향동","국민기초생활보장 수급권자","계","독거노인현황(성별)","","210","218","253","280",
"난향동","국민기초생활보장 수급권자","남","독거노인현황(성별)","","44","54","70","81",
"난향동","국민기초생활보장 수급권자","여","독거노인현황(성별)","","166","164","183","199",
"난향동","저소득노인","계","독거노인현황(성별)","","30","21","17","24",
"난향동","저소득노인","남","독거노인현황(성별)","","9","5","4","9",
"난향동","저소득노인","여","독거노인현황(성별)","","21","16","13","15",
"난향동","일   반","계","독거노인현황(성별)","","372","406","429","440",
"난향동","일   반","남","독거노인현황(성별)","","114","124","132","135",
"난향동","일   반","여","독거노인현황(성별)","","258","282","297","305",
"조원동","합계","계","독거노인현황(성별)","","788","855","941","1039",
"조원동","합계","남","독거노인현황(성별)","","312","347","384","430",
"조원동","합계","여","독거노인현황(성별)","","476","508","557","609",
"조원동","국민기초생활보장 수급권자","계","독거노인현황(성별)","","241","269","305","329",
"조원동","국민기초생활보장 수급권자","남","독거노인현황(성별)","","113","132","151","160",
"조원동","국민기초생활보장 수급권자","여","독거노인현황(성별)","","128","137","154","169",
"조원동","저소득노인","계","독거노인현황(성별)","","17","9","7","10",
"조원동","저소득노인","남","독거노인현황(성별)","","9","5","3","3",
"조원동","저소득노인","여","독거노인현황(성별)","","8","4","4","7",
"조원동","일   반","계","독거노인현황(성별)","","530","577","629","700",
"조원동","일   반","남","독거노인현황(성별)","","190","210","230","267",
"조원동","일   반","여","독거노인현황(성별)","","340","367","399","433",
"대학동","합계","계","독거노인현황(성별)","","875","968","1069","1132",
"대학동","합계","남","독거노인현황(성별)","","390","440","508","544",
"대학동","합계","여","독거노인현황(성별)","","485","528","561","588",
"대학동","국민기초생활보장 수급권자","계","독거노인현황(성별)","","223","259","297","331",
"대학동","국민기초생활보장 수급권자","남","독거노인현황(성별)","","153","177","206","224",
"대학동","국민기초생활보장 수급권자","여","독거노인현황(성별)","","70","82","91","107",
"대학동","저소득노인","계","독거노인현황(성별)","","27","19","15","18",
"대학동","저소득노인","남","독거노인현황(성별)","","13","6","5","9",
"대학동","저소득노인","여","독거노인현황(성별)","","14","13","10","9",
"대학동","일   반","계","독거노인현황(성별)","","625","690","757","783",
"대학동","일   반","남","독거노인현황(성별)","","224","257","297","311",
"대학동","일   반","여","독거노인현황(성별)","","401","433","460","472",
"삼성동","합계","계","독거노인현황(성별)","","1586","1677","1719","1795",
"삼성동","합계","남","독거노인현황(성별)","","507","549","561","595",
"삼성동","합계","여","독거노인현황(성별)","","1079","1128","1158","1200",
"삼성동","국민기초생활보장 수급권자","계","독거노인현황(성별)","","632","684","733","764",
"삼성동","국민기초생활보장 수급권자","남","독거노인현황(성별)","","197","216","242","256",
"삼성동","국민기초생활보장 수급권자","여","독거노인현황(성별)","","435","468","491","508",
"삼성동","저소득노인","계","독거노인현황(성별)","","59","32","27","31",
"삼성동","저소득노인","남","독거노인현황(성별)","","21","8","7","9",
"삼성동","저소득노인","여","독거노인현황(성별)","","38","24","20","22",
"삼성동","일   반","계","독거노인현황(성별)","","895","961","959","1000",
"삼성동","일   반","남","독거노인현황(성별)","","289","325","312","330",
"삼성동","일   반","여","독거노인현황(성별)","","606","636","647","670",
"미성동","합계","계","독거노인현황(성별)","","1365","1446","1554","1676",
"미성동","합계","남","독거노인현황(성별)","","447","479","513","562",
"미성동","합계","여","독거노인현황(성별)","","918","967","1041","1114",
"미성동","국민기초생활보장 수급권자","계","독거노인현황(성별)","","359","404","343","466",
"미성동","국민기초생활보장 수급권자","남","독거노인현황(성별)","","111","122","132","155",
"미성동","국민기초생활보장 수급권자","여","독거노인현황(성별)","","248","282","211","311",
"미성동","저소득노인","계","독거노인현황(성별)","","56","39","37","52",
"미성동","저소득노인","남","독거노인현황(성별)","","12","4","5","12",
"미성동","저소득노인","여","독거노인현황(성별)","","44","35","32","40",
"미성동","일   반","계","독거노인현황(성별)","","950","1003","1174","1158",
"미성동","일   반","남","독거노인현황(성별)","","324","353","376","395",
"미성동","일   반","여","독거노인현황(성별)","","626","650","798","763",
"난곡동","합계","계","독거노인현황(성별)","","1559","1673","1806","1960",
"난곡동","합계","남","독거노인현황(성별)","","548","601","658","730",
"난곡동","합계","여","독거노인현황(성별)","","1011","1072","1148","1230",
"난곡동","국민기초생활보장 수급권자","계","독거노인현황(성별)","","599","654","720","824",
"난곡동","국민기초생활보장 수급권자","남","독거노인현황(성별)","","248","269","306","360",
"난곡동","국민기초생활보장 수급권자","여","독거노인현황(성별)","","351","385","414","464",
"난곡동","저소득노인","계","독거노인현황(성별)","","67","35","32","42",
"난곡동","저소득노인","남","독거노인현황(성별)","","26","11","8","11",
"난곡동","저소득노인","여","독거노인현황(성별)","","41","24","24","31",
"난곡동","일   반","계","독거노인현황(성별)","","893","984","1054","1094",
"난곡동","일   반","남","독거노인현황(성별)","","274","321","344","359",
"난곡동","일   반","여","독거노인현황(성별)","","619","663","710","735",
"서초구","합계","계","독거노인현황(성별)","","10737","10945","11476","12510",
"서초구","합계","남","독거노인현황(성별)","","3328","3390","3584","3919",
"서초구","합계","여","독거노인현황(성별)","","7409","7555","7892","8591",
"서초구","국민기초생활보장 수급권자","계","독거노인현황(성별)","","2061","2332","2538","2701",
"서초구","국민기초생활보장 수급권자","남","독거노인현황(성별)","","699","807","889","980",
"서초구","국민기초생활보장 수급권자","여","독거노인현황(성별)","","1362","1525","1649","1721",
"서초구","저소득노인","계","독거노인현황(성별)","","475","220","219","384",
"서초구","저소득노인","남","독거노인현황(성별)","","166","50","50","130",
"서초구","저소득노인","여","독거노인현황(성별)","","309","170","169","254",
"서초구","일   반","계","독거노인현황(성별)","","8201","8393","8719","9425",
"서초구","일   반","남","독거노인현황(성별)","","2463","2533","2645","2809",
"서초구","일   반","여","독거노인현황(성별)","","5738","5860","6074","6616",
"서초1동","합계","계","독거노인현황(성별)","","643","638","679","706",
"서초1동","합계","남","독거노인현황(성별)","","240","245","259","271",
"서초1동","합계","여","독거노인현황(성별)","","403","393","420","435",
"서초1동","국민기초생활보장 수급권자","계","독거노인현황(성별)","","122","140","158","157",
"서초1동","국민기초생활보장 수급권자","남","독거노인현황(성별)","","51","58","60","62",
"서초1동","국민기초생활보장 수급권자","여","독거노인현황(성별)","","71","82","98","95",
"서초1동","저소득노인","계","독거노인현황(성별)","","21","10","9","14",
"서초1동","저소득노인","남","독거노인현황(성별)","","5","1","1","3",
"서초1동","저소득노인","여","독거노인현황(성별)","","16","9","8","11",
"서초1동","일   반","계","독거노인현황(성별)","","500","488","512","535",
"서초1동","일   반","남","독거노인현황(성별)","","184","186","198","206",
"서초1동","일   반","여","독거노인현황(성별)","","316","302","314","329",
"서초2동","합계","계","독거노인현황(성별)","","473","424","435","470",
"서초2동","합계","남","독거노인현황(성별)","","161","151","152","165",
"서초2동","합계","여","독거노인현황(성별)","","312","273","283","305",
"서초2동","국민기초생활보장 수급권자","계","독거노인현황(성별)","","51","45","44","40",
"서초2동","국민기초생활보장 수급권자","남","독거노인현황(성별)","","21","22","20","19",
"서초2동","국민기초생활보장 수급권자","여","독거노인현황(성별)","","30","23","24","21",
"서초2동","저소득노인","계","독거노인현황(성별)","","17","8","5","7",
"서초2동","저소득노인","남","독거노인현황(성별)","","6","2","1","4",
"서초2동","저소득노인","여","독거노인현황(성별)","","11","6","4","3",
"서초2동","일   반","계","독거노인현황(성별)","","405","371","386","423",
"서초2동","일   반","남","독거노인현황(성별)","","134","127","131","142",
"서초2동","일   반","여","독거노인현황(성별)","","271","244","255","281",
"서초3동","합계","계","독거노인현황(성별)","","837","839","902","971",
"서초3동","합계","남","독거노인현황(성별)","","319","320","327","373",
"서초3동","합계","여","독거노인현황(성별)","","518","519","575","598",
"서초3동","국민기초생활보장 수급권자","계","독거노인현황(성별)","","99","110","127","142",
"서초3동","국민기초생활보장 수급권자","남","독거노인현황(성별)","","37","42","48","64",
"서초3동","국민기초생활보장 수급권자","여","독거노인현황(성별)","","62","68","79","78",
"서초3동","저소득노인","계","독거노인현황(성별)","","22","10","9","20",
"서초3동","저소득노인","남","독거노인현황(성별)","","9","3","2","7",
"서초3동","저소득노인","여","독거노인현황(성별)","","13","7","7","13",
"서초3동","일   반","계","독거노인현황(성별)","","716","719","766","809",
"서초3동","일   반","남","독거노인현황(성별)","","273","275","277","302",
"서초3동","일   반","여","독거노인현황(성별)","","443","444","489","507",
"서초4동","합계","계","독거노인현황(성별)","","495","510","519","559",
"서초4동","합계","남","독거노인현황(성별)","","146","151","155","171",
"서초4동","합계","여","독거노인현황(성별)","","349","359","364","388",
"서초4동","국민기초생활보장 수급권자","계","독거노인현황(성별)","","25","29","35","38",
"서초4동","국민기초생활보장 수급권자","남","독거노인현황(성별)","","6","7","12","15",
"서초4동","국민기초생활보장 수급권자","여","독거노인현황(성별)","","19","22","23","23",
"서초4동","저소득노인","계","독거노인현황(성별)","","5","3","2","5",
"서초4동","저소득노인","남","독거노인현황(성별)","","3","2","1","2",
"서초4동","저소득노인","여","독거노인현황(성별)","","2","1","1","3",
"서초4동","일   반","계","독거노인현황(성별)","","465","478","482","516",
"서초4동","일   반","남","독거노인현황(성별)","","137","142","142","154",
"서초4동","일   반","여","독거노인현황(성별)","","328","336","340","362",
"잠원동","합계","계","독거노인현황(성별)","","623","632","666","865",
"잠원동","합계","남","독거노인현황(성별)","","169","172","191","258",
"잠원동","합계","여","독거노인현황(성별)","","454","460","475","607",
"잠원동","국민기초생활보장 수급권자","계","독거노인현황(성별)","","94","106","125","136",
"잠원동","국민기초생활보장 수급권자","남","독거노인현황(성별)","","40","47","59","64",
"잠원동","국민기초생활보장 수급권자","여","독거노인현황(성별)","","54","59","66","72",
"잠원동","저소득노인","계","독거노인현황(성별)","","22","9","9","14",
"잠원동","저소득노인","남","독거노인현황(성별)","","9","1","1","3",
"잠원동","저소득노인","여","독거노인현황(성별)","","13","8","8","11",
"잠원동","일   반","계","독거노인현황(성별)","","507","517","532","715",
"잠원동","일   반","남","독거노인현황(성별)","","120","124","131","191",
"잠원동","일   반","여","독거노인현황(성별)","","387","393","401","524",
"반포본동","합계","계","독거노인현황(성별)","","3","3","2","10",
"반포본동","합계","남","독거노인현황(성별)","","1","1","1","5",
"반포본동","합계","여","독거노인현황(성별)","","2","2","1","5",
"반포본동","국민기초생활보장 수급권자","계","독거노인현황(성별)","","-","-","-","-",
"반포본동","국민기초생활보장 수급권자","남","독거노인현황(성별)","","-","-","-","-",
"반포본동","국민기초생활보장 수급권자","여","독거노인현황(성별)","","-","-","-","-",
"반포본동","저소득노인","계","독거노인현황(성별)","","-","-","-","-",
"반포본동","저소득노인","남","독거노인현황(성별)","","-","-","-","-",
"반포본동","저소득노인","여","독거노인현황(성별)","","-","-","-","-",
"반포본동","일   반","계","독거노인현황(성별)","","3","3","2","10",
"반포본동","일   반","남","독거노인현황(성별)","","1","1","1","5",
"반포본동","일   반","여","독거노인현황(성별)","","2","2","1","5",
"반포1동","합계","계","독거노인현황(성별)","","736","763","786","821",
"반포1동","합계","남","독거노인현황(성별)","","240","248","262","266",
"반포1동","합계","여","독거노인현황(성별)","","496","515","524","555",
"반포1동","국민기초생활보장 수급권자","계","독거노인현황(성별)","","126","151","164","174",
"반포1동","국민기초생활보장 수급권자","남","독거노인현황(성별)","","52","65","70","77",
"반포1동","국민기초생활보장 수급권자","여","독거노인현황(성별)","","74","86","94","97",
"반포1동","저소득노인","계","독거노인현황(성별)","","15","4","6","14",
"반포1동","저소득노인","남","독거노인현황(성별)","","2","-","-","4",
"반포1동","저소득노인","여","독거노인현황(성별)","","13","4","6","10",
"반포1동","일   반","계","독거노인현황(성별)","","595","608","616","633",
"반포1동","일   반","남","독거노인현황(성별)","","186","183","192","185",
"반포1동","일   반","여","독거노인현황(성별)","","409","425","424","448",
"반포2동","합계","계","독거노인현황(성별)","","217","308","331","378",
"반포2동","합계","남","독거노인현황(성별)","","42","54","59","71",
"반포2동","합계","여","독거노인현황(성별)","","175","254","272","307",
"반포2동","국민기초생활보장 수급권자","계","독거노인현황(성별)","","5","11","11","12",
"반포2동","국민기초생활보장 수급권자","남","독거노인현황(성별)","","1","3","4","6",
"반포2동","국민기초생활보장 수급권자","여","독거노인현황(성별)","","4","8","7","6",
"반포2동","저소득노인","계","독거노인현황(성별)","","-","5","9","10",
"반포2동","저소득노인","남","독거노인현황(성별)","","-","-","-","1",
"반포2동","저소득노인","여","독거노인현황(성별)","","-","5","9","9",
"반포2동","일   반","계","독거노인현황(성별)","","212","292","311","356",
"반포2동","일   반","남","독거노인현황(성별)","","41","51","55","64",
"반포2동","일   반","여","독거노인현황(성별)","","171","241","256","292",
"반포3동","합계","계","독거노인현황(성별)","","459","461","475","514",
"반포3동","합계","남","독거노인현황(성별)","","80","78","85","91",
"반포3동","합계","여","독거노인현황(성별)","","379","383","390","423",
"반포3동","국민기초생활보장 수급권자","계","독거노인현황(성별)","","7","12","13","12",
"반포3동","국민기초생활보장 수급권자","남","독거노인현황(성별)","","2","2","3","6",
"반포3동","국민기초생활보장 수급권자","여","독거노인현황(성별)","","5","10","10","6",
"반포3동","저소득노인","계","독거노인현황(성별)","","9","6","1","1",
"반포3동","저소득노인","남","독거노인현황(성별)","","3","-","-","-",
"반포3동","저소득노인","여","독거노인현황(성별)","","6","6","1","1",
"반포3동","일   반","계","독거노인현황(성별)","","443","443","461","501",
"반포3동","일   반","남","독거노인현황(성별)","","75","76","82","85",
"반포3동","일   반","여","독거노인현황(성별)","","368","367","379","416",
"반포4동","합계","계","독거노인현황(성별)","","439","441","426","472",
"반포4동","합계","남","독거노인현황(성별)","","109","111","103","117",
"반포4동","합계","여","독거노인현황(성별)","","330","330","323","355",
"반포4동","국민기초생활보장 수급권자","계","독거노인현황(성별)","","31","32","30","41",
"반포4동","국민기초생활보장 수급권자","남","독거노인현황(성별)","","6","8","7","11",
"반포4동","국민기초생활보장 수급권자","여","독거노인현황(성별)","","25","24","23","30",
"반포4동","저소득노인","계","독거노인현황(성별)","","6","5","5","9",
"반포4동","저소득노인","남","독거노인현황(성별)","","-","-","-","2",
"반포4동","저소득노인","여","독거노인현황(성별)","","6","5","5","7",
"반포4동","일   반","계","독거노인현황(성별)","","402","404","391","422",
"반포4동","일   반","남","독거노인현황(성별)","","103","103","96","104",
"반포4동","일   반","여","독거노인현황(성별)","","299","301","295","318",
"방배본동","합계","계","독거노인현황(성별)","","533","549","574","627",
"방배본동","합계","남","독거노인현황(성별)","","153","166","175","190",
"방배본동","합계","여","독거노인현황(성별)","","380","383","399","437",
"방배본동","국민기초생활보장 수급권자","계","독거노인현황(성별)","","75","101","105","121",
"방배본동","국민기초생활보장 수급권자","남","독거노인현황(성별)","","17","24","34","45",
"방배본동","국민기초생활보장 수급권자","여","독거노인현황(성별)","","58","77","71","76",
"방배본동","저소득노인","계","독거노인현황(성별)","","17","11","13","15",
"방배본동","저소득노인","남","독거노인현황(성별)","","4","1","2","2",
"방배본동","저소득노인","여","독거노인현황(성별)","","13","10","11","13",
"방배본동","일   반","계","독거노인현황(성별)","","441","437","456","491",
"방배본동","일   반","남","독거노인현황(성별)","","132","141","139","143",
"방배본동","일   반","여","독거노인현황(성별)","","309","296","317","348",
"방배1동","합계","계","독거노인현황(성별)","","543","561","593","651",
"방배1동","합계","남","독거노인현황(성별)","","168","173","188","203",
"방배1동","합계","여","독거노인현황(성별)","","375","388","405","448",
"방배1동","국민기초생활보장 수급권자","계","독거노인현황(성별)","","109","123","141","152",
"방배1동","국민기초생활보장 수급권자","남","독거노인현황(성별)","","31","38","49","50",
"방배1동","국민기초생활보장 수급권자","여","독거노인현황(성별)","","78","85","92","102",
"방배1동","저소득노인","계","독거노인현황(성별)","","28","17","17","23",
"방배1동","저소득노인","남","독거노인현황(성별)","","10","5","6","6",
"방배1동","저소득노인","여","독거노인현황(성별)","","18","12","11","17",
"방배1동","일   반","계","독거노인현황(성별)","","406","421","435","476",
"방배1동","일   반","남","독거노인현황(성별)","","127","130","133","147",
"방배1동","일   반","여","독거노인현황(성별)","","279","291","302","329",
"방배2동","합계","계","독거노인현황(성별)","","738","737","769","819",
"방배2동","합계","남","독거노인현황(성별)","","246","240","240","248",
"방배2동","합계","여","독거노인현황(성별)","","492","497","529","571",
"방배2동","국민기초생활보장 수급권자","계","독거노인현황(성별)","","203","206","219","242",
"방배2동","국민기초생활보장 수급권자","남","독거노인현황(성별)","","66","60","59","66",
"방배2동","국민기초생활보장 수급권자","여","독거노인현황(성별)","","137","146","160","176",
"방배2동","저소득노인","계","독거노인현황(성별)","","46","18","23","41",
"방배2동","저소득노인","남","독거노인현황(성별)","","16","5","6","15",
"방배2동","저소득노인","여","독거노인현황(성별)","","30","13","17","26",
"방배2동","일   반","계","독거노인현황(성별)","","489","513","527","536",
"방배2동","일   반","남","독거노인현황(성별)","","164","175","175","167",
"방배2동","일   반","여","독거노인현황(성별)","","325","338","352","369",
"방배3동","합계","계","독거노인현황(성별)","","382","353","340","384",
"방배3동","합계","남","독거노인현황(성별)","","105","99","100","111",
"방배3동","합계","여","독거노인현황(성별)","","277","254","240","273",
"방배3동","국민기초생활보장 수급권자","계","독거노인현황(성별)","","36","42","38","42",
"방배3동","국민기초생활보장 수급권자","남","독거노인현황(성별)","","15","16","15","18",
"방배3동","국민기초생활보장 수급권자","여","독거노인현황(성별)","","21","26","23","24",
"방배3동","저소득노인","계","독거노인현황(성별)","","17","11","11","9",
"방배3동","저소득노인","남","독거노인현황(성별)","","3","1","2","2",
"방배3동","저소득노인","여","독거노인현황(성별)","","14","10","9","7",
"방배3동","일   반","계","독거노인현황(성별)","","329","300","291","333",
"방배3동","일   반","남","독거노인현황(성별)","","87","82","83","91",
"방배3동","일   반","여","독거노인현황(성별)","","242","218","208","242",
"방배4동","합계","계","독거노인현황(성별)","","653","665","696","753",
"방배4동","합계","남","독거노인현황(성별)","","194","199","216","231",
"방배4동","합계","여","독거노인현황(성별)","","459","466","480","522",
"방배4동","국민기초생활보장 수급권자","계","독거노인현황(성별)","","111","126","126","111",
"방배4동","국민기초생활보장 수급권자","남","독거노인현황(성별)","","38","37","38","37",
"방배4동","국민기초생활보장 수급권자","여","독거노인현황(성별)","","73","89","88","74",
"방배4동","저소득노인","계","독거노인현황(성별)","","21","8","10","10",
"방배4동","저소득노인","남","독거노인현황(성별)","","7","2","2","3",
"방배4동","저소득노인","여","독거노인현황(성별)","","14","6","8","7",
"방배4동","일   반","계","독거노인현황(성별)","","521","531","560","632",
"방배4동","일   반","남","독거노인현황(성별)","","149","160","176","191",
"방배4동","일   반","여","독거노인현황(성별)","","372","371","384","441",
"양재1동","합계","계","독거노인현황(성별)","","1545","1614","1725","1859",
"양재1동","합계","남","독거노인현황(성별)","","451","471","509","556",
"양재1동","합계","여","독거노인현황(성별)","","1094","1143","1216","1303",
"양재1동","국민기초생활보장 수급권자","계","독거노인현황(성별)","","579","686","732","773",
"양재1동","국민기초생활보장 수급권자","남","독거노인현황(성별)","","170","218","237","255",
"양재1동","국민기초생활보장 수급권자","여","독거노인현황(성별)","","409","468","495","518",
"양재1동","저소득노인","계","독거노인현황(성별)","","133","51","50","115",
"양재1동","저소득노인","남","독거노인현황(성별)","","54","14","13","45",
"양재1동","저소득노인","여","독거노인현황(성별)","","79","37","37","70",
"양재1동","일   반","계","독거노인현황(성별)","","833","877","943","971",
"양재1동","일   반","남","독거노인현황(성별)","","227","239","259","256",
"양재1동","일   반","여","독거노인현황(성별)","","606","638","684","715",
"양재2동","합계","계","독거노인현황(성별)","","806","829","889","961",
"양재2동","합계","남","독거노인현황(성별)","","294","307","342","370",
"양재2동","합계","여","독거노인현황(성별)","","512","522","547","591",
"양재2동","국민기초생활보장 수급권자","계","독거노인현황(성별)","","239","252","299","321",
"양재2동","국민기초생활보장 수급권자","남","독거노인현황(성별)","","110","118","132","134",
"양재2동","국민기초생활보장 수급권자","여","독거노인현황(성별)","","129","134","167","187",
"양재2동","저소득노인","계","독거노인현황(성별)","","45","24","22","35",
"양재2동","저소득노인","남","독거노인현황(성별)","","13","5","7","15",
"양재2동","저소득노인","여","독거노인현황(성별)","","32","19","15","20",
"양재2동","일   반","계","독거노인현황(성별)","","522","553","568","605",
"양재2동","일   반","남","독거노인현황(성별)","","171","184","203","221",
"양재2동","일   반","여","독거노인현황(성별)","","351","369","365","384",
"내곡동","합계","계","독거노인현황(성별)","","612","618","669","690",
"내곡동","합계","남","독거노인현황(성별)","","210","204","220","222",
"내곡동","합계","여","독거노인현황(성별)","","402","414","449","468",
"내곡동","국민기초생활보장 수급권자","계","독거노인현황(성별)","","149","160","171","187",
"내곡동","국민기초생활보장 수급권자","남","독거노인현황(성별)","","36","42","42","51",
"내곡동","국민기초생활보장 수급권자","여","독거노인현황(성별)","","113","118","129","136",
"내곡동","저소득노인","계","독거노인현황(성별)","","51","20","18","42",
"내곡동","저소득노인","남","독거노인현황(성별)","","22","8","6","16",
"내곡동","저소득노인","여","독거노인현황(성별)","","29","12","12","26",
"내곡동","일   반","계","독거노인현황(성별)","","412","438","480","461",
"내곡동","일   반","남","독거노인현황(성별)","","152","154","172","155",
"내곡동","일   반","여","독거노인현황(성별)","","260","284","308","306",
"강남구","합계","계","독거노인현황(성별)","","19102","20973","23747","25215",
"강남구","합계","남","독거노인현황(성별)","","5872","6574","7388","7865",
"강남구","합계","여","독거노인현황(성별)","","13230","14399","16359","17350",
"강남구","국민기초생활보장 수급권자","계","독거노인현황(성별)","","3492","3660","5218","5810",
"강남구","국민기초생활보장 수급권자","남","독거노인현황(성별)","","1225","1263","1765","2012",
"강남구","국민기초생활보장 수급권자","여","독거노인현황(성별)","","2267","2397","3453","3798",
"강남구","저소득노인","계","독거노인현황(성별)","","233","423","1173","1167",
"강남구","저소득노인","남","독거노인현황(성별)","","53","137","377","368",
"강남구","저소득노인","여","독거노인현황(성별)","","180","286","796","799",
"강남구","일   반","계","독거노인현황(성별)","","15377","16890","17356","18238",
"강남구","일   반","남","독거노인현황(성별)","","4594","5174","5246","5485",
"강남구","일   반","여","독거노인현황(성별)","","10783","11716","12110","12753",
"신사동","합계","계","독거노인현황(성별)","","562","578","605","636",
"신사동","합계","남","독거노인현황(성별)","","170","178","176","202",
"신사동","합계","여","독거노인현황(성별)","","392","400","429","434",
"신사동","국민기초생활보장 수급권자","계","독거노인현황(성별)","","59","54","66","88",
"신사동","국민기초생활보장 수급권자","남","독거노인현황(성별)","","25","23","21","31",
"신사동","국민기초생활보장 수급권자","여","독거노인현황(성별)","","34","31","45","57",
"신사동","저소득노인","계","독거노인현황(성별)","","7","10","13","16",
"신사동","저소득노인","남","독거노인현황(성별)","","2","4","5","7",
"신사동","저소득노인","여","독거노인현황(성별)","","5","6","8","9",
"신사동","일   반","계","독거노인현황(성별)","","496","514","526","532",
"신사동","일   반","남","독거노인현황(성별)","","143","151","150","164",
"신사동","일   반","여","독거노인현황(성별)","","353","363","376","368",
"논현1동","합계","계","독거노인현황(성별)","","809","905","989","1036",
"논현1동","합계","남","독거노인현황(성별)","","307","343","368","384",
"논현1동","합계","여","독거노인현황(성별)","","502","562","621","652",
"논현1동","국민기초생활보장 수급권자","계","독거노인현황(성별)","","153","161","216","226",
"논현1동","국민기초생활보장 수급권자","남","독거노인현황(성별)","","61","64","77","83",
"논현1동","국민기초생활보장 수급권자","여","독거노인현황(성별)","","92","97","139","143",
"논현1동","저소득노인","계","독거노인현황(성별)","","4","6","22","22",
"논현1동","저소득노인","남","독거노인현황(성별)","","-","1","6","7",
"논현1동","저소득노인","여","독거노인현황(성별)","","4","5","16","15",
"논현1동","일   반","계","독거노인현황(성별)","","652","738","751","788",
"논현1동","일   반","남","독거노인현황(성별)","","246","278","285","294",
"논현1동","일   반","여","독거노인현황(성별)","","406","460","466","494",
"논현2동","합계","계","독거노인현황(성별)","","667","731","779","784",
"논현2동","합계","남","독거노인현황(성별)","","188","223","214","224",
"논현2동","합계","여","독거노인현황(성별)","","479","508","565","560",
"논현2동","국민기초생활보장 수급권자","계","독거노인현황(성별)","","80","74","118","125",
"논현2동","국민기초생활보장 수급권자","남","독거노인현황(성별)","","23","19","31","34",
"논현2동","국민기초생활보장 수급권자","여","독거노인현황(성별)","","57","55","87","91",
"논현2동","저소득노인","계","독거노인현황(성별)","","3","10","26","25",
"논현2동","저소득노인","남","독거노인현황(성별)","","1","3","5","5",
"논현2동","저소득노인","여","독거노인현황(성별)","","2","7","21","20",
"논현2동","일   반","계","독거노인현황(성별)","","584","647","635","634",
"논현2동","일   반","남","독거노인현황(성별)","","164","201","178","185",
"논현2동","일   반","여","독거노인현황(성별)","","420","446","457","449",
"압구정동","합계","계","독거노인현황(성별)","","812","876","876","868",
"압구정동","합계","남","독거노인현황(성별)","","197","224","210","206",
"압구정동","합계","여","독거노인현황(성별)","","615","652","666","662",
"압구정동","국민기초생활보장 수급권자","계","독거노인현황(성별)","","28","29","36","39",
"압구정동","국민기초생활보장 수급권자","남","독거노인현황(성별)","","7","9","11","12",
"압구정동","국민기초생활보장 수급권자","여","독거노인현황(성별)","","21","20","25","27",
"압구정동","저소득노인","계","독거노인현황(성별)","","4","5","10","8",
"압구정동","저소득노인","남","독거노인현황(성별)","","-","-","1","2",
"압구정동","저소득노인","여","독거노인현황(성별)","","4","5","9","6",
"압구정동","일   반","계","독거노인현황(성별)","","780","842","830","821",
"압구정동","일   반","남","독거노인현황(성별)","","190","215","198","192",
"압구정동","일   반","여","독거노인현황(성별)","","590","627","632","629",
"청담동","합계","계","독거노인현황(성별)","","617","671","682","748",
"청담동","합계","남","독거노인현황(성별)","","179","203","205","221",
"청담동","합계","여","독거노인현황(성별)","","438","468","477","527",
"청담동","국민기초생활보장 수급권자","계","독거노인현황(성별)","","47","40","63","62",
"청담동","국민기초생활보장 수급권자","남","독거노인현황(성별)","","17","15","21","22",
"청담동","국민기초생활보장 수급권자","여","독거노인현황(성별)","","30","25","42","40",
"청담동","저소득노인","계","독거노인현황(성별)","","4","6","9","9",
"청담동","저소득노인","남","독거노인현황(성별)","","2","2","1","2",
"청담동","저소득노인","여","독거노인현황(성별)","","2","4","8","7",
"청담동","일   반","계","독거노인현황(성별)","","566","625","610","677",
"청담동","일   반","남","독거노인현황(성별)","","160","186","183","197",
"청담동","일   반","여","독거노인현황(성별)","","406","439","427","480",
"삼성1동","합계","계","독거노인현황(성별)","","352","388","404","468",
"삼성1동","합계","남","독거노인현황(성별)","","110","121","128","141",
"삼성1동","합계","여","독거노인현황(성별)","","242","267","276","327",
"삼성1동","국민기초생활보장 수급권자","계","독거노인현황(성별)","","21","24","30","41",
"삼성1동","국민기초생활보장 수급권자","남","독거노인현황(성별)","","7","9","11","12",
"삼성1동","국민기초생활보장 수급권자","여","독거노인현황(성별)","","14","15","19","29",
"삼성1동","저소득노인","계","독거노인현황(성별)","","3","2","6","8",
"삼성1동","저소득노인","남","독거노인현황(성별)","","1","-","1","2",
"삼성1동","저소득노인","여","독거노인현황(성별)","","2","2","5","6",
"삼성1동","일   반","계","독거노인현황(성별)","","328","362","368","419",
"삼성1동","일   반","남","독거노인현황(성별)","","102","112","116","127",
"삼성1동","일   반","여","독거노인현황(성별)","","226","250","252","292",
"삼성2동","합계","계","독거노인현황(성별)","","772","825","867","911",
"삼성2동","합계","남","독거노인현황(성별)","","245","256","276","289",
"삼성2동","합계","여","독거노인현황(성별)","","527","569","591","622",
"삼성2동","국민기초생활보장 수급권자","계","독거노인현황(성별)","","96","95","133","142",
"삼성2동","국민기초생활보장 수급권자","남","독거노인현황(성별)","","42","38","54","53",
"삼성2동","국민기초생활보장 수급권자","여","독거노인현황(성별)","","54","57","79","89",
"삼성2동","저소득노인","계","독거노인현황(성별)","","13","17","21","28",
"삼성2동","저소득노인","남","독거노인현황(성별)","","5","7","7","10",
"삼성2동","저소득노인","여","독거노인현황(성별)","","8","10","14","18",
"삼성2동","일   반","계","독거노인현황(성별)","","663","713","713","741",
"삼성2동","일   반","남","독거노인현황(성별)","","198","211","215","226",
"삼성2동","일   반","여","독거노인현황(성별)","","465","502","498","515",
"대치1동","합계","계","독거노인현황(성별)","","212","240","229","245",
"대치1동","합계","남","독거노인현황(성별)","","48","54","52","59",
"대치1동","합계","여","독거노인현황(성별)","","164","186","177","186",
"대치1동","국민기초생활보장 수급권자","계","독거노인현황(성별)","","2","2","3","4",
"대치1동","국민기초생활보장 수급권자","남","독거노인현황(성별)","","-","-","1","1",
"대치1동","국민기초생활보장 수급권자","여","독거노인현황(성별)","","2","2","2","3",
"대치1동","저소득노인","계","독거노인현황(성별)","","2","1","2","4",
"대치1동","저소득노인","남","독거노인현황(성별)","","-","-","","1",
"대치1동","저소득노인","여","독거노인현황(성별)","","2","1","2","3",
"대치1동","일   반","계","독거노인현황(성별)","","208","237","224","237",
"대치1동","일   반","남","독거노인현황(성별)","","48","54","51","57",
"대치1동","일   반","여","독거노인현황(성별)","","160","183","173","180",
"대치2동","합계","계","독거노인현황(성별)","","594","638","638","709",
"대치2동","합계","남","독거노인현황(성별)","","152","166","152","165",
"대치2동","합계","여","독거노인현황(성별)","","442","472","486","544",
"대치2동","국민기초생활보장 수급권자","계","독거노인현황(성별)","","33","37","48","55",
"대치2동","국민기초생활보장 수급권자","남","독거노인현황(성별)","","11","12","15","16",
"대치2동","국민기초생활보장 수급권자","여","독거노인현황(성별)","","22","25","33","39",
"대치2동","저소득노인","계","독거노인현황(성별)","","4","7","11","19",
"대치2동","저소득노인","남","독거노인현황(성별)","","-","2","2","7",
"대치2동","저소득노인","여","독거노인현황(성별)","","4","5","9","12",
"대치2동","일   반","계","독거노인현황(성별)","","557","594","579","635",
"대치2동","일   반","남","독거노인현황(성별)","","141","152","135","142",
"대치2동","일   반","여","독거노인현황(성별)","","416","442","444","493",
"대치4동","합계","계","독거노인현황(성별)","","561","589","641","708",
"대치4동","합계","남","독거노인현황(성별)","","197","215","217","234",
"대치4동","합계","여","독거노인현황(성별)","","364","374","424","474",
"대치4동","국민기초생활보장 수급권자","계","독거노인현황(성별)","","105","102","134","156",
"대치4동","국민기초생활보장 수급권자","남","독거노인현황(성별)","","50","47","53","63",
"대치4동","국민기초생활보장 수급권자","여","독거노인현황(성별)","","55","55","81","93",
"대치4동","저소득노인","계","독거노인현황(성별)","","7","5","15","20",
"대치4동","저소득노인","남","독거노인현황(성별)","","2","1","6","6",
"대치4동","저소득노인","여","독거노인현황(성별)","","5","4","9","14",
"대치4동","일   반","계","독거노인현황(성별)","","449","482","492","532",
"대치4동","일   반","남","독거노인현황(성별)","","145","167","158","165",
"대치4동","일   반","여","독거노인현황(성별)","","304","315","334","367",
"역삼1동","합계","계","독거노인현황(성별)","","1083","1228","1338","1437",
"역삼1동","합계","남","독거노인현황(성별)","","497","546","592","650",
"역삼1동","합계","여","독거노인현황(성별)","","586","682","746","787",
"역삼1동","국민기초생활보장 수급권자","계","독거노인현황(성별)","","197","197","263","315",
"역삼1동","국민기초생활보장 수급권자","남","독거노인현황(성별)","","103","95","128","155",
"역삼1동","국민기초생활보장 수급권자","여","독거노인현황(성별)","","94","102","135","160",
"역삼1동","저소득노인","계","독거노인현황(성별)","","8","18","32","32",
"역삼1동","저소득노인","남","독거노인현황(성별)","","2","6","10","10",
"역삼1동","저소득노인","여","독거노인현황(성별)","","6","12","22","22",
"역삼1동","일   반","계","독거노인현황(성별)","","878","1013","1043","1090",
"역삼1동","일   반","남","독거노인현황(성별)","","392","445","454","485",
"역삼1동","일   반","여","독거노인현황(성별)","","486","568","589","605",
"역삼2동","합계","계","독거노인현황(성별)","","731","780","821","878",
"역삼2동","합계","남","독거노인현황(성별)","","203","244","262","292",
"역삼2동","합계","여","독거노인현황(성별)","","528","536","559","586",
"역삼2동","국민기초생활보장 수급권자","계","독거노인현황(성별)","","81","85","127","139",
"역삼2동","국민기초생활보장 수급권자","남","독거노인현황(성별)","","30","35","58","74",
"역삼2동","국민기초생활보장 수급권자","여","독거노인현황(성별)","","51","50","69","65",
"역삼2동","저소득노인","계","독거노인현황(성별)","","6","13","21","21",
"역삼2동","저소득노인","남","독거노인현황(성별)","","-","4","6","5",
"역삼2동","저소득노인","여","독거노인현황(성별)","","6","9","15","16",
"역삼2동","일   반","계","독거노인현황(성별)","","644","682","673","718",
"역삼2동","일   반","남","독거노인현황(성별)","","173","205","198","213",
"역삼2동","일   반","여","독거노인현황(성별)","","471","477","475","505",
"도곡1동","합계","계","독거노인현황(성별)","","477","510","514","536",
"도곡1동","합계","남","독거노인현황(성별)","","145","165","162","159",
"도곡1동","합계","여","독거노인현황(성별)","","332","345","352","377",
"도곡1동","국민기초생활보장 수급권자","계","독거노인현황(성별)","","33","32","43","56",
"도곡1동","국민기초생활보장 수급권자","남","독거노인현황(성별)","","18","21","22","27",
"도곡1동","국민기초생활보장 수급권자","여","독거노인현황(성별)","","15","11","21","29",
"도곡1동","저소득노인","계","독거노인현황(성별)","","7","8","8","9",
"도곡1동","저소득노인","남","독거노인현황(성별)","","2","2","4","3",
"도곡1동","저소득노인","여","독거노인현황(성별)","","5","6","4","6",
"도곡1동","일   반","계","독거노인현황(성별)","","437","470","463","471",
"도곡1동","일   반","남","독거노인현황(성별)","","125","142","136","129",
"도곡1동","일   반","여","독거노인현황(성별)","","312","328","327","342",
"도곡2동","합계","계","독거노인현황(성별)","","661","713","736","771",
"도곡2동","합계","남","독거노인현황(성별)","","198","214","233","228",
"도곡2동","합계","여","독거노인현황(성별)","","463","499","503","543",
"도곡2동","국민기초생활보장 수급권자","계","독거노인현황(성별)","","16","20","28","37",
"도곡2동","국민기초생활보장 수급권자","남","독거노인현황(성별)","","10","10","11","16",
"도곡2동","국민기초생활보장 수급권자","여","독거노인현황(성별)","","6","10","17","21",
"도곡2동","저소득노인","계","독거노인현황(성별)","","2","4","7","8",
"도곡2동","저소득노인","남","독거노인현황(성별)","","1","2","4","4",
"도곡2동","저소득노인","여","독거노인현황(성별)","","1","2","3","4",
"도곡2동","일   반","계","독거노인현황(성별)","","643","689","701","726",
"도곡2동","일   반","남","독거노인현황(성별)","","187","202","218","208",
"도곡2동","일   반","여","독거노인현황(성별)","","456","487","483","518",
"개포1동","합계","계","독거노인현황(성별)","","407","599","677","679",
"개포1동","합계","남","독거노인현황(성별)","","142","193","201","193",
"개포1동","합계","여","독거노인현황(성별)","","265","406","476","486",
"개포1동","국민기초생활보장 수급권자","계","독거노인현황(성별)","","57","48","68","93",
"개포1동","국민기초생활보장 수급권자","남","독거노인현황(성별)","","18","13","19","32",
"개포1동","국민기초생활보장 수급권자","여","독거노인현황(성별)","","39","35","49","61",
"개포1동","저소득노인","계","독거노인현황(성별)","","15","20","43","37",
"개포1동","저소득노인","남","독거노인현황(성별)","","2","5","13","9",
"개포1동","저소득노인","여","독거노인현황(성별)","","13","15","30","28",
"개포1동","일   반","계","독거노인현황(성별)","","335","531","566","549",
"개포1동","일   반","남","독거노인현황(성별)","","122","175","169","152",
"개포1동","일   반","여","독거노인현황(성별)","","213","356","397","397",
"개포2동","합계","계","독거노인현황(성별)","","650","754","824","838",
"개포2동","합계","남","독거노인현황(성별)","","170","222","231","231",
"개포2동","합계","여","독거노인현황(성별)","","480","532","593","607",
"개포2동","국민기초생활보장 수급권자","계","독거노인현황(성별)","","55","60","93","115",
"개포2동","국민기초생활보장 수급권자","남","독거노인현황(성별)","","17","21","31","38",
"개포2동","국민기초생활보장 수급권자","여","독거노인현황(성별)","","38","39","62","77",
"개포2동","저소득노인","계","독거노인현황(성별)","","5","12","25","24",
"개포2동","저소득노인","남","독거노인현황(성별)","","2","5","8","7",
"개포2동","저소득노인","여","독거노인현황(성별)","","3","7","17","17",
"개포2동","일   반","계","독거노인현황(성별)","","590","682","706","699",
"개포2동","일   반","남","독거노인현황(성별)","","151","196","192","186",
"개포2동","일   반","여","독거노인현황(성별)","","439","486","514","513",
"개포3동","합계","계","독거노인현황(성별)","","1533","1628","1993","2087",
"개포3동","합계","남","독거노인현황(성별)","","376","396","455","466",
"개포3동","합계","여","독거노인현황(성별)","","1157","1232","1538","1621",
"개포3동","국민기초생활보장 수급권자","계","독거노인현황(성별)","","421","438","621","676",
"개포3동","국민기초생활보장 수급권자","남","독거노인현황(성별)","","114","114","146","155",
"개포3동","국민기초생활보장 수급권자","여","독거노인현황(성별)","","307","324","475","521",
"개포3동","저소득노인","계","독거노인현황(성별)","","32","62","212","202",
"개포3동","저소득노인","남","독거노인현황(성별)","","5","17","58","54",
"개포3동","저소득노인","여","독거노인현황(성별)","","27","45","154","148",
"개포3동","일   반","계","독거노인현황(성별)","","1080","1128","1160","1209",
"개포3동","일   반","남","독거노인현황(성별)","","257","265","251","257",
"개포3동","일   반","여","독거노인현황(성별)","","823","863","909","952",
"개포4동","합계","계","독거노인현황(성별)","","778","871","957","1059",
"개포4동","합계","남","독거노인현황(성별)","","242","282","315","359",
"개포4동","합계","여","독거노인현황(성별)","","536","589","642","700",
"개포4동","국민기초생활보장 수급권자","계","독거노인현황(성별)","","143","154","213","249",
"개포4동","국민기초생활보장 수급권자","남","독거노인현황(성별)","","46","51","76","91",
"개포4동","국민기초생활보장 수급권자","여","독거노인현황(성별)","","97","103","137","158",
"개포4동","저소득노인","계","독거노인현황(성별)","","14","16","23","22",
"개포4동","저소득노인","남","독거노인현황(성별)","","4","5","11","9",
"개포4동","저소득노인","여","독거노인현황(성별)","","10","11","12","13",
"개포4동","일   반","계","독거노인현황(성별)","","621","701","721","788",
"개포4동","일   반","남","독거노인현황(성별)","","192","226","228","259",
"개포4동","일   반","여","독거노인현황(성별)","","429","475","493","529",
"세곡동","합계","계","독거노인현황(성별)","","1718","1908","2500","2743",
"세곡동","합계","남","독거노인현황(성별)","","508","548","763","846",
"세곡동","합계","여","독거노인현황(성별)","","1210","1360","1737","1897",
"세곡동","국민기초생활보장 수급권자","계","독거노인현황(성별)","","359","397","629","723",
"세곡동","국민기초생활보장 수급권자","남","독거노인현황(성별)","","109","109","179","212",
"세곡동","국민기초생활보장 수급권자","여","독거노인현황(성별)","","250","288","450","511",
"세곡동","저소득노인","계","독거노인현황(성별)","","32","81","221","233",
"세곡동","저소득노인","남","독거노인현황(성별)","","8","32","82","83",
"세곡동","저소득노인","여","독거노인현황(성별)","","24","49","139","150",
"세곡동","일   반","계","독거노인현황(성별)","","1327","1430","1650","1787",
"세곡동","일   반","남","독거노인현황(성별)","","391","407","502","551",
"세곡동","일   반","여","독거노인현황(성별)","","936","1023","1148","1236",
"일원본동","합계","계","독거노인현황(성별)","","503","531","522","577",
"일원본동","합계","남","독거노인현황(성별)","","118","133","126","130",
"일원본동","합계","여","독거노인현황(성별)","","385","398","396","447",
"일원본동","국민기초생활보장 수급권자","계","독거노인현황(성별)","","22","30","28","31",
"일원본동","국민기초생활보장 수급권자","남","독거노인현황(성별)","","4","5","6","7",
"일원본동","국민기초생활보장 수급권자","여","독거노인현황(성별)","","18","25","22","24",
"일원본동","저소득노인","계","독거노인현황(성별)","","4","5","7","6",
"일원본동","저소득노인","남","독거노인현황(성별)","","-","1","1","1",
"일원본동","저소득노인","여","독거노인현황(성별)","","4","4","6","5",
"일원본동","일   반","계","독거노인현황(성별)","","477","496","487","540",
"일원본동","일   반","남","독거노인현황(성별)","","114","127","119","122",
"일원본동","일   반","여","독거노인현황(성별)","","363","369","368","418",
"일원1동","합계","계","독거노인현황(성별)","","1458","1600","1906","1991",
"일원1동","합계","남","독거노인현황(성별)","","448","510","617","638",
"일원1동","합계","여","독거노인현황(성별)","","1010","1090","1289","1353",
"일원1동","국민기초생활보장 수급권자","계","독거노인현황(성별)","","417","440","607","652",
"일원1동","국민기초생활보장 수급권자","남","독거노인현황(성별)","","129","139","201","217",
"일원1동","국민기초생활보장 수급권자","여","독거노인현황(성별)","","288","301","406","435",
"일원1동","저소득노인","계","독거노인현황(성별)","","30","58","141","132",
"일원1동","저소득노인","남","독거노인현황(성별)","","7","22","49","41",
"일원1동","저소득노인","여","독거노인현황(성별)","","23","36","92","91",
"일원1동","일   반","계","독거노인현황(성별)","","1011","1102","1158","1207",
"일원1동","일   반","남","독거노인현황(성별)","","312","349","367","380",
"일원1동","일   반","여","독거노인현황(성별)","","699","753","791","827",
"수서동","합계","계","독거노인현황(성별)","","3145","3410","4249","4506",
"수서동","합계","남","독거노인현황(성별)","","1032","1138","1433","1548",
"수서동","합계","여","독거노인현황(성별)","","2113","2272","2816","2958",
"수서동","국민기초생활보장 수급권자","계","독거노인현황(성별)","","1067","1141","1651","1786",
"수서동","국민기초생활보장 수급권자","남","독거노인현황(성별)","","384","414","593","661",
"수서동","국민기초생활보장 수급권자","여","독거노인현황(성별)","","683","727","1058","1125",
"수서동","저소득노인","계","독거노인현황(성별)","","27","57","298","282",
"수서동","저소득노인","남","독거노인현황(성별)","","7","16","97","93",
"수서동","저소득노인","여","독거노인현황(성별)","","20","41","201","189",
"수서동","일   반","계","독거노인현황(성별)","","2051","2212","2300","2438",
"수서동","일   반","남","독거노인현황(성별)","","641","708","743","794",
"수서동","일   반","여","독거노인현황(성별)","","1410","1504","1557","1644",
"송파구","합계","계","독거노인현황(성별)","","25246","25889","22066","22930",
"송파구","합계","남","독거노인현황(성별)","","8458","8825","7277","7571",
"송파구","합계","여","독거노인현황(성별)","","16788","17064","14789","15359",
"송파구","국민기초생활보장 수급권자","계","독거노인현황(성별)","","4667","5154","5708","6264",
"송파구","국민기초생활보장 수급권자","남","독거노인현황(성별)","","1744","1988","2239","2517",
"송파구","국민기초생활보장 수급권자","여","독거노인현황(성별)","","2923","3166","3469","3747",
"송파구","저소득노인","계","독거노인현황(성별)","","288","287","269","389",
"송파구","저소득노인","남","독거노인현황(성별)","","110","126","78","141",
"송파구","저소득노인","여","독거노인현황(성별)","","178","161","191","248",
"송파구","일   반","계","독거노인현황(성별)","","20291","20448","16089","16277",
"송파구","일   반","남","독거노인현황(성별)","","6604","6711","4960","4913",
"송파구","일   반","여","독거노인현황(성별)","","13687","13737","11129","11364",
"풍납1동","합계","계","독거노인현황(성별)","","982","1029","804","819",
"풍납1동","합계","남","독거노인현황(성별)","","347","374","289","302",
"풍납1동","합계","여","독거노인현황(성별)","","635","655","515","517",
"풍납1동","국민기초생활보장 수급권자","계","독거노인현황(성별)","","214","235","245","270",
"풍납1동","국민기초생활보장 수급권자","남","독거노인현황(성별)","","75","89","92","106",
"풍납1동","국민기초생활보장 수급권자","여","독거노인현황(성별)","","139","146","153","164",
"풍납1동","저소득노인","계","독거노인현황(성별)","","10","11","7","6",
"풍납1동","저소득노인","남","독거노인현황(성별)","","3","5","4","3",
"풍납1동","저소득노인","여","독거노인현황(성별)","","7","6","3","3",
"풍납1동","일   반","계","독거노인현황(성별)","","758","783","552","543",
"풍납1동","일   반","남","독거노인현황(성별)","","269","280","193","193",
"풍납1동","일   반","여","독거노인현황(성별)","","489","503","359","350",
"풍납2동","합계","계","독거노인현황(성별)","","985","1002","865","882",
"풍납2동","합계","남","독거노인현황(성별)","","322","330","283","287",
"풍납2동","합계","여","독거노인현황(성별)","","663","672","582","595",
"풍납2동","국민기초생활보장 수급권자","계","독거노인현황(성별)","","164","171","194","212",
"풍납2동","국민기초생활보장 수급권자","남","독거노인현황(성별)","","60","64","82","94",
"풍납2동","국민기초생활보장 수급권자","여","독거노인현황(성별)","","104","107","112","118",
"풍납2동","저소득노인","계","독거노인현황(성별)","","9","13","12","14",
"풍납2동","저소득노인","남","독거노인현황(성별)","","2","6","2","3",
"풍납2동","저소득노인","여","독거노인현황(성별)","","7","7","10","11",
"풍납2동","일   반","계","독거노인현황(성별)","","812","818","659","656",
"풍납2동","일   반","남","독거노인현황(성별)","","260","260","199","190",
"풍납2동","일   반","여","독거노인현황(성별)","","552","558","460","466",
"거여1동","합계","계","독거노인현황(성별)","","832","877","693","769",
"거여1동","합계","남","독거노인현황(성별)","","311","330","252","283",
"거여1동","합계","여","독거노인현황(성별)","","521","547","441","486",
"거여1동","국민기초생활보장 수급권자","계","독거노인현황(성별)","","187","220","247","287",
"거여1동","국민기초생활보장 수급권자","남","독거노인현황(성별)","","73","86","99","119",
"거여1동","국민기초생활보장 수급권자","여","독거노인현황(성별)","","114","134","148","168",
"거여1동","저소득노인","계","독거노인현황(성별)","","18","10","5","6",
"거여1동","저소득노인","남","독거노인현황(성별)","","6","4","1","1",
"거여1동","저소득노인","여","독거노인현황(성별)","","12","6","4","5",
"거여1동","일   반","계","독거노인현황(성별)","","627","647","441","476",
"거여1동","일   반","남","독거노인현황(성별)","","232","240","152","163",
"거여1동","일   반","여","독거노인현황(성별)","","395","407","289","313",
"거여2동","합계","계","독거노인현황(성별)","","1496","1559","1258","1325",
"거여2동","합계","남","독거노인현황(성별)","","470","505","395","407",
"거여2동","합계","여","독거노인현황(성별)","","1026","1054","863","918",
"거여2동","국민기초생활보장 수급권자","계","독거노인현황(성별)","","352","383","411","453",
"거여2동","국민기초생활보장 수급권자","남","독거노인현황(성별)","","108","126","140","156",
"거여2동","국민기초생활보장 수급권자","여","독거노인현황(성별)","","244","257","271","297",
"거여2동","저소득노인","계","독거노인현황(성별)","","16","12","26","41",
"거여2동","저소득노인","남","독거노인현황(성별)","","8","8","4","10",
"거여2동","저소득노인","여","독거노인현황(성별)","","8","4","22","31",
"거여2동","일   반","계","독거노인현황(성별)","","1128","1164","821","831",
"거여2동","일   반","남","독거노인현황(성별)","","354","371","251","241",
"거여2동","일   반","여","독거노인현황(성별)","","774","793","570","590",
"마천1동","합계","계","독거노인현황(성별)","","1807","1847","1275","1254",
"마천1동","합계","남","독거노인현황(성별)","","738","773","539","536",
"마천1동","합계","여","독거노인현황(성별)","","1069","1074","736","718",
"마천1동","국민기초생활보장 수급권자","계","독거노인현황(성별)","","493","529","549","564",
"마천1동","국민기초생활보장 수급권자","남","독거노인현황(성별)","","216","240","249","256",
"마천1동","국민기초생활보장 수급권자","여","독거노인현황(성별)","","277","289","300","308",
"마천1동","저소득노인","계","독거노인현황(성별)","","22","17","30","29",
"마천1동","저소득노인","남","독거노인현황(성별)","","11","11","14","15",
"마천1동","저소득노인","여","독거노인현황(성별)","","11","6","16","14",
"마천1동","일   반","계","독거노인현황(성별)","","1292","1301","696","661",
"마천1동","일   반","남","독거노인현황(성별)","","511","522","276","265",
"마천1동","일   반","여","독거노인현황(성별)","","781","779","420","396",
"마천2동","합계","계","독거노인현황(성별)","","1940","1691","1375","1520",
"마천2동","합계","남","독거노인현황(성별)","","712","669","543","617",
"마천2동","합계","여","독거노인현황(성별)","","1228","1022","832","903",
"마천2동","국민기초생활보장 수급권자","계","독거노인현황(성별)","","407","441","525","602",
"마천2동","국민기초생활보장 수급권자","남","독거노인현황(성별)","","155","175","219","262",
"마천2동","국민기초생활보장 수급권자","여","독거노인현황(성별)","","252","266","306","340",
"마천2동","저소득노인","계","독거노인현황(성별)","","16","16","13","28",
"마천2동","저소득노인","남","독거노인현황(성별)","","6","10","3","12",
"마천2동","저소득노인","여","독거노인현황(성별)","","10","6","10","16",
"마천2동","일   반","계","독거노인현황(성별)","","1517","1234","837","890",
"마천2동","일   반","남","독거노인현황(성별)","","551","484","321","343",
"마천2동","일   반","여","독거노인현황(성별)","","966","750","516","547",
"방이1동","합계","계","독거노인현황(성별)","","453","491","455","460",
"방이1동","합계","남","독거노인현황(성별)","","157","177","155","156",
"방이1동","합계","여","독거노인현황(성별)","","296","314","300","304",
"방이1동","국민기초생활보장 수급권자","계","독거노인현황(성별)","","75","91","97","104",
"방이1동","국민기초생활보장 수급권자","남","독거노인현황(성별)","","26","32","35","41",
"방이1동","국민기초생활보장 수급권자","여","독거노인현황(성별)","","49","59","62","63",
"방이1동","저소득노인","계","독거노인현황(성별)","","8","5","5","3",
"방이1동","저소득노인","남","독거노인현황(성별)","","2","2","1","-",
"방이1동","저소득노인","여","독거노인현황(성별)","","6","3","4","3",
"방이1동","일   반","계","독거노인현황(성별)","","370","395","353","353",
"방이1동","일   반","남","독거노인현황(성별)","","129","143","119","115",
"방이1동","일   반","여","독거노인현황(성별)","","241","252","234","238",
"방이2동","합계","계","독거노인현황(성별)","","1162","1229","1033","1099",
"방이2동","합계","남","독거노인현황(성별)","","445","484","389","410",
"방이2동","합계","여","독거노인현황(성별)","","717","745","644","689",
"방이2동","국민기초생활보장 수급권자","계","독거노인현황(성별)","","231","260","309","342",
"방이2동","국민기초생활보장 수급권자","남","독거노인현황(성별)","","99","118","138","151",
"방이2동","국민기초생활보장 수급권자","여","독거노인현황(성별)","","132","142","171","191",
"방이2동","저소득노인","계","독거노인현황(성별)","","12","13","13","16",
"방이2동","저소득노인","남","독거노인현황(성별)","","6","7","4","6",
"방이2동","저소득노인","여","독거노인현황(성별)","","6","6","9","10",
"방이2동","일   반","계","독거노인현황(성별)","","919","956","711","741",
"방이2동","일   반","남","독거노인현황(성별)","","340","359","247","253",
"방이2동","일   반","여","독거노인현황(성별)","","579","597","464","488",
"오륜동","합계","계","독거노인현황(성별)","","311","307","326","317",
"오륜동","합계","남","독거노인현황(성별)","","68","65","71","69",
"오륜동","합계","여","독거노인현황(성별)","","243","242","255","248",
"오륜동","국민기초생활보장 수급권자","계","독거노인현황(성별)","","8","9","8","6",
"오륜동","국민기초생활보장 수급권자","남","독거노인현황(성별)","","2","1","1","-",
"오륜동","국민기초생활보장 수급권자","여","독거노인현황(성별)","","6","8","7","6",
"오륜동","저소득노인","계","독거노인현황(성별)","","1","2","1","1",
"오륜동","저소득노인","남","독거노인현황(성별)","","","-","-","-",
"오륜동","저소득노인","여","독거노인현황(성별)","","1","2","1","1",
"오륜동","일   반","계","독거노인현황(성별)","","302","296","317","310",
"오륜동","일   반","남","독거노인현황(성별)","","66","64","70","69",
"오륜동","일   반","여","독거노인현황(성별)","","236","232","247","241",
"오금동","합계","계","독거노인현황(성별)","","1743","1861","1593","1660",
"오금동","합계","남","독거노인현황(성별)","","540","596","509","535",
"오금동","합계","여","독거노인현황(성별)","","1203","1265","1084","1125",
"오금동","국민기초생활보장 수급권자","계","독거노인현황(성별)","","336","392","451","502",
"오금동","국민기초생활보장 수급권자","남","독거노인현황(성별)","","101","126","151","167",
"오금동","국민기초생활보장 수급권자","여","독거노인현황(성별)","","235","266","300","335",
"오금동","저소득노인","계","독거노인현황(성별)","","18","22","17","30",
"오금동","저소득노인","남","독거노인현황(성별)","","7","12","4","10",
"오금동","저소득노인","여","독거노인현황(성별)","","11","10","13","20",
"오금동","일   반","계","독거노인현황(성별)","","1389","1447","1125","1128",
"오금동","일   반","남","독거노인현황(성별)","","432","458","354","358",
"오금동","일   반","여","독거노인현황(성별)","","957","989","771","770",
"송파1동","합계","계","독거노인현황(성별)","","883","876","779","806",
"송파1동","합계","남","독거노인현황(성별)","","302","290","260","267",
"송파1동","합계","여","독거노인현황(성별)","","581","586","519","539",
"송파1동","국민기초생활보장 수급권자","계","독거노인현황(성별)","","160","158","178","195",
"송파1동","국민기초생활보장 수급권자","남","독거노인현황(성별)","","67","65","82","84",
"송파1동","국민기초생활보장 수급권자","여","독거노인현황(성별)","","93","93","96","111",
"송파1동","저소득노인","계","독거노인현황(성별)","","8","7","6","8",
"송파1동","저소득노인","남","독거노인현황(성별)","","3","2","2","3",
"송파1동","저소득노인","여","독거노인현황(성별)","","5","5","4","5",
"송파1동","일   반","계","독거노인현황(성별)","","715","711","595","603",
"송파1동","일   반","남","독거노인현황(성별)","","232","223","176","180",
"송파1동","일   반","여","독거노인현황(성별)","","483","488","419","423",
"송파2동","합계","계","독거노인현황(성별)","","523","504","437","463",
"송파2동","합계","남","독거노인현황(성별)","","188","168","128","132",
"송파2동","합계","여","독거노인현황(성별)","","335","336","309","331",
"송파2동","국민기초생활보장 수급권자","계","독거노인현황(성별)","","91","78","86","91",
"송파2동","국민기초생활보장 수급권자","남","독거노인현황(성별)","","41","32","33","34",
"송파2동","국민기초생활보장 수급권자","여","독거노인현황(성별)","","50","46","53","57",
"송파2동","저소득노인","계","독거노인현황(성별)","","5","6","2","3",
"송파2동","저소득노인","남","독거노인현황(성별)","","1","1","-","1",
"송파2동","저소득노인","여","독거노인현황(성별)","","4","5","2","2",
"송파2동","일   반","계","독거노인현황(성별)","","427","420","349","369",
"송파2동","일   반","남","독거노인현황(성별)","","146","135","95","97",
"송파2동","일   반","여","독거노인현황(성별)","","281","285","254","272",
"석촌동","합계","계","독거노인현황(성별)","","1507","1637","1366","1410",
"석촌동","합계","남","독거노인현황(성별)","","608","679","533","564",
"석촌동","합계","여","독거노인현황(성별)","","899","958","833","846",
"석촌동","국민기초생활보장 수급권자","계","독거노인현황(성별)","","266","341","378","425",
"석촌동","국민기초생활보장 수급권자","남","독거노인현황(성별)","","129","174","193","219",
"석촌동","국민기초생활보장 수급권자","여","독거노인현황(성별)","","137","167","185","206",
"석촌동","저소득노인","계","독거노인현황(성별)","","17","20","24","33",
"석촌동","저소득노인","남","독거노인현황(성별)","","7","8","7","12",
"석촌동","저소득노인","여","독거노인현황(성별)","","10","12","17","21",
"석촌동","일   반","계","독거노인현황(성별)","","1224","1276","964","952",
"석촌동","일   반","남","독거노인현황(성별)","","472","497","333","333",
"석촌동","일   반","여","독거노인현황(성별)","","752","779","631","619",
"삼전동","합계","계","독거노인현황(성별)","","1465","1542","1300","1294",
"삼전동","합계","남","독거노인현황(성별)","","493","522","431","421",
"삼전동","합계","여","독거노인현황(성별)","","972","1020","869","873",
"삼전동","국민기초생활보장 수급권자","계","독거노인현황(성별)","","309","362","416","453",
"삼전동","국민기초생활보장 수급권자","남","독거노인현황(성별)","","118","136","152","164",
"삼전동","국민기초생활보장 수급권자","여","독거노인현황(성별)","","191","226","264","289",
"삼전동","저소득노인","계","독거노인현황(성별)","","15","16","20","32",
"삼전동","저소득노인","남","독거노인현황(성별)","","6","6","5","11",
"삼전동","저소득노인","여","독거노인현황(성별)","","9","10","15","21",
"삼전동","일   반","계","독거노인현황(성별)","","1141","1164","864","809",
"삼전동","일   반","남","독거노인현황(성별)","","369","380","274","246",
"삼전동","일   반","여","독거노인현황(성별)","","772","784","590","563",
"가락본동","합계","계","독거노인현황(성별)","","1061","1117","978","1006",
"가락본동","합계","남","독거노인현황(성별)","","431","464","387","392",
"가락본동","합계","여","독거노인현황(성별)","","630","653","591","614",
"가락본동","국민기초생활보장 수급권자","계","독거노인현황(성별)","","184","211","212","228",
"가락본동","국민기초생활보장 수급권자","남","독거노인현황(성별)","","84","101","106","110",
"가락본동","국민기초생활보장 수급권자","여","독거노인현황(성별)","","100","110","106","118",
"가락본동","저소득노인","계","독거노인현황(성별)","","10","9","7","7",
"가락본동","저소득노인","남","독거노인현황(성별)","","4","2","3","2",
"가락본동","저소득노인","여","독거노인현황(성별)","","6","7","4","5",
"가락본동","일   반","계","독거노인현황(성별)","","867","897","759","771",
"가락본동","일   반","남","독거노인현황(성별)","","343","361","278","280",
"가락본동","일   반","여","독거노인현황(성별)","","524","536","481","491",
"가락1동","합계","계","독거노인현황(성별)","","524","540","508","543",
"가락1동","합계","남","독거노인현황(성별)","","125","126","125","128",
"가락1동","합계","여","독거노인현황(성별)","","399","414","383","415",
"가락1동","국민기초생활보장 수급권자","계","독거노인현황(성별)","","47","51","61","79",
"가락1동","국민기초생활보장 수급권자","남","독거노인현황(성별)","","12","11","12","62",
"가락1동","국민기초생활보장 수급권자","여","독거노인현황(성별)","","35","40","49","17",
"가락1동","저소득노인","계","독거노인현황(성별)","","13","11","6","10",
"가락1동","저소득노인","남","독거노인현황(성별)","","3","3","-","3",
"가락1동","저소득노인","여","독거노인현황(성별)","","10","8","6","7",
"가락1동","일   반","계","독거노인현황(성별)","","464","478","441","454",
"가락1동","일   반","남","독거노인현황(성별)","","110","112","113","63",
"가락1동","일   반","여","독거노인현황(성별)","","354","366","328","391",
"가락2동","합계","계","독거노인현황(성별)","","860","884","821","813",
"가락2동","합계","남","독거노인현황(성별)","","258","271","253","252",
"가락2동","합계","여","독거노인현황(성별)","","602","613","568","561",
"가락2동","국민기초생활보장 수급권자","계","독거노인현황(성별)","","127","139","157","169",
"가락2동","국민기초생활보장 수급권자","남","독거노인현황(성별)","","43","52","62","74",
"가락2동","국민기초생활보장 수급권자","여","독거노인현황(성별)","","84","87","95","95",
"가락2동","저소득노인","계","독거노인현황(성별)","","8","11","10","13",
"가락2동","저소득노인","남","독거노인현황(성별)","","3","4","5","6",
"가락2동","저소득노인","여","독거노인현황(성별)","","5","7","5","7",
"가락2동","일   반","계","독거노인현황(성별)","","725","734","654","631",
"가락2동","일   반","남","독거노인현황(성별)","","212","215","186","172",
"가락2동","일   반","여","독거노인현황(성별)","","513","519","468","459",
"문정1동","합계","계","독거노인현황(성별)","","622","631","557","609",
"문정1동","합계","남","독거노인현황(성별)","","219","213","182","195",
"문정1동","합계","여","독거노인현황(성별)","","403","418","375","414",
"문정1동","국민기초생활보장 수급권자","계","독거노인현황(성별)","","109","110","121","127",
"문정1동","국민기초생활보장 수급권자","남","독거노인현황(성별)","","43","43","50","54",
"문정1동","국민기초생활보장 수급권자","여","독거노인현황(성별)","","66","67","71","73",
"문정1동","저소득노인","계","독거노인현황(성별)","","9","10","8","12",
"문정1동","저소득노인","남","독거노인현황(성별)","","6","4","1","3",
"문정1동","저소득노인","여","독거노인현황(성별)","","3","6","7","9",
"문정1동","일   반","계","독거노인현황(성별)","","504","511","428","470",
"문정1동","일   반","남","독거노인현황(성별)","","170","166","131","138",
"문정1동","일   반","여","독거노인현황(성별)","","334","345","297","332",
"문정2동","합계","계","독거노인현황(성별)","","536","540","534","544",
"문정2동","합계","남","독거노인현황(성별)","","159","165","158","154",
"문정2동","합계","여","독거노인현황(성별)","","377","375","376","390",
"문정2동","국민기초생활보장 수급권자","계","독거노인현황(성별)","","31","28","30","33",
"문정2동","국민기초생활보장 수급권자","남","독거노인현황(성별)","","8","10","12","11",
"문정2동","국민기초생활보장 수급권자","여","독거노인현황(성별)","","23","18","18","22",
"문정2동","저소득노인","계","독거노인현황(성별)","","8","4","3","4",
"문정2동","저소득노인","남","독거노인현황(성별)","","4","2","1","1",
"문정2동","저소득노인","여","독거노인현황(성별)","","4","2","2","3",
"문정2동","일   반","계","독거노인현황(성별)","","497","508","501","507",
"문정2동","일   반","남","독거노인현황(성별)","","147","153","145","142",
"문정2동","일   반","여","독거노인현황(성별)","","350","355","356","365",
"장지동","합계","계","독거노인현황(성별)","","1318","1355","1062","1161",
"장지동","합계","남","독거노인현황(성별)","","354","360","286","309",
"장지동","합계","여","독거노인현황(성별)","","964","995","776","852",
"장지동","국민기초생활보장 수급권자","계","독거노인현황(성별)","","338","368","396","426",
"장지동","국민기초생활보장 수급권자","남","독거노인현황(성별)","","77","81","90","97",
"장지동","국민기초생활보장 수급권자","여","독거노인현황(성별)","","261","287","306","329",
"장지동","저소득노인","계","독거노인현황(성별)","","18","17","9","23",
"장지동","저소득노인","남","독거노인현황(성별)","","5","7","4","12",
"장지동","저소득노인","여","독거노인현황(성별)","","13","10","5","11",
"장지동","일   반","계","독거노인현황(성별)","","962","970","657","712",
"장지동","일   반","남","독거노인현황(성별)","","272","272","192","200",
"장지동","일   반","여","독거노인현황(성별)","","690","698","465","512",
"위례동","합계","계","독거노인현황(성별)","","675","711","548","622",
"위례동","합계","남","독거노인현황(성별)","","167","170","134","152",
"위례동","합계","여","독거노인현황(성별)","","508","541","414","470",
"위례동","국민기초생활보장 수급권자","계","독거노인현황(성별)","","185","208","255","281",
"위례동","국민기초생활보장 수급권자","남","독거노인현황(성별)","","39","41","51","56",
"위례동","국민기초생활보장 수급권자","여","독거노인현황(성별)","","146","167","204","225",
"위례동","저소득노인","계","독거노인현황(성별)","","21","21","16","29",
"위례동","저소득노인","남","독거노인현황(성별)","","9","9","4","10",
"위례동","저소득노인","여","독거노인현황(성별)","","12","12","12","19",
"위례동","일   반","계","독거노인현황(성별)","","469","482","277","312",
"위례동","일   반","남","독거노인현황(성별)","","119","120","79","86",
"위례동","일   반","여","독거노인현황(성별)","","350","362","198","226",
"잠실본동","합계","계","독거노인현황(성별)","","1322","1388","1142","1207",
"잠실본동","합계","남","독거노인현황(성별)","","543","579","429","456",
"잠실본동","합계","여","독거노인현황(성별)","","779","809","713","751",
"잠실본동","국민기초생활보장 수급권자","계","독거노인현황(성별)","","295","314","334","366",
"잠실본동","국민기초생활보장 수급권자","남","독거노인현황(성별)","","155","169","179","191",
"잠실본동","국민기초생활보장 수급권자","여","독거노인현황(성별)","","140","145","155","175",
"잠실본동","저소득노인","계","독거노인현황(성별)","","10","14","17","28",
"잠실본동","저소득노인","남","독거노인현황(성별)","","4","5","6","14",
"잠실본동","저소득노인","여","독거노인현황(성별)","","6","9","11","14",
"잠실본동","일   반","계","독거노인현황(성별)","","1017","1060","791","813",
"잠실본동","일   반","남","독거노인현황(성별)","","384","405","244","251",
"잠실본동","일   반","여","독거노인현황(성별)","","633","655","547","562",
"잠실2동","합계","계","독거노인현황(성별)","","502","495","533","561",
"잠실2동","합계","남","독거노인현황(성별)","","100","103","111","124",
"잠실2동","합계","여","독거노인현황(성별)","","402","392","422","437",
"잠실2동","국민기초생활보장 수급권자","계","독거노인현황(성별)","","12","8","10","12",
"잠실2동","국민기초생활보장 수급권자","남","독거노인현황(성별)","","2","3","1","-",
"잠실2동","국민기초생활보장 수급권자","여","독거노인현황(성별)","","10","5","9","12",
"잠실2동","저소득노인","계","독거노인현황(성별)","","4","3","2","-",
"잠실2동","저소득노인","남","독거노인현황(성별)","","1","1","-","-",
"잠실2동","저소득노인","여","독거노인현황(성별)","","3","2","2","-",
"잠실2동","일   반","계","독거노인현황(성별)","","486","484","521","549",
"잠실2동","일   반","남","독거노인현황(성별)","","97","99","110","124",
"잠실2동","일   반","여","독거노인현황(성별)","","389","385","411","425",
"잠실3동","합계","계","독거노인현황(성별)","","728","736","765","728",
"잠실3동","합계","남","독거노인현황(성별)","","169","171","191","173",
"잠실3동","합계","여","독거노인현황(성별)","","559","565","574","555",
"잠실3동","국민기초생활보장 수급권자","계","독거노인현황(성별)","","22","20","15","14",
"잠실3동","국민기초생활보장 수급권자","남","독거노인현황(성별)","","5","5","4","4",
"잠실3동","국민기초생활보장 수급권자","여","독거노인현황(성별)","","17","15","11","10",
"잠실3동","저소득노인","계","독거노인현황(성별)","","6","6","3","8",
"잠실3동","저소득노인","남","독거노인현황(성별)","","1","2","1","2",
"잠실3동","저소득노인","여","독거노인현황(성별)","","5","4","2","6",
"잠실3동","일   반","계","독거노인현황(성별)","","700","710","747","706",
"잠실3동","일   반","남","독거노인현황(성별)","","163","164","186","167",
"잠실3동","일   반","여","독거노인현황(성별)","","537","546","561","539",
"잠실4동","합계","계","독거노인현황(성별)","","389","405","409","396",
"잠실4동","합계","남","독거노인현황(성별)","","73","82","77","83",
"잠실4동","합계","여","독거노인현황(성별)","","316","323","332","313",
"잠실4동","국민기초생활보장 수급권자","계","독거노인현황(성별)","","10","7","7","7",
"잠실4동","국민기초생활보장 수급권자","남","독거노인현황(성별)","","3","3","3","2",
"잠실4동","국민기초생활보장 수급권자","여","독거노인현황(성별)","","7","4","4","5",
"잠실4동","저소득노인","계","독거노인현황(성별)","","3","8","4","3",
"잠실4동","저소득노인","남","독거노인현황(성별)","","1","4","2","1",
"잠실4동","저소득노인","여","독거노인현황(성별)","","2","4","2","2",
"잠실4동","일   반","계","독거노인현황(성별)","","376","390","398","386",
"잠실4동","일   반","남","독거노인현황(성별)","","69","75","72","80",
"잠실4동","일   반","여","독거노인현황(성별)","","307","315","326","306",
"잠실6동","합계","계","독거노인현황(성별)","","360","371","375","380",
"잠실6동","합계","남","독거노인현황(성별)","","88","86","95","97",
"잠실6동","합계","여","독거노인현황(성별)","","272","285","280","283",
"잠실6동","국민기초생활보장 수급권자","계","독거노인현황(성별)","","10","16","12","12",
"잠실6동","국민기초생활보장 수급권자","남","독거노인현황(성별)","","2","4","2","2",
"잠실6동","국민기초생활보장 수급권자","여","독거노인현황(성별)","","8","12","10","10",
"잠실6동","저소득노인","계","독거노인현황(성별)","","3","3","3","2",
"잠실6동","저소득노인","남","독거노인현황(성별)","","1","1","-","-",
"잠실6동","저소득노인","여","독거노인현황(성별)","","2","2","3","2",
"잠실6동","일   반","계","독거노인현황(성별)","","347","352","360","366",
"잠실6동","일   반","남","독거노인현황(성별)","","85","81","93","95",
"잠실6동","일   반","여","독거노인현황(성별)","","262","271","267","271",
"잠실7동","합계","계","독거노인현황(성별)","","260","264","275","282",
"잠실7동","합계","남","독거노인현황(성별)","","71","73","72","70",
"잠실7동","합계","여","독거노인현황(성별)","","189","191","203","212",
"잠실7동","국민기초생활보장 수급권자","계","독거노인현황(성별)","","4","4","4","4",
"잠실7동","국민기초생활보장 수급권자","남","독거노인현황(성별)","","1","1","1","1",
"잠실7동","국민기초생활보장 수급권자","여","독거노인현황(성별)","","3","3","3","3",
"잠실7동","저소득노인","계","독거노인현황(성별)","","-","-","-","-",
"잠실7동","저소득노인","남","독거노인현황(성별)","","","-","-","-",
"잠실7동","저소득노인","여","독거노인현황(성별)","","","-","-","-",
"잠실7동","일   반","계","독거노인현황(성별)","","256","260","271","278",
"잠실7동","일   반","남","독거노인현황(성별)","","70","72","71","69",
"잠실7동","일   반","여","독거노인현황(성별)","","186","188","200","209",
"강동구","합계","계","독거노인현황(성별)","","17268","18520","22874","22448",
"강동구","합계","남","독거노인현황(성별)","","5861","6371","8111","7947",
"강동구","합계","여","독거노인현황(성별)","","11407","12149","14763","14501",
"강동구","국민기초생활보장 수급권자","계","독거노인현황(성별)","","4977","5527","6213","6990",
"강동구","국민기초생활보장 수급권자","남","독거노인현황(성별)","","1860","2150","2492","2908",
"강동구","국민기초생활보장 수급권자","여","독거노인현황(성별)","","3117","3377","3721","4082",
"강동구","저소득노인","계","독거노인현황(성별)","","632","591","540","570",
"강동구","저소득노인","남","독거노인현황(성별)","","150","148","131","149",
"강동구","저소득노인","여","독거노인현황(성별)","","482","443","409","421",
"강동구","일   반","계","독거노인현황(성별)","","11659","12402","16121","14888",
"강동구","일   반","남","독거노인현황(성별)","","3851","4073","5488","4890",
"강동구","일   반","여","독거노인현황(성별)","","7808","8329","10633","9998",
"강일동","합계","계","독거노인현황(성별)","","1247","1357","1582","1645",
"강일동","합계","남","독거노인현황(성별)","","363","389","479","490",
"강일동","합계","여","독거노인현황(성별)","","884","968","1103","1155",
"강일동","국민기초생활보장 수급권자","계","독거노인현황(성별)","","586","647","758","822",
"강일동","국민기초생활보장 수급권자","남","독거노인현황(성별)","","151","172","207","227",
"강일동","국민기초생활보장 수급권자","여","독거노인현황(성별)","","435","475","551","595",
"강일동","저소득노인","계","독거노인현황(성별)","","76","68","66","71",
"강일동","저소득노인","남","독거노인현황(성별)","","16","14","13","14",
"강일동","저소득노인","여","독거노인현황(성별)","","60","54","53","57",
"강일동","일   반","계","독거노인현황(성별)","","585","642","758","752",
"강일동","일   반","남","독거노인현황(성별)","","196","203","259","249",
"강일동","일   반","여","독거노인현황(성별)","","389","439","499","503",
"상일1동","합계","계","독거노인현황(성별)","","653","667","860","794",
"상일1동","합계","남","독거노인현황(성별)","","173","186","270","240",
"상일1동","합계","여","독거노인현황(성별)","","480","481","590","554",
"상일1동","국민기초생활보장 수급권자","계","독거노인현황(성별)","","104","111","143","156",
"상일1동","국민기초생활보장 수급권자","남","독거노인현황(성별)","","29","35","51","57",
"상일1동","국민기초생활보장 수급권자","여","독거노인현황(성별)","","75","76","92","99",
"상일1동","저소득노인","계","독거노인현황(성별)","","28","17","11","16",
"상일1동","저소득노인","남","독거노인현황(성별)","","4","2","-","2",
"상일1동","저소득노인","여","독거노인현황(성별)","","24","15","11","14",
"상일1동","일   반","계","독거노인현황(성별)","","521","539","706","622",
"상일1동","일   반","남","독거노인현황(성별)","","140","149","219","181",
"상일1동","일   반","여","독거노인현황(성별)","","381","390","487","441",
"상일2동","합계","계","독거노인현황(성별)","","446","463","519","551",
"상일2동","합계","남","독거노인현황(성별)","","128","126","146","148",
"상일2동","합계","여","독거노인현황(성별)","","318","337","373","403",
"상일2동","국민기초생활보장 수급권자","계","독거노인현황(성별)","","212","237","258","277",
"상일2동","국민기초생활보장 수급권자","남","독거노인현황(성별)","","55","61","73","78",
"상일2동","국민기초생활보장 수급권자","여","독거노인현황(성별)","","157","176","185","199",
"상일2동","저소득노인","계","독거노인현황(성별)","","39","43","47","40",
"상일2동","저소득노인","남","독거노인현황(성별)","","7","10","12","7",
"상일2동","저소득노인","여","독거노인현황(성별)","","32","33","35","33",
"상일2동","일   반","계","독거노인현황(성별)","","195","183","214","234",
"상일2동","일   반","남","독거노인현황(성별)","","66","55","61","63",
"상일2동","일   반","여","독거노인현황(성별)","","129","128","153","171",
"명일1동","합계","계","독거노인현황(성별)","","765","823","1062","990",
"명일1동","합계","남","독거노인현황(성별)","","211","227","307","294",
"명일1동","합계","여","독거노인현황(성별)","","554","596","755","696",
"명일1동","국민기초생활보장 수급권자","계","독거노인현황(성별)","","129","152","158","181",
"명일1동","국민기초생활보장 수급권자","남","독거노인현황(성별)","","55","73","74","94",
"명일1동","국민기초생활보장 수급권자","여","독거노인현황(성별)","","74","79","84","87",
"명일1동","저소득노인","계","독거노인현황(성별)","","18","21","15","15",
"명일1동","저소득노인","남","독거노인현황(성별)","","4","3","1","1",
"명일1동","저소득노인","여","독거노인현황(성별)","","14","18","14","14",
"명일1동","일   반","계","독거노인현황(성별)","","618","650","889","794",
"명일1동","일   반","남","독거노인현황(성별)","","152","151","232","199",
"명일1동","일   반","여","독거노인현황(성별)","","466","499","657","595",
"명일2동","합계","계","독거노인현황(성별)","","351","372","481","412",
"명일2동","합계","남","독거노인현황(성별)","","98","105","148","120",
"명일2동","합계","여","독거노인현황(성별)","","253","267","333","292",
"명일2동","국민기초생활보장 수급권자","계","독거노인현황(성별)","","53","56","55","63",
"명일2동","국민기초생활보장 수급권자","남","독거노인현황(성별)","","13","13","10","15",
"명일2동","국민기초생활보장 수급권자","여","독거노인현황(성별)","","40","43","45","48",
"명일2동","저소득노인","계","독거노인현황(성별)","","7","8","6","9",
"명일2동","저소득노인","남","독거노인현황(성별)","","1","2","1","1",
"명일2동","저소득노인","여","독거노인현황(성별)","","6","6","5","8",
"명일2동","일   반","계","독거노인현황(성별)","","291","308","420","340",
"명일2동","일   반","남","독거노인현황(성별)","","84","90","137","104",
"명일2동","일   반","여","독거노인현황(성별)","","207","218","283","236",
"고덕1동","합계","계","독거노인현황(성별)","","440","476","611","548",
"고덕1동","합계","남","독거노인현황(성별)","","149","167","242","206",
"고덕1동","합계","여","독거노인현황(성별)","","291","309","369","342",
"고덕1동","국민기초생활보장 수급권자","계","독거노인현황(성별)","","130","142","147","155",
"고덕1동","국민기초생활보장 수급권자","남","독거노인현황(성별)","","45","57","66","76",
"고덕1동","국민기초생활보장 수급권자","여","독거노인현황(성별)","","85","85","81","79",
"고덕1동","저소득노인","계","독거노인현황(성별)","","19","23","19","19",
"고덕1동","저소득노인","남","독거노인현황(성별)","","7","7","5","6",
"고덕1동","저소득노인","여","독거노인현황(성별)","","12","16","14","13",
"고덕1동","일   반","계","독거노인현황(성별)","","291","311","445","374",
"고덕1동","일   반","남","독거노인현황(성별)","","97","103","171","124",
"고덕1동","일   반","여","독거노인현황(성별)","","194","208","274","250",
"고덕2동","합계","계","독거노인현황(성별)","","618","659","831","853",
"고덕2동","합계","남","독거노인현황(성별)","","245","256","342","332",
"고덕2동","합계","여","독거노인현황(성별)","","373","403","489","521",
"고덕2동","국민기초생활보장 수급권자","계","독거노인현황(성별)","","200","199","232","305",
"고덕2동","국민기초생활보장 수급권자","남","독거노인현황(성별)","","72","79","94","119",
"고덕2동","국민기초생활보장 수급권자","여","독거노인현황(성별)","","128","120","138","186",
"고덕2동","저소득노인","계","독거노인현황(성별)","","18","19","20","20",
"고덕2동","저소득노인","남","독거노인현황(성별)","","4","6","6","6",
"고덕2동","저소득노인","여","독거노인현황(성별)","","14","13","14","14",
"고덕2동","일   반","계","독거노인현황(성별)","","400","441","579","528",
"고덕2동","일   반","남","독거노인현황(성별)","","169","171","242","207",
"고덕2동","일   반","여","독거노인현황(성별)","","231","270","337","321",
"암사1동","합계","계","독거노인현황(성별)","","1714","1832","2201","2137",
"암사1동","합계","남","독거노인현황(성별)","","581","641","811","810",
"암사1동","합계","여","독거노인현황(성별)","","1133","1191","1390","1327",
"암사1동","국민기초생활보장 수급권자","계","독거노인현황(성별)","","547","602","683","741",
"암사1동","국민기초생활보장 수급권자","남","독거노인현황(성별)","","211","233","285","328",
"암사1동","국민기초생활보장 수급권자","여","독거노인현황(성별)","","336","369","398","413",
"암사1동","저소득노인","계","독거노인현황(성별)","","72","62","53","60",
"암사1동","저소득노인","남","독거노인현황(성별)","","13","13","11","16",
"암사1동","저소득노인","여","독거노인현황(성별)","","59","49","42","44",
"암사1동","일   반","계","독거노인현황(성별)","","1095","1168","1465","1336",
"암사1동","일   반","남","독거노인현황(성별)","","357","395","515","466",
"암사1동","일   반","여","독거노인현황(성별)","","738","773","950","870",
"암사2동","합계","계","독거노인현황(성별)","","463","485","601","534",
"암사2동","합계","남","독거노인현황(성별)","","127","133","182","151",
"암사2동","합계","여","독거노인현황(성별)","","336","352","419","383",
"암사2동","국민기초생활보장 수급권자","계","독거노인현황(성별)","","50","59","64","67",
"암사2동","국민기초생활보장 수급권자","남","독거노인현황(성별)","","22","29","32","33",
"암사2동","국민기초생활보장 수급권자","여","독거노인현황(성별)","","28","30","32","34",
"암사2동","저소득노인","계","독거노인현황(성별)","","5","8","9","12",
"암사2동","저소득노인","남","독거노인현황(성별)","","2","3","4","5",
"암사2동","저소득노인","여","독거노인현황(성별)","","3","5","5","7",
"암사2동","일   반","계","독거노인현황(성별)","","408","418","528","455",
"암사2동","일   반","남","독거노인현황(성별)","","103","101","146","113",
"암사2동","일   반","여","독거노인현황(성별)","","305","317","382","342",
"암사3동","합계","계","독거노인현황(성별)","","385","391","520","463",
"암사3동","합계","남","독거노인현황(성별)","","109","112","162","129",
"암사3동","합계","여","독거노인현황(성별)","","276","279","358","334",
"암사3동","국민기초생활보장 수급권자","계","독거노인현황(성별)","","50","40","43","50",
"암사3동","국민기초생활보장 수급권자","남","독거노인현황(성별)","","19","15","15","21",
"암사3동","국민기초생활보장 수급권자","여","독거노인현황(성별)","","31","25","28","29",
"암사3동","저소득노인","계","독거노인현황(성별)","","10","11","11","9",
"암사3동","저소득노인","남","독거노인현황(성별)","","4","3","3","3",
"암사3동","저소득노인","여","독거노인현황(성별)","","6","8","8","6",
"암사3동","일   반","계","독거노인현황(성별)","","325","340","466","404",
"암사3동","일   반","남","독거노인현황(성별)","","86","94","144","105",
"암사3동","일   반","여","독거노인현황(성별)","","239","246","322","299",
"천호1동","합계","계","독거노인현황(성별)","","1493","1595","1911","1932",
"천호1동","합계","남","독거노인현황(성별)","","531","582","706","716",
"천호1동","합계","여","독거노인현황(성별)","","962","1013","1205","1216",
"천호1동","국민기초생활보장 수급권자","계","독거노인현황(성별)","","519","571","630","713",
"천호1동","국민기초생활보장 수급권자","남","독거노인현황(성별)","","194","232","265","301",
"천호1동","국민기초생활보장 수급권자","여","독거노인현황(성별)","","325","339","365","412",
"천호1동","저소득노인","계","독거노인현황(성별)","","60","49","45","42",
"천호1동","저소득노인","남","독거노인현황(성별)","","15","10","12","10",
"천호1동","저소득노인","여","독거노인현황(성별)","","45","39","33","32",
"천호1동","일   반","계","독거노인현황(성별)","","914","975","1236","1177",
"천호1동","일   반","남","독거노인현황(성별)","","322","340","429","405",
"천호1동","일   반","여","독거노인현황(성별)","","592","635","807","772",
"천호2동","합계","계","독거노인현황(성별)","","1799","1912","2245","2230",
"천호2동","합계","남","독거노인현황(성별)","","692","744","877","895",
"천호2동","합계","여","독거노인현황(성별)","","1107","1168","1368","1335",
"천호2동","국민기초생활보장 수급권자","계","독거노인현황(성별)","","658","740","803","884",
"천호2동","국민기초생활보장 수급권자","남","독거노인현황(성별)","","275","316","344","391",
"천호2동","국민기초생활보장 수급권자","여","독거노인현황(성별)","","383","424","459","493",
"천호2동","저소득노인","계","독거노인현황(성별)","","55","47","36","44",
"천호2동","저소득노인","남","독거노인현황(성별)","","11","11","11","18",
"천호2동","저소득노인","여","독거노인현황(성별)","","44","36","25","26",
"천호2동","일   반","계","독거노인현황(성별)","","1086","1125","1406","1302",
"천호2동","일   반","남","독거노인현황(성별)","","406","417","522","486",
"천호2동","일   반","여","독거노인현황(성별)","","680","708","884","816",
"천호3동","합계","계","독거노인현황(성별)","","1421","1497","1748","1759",
"천호3동","합계","남","독거노인현황(성별)","","586","623","713","722",
"천호3동","합계","여","독거노인현황(성별)","","835","874","1035","1037",
"천호3동","국민기초생활보장 수급권자","계","독거노인현황(성별)","","509","552","618","684",
"천호3동","국민기초생활보장 수급권자","남","독거노인현황(성별)","","213","235","268","297",
"천호3동","국민기초생활보장 수급권자","여","독거노인현황(성별)","","296","317","350","387",
"천호3동","저소득노인","계","독거노인현황(성별)","","52","48","42","41",
"천호3동","저소득노인","남","독거노인현황(성별)","","14","12","7","9",
"천호3동","저소득노인","여","독거노인현황(성별)","","38","36","35","32",
"천호3동","일   반","계","독거노인현황(성별)","","860","897","1088","1034",
"천호3동","일   반","남","독거노인현황(성별)","","359","376","438","416",
"천호3동","일   반","여","독거노인현황(성별)","","501","521","650","618",
"성내1동","합계","계","독거노인현황(성별)","","555","584","673","668",
"성내1동","합계","남","독거노인현황(성별)","","155","170","201","199",
"성내1동","합계","여","독거노인현황(성별)","","400","414","472","469",
"성내1동","국민기초생활보장 수급권자","계","독거노인현황(성별)","","77","83","102","112",
"성내1동","국민기초생활보장 수급권자","남","독거노인현황(성별)","","29","39","47","56",
"성내1동","국민기초생활보장 수급권자","여","독거노인현황(성별)","","48","44","55","56",
"성내1동","저소득노인","계","독거노인현황(성별)","","8","10","9","8",
"성내1동","저소득노인","남","독거노인현황(성별)","","2","3","5","3",
"성내1동","저소득노인","여","독거노인현황(성별)","","6","7","4","5",
"성내1동","일   반","계","독거노인현황(성별)","","470","491","562","548",
"성내1동","일   반","남","독거노인현황(성별)","","124","128","149","140",
"성내1동","일   반","여","독거노인현황(성별)","","346","363","413","408",
"성내2동","합계","계","독거노인현황(성별)","","1294","1404","1660","1704",
"성내2동","합계","남","독거노인현황(성별)","","500","551","665","688",
"성내2동","합계","여","독거노인현황(성별)","","794","853","995","1016",
"성내2동","국민기초생활보장 수급권자","계","독거노인현황(성별)","","342","384","442","506",
"성내2동","국민기초생활보장 수급권자","남","독거노인현황(성별)","","158","172","196","226",
"성내2동","국민기초생활보장 수급권자","여","독거노인현황(성별)","","184","212","246","280",
"성내2동","저소득노인","계","독거노인현황(성별)","","45","49","50","52",
"성내2동","저소득노인","남","독거노인현황(성별)","","15","19","16","17",
"성내2동","저소득노인","여","독거노인현황(성별)","","30","30","34","35",
"성내2동","일   반","계","독거노인현황(성별)","","907","971","1168","1146",
"성내2동","일   반","남","독거노인현황(성별)","","327","360","453","445",
"성내2동","일   반","여","독거노인현황(성별)","","580","611","715","701",
"성내3동","합계","계","독거노인현황(성별)","","874","973","1170","1163",
"성내3동","합계","남","독거노인현황(성별)","","275","319","388","381",
"성내3동","합계","여","독거노인현황(성별)","","599","654","782","782",
"성내3동","국민기초생활보장 수급권자","계","독거노인현황(성별)","","180","217","254","308",
"성내3동","국민기초생활보장 수급권자","남","독거노인현황(성별)","","65","88","105","133",
"성내3동","국민기초생활보장 수급권자","여","독거노인현황(성별)","","115","129","149","175",
"성내3동","저소득노인","계","독거노인현황(성별)","","37","32","28","36",
"성내3동","저소득노인","남","독거노인현황(성별)","","10","9","7","11",
"성내3동","저소득노인","여","독거노인현황(성별)","","27","23","21","25",
"성내3동","일   반","계","독거노인현황(성별)","","657","724","888","819",
"성내3동","일   반","남","독거노인현황(성별)","","200","222","276","237",
"성내3동","일   반","여","독거노인현황(성별)","","457","502","612","582",
"길동","합계","계","독거노인현황(성별)","","1914","2119","2511","2533",
"길동","합계","남","독거노인현황(성별)","","679","758","915","938",
"길동","합계","여","독거노인현황(성별)","","1235","1361","1596","1595",
"길동","국민기초생활보장 수급권자","계","독거노인현황(성별)","","461","556","613","703",
"길동","국민기초생활보장 수급권자","남","독거노인현황(성별)","","196","238","272","337",
"길동","국민기초생활보장 수급권자","여","독거노인현황(성별)","","265","318","341","366",
"길동","저소득노인","계","독거노인현황(성별)","","52","40","44","44",
"길동","저소득노인","남","독거노인현황(성별)","","16","15","12","12",
"길동","저소득노인","여","독거노인현황(성별)","","36","25","32","32",
"길동","일   반","계","독거노인현황(성별)","","1401","1523","1854","1786",
"길동","일   반","남","독거노인현황(성별)","","467","505","631","589",
"길동","일   반","여","독거노인현황(성별)","","934","1018","1223","1197",
"둔촌1동","합계","계","독거노인현황(성별)","","2","3","564","454",
"둔촌1동","합계","남","독거노인현황(성별)","","1","2","169","118",
"둔촌1동","합계","여","독거노인현황(성별)","","1","1","395","336",
"둔촌1동","국민기초생활보장 수급권자","계","독거노인현황(성별)","","1","2","7","19",
"둔촌1동","국민기초생활보장 수급권자","남","독거노인현황(성별)","","1","2","4","7",
"둔촌1동","국민기초생활보장 수급권자","여","독거노인현황(성별)","","-","-","3","12",
"둔촌1동","저소득노인","계","독거노인현황(성별)","","-","-","2","3",
"둔촌1동","저소득노인","남","독거노인현황(성별)","","-","-","1","-",
"둔촌1동","저소득노인","여","독거노인현황(성별)","","-","-","1","3",
"둔촌1동","일   반","계","독거노인현황(성별)","","1","1","555","432",
"둔촌1동","일   반","남","독거노인현황(성별)","","-","-","164","111",
"둔촌1동","일   반","여","독거노인현황(성별)","","1","1","391","321",
"둔촌2동","합계","계","독거노인현황(성별)","","834","908","1124","1078",
"둔촌2동","합계","남","독거노인현황(성별)","","258","280","388","370",
"둔촌2동","합계","여","독거노인현황(성별)","","576","628","736","708",
"둔촌2동","국민기초생활보장 수급권자","계","독거노인현황(성별)","","169","177","203","244",
"둔촌2동","국민기초생활보장 수급권자","남","독거노인현황(성별)","","57","61","84","112",
"둔촌2동","국민기초생활보장 수급권자","여","독거노인현황(성별)","","112","116","119","132",
"둔촌2동","저소득노인","계","독거노인현황(성별)","","31","36","27","29",
"둔촌2동","저소득노인","남","독거노인현황(성별)","","5","6","4","8",
"둔촌2동","저소득노인","여","독거노인현황(성별)","","26","30","23","21",
"둔촌2동","일   반","계","독거노인현황(성별)","","634","695","894","805",
"둔촌2동","일   반","남","독거노인현황(성별)","","196","213","300","250",
"둔촌2동","일   반","여","독거노인현황(성별)","","438","482","594","555