call_contacts,comm_low_rate,date,days_in_month,interest_structural_issue,rain_days,rainfall_mm,snow_days,text_contacts,weekday_count_est_ratio,weekday_days,weekday_distance_est_ratio,weekday_move_count,weekday_move_distance,weekday_outing_low_rate,weekend_count_est_ratio,weekend_days,weekend_distance_est_ratio,weekend_move_count,weekend_move_distance,weekend_outing_low_rate,행정동,행정동코드
17.724906256206555,0.1130696518984347,2022-01-01,31,False,7.0,5.5,12.0,6.321394084267272,0.8986785359625479,21,0.887213079869485,30.09096948041646,735.3310828650305,0.1008836471108529,0.8510001418640941,10,0.8203014612001702,10.779199401537,347.29067842322394,0.08946616259037,신사동,1123051
18.60488528296277,0.1151365708816083,2022-01-01,31,False,7.0,5.5,12.0,6.72324655830189,0.8947760611425283,21,0.874536552893158,28.50256012789668,692.29259714553,0.1189796882008752,0.8492566848344633,10,0.809699537148929,10.658189206312858,376.4855329594037,0.0958621914187026,논현1동,1123052
18.83669445851805,0.1195944593321487,2022-01-01,31,False,7.0,5.5,12.0,6.6178844099641125,0.9027485750474984,21,0.8833196115685032,29.28421095123845,706.537752668616,0.0957827650264961,0.861386426008022,10,0.8264223137006543,11.0380924912156,369.88045083194703,0.0785383465420275,논현2동,1123053
18.06191665048739,0.1090723947116824,2022-01-01,31,False,7.0,5.5,12.0,6.350824482151465,0.9211235003481336,21,0.9111272160034278,31.739455587444617,802.5897903918823,0.0638871578108338,0.8743305125595846,10,0.8516114562690804,11.463264182944474,377.832611396306,0.0958742765761442,삼성1동,1123058
18.46009765570718,0.1120964841381122,2022-01-01,31,False,7.0,5.5,12.0,6.621459229350212,0.917076026236069,21,0.9101908819932742,30.60642522023574,813.1005078595955,0.072683779385957,0.8743234276423667,10,0.8579211076679358,11.15543680322324,401.55158799295606,0.0851695600183753,삼성2동,1123059
18.13488396099873,0.0865926678920567,2022-01-01,31,False,7.0,5.5,12.0,6.869785321098312,0.9394420352045834,21,0.939452692065044,33.13645254577987,901.9924003929456,0.0407152020568009,0.902961470476234,10,0.8891444956605264,11.222171668930052,371.93046847408334,0.0828460736088036,대치1동,1123060
17.9142424914069,0.1141179937877104,2022-01-01,31,False,7.0,5.5,12.0,6.68381798032476,0.9036944411520682,21,0.8961319189285291,28.225139052288228,781.9472647048905,0.1056547572915748,0.8518466279483229,10,0.8374368851487496,10.330998924451409,390.5368753463153,0.0861663842531667,대치4동,1123063
18.202150504986545,0.11989420382407,2022-01-01,31,False,7.0,5.5,12.0,6.729375377552636,0.8960940319772043,21,0.8810096564825075,27.91196602990553,744.2945843145557,0.0964196447943092,0.854209276555327,10,0.8315352224157037,10.887484325542436,402.67667176869975,0.1099119876701656,역삼1동,1123064
17.937405982300884,0.1042883787137223,2022-01-01,31,False,7.0,5.5,12.0,6.558380829891839,0.914339429695182,21,0.9003909537856442,29.316426002749587,760.7491237456558,0.0809482972921402,0.8739193706981319,10,0.8513474926253688,10.64571859276128,373.9325298780208,0.0814269917073775,역삼2동,1123065
16.922723696064487,0.0935123914168217,2022-01-01,31,False,7.0,5.5,12.0,6.419364301801802,0.9315706495969652,21,0.9197297297297298,31.367325464801567,835.5851111635245,0.0475564459126201,0.8909524656235184,10,0.8676137980085349,10.982794237683894,359.75815654464486,0.0889780451176037,도곡1동,1123066
18.00000964789831,0.0782627426365494,2022-01-01,31,False,7.0,5.5,12.0,6.519846221172294,0.9430085153541784,21,0.9416146148843448,33.22120528298255,881.8910028591026,0.039974719325572,0.908430058815306,10,0.8931583393945042,11.493606023435376,374.41273391370464,0.068685092890797,도곡2동,1123067
16.299229336772484,0.0832508755095776,2022-01-01,31,False,7.0,5.5,12.0,6.100668987512743,0.9619753043387332,21,0.9572479238739248,34.28185749329217,865.3225118683598,0.0307731756515303,0.9219690302116644,10,0.8957083228038375,11.90744401828314,361.94185422925455,0.0975600184181792,개포1동,1123068
17.79891228921229,0.093351157838085,2022-01-01,31,False,7.0,5.5,12.0,6.293586018711019,0.9333523908523907,21,0.919537422037422,33.083362587265256,833.8167135305486,0.0461871381056578,0.890986370986371,10,0.8717405867405867,11.458437140271917,379.7264418226891,0.0951724946524547,개포4동,1123071
16.784663562797917,0.074888090921604,2022-01-01,31,False,7.0,5.5,12.0,6.004457377230905,0.9380162953109412,21,0.9278799467908212,33.11046252915293,895.5690817768078,0.0424419324561977,0.9017642168274028,10,0.8819122048553376,11.45793520196833,383.86186637178486,0.0688024798791551,일원본동,1123072
16.166468982411306,0.0937731257810373,2022-01-01,31,False,7.0,5.5,12.0,5.57804326755075,0.902478936277607,21,0.8793845545644831,30.30729663726256,787.9438743448351,0.0673681151600421,0.8615628981987737,10,0.8377202116431998,10.80453137982062,372.33306529250166,0.0742060386449808,일원1동,1123073
16.143064084988396,0.0883712083139761,2022-01-01,31,False,7.0,5.5,12.0,5.7286001320703,0.9198704011924944,21,0.9059219240557168,32.05282222069225,814.7968494811399,0.0324617184121505,0.8787687340946041,10,0.8575409437233783,11.055915684580492,363.450404849439,0.0925424545425609,일원2동,1123074
14.950967398350029,0.1160664703727039,2022-01-01,31,False,7.0,5.5,12.0,5.247180760164997,0.9110629051266942,21,0.8927813789039483,30.64849077380688,828.9212720372265,0.0778550331850208,0.8403218915733648,10,0.8148512080141426,10.737105566955726,370.656030723838,0.1183609102782375,수서동,1123075
17.46850738354318,0.0911085700393754,2022-01-01,31,False,7.0,5.5,12.0,6.0519296656694825,0.9347526217166902,21,0.9282418882935008,35.39240092930214,937.7151456871484,0.0288970568603592,0.8877464742430717,10,0.8788668266543936,11.849512386148014,411.4992040659454,0.0739649049114336,세곡동,1123076
18.15242865141188,0.0881332263486805,2022-01-01,31,False,7.0,5.5,12.0,6.4485837000973705,0.9229401168451804,21,0.9139031158714704,32.17954358214482,767.1860179143247,0.040627627411592,0.8712755598831549,10,0.8428052580331062,11.422565070406796,349.0884625578093,0.0865574871257654,압구정동,1123077
19.056142977452883,0.0977797039135029,2022-01-01,31,False,7.0,5.5,12.0,6.53979910081869,0.9276561069036297,21,0.9159211756418733,32.50435324978086,800.5522865888988,0.0608236895912698,0.8859140969067574,10,0.8602772923361646,11.674860421276543,372.5776529071199,0.0788869140903109,청담동,1123078
17.63985597057601,0.0883781630651043,2022-01-01,31,False,7.0,5.5,12.0,6.512503107968341,0.942297078859062,21,0.9379936613081312,32.17268911280343,863.4581562445359,0.0340701465780305,0.8999867930058154,10,0.8806333901422596,11.065802956739343,371.7828783957503,0.0812289148136444,대치2동,1123079
17.054190171957508,0.0817647611842693,2022-01-01,31,False,7.0,5.5,12.0,6.097023232499268,0.9467634223334548,21,0.9409422717938308,34.44773897069987,873.4879337699533,0.0192000473017579,0.9090391328641676,10,0.893949417076453,11.749333967108267,372.9202006535035,0.091912588738129,개포2동,1123080
16.863849553128105,0.1120579582204823,2022-02-01,28,False,5.0,4.7,6.0,6.144916725776706,0.8982444318343027,20,0.8789743225989501,27.21751245513663,654.5407943249478,0.0994741272725237,0.852218045112782,8,0.8242693999148815,10.967053619064185,353.4241369814682,0.0863950851831803,신사동,1123051
17.729020290228988,0.1109195984868457,2022-02-01,28,False,5.0,4.7,6.0,6.507167832331256,0.8967522172866097,20,0.8721821203691241,25.79894150464285,618.062591149678,0.1219497840775132,0.8564166704057673,8,0.8231442844109421,10.741930626715014,376.0196469088555,0.0970450651566405,논현1동,1123052
17.763161155259336,0.1149944687009186,2022-02-01,28,False,5.0,4.7,6.0,6.397183622854961,0.9060972020469584,20,0.8835852999600184,26.541365835456617,630.0157786669708,0.0980935089081568,0.8688133147246194,8,0.8393932968543466,11.199930577942425,371.75462505199846,0.0854283526553186,논현2동,1123053
17.20374275879439,0.103574054332622,2022-02-01,28,False,5.0,4.7,6.0,6.166161531357568,0.929508857358744,20,0.913663000587692,28.708337650771625,713.4136266383892,0.0662602669927051,0.8843186970027707,8,0.8562832675677945,11.59128501336736,378.6185218630107,0.0962659330469044,삼성1동,1123058
17.49309110701623,0.1058015414507164,2022-02-01,28,False,5.0,4.7,6.0,6.389697575477984,0.924252257324086,20,0.9130596830146188,27.53191297494085,716.3359040020554,0.0767300890054983,0.8820544364139626,8,0.8644341464304608,11.225135490784735,400.19316216587,0.0865832298233304,삼성2동,1123059
17.469242931415142,0.0824716352503352,2022-02-01,28,False,5.0,4.7,6.0,6.708508653229828,0.9446941101061178,20,0.942136599957268,29.98793707993924,803.6833437779225,0.0443008445693513,0.909077701018446,8,0.8947881205042377,11.335899927610942,378.800042559051,0.0776491707869,대치1동,1123060
17.036125838568214,0.1061672371162079,2022-02-01,28,False,5.0,4.7,6.0,6.492678801706768,0.9064104539528268,20,0.8945496029394334,25.4941471038793,697.0653332807759,0.1146503638718343,0.8570842716605429,8,0.8455469953775039,10.372345945774018,387.9470307182066,0.0763184861367392,대치4동,1123063
17.298513230710515,0.1146949781075685,2022-02-01,28,False,5.0,4.7,6.0,6.527003835633866,0.8998540169200433,20,0.8801294446918134,25.285181151237342,656.448745211493,0.1003781195371839,0.8661456014248458,8,0.8408463202086381,10.97595097187823,404.65072913156087,0.1061414882157113,역삼1동,1123064
17.04359467066933,0.0950191411683438,2022-02-01,28,False,5.0,4.7,6.0,6.347912483459911,0.920804245591014,20,0.9027442780339754,26.48790991589804,676.3606114322365,0.0833843892069344,0.8863280924262521,8,0.8613393813810128,10.698541293975683,378.925453385941,0.0835225717019553,역삼2동,1123065
16.187915943575156,0.0923355200673229,2022-02-01,28,False,5.0,4.7,6.0,6.235338809862493,0.9354391891891892,20,0.9228473210052158,28.29063042958981,745.585331278564,0.0470046855374563,0.8972149122807017,8,0.8730672119487909,11.036411013217895,361.7722861512832,0.0877155793846535,도곡1동,1123066
17.24033910069613,0.0773786389945392,2022-02-01,28,False,5.0,4.7,6.0,6.3630060951918415,0.9443269386433544,20,0.940876639145216,30.005878230428635,783.559120155649,0.0433055963009277,0.9097972316658572,8,0.897178646592197,11.674213784522363,379.7307972079832,0.0722120925300012,도곡2동,1123067
15.83119579717844,0.0804070531013394,2022-02-01,28,False,5.0,4.7,6.0,5.96700129862464,0.9626324976599456,20,0.9533287797144712,31.20919312833262,768.610658243434,0.0316741258842465,0.9302554242876536,8,0.9007572499515124,11.938691996279786,360.16854254101133,0.0991358361020803,개포1동,1123068
16.83922281450694,0.0894045779569492,2022-02-01,28,False,5.0,4.7,6.0,6.102577955649305,0.9365663646072372,20,0.9209737907755682,29.789865187553342,732.0168151150569,0.0527053266988648,0.8938571751195753,8,0.8752062712227603,11.538329553208648,380.04800796818006,0.0953484851037193,개포4동,1123071
16.03945911789182,0.0728738301806888,2022-02-01,28,False,5.0,4.7,6.0,5.848704343966713,0.945529542302358,20,0.9346485436893204,30.03408863491944,799.0673534401295,0.0390029661082762,0.910873786407767,8,0.8923650485436894,11.565893705271492,382.48796438643,0.0716973565437435,일원본동,1123072
15.314279156958271,0.0976697542979881,2022-02-01,28,False,5.0,4.7,6.0,5.399774369836899,0.9002647744122008,20,0.8755976841064746,27.58068934037622,702.4412549945206,0.0720909116096838,0.8590792911106404,8,0.8344143190002118,10.946705084350144,371.2457297756522,0.0792342252749132,일원1동,1123073
15.40945059014117,0.0908024571556284,2022-02-01,28,False,5.0,4.7,6.0,5.550212759392116,0.9250150428141634,20,0.9089315744812158,29.09587560472589,728.579075822747,0.0367796895718077,0.8830324770500656,8,0.8597300007714264,11.19853971651342,364.29575881048174,0.0924311915941006,일원2동,1123074
14.138545550972305,0.117266058470784,2022-02-01,28,False,5.0,4.7,6.0,5.07594236888627,0.9048114319387156,20,0.8878020035356511,27.8849516921584,731.6849924581838,0.0768468508477499,0.8363111373011196,8,0.81685695344726,10.877755536491875,362.5147425572493,0.1184871276463692,수서동,1123075
16.636968766231632,0.0898794687581954,2022-02-01,28,False,5.0,4.7,6.0,5.859560955323976,0.9399723856800024,20,0.9314553404122424,31.95369597545136,833.9974389371898,0.0297451795796273,0.8936930865577435,8,0.8834070811006279,11.939344317230852,409.61647278467535,0.0702760122153889,세곡동,1123076
17.102895890944495,0.0853506889955357,2022-02-01,28,False,5.0,4.7,6.0,6.238477507302823,0.924143135345667,20,0.9107049659201556,28.94644727872341,676.454132513413,0.0449230510509229,0.8735520934761442,8,0.8448914313534567,11.53360961747245,348.8273519641214,0.0836693985355185,압구정동,1123077
18.08046155379349,0.0935750379441644,2022-02-01,28,False,5.0,4.7,6.0,6.354130386931843,0.9296745959530308,20,0.9131331513497116,29.45344487499045,705.0734829364818,0.0651459404897785,0.8907140690671171,8,0.863270505654491,11.85830878264554,376.414515570118,0.0806222765959982,청담동,1123078
16.946644121857833,0.0857239146161656,2022-02-01,28,False,5.0,4.7,6.0,6.348873890461129,0.948370900615948,20,0.941145996337606,29.049674315553258,769.9341526363307,0.0313623212435373,0.9068060595971368,8,0.8893547527884136,11.16460163269682,371.865986671793,0.0764839223280507,대치2동,1123079
16.140083095415388,0.0784732246210392,2022-02-01,28,False,5.0,4.7,6.0,5.9016020379116,0.949930620175806,20,0.9426882923232418,31.22628697160604,776.5850882304156,0.0222423881914256,0.9148638300214352,8,0.8983796065961679,11.86851254216112,372.20619729161285,0.0928468768514055,개포2동,1123080
16.38232352106682,0.1158671536304882,2022-03-01,31,False,9.0,102.6,1.0,6.030000638388424,0.8915654702794723,23,0.8619442474109803,25.014023624246075,585.3586656341628,0.1081357580467892,0.8456965527025111,8,0.8108823946659101,11.36741420307432,354.9967877030954,0.0883285894483191,신사동,1123051
17.113577843219744,0.1169318905548593,2022-03-01,31,False,9.0,102.6,1.0,6.320275347076146,0.8836329640536623,23,0.8459108119478334,24.01476351544365,557.5539318998019,0.1273523679405057,0.8496180993783012,8,0.8135693918571495,11.143993242693066,374.7636927058167,0.0996128263559749,논현1동,1123052
17.388094653789317,0.1187128148336986,2022-03-01,31,False,9.0,102.6,1.0,6.319950390542538,0.8946189571458728,23,0.8611225459151362,24.8724017417015,574.6737654835122,0.0969937032958928,0.8636647667299979,8,0.8325073886426008,11.725242289510604,373.4217418213746,0.0884384303816572,논현2동,1123053
16.818544826423995,0.1129367372708285,2022-03-01,31,False,9.0,102.6,1.0,6.097420795416245,0.9142130097741828,23,0.8887386248736097,26.88652045921245,653.7126700703006,0.0630977286673768,0.8752072800808897,8,0.8435717896865521,12.10883263245454,386.526556513453,0.1004244796337204,삼성1동,1123058
16.984691577667796,0.1099773348997581,2022-03-01,31,False,9.0,102.6,1.0,6.254789263697143,0.9082651732221936,23,0.8806021533385431,25.650279747889435,611.67677920645,0.0788255112594135,0.8729339237648693,8,0.8462672570982026,11.6946735590705,385.9821463023498,0.0890879572560934,삼성2동,1123059
17.012468599241284,0.0855599612702278,2022-03-01,31,False,9.0,102.6,1.0,6.593056474124974,0.9334228043805024,23,0.9104473552358456,27.744127069937928,715.1262878600866,0.0532514267033869,0.8989950611981963,8,0.8710858206284446,11.675178250394511,373.6389144317885,0.081789503301071,대치1동,1123060
16.387811396230887,0.1133277855994906,2022-03-01,31,False,9.0,102.6,1.0,6.351541679506934,0.8909695389356407,23,0.851312670380467,23.42474812128597,596.0722603680462,0.1250562272375883,0.852429180988503,8,0.8203537987436293,10.598079907452018,374.2550521106869,0.076934910983325,대치4동,1123063
16.809166178753603,0.1225891255977446,2022-03-01,31,False,9.0,102.6,1.0,6.426737673858632,0.886043468618319,23,0.8535541615182334,23.63304476941621,587.0010888309263,0.1098864539809943,0.8584516680923866,8,0.8294693153375788,11.43258813794712,403.3213686310519,0.1062474504627116,역삼1동,1123064
16.655095638151426,0.1029029858685094,2022-03-01,31,False,9.0,102.6,1.0,6.278291878072763,0.9045620452310718,23,0.8683083579154375,24.606493569795237,601.6927885910693,0.0880518723962981,0.8744353982300885,8,0.84136401179941,11.03897156957466,372.164940383364,0.0849713741883179,역삼2동,1123065
15.591254036273114,0.0934580161218657,2022-03-01,31,False,9.0,102.6,1.0,6.109769161925083,0.924038643907065,23,0.8956015884305358,26.20471284856431,662.8828785573561,0.0539900274821335,0.8926499525841631,8,0.8581792318634425,11.295507659292774,358.75257454141115,0.0868908189463097,도곡1동,1123066
16.72229867654201,0.0794443478676538,2022-03-01,31,False,9.0,102.6,1.0,6.254410012951271,0.9357677675246884,23,0.91242026873887,27.88380906926402,697.7032964929152,0.0537766445165753,0.9043075117370892,8,0.8757511737089201,12.04164645583551,378.0543624659513,0.0739580073527837,도곡2동,1123067
15.443948742646157,0.0792081508084453,2022-03-01,31,False,9.0,102.6,1.0,5.831621558512689,0.9578260865832752,23,0.9296366022902184,28.43351996880994,684.4495079430014,0.0507340842469061,0.9165003386652724,8,0.8682596382247931,12.320758045374632,362.70998023545417,0.0858816933990458,개포1동,1123068
16.24688801782529,0.0918563659747532,2022-03-01,31,False,9.0,102.6,1.0,5.961098672112515,0.9254790143877578,23,0.8998799865085892,27.83200281944858,655.9841425579721,0.0527108753321412,0.8943788868662039,8,0.8682693107367604,11.818951305443912,371.6850906953912,0.0911497759389754,개포4동,1123071
15.60159083800122,0.072307184760276,2022-03-01,31,False,9.0,102.6,1.0,5.727475481115857,0.9355776163274362,23,0.9181065941988796,27.863653111551088,715.3627587683742,0.0356805755929207,0.9069774277632966,8,0.8894797848150408,11.940603465513329,377.4220474853491,0.0690070470824831,일원본동,1123072
14.789777596554403,0.0923878953148409,2022-03-01,31,False,9.0,102.6,1.0,5.312832478994563,0.8873875591329521,23,0.860625573677893,25.655287597857107,625.4910261103419,0.0640445190995504,0.8567118548330156,8,0.8291068276495093,11.244962488492703,367.31215383423154,0.08414925550496,일원1동,1123073
14.97647696385227,0.0907778235196478,2022-03-01,31,False,9.0,102.6,1.0,5.474739180107786,0.91327545285639,23,0.888981039463612,27.235946734845168,662.4323217181795,0.0291627629492359,0.8780117017552632,8,0.8476825369959341,11.60818676812321,364.565485586601,0.09516566161543,일원2동,1123074
13.565591750147316,0.1211410312494473,2022-03-01,31,False,9.0,102.6,1.0,4.951883677077196,0.8999609605185621,23,0.874265615792575,25.774505580759985,654.1908536502141,0.0709413411590713,0.8318945197407188,8,0.8122362993517973,11.19265151676141,354.6578211685584,0.1134819449656258,수서동,1123075
16.235257161642394,0.091970270307887,2022-03-01,31,False,9.0,102.6,1.0,5.801025904862093,0.9319980932969526,23,0.9194092507971992,29.94057939115605,750.7928957601159,0.0466751000885756,0.8919185377560076,8,0.8770603898878991,12.444194418469904,411.8596055706109,0.0659607689124842,세곡동,1123076
16.648908198636807,0.0882595586212627,2022-03-01,31,False,9.0,102.6,1.0,6.134604186952288,0.91177994157741,23,0.8882482960077898,27.009727834745487,611.7062233578994,0.0542890281980201,0.8638515092502436,8,0.8343334956183057,12.082102735028188,358.01324709214634,0.0906618545003689,압구정동,1123077
17.532119225269724,0.1048704444984185,2022-03-01,31,False,9.0,102.6,1.0,6.199919372589801,0.9167541921227088,23,0.891440703670003,27.31523395423998,636.94759737255,0.0665349059496142,0.8793855886303567,8,0.8551349711859267,12.281928324433094,376.5260571169142,0.0812059329024565,청담동,1123078
16.51966856001332,0.0901450660384824,2022-03-01,31,False,9.0,102.6,1.0,6.242861634759447,0.9334476444148492,23,0.9060842350590976,26.925956281365814,682.7853971119532,0.0404147598287585,0.8987065090727485,8,0.8686652239054437,11.511197229616212,370.5214012608489,0.0727456229163606,대치2동,1123079
15.691576437009264,0.0816298011967797,2022-03-01,31,False,9.0,102.6,1.0,5.795502922040925,0.9437940770565072,23,0.927622013974428,28.721617251758648,686.697209266774,0.0245763357604374,0.909204564569779,8,0.8812376213447358,12.137260568182814,367.9639290552356,0.0859951404391325,개포2동,1123080
16.260501448134793,0.108064185222089,2022-04-01,30,False,7.0,20.4,0.0,6.024084619284122,0.8984802560912059,21,0.8695927143044522,25.96140846937616,632.5915927628446,0.114835134942262,0.8479291849677582,9,0.8128116503064657,10.876118270929611,342.74899554961627,0.0898583019441271,신사동,1123051
17.123182668836453,0.1099768484920433,2022-04-01,30,False,7.0,20.4,0.0,6.314533753261694,0.8930478007538136,21,0.8579117682818477,25.09111254527432,602.7418403311877,0.1248246650295594,0.8536610457993136,9,0.8182636102615902,10.791653945177265,359.98252004201566,0.090834144341533,논현1동,1123052
17.372725345867703,0.1065806041369024,2022-04-01,30,False,7.0,20.4,0.0,6.297051699006632,0.906372959970342,21,0.8732585497990514,26.22428268731899,623.4821270979932,0.0901513351444409,0.8722717104653418,9,0.8348913528861629,11.361122004640078,363.0422842381857,0.0816030453177468,논현2동,1123053
16.665646761984863,0.1054745046001257,2022-04-01,30,False,7.0,20.4,0.0,6.007511354079058,0.9244213624894868,21,0.9003305298570228,28.01460117346609,710.1440393351475,0.0653640248288569,0.8828410428931875,9,0.8522253994953742,11.5491326267174,377.6752267254584,0.1041009755730288,삼성1동,1123058
17.087450780327256,0.1052009461465852,2022-04-01,30,False,7.0,20.4,0.0,6.281745678585304,0.914692853424323,21,0.8882733200823565,26.82168289385169,658.414686339805,0.071294664991959,0.8743093862630767,9,0.8481679669948123,11.29579497339179,371.1682801657533,0.0847408088374225,삼성2동,1123059
16.792370599495182,0.0835525780079079,2022-04-01,30,False,7.0,20.4,0.0,6.513973586591283,0.934521261441062,21,0.9147767051173208,29.14140739134964,768.2184467285916,0.0561825682925165,0.8963285519370168,9,0.8662564372751338,11.243332878105036,362.0494544380263,0.0896696309617713,대치1동,1123060
16.20565982058826,0.1021965112915136,2022-04-01,30,False,7.0,20.4,0.0,6.267433698494393,0.8975168494842625,21,0.8649706156373644,24.340750132232944,625.9330250613585,0.1130555366706782,0.8571000158834393,9,0.8232493249538314,10.20000598128308,355.6760577209656,0.0862374335367875,대치4동,1123063
16.654681094673133,0.1153946354295737,2022-04-01,30,False,7.0,20.4,0.0,6.37589756853478,0.8920333238847578,21,0.8586257699236892,24.46576411684064,619.5557370305805,0.1092186374769711,0.8574184519543121,9,0.8286550159687288,11.006004645381518,387.8533720294985,0.0960548901189416,역삼1동,1123064
16.525525868031213,0.0972724252297282,2022-04-01,30,False,7.0,20.4,0.0,6.224685521338625,0.91127444107124,21,0.8770195244989688,25.78801635739919,643.7615428425923,0.0916679499060409,0.8773413092899309,9,0.8414648651969858,10.657104202038305,356.3981434380133,0.0829138359678833,역삼2동,1123065
15.519204906214313,0.0885375795741201,2022-04-01,30,False,7.0,20.4,0.0,6.12108370159967,0.9338181391492646,21,0.9046711204324258,27.380413254766825,717.5727279188656,0.053652610147239,0.8950048328474806,9,0.8568285971823106,10.895930947444812,349.89257516485424,0.0850365944824644,도곡1동,1123066
16.431307717544836,0.0762177243255628,2022-04-01,30,False,7.0,20.4,0.0,6.1287767395668,0.9411079021116902,21,0.9170305747431092,29.062852804814646,755.1554992298325,0.0579640243831659,0.9056216120993104,9,0.8720860417683508,11.471054328122747,364.2251738580308,0.0823140100365535,도곡2동,1123067
15.399014567518469,0.0852743510107964,2022-04-01,30,False,7.0,20.4,0.0,5.810252682535059,0.9557249621637814,21,0.9307700577904016,29.53422037745863,722.5315139144478,0.0537434967215296,0.9054439128025634,9,0.863974314560259,11.819082461640262,349.68420748893334,0.09082101964581,개포1동,1123068
16.31444583044583,0.0856189553257767,2022-04-01,30,False,7.0,20.4,0.0,5.922457715407715,0.9323885423885424,21,0.9072100947100948,28.93826112835734,704.7552415551347,0.0509340525234546,0.8983131208131208,9,0.8679827904827906,11.456488528909002,364.6480932322642,0.0886172771708772,개포4동,1123071
15.32911725133215,0.0774735480612792,2022-04-01,30,False,7.0,20.4,0.0,5.643092373445826,0.9394760213143872,21,0.9220492895204264,28.648115340076576,753.2392430428303,0.0372518839964597,0.90386878330373,9,0.8843811056838367,11.365010863357506,362.4838420047436,0.0690148311175988,일원본동,1123072
14.719818484784296,0.0956137094124483,2022-04-01,30,False,7.0,20.4,0.0,5.309327515356916,0.8997945350561323,21,0.8728369695685942,26.405351257357506,668.2633766812626,0.0671809513303961,0.8542201510979313,9,0.8283216832591965,10.75704272163408,359.6772159873571,0.0859003503147898,일원1동,1123073
14.807490067293507,0.0916195823896419,2022-04-01,30,False,7.0,20.4,0.0,5.40946612278761,0.920073592674533,21,0.8959977261553589,28.221547045833105,711.8377437082789,0.0277201582191098,0.878208732792527,9,0.8510385939036381,11.175417632872849,352.1858844985955,0.0999767548825483,일원2동,1123074
13.426733021508545,0.1223565896986894,2022-04-01,30,False,7.0,20.4,0.0,4.8669461034177965,0.9086866529169124,21,0.8852025633470829,26.770602164501103,693.3488232753708,0.0700500286273682,0.8431599882144961,9,0.8161240424278139,10.728176991877165,352.57967788839045,0.1272975736032157,수서동,1123075
16.117597662645057,0.094271458072834,2022-04-01,30,False,7.0,20.4,0.0,5.779661458299089,0.9382297248430258,21,0.9251885334823632,31.107890000739307,795.8328807521219,0.0572823280907994,0.8953982708175812,9,0.8812597389789276,11.984458801077352,398.5925924831686,0.067381261653003,세곡동,1123076
16.595346202531644,0.0863732278344146,2022-04-01,30,False,7.0,20.4,0.0,6.066530477117818,0.9148208373904576,21,0.8893661148977604,28.01474348098659,661.3178611343155,0.0583909956323011,0.8615535540408957,9,0.8340355404089581,11.517442037351293,344.3671689308736,0.0986454698098697,압구정동,1123077
17.469006694397503,0.0953178532847548,2022-04-01,30,False,7.0,20.4,0.0,6.210135530135621,0.9225378049308895,21,0.8983981108366913,28.50997754006928,692.4094086754544,0.0710611209965846,0.8831903462021752,9,0.8545495905368518,11.809439669530962,370.3153820247792,0.0884782645792395,청담동,1123078
16.330617088048943,0.0862001047763064,2022-04-01,30,False,7.0,20.4,0.0,6.179741271747768,0.9356391947138524,21,0.9125662583745188,28.13324966874734,734.6548208184432,0.0469029222111305,0.8981801055337607,9,0.8654467864563452,11.00697490369254,355.8235870519856,0.0775583426243157,대치2동,1123079
15.509910980159711,0.0817674142694463,2022-04-01,30,False,7.0,20.4,0.0,5.7450157810463125,0.948097970484454,21,0.931281662145623,29.933096087738672,729.3380342030174,0.0280883024717266,0.911077832592912,9,0.8807618625830704,11.592681853260334,353.6125729290691,0.0825474901535217,개포2동,1123080
17.07812716205287,0.1182738977995957,2022-05-01,31,False,4.0,7.5,0.0,6.241909984817743,0.9114427401847413,22,0.8913007080324078,28.654710873617883,726.9997682922558,0.1078509776800087,0.8682506349589229,9,0.8402010585013551,11.75914065959926,380.3620680200996,0.0930992346890478,신사동,1123051
17.89490700152847,0.1161786925643278,2022-05-01,31,False,4.0,7.5,0.0,6.558534114864518,0.907831204221764,22,0.8836542191933214,27.619904459107044,692.7512799176504,0.1210037393811308,0.8713488424270469,9,0.83996466282445,11.737935761779466,397.6643452353128,0.1040592120943603,논현1동,1123052
18.07600820000454,0.1216033269491965,2022-05-01,31,False,4.0,7.5,0.0,6.509523499414474,0.91588108357429,22,0.8918552497075009,28.662928465982365,702.8158346844533,0.099344514483656,0.8833021879520411,9,0.8523629765942591,12.28156188293466,398.1556562689033,0.0812757038286948,논현2동,1123053
17.272347307401496,0.115405184181697,2022-05-01,31,False,4.0,7.5,0.0,6.213788120641855,0.9292926153070652,22,0.9153347895488532,30.85075323400266,822.1480228044752,0.0668979087392016,0.8938973368058473,9,0.8728202974040158,12.605052593688384,425.5938592073677,0.1036079690807073,삼성1동,1123058
17.820038589888647,0.1099879289861301,2022-05-01,31,False,4.0,7.5,0.0,6.529021489288354,0.927785067171936,22,0.9065918893501804,29.581416951624085,752.6441870696058,0.0774476825409607,0.8939064620696302,9,0.8668093091593673,12.210667089234716,411.1362469157446,0.0887375160254438,삼성2동,1123059
17.288033223908403,0.0925322326877237,2022-05-01,31,False,4.0,7.5,0.0,6.669111245009628,0.9435454970479688,22,0.932395213838244,32.37503690758717,898.2447610329232,0.0573768699790194,0.9104637859972954,9,0.88537026251211,12.252714295630554,406.0608971323401,0.0799415933114622,대치1동,1123060
17.076794882657953,0.110193769545514,2022-05-01,31,False,4.0,7.5,0.0,6.552040975947356,0.90870921084831,22,0.8829868108336153,27.04529188760593,714.7767008300266,0.1170928895960592,0.8771924419007711,9,0.8426454650871348,11.132526171733042,394.3225665103262,0.0887802282176909,대치4동,1123063
17.257492712055218,0.1225706858174169,2022-05-01,31,False,4.0,7.5,0.0,6.60381521924792,0.903561330174536,22,0.879602390306192,27.04676605174972,703.2437719432176,0.1194609510530715,0.8734929622360322,9,0.842820413992092,11.914686016588764,422.8043455559113,0.1024743392440672,역삼1동,1123064
17.190143506631653,0.1050508075301826,2022-05-01,31,False,4.0,7.5,0.0,6.431480915922464,0.9242366624601486,22,0.8977517215722808,28.42897729661283,739.2468863371348,0.0943345885180217,0.8947535450959325,9,0.8619950064474163,11.651835644434676,398.6186372766885,0.0864083023961376,역삼2동,1123065
16.262876985385713,0.0872673131777498,2022-05-01,31,False,4.0,7.5,0.0,6.359016077555515,0.9452134632407566,22,0.9284451841148984,30.1998384802212,810.4477454516428,0.0583791661313753,0.9168967596465628,9,0.8858966096439247,11.864522933489903,390.50222577376576,0.0792202835195908,도곡1동,1123066
16.901184978444196,0.0802391120839031,2022-05-01,31,False,4.0,7.5,0.0,6.329646858745118,0.9514383219011202,22,0.9361355611713796,32.23476259672198,864.3133261651535,0.0544300925100854,0.9199249958313028,9,0.8908242525890442,12.41991888944177,404.10092536499707,0.074305154425717,도곡2동,1123067
16.074263455357805,0.0902906149891491,2022-05-01,31,False,4.0,7.5,0.0,6.095280612446233,0.9627533772674056,22,0.952810772178595,32.99795207269342,852.7034744181723,0.054450039775807,0.9276157654043292,9,0.8970758849295608,12.801662948264422,395.9382390202703,0.0846477875483794,개포1동,1123068
16.97124420766921,0.0878389602582608,2022-05-01,31,False,4.0,7.5,0.0,6.108986659736659,0.9426969276969276,22,0.9217053592053592,31.77373638639185,809.2069252674614,0.0537279379280836,0.913820743820744,9,0.8880705705705706,12.41228940476702,403.34093078152114,0.089816007289291,개포4동,1123071
15.876152105321632,0.0739612361835701,2022-05-01,31,False,4.0,7.5,0.0,5.815250238862348,0.9520014442839684,22,0.9407654705032774,31.593931886756447,859.7059496234572,0.0419833416187409,0.9234540606599267,9,0.9083574047328076,12.270284467896452,407.8102591631121,0.0612177512802249,일원본동,1123072
15.423056489780471,0.0924097564053057,2022-05-01,31,False,4.0,7.5,0.0,5.505039795157654,0.9303545913036602,22,0.9137933955710678,28.945814314364828,755.6304673931854,0.0671534414244653,0.8952830348520019,9,0.8769216324133217,11.71760327463467,400.8704489265902,0.0843907718166456,일원1동,1123073
15.331802482308476,0.0953779821892081,2022-05-01,31,False,4.0,7.5,0.0,5.569493929319387,0.9376286031786736,22,0.9222908614657556,31.01347116957032,814.2466683300024,0.0350087376657893,0.9046023910269324,9,0.8819148059274998,12.004100776299127,395.9012984189706,0.086671466259245,일원2동,1123074
13.980068187794105,0.1292497940118946,2022-05-01,31,False,4.0,7.5,0.0,5.046848063777463,0.9213571860492694,22,0.9024431381705078,29.114814428440557,791.4608675667163,0.0785972295255101,0.8662678120173438,9,0.8397999294405847,11.529756638183905,398.9001914640585,0.1186259406459923,수서동,1123075
16.833388203396606,0.0931666395975577,2022-05-01,31,False,4.0,7.5,0.0,5.982727067127402,0.9498937574619604,22,0.941547209555517,34.24779497506288,905.9351863245072,0.0593233422884583,0.9171166853380038,9,0.9034866092325816,13.069297723943418,446.28578437347295,0.059043077545776,세곡동,1123076
17.420640796662173,0.0910413704805309,2022-05-01,31,False,4.0,7.5,0.0,6.291064353242587,0.925380828527492,22,0.9083207619637332,30.84967585717495,755.2904315526193,0.0697923385688803,0.8818296125486851,9,0.8514937902545476,12.384322217235612,384.5796954834756,0.094307468117865,압구정동,1123077
18.389525951680035,0.1041523842711116,2022-05-01,31,False,4.0,7.5,0.0,6.453433266922777,0.9322131354246735,22,0.9151228884172652,31.60953212827045,805.6814428112752,0.0776769563151419,0.8961482165775657,9,0.8727317790547632,12.902261779623728,409.7762921096166,0.0849820971610106,청담동,1123078
16.875882528083366,0.0950384668661392,2022-05-01,31,False,4.0,7.5,0.0,6.3328497741654,0.9445388679360776,22,0.9299062762291328,31.310889609111147,844.252085217772,0.0569242449479345,0.9168186147458331,9,0.8896762133640456,11.994068066537467,398.36989534582847,0.0762840760772962,대치2동,1123079
16.08762839923828,0.0861102545053084,2022-05-01,31,False,4.0,7.5,0.0,5.942451786718986,0.9579479059970858,22,0.9458751100018752,33.210235632696715,844.8090426823061,0.0368278130433634,0.928781900543878,9,0.9065388000057704,12.711301809751806,400.3515696137165,0.0771944023102672,개포2동,1123080
16.775652099588594,0.1139732286470158,2022-06-01,30,False,12.0,393.8,0.0,6.163573691303731,0.9201000141864094,22,0.9057845084409136,29.63054101392507,772.7749087491924,0.1031389429453274,0.8889452404596397,8,0.8661533550858277,12.519324452317402,423.5702719099044,0.0878353523124193,신사동,1123051
17.674629494776664,0.1181087917088029,2022-06-01,30,False,12.0,393.8,0.0,6.557727454395865,0.9168389681938712,22,0.8950236760550327,28.186943288704864,729.193215845233,0.1248930895169627,0.8860217207563983,8,0.8578786179810722,12.478270105756664,438.2173885195346,0.1009566026235526,논현1동,1123052
17.781938197146697,0.1139215792143897,2022-06-01,30,False,12.0,393.8,0.0,6.424126042223099,0.9258187349961045,22,0.903921756994428,29.481502852669745,745.9650739655249,0.1003801344489812,0.8968840458842084,8,0.8701557343648061,13.137830485053149,440.94866706864406,0.083959273034696,논현2동,1123053
17.031629018427957,0.1221484924428051,2022-06-01,30,False,12.0,393.8,0.0,6.177135841943097,0.932855633927383,22,0.92283051638368,31.75544178209901,870.7294027022614,0.0763044506385135,0.9058344802723678,8,0.8829793685742635,13.434587394913445,466.9195576410704,0.095737062450965,삼성1동,1123058
17.505528636072956,0.1030649397486998,2022-06-01,30,False,12.0,393.8,0.0,6.496584436462906,0.9380416789132104,22,0.9219713194270484,30.41392333724264,797.3219004003499,0.0792365411803631,0.9059300477430688,8,0.8847419716580611,13.092667603715544,455.95877213135753,0.0972705498253494,삼성2동,1123059
16.915766041400033,0.0932635407055881,2022-06-01,30,False,12.0,393.8,0.0,6.580928247314285,0.9474692717288414,22,0.9373189233290672,33.33773168923549,948.5985575488606,0.0479776984633394,0.92660694099109,8,0.902611813273234,13.149254667580236,461.09547187781976,0.0819378175524595,대치1동,1123060
16.629713907986446,0.1120913699174917,2022-06-01,30,False,12.0,393.8,0.0,6.421397951093133,0.913870179800822,22,0.891990916923748,27.628964107465563,748.4178465054325,0.1115828236868466,0.8865385823337485,8,0.8611488716671782,11.8573026889224,431.8274331999741,0.0820791040142538,대치4동,1123063
17.00603359960063,0.1212078392052947,2022-06-01,30,False,12.0,393.8,0.0,6.575396765160373,0.913510339584486,22,0.8906742721261518,27.63741228660233,744.1852510871919,0.1203169612592872,0.8876640776686696,8,0.862833704778013,12.701466544362816,466.6189155122828,0.1060579804426681,역삼1동,1123064
16.84320619370552,0.1043350343586051,2022-06-01,30,False,12.0,393.8,0.0,6.376582590017082,0.9345511958944632,22,0.9111108226610072,29.27921182896305,785.4074547971843,0.0907735163646041,0.9086367074522004,8,0.8789072041593458,12.575149308585797,449.98885739590565,0.0827219549780515,역삼2동,1123065
15.751937316263632,0.0935002930243639,2022-06-01,30,False,12.0,393.8,0.0,6.220478568041726,0.9519843527738264,22,0.9392176386913228,31.04478183126757,841.8031542273111,0.0598105319946923,0.9254374110953058,8,0.9001789947842579,12.854013403373129,429.8476285865912,0.0824134032195981,도곡1동,1123066
16.589609361340457,0.0824457833120387,2022-06-01,30,False,12.0,393.8,0.0,6.216854549133885,0.9546377691435972,22,0.9428776104905292,33.24525436900284,919.2093451925645,0.0521237304445571,0.929644244779019,8,0.902550995628946,13.4459553149482,455.95434541258095,0.0696234966318748,도곡2동,1123067
15.71821686996966,0.0938651721385638,2022-06-01,30,False,12.0,393.8,0.0,5.966175157556214,0.9730144458948934,22,0.962472659998444,33.90111662661093,897.5933931992661,0.0440179193812062,0.9464792994043554,8,0.921875459268801,13.760825267326805,433.77092845668585,0.0858658613745506,개포1동,1123068
16.67457950235721,0.0915411847705922,2022-06-01,30,False,12.0,393.8,0.0,6.004877010215552,0.9465095807615396,22,0.9260415114348788,32.50483537003982,854.1917510364955,0.0553951394699885,0.924546087812384,8,0.9017069431785232,13.378472189423048,457.1199709117044,0.0847116805075021,개포4동,1123071
15.3937963742705,0.0766561556403713,2022-06-01,30,False,12.0,393.8,0.0,5.68578854925855,0.960157166386422,22,0.95211732188744,32.73444778363003,917.6467657466094,0.0471964337999455,0.9346498257191754,8,0.9237849609443308,13.372127261636855,466.5073055551048,0.0629851799387304,일원본동,1123072
15.088225380965792,0.0915556094663398,2022-06-01,30,False,12.0,393.8,0.0,5.41751546840774,0.9377769400895244,22,0.9249793695737036,29.68649192443536,795.9800633431606,0.0628211701654951,0.909418133738812,8,0.8959181757408775,12.613627436292914,447.0402732369175,0.08708318312384,일원1동,1123073
14.907668096699611,0.09559631564387,2022-06-01,30,False,12.0,393.8,0.0,5.459843407937182,0.9445189706527138,22,0.9334163146615106,32.11572317503057,866.8757299876851,0.0415703982909097,0.9157099625969728,8,0.8989864862270702,13.072243364946791,449.65828095812014,0.091862033300687,일원2동,1123074
13.63295351355333,0.1248318904146725,2022-06-01,30,False,12.0,393.8,0.0,4.9461555760165,0.9343842074248676,22,0.9194519740718916,29.64247427711033,827.719791011081,0.0615957821928987,0.8896471714790808,8,0.8715961991750147,12.275090458980698,442.5774092247052,0.1191821813253715,수서동,1123075
16.43846084026431,0.0920996185015257,2022-06-01,30,False,12.0,393.8,0.0,5.891460587133042,0.9566343403793682,22,0.9509497353627666,35.236900933544014,959.5002547832574,0.0642950144248846,0.9286173115487032,8,0.9192103619448372,14.15175252702795,499.4305452612274,0.0623126085215872,세곡동,1123076
17.03380130333294,0.0964461265104346,2022-06-01,30,False,12.0,393.8,0.0,6.205863322929201,0.9282884416741218,22,0.9146210267996068,31.652903532969383,800.4324128532012,0.0729094833919367,0.8923842051358972,8,0.8658373556201545,13.18616039921894,427.9384967050422,0.0906257450782468,압구정동,1123077
18.003737169856862,0.1020537592882352,2022-06-01,30,False,12.0,393.8,0.0,6.385524942270585,0.9391705943757316,22,0.9262567116267844,32.3908071579841,853.1916841148445,0.0775401680810318,0.909578988009528,8,0.8877065920080565,13.826568449034813,457.37447125457146,0.0849256890528872,청담동,1123078
16.454242494347024,0.0893539195433173,2022-06-01,30,False,12.0,393.8,0.0,6.210352064081614,0.9518083037272538,22,0.9392148044933556,32.45611814465517,902.723290066488,0.0560862673670114,0.9276938148286598,8,0.9105103607686518,13.020203602577586,446.5230712269502,0.0722701683637081,대치2동,1123079
15.64796703122054,0.0808777134119809,2022-06-01,30,False,12.0,393.8,0.0,5.820143698857649,0.9632273528823212,22,0.953146074152844,34.441003921336275,906.6443996797008,0.038501579424686,0.9420927882194604,8,0.9234162350848728,13.798771186213232,453.2903165020912,0.0816169956210332,개포2동,1123080
16.53083510103656,0.1167430329845391,2022-07-01,31,False,14.0,252.3,0.0,6.061354631149609,0.9148762607740636,21,0.9065092615230576,29.18336857206364,770.1045329990703,0.1240271598233716,0.8821285397723523,10,0.863010179331649,12.984912056874874,439.0846065196628,0.1029156347741837,신사동,1123051
17.526463096157798,0.1138993149624385,2022-07-01,31,False,14.0,252.3,0.0,6.518797163046231,0.9181542487158886,21,0.897250969897725,27.69422110724351,734.395952809338,0.1205978738756832,0.8875990194101209,10,0.8641155856984364,12.89069547691962,453.5689437613888,0.1072568036364553,논현1동,1123052
17.557964042181286,0.1105190610790951,2022-07-01,31,False,14.0,252.3,0.0,6.350993872572559,0.9246432070071646,21,0.91261404890417,29.73023208867866,765.820708784802,0.0884444617394671,0.8980479629665199,10,0.8794956877509076,13.7110703100478,460.3208429880038,0.107731319133258,논현2동,1123053
16.738351488883026,0.1157625388377219,2022-07-01,31,False,14.0,252.3,0.0,6.120889499544372,0.934611648703048,21,0.9250660075370426,31.34211316172465,882.8513589992702,0.0755469650749656,0.9062142215783726,10,0.8894778478371892,13.986503784669788,487.2420975997837,0.1028042655841877,삼성1동,1123058
17.376666720404337,0.104741693822861,2022-07-01,31,False,14.0,252.3,0.0,6.441580780793865,0.9360149884536622,21,0.922408173935776,30.104080008453405,806.9268247710578,0.0822532373335674,0.9062555008496362,10,0.8851845235501722,13.623729075788953,482.2125497062148,0.0894157155270417,삼성2동,1123059
16.79852626822785,0.0884163019115854,2022-07-01,31,False,14.0,252.3,0.0,6.502455054732094,0.9525728143344782,21,0.9456223150210564,32.77059054286513,970.6287806680792,0.0477990165384275,0.9289065230206608,10,0.9120452964993346,13.719731824935682,489.7686816858147,0.0740996246425049,대치1동,1123060
16.54786513069638,0.1110174502394002,2022-07-01,31,False,14.0,252.3,0.0,6.410456635288879,0.9147302442672268,21,0.8958984341551687,27.28340289578675,760.6764921613756,0.1078702394906199,0.8854124685318278,10,0.8646957077698556,12.352980995319912,455.2251495760351,0.0959205931225783,대치4동,1123063
16.875587191508455,0.1167552009076776,2022-07-01,31,False,14.0,252.3,0.0,6.536799343947762,0.9140636556344676,21,0.8950666109641182,27.31622792848821,748.238441717032,0.1179841193041907,0.888882080799641,10,0.8679277104705317,13.177018285894126,488.14388049909707,0.1074107492015982,역삼1동,1123064
16.755282776423236,0.1005737008129123,2022-07-01,31,False,14.0,252.3,0.0,6.377735359988392,0.9344966043153928,21,0.9180277726332832,29.031853967776588,793.8627383564489,0.0875029453738764,0.9092419518360756,10,0.8854761691102485,13.118891516535903,472.2658814698985,0.0824365120048824,역삼2동,1123065
15.628265845464592,0.0854754882099753,2022-07-01,31,False,14.0,252.3,0.0,6.208361174081745,0.9489528897401284,21,0.9406791753510418,31.227478882526068,868.2187588475131,0.054636182623941,0.9245204165156664,10,0.9040021063403352,13.472085508799053,458.9861091885095,0.0844380202818903,도곡1동,1123066
16.49292066224736,0.0778638816391243,2022-07-01,31,False,14.0,252.3,0.0,6.167696573196798,0.9542159470683276,21,0.9503943278343936,33.25391924381326,939.583665107682,0.0476458870504259,0.9341045049802122,10,0.9142914499227278,14.14567496420974,483.151729778358,0.073323584218651,도곡2동,1123067
15.399913605915456,0.0811715239575193,2022-07-01,31,False,14.0,252.3,0.0,5.770302619892092,0.9715675443749612,21,0.9588821098682536,33.45593927731232,905.2059821266148,0.0469467242904434,0.94709891110171,10,0.9239054376745576,14.215673584178706,458.5521645674554,0.078463030509759,개포1동,1123068
16.425950765183295,0.0903680884958972,2022-07-01,31,False,14.0,252.3,0.0,5.939412071126383,0.9478852171294964,21,0.93454692952954,32.06877160011823,858.0906066372584,0.0590415697242047,0.9243789344901786,10,0.9071236300596544,13.99845531507894,479.1911717379923,0.0781361422660382,개포4동,1123071
15.21692021483878,0.0747391768696075,2022-07-01,31,False,14.0,252.3,0.0,5.592683045017874,0.954891761689342,21,0.9530619045198598,32.69796996616906,936.0645072413956,0.0528908020734819,0.9318886498026124,10,0.9252684072900604,14.046901741180465,496.635558417587,0.0677426921472412,일원본동,1123072
15.103398863569796,0.0947534819834769,2022-07-01,31,False,14.0,252.3,0.0,5.374977827895261,0.9389827778103216,21,0.9287827309472204,29.703797488985067,797.7755411377935,0.0734398090743656,0.9133603772479644,10,0.9020590475074688,13.237623280565805,467.257853252311,0.0884536929557643,일원1동,1123073
14.750473786118954,0.0873870625397143,2022-07-01,31,False,14.0,252.3,0.0,5.404007719808021,0.9507528572453048,21,0.9416459273464206,31.466760565150896,870.4694586616741,0.0454608495918425,0.9257879835006204,10,0.9103450473972045,13.570716910301217,473.9239618855472,0.0984539748075901,일원2동,1123074
13.603358276497396,0.133187989625217,2022-07-01,31,False,14.0,252.3,0.0,4.905222088437794,0.931378284901574,21,0.9185829265927532,29.283182640066222,826.5042336777136,0.0492428725062883,0.8882236480589586,10,0.8725789507709216,12.77302173752842,453.9562264921527,0.1182220814039376,수서동,1123075
16.261263053444452,0.0930803508820964,2022-07-01,31,False,14.0,252.3,0.0,5.827686389798611,0.9557120059039144,21,0.9522846399762848,34.92993178283588,975.4880414665456,0.0619194908703926,0.9297611105218409,10,0.922132457328085,14.76484703211194,523.3532656019632,0.0664632449065722,세곡동,1123076
16.79575892194901,0.0916351137176431,2022-07-01,31,False,14.0,252.3,0.0,6.144001390401821,0.9315560016156076,21,0.9246309193052886,31.41616402482062,816.027783285009,0.0659348349139948,0.8964581471916577,10,0.8752623526675887,13.74002280617536,447.6816773735604,0.0989646425442518,압구정동,1123077
17.862721718338168,0.1001541307931058,2022-07-01,31,False,14.0,252.3,0.0,6.33569109120784,0.9371314295437748,21,0.927161526694826,31.625682293077844,852.8105573101219,0.0774345969707144,0.907853619368527,10,0.8917162820624172,14.238441319714596,479.1389680762936,0.0849168931192572,청담동,1123078
16.317717500839773,0.087683921876987,2022-07-01,31,False,14.0,252.3,0.0,6.1415324853326645,0.9548324301573106,21,0.9467675876498942,32.20596264577915,920.8416237652964,0.0486663519907093,0.9310156312181884,10,0.916566163882942,13.67281348587798,478.4745695464147,0.071960969073783,대치2동,1123079
15.560204157040578,0.07835678204295,2022-07-01,31,False,14.0,252.3,0.0,5.742156198392699,0.965088511046666,21,0.9570825704895444,34.396778844947804,920.7068987967205,0.0321526119964591,0.9434992215123734,10,0.9289736703300367,14.53813325632617,478.0163713579322,0.0916284025514799,개포2동,1123080
16.197764941899003,0.1123393080031937,2022-08-01,31,False,19.0,564.8,0.0,6.0339954119062655,0.920330150340358,23,0.914771525523482,29.607825258852,806.7072609584936,0.1136043888632919,0.8813256945274639,8,0.8657788052139872,12.5757906130056,442.6171381696129,0.1030531287281538,신사동,1123051
17.169133067567778,0.1081551561892285,2022-08-01,31,False,19.0,564.8,0.0,6.412564189317425,0.9223406613335482,23,0.9060254615712284,27.82043248812772,772.3770082077227,0.1232209145038586,0.8839997544472462,8,0.8631277703763095,12.423053745690916,457.040952385089,0.096340306591863,논현1동,1123052
17.274911859509892,0.1133096745069974,2022-08-01,31,False,19.0,564.8,0.0,6.35268743635555,0.923599295865446,23,0.9107985717330498,29.03090010529747,773.6921273019533,0.0966014928590269,0.8953439234187889,8,0.8733847137545684,12.91747509752624,451.3052239381542,0.0804371176886583,논현2동,1123053
16.474068996506862,0.1153137641119075,2022-08-01,31,False,19.0,564.8,0.0,6.010155914029015,0.9398230451374144,23,0.9322994307954766,31.037210616113057,910.1100598992792,0.0727156200399664,0.9054879585436634,8,0.8833075199409522,13.27931517330583,479.612156863314,0.098353685746593,삼성1동,1123058
16.961973847356084,0.1043679744481077,2022-08-01,31,False,19.0,564.8,0.0,6.312781696622384,0.9374155596075368,23,0.9245771468264304,29.74441209257133,836.8430604727209,0.0846398030213954,0.9004454284970045,8,0.8810128505687245,12.933246287762415,475.3179615931405,0.0840599236519466,삼성2동,1123059
16.526970958707363,0.0843358217027229,2022-08-01,31,False,19.0,564.8,0.0,6.438021163375224,0.9553730700179534,23,0.9458764811490128,32.51872685301765,989.3908029029716,0.0430451614731643,0.9246003590664272,8,0.9074779174147216,13.092167857858527,479.6234172876788,0.089885712756987,대치1동,1123060
16.281737460363175,0.103304129066026,2022-08-01,31,False,19.0,564.8,0.0,6.351904777989331,0.9230670769755894,23,0.9050357657351752,27.122563844784956,792.9072984227922,0.1089979234021244,0.8853766113247397,8,0.8594739346575337,11.757276841081572,456.0840928245896,0.0893255179475158,대치4동,1123063
16.45164182743242,0.1125736131951732,2022-08-01,31,False,19.0,564.8,0.0,6.470724454264409,0.9169666265869156,23,0.8978046124900758,27.062496535639244,774.8522863539573,0.1213105664134,0.8853486172485888,8,0.8631212680518433,12.477402365791148,483.2533420375864,0.0996697527908073,역삼1동,1123064
16.435398405553276,0.0997055986727016,2022-08-01,31,False,19.0,564.8,0.0,6.306061602731093,0.9379465363677943,23,0.9272231852420432,29.247623186573662,825.8485069560743,0.0834143759829672,0.9113815855341552,8,0.8874605658106806,12.534802303234844,464.5484512312577,0.0793182221192811,역삼2동,1123065
15.251892260854,0.0916632345817141,2022-08-01,31,False,19.0,564.8,0.0,6.062006844174983,0.9526479832031404,23,0.9431813736009038,30.82501973741522,891.7870969562514,0.0534823949809247,0.9228112688813516,8,0.9030511291762447,12.732415558921508,451.3447299943352,0.0921046991853068,도곡1동,1123066
16.183078311214857,0.0811227033469522,2022-08-01,31,False,19.0,564.8,0.0,6.081184130224336,0.9575966354450296,23,0.9538462347871414,32.82098388528249,960.4063008375858,0.0449833328842937,0.9312798874596508,8,0.9113323857841724,13.457995548279914,473.3359640365851,0.0769774994665258,도곡2동,1123067
15.119924634367518,0.0840606270662024,2022-08-01,31,False,19.0,564.8,0.0,5.692150679691764,0.9718032138697518,23,0.9617610527808697,33.46289055016359,922.0072130237696,0.0340695032141221,0.9417661241452816,8,0.9214308124067924,13.722830448885862,449.2170035951894,0.0777380793375662,개포1동,1123068
16.39927832377872,0.0840184432939135,2022-08-01,31,False,19.0,564.8,0.0,5.91453364139146,0.9543290349597838,23,0.9456186914268384,32.27053044232983,898.6557884304568,0.04611800846046,0.9307383286883943,8,0.9127088417495776,13.42234825899052,480.1902547985951,0.0797997622354878,개포4동,1123071
14.896587657402783,0.0759133036406739,2022-08-01,31,False,19.0,564.8,0.0,5.548271692461308,0.963908026848616,23,0.9632895101791756,33.091570702051115,984.7455918727204,0.036710889964557,0.9368702501802852,8,0.9319004826094194,13.572677328858614,489.0843530918123,0.0683758617715602,일원본동,1123072
14.682226999929393,0.0910849925401674,2022-08-01,31,False,19.0,564.8,0.0,5.243055927416507,0.9368290616394832,23,0.9255129562945704,29.12665535399761,828.6782246316001,0.0634063481607642,0.9035790439878556,8,0.8898051260326203,12.493385119934612,457.2604163998504,0.0926045225691305,일원1동,1123073
14.480030367597022,0.0879443840747124,2022-08-01,31,False,19.0,564.8,0.0,5.360619196959927,0.9477500197523188,23,0.939085760744624,31.402599182618644,887.0294626331985,0.0409807336374102,0.9159067333742822,8,0.9003712161566321,12.903656297197063,458.36668190294216,0.0973873508152336,일원2동,1123074
13.196534951384796,0.1327202646159729,2022-08-01,31,False,19.0,564.8,0.0,4.787267611962287,0.9377857984678846,23,0.927164849734826,29.510959809541465,856.5568526970674,0.03617398444941,0.889104301708898,8,0.875138479670006,12.35454646376946,453.1470186804344,0.1292011425044392,수서동,1123075
15.902284157927612,0.0943736978620844,2022-08-01,31,False,19.0,564.8,0.0,5.757215694138532,0.9584200664058647,23,0.9578967092935338,34.88292059320482,1044.7709015672176,0.0511507075907577,0.9299168282981032,8,0.9244097439100564,14.1182929698796,524.2088857317417,0.0707133831229895,세곡동,1123076
16.44053449443911,0.0887022587455946,2022-08-01,31,False,19.0,564.8,0.0,6.043984225495788,0.9349240865368704,23,0.931401444876839,31.299285813192743,832.4193659072881,0.0552460353743894,0.8930801846296409,8,0.8727687827175441,13.12481456595272,437.3136213262254,0.096424543061806,압구정동,1123077
17.459233426441305,0.0969632396102725,2022-08-01,31,False,19.0,564.8,0.0,6.285248905226258,0.94270326418372,23,0.934223401040734,31.734122704391584,883.6922942450709,0.066890896469513,0.9094809291953104,8,0.8927119564769723,13.638018891758495,473.21263111861794,0.0842216760458356,청담동,1123078
15.98037797569502,0.0919195459956084,2022-08-01,31,False,19.0,564.8,0.0,6.067879240885635,0.9587098385217246,23,0.9507254869319128,31.70438660732736,944.443768329514,0.0461967472208196,0.927074413184618,8,0.9081301814549692,12.986691845623652,466.8270974996416,0.0727904203574737,대치2동,1123079
15.245878285056705,0.0816600209217318,2022-08-01,31,False,19.0,564.8,0.0,5.659441631857656,0.9696344623812684,23,0.9645986053996068,34.13089418787165,943.9298870567452,0.0231140761906909,0.9453615517319308,8,0.9297123961679488,13.877257283884592,465.9331791939844,0.0907462901787501,개포2동,1123080
16.052712906338012,0.1161742454531744,2022-09-01,30,False,8.0,201.5,0.0,6.096200673576342,0.9048947350885638,22,0.8938404839088128,19.9912210971112,562.7838110446166,0.1109904263354339,0.8406490775009766,8,0.8087828627207182,8.128635028999414,297.84542603290464,0.1038029118851882,신사동,1123051
16.994517746325606,0.1079323214434138,2022-09-01,30,False,8.0,201.5,0.0,6.448251717374862,0.9017109416802332,22,0.8736081417977872,18.98523851595688,547.1798100325426,0.1231004807456019,0.8430365191117744,8,0.8047673917884104,7.993982643073562,311.6267338935905,0.1049516805630405,논현1동,1123052
17.053162498977613,0.1116749437902026,2022-09-01,30,False,8.0,201.5,0.0,6.355032861097408,0.9062042625697442,22,0.8851515186922415,19.58731376618309,543.0708164248019,0.0982877674210362,0.8559638941962582,8,0.8207532168923872,8.268012067106215,303.369955539765,0.0847890471354408,논현2동,1123053
16.325748410948076,0.1087085924845085,2022-09-01,30,False,8.0,201.5,0.0,6.033614237354109,0.922703312961204,22,0.90357785342573,20.98058618642834,642.3281316243176,0.0647022201572835,0.8652752648706928,8,0.8341047874360482,8.532029238212107,323.0842181326368,0.0973659397372645,삼성1동,1123058
16.800353290241592,0.106528946347511,2022-09-01,30,False,8.0,201.5,0.0,6.343762591655381,0.9171198853284844,22,0.8979965756812216,20.17962201416932,592.8721229434612,0.0818915128789584,0.8603470539887738,8,0.8331597793616451,8.35019192669315,323.2443296578997,0.0859567812891765,삼성2동,1123059
16.406277022001127,0.0825423480116339,2022-09-01,30,False,8.0,201.5,0.0,6.509492523092158,0.9422169820154206,22,0.9276144832457788,21.88601924890169,691.328632940443,0.0413192604008185,0.8898235699940898,8,0.8583391324344914,8.420507848343371,322.12944222825934,0.0914325586138417,대치1동,1123060
16.106565239230854,0.1061688655678692,2022-09-01,30,False,8.0,201.5,0.0,6.304396956051469,0.8961824473611573,22,0.8679891387405063,18.60194829659133,564.2895767060363,0.103433539139383,0.8354432704143225,8,0.8034820477644266,7.718981981668991,315.9632569888827,0.0879486509626295,대치4동,1123063
16.406701831284,0.1117029982535083,2022-09-01,30,False,8.0,201.5,0.0,6.496211383021032,0.8951382469901303,22,0.8680444020625887,18.66623063179614,555.5124703659475,0.1185528887621103,0.8486925790965748,8,0.8105802076809214,8.072603475105605,330.486519384042,0.1044075963402849,역삼1동,1123064
16.289844991489172,0.0991454634475443,2022-09-01,30,False,8.0,201.5,0.0,6.3318891794747785,0.9228368842213692,22,0.90718607302351,19.884912622730383,583.6763377752968,0.0781185956050503,0.8717354232486856,8,0.8386323166403908,8.115137336137368,316.6303812084998,0.0819211020298766,역삼2동,1123065
15.26509831078367,0.0904914560366204,2022-09-01,30,False,8.0,201.5,0.0,6.135352931529955,0.9334716284839668,22,0.915736642004837,21.02604868321907,630.2070968400175,0.0568012432297335,0.8856571678462101,8,0.8516915590500582,8.262377830345535,306.3196509133872,0.0897992191304181,도곡1동,1123066
16.123423070377353,0.0790787074337313,2022-09-01,30,False,8.0,201.5,0.0,6.149947972579693,0.942809236989388,22,0.9351917630223916,22.038201647531903,662.4358413231324,0.0433756958918565,0.8970377798926146,8,0.8627867671877532,8.626306705830839,319.7062799483654,0.0793676095342877,도곡2동,1123067
15.083041408504991,0.0850856561717788,2022-09-01,30,False,8.0,201.5,0.0,5.818592824120737,0.9631540434191572,22,0.9442496309866372,22.55685679173435,651.5876355915967,0.0295635045287036,0.9077270918202716,8,0.8739853517016705,8.902408504518341,310.1267651380038,0.0865266140986017,개포1동,1123068
16.281734033988105,0.0842816558347271,2022-09-01,30,False,8.0,201.5,0.0,5.927157003806275,0.9381536534760038,22,0.92694086854643,21.928230569434994,619.4601437041039,0.0482706266200656,0.8946576516522236,8,0.8669483137248112,8.670883377135773,319.4765039866696,0.0833468304584176,개포4동,1123071
14.809989788943788,0.0761417894391802,2022-09-01,30,False,8.0,201.5,0.0,5.598089994772515,0.9509824954113996,22,0.9464939545779848,22.48050674350322,691.8749067357148,0.0336880136569419,0.9093200556341804,8,0.8957951180951337,8.741681321086332,326.4726770894378,0.0688121039424381,일원본동,1123072
14.58358081168304,0.0933844632166194,2022-09-01,30,False,8.0,201.5,0.0,5.28161948208775,0.9152570141306574,22,0.8974062016708213,20.019460329241987,585.6904898999835,0.0675297653447087,0.8602625576419245,8,0.8421448092255326,8.202031699436542,308.8057712890848,0.0869680996490287,일원1동,1123073
14.390935214290415,0.089217121746399,2022-09-01,30,False,8.0,201.5,0.0,5.391701238617324,0.9257690107765276,22,0.9042842897564776,21.208720278777143,616.6746045468923,0.0376352974686485,0.869753676960638,8,0.840913347405079,8.328683564734433,308.84166122915786,0.0988038518009104,일원2동,1123074
13.226555295375126,0.1291313920848204,2022-09-01,30,False,8.0,201.5,0.0,4.830177826493107,0.9136860221765986,22,0.898903095345535,20.35053566493851,609.7442710848946,0.0356633527470752,0.844701238682949,8,0.8246778150831199,8.117140755665396,307.8129224996006,0.1260881566783645,수서동,1123075
15.80012739406292,0.0940969847280412,2022-09-01,30,False,8.0,201.5,0.0,5.80464913376508,0.943812091127256,22,0.9419007856931524,23.67701643200828,737.7309839213616,0.0452777949240859,0.8985042243334758,8,0.8886656366086985,9.047624032255705,353.19127986795064,0.0654957305695736,세곡동,1123076
16.446223753555852,0.0870248647236829,2022-09-01,30,False,8.0,201.5,0.0,6.138684788775934,0.9223737566326252,22,0.9108598440488196,21.217729898794,586.6722726356323,0.0490673016842298,0.8529070170278765,8,0.8230361591025709,8.519979446369968,294.1101556671754,0.1053483825439112,압구정동,1123077
17.367193869815925,0.0937848912665409,2022-09-01,30,False,8.0,201.5,0.0,6.318621266221601,0.9292183135284716,22,0.9141847419791616,21.598087986257365,621.8457969249185,0.0638122466596032,0.8754354368483693,8,0.8477251855453264,8.803629233763514,319.2951751586056,0.08629906076877,청담동,1123078
15.888323713074106,0.0884106731181006,2022-09-01,30,False,8.0,201.5,0.0,6.151817064716535,0.944046815933704,22,0.9274708298571332,21.34108259406784,658.7881051259593,0.0440654716835882,0.89194472941524,8,0.8559369507104755,8.336921756967172,314.55238914064074,0.0838778837508797,대치2동,1123079
15.192255904479987,0.0838795905657753,2022-09-01,30,False,8.0,201.5,0.0,5.730040504090502,0.9567559159878862,22,0.9483911586671924,22.94779578405555,654.3860348139839,0.0221845050653827,0.9157863124312776,8,0.8836198800060286,8.823178552275342,309.99972866831325,0.0904707488502944,개포2동,1123080
15.902977619044558,0.1116775667796076,2022-10-01,31,False,5.0,124.1,0.0,6.114462007937139,0.9050078807186988,21,0.8880666565256422,19.52965147091317,551.6062663186219,0.1074265227326451,0.8504591670219596,10,0.8271098151548328,8.415582269254605,325.5491252353943,0.108884248680167,신사동,1123051
16.672257630533466,0.1074867177104085,2022-10-01,31,False,5.0,124.1,0.0,6.47275798793495,0.9031060459599122,21,0.87537478004712,18.626591009105542,543.6403000927262,0.1423204266000493,0.8597680143690846,10,0.8376109945778893,8.341680699217392,345.9170992411207,0.1070569405743345,논현1동,1123052
16.922060806556495,0.1096032446530719,2022-10-01,31,False,5.0,124.1,0.0,6.402248660728109,0.9119703553844404,21,0.8893735613794242,19.36619856687862,541.1145880733583,0.1020382920371009,0.873114955460823,10,0.8500371589888625,8.674016598049967,339.879038771767,0.0801206971850557,논현2동,1123053
16.2303968407192,0.1124871001031991,2022-10-01,31,False,5.0,124.1,0.0,6.1248065559095455,0.925451311757155,21,0.9078653420781184,20.86758048873528,640.8800477475085,0.0782803493669611,0.8775798389784897,10,0.859656601968601,8.988166852089806,358.3315673135801,0.0759092854086435,삼성1동,1123058
16.632691217353376,0.103853919761215,2022-10-01,31,False,5.0,124.1,0.0,6.374922680704088,0.9202955206961132,21,0.899506681909087,19.830010543947544,589.2566814938137,0.0895465718549732,0.8791749416002279,10,0.860116547051976,8.698615162479184,353.60103932032644,0.0914537792994469,삼성2동,1123059
16.224375095771038,0.0856967765657556,2022-10-01,31,False,5.0,124.1,0.0,6.509622293474269,0.938472347106052,21,0.9185953388054132,21.47227632195098,669.35833755087,0.0460105405074151,0.8972741755016956,10,0.8755265600198914,8.67350710415616,348.0655059283513,0.0900600563794582,대치1동,1123060
15.86661495312334,0.1042122685383434,2022-10-01,31,False,5.0,124.1,0.0,6.345522980287503,0.8980737823979487,21,0.874712386239215,18.44399448957452,557.5808011372242,0.1177319994184205,0.8589048428424348,10,0.8393545332324964,8.043013579812262,348.7252705789258,0.0877169221699287,대치4동,1123063
16.13633806200197,0.1105216950233667,2022-10-01,31,False,5.0,124.1,0.0,6.52280552949067,0.8953065257585425,21,0.8714741011150693,18.189787894330664,544.3561874283745,0.1335660006755238,0.8617568584189939,10,0.8393050113661027,8.379429670193575,362.4725396216172,0.1135821473418609,역삼1동,1123064
16.06624401492026,0.1028819901652271,2022-10-01,31,False,5.0,124.1,0.0,6.36215312103932,0.9181731741347554,21,0.9026133767260622,19.656733300547355,583.7561913362514,0.0888626033134703,0.8832678695165203,10,0.8651972994342677,8.503797196736677,351.5276139264792,0.0788437074564242,역삼2동,1123065
15.052327503583715,0.0931309937602077,2022-10-01,31,False,5.0,124.1,0.0,6.1825553709428585,0.9359491593260356,21,0.9148079044849008,20.743242628846097,628.613154779292,0.0622879936345743,0.903345950073812,10,0.8812979288672368,8.568507875154479,339.5115341237953,0.0867289249968591,도곡1동,1123066
15.930677443303058,0.0789196339664057,2022-10-01,31,False,5.0,124.1,0.0,6.173641592298591,0.9424753746697198,21,0.9289510384997456,21.566068164258517,649.9614187940847,0.0555591897254748,0.9037258630338604,10,0.8813711721795296,8.951545968400797,345.0275399110314,0.0719783694206406,도곡2동,1123067
14.83102792891854,0.0768764103552677,2022-10-01,31,False,5.0,124.1,0.0,5.829576621123908,0.9649714577916216,21,0.947349819188118,22.32073905901892,634.7747370858104,0.026347420821663,0.9228867402391664,10,0.8959604753915362,9.19060221831308,336.709401309513,0.062384478437865,개포1동,1123068
15.960947867875596,0.0819241237481391,2022-10-01,31,False,5.0,124.1,0.0,5.947277533019215,0.9390507696705006,21,0.921296545918465,21.29571724304841,609.5111041930577,0.050755882579614,0.908294097559816,10,0.8870479334473156,8.80045045740854,345.1503301032807,0.0651636900536642,개포4동,1123071
14.674407158226725,0.0730491057924118,2022-10-01,31,False,5.0,124.1,0.0,5.6497110757093605,0.9539437186343482,21,0.9445443866924782,22.07032555228453,689.0811460293952,0.0258316451402957,0.922641361400752,10,0.9114747858969956,9.032176495847114,364.9521742846399,0.0664766112694906,일원본동,1123072
14.472279733992425,0.0886595228047844,2022-10-01,31,False,5.0,124.1,0.0,5.302410091189072,0.9134765314012018,21,0.894228852010334,19.976594525329947,581.5288438892342,0.0500854357917165,0.875259459234597,10,0.8606106813288328,8.491952894593005,343.7373604116333,0.0929243945127392,일원1동,1123073
14.204441543639332,0.0874400905770884,2022-10-01,31,False,5.0,124.1,0.0,5.371183236033848,0.926838059195394,21,0.909693273451863,20.758796413793576,611.9937880882395,0.0363798108437119,0.8772287589138499,10,0.8593070000300355,8.584551529950263,337.5629214397801,0.0863376720666729,일원2동,1123074
13.06356539198968,0.1259774536583267,2022-10-01,31,False,5.0,124.1,0.0,4.884153236613389,0.9123320875191804,21,0.9000469757346035,20.15357058693452,611.0865789510281,0.0362253159345301,0.8571186645343511,10,0.845655996253722,8.379004092453016,341.13452301471625,0.1289946937132638,수서동,1123075
15.668656664147786,0.092819045542526,2022-10-01,31,False,5.0,124.1,0.0,5.818787395997545,0.9464455182020328,21,0.9423863725298698,23.194700019769485,750.43904905352,0.0441931788029068,0.905688657213303,10,0.9051128662158988,9.342551457213087,395.7497169388032,0.0626705967776107,세곡동,1123076
16.28863388848653,0.0848287933046312,2022-10-01,31,False,5.0,124.1,0.0,6.196617444820251,0.9189498946089024,21,0.9039099679278688,20.659621601608126,569.0605035410844,0.0557125900293727,0.8611256565740002,10,0.8380748264500926,8.786569955629858,321.13618125561374,0.1088198607813946,압구정동,1123077
17.147348538876308,0.0943165828332982,2022-10-01,31,False,5.0,124.1,0.0,6.325203113598723,0.9272412943399032,21,0.9129005916115712,21.13950104636094,614.4324347670437,0.0669238275458657,0.8860805483521751,10,0.8667598434248021,9.084619824471744,347.7701659332026,0.0831513798810698,청담동,1123078
15.676725414592145,0.0855133749580212,2022-10-01,31,False,5.0,124.1,0.0,6.184949605741841,0.9431676099141376,21,0.9227924435838184,21.06371957168713,652.2041844826651,0.052458072607894,0.905110211915887,10,0.8756084031268397,8.60558131420366,345.8907570832138,0.078364985915686,대치2동,1123079
14.987763147317422,0.082192760401024,2022-10-01,31,False,5.0,124.1,0.0,5.758691218374306,0.9537818051318858,21,0.9426456127758838,22.44174113608204,644.4560311259605,0.0206196993750089,0.9176612237574016,10,0.8971968419163825,9.105069456638338,343.4347063705806,0.0883818881308905,개포2동,1123080
15.802600879557383,0.1152874264916117,2022-11-01,30,False,5.0,84.5,1.0,6.097915065966803,0.896337069087814,22,0.8736622215917151,18.785459183511968,526.4406035858077,0.1164465600778937,0.8634671584621932,8,0.8416711590296496,9.749868185417755,369.8258088654191,0.1063543703199981,신사동,1123051
16.518713682045533,0.1121744934168177,2022-11-01,30,False,5.0,84.5,1.0,6.512736105268079,0.9016753143551628,22,0.8724596830739026,17.81790310707254,502.731549913124,0.1322135471982524,0.8748777637544992,8,0.8564324779133361,9.673460381507844,389.2806230658139,0.1009618961462694,논현1동,1123052
16.73249207304201,0.1117670627196108,2022-11-01,30,False,5.0,84.5,1.0,6.3851413869537685,0.9054871226514672,22,0.8789819506016466,18.704824082293293,517.2823389863074,0.10674282796694,0.8838510660755752,8,0.8637655689254802,10.095746622870315,385.8828038698255,0.0891225494888896,논현2동,1123053
15.838173256405904,0.1104457616109126,2022-11-01,30,False,5.0,84.5,1.0,6.076834379772612,0.9244866791108094,22,0.906353300526048,20.178024192364173,597.7654633561374,0.0779135541842589,0.8932538605124724,8,0.8790972340064485,10.380379002820128,403.8168408962806,0.1053236981704016,삼성1동,1123058
16.31551454805939,0.1075316374736851,2022-11-01,30,False,5.0,84.5,1.0,6.367634996092733,0.9156473039854128,22,0.8911960580012156,19.05700796357881,544.6411156134044,0.0988940705618104,0.893311626291569,8,0.8750547017452462,9.990219283708532,397.20783266132526,0.0851398726479215,삼성2동,1123059
16.00182217594255,0.0824833921912429,2022-11-01,30,False,5.0,84.5,1.0,6.503277393177738,0.9333795332136444,22,0.9125350089766606,21.191468565418536,647.7383868010278,0.0610722840984861,0.9133637342908438,8,0.8933845601436267,10.178251535744137,398.0011089130717,0.0850764329637221,대치1동,1123060
15.68325228161669,0.1048534111983585,2022-11-01,30,False,5.0,84.5,1.0,6.377156169254474,0.8945217494370038,22,0.8619414483821264,17.848992477885485,527.9970978383433,0.1385313498796512,0.8777640156453715,8,0.8569764134170914,9.239961286550418,382.0696034056632,0.0741861658051533,대치4동,1123063
15.942689984586384,0.113564946592033,2022-11-01,30,False,5.0,84.5,1.0,6.539631460576909,0.8910132638553893,22,0.8647833884243873,17.63283100716172,510.7161078420479,0.1268814408438392,0.873343609077105,8,0.8520496544982684,9.774951694869555,411.04606703250073,0.1034525109742602,역삼1동,1123064
15.918975941503293,0.1077960196770357,2022-11-01,30,False,5.0,84.5,1.0,6.404763169868116,0.9147077762086714,22,0.8895822608044007,18.845552383370197,543.7418360150483,0.0947333269539847,0.8963102643183597,8,0.8789144354128982,9.761405107942512,396.8113287617679,0.0865996574680365,역삼2동,1123065
14.822312452584162,0.0898431040185215,2022-11-01,30,False,5.0,84.5,1.0,6.180794019677572,0.933171526789948,22,0.9124259127548602,20.08799481976846,592.7499670465654,0.068468868860592,0.9175800142247512,8,0.8969760550023708,10.021610964375984,388.3110206174531,0.0830370431618984,도곡1동,1123066
15.780181520081948,0.0804562180187431,2022-11-01,30,False,5.0,84.5,1.0,6.208261276403886,0.9430986145788348,22,0.9267071690516556,21.14355748776183,631.4606355130718,0.0606565859828666,0.9211749550044702,8,0.9040497393355432,10.465863367954867,399.2632160017764,0.0754542057149428,도곡2동,1123067
14.6296136272893,0.0869261559048278,2022-11-01,30,False,5.0,84.5,1.0,5.79906810172728,0.9571130978213698,22,0.9370887943754884,21.77324558126037,604.9560374761489,0.0409716760766729,0.929050429650204,8,0.9072806180019094,10.739764275350606,385.9838114740768,0.0838801309966781,개포1동,1123068
15.838024399399403,0.0854384250656756,2022-11-01,30,False,5.0,84.5,1.0,5.977109667359667,0.9352633402633402,22,0.9138588588588588,20.520677788604157,587.5868884784112,0.0627402767988723,0.9217711942711942,8,0.904028644028644,10.27891347808681,401.6019815499522,0.075242679566861,개포4동,1123071
14.616083453197607,0.071110108303249,2022-11-01,30,False,5.0,84.5,1.0,5.632932496127462,0.9468129010843108,22,0.9370933834919232,21.161220309688986,652.0664948255198,0.0431498194945848,0.929778712104448,8,0.92471841115291,10.465904884248406,425.07694621844416,0.0718140794223826,일원본동,1123072
14.2826469815717,0.0931139021221307,2022-11-01,30,False,5.0,84.5,1.0,5.311914552001695,0.9097740591682554,22,0.8877794252630093,19.293062732001925,559.664391193626,0.0701504736288534,0.8948450187107253,8,0.8824006213372874,9.808638084093896,401.77646252352486,0.0939019267527849,일원1동,1123073
14.023412925409051,0.0928045722912679,2022-11-01,30,False,5.0,84.5,1.0,5.419190825123344,0.9315133012705924,22,0.916453191403372,20.25843018841477,576.8174410019429,0.0416790229962526,0.9038584099409004,8,0.8878462107622622,10.017344377717244,394.786940907364,0.1131156822041894,일원2동,1123074
12.955073902474956,0.129107461329541,2022-11-01,30,False,5.0,84.5,1.0,4.842247385091338,0.9077821154979376,22,0.894119033588686,19.328784952998408,568.0979473018216,0.0609489561598806,0.8701657336476134,8,0.858656452563347,9.611424690837586,388.39811267277,0.1379256081782046,수서동,1123075
15.471709023965284,0.0915138764474322,2022-11-01,30,False,5.0,84.5,1.0,5.852236759919787,0.9461007922679904,22,0.9437160984910749,22.314008003630367,696.497110447314,0.0451734453201403,0.9222863999474012,8,0.9201568098885564,10.875345137752484,454.1168235153312,0.0679461049794133,세곡동,1123076
15.986588743914316,0.0891555489304613,2022-11-01,30,False,5.0,84.5,1.0,6.10245423563778,0.9129819863680624,22,0.8948169425511198,20.039802715882814,548.5395057982953,0.0665573526123574,0.8745462512171374,8,0.8534230769230768,10.224949157109153,369.18886285313,0.1033166877841544,압구정동,1123077
16.921634048268988,0.099994172679402,2022-11-01,30,False,5.0,84.5,1.0,6.34476721261753,0.9195966029723992,22,0.905134104597253,20.56234160738846,592.4911373511878,0.0730560588241526,0.8963286970839293,8,0.8816287534121929,10.590916240983796,402.1605622321794,0.084006123984192,청담동,1123078
15.50926198768104,0.0879361002601978,2022-11-01,30,False,5.0,84.5,1.0,6.190137239886798,0.938651906109539,22,0.9176477442983186,20.618633731561083,617.5646341370498,0.0557105686027983,0.9157399700349592,8,0.8980239720326286,10.065563587445578,395.19488367816433,0.0762372842610584,대치2동,1123079
14.980367122823951,0.0778133975958195,2022-11-01,30,False,5.0,84.5,1.0,5.806022050749859,0.955156924943826,22,0.94037562153552,21.85911379535862,624.771930985751,0.0319949160487379,0.9340421091435376,8,0.9186433044138076,10.770861039403792,406.9575753050026,0.0844734995894457,개포2동,1123080
16.047684543635683,0.1128743069484452,2022-12-01,31,False,9.0,13.6,11.0,6.192455544408699,0.8968299191742359,22,0.8767804972319166,19.657564643818283,581.2479496436107,0.1123974953599533,0.8526706037491333,9,0.822636613730149,8.94862827574139,348.5271915932971,0.1047015198861957,신사동,1123051
16.61187102581755,0.1082306097960074,2022-12-01,31,False,9.0,13.6,11.0,6.581759060493338,0.9035797028497504,22,0.8737730715823726,18.61800982366338,549.0917617063658,0.13403948947311,0.8600933542906097,9,0.8301007061630005,8.833885987106086,361.06793348933263,0.1052492636631395,논현1동,1123052
16.89610187235544,0.1132677108469751,2022-12-01,31,False,9.0,13.6,11.0,6.487577870870406,0.9045201414469616,22,0.8806695296598902,19.49805083620841,558.5829311570652,0.1072258362382936,0.8680730616210581,9,0.8421376079875932,9.190328356253218,354.59559282829315,0.0885455158428979,논현2동,1123053
16.210650402716567,0.1156514861703977,2022-12-01,31,False,9.0,13.6,11.0,6.1868501372599,0.928892510378136,22,0.9142796883298168,21.25543216338381,660.2992946484407,0.0736326054398492,0.8829788405455838,9,0.8629772650848251,9.566666538762972,377.6332041926235,0.0905781452458814,삼성1동,1123058
16.388194760520726,0.103580459078122,2022-12-01,31,False,9.0,13.6,11.0,6.394269825059652,0.918561712593594,22,0.8942048104794799,20.116189111991748,602.6102971317646,0.0968442483881913,0.8803222624222502,9,0.8562768152021264,9.180652816135884,366.93687938113897,0.084067996978885,삼성2동,1123059
16.321703259907338,0.0821545293515954,2022-12-01,31,False,9.0,13.6,11.0,6.578679338016348,0.9349570595877262,22,0.9196591784412688,22.30000347378064,719.0589527270398,0.0620462540229024,0.9028106712960304,9,0.878003529506444,9.34231458297186,363.8101217679804,0.0765661252900232,대치1동,1123060
15.975428546054674,0.1099450630609147,2022-12-01,31,False,9.0,13.6,11.0,6.460552810053136,0.9058960050916948,22,0.8791811844111248,18.816570175043022,574.4703454438809,0.1399032241416437,0.8625171326652952,9,0.8404783824987788,8.516037301973554,348.80412162252594,0.0794156432355668,대치4동,1123063
16.089586768032998,0.1154898284496127,2022-12-01,31,False,9.0,13.6,11.0,6.6380069825802215,0.894065900553723,22,0.8689484277935388,18.514946693162678,560.6232281198738,0.1227433898126053,0.8574622023532834,9,0.8306587578367446,8.901798288576893,378.0643642852164,0.1100553589690652,역삼1동,1123064
16.168817335316355,0.1076632427496812,2022-12-01,31,False,9.0,13.6,11.0,6.481805827419563,0.9150108499923582,22,0.8915221875943119,19.609454648357843,594.2815570878399,0.1017393444056477,0.8775886561138175,9,0.8522923081816779,8.89921723275222,362.1059596861148,0.079951274766796,역삼2동,1123065
15.067621063823728,0.0933789930244093,2022-12-01,31,False,9.0,13.6,11.0,6.293973336766759,0.9363168924499464,22,0.9169113179604508,21.03748997028632,650.340248771318,0.0665741512679534,0.9029507675365732,9,0.8755874004385924,9.175510873122157,356.7082835967549,0.0830053082029147,도곡1동,1123066
16.028076314448935,0.0795915906258793,2022-12-01,31,False,9.0,13.6,11.0,6.278721118376572,0.9464327692654412,22,0.9316021656387528,22.443009085899437,699.936774739247,0.0534965362918894,0.9128440051450308,9,0.8894854200527531,9.675719523568064,373.2830929555631,0.0693411584998191,도곡2동,1123067
14.830683491401189,0.0884192553617785,2022-12-01,31,False,9.0,13.6,11.0,5.822765463178139,0.953986891713193,22,0.9463913168209434,23.012839629742327,676.0271317324724,0.0356116173319163,0.9189219698757242,9,0.8936296985365638,10.002876338946356,361.49473405821465,0.060252858744069,개포1동,1123068
16.041468642436804,0.0866785626135476,2022-12-01,31,False,9.0,13.6,11.0,6.027186644120804,0.9352105231503758,22,0.9145641724342132,21.49952474707531,645.1050918096288,0.0678473596258036,0.906199109885636,9,0.8806522724749251,9.46005092488006,379.1681055174615,0.067479151746155,개포4동,1123071
14.950098177005234,0.0736561558962998,2022-12-01,31,False,9.0,13.6,11.0,5.713411112820281,0.9517049698823516,22,0.9467427234587876,22.30984724689165,720.331410288855,0.0485618358658405,0.9222258618915188,9,0.9166732143825468,9.631602650524483,389.22172167513554,0.0645962410439237,일원본동,1123072
14.586229518477234,0.0940225102977034,2022-12-01,31,False,9.0,13.6,11.0,5.428797010441049,0.9135847790947896,22,0.8974130605423032,20.198389621808392,617.9900931679457,0.0838246841807987,0.880869302976453,9,0.8625421538522244,9.065640070872345,377.6663272541612,0.0917494386201766,일원1동,1123073
14.348720904435885,0.0921706023752048,2022-12-01,31,False,9.0,13.6,11.0,5.505620082770141,0.936942822699964,22,0.929582576836432,21.327793303068155,640.0959900448446,0.0394251330757728,0.896370935511392,9,0.8794751583545806,9.4001331128889,376.1717249927431,0.0933087000678775,일원2동,1123074
13.09066351961186,0.1355128048179676,2022-12-01,31,False,9.0,13.6,11.0,4.9151963765146975,0.9123140432530898,22,0.8943793679754994,20.336748432808875,613.841095546282,0.0708691510929704,0.8589263659917644,9,0.8371988657633254,8.956110987187648,362.9144954313362,0.1351604745112909,수서동,1123075
15.637207150491095,0.0913205609469759,2022-12-01,31,False,9.0,13.6,11.0,5.91885233414676,0.9452368139109576,22,0.9439596352364557,23.492075172531084,752.1165671586693,0.0431808252703589,0.9139585931112564,9,0.9116287693619136,10.028267141703552,415.9416012416662,0.0647536384322803,세곡동,1123076
16.233815600618552,0.0896021865734346,2022-12-01,31,False,9.0,13.6,11.0,6.141619836748136,0.9155409849483614,22,0.9033896637035,21.157908570710934,609.3352441434164,0.0596768429897335,0.8680957294739088,9,0.8374019626471473,9.401231891866413,343.85842670683434,0.1033551926290068,압구정동,1123077
17.03501071070186,0.0983385875999308,2022-12-01,31,False,9.0,13.6,11.0,6.381796386611276,0.9224661304383244,22,0.905917836091599,21.41464955336384,647.6152707987677,0.0736980725487848,0.8854015559980797,9,0.8619549977209429,9.655554538772543,371.6301295888945,0.0914402011253441,청담동,1123078
15.857178883432644,0.088106158747943,2022-12-01,31,False,9.0,13.6,11.0,6.222176664084942,0.9432481564718616,22,0.9272501497099483,21.818957432562343,687.4402480890941,0.0457336927978712,0.9090421468991086,9,0.887277509975375,9.278310659479224,368.8978842121826,0.0684709919120479,대치2동,1123079
15.237263030478632,0.0790721220899045,2022-12-01,31,False,9.0,13.6,11.0,5.8799174378022805,0.9594542628788614,22,0.9487835284651746,23.03007383113653,688.412498001542,0.034136626971355,0.9266513060926372,9,0.9100199161950374,9.871458944587731,375.61397703764106,0.0802489003325823,개포2동,1123080
15.668997051360783,0.1170912616279517,2023-01-01,31,False,7.0,47.9,11.0,6.157472623324459,0.9117634961585428,22,0.9008809041926272,21.26637992371566,648.2425835229108,0.094447051943955,0.8365419936431934,9,0.8113416946662109,7.2594491384257775,279.76700232583147,0.0941161987273692,신사동,1123051
16.193293740766133,0.1068311531020734,2023-01-01,31,False,7.0,47.9,11.0,6.563073329210958,0.9147056170406482,22,0.8955538636054523,19.79468744315429,604.1172556307788,0.1301857975037647,0.8349530717541083,9,0.8020404357379123,6.913133437974762,290.0515468006993,0.1112502076623383,논현1동,1123052
16.32794741461988,0.1103032208272035,2023-01-01,31,False,7.0,47.9,11.0,6.440880427456128,0.9127278830882366,22,0.8941277565151116,20.50701754842515,608.1941983593626,0.0983467585977913,0.8460869744219889,9,0.8106486107306351,7.11615903703149,281.7423556797021,0.0871214596420832,논현2동,1123053
15.736304108428632,0.1149197846711438,2023-01-01,31,False,7.0,47.9,11.0,6.167955103769589,0.930858110969928,22,0.9233468869123254,22.32794708784779,700.5178828837508,0.0712943716021746,0.8543583227445998,9,0.8324489623041084,7.439305789384971,297.2098915240164,0.1040467434175461,삼성1동,1123058
16.090532499782928,0.0994068400852139,2023-01-01,31,False,7.0,47.9,11.0,6.390127081705304,0.9257432491100112,22,0.908325518798298,21.338843012685025,657.6534538773572,0.086700604862741,0.8560237040896067,9,0.8289828080229227,7.13253693011084,287.98493081620694,0.0779451570887702,삼성2동,1123059
16.2157087628866,0.0896146182631092,2023-01-01,31,False,7.0,47.9,11.0,6.623627577319587,0.9384285509736542,22,0.9291953035509736,23.31628090390808,784.4890498112335,0.0538222287019487,0.87868843069874,9,0.8486461912943871,7.211319042947744,289.98094255134816,0.0835155756427079,대치1동,1123060
15.677489877918694,0.1096825247586812,2023-01-01,31,False,7.0,47.9,11.0,6.513313233376792,0.9136985895460472,22,0.8952032713049662,19.63918996611049,631.8658337073654,0.1404780932681459,0.8274125874125874,9,0.8041898779186915,6.60273645299733,286.18550194916696,0.0826125109690359,대치4동,1123063
15.721963260053242,0.1085216275810777,2023-01-01,31,False,7.0,47.9,11.0,6.581351813357736,0.9089716693404792,22,0.8907225383963215,19.66703768419108,629.7492553237046,0.1140072950892294,0.8431045287064891,9,0.8110876941051649,6.940674774017142,309.83011930905866,0.1088897513105828,역삼1동,1123064
15.841538612435034,0.1085431534650744,2023-01-01,31,False,7.0,47.9,11.0,6.436734033636575,0.92530434735413,22,0.9079758739640248,20.91998715424128,657.894859697483,0.0944327986747375,0.855348845143197,9,0.8203546176826568,6.904127463986622,288.35249525180444,0.0799671824826687,역삼2동,1123065
14.860837216850715,0.0887326649394343,2023-01-01,31,False,7.0,47.9,11.0,6.253678660358271,0.9439280899728252,22,0.9271156383933966,22.16593592501305,732.4714609344404,0.0595375932627556,0.875094471940353,9,0.8403228748847975,7.120977481471455,280.463950219349,0.0791376991812088,도곡1동,1123066
15.746408389995144,0.0813128814118423,2023-01-01,31,False,7.0,47.9,11.0,6.299577254330582,0.9500149749069128,22,0.9449384814634936,23.66103427474239,762.0590046446007,0.0523919138896657,0.8931795369920673,9,0.8676546057956938,7.479952434853376,291.2847042146169,0.0726932426908762,도곡2동,1123067
14.354559892829355,0.088420192199104,2023-01-01,31,False,7.0,47.9,11.0,5.798258190085239,0.9577900809764728,22,0.9549616023782176,24.3670175270404,736.9820171239405,0.0167784332600173,0.9023740363701356,9,0.8831002093074162,7.733068198233967,283.4009325720652,0.0779713153323689,개포1동,1123068
15.762424901824902,0.0879111678162752,2023-01-01,31,False,7.0,47.9,11.0,6.0795151767151765,0.9512560637560638,22,0.9398105798105798,23.21660059677209,737.7896185577273,0.0501096447510067,0.8906664356664356,9,0.8736665511665511,7.485860571181072,304.5525320307951,0.0769387185518918,개포4동,1123071
14.703738586198485,0.0738846926362839,2023-01-01,31,False,7.0,47.9,11.0,5.748751632500389,0.9543228719949796,22,0.9517503308844686,23.73734231124843,794.739107833856,0.048735466349826,0.9008382406537124,9,0.8889877812517982,7.42452127766364,305.2246819362109,0.0854833234320631,일원본동,1123072
14.353753623454038,0.094358135731807,2023-01-01,31,False,7.0,47.9,11.0,5.441674430539655,0.92275909811242,22,0.9100777139247788,21.58166145517801,682.0691364608848,0.0755032097562672,0.8582637310579356,9,0.8356474562506696,7.148050026365981,305.9404862594442,0.1125589325168316,일원1동,1123073
14.187803083263711,0.0926737697647313,2023-01-01,31,False,7.0,47.9,11.0,5.546092575857593,0.9427817251629363,22,0.9343083117560086,22.867323618218556,715.3546009854786,0.032118655430982,0.8710037292437505,9,0.8501595869495144,7.39100026753845,298.3385066437711,0.1002186626509752,일원2동,1123074
13.037980757383904,0.1326997641304965,2023-01-01,31,False,7.0,47.9,11.0,4.966402760438855,0.9385165535781348,22,0.9265045772280124,22.29546469548053,700.8657765521109,0.0325224883186301,0.8552469268667772,9,0.8262189736380761,7.27924509651625,298.1970112461293,0.1414798494500862,수서동,1123075
15.329039567375654,0.0919320750405966,2023-01-01,31,False,7.0,47.9,11.0,5.9212026233604,0.9509579539103852,22,0.9481350471744632,25.06023263234348,853.828844498102,0.0478530686185708,0.8906315131989876,9,0.8878007166573523,7.807549759856371,333.86986162709707,0.0665316164410389,세곡동,1123076
15.85368847127556,0.0912829926572732,2023-01-01,31,False,7.0,47.9,11.0,6.166351645569621,0.9197356377799416,22,0.90634858812074,22.41785052116389,667.4988535269977,0.0487299067275253,0.8412312560856864,9,0.8097083739045766,7.320236357775297,268.60201014826754,0.1024608057154197,압구정동,1123077
16.775951868894325,0.0925716843143836,2023-01-01,31,False,7.0,47.9,11.0,6.407083163859135,0.9331671728151688,22,0.9199938837682052,22.630868752088823,698.6240706565444,0.0722946100719131,0.8691022437301045,9,0.8308190509358224,7.453213137435399,292.10979565576906,0.0772202048559193,청담동,1123078
15.689103022724009,0.0886944587407788,2023-01-01,31,False,7.0,47.9,11.0,6.258675483444167,0.9516056682231296,22,0.9396400257694908,22.900525601869305,768.516026902139,0.0361257373609406,0.8895336068235907,9,0.8642835655604598,7.186526501969031,293.0346280390657,0.0697969040737954,대치2동,1123079
15.157624971138512,0.0793672162044135,2023-01-01,31,False,7.0,47.9,11.0,5.971925667194864,0.959345763133685,22,0.9532443908014392,24.479590505203028,764.1337480084075,0.0238344622880952,0.9110922337604236,9,0.8838800771941384,7.562610996987343,297.2118379808662,0.0917490535495585,개포2동,1123080
15.343781876861964,0.1111545914623821,2023-02-01,28,False,2.0,1.0,3.0,6.044540736274649,0.917540785927082,20,0.9116307277628032,20.07997901123189,601.7116648472593,0.0929618271781461,0.8627933040147538,8,0.8492651439920557,8.169200084514035,318.5176555799996,0.1152559592120858,신사동,1123051
15.844234348354298,0.1056481715116026,2023-02-01,28,False,2.0,1.0,3.0,6.466783068753412,0.91619199221277,20,0.9006698456426402,18.48162298694936,568.0955723310037,0.1207724634780868,0.8616225295325748,8,0.8449677034537618,7.768340305624328,340.4565007523385,0.1039895676536356,논현1동,1123052
15.911079246023764,0.1081801843585135,2023-02-01,28,False,2.0,1.0,3.0,6.312658066470262,0.9161193262739744,20,0.899073017239969,18.987833574197072,567.1632933855848,0.1055010654987465,0.8648115402414575,8,0.8444798696409055,7.879875512621113,321.55593694133347,0.0865680399566422,논현2동,1123053
15.317861075815332,0.1119626228869926,2023-02-01,28,False,2.0,1.0,3.0,6.054985175772978,0.9331571368064376,20,0.9230046590427784,20.639552665596703,651.8149495184961,0.0753122870769929,0.8799517153748413,8,0.8680753917831429,8.207022640917302,330.4844211002934,0.1162583952499918,삼성1동,1123058
15.76287662585743,0.1011181445821586,2023-02-01,28,False,2.0,1.0,3.0,6.283175149778589,0.9243696275071632,20,0.9092606581575065,19.56143900999111,605.6608151009051,0.0901111761263897,0.8784605365980723,8,0.8626057132933924,7.793818357396244,328.9959569103227,0.0808894090111176,삼성2동,1123059
15.946639441973891,0.0798037376434086,2023-02-01,28,False,2.0,1.0,3.0,6.488997898436379,0.9433503084205996,20,0.9338064840051644,21.411162262710626,725.2979166426634,0.0500517112826803,0.90659948357481,8,0.890672787261512,7.935510375551533,332.1342171776552,0.0823532241383457,대치1동,1123060
15.477084965034964,0.1030708197218887,2023-02-01,28,False,2.0,1.0,3.0,6.413223687329619,0.9083933862747422,20,0.8914940144601161,18.311775384372496,611.1526342894103,0.1200505090793766,0.8577450515586109,8,0.847195685670262,7.410218991970894,339.4998964225306,0.0793494523967492,대치4동,1123063
15.47059133349675,0.1052696578469749,2023-02-01,28,False,2.0,1.0,3.0,6.479445968315455,0.9077342767060032,20,0.8942199404356808,18.46279478801053,607.5353132801168,0.1032652191442965,0.8649962561119091,8,0.8530008322938957,7.816593101171107,367.1853763397062,0.1135652856158669,역삼1동,1123064
15.634697061946902,0.1030936835712116,2023-02-01,28,False,2.0,1.0,3.0,6.346124570304819,0.9264707964601772,20,0.9108283185840708,19.27145098049204,610.3360618987721,0.0961452323109626,0.88175732546706,8,0.8626757128810225,7.646729004562266,337.02770346132155,0.0772870482842393,역삼2동,1123065
14.54437407045816,0.0848289199034093,2023-02-01,28,False,2.0,1.0,3.0,6.07534481889902,0.94221828621086,20,0.9272922672196052,20.362091229372577,690.1647892196659,0.0580157983055703,0.89626535355637,8,0.8786724497580598,7.759383004362468,322.1809997173329,0.081871853640568,도곡1동,1123066
15.400367176622956,0.0801200856555025,2023-02-01,28,False,2.0,1.0,3.0,6.145547336894932,0.9513716205277644,20,0.9454682693864336,21.54226545094568,697.1347333654958,0.0559070105949698,0.910170794884248,8,0.8963574550752793,8.11844370233675,324.3095713137552,0.0733110330445492,도곡2동,1123067
14.132982452928232,0.0804969638862256,2023-02-01,28,False,2.0,1.0,3.0,5.710259160642108,0.9591053661292516,20,0.9598586539165735,22.15312017358943,683.1180138537292,0.0296192302424325,0.908807712829956,8,0.8834757953986673,8.267457042893309,314.9303302701412,0.0775236269004246,개포1동,1123068
15.493865939015938,0.0823301031670241,2023-02-01,28,False,2.0,1.0,3.0,5.9670955647955655,0.9535187110187108,20,0.9441250866250868,21.718922993156745,697.2523556822135,0.0450435994176307,0.9123637098637096,8,0.9003638253638254,8.337117414385805,353.25757373305885,0.0710466991248806,개포4동,1123071
14.450610374890443,0.0804510513845119,2023-02-01,28,False,2.0,1.0,3.0,5.6212453020628095,0.9541326471214908,20,0.952399544868458,22.22611683425545,740.3963095337624,0.0381063348947051,0.9148775516031744,8,0.9087732535535186,8.36320729314413,354.26375706014977,0.0703790301769641,일원본동,1123072
14.141409796542606,0.0943520777649061,2023-02-01,28,False,2.0,1.0,3.0,5.401300840160278,0.9289357563700028,20,0.9131667155201388,19.943240737526143,635.4616994540753,0.0704420872784224,0.8783842376959126,8,0.8673015468036569,7.888535273552076,339.5616176722133,0.0964198114123364,일원1동,1123073
13.941311610740287,0.0932580869509819,2023-02-01,28,False,2.0,1.0,3.0,5.395988119641722,0.933966312898242,20,0.9174055074776076,21.24550552899105,666.483431728394,0.0393822434818617,0.8769964690477874,8,0.8626446125209114,8.167953149992757,335.37159309818736,0.0938951682691031,일원2동,1123074
12.713236720027869,0.1323537621234424,2023-02-01,28,False,2.0,1.0,3.0,4.8038314162136855,0.9391627812436252,20,0.9309490791713096,21.338576900909235,672.6790674808478,0.0340411278878105,0.8706266436793968,8,0.8514007039053566,8.190502172675467,327.39860687480154,0.1413267989410993,수서동,1123075
15.039129971399454,0.0924834450993294,2023-02-01,28,False,2.0,1.0,3.0,5.796799796180019,0.9519431933988626,20,0.9473628324402512,23.407641823300352,809.2027730297526,0.0566596600420397,0.9085137578487128,8,0.9088845787172491,8.657131445559573,381.91783443337806,0.0654336073983556,세곡동,1123076
15.592069079844206,0.092252315016401,2023-02-01,28,False,2.0,1.0,3.0,6.082801728334956,0.9171304771178188,20,0.9049849074975655,20.385128252359877,605.870933588116,0.0581777893891453,0.8572171372930866,8,0.8334707887049658,8.003079114046267,302.2636123739668,0.1076567292712899,압구정동,1123077
16.39230997010269,0.0967171170055815,2023-02-01,28,False,2.0,1.0,3.0,6.248479492179038,0.9339542441180296,20,0.923911347978682,20.809377584409543,630.4666753755929,0.0768697060674528,0.8885982928203128,8,0.8687321807703974,8.210129203489767,325.9409011310523,0.0822165134585822,청담동,1123078
15.462713128271792,0.088023474713098,2023-02-01,28,False,2.0,1.0,3.0,6.122849019186517,0.9520686326621168,20,0.943619273931257,21.0197272595782,709.4556536864441,0.0398547569121105,0.909976177345394,8,0.8947492367902682,7.916708242315778,333.6841346593515,0.0733718772401133,대치2동,1123079
14.84076690619237,0.080569295757987,2023-02-01,28,False,2.0,1.0,3.0,5.857159422373488,0.9580794305573604,20,0.9486109536698858,22.542751826257785,701.1676775592557,0.027437515370176,0.9213045395604488,8,0.9063686281232116,8.399812899810975,337.1871514283296,0.0809926565578899,개포2동,1123080
15.17431838558661,0.1141739014798913,2023-03-01,31,False,3.0,10.5,0.0,6.0039024045963965,0.898095474535395,23,0.8832394665910058,18.03703622441525,525.3720788457352,0.1057238929310967,0.8426230671017165,8,0.819366576819407,7.927617283846692,311.909966411085,0.1128782841619331,신사동,1123051
15.666784258137604,0.1062700225919036,2023-03-01,31,False,3.0,10.5,0.0,6.332253016316337,0.9007489849025284,23,0.8772465808226964,17.100392916829456,508.14751792848426,0.1279334191450731,0.8520864646192731,8,0.831091426071741,7.743772135458089,328.781823556768,0.10399703726656,논현1동,1123052
15.84669922780962,0.1078721843027039,2023-03-01,31,False,3.0,10.5,0.0,6.231527631412999,0.905166704573459,23,0.882597299523641,17.611212284803152,505.9726959482124,0.1109613174763599,0.856186731496956,8,0.83300729974,7.916132046573348,319.1764852193281,0.0889860720763128,논현2동,1123053
15.202900926429784,0.1121944852341328,2023-03-01,31,False,3.0,10.5,0.0,5.917624800149604,0.9172387708926848,23,0.9076602720155534,19.13797189612532,578.9765738020153,0.0751052373959862,0.8729616944281119,8,0.8599025555579892,8.28249813282693,327.7724889819292,0.1236939141784956,삼성1동,1123058
15.673926842155035,0.1038261932544312,2023-03-01,31,False,3.0,10.5,0.0,6.209643706442044,0.913136988333647,23,0.8940562938182299,18.129220496717373,538.1205559248415,0.0953581152414291,0.8705266472964894,8,0.8535676205134168,7.887467076807164,329.7011470414397,0.0791909762738234,삼성2동,1123059
15.867621946851944,0.0850295628574198,2023-03-01,31,False,3.0,10.5,0.0,6.402299978511569,0.9259766492371606,23,0.9135405773225412,19.823695902397667,645.8206711729865,0.0523165648928952,0.8933736838335362,8,0.8784614282644511,7.974264218806501,325.2104609676946,0.0824852185712901,대치1동,1123060
15.258536298447314,0.1073014490706961,2023-03-01,31,False,3.0,10.5,0.0,6.283292473628067,0.8893368495910868,23,0.8622342064714946,17.007753212404886,543.6483245494297,0.1234612940428837,0.843732961953301,8,0.8351327486073248,7.471590325310894,331.9828318276359,0.0779826770541577,대치4동,1123063
15.27675745782216,0.1107779804991891,2023-03-01,31,False,3.0,10.5,0.0,6.361332318312554,0.8907791765906771,23,0.8693420397011391,17.061977815641068,533.1232695541086,0.1164183329377793,0.8538290432298178,8,0.8379856711944367,7.844826903896691,356.885472439972,0.1054757030971876,역삼1동,1123064
15.484736658733356,0.1032163869548732,2023-03-01,31,False,3.0,10.5,0.0,6.211552167222626,0.9137073682508968,23,0.8912578970207311,18.034108823054535,552.3955102945514,0.0944656866536258,0.8752880828454463,8,0.8578595120894746,7.788832060969471,335.81668950717733,0.0748930920587253,역삼2동,1123065
14.369212924076065,0.0892119175950449,2023-03-01,31,False,3.0,10.5,0.0,5.9517709697325,0.935087383394458,23,0.9168774462934302,19.012864732700933,609.5110348184985,0.0582327661723331,0.8922679492658823,8,0.8712316781772991,7.839479939518273,320.00477946059226,0.0912112374140756,도곡1동,1123066
15.366188378592987,0.0800548135841125,2023-03-01,31,False,3.0,10.5,0.0,6.095569345659436,0.9381889824327944,23,0.9279617492575442,19.89508944717462,612.9147893284276,0.0585269914300523,0.896465756374112,8,0.8766337468745622,8.182114724094777,321.1330821122845,0.0706470416995051,도곡2동,1123067
14.49834383532058,0.0770257398862722,2023-03-01,31,False,3.0,10.5,0.0,5.75541110052738,0.9533223021595116,23,0.933573747527236,20.502842494995097,621.4687228965412,0.0401925500909707,0.8994115273185039,8,0.8704043587764517,8.35309381101945,306.1907357421778,0.0671872059133866,개포1동,1123068
15.309836873411877,0.08808144817832,2023-03-01,31,False,3.0,10.5,0.0,5.872651143451144,0.9427552552552552,23,0.9308183183183184,20.292980854224417,619.6108411873645,0.0481514550525841,0.9048140448140448,8,0.891886116886117,8.48166644115049,348.92315300539366,0.0676877977860128,개포4동,1123071
14.280715584823843,0.0792112372477772,2023-03-01,31,False,3.0,10.5,0.0,5.517110171808299,0.9471315945986316,23,0.9439858468310932,20.677178237183885,673.5831682798447,0.0259013027110078,0.904439688617343,8,0.9031294097220538,8.56180916973501,356.1122868636837,0.0779660523268938,일원본동,1123072
14.016758028311465,0.094425535379855,2023-03-01,31,False,3.0,10.5,0.0,5.336115712461482,0.9324956070302068,23,0.9177832510523118,18.697538710029807,568.4833945344707,0.0568715902613793,0.8835388236663744,8,0.8757329801979837,8.056323161733218,336.80098416541483,0.0961713215536194,일원1동,1123073
13.712901444815156,0.0926349323306641,2023-03-01,31,False,3.0,10.5,0.0,5.355900978855266,0.9295925269879044,23,0.91400451361511,19.911728615540817,587.4599599309867,0.0299446292543911,0.8792476402823597,8,0.8658773922881515,8.304210693466134,334.7255818829471,0.102349193277493,일원2동,1123074
12.676272177614072,0.1277557033796151,2023-03-01,31,False,3.0,10.5,0.0,4.7559578333194485,0.9295654090781412,23,0.917716213536187,19.60992229801807,599.9154736975717,0.0407250323675164,0.8650111805033843,8,0.8452770206557311,8.184247883929112,322.6075615604143,0.1322797148682232,수서동,1123075
14.938164469574938,0.095383940936762,2023-03-01,31,False,3.0,10.5,0.0,5.707084391334363,0.9417873697360204,23,0.9373207534764456,21.716025335596647,714.7865336682056,0.0651768011398168,0.902273250271212,8,0.9000065748380945,8.76281657056975,374.0432051261447,0.0688592864188428,세곡동,1123076
15.413840411666207,0.0914226144297905,2023-03-01,31,False,3.0,10.5,0.0,5.96015566992892,0.9097841809983654,23,0.8975045973580953,19.062777599094087,539.0872363677197,0.0706264546159813,0.8541957069901753,8,0.8333314669625592,8.072280261965423,299.94753378317193,0.0993696664080682,압구정동,1123077
16.33704777070064,0.1009724018637702,2023-03-01,31,False,3.0,10.5,0.0,6.194073612374887,0.921120499155076,23,0.906544477663677,19.306856331620136,566.3826149380512,0.0852617745295122,0.8755552666926645,8,0.8519524242818146,8.375002043852259,328.79483932884455,0.078524567172087,청담동,1123078
15.330367045114034,0.0922851337756356,2023-03-01,31,False,3.0,10.5,0.0,6.013730707507907,0.9394223406026302,23,0.9241694689528884,19.456471807212687,626.8053773962503,0.0494598344325138,0.8973813883802231,8,0.8817213251206926,8.046788447232855,335.8432069064477,0.0782664729128173,대치2동,1123079
15.135761564497932,0.0781956536167437,2023-03-01,31,False,3.0,10.5,0.0,5.886098326265997,0.955142824611584,23,0.9464153247927242,20.81388215150092,636.8113096731504,0.0247445468212996,0.921597413665205,8,0.9069471519609704,8.533283973681009,341.6152122144979,0.0791565788752268,개포2동,1123080
15.18554087314168,0.1122046765128105,2023-04-01,30,False,11.0,96.9,0.0,5.87293472384198,0.893036889004631,20,0.8752328207973369,18.55103662257103,526.1078016162743,0.1190134390942196,0.8081634472763504,10,0.7674127311224085,6.602809848172404,245.8149462207935,0.1116896599268433,신사동,1123051
15.602269553150986,0.1096628206709823,2023-04-01,30,False,11.0,96.9,0.0,6.2752217460661806,0.8962058789427031,20,0.8593647727230225,17.23029610033784,496.5389734642305,0.146151082484379,0.8164910925677268,10,0.7637987589813025,6.3506703283300405,250.71719178786543,0.0993823032254852,논현1동,1123052
15.903491782972562,0.1126255157988095,2023-04-01,30,False,11.0,96.9,0.0,6.1580920258538825,0.9052272238095438,20,0.8798080372403955,18.062186316783876,501.8988651009178,0.1044444698052884,0.8341585882074893,10,0.7844924181357011,6.616242974530281,248.6173982307431,0.0822457607084805,논현2동,1123053
14.980979202699851,0.1182633391475468,2023-04-01,30,False,11.0,96.9,0.0,5.764589740561064,0.9162843282008016,20,0.898337903395908,19.47569978987612,579.1741278040489,0.0749642202245181,0.8420645433452858,10,0.8079713140687619,6.882342731928136,261.7226772154278,0.1099892660673554,삼성1동,1123058
15.737404497793914,0.0952645630404475,2023-04-01,30,False,11.0,96.9,0.0,6.128660032593214,0.915526498735338,20,0.8880619740907444,18.727143500672856,539.8305749086503,0.0978682788595588,0.8472478050045287,10,0.8018309103042759,6.611843630552972,257.0940952374752,0.0720065240963306,삼성2동,1123059
15.769658178078185,0.0792577518107617,2023-04-01,30,False,11.0,96.9,0.0,6.241536416345829,0.9358069920761062,20,0.914154708147094,20.69732771187389,660.5384459344425,0.0562156721153635,0.8661860307660529,10,0.8151010138682487,6.669002758981595,254.8372619946395,0.0828902164161141,대치1동,1123060
15.2789218736228,0.11034977408679,2023-04-01,30,False,11.0,96.9,0.0,6.170205403320597,0.8926038122922556,20,0.8592665155852276,17.521594323917377,536.8786516606406,0.1349235244645256,0.8118976929024257,10,0.7741829386818765,6.217669275538873,257.3871656860797,0.088142560155536,대치4동,1123063
15.225694769706204,0.1136140600607309,2023-04-01,30,False,11.0,96.9,0.0,6.284912161839935,0.8920542518591056,20,0.8569851176188192,17.289099944579185,519.9401854608845,0.1288632827415664,0.8249322010727016,10,0.7790028391297575,6.493957090728582,269.99777616386444,0.1036586601277479,역삼1동,1123064
15.448291349921538,0.1073193315624279,2023-04-01,30,False,11.0,96.9,0.0,6.146276909632497,0.912478505182248,20,0.8843449601112562,18.434773310334617,547.8610284104769,0.1011598902249895,0.8389916777077207,10,0.7927515872493839,6.458016755083831,257.1227820443803,0.0840458322991316,역삼2동,1123065
14.248563432049034,0.082872163097833,2023-04-01,30,False,11.0,96.9,0.0,5.825426140227811,0.9388193911934564,20,0.9166108830599392,19.68982803213492,613.2683184896799,0.0559610206436722,0.8690678069291258,10,0.8222945148726916,6.596886887427358,249.3244704877037,0.0838158738299782,도곡1동,1123066
15.28772181416495,0.0774399113389208,2023-04-01,30,False,11.0,96.9,0.0,5.9558354614655125,0.9425462800679764,20,0.9279493975816134,20.68755151588294,627.5954460238795,0.0486817331729709,0.8771969241951989,10,0.8344982092226545,6.867141201047891,254.6702190210059,0.0713570560491665,도곡2동,1123067
14.487608845154092,0.0642182912329232,2023-04-01,30,False,11.0,96.9,0.0,5.631256975021372,0.9602469484009466,20,0.9447291036629636,21.208438158386187,637.0898819718959,0.0331100919657373,0.8819752390005763,10,0.8410339310306406,7.083854092435366,246.8072073559383,0.076569362548834,개포1동,1123068
15.363284227854194,0.0839459331278159,2023-04-01,30,False,11.0,96.9,0.0,5.727886142165585,0.939954251848021,20,0.9263694864559264,21.114140821787927,628.547465566163,0.0509768154539318,0.8824308279976842,10,0.8500221352716174,7.181424272175517,272.68490990623945,0.0628445303806935,개포4동,1123071
14.237965559021172,0.0759140385152107,2023-04-01,30,False,11.0,96.9,0.0,5.39491052925526,0.9472080164403204,20,0.9446247537979854,21.16548948460434,667.1140894769105,0.0266815517722578,0.889059736732124,10,0.8702989134401564,7.120283354941972,273.457847448972,0.0694459949762768,일원본동,1123072
13.974687242744483,0.0941160451625155,2023-04-01,30,False,11.0,96.9,0.0,5.214636780666312,0.9333615496272252,20,0.923758555791176,19.42514317570189,576.6359662602647,0.0470472730139278,0.866227859663208,10,0.8367796481980843,6.873387704079191,266.65055387872405,0.0982832940974125,일원1동,1123073
13.768269034196743,0.0906028889843343,2023-04-01,30,False,11.0,96.9,0.0,5.3084587296064925,0.9354696933777098,20,0.93230310009021,20.655370004221,596.6661154340563,0.0158238578565454,0.8669861482710738,10,0.8396629279211323,6.982185198929669,260.95648034614254,0.1108630784185184,일원2동,1123074
12.695659849129443,0.1250104687194662,2023-04-01,30,False,11.0,96.9,0.0,4.656388238357382,0.9196865381890638,20,0.90670178918625,19.90527457760549,605.5833386812931,0.0381123425427046,0.8406430655401942,10,0.8104504084810352,6.876872548474572,261.86567053111975,0.1279913396548889,수서동,1123075
14.956423614990747,0.0933329288432404,2023-04-01,30,False,11.0,96.9,0.0,5.583127437166386,0.942925275337384,20,0.9344895608280144,22.18855588218845,701.6605101003581,0.0664337056538234,0.8839889848566499,10,0.8707800415622255,7.316678120690059,284.63534592806604,0.0682690794500704,세곡동,1123076
15.514307069125888,0.0946772132223412,2023-04-01,30,False,11.0,96.9,0.0,5.886082014379385,0.9156920839399376,20,0.8997458710742288,19.70734704009704,550.1153072058426,0.0631313006705912,0.832961704459887,10,0.790616456125646,6.81814494762443,241.27746527266876,0.1044474160774115,압구정동,1123077
16.272378713772074,0.0988224596254577,2023-04-01,30,False,11.0,96.9,0.0,6.067212702605282,0.9223871994267314,20,0.903425374487388,19.898168379699936,574.1647465560292,0.0847091929934061,0.8551930172711848,10,0.8079459652897348,6.997564266038428,258.2257232918972,0.0808620768508529,청담동,1123078
15.261510791271231,0.0927915717699004,2023-04-01,30,False,11.0,96.9,0.0,5.897549019347091,0.94070136780086,20,0.9223925444181208,20.30051069612268,636.0472259384622,0.0464097584149562,0.8695987957022421,10,0.8269237546269914,6.69329923870104,261.0705221004793,0.0825008034204753,대치2동,1123079
15.287915555536282,0.076763497252872,2023-04-01,30,False,11.0,96.9,0.0,5.810650967026708,0.9586113869364312,20,0.9481830217832145,21.81779703126113,648.3561581463165,0.0191107024474413,0.9035202778584775,10,0.8711359763421371,7.181663285273966,258.9540190482353,0.0851836716160377,개포2동,1123080
15.342160718980605,0.1156774112115618,2023-05-01,31,False,8.0,155.6,0.0,5.968822996664327,0.8966621288646023,23,0.8777096595656324,19.37858963334829,575.7930007411929,0.1171920607122008,0.8228492625303927,8,0.7892877162572133,7.1482585843101125,277.7342206342238,0.1081514965052618,신사동,1123051
15.988633400078596,0.1084186689167352,2023-05-01,31,False,8.0,155.6,0.0,6.415236058349083,0.892508935756124,23,0.8648801392293729,18.11713250372172,534.6430298853658,0.1419701403183789,0.8341664015569735,8,0.7879025768662162,6.93112911620436,283.9637551525242,0.1056574183934424,논현1동,1123052
16.17659213850482,0.1141665690604308,2023-05-01,31,False,8.0,155.6,0.0,6.243794293197806,0.9029148190281614,23,0.8793375094712357,18.99473236852178,552.4049286031884,0.0962202272273168,0.8434275426706878,8,0.8052117652273202,7.243366761048351,281.5322181230329,0.0848209671974149,논현2동,1123053
15.169906422120055,0.118989457444073,2023-05-01,31,False,8.0,155.6,0.0,5.86673145113743,0.9167558324500742,23,0.8973431676053569,20.47280539599652,647.9512386703556,0.0745628696322962,0.855126458637435,8,0.8263921200403808,7.500877397684079,299.3192298545566,0.1127282077654924,삼성1동,1123058
16.028525620179188,0.1046893536505049,2023-05-01,31,False,8.0,155.6,0.0,6.261522331226811,0.9160911180918432,23,0.8873324316755421,19.66933081948084,586.1569643431214,0.0978116063594491,0.8561531631472344,8,0.8174225467997299,7.272939850760347,289.18058639934264,0.0754535644794171,삼성2동,1123059
15.804474632441856,0.0850595514686101,2023-05-01,31,False,8.0,155.6,0.0,6.23827492567026,0.9334035665357928,23,0.9074636891233504,21.90792618944008,751.4256680147536,0.0510161657169409,0.8695772300895689,8,0.8276253307431252,7.306655269597223,289.3171151790104,0.0842035755337621,대치1동,1123060
15.274668747036513,0.1111394893465524,2023-05-01,31,False,8.0,155.6,0.0,6.268760437411095,0.8855784732100521,23,0.8540576102418208,18.34843060392946,573.474567526229,0.1434500452761847,0.8183001422475107,8,0.7821467520151731,6.718702561717931,287.7403225430004,0.0861930855139427,대치4동,1123063
15.41285193987174,0.112484231907666,2023-05-01,31,False,8.0,155.6,0.0,6.402777023346919,0.892155834785272,23,0.8618252708382003,17.94777340258701,557.7709476628947,0.1273782504618685,0.8379040582785359,8,0.8009863090186341,7.0896406963338965,302.23683576426544,0.1040725133594231,역삼1동,1123064
15.651107553730911,0.106981532213153,2023-05-01,31,False,8.0,155.6,0.0,6.187320652457834,0.9138679301978374,23,0.8846183305504068,19.41740347606098,597.5184228240516,0.1001393193788943,0.8514922732052286,8,0.8124456720483009,7.07795403446262,288.0228276969043,0.0830947278021852,역삼2동,1123065
14.428239272421232,0.0834167430892178,2023-05-01,31,False,8.0,155.6,0.0,5.848538044380171,0.9372655935136672,23,0.9168340010905384,20.769678119024256,693.385463789636,0.0488982051617974,0.88352753609445,8,0.8375198549109789,7.208138098090658,290.17681108940144,0.0837154460893488,도곡1동,1123066
15.521206903042092,0.0770048679575554,2023-05-01,31,False,8.0,155.6,0.0,6.0456408993303,0.9421871236852384,23,0.9253812479634732,21.991840890363708,726.0017271239664,0.0440213814004962,0.8838561346769183,8,0.8478966850907002,7.567302954655471,291.3960269972354,0.0736992860811133,도곡2동,1123067
14.454955830049864,0.0652818817471694,2023-05-01,31,False,8.0,155.6,0.0,5.609553889605635,0.9575473342864118,23,0.941485058753792,22.73039811190212,722.1848268017488,0.0223808548608876,0.9014043376686776,8,0.8567192022037032,7.709467591182288,294.5551572353921,0.0813317340042713,개포1동,1123068
15.437689492363358,0.0815171231067456,2023-05-01,31,False,8.0,155.6,0.0,5.777364118617001,0.9382929385978844,23,0.9211073923376584,22.332993471672005,702.4764944609419,0.0437841110898886,0.8901369079762397,8,0.8657447060420282,7.952505489115201,308.6323765808894,0.0662572997224378,개포4동,1123071
14.327724402441891,0.0758819076457229,2023-05-01,31,False,8.0,155.6,0.0,5.4571690581613295,0.945364106753076,23,0.9429730628893224,22.1213389472335,759.5946249168888,0.042452687358062,0.8929315441977965,8,0.8887683148820841,7.75196958516747,306.39561861436715,0.0699167297501892,일원본동,1123072
14.28460673601801,0.0941608468573029,2023-05-01,31,False,8.0,155.6,0.0,5.264164301314807,0.917778818274088,23,0.9123615323990194,20.102612451319946,663.2433377481227,0.0576611370139875,0.8634954471823715,8,0.8465957836633679,7.331788210787245,309.0096201020596,0.099957310280885,일원1동,1123073
13.91134156688458,0.091762228737675,2023-05-01,31,False,8.0,155.6,0.0,5.411058167608648,0.9438276384340782,23,0.9355293679376104,21.827997098274015,685.3131054663444,0.0171219307877786,0.8814146049245033,8,0.863204818269139,7.593697502243092,297.4928917152026,0.113938666696854,일원2동,1123074
12.816660678323547,0.122530094138719,2023-05-01,31,False,8.0,155.6,0.0,4.703703898293469,0.9220835012795846,23,0.911564600786541,20.61071583947474,684.5314523708093,0.041276668393891,0.843208327284812,8,0.8228491888103951,7.515140915597455,304.7024879620086,0.1298653064525307,수서동,1123075
15.166227561682255,0.0943486570928084,2023-05-01,31,False,8.0,155.6,0.0,5.647316705453511,0.9417756824079117,23,0.9368700973325677,23.173250924170866,768.6252293558022,0.0621815308862668,0.8919377389796107,8,0.8812320441680181,7.958456805071336,326.7010102082918,0.070692661593772,세곡동,1123076
15.65273022236526,0.0909672737534898,2023-05-01,31,False,8.0,155.6,0.0,5.965886142911466,0.914022434688026,23,0.9005809998962936,20.90097597276068,612.5983539414136,0.054668050838062,0.8459972938930498,8,0.8094176222190953,7.501590536444267,275.80850347771747,0.1038934859953435,압구정동,1123077
16.532114782173203,0.0966099225011591,2023-05-01,31,False,8.0,155.6,0.0,6.155062560841994,0.9231169470326436,23,0.908102864832103,20.983888661792992,630.6107235249245,0.0723825925680599,0.8671750208926047,8,0.8357072271300167,7.693654149942897,290.422707491471,0.0847718089686692,청담동,1123078
15.21953660097466,0.0865619569487259,2023-05-01,31,False,8.0,155.6,0.0,5.906187890153125,0.9381132404668452,23,0.919412527786028,21.67122232818907,723.4185406979881,0.0402948206640788,0.877737481470432,8,0.8382783251001896,7.36458644080913,292.6150255480599,0.0791714660470195,대치2동,1123079
15.545563664027004,0.072246721566272,2023-05-01,31,False,8.0,155.6,0.0,5.879085411702522,0.9593726061396444,23,0.9513569339957016,23.069779251559076,729.9787951665575,0.0139514544180483,0.9165663693207622,8,0.8879524274780501,7.885625269477859,295.32537106768785,0.0827919768599743,개포2동,1123080
15.299999347231624,0.1165099288193334,2023-06-01,30,False,11.0,195.6,0.0,5.885904602158961,0.9044751529393732,22,0.892415966714489,19.962871156798467,636.7294343333957,0.1131859082585365,0.8584542728656959,8,0.8414730711758771,9.088525270892394,371.00167834078303,0.1177507962232508,신사동,1123051
15.837094920165756,0.1081815460944094,2023-06-01,30,False,11.0,195.6,0.0,6.33458621369345,0.9024767671709945,22,0.8797054185645904,18.38236385985524,573.323067161235,0.1270573807887742,0.86420285333144,8,0.838281013538004,8.690691194425694,371.7810017908226,0.105810717044075,논현1동,1123052
15.934193217890703,0.1181643595009551,2023-06-01,30,False,11.0,195.6,0.0,6.138022861670906,0.9081550018544046,22,0.8914896277315538,19.49334002751256,613.0354281761171,0.0914659358458715,0.8751218024708161,8,0.8557294246808338,9.146458467719086,379.070742072867,0.0851885770522725,논현2동,1123053
14.979966307277628,0.1186955641077577,2023-06-01,30,False,11.0,195.6,0.0,5.7690397574124,0.9223045822102426,22,0.9098795485175202,21.03114258055089,706.1395676947702,0.0672669180055799,0.8819011118598383,8,0.8651448787061995,9.539176632508529,401.1843389348652,0.1121093520291152,삼성1동,1123058
15.886344820699836,0.1017710715739708,2023-06-01,30,False,11.0,195.6,0.0,6.131780129373969,0.9206972301814708,22,0.9041638447512372,20.132344523169813,644.8529584505517,0.0925650803259505,0.8854371798211341,8,0.8626899366154382,9.169962103754026,394.1109130047505,0.0829221295489085,삼성2동,1123059
15.5391991991992,0.0880752936645484,2023-06-01,30,False,11.0,195.6,0.0,6.155994565994566,0.932062062062062,22,0.9178793078793078,22.551224211442012,835.3914676189838,0.0488638551896784,0.904051909051909,8,0.8833268983268983,9.369860709407652,402.9545609148622,0.0891103408434431,대치1동,1123060
15.127016510608035,0.1069506630348799,2023-06-01,30,False,11.0,195.6,0.0,6.150343854450634,0.8934514637904468,22,0.8707514519378927,18.64933601528247,630.2570906877123,0.1372655607642339,0.8570813085219866,8,0.8350865236458457,8.382229555419263,386.1513202164464,0.0806728157647599,대치4동,1123063
15.335326663448424,0.1118928231316627,2023-06-01,30,False,11.0,195.6,0.0,6.292369618076924,0.8969488114285497,22,0.8749320055632682,18.38647621759433,603.4471608728308,0.1266743303757169,0.8655913395653331,8,0.8440017906530208,8.851932437778618,402.21687052399466,0.1038588726951086,역삼1동,1123064
15.2349464756064,0.1061749561359128,2023-06-01,30,False,11.0,195.6,0.0,6.065437256751975,0.9177623147383732,22,0.8959342689782599,19.785739109501257,655.3217239581779,0.1030877644493744,0.8845716869127648,8,0.8616723670244133,8.915876355782116,389.263151599846,0.083441999171403,역삼2동,1123065
14.116013288702948,0.0872942824270922,2023-06-01,30,False,11.0,195.6,0.0,5.6629314531395725,0.9416644959855688,22,0.9238590043691232,21.175630633512604,779.0301911375742,0.0498524335951178,0.909805985409479,8,0.8872415339007227,9.17119205332409,394.61088304823534,0.0850632784753139,도곡1동,1123066
15.120335230738284,0.0818447177042371,2023-06-01,30,False,11.0,195.6,0.0,5.916234358169927,0.9466502880984206,22,0.9374314630727903,22.350547755125472,805.6044846879204,0.0448190466674755,0.9143552013444594,8,0.896204676408373,9.569849124405282,409.181407925216,0.0759782756085898,도곡2동,1123067
14.365601780275163,0.073667468846053,2023-06-01,30,False,11.0,195.6,0.0,5.5363144590046245,0.9541443199306232,22,0.9433405838051472,23.496955689695632,798.4946028029242,0.0110736495985131,0.9243160921378586,8,0.903220417897292,10.037307871256004,404.1687303201892,0.0816852915246968,개포1동,1123068
15.1351424982675,0.0810095729839808,2023-06-01,30,False,11.0,195.6,0.0,5.647839859089859,0.940430237930238,22,0.9289310464310464,22.44798768030193,779.1363449768331,0.0374701345349004,0.9177887502887504,8,0.9037439362439362,9.863877361737632,423.9462728198129,0.0720579510286548,개포4동,1123071
14.143453235582763,0.0784939871643093,2023-06-01,30,False,11.0,195.6,0.0,5.355494492073169,0.9523882094049798,22,0.9538932698667982,22.65205006803524,862.2238242610787,0.0507196710075394,0.9202615184411788,8,0.9222048568328124,9.845778930208578,437.7525857940661,0.0676989220512181,일원본동,1123072
13.951899384486127,0.0899111151224632,2023-06-01,30,False,11.0,195.6,0.0,5.149868480940988,0.925463279209512,22,0.9147705064747677,20.513362460341455,730.3019691402147,0.0605480175563511,0.8936728096290479,8,0.8853485781081625,9.231943172091752,417.5720980605573,0.0953097265260687,일원1동,1123073
13.767637341949738,0.0857630906082808,2023-06-01,30,False,11.0,195.6,0.0,5.311269917910192,0.946441376013532,22,0.9315910266382188,22.174645035086,774.4261056607724,0.0211533916331836,0.90750127703252,8,0.8881679239807919,9.5332634183553,410.3274875140746,0.1109505597215358,일원2동,1123074
12.62609856364172,0.1263079691010481,2023-06-01,30,False,11.0,195.6,0.0,4.628221825279906,0.9348327931644078,22,0.9245757218621096,21.12681306628404,763.6502275805366,0.0425949629576586,0.8802253977607541,8,0.8659848261638186,9.43309745488262,415.000642557676,0.136750836175285,수서동,1123075
14.84239869160722,0.0946896954805157,2023-06-01,30,False,11.0,195.6,0.0,5.51822132548736,0.944402840330057,22,0.9412919556855912,23.618054079342684,855.5802169826873,0.0613969170334498,0.9142858082119728,8,0.9094000460238668,10.03357799570396,452.16557945909057,0.070269292396754,세곡동,1123076
15.376680174976526,0.0980617551193053,2023-06-01,30,False,11.0,195.6,0.0,5.785805180333745,0.91587850605658,22,0.9053014069032156,21.32236961847348,678.4692642314452,0.0510014679903461,0.8706738018335327,8,0.8498877906048008,9.457821097710092,372.6031972095231,0.1010176407653454,압구정동,1123077
16.293425035746782,0.100706925161646,2023-06-01,30,False,11.0,195.6,0.0,6.036588903332034,0.9262784349408554,22,0.9157160188916332,21.56411024072884,703.5762515892781,0.0660343006954812,0.8936405390181551,8,0.8766094718142032,9.774541699051555,394.7792383374846,0.0873773024484891,청담동,1123078
14.917282656900284,0.0907369249338161,2023-06-01,30,False,11.0,195.6,0.0,5.7644408123855495,0.9408829698684869,22,0.9286232728483436,22.096923910681816,803.3477216469711,0.0337621114823187,0.912951889462294,8,0.8945866489096055,9.334886805533522,398.0428526092052,0.0798007481945305,대치2동,1123079
15.090459389159548,0.0788784548315443,2023-06-01,30,False,11.0,195.6,0.0,5.708535238254204,0.9578566684401418,22,0.9526374356245936,23.54963818352249,816.3683413779622,0.0163915043909409,0.934538600902038,8,0.9241029171926238,10.031520296845128,414.2532289125072,0.0812707692385094,개포2동,1123080
15.246785586608029,0.122969934362949,2023-07-01,31,False,19.0,459.9,0.0,5.828949198467868,0.8999794297063413,21,0.8878706199460917,18.286593686430628,599.3341915364458,0.1021336781395631,0.8572549297772734,10,0.8385742658533125,8.807213141611738,362.5013238884068,0.1073095634434615,신사동,1123051
15.805561758519142,0.1122038167613029,2023-07-01,31,False,19.0,459.9,0.0,6.329476992474174,0.8989066517085027,21,0.8747034076567101,16.80123055218559,541.1106476783204,0.1225259360457669,0.8578558406955547,10,0.8307740849810685,8.340181161730177,366.2023549591368,0.1030130640823122,논현1동,1123052
16.032306243403,0.1140598067974029,2023-07-01,31,False,19.0,459.9,0.0,6.16831204348744,0.9007177538526493,21,0.8807214481739497,17.903631752876933,586.4809624392749,0.0955611650892766,0.8705699810006332,10,0.8515093941313067,8.819334790695194,373.6910888474316,0.0871771653130364,논현2동,1123053
15.120078878912476,0.1123629164604444,2023-07-01,31,False,19.0,459.9,0.0,5.794683225644039,0.9229554418058236,21,0.9138533187882856,19.57915672169661,681.584851993363,0.0605446872802104,0.8807569019048418,10,0.8677939078627172,9.292272184207668,400.8976030169705,0.1161074787048373,삼성1동,1123058
15.879740453243032,0.1049096591067085,2023-07-01,31,False,19.0,459.9,0.0,6.132529721281585,0.9169115220977686,21,0.8991008943301206,18.370306011229093,611.0585091712221,0.0940028705452538,0.8777168533472259,10,0.8601172180255275,8.824915738131592,391.91771475685874,0.0803538770542473,삼성2동,1123059
15.643039221006989,0.0845104141728513,2023-07-01,31,False,19.0,459.9,0.0,6.155336696249282,0.9366189840985109,21,0.9210616893225514,20.58449744017871,761.879947582199,0.0493895140052669,0.905450123252964,10,0.8865122981607745,9.041905451798035,392.5357038198167,0.0836246109648072,대치1동,1123060
15.172122940618705,0.1118151789379043,2023-07-01,31,False,19.0,459.9,0.0,6.161167784757615,0.8889694204100983,21,0.866267038046699,17.097873286637018,595.6727657263028,0.1235717217520474,0.8503289083797558,10,0.8267761052506816,8.08907150946618,378.97743915498654,0.0855989680042218,대치4동,1123063
15.33801135661753,0.1120581289691719,2023-07-01,31,False,19.0,459.9,0.0,6.281184861027094,0.8916664013499315,21,0.8679072877200802,16.877391580837916,578.2747718790469,0.1208654362297955,0.858218026680251,10,0.8391511987010093,8.54579574614266,400.21857387629046,0.10367333525647,역삼1동,1123064
15.305278494285824,0.1015335911831348,2023-07-01,31,False,19.0,459.9,0.0,6.090100581235517,0.9114173506656716,21,0.8898173820838078,18.087407807502945,617.651150845948,0.1076805123005009,0.8785367003102541,10,0.8594823862074382,8.610467157617864,386.55962655700256,0.0806937973361439,역삼2동,1123065
14.155439989331438,0.0892223780261475,2023-07-01,31,False,19.0,459.9,0.0,5.555827625651967,0.9350669748696064,21,0.9153716216216216,19.1888354541104,707.4896582201028,0.0616828886047758,0.903215979137032,10,0.8811907302038882,8.812881240706448,381.97729852799233,0.0755505835773497,도곡1동,1123066
15.168783801721393,0.0810159529206501,2023-07-01,31,False,19.0,459.9,0.0,5.900639960372768,0.9411330021351438,21,0.9309967349621292,20.23816676886401,730.1668269768691,0.0546589535856531,0.9121863451162836,10,0.8939595180629276,9.210984437706903,399.54622951843805,0.0739940936295575,도곡2동,1123067
14.245438888865232,0.0726355698135218,2023-07-01,31,False,19.0,459.9,0.0,5.585421925495723,0.9612073627155016,21,0.9515845677619336,21.01494708706426,724.9142846557447,0.0245835549227153,0.9311093038802004,10,0.8976177195679109,9.519737670763684,388.7595486723816,0.0774733663858914,개포1동,1123068
15.177553586278584,0.0809484742371185,2023-07-01,31,False,19.0,459.9,0.0,5.634600768075768,0.9372730422730424,21,0.9236168861168862,19.76112457192994,700.7132392025435,0.0426813406703351,0.913907368907369,10,0.8985406560406561,9.145941573008148,411.8244007023529,0.0655207603801901,개포4동,1123071
14.125149023954345,0.0772757192085801,2023-07-01,31,False,19.0,459.9,0.0,5.350178335542134,0.9447056753968288,21,0.94369660564043,20.676199080264645,764.1047847072165,0.0647539396755333,0.9163135821868432,10,0.9148620326442162,9.476578285795046,429.55331957072445,0.0656986874201417,일원본동,1123072
13.914614640855712,0.0916014519298012,2023-07-01,31,False,19.0,459.9,0.0,5.136275568073854,0.9274856245816,21,0.9112867863083456,18.666956865019397,648.3379559490938,0.0556062472942822,0.8940786723456998,10,0.8802038722275979,8.896105674874834,402.5213588372536,0.0972992773652136,일원1동,1123073
13.68548999645073,0.0890246563386428,2023-07-01,31,False,19.0,459.9,0.0,5.215423815843588,0.9349107330409678,21,0.9235691652937724,20.139543557141447,689.6672381514244,0.0428146437257521,0.8988039523254964,10,0.8841529518096046,9.129023721941453,394.4165563442591,0.1081834776453808,일원2동,1123074
12.696833382439602,0.1265387893279042,2023-07-01,31,False,19.0,459.9,0.0,4.692720271066588,0.9330951679434296,21,0.9225243076016498,19.33951133986438,680.7214514870822,0.0468590942449279,0.8786365645256335,10,0.8640696817913966,9.087648278851177,401.4352637586621,0.1450959967803792,수서동,1123075
14.968766797067625,0.0952957682299473,2023-07-01,31,False,19.0,459.9,0.0,5.56487370393504,0.9434399552911008,21,0.9413770998389164,21.372999142812343,797.6850025614834,0.0632087425403411,0.9094345639238632,10,0.9101186758276076,9.656229964549713,442.6738660172151,0.067527650202455,세곡동,1123076
15.445023510223953,0.0969968744400868,2023-07-01,31,False,19.0,459.9,0.0,5.813463695228823,0.9152521908471276,21,0.9052234664070108,19.40856844517449,639.0584196664496,0.050451912165794,0.8663690360272639,10,0.8486509250243428,9.089780143206996,368.01163021210704,0.1012472377615416,압구정동,1123077
16.287616508514233,0.0992745957775288,2023-07-01,31,False,19.0,459.9,0.0,6.023925425711687,0.9216859482646562,21,0.911763507950951,19.760137131262876,669.2007566986764,0.0655332929609019,0.8865215130638242,10,0.8689544607651979,9.48811418653834,397.222304428909,0.0828691803270166,청담동,1123078
15.070965733311136,0.0912727585818646,2023-07-01,31,False,19.0,459.9,0.0,5.830501977692691,0.9392325620109871,21,0.9237456300982188,20.01274927374658,730.1615951262762,0.0411889765344036,0.9083582487098384,10,0.8914120193108042,8.97921460758419,392.2906669975901,0.0775364766503076,대치2동,1123079
14.950957651903536,0.0786137942721572,2023-07-01,31,False,19.0,459.9,0.0,5.665514197682722,0.9577847766216684,21,0.9492417775528372,21.377085166348547,746.6054083573996,0.0230299949161159,0.9307692470360844,10,0.9176786050370528,9.6737326505775,410.9769639370379,0.0810080615876243,개포2동,1123080
14.82429061282324,0.1166362876889192,2023-08-01,31,False,13.0,298.1,0.0,5.768764973432519,0.8978136733970953,23,0.8849925611052072,16.8220859110651,543.7720092509649,0.1018607123870281,0.8355380800566772,8,0.8031817215727949,7.382289042719708,296.8008517488452,0.103406242879927,신사동,1123051
15.51947869924777,0.1073140534880527,2023-08-01,31,False,13.0,298.1,0.0,6.297475536139793,0.8957216278091856,23,0.870524225575854,15.7652434937325,494.8696716049899,0.1226193439302389,0.8364733915806196,8,0.8010264916133254,7.083740599361896,301.7417095816294,0.1041223221642406,논현1동,1123052
15.738153248602467,0.1109172658070967,2023-08-01,31,False,13.0,298.1,0.0,6.108471854234786,0.9011111697078368,23,0.8776642759202614,16.495360964295976,523.1742051054334,0.0944499996479096,0.8526136483493303,8,0.8202446999261681,7.405139392822283,301.7883070734009,0.0878236590638621,논현2동,1123053
14.829188570000415,0.1133592501794989,2023-08-01,31,False,13.0,298.1,0.0,5.7404737784812765,0.9207831049277292,23,0.9058666222351812,17.753905065043405,600.2237052964206,0.0609649605102298,0.8603632273920105,8,0.8382180197442411,7.73655218124266,321.6661626886514,0.1159854330937858,삼성1동,1123058
15.550503155655871,0.1018291415951383,2023-08-01,31,False,13.0,298.1,0.0,6.116304713950864,0.9181139855890268,23,0.8960204878895736,16.94660664415921,550.244244409113,0.0898590710556925,0.8613898775935411,8,0.8355612466359927,7.3712967895710175,313.6936891404835,0.0773427642980007,삼성2동,1123059
15.467989487272751,0.0887440222692774,2023-08-01,31,False,13.0,298.1,0.0,6.156390825256221,0.936078481716841,23,0.92158675139611,18.77914645119754,676.6941961946065,0.0483452689681425,0.8844220496252077,8,0.8572380198415246,7.530734200121445,318.06991160139177,0.0814636815683662,대치1동,1123060
14.979264027028629,0.1123509200670282,2023-08-01,31,False,13.0,298.1,0.0,6.138346902969593,0.8908001896745895,23,0.8678975757216525,15.811900099077166,539.3275340417831,0.1093452564538277,0.8367767174441348,8,0.8045865686681287,6.830516049148349,308.5801754875801,0.0842862727610261,대치4동,1123063
15.112939564320808,0.1105622938462706,2023-08-01,31,False,13.0,298.1,0.0,6.240151721145044,0.8902201836606047,23,0.865521348407145,15.739265762744433,523.4553295468811,0.1109444287022169,0.8403324770107479,8,0.8125293403993146,7.268837176866877,327.89968645836666,0.1080213131240172,역삼1동,1123064
15.131577605899244,0.1049058490760498,2023-08-01,31,False,13.0,298.1,0.0,6.064125633279653,0.9132208025264577,23,0.8914402924547153,16.753811764897694,558.3058005120597,0.0981017127719268,0.8631539971553841,8,0.8323365423420669,7.183916310664012,311.7969937545928,0.0725074721440759,역삼2동,1123065
14.076618609745989,0.0885668194504903,2023-08-01,31,False,13.0,298.1,0.0,5.530783888921783,0.9366007460477234,23,0.9174894902007223,17.7329485436126,623.8227229617928,0.0577625278467723,0.8856640416839363,8,0.8537065545621411,7.4352342896567585,304.6703519428502,0.0800143394873633,도곡1동,1123066
14.97471197154636,0.0797778392526546,2023-08-01,31,False,13.0,298.1,0.0,5.906737692991674,0.9372912456551612,23,0.9228684019076874,18.44195572662207,637.9421719605441,0.0542421211669823,0.8885918680785709,8,0.8613984318163447,7.641342154889076,315.74682552015884,0.0755928187886139,도곡2동,1123067
14.020538386328855,0.0780474860979718,2023-08-01,31,False,13.0,298.1,0.0,5.535958051351811,0.9669027376296548,23,0.949103893895596,19.17294631622542,631.0729197750497,0.0230277579085811,0.9109522190103724,8,0.8750238054752593,7.961472987376126,310.50105171671674,0.072867394263827,개포1동,1123068
14.923628281313103,0.0835649493895689,2023-08-01,31,False,13.0,298.1,0.0,5.602222102348122,0.9343806611665608,23,0.9221888882478508,18.146809057016647,613.8732749823265,0.0394570229439263,0.8938994980672704,8,0.8757981884267004,7.695634421413248,326.6808136975707,0.0691742257121695,개포4동,1123071
13.917200643621443,0.0765296959849489,2023-08-01,31,False,13.0,298.1,0.0,5.319378476226233,0.9395156748639008,23,0.93057362761136,18.798000565171723,664.7712531642505,0.0738016846966263,0.897429268685135,8,0.8864742953686073,7.828808704455861,329.8888173188681,0.0669944841151067,일원본동,1123072
13.754271383762491,0.0865207554232127,2023-08-01,31,False,13.0,298.1,0.0,5.132087125246188,0.9202932380188196,23,0.8983383178933547,17.421067555463964,581.5818194005516,0.0506077407151188,0.8751747027500183,8,0.8544664089284413,7.517392265395986,319.1674352989786,0.0956811475053722,일원1동,1123073
13.41124481178475,0.0919082585063084,2023-08-01,31,False,13.0,298.1,0.0,5.192132426445303,0.9289532400854108,23,0.9140471677742856,18.56699209962887,605.9614238918169,0.0373970096984162,0.880993738154075,8,0.8594715417896245,7.669143217131846,314.33231479405123,0.1081417709381041,일원2동,1123074
12.427295189129635,0.1281412890531662,2023-08-01,31,False,13.0,298.1,0.0,4.634635034887991,0.9248872567021668,23,0.9123767903048108,18.09296110174916,607.970673739596,0.044909481906706,0.8599963275798752,8,0.8378780756518547,7.689661930932585,315.0319784777137,0.1443923620841728,수서동,1123075
14.777682880693575,0.0967314522887815,2023-08-01,31,False,13.0,298.1,0.0,5.585701645266165,0.940190798331746,23,0.9384762405175529,19.889925070948923,739.18726217862,0.066502374585944,0.8896377787264786,8,0.8892791698137993,8.173223980781357,359.8585442350359,0.0694696092908169,세곡동,1123076
15.15096257409387,0.0924211931614394,2023-08-01,31,False,13.0,298.1,0.0,5.813624147313186,0.917962297152852,23,0.906301622777184,17.98613481356022,570.3510753745945,0.0532419399832622,0.8546006219026333,8,0.8256709746380332,7.62751238672859,295.0496510407227,0.1014725222173514,압구정동,1123077
15.964520990218988,0.0993113825640811,2023-08-01,31,False,13.0,298.1,0.0,5.986125136328227,0.9246533367956375,23,0.9103271877434432,18.33419678128381,603.1785296153564,0.062884669641271,0.874634726910759,8,0.8478866960962521,8.039117263281133,323.904696877742,0.0847736130994054,청담동,1123078
14.908182186450086,0.0922866741025759,2023-08-01,31,False,13.0,298.1,0.0,5.823586397578069,0.9376997643868576,23,0.9178025834366288,18.270341996202287,639.9981236965136,0.0509909779100694,0.8879714339834572,8,0.8555744607316967,7.457622696671517,314.16399540660984,0.0746714890078341,대치2동,1123079
14.590754020560484,0.0743254790774718,2023-08-01,31,False,13.0,298.1,0.0,5.659225345021828,0.9565367553865654,23,0.9466554006477962,19.5949751577782,652.584777520752,0.0197809806353226,0.9180485142937614,8,0.8949531756090692,7.951281330712813,324.7537103805038,0.0791020118405426,개포2동,1123080
14.890907634667045,0.1160949471492934,2023-09-01,30,False,11.0,134.5,0.0,5.9608945072812105,0.8761183373391771,21,0.8513954474763185,11.750180738883149,391.8120486572389,0.1152570013564952,0.7894111409585748,9,0.7718365615721758,5.055437247750294,223.450782971864,0.1031274541854077,신사동,1123051
15.470921485906294,0.1028966493869896,2023-09-01,30,False,11.0,134.5,0.0,6.4175243979839465,0.8752912077655404,21,0.8335467612469665,10.929696524903845,364.3846741827556,0.1274542740621983,0.7911405637483665,9,0.7705609482919545,4.822769333953103,230.14669495590363,0.0963859392475473,논현1동,1123052
15.778440092675476,0.1093054307132447,2023-09-01,30,False,11.0,134.5,0.0,6.282705018166499,0.8850939918908957,21,0.8489879416565742,11.391019113774792,379.9328520206684,0.095183656371903,0.8153888684113527,9,0.788904217787373,5.0053874156040825,227.27521119897904,0.0825820977580745,논현2동,1123053
14.8174956932618,0.1122696533172436,2023-09-01,30,False,11.0,134.5,0.0,5.892534002723499,0.8965677347377401,21,0.8684115108857934,12.27786353979289,424.79676744337627,0.0701410362772456,0.8156478154583189,9,0.7887901757149184,5.193342542575564,237.56347666426436,0.1135078060185534,삼성1동,1123058
15.381449045801528,0.1006438509793446,2023-09-01,30,False,11.0,134.5,0.0,6.222106072172103,0.8913189625260236,21,0.8572961485079805,11.708551871631732,390.9598018549193,0.0890854856866648,0.8176639486467729,9,0.8019127342123524,4.965262528339078,234.49241826176788,0.0812223204499536,삼성2동,1123059
15.289579095004676,0.0839825847846012,2023-09-01,30,False,11.0,134.5,0.0,6.311587991953079,0.914126739013402,21,0.8910584251834641,12.802409726220487,480.12861813701136,0.0483730522456462,0.8481221488680474,9,0.8268622673051312,5.039804169509844,235.5506696319192,0.0911549037580201,대치1동,1123060
14.821695533439964,0.1058498795550232,2023-09-01,30,False,11.0,134.5,0.0,6.238278117410106,0.8597067709258931,21,0.8193774065517445,11.018676739216865,391.2070202379859,0.1083597160565479,0.7890687755464724,9,0.7769610805047094,4.717634770166069,236.0812178290744,0.0812600815648335,대치4동,1123063
15.029365177515537,0.112394440706394,2023-09-01,30,False,11.0,134.5,0.0,6.327180538082177,0.8650614573635609,21,0.8317332612032307,10.97245672374056,382.9424120893374,0.1142216160079571,0.7989774928918301,9,0.7846337719850036,4.91726822530086,245.95633461151175,0.1122390271967547,역삼1동,1123064
15.022463564106951,0.1028387787895018,2023-09-01,30,False,11.0,134.5,0.0,6.227239893608747,0.8874861955794744,21,0.852486351122241,11.611403337430088,400.4135125540076,0.1016713564730644,0.8174351775520678,9,0.8009208131775832,4.897625701127751,236.7006516449157,0.0722198752234887,역삼2동,1123065
14.01495514698098,0.0910952773465352,2023-09-01,30,False,11.0,134.5,0.0,5.6912666478455725,0.9170248556069216,21,0.8880680147275059,12.15687660665083,438.13461674231127,0.0538207525701773,0.85026467163073,9,0.8258566538447966,4.989858615959608,228.05775064131876,0.0820029431248704,도곡1동,1123066
14.891084772256644,0.0793153426737525,2023-09-01,30,False,11.0,134.5,0.0,6.053870952146903,0.92206890717031,21,0.8997780177102385,12.696565640236267,449.69656678058806,0.0568569259438194,0.8522979800014502,9,0.8268360876326455,5.205392319847681,237.33492136841755,0.0770653599282214,도곡2동,1123067
13.998810937764963,0.0691010306691078,2023-09-01,30,False,11.0,134.5,0.0,5.667490367983721,0.9558394098694252,21,0.922436832287604,13.500171123117989,450.9459191192016,0.0106489165711287,0.8936323554349669,9,0.846731388841784,5.477583993548081,230.33964287252093,0.0715536466978091,개포1동,1123068
14.896281741970354,0.0798273284438425,2023-09-01,30,False,11.0,134.5,0.0,5.715943749353144,0.922045446704769,21,0.8975287204314677,12.76587218906425,439.6062683700585,0.0320726065890714,0.8640865235340793,9,0.8407318391425844,5.300332878183553,249.494185677042,0.0723091494008156,개포4동,1123071
13.83591757656458,0.0767978335451608,2023-09-01,30,False,11.0,134.5,0.0,5.428951930758988,0.9240617842876166,21,0.9034039946737684,12.831422343085524,471.3588843910971,0.0593282993163373,0.8512655126498003,9,0.8417731025299601,5.187354076424792,241.11039871452624,0.0728104933502795,일원본동,1123072
13.556565259787511,0.0888733935009699,2023-09-01,30,False,11.0,134.5,0.0,5.175075163731625,0.8978278270994032,21,0.863052685198661,11.973215234297433,414.5138581138222,0.0438038460140317,0.8325345655654198,9,0.8055057487993013,5.00137565129376,236.3148743276425,0.095030056279102,일원1동,1123073
13.295879186564786,0.0889057094524229,2023-09-01,30,False,11.0,134.5,0.0,5.295002061445399,0.910753740846864,21,0.8829473097739574,12.81935519645259,435.72712175312233,0.0241098506977429,0.8347007322508755,9,0.8195415472779369,5.185474150343562,239.428227600634,0.1103485412676722,일원2동,1123074
12.418266125256071,0.1254121960644173,2023-09-01,30,False,11.0,134.5,0.0,4.7729604038630375,0.9035374597600232,21,0.8816000877963125,12.657544129138309,435.74615071234086,0.0285014512206814,0.8178650863330406,9,0.8013315774070823,5.212014701330581,225.9876570677282,0.1515486950635254,수서동,1123075
14.70871417235047,0.0951761944815335,2023-09-01,30,False,11.0,134.5,0.0,5.6904752164218255,0.926238850996852,21,0.9210689926547744,13.738990904385592,527.7793372190885,0.0692719882831111,0.8567113719832109,9,0.8646366736621196,5.4596963401205,264.99862038246414,0.070609156662412,세곡동,1123076
15.020840522464017,0.0938026468268266,2023-09-01,30,False,11.0,134.5,0.0,5.959508520331508,0.9004987156496874,21,0.8800155091358504,12.43110326216537,401.3373627278415,0.0464119818091519,0.8154311055105898,9,0.7865254689090293,5.170121701370418,218.69216810920125,0.1011208600726465,압구정동,1123077
15.892469973213514,0.0984274778103652,2023-09-01,30,False,11.0,134.5,0.0,6.144672548172471,0.907223278320228,21,0.8858251965782425,12.678185806761311,421.5514749569704,0.0640364406976055,0.8423325844638382,9,0.8196046833146116,5.388214486298403,238.8000096676062,0.0846669430446728,청담동,1123078
14.779583610334916,0.0899483553205654,2023-09-01,30,False,11.0,134.5,0.0,5.968815060057474,0.9189800161565864,21,0.8910354120591701,12.583022660033924,451.9780338897024,0.0531183949428288,0.8520129517553734,9,0.821411449987419,5.056340474708311,237.69803415041537,0.0782168042349929,대치2동,1123079
14.447822046205545,0.0739115644793896,2023-09-01,30,False,11.0,134.5,0.0,5.792947196166609,0.9452166805811824,21,0.9278773230810244,13.428163092623048,465.3549992533469,0.0167587421470308,0.8865073630004839,9,0.8641023032616092,5.322809403443018,246.0976882237913,0.0875528016638175,개포2동,1123080
14.735929396825398,0.117032981575236,2023-10-01,31,False,5.0,31.0,0.0,5.992324790123456,0.8794356261022928,22,0.8572134038800705,12.695021530563132,444.569873039256,0.115921370533233,0.8431358024691359,9,0.8302546737213404,6.9638757054583325,327.1154822302245,0.1023287117032981,신사동,1123051
15.207656841172906,0.1057581702331499,2023-10-01,31,False,5.0,31.0,0.0,6.387046445387162,0.8791795254300498,22,0.8462943452519697,11.620621625003713,405.2721138424556,0.1434247798983958,0.846025826301804,9,0.8368780010255932,6.621480077804289,333.2790998542214,0.0960045544489254,논현1동,1123052
15.511131747200167,0.109393771894186,2023-10-01,31,False,5.0,31.0,0.0,6.276942999106157,0.8919080919080917,22,0.8635033387664968,12.225924784238824,423.9283615204801,0.1053519024511026,0.864127977285872,9,0.8503496503496504,6.895496229049854,332.1775717191828,0.0802759212341128,논현2동,1123053
14.64094523519937,0.1125795398923152,2023-10-01,31,False,5.0,31.0,0.0,5.887983629729463,0.9072211630123926,22,0.8801099569376417,13.245795416973522,483.42349871562976,0.088385427592476,0.8657062555471549,9,0.8456181585089247,7.1943284578128885,339.37422560355765,0.1157516003330981,삼성1동,1123058
15.261100195033157,0.0986956928918668,2023-10-01,31,False,5.0,31.0,0.0,6.261562388939452,0.8997858969358125,22,0.869684046287869,12.681054918028046,446.3692274230024,0.1077309142920388,0.8747562085554544,9,0.8623126598188359,6.923709199459949,345.09727699443204,0.0761470155035459,삼성2동,1123059
14.981227814831565,0.0841021589086937,2023-10-01,31,False,5.0,31.0,0.0,6.334922846484286,0.9191449525209132,22,0.898596823423016,14.045703805227218,535.652792462562,0.0571680881225163,0.8892274756952295,9,0.8759679516165498,6.97619243796764,336.8864752099112,0.0883316678673514,대치1동,1123060
14.659786067029843,0.1084899977068766,2023-10-01,31,False,5.0,31.0,0.0,6.279339720511605,0.8563056608242539,22,0.8198561108479393,11.807548980761746,434.4491247265402,0.1338931404518619,0.8320481999052582,9,0.8199437470393178,6.360252063283761,337.4231920942919,0.076854612092922,대치4동,1123063
14.774088102333886,0.1127978730087666,2023-10-01,31,False,5.0,31.0,0.0,6.316486186560033,0.8699304612444042,22,0.8376842211156381,11.56368412417688,419.4332349322985,0.1397341504935348,0.8454535737638953,9,0.8393060585483627,6.748474250693661,360.003509522627,0.0982074401997195,역삼1동,1123064
14.859067068245016,0.1032722433690723,2023-10-01,31,False,5.0,31.0,0.0,6.243685094996195,0.8920542635658915,22,0.8560586288856783,12.340012273079724,441.6173344148981,0.1210779333040141,0.8650801603206413,9,0.8554081030277608,6.700652510524399,342.7792398772508,0.0737155184179797,역삼2동,1123065
13.962380752891889,0.0906087634003329,2023-10-01,31,False,5.0,31.0,0.0,5.774932983442969,0.9254474634909802,22,0.8993080643453089,13.181897401695752,497.21562540645857,0.0688495064832568,0.893450146506784,9,0.881024135374622,6.922161028390046,334.35255330843194,0.0758715591688884,도곡1동,1123066
14.649808567193997,0.0778320653311928,2023-10-01,31,False,5.0,31.0,0.0,6.108496870670491,0.927546557334794,22,0.9049739021168284,13.908026291965342,514.967090756889,0.0727926293013191,0.8959644939910429,9,0.8814169378483746,7.215916515181756,340.9787194788449,0.0675368185942625,도곡2동,1123067
14.03495515812616,0.0610279907557676,2023-10-01,31,False,5.0,31.0,0.0,5.745449281244715,0.9559047860646032,22,0.939880771182141,15.044444209533705,529.0428224575193,0.0105287907374167,0.9270319634703196,9,0.8998866903433115,7.659399603031264,336.98429956230274,0.0834618847452961,개포1동,1123068
14.702956299613971,0.0844817514241691,2023-10-01,31,False,5.0,31.0,0.0,5.744004055029268,0.929271240220392,22,0.909267001912966,13.951421482672613,488.398779720099,0.0388691332661598,0.9084445411745838,9,0.8950262889609275,7.425573649256113,350.66303212136955,0.0677798644245886,개포4동,1123071
13.729335120157725,0.0746848290150225,2023-10-01,31,False,5.0,31.0,0.0,5.521765220866413,0.9347700751318804,22,0.924733841317206,14.006271382667446,522.2881817086999,0.0516268107128777,0.8975424948047104,9,0.8978051899611019,7.282903804162624,351.5120817954183,0.073527314818698,일원본동,1123072
13.455452381799448,0.0933648522386236,2023-10-01,31,False,5.0,31.0,0.0,5.18980558324663,0.9231989567987778,22,0.9033550449103646,12.78785122699507,454.5989702858888,0.0420156692099693,0.8812530902875847,9,0.878403309666238,6.880221421397669,334.011229145727,0.1066041130850779,일원1동,1123073
13.080642481615016,0.0906577683298244,2023-10-01,31,False,5.0,31.0,0.0,5.331661398688036,0.918256325545196,22,0.8970838164519769,13.840521963243242,487.4436259085154,0.0300574371972283,0.8795279467590019,9,0.8687693578360521,7.117268592593662,342.1016885250247,0.1076794145902745,일원2동,1123074
12.341002996281986,0.1263377950698295,2023-10-01,31,False,5.0,31.0,0.0,4.77454064299774,0.9258336370926588,22,0.90344900488445,13.65335258581726,473.1674385863832,0.0416102900612641,0.8815221987315011,9,0.8683684479113508,7.259799716172228,333.6954155805232,0.1490258703289683,수서동,1123075
14.434110681423755,0.0956703635000197,2023-10-01,31,False,5.0,31.0,0.0,5.662514856413111,0.9312691967647924,22,0.9262284292216508,14.758756555460735,566.0202246369153,0.0686624304376998,0.9038390255083664,9,0.9084884901273782,7.488307190622244,382.6433507350872,0.0688933180723842,세곡동,1123076
15.014514842201924,0.0925129486885333,2023-10-01,31,False,5.0,31.0,0.0,6.020762225122033,0.9080479435503358,22,0.87989898989899,13.383451248162434,455.7618270635104,0.0577699453738643,0.8624194094050553,9,0.8410531148808661,7.214820872972464,321.90878158718743,0.1020615386117443,압구정동,1123077
15.780391885945994,0.1007189402039542,2023-10-01,31,False,5.0,31.0,0.0,6.170399305495642,0.910123802950565,22,0.8982102493313777,13.643118407999816,478.93058676006655,0.0732997983239399,0.8805059960314037,9,0.8694189457337589,7.454091527046247,348.3598313062799,0.0834043126056598,청담동,1123078
14.537630983866702,0.0901793092592835,2023-10-01,31,False,5.0,31.0,0.0,5.963414275323989,0.9248439566252314,22,0.9021763422375032,13.776178526438905,513.8200889221787,0.0500544355103165,0.8970520364982808,9,0.8736058582385613,7.010309607529733,339.134191463105,0.0751341212272256,대치2동,1123079
14.206269212685177,0.0744826137199285,2023-10-01,31,False,5.0,31.0,0.0,5.823514445918159,0.9501936882881744,22,0.9348614356793477,14.709881986488158,520.0415504791317,0.0160424764506075,0.9254847470473062,9,0.9108065432956484,7.559401602077059,356.8927075397265,0.0860253177854816,개포2동,1123080
14.884035440720924,0.113110365114549,2023-11-01,30,False,7.0,81.9,3.0,6.059588637003661,0.8708258237116304,22,0.8448922838637004,11.76896657102596,411.8762280171821,0.1142583103303741,0.8445782878062518,8,0.8303161081385526,6.942246025679393,326.87529832174675,0.1005622665876195,신사동,1123051
15.27505499208345,0.1107046651645786,2023-11-01,30,False,7.0,81.9,3.0,6.482510724597188,0.8708135419577162,22,0.8321519046288536,10.712649229806656,382.23896368307567,0.1391130727419988,0.8438991338362671,8,0.8339126385396293,6.597258619272052,333.5807681109081,0.1021540452606001,논현1동,1123052
15.636992796387696,0.1135754902854418,2023-11-01,30,False,7.0,81.9,3.0,6.376067478735693,0.8845201092092828,22,0.8525742938149742,11.153693232509644,393.0770162635722,0.101289431430154,0.8607035598025832,8,0.8482190486191327,6.841107054491684,328.32220675968944,0.0820233345720476,논현2동,1123053
14.516271183654684,0.1131461235789446,2023-11-01,30,False,7.0,81.9,3.0,5.894850666535167,0.8986677515327844,22,0.8705705409536961,12.083651733740608,443.8596741775846,0.0892685490175973,0.8620855729243717,8,0.8449323602413006,7.084026716647567,336.40396663434046,0.1143573048972738,삼성1동,1123058
15.327571634615383,0.1004263271374357,2023-11-01,30,False,7.0,81.9,3.0,6.339941536729036,0.8930500693000692,22,0.8568745668745669,11.567843714019384,416.3590145636368,0.1057389209219563,0.8720820339570339,8,0.8602516458766458,6.809928714855948,339.4557741841121,0.0775583353021431,삼성2동,1123059
15.035045604310136,0.083064478421471,2023-11-01,30,False,7.0,81.9,3.0,6.465073461826717,0.9113515844846356,22,0.8867698007551225,12.930066185090164,494.1058236923474,0.0566465609949969,0.8898949333257914,8,0.8767481652219408,6.924905499223749,334.2341514894921,0.0896105110581194,대치1동,1123060
14.805529938454256,0.104276447536851,2023-11-01,30,False,7.0,81.9,3.0,6.34773660196473,0.8446467037519233,22,0.8045336726239792,10.965505848871002,409.5056426365262,0.1301978215286994,0.83516570008285,8,0.8234554385134335,6.311060071722989,334.29474659623787,0.0838307012101745,대치4동,1123063
14.865365111396612,0.1108869316480144,2023-11-01,30,False,7.0,81.9,3.0,6.360794973835114,0.8592780371635383,22,0.8264785510606962,10.667482789454068,395.6701802853492,0.1357284745949183,0.8431899226020744,8,0.8378453921599349,6.693626657083652,355.552378750071,0.1068156397264209,역삼1동,1123064
14.86951903064362,0.1044881092003292,2023-11-01,30,False,7.0,81.9,3.0,6.2528192789370864,0.8827879698311759,22,0.8434610864201375,11.323694864878092,413.1731668194676,0.1209057955174032,0.8634417055192759,8,0.8548218747324425,6.6481864991652575,341.85772610413204,0.0758745359537255,역삼2동,1123065
13.988793364561689,0.093203082843791,2023-11-01,30,False,7.0,81.9,3.0,5.867957419082169,0.9195552894492774,22,0.8866710104603248,12.015317803101874,457.0914494195688,0.0677146435080074,0.8937648951032532,8,0.8826987872597706,6.797147195586496,328.42242263331354,0.0836328280103032,도곡1동,1123066
14.81167122583134,0.0796597979177286,2023-11-01,30,False,7.0,81.9,3.0,6.227462447162444,0.9186747617287324,22,0.8901689998232051,12.664919336885118,472.8567601223608,0.0732984658785411,0.8923399604622382,8,0.8780143525289702,7.107297322610568,336.42919273904465,0.0698349964038572,도곡2동,1123067
14.058264999156403,0.0602731727422604,2023-11-01,30,False,7.0,81.9,3.0,5.823220440357685,0.9454167369664248,22,0.9245942297958496,13.604935455346096,486.4756002021872,0.0110539934053856,0.9156740340813228,8,0.8940104606040153,7.577627478257663,333.0506126009663,0.0842988642608536,개포1동,1123068
14.882225690468555,0.0849786552828175,2023-11-01,30,False,7.0,81.9,3.0,5.826611253606925,0.9219386937205148,22,0.9000572527824853,12.809567278045328,450.2665918123551,0.0401155125871052,0.905104085558558,8,0.893957541336509,7.376859486201137,349.5554605033104,0.0701001318350178,개포4동,1123071
13.763548657593534,0.0751838037662197,2023-11-01,30,False,7.0,81.9,3.0,5.588621617464545,0.9308074593459283,22,0.9177817144190686,12.83581150143906,479.0518121432914,0.0452624527568497,0.9001840438735137,8,0.8980407548450743,7.196395145016129,347.9001665028728,0.0711148969954597,일원본동,1123072
13.61228762580552,0.0968899245172171,2023-11-01,30,False,7.0,81.9,3.0,5.267260328723482,0.9082933893273476,22,0.8891535732387228,11.882118324931204,422.28486685776176,0.0450916388048174,0.8772123669538774,8,0.8730222286583159,6.9153543405875935,335.3915118878091,0.0971671677948927,일원1동,1123073
13.165385565814358,0.0873079117975188,2023-11-01,30,False,7.0,81.9,3.0,5.376558949258666,0.9113663451300714,22,0.8888799720310836,12.604623314393924,448.4458076180107,0.0301582976448148,0.8775080649005992,8,0.8661679406296184,6.997473847293365,338.87075344897335,0.1021557064784301,일원2동,1123074
12.412453496985982,0.1267499523724302,2023-11-01,30,False,7.0,81.9,3.0,4.827053409833685,0.9177718062313892,22,0.8922652334955334,12.450681865662194,432.0545601435828,0.0428330610383387,0.8768443605200087,8,0.8629254121577455,7.166705805469438,330.5246286449154,0.1449725492007227,수서동,1123075
14.449426658196836,0.0949753616591795,2023-11-01,30,False,7.0,81.9,3.0,5.675922625926906,0.923180737954274,22,0.9161859339542728,13.488977753554517,518.7585779690309,0.0705408561081316,0.9001912250927601,8,0.9046499835387528,7.409118545195164,378.27406292689847,0.0718291741703113,세곡동,1123076
15.129816119388591,0.0917953795057622,2023-11-01,30,False,7.0,81.9,3.0,6.129353257148368,0.9006398572737354,22,0.8685066782390665,12.128495478995225,419.822255651245,0.0571733733899718,0.8581749361107093,8,0.8388678335503158,7.084950237924136,316.39132121228147,0.1043147047204732,압구정동,1123077
15.792313324146248,0.101678260396114,2023-11-01,30,False,7.0,81.9,3.0,6.230671017613367,0.9008966022135136,22,0.886854571293226,12.403017492585944,437.7567907874514,0.072824004335009,0.8761672623918005,8,0.8638555617759787,7.314519780314843,342.14022667960813,0.0821759049201834,청담동,1123078
14.710649234896138,0.0887457375243806,2023-11-01,30,False,7.0,81.9,3.0,6.073948038347692,0.92262507267826,22,0.8935256884613351,12.670259969930068,470.5311388237974,0.0495176934201971,0.8977496167873567,8,0.8748245811089381,6.9897454889082855,335.02735789683965,0.0728700890310082,대치2동,1123079
14.270544539081667,0.0760754955714888,2023-11-01,30,False,7.0,81.9,3.0,5.882877139852786,0.9435243603224676,22,0.9274363827549948,13.437186485256555,476.60360219820586,0.0164795093490791,0.9231840168243954,8,0.9084083420960392,7.45115622261607,352.1118904235809,0.0821866652607901,개포2동,1123080
14.809695876791112,0.1095898144210395,2023-12-01,31,False,12.0,85.9,8.0,6.032207260523861,0.907522314901202,21,0.8988936543522762,20.47302127143754,698.3841312192835,0.1130861205303546,0.8613844290031053,10,0.845738933062259,9.285270584849965,407.6326779100371,0.1023826818060359,신사동,1123051
15.261677209437597,0.1102944733404983,2023-12-01,31,False,12.0,85.9,8.0,6.470694368706146,0.91093221725379,21,0.8929327080379539,18.643107363657176,631.6070546863232,0.1417819412399386,0.8655133238811937,10,0.8552554804231649,8.803247119888859,410.5616479077767,0.1023673965578525,논현1동,1123052
15.60750904225601,0.1126363142057217,2023-12-01,31,False,12.0,85.9,8.0,6.355577381127416,0.9130723086423386,21,0.8994437419746917,19.39475604800942,655.1050304945993,0.1045646895126292,0.8764685701963322,10,0.8627365934464475,9.115252314405792,410.2244157139652,0.0834940340899496,논현2동,1123053
14.73046397744776,0.1082530893686579,2023-12-01,31,False,12.0,85.9,8.0,5.858040192972768,0.9288202214536893,21,0.9186070504809788,21.12235989615071,784.9574701858845,0.0820531710995101,0.8802348222848673,10,0.8755659856432908,9.54904325145272,429.8425029499774,0.1106877478545651,삼성1동,1123058
15.320786667560862,0.1034128306690002,2023-12-01,31,False,12.0,85.9,8.0,6.300649352826774,0.92562873046744,21,0.9094276037824424,20.143151221195403,700.4941604737297,0.1054602778498873,0.88828842800617,10,0.8744152806652807,9.071202863475309,420.1457534926863,0.0798776556101727,삼성2동,1123059
15.105643683220617,0.080624547352277,2023-12-01,31,False,12.0,85.9,8.0,6.360926941187454,0.938436912241386,21,0.9305147598276574,22.760181061465374,848.1766979438887,0.0604098325735951,0.90715248042472,10,0.8951231875358491,9.313435811282746,412.7005465936068,0.0873556852553998,대치1동,1123060
14.978263442658886,0.1107733761101948,2023-12-01,31,False,12.0,85.9,8.0,6.35098589112052,0.9002076531730557,21,0.8786942076301006,18.904656983546644,675.1618037531582,0.1230632259532134,0.861130786890163,10,0.8506033478306012,8.379782967202267,409.9662718381292,0.0811714480137586,대치4동,1123063
15.165531703005303,0.1137938820330839,2023-12-01,31,False,12.0,85.9,8.0,6.402396405421332,0.8988600471420154,21,0.880426045963465,18.6646013004752,661.2460965153876,0.1356820882511432,0.8600106069534473,10,0.8487212728344137,8.93943411436457,444.4963434366929,0.1075631367062884,역삼1동,1123064
15.082849624500431,0.104564081085918,2023-12-01,31,False,12.0,85.9,8.0,6.256884890717182,0.918281631995784,21,0.8988014024506288,19.84664277208024,697.0984291175882,0.112953488329185,0.882272467756811,10,0.8677224084674057,8.801256061552603,417.9160317639069,0.0755729317537311,역삼2동,1123065
14.10980243057913,0.0919047925569051,2023-12-01,31,False,12.0,85.9,8.0,5.843889718695544,0.945186367031027,21,0.9334730803177403,21.372515153256504,791.3530377993753,0.0572789526587079,0.9100442437821078,10,0.896794306017607,9.203898239647868,411.392560782958,0.079823132417966,도곡1동,1123066
14.897323885632552,0.0743455565366436,2023-12-01,31,False,12.0,85.9,8.0,6.2047436216359095,0.9467556243100796,21,0.933100250314837,22.521459317876243,825.7889602827242,0.0705539396457694,0.9133739641474526,10,0.8980585052628306,9.566583174886334,420.82000495133286,0.0682685815197631,도곡2동,1123067
15.204749533024822,0.0756342935113884,2023-12-01,31,False,12.0,85.9,8.0,6.244873613798906,0.9634564577198148,21,0.9560100967606224,23.434130322391333,833.0898414212767,0.0278099328378657,0.9372881783761045,10,0.926957509465713,10.18372989505075,430.6300446314704,0.0874002494114226,개포1동,1123068
14.95882803625916,0.0841318987537735,2023-12-01,31,False,12.0,85.9,8.0,5.804648099066795,0.9471318960333194,21,0.9410376623087376,22.426027585947416,770.8006426731263,0.0443223159687282,0.918660215149558,10,0.9068704202766208,9.859855061922795,437.8457113359526,0.0702415047604303,개포4동,1123071
13.82614444996804,0.0755163804191571,2023-12-01,31,False,12.0,85.9,8.0,5.519823267422159,0.9543599784917872,21,0.9517987764667688,22.8677866371704,843.2908205374458,0.044813497768026,0.9216258991345986,10,0.9217598181947304,9.782332860717355,440.9694101707004,0.074298252250889,일원본동,1123072
13.774243917135315,0.0957546232826528,2023-12-01,31,False,12.0,85.9,8.0,5.287093481005394,0.9560175886606224,21,0.9512352232296568,21.47338241175301,728.6849844355396,0.042105331713814,0.9183655170434982,10,0.9082749913921724,9.560864853254184,425.6357782765549,0.0994669263107849,일원1동,1123073
13.261897340466776,0.0891574655775285,2023-12-01,31,False,12.0,85.9,8.0,5.315024579359541,0.9458703574474684,21,0.9388074746064976,22.13992365698846,769.0128880391153,0.0341347107158229,0.9037070636582152,10,0.8919896099868186,9.486222438055066,422.2132816787915,0.0979934129390769,일원2동,1123074
12.50162942886604,0.1262076680565443,2023-12-01,31,False,12.0,85.9,8.0,4.837525649471544,0.9493412196030132,21,0.9438754905049694,22.039842748462405,740.7911816186585,0.0457049391504796,0.8921519204880703,10,0.8872454386618166,9.908412009554478,423.1458802588421,0.1446630959241556,수서동,1123075
14.479851460035434,0.0936346926007635,2023-12-01,31,False,12.0,85.9,8.0,5.648157513032616,0.9460956320022432,21,0.944111424092178,23.586100427972934,888.4765182798122,0.0776047245406104,0.9133627337267548,10,0.9152054628650088,9.978985339737678,478.30522531214194,0.0716293195786032,세곡동,1123076
15.182314795150464,0.0904097530111367,2023-12-01,31,False,12.0,85.9,8.0,6.09148062308978,0.9233889509598426,21,0.912379615693589,21.474739540469656,724.9341500539421,0.0606170365921313,0.8735782417196835,10,0.8534326263400401,9.507405215117382,397.0771186106925,0.1038572810592965,압구정동,1123077
15.780956252814384,0.1011789825233482,2023-12-01,31,False,12.0,85.9,8.0,6.188370079609853,0.930293375474728,21,0.9200770609775784,21.720097639518293,760.0527276538512,0.0762215690988189,0.8968262262211234,10,0.8831013857381965,9.826752292986964,424.6294337799205,0.0802152722309678,청담동,1123078
14.87191573834197,0.0875678436881425,2023-12-01,31,False,12.0,85.9,8.0,6.03115511658031,0.9521622409326423,21,0.9446920336787566,22.654284405857,823.0939206995453,0.041657620841581,0.9201894430051814,10,0.9039375,9.492313614600503,419.02617922667775,0.0738714002937232,대치2동,1123079
14.319119364288358,0.0702532446072811,2023-12-01,31,False,12.0,85.9,8.0,5.84067699249133,0.9616636923802148,21,0.9565581332704804,23.70624727201427,828.892548557103,0.0171196128911174,0.934969190881848,10,0.9223468803663424,9.945755643707695,438.3367996639991,0.080269605343147,개포2동,1123080
14.711394516076824,0.1098224234111326,2024-01-01,31,False,9.0,18.9,8.0,5.985493701445836,0.9209767479499354,23,0.9165441573154942,21.698820273589035,691.270954518532,0.0933922681189531,0.8640335023737592,8,0.8437263972809669,8.926093362929246,355.0430680776409,0.1058619763991189,신사동,1123051
15.00196781289081,0.107407935023402,2024-01-01,31,False,9.0,18.9,8.0,6.4002625347015885,0.9195082795994572,23,0.9048143187845352,19.48384729984432,651.1885066230391,0.1284109513811037,0.8623701739292398,8,0.8423173122122983,8.248412351582052,371.7026852411978,0.0964553151691204,논현1동,1123052
15.52231528274656,0.1099100430086345,2024-01-01,31,False,9.0,18.9,8.0,6.327815031238689,0.9156475505013704,23,0.9068457151990672,20.214568853716468,662.8282246016751,0.0913227617452969,0.8693921971445632,8,0.8464645514932988,8.496008175867672,362.6477936035953,0.088615844249647,논현2동,1123053
14.588567307358105,0.1097075656095857,2024-01-01,31,False,9.0,18.9,8.0,5.869380278752911,0.9336853081227624,23,0.924047825935838,21.997880405285173,789.7093916070922,0.0804424687721654,0.8823746133259185,8,0.8633742309964895,8.83039697007894,385.92659259569393,0.1138658624405087,삼성1동,1123058
15.193725055793571,0.0994743962300395,2024-01-01,31,False,9.0,18.9,8.0,6.2736542753351685,0.932148093244498,23,0.9211278446576636,20.98816749829938,715.3652441738059,0.0988122826162479,0.8879322983693616,8,0.8695806929805984,8.427012158877218,368.8249410932178,0.0779945314320046,삼성2동,1123059
15.145561888265522,0.0777399671438629,2024-01-01,31,False,9.0,18.9,8.0,6.385170696605173,0.9446931536683372,23,0.9351206434316354,23.276262012295412,849.8099039393973,0.0591606039270906,0.9037113218240752,8,0.8852808008507768,8.619247472914648,360.9129460509875,0.0879097238519909,대치1동,1123060
14.867498012221365,0.1163195075435136,2024-01-01,31,False,9.0,18.9,8.0,6.329536277655143,0.9124960383432767,23,0.8938136992699429,19.604737730140787,710.2132696428961,0.1115716944642642,0.8619341781160863,8,0.843088924597857,8.01934595982402,375.6507817253594,0.0819810737862183,대치4동,1123063
15.15626236285667,0.1113095447119396,2024-01-01,31,False,9.0,18.9,8.0,6.41001114792853,0.9159561029306728,23,0.8986891380522497,19.60739044358936,684.8330265487663,0.1130151818426566,0.8668777677253465,8,0.844630647840299,8.505130968648107,404.11499119044265,0.1057450429224141,역삼1동,1123064
14.89844517402162,0.1029186855909552,2024-01-01,31,False,9.0,18.9,8.0,6.219963187398494,0.9270652952168066,23,0.915186071285123,20.71123203734883,717.0599757548233,0.0999206723553878,0.8812168415905558,8,0.8603028133349633,8.185828570590587,366.1228363949632,0.0766226433972242,역삼2동,1123065
13.947895783546215,0.0856707259332209,2024-01-01,31,False,9.0,18.9,8.0,5.804476363136931,0.9509561873369042,23,0.9438956187336904,22.254218389835117,807.254939905455,0.0437728452112649,0.9049850295289108,8,0.8875594011811564,8.665450838008159,368.789187301155,0.0857228082801462,도곡1동,1123066
14.728574915280053,0.0740929622614017,2024-01-01,31,False,9.0,18.9,8.0,6.148914137760348,0.9497871530289762,23,0.940347256596733,23.18990732136371,824.8349329495787,0.0706688037301471,0.9114933556714768,8,0.8882172638312454,8.85190529501578,367.9172762670268,0.0715734129875176,도곡2동,1123067
15.942042235823434,0.0794065024296769,2024-01-01,31,False,9.0,18.9,8.0,6.429418426492643,0.9660475862348508,23,0.9609436180130518,23.74298215610388,838.5958169587267,0.031331717077612,0.929720724737546,8,0.9147314660937942,9.30445835880149,379.5305117040822,0.0717892797781,개포1동,1123068
14.859266260095962,0.0815995757568967,2024-01-01,31,False,9.0,18.9,8.0,5.823369345443021,0.9562870913800452,23,0.9495715706525898,23.44932001979488,796.6453451166195,0.0351457028580391,0.922104003409948,8,0.9059876280096616,9.177096323030469,389.471062486768,0.0701084135324587,개포4동,1123071
13.774533191883837,0.0737233706524409,2024-01-01,31,False,9.0,18.9,8.0,5.506780107177736,0.9559877256210312,23,0.9545803362069392,23.885825444351568,866.6651345172828,0.0439125399220861,0.919769880181042,8,0.9129827831509858,9.129667031194334,391.9612415199617,0.0725090373074088,일원본동,1123072
13.707217334404938,0.0908533728668887,2024-01-01,31,False,9.0,18.9,8.0,5.294466674727417,0.9636924871442898,23,0.9526924089076024,22.849114353234302,754.33213229651,0.0507646790786627,0.9207248984701172,8,0.8978904544129048,9.292675225757607,390.3370680634493,0.0910651597707567,일원1동,1123073
13.091928442810236,0.0,2024-01-01,31,True,9.0,18.9,8.0,5.2786709186375536,0.945612601570657,23,0.9422299393224084,22.924249480339306,791.3600053316931,0.0,0.8949801019867751,8,0.8818277422185907,8.80981745342712,380.1634910818697,0.0,일원2동,1123074
12.372653181761327,0.1236360922058984,2024-01-01,31,False,9.0,18.9,8.0,4.776893214002807,0.9547083674972552,23,0.9502918409605736,23.695027224247596,787.1918296610932,0.0377055691957442,0.902525814027822,8,0.8898599163389246,9.600129051530535,385.29047751385446,0.16296515487168,수서동,1123075
14.43795739340624,0.0949612294652333,2024-01-01,31,False,9.0,18.9,8.0,5.66049644842018,0.9478495786942304,23,0.9470010942204145,24.57811993879596,942.872179465545,0.085463054674195,0.9038291532464964,8,0.9027544062463294,9.369611405413725,432.6749370174962,0.069954840767539,세곡동,1123076
14.93128274196963,0.0909807336453684,2024-01-01,31,False,9.0,18.9,8.0,6.073051833099852,0.930849861036662,23,0.9242931338147128,22.3957531880052,726.5043614871779,0.050088168063568,0.8734956148846177,8,0.8490763555119123,8.88442680344003,343.6827614408385,0.1030412539457929,압구정동,1123077
15.471543574501696,0.104833007686284,2024-01-01,31,False,9.0,18.9,8.0,6.126863633529399,0.9347037183297654,23,0.9276627938395028,22.319536865652392,753.8871812198427,0.0673012349245689,0.893325712385426,8,0.8733448340365391,9.020059315160475,368.6263410142592,0.0786545328295307,청담동,1123078
14.76904466824043,0.0865161949561947,2024-01-01,31,False,9.0,18.9,8.0,6.041890991471215,0.9556639633465326,23,0.9503531449893392,23.33105249195952,840.0536947672098,0.0452745312622815,0.9159610112701796,8,0.8981730378718651,8.838245603460699,374.4070331791459,0.0682080645258811,대치2동,1123079
14.18367545332493,0.0716831213722536,2024-01-01,31,False,9.0,18.9,8.0,5.818047230899657,0.962868094567358,23,0.9589851855028384,24.594157794393485,849.1108316346503,0.0227319654642368,0.9318486948662208,8,0.9178535967461544,9.233084721882976,390.126282004008,0.0773116248480074,개포2동,1123080
14.187181610931995,0.1063688464791135,2024-02-01,29,False,11.0,74.7,10.0,5.794395192294721,0.9223341112355156,21,0.9095479623909024,21.109447030320936,631.3156550617939,0.0958720641131271,0.8647010022797479,8,0.8390706991676896,8.948788609876733,339.2735037696249,0.0999843927509772,신사동,1123051
14.804086622641345,0.1048500799917427,2024-02-01,29,False,11.0,74.7,10.0,6.253832158633379,0.9205704331132069,21,0.9019722516020656,19.675607781080828,620.2755623027971,0.1232130876812716,0.8699224964670121,8,0.8419754512892074,8.434771253582985,361.5483895325209,0.108663879857563,논현1동,1123052
15.308848599967869,0.1063032852387325,2024-02-01,29,False,11.0,74.7,10.0,6.265395628384318,0.9198948204008732,21,0.9067709957569058,20.16769243808065,617.3886297179052,0.0886914771399482,0.8705865676296317,8,0.8467642861867907,8.657187537313597,348.3522428134983,0.0887078191721453,논현2동,1123053
14.256859854631736,0.1065073125369853,2024-02-01,29,False,11.0,74.7,10.0,5.754821426136285,0.935975917415554,21,0.923926443114099,21.761788127376214,715.7584278871096,0.0813889593372221,0.880815071388635,8,0.8569977226548118,8.995571507197978,366.34925490695286,0.1189872347620255,삼성1동,1123058
14.96829855932342,0.097603470708746,2024-02-01,29,False,11.0,74.7,10.0,6.189636061167291,0.9328913510235524,21,0.9175966597282548,20.762486572906877,668.0682267451336,0.1004038130408939,0.8838550800649043,8,0.8623477783423203,8.5714596076337,361.0696581355779,0.0788936707361162,삼성2동,1123059
15.090166540012108,0.0786234075345806,2024-02-01,29,False,11.0,74.7,10.0,6.298210435477015,0.9472977498422186,21,0.9351440641945414,22.596732862207627,783.9102034401851,0.049944397838344,0.9043528381354732,8,0.8859632401241645,8.553417498598906,348.5920934124006,0.0806914177575745,대치1동,1123060
14.736314441561898,0.1100709834815562,2024-02-01,29,False,11.0,74.7,10.0,6.211289274706757,0.9256602141954368,21,0.905821636843389,19.815294618571443,669.4564034622837,0.1087342198187097,0.8720703341537508,8,0.8472277655823854,8.273990516024867,365.5794277021523,0.0879868111055967,대치4동,1123063
14.973033068989327,0.1090054673536489,2024-02-01,29,False,11.0,74.7,10.0,6.310967287429551,0.9227478781938472,21,0.9088653627675924,19.79983413532192,645.1377430905119,0.1019215870908565,0.8749145151589405,8,0.8495787017442248,8.712898792926811,392.3107576214941,0.1159329632236036,역삼1동,1123064
14.72321223762987,0.0989094136219878,2024-02-01,29,False,11.0,74.7,10.0,6.122451872520015,0.9320235274323132,21,0.9198062281796384,20.476409797383443,667.1501372377156,0.0968587081616309,0.883651378976739,8,0.8659770614545507,8.29564699498119,347.5889208757439,0.0818708798056779,역삼2동,1123065
13.68377532044896,0.0883266776588546,2024-02-01,29,False,11.0,74.7,10.0,5.6657561267184695,0.9523184122556508,21,0.942487436629696,21.97975941586122,755.5611980922225,0.0464245208390915,0.9056690133049966,8,0.887909278076642,8.758979845380008,348.30416745516766,0.077432974657606,도곡1동,1123066
14.574578437356935,0.075479830936673,2024-02-01,29,False,11.0,74.7,10.0,6.072404852739203,0.9528841751869372,21,0.9431413093239736,22.54990589342195,759.251612544,0.0704989283875525,0.908088280177018,8,0.8859758889058446,8.808022809071703,348.09340317010583,0.067583424131036,도곡2동,1123067
16.076421554485965,0.0770275657399341,2024-02-01,29,False,11.0,74.7,10.0,6.311899758582469,0.9668863211916006,21,0.9622682619456128,23.252718965579515,781.7914161128947,0.0347807684546747,0.9252296503241676,8,0.9083395332594404,9.279145225648646,352.6872511268442,0.0681047507960647,개포1동,1123068
14.568718383864756,0.083287895310796,2024-02-01,29,False,11.0,74.7,10.0,5.733273935794088,0.957355612849885,21,0.9512385366012858,22.908473381589264,741.7048132505802,0.036123227917121,0.9195098071211774,8,0.901206988457731,9.210455586039958,370.7292421022517,0.0748585281028029,개포4동,1123071
13.465437036158628,0.0724922983408623,2024-02-01,29,False,11.0,74.7,10.0,5.429303410314943,0.959884082891109,21,0.9553175614914076,23.534877609229767,812.3916758567291,0.0507895064030834,0.923094482819958,8,0.9122903758165092,9.28181024764829,374.5905776213368,0.0770649426001906,일원본동,1123072
13.478017051860204,0.0922597304446403,2024-02-01,29,False,11.0,74.7,10.0,5.182072294250282,0.9569990135287486,21,0.944326381059752,22.47876090159353,699.5610737672623,0.0668849981105932,0.913863444193912,8,0.8880411499436304,9.371990955738635,374.88209427378064,0.0854736112860561,일원1동,1123073
12.930597077809711,0.0,2024-02-01,29,True,11.0,74.7,10.0,5.186932452563312,0.9348766871811848,21,0.9231156988729552,22.436878757297304,745.292057288398,0.0,0.88390763952631,8,0.8636599605760115,8.77724263876606,364.53736220571903,0.0,일원2동,1123074
12.12847162175228,0.1270673774287046,2024-02-01,29,False,11.0,74.7,10.0,4.689433816318355,0.9538972609362266,21,0.948938491926461,24.26991861342353,741.0236236231866,0.0422420774945898,0.9030947414948132,8,0.8897247123499592,10.000741992938352,369.6474823018192,0.1632860331092887,수서동,1123075
14.16161787393589,0.0931142697554092,2024-02-01,29,False,11.0,74.7,10.0,5.547445957159102,0.9478097052767448,21,0.9463643627646824,24.570877999843063,893.3890258607672,0.0797823083254938,0.9045735886167368,8,0.9005848366575493,9.57598316839891,418.2983390668824,0.0729381026575729,세곡동,1123076
14.688400708386792,0.0903816122102102,2024-02-01,29,False,11.0,74.7,10.0,5.94957569076748,0.9360125232665306,21,0.9276379276072068,22.292328692542156,659.3312825060829,0.0481997877535525,0.8800888194155809,8,0.8555496322532844,9.029842171104674,326.38032634329284,0.1089876879804664,압구정동,1123077
15.147764827247691,0.1032099933565518,2024-02-01,29,False,11.0,74.7,10.0,6.061764128418233,0.9370953652631842,21,0.9304839394015024,21.793247590993595,680.8214615615703,0.0643080748092525,0.8903012454139319,8,0.86781474363774,9.111587065750532,353.3780958698983,0.0855444607734584,청담동,1123078
14.633760403866374,0.0861547960413438,2024-02-01,29,False,11.0,74.7,10.0,5.956211219073439,0.9569859508215413,21,0.948703713087652,22.68041458282589,770.9505710006935,0.0516204487031067,0.9145999341246815,8,0.8919546600453526,8.770254488576375,356.5274452132545,0.0728326238861084,대치2동,1123079
13.907487323535037,0.0720512471860883,2024-02-01,29,False,11.0,74.7,10.0,5.703478923110399,0.9652885750268696,21,0.9608081287625528,24.22009153336835,803.207278821976,0.0274856849325416,0.9328918824468052,8,0.9153505561819608,9.295123841323369,370.1168390155247,0.076923658009639,개포2동,1123080
14.291661380090645,0.1074430376106353,2024-03-01,31,False,10.0,29.9,2.0,5.791282250838767,0.916885214809389,21,0.9075760449435264,20.505771396167464,623.9390609283922,0.081555617868467,0.8580609929170783,10,0.8451861637770353,8.411324145332205,336.6201582199386,0.1034166648691788,신사동,1123051
14.816699656079996,0.1057513091775995,2024-03-01,31,False,10.0,29.9,2.0,6.18994839053168,0.9127138765924008,21,0.896764318192552,19.18496756420594,610.175009966049,0.1207003785148709,0.8614612091729175,10,0.8455292546682524,7.975149765571537,359.95638692749515,0.0996759186923848,논현1동,1123052
15.243242752354613,0.1131050877479199,2024-03-01,31,False,10.0,29.9,2.0,6.159780557403453,0.9123630124995624,21,0.8997645390567558,19.532441155307392,603.1469495742401,0.0876049751011878,0.8634274010013655,10,0.8494012814677357,8.225121100268247,347.0379195993364,0.0991648604345833,논현2동,1123053
14.463042866001755,0.1092836970474967,2024-03-01,31,False,10.0,29.9,2.0,5.78626976642034,0.9243676037414088,21,0.9111144126918506,20.81416101384002,696.3566497740482,0.0836456996148909,0.8669629476512841,10,0.8466655470001551,8.303035872882468,358.1572969376809,0.1112913992297817,삼성1동,1123058
15.014524861274792,0.0963663066609385,2024-03-01,31,False,10.0,29.9,2.0,6.18946944923555,0.928177802405351,21,0.9148406708759004,20.10845028540293,649.9305233986339,0.0953032740206412,0.8824211158892071,10,0.8698624844885314,8.088825242890183,360.83400781112965,0.0824170005295181,삼성2동,1123059
15.087122813886712,0.0748714420221626,2024-03-01,31,False,10.0,29.9,2.0,6.267286075318573,0.9426360314183336,21,0.9314379108231886,21.662959857012044,755.9146408151489,0.0435829651625986,0.9036775349422176,10,0.8889584964761158,8.09313806108549,351.2018470046661,0.0912580575070616,대치1동,1123060
14.721048005876966,0.1086093450678808,2024-03-01,31,False,10.0,29.9,2.0,6.179039616293679,0.9158007367502076,21,0.8967224197772715,19.10909530618769,669.173034963856,0.1054647084409154,0.8699987223984837,10,0.854152204927283,7.775688125263874,372.0965063800138,0.0811516144257197,대치4동,1123063
15.052418724740598,0.110840005275573,2024-03-01,31,False,10.0,29.9,2.0,6.247477081051332,0.920136569415142,21,0.903610105381299,19.210096850248483,655.0144527533936,0.1041520273119009,0.8694434701905283,10,0.8552474814786837,8.194247413678344,397.5267671353615,0.1105221736225673,역삼1동,1123064
14.784850680006253,0.1075536900060543,2024-03-01,31,False,10.0,29.9,2.0,6.108906549945288,0.9154806940753478,21,0.9027344067531656,19.63657660002083,667.9384674876602,0.0980955488140396,0.8706055963732999,10,0.8547475379083945,7.735146216807104,357.09988358065925,0.1049631299678777,역삼2동,1123065
13.816238949792524,0.0895977340298815,2024-03-01,31,False,10.0,29.9,2.0,5.68119315709601,0.9473192966072014,21,0.9317699434356724,21.20085731857801,732.9289024911802,0.0457367685540371,0.9052531598552462,10,0.889049018879538,8.218025330271239,352.43944698964594,0.0800264488234025,도곡1동,1123066
14.595084089136652,0.0771987228839273,2024-03-01,31,False,10.0,29.9,2.0,6.009487846971492,0.9459060252447936,21,0.933621573611392,21.63149635266352,730.9994361546163,0.0678694352610841,0.8981434678374397,10,0.8845361196961382,8.329283240270625,350.8036063165491,0.072120827861057,도곡2동,1123067
16.31156588843771,0.0734505929018615,2024-03-01,31,False,10.0,29.9,2.0,6.3207732821390445,0.9605471389508118,21,0.955092168663286,22.7149327103369,766.9256872926306,0.0255888351762021,0.9245682060738486,10,0.9042285808109832,8.754642737368542,353.42251251697974,0.0726122300867976,개포1동,1123068
14.57510124348849,0.0835814051792386,2024-03-01,31,False,10.0,29.9,2.0,5.649065913291884,0.9478680053772478,21,0.9430683918669132,22.08211190973737,710.6141800007126,0.0383553105286348,0.910305515879684,10,0.9016226264493364,8.59436189979539,368.1028409391384,0.076603153109585,개포4동,1123071
13.360306429182456,0.0734484074131088,2024-03-01,31,False,10.0,29.9,2.0,5.394026399170365,0.9542478100253764,21,0.9479820692094107,22.56521132798532,774.6533277610941,0.0540723239922093,0.916327437646058,10,0.911379265850733,8.706711280761612,372.4257420248634,0.074418884821064,일원본동,1123072
13.286509381144858,0.0898945671720786,2024-03-01,31,False,10.0,29.9,2.0,5.146882988311122,0.9456255462093074,21,0.9276129287743063,21.05420994641881,669.8508062010026,0.076909428810287,0.9026675497050471,10,0.879438633384313,8.481206444678586,364.4442843700726,0.0912027040843943,일원1동,1123073
12.831368549435464,0.0,2024-03-01,31,True,10.0,29.9,2.0,5.160805252472139,0.9256773731796738,21,0.9065086250967676,21.598749058180204,717.6131661652888,0.0,0.8752954150417014,10,0.8610358879978968,8.247127459414086,359.6403776308714,0.0,일원2동,1123074
12.046421387443964,0.1264213961875976,2024-03-01,31,False,10.0,29.9,2.0,4.653656333290381,0.9445117361021628,21,0.93923405063377,22.90128677410368,697.8752592948277,0.0482734973267465,0.8943038704383149,10,0.8748011203721915,8.939504117816574,346.3178835772922,0.1504336893438147,수서동,1123075
14.230832028954309,0.0964015601750354,2024-03-01,31,False,10.0,29.9,2.0,5.528992272645282,0.9404592190018448,21,0.9388578876624172,23.835928949509512,847.8329733162773,0.0805145407961118,0.8995126762366388,10,0.8991847873522756,8.926821736291183,406.8322599028545,0.0692869154846491,세곡동,1123076
14.710341071230232,0.0861225361016016,2024-03-01,31,False,10.0,29.9,2.0,5.925927906837659,0.9304811052348284,21,0.918248421520296,21.26111589963115,636.9244755432798,0.0529517523335714,0.8682142460463249,10,0.8445925856309222,8.384553402730214,327.93226870226846,0.1089656757710842,압구정동,1123077
15.339585297517583,0.1008901934134362,2024-03-01,31,False,10.0,29.9,2.0,6.046012578616352,0.9315715433296108,21,0.9206265796743668,21.18267565127849,662.3289346312004,0.0696153419798248,0.8842316659809166,10,0.8671890123239091,8.594040713223709,352.0063017194128,0.085404587363784,청담동,1123078
14.615239057613628,0.0870067813099087,2024-03-01,31,False,10.0,29.9,2.0,5.930115975080654,0.9474169046118096,21,0.9355913400328798,21.821096791491115,746.2624803186407,0.0448424847635125,0.9072397127353186,10,0.8916654305880026,8.333921349899041,360.9844476262925,0.0779936478869209,대치2동,1123079
14.09349951951952,0.0735189544830062,2024-03-01,31,False,10.0,29.9,2.0,5.740881681681682,0.9586183183183185,21,0.9515246246246246,23.34023483811629,774.6861934679195,0.0345019227184546,0.92553993993994,10,0.9111837837837836,8.81269676526777,377.305819723674,0.0796184939971142,개포2동,1123080
14.376775568181818,0.1094076431073827,2024-04-01,30,False,4.0,33.2,0.0,5.784639075413223,0.9106869834710744,22,0.89515625,19.10571472528345,570.7189430965263,0.0979976215729759,0.8651543130165289,8,0.8494692665289256,9.273447693236545,360.267429704376,0.0941050007678105,신사동,1123051
14.838093457943923,0.1033938294557759,2024-04-01,30,False,4.0,33.2,0.0,6.153731096006797,0.9076584536958368,22,0.8860624468988955,17.769521877462996,556.5026843293504,0.1285414538555103,0.8712646559048428,8,0.8542094307561597,8.779414741508477,386.5091808719774,0.0994384296520393,논현1동,1123052
15.246013303575335,0.1122242954433932,2024-04-01,30,False,4.0,33.2,0.0,6.088563739004857,0.9115443525447464,22,0.8907124414686446,18.55521430937556,552.4994779319896,0.0916040793491544,0.8753017373419106,8,0.8582337753271192,9.313830538879046,378.0487023226168,0.0857922882423355,논현2동,1123053
14.5468600660066,0.1103833192923336,2024-04-01,30,False,4.0,33.2,0.0,5.733832343234323,0.921763696369637,22,0.9025102310231022,19.88475803310056,651.1384086775206,0.0815711878685762,0.878796699669967,8,0.8626046204620461,9.408235173057667,392.32191456376654,0.1027801179443976,삼성1동,1123058
15.06626029591214,0.0965650210161126,2024-04-01,30,False,4.0,33.2,0.0,6.1322334502745575,0.9241092129347164,22,0.902013422818792,19.14925760836913,616.6306613695549,0.0928676133670014,0.8949203020134228,8,0.877230399633923,9.177947984501706,392.65071302167536,0.0785520602534628,삼성2동,1123059
14.987968431475334,0.0753088177708162,2024-04-01,30,False,4.0,33.2,0.0,6.155737084279807,0.939346496592696,22,0.9224509289999416,20.87081837764236,703.9741709707808,0.050834786942437,0.9099324363678724,8,0.8933036286330013,9.27616085127792,385.4140992871548,0.0912569862233455,대치1동,1123060
14.951127621019934,0.1102153695988142,2024-04-01,30,False,4.0,33.2,0.0,6.201297954957288,0.9016836655449132,22,0.8746637328501166,17.815883387823394,644.63216617843,0.1111191446672752,0.8705229096557081,8,0.8497820346880663,8.550561182099601,412.0761909009269,0.086328594539391,대치4동,1123063
15.003826991801557,0.1113098664258282,2024-04-01,30,False,4.0,33.2,0.0,6.1586038995165024,0.902356001681732,22,0.8812373870086188,17.686687620813707,615.3466158382677,0.1172147543225305,0.8683216838343494,8,0.8552727559386167,9.074813158480064,432.7729773757491,0.1090541261073321,역삼1동,1123064
14.914603063624227,0.1011695140807374,2024-04-01,30,False,4.0,33.2,0.0,6.06861247060319,0.9176387211593464,22,0.8967952710862518,18.862094462849814,643.9079518444598,0.1036620026416401,0.8875061971651941,8,0.8699790249793429,8.869825719653932,397.768664141713,0.0926181570499806,역삼2동,1123065
13.874913327797382,0.0893382386840382,2024-04-01,30,False,4.0,33.2,0.0,5.572459518372431,0.9409585841810256,22,0.921863711853851,20.152490216702457,683.6891557030075,0.0554572026592164,0.9135904089682374,8,0.8961054598297695,9.278588864663304,382.3913185213157,0.079569029902354,도곡1동,1123066
14.668595866252822,0.0740189758339118,2024-04-01,30,False,4.0,33.2,0.0,5.921866534988713,0.93934960496614,22,0.9231729683972912,20.80240210810576,683.6024563074524,0.0794130935457921,0.9081027793453724,8,0.8908443848758465,9.469528134470936,382.6550270417727,0.0704706491674655,도곡2동,1123067
15.791808698727014,0.0718574283914419,2024-04-01,30,False,4.0,33.2,0.0,6.047482319660537,0.9601267090994814,22,0.9494418906176332,22.121460504080986,709.3679728593128,0.0350673894276759,0.9321186940122584,8,0.9118234323432344,10.14968213583676,389.823191524979,0.0743539092089811,개포1동,1123068
14.747301167315175,0.0833040982299474,2024-04-01,30,False,4.0,33.2,0.0,5.605304798962386,0.9453130998702984,22,0.9341105058365758,21.173640613997875,666.039767214404,0.0382147096865642,0.9216954604409856,8,0.9097800259403372,9.846043286831687,413.7534661305508,0.0734598415988943,개포4동,1123071
13.480829836390214,0.0740528242160451,2024-04-01,30,False,4.0,33.2,0.0,5.352099580366826,0.9529661935970578,22,0.9408279503984156,21.57351417957931,717.6776823918188,0.0468031786856596,0.9269395068131452,8,0.9156905087462868,9.930453145712038,410.8020251708471,0.0748310086721403,일원본동,1123072
13.30636914378029,0.0889855149470278,2024-04-01,30,False,4.0,33.2,0.0,5.074290522347873,0.9305257135164244,22,0.905255788906839,19.36922719292471,613.4981772140793,0.08777818120633,0.8961564351103931,8,0.8803843564889606,9.297308210586406,395.5129097277389,0.0841886510628374,일원1동,1123073
12.95013108481542,0.0,2024-04-01,30,True,4.0,33.2,0.0,5.107374760858783,0.9221653794373982,22,0.9018358959824276,20.70116704265697,665.1474817345911,0.0,0.8868015305037908,8,0.8711018210160845,9.366138966060296,397.82004009318473,0.0,일원2동,1123074
12.20324894514768,0.1228507061479757,2024-04-01,30,False,4.0,33.2,0.0,4.613439153439154,0.9404614560310762,22,0.926091353559708,20.493813871641063,626.4450061435679,0.0465753492409311,0.9006657290201594,8,0.8806195164423013,9.74841595378886,377.05897665366393,0.1517667918798546,수서동,1123075
14.298461013090495,0.0932728581463719,2024-04-01,30,False,4.0,33.2,0.0,5.466369664200341,0.9416007398975528,22,0.9369843483210016,22.72812526652532,766.1005884838042,0.0791941652429558,0.9098722253841776,8,0.90714968696642,10.222774742743152,442.2376286654679,0.0720949795766158,세곡동,1123076
14.81363858158415,0.0820539106804331,2024-04-01,30,False,4.0,33.2,0.0,5.893683590628024,0.9181445337147184,22,0.90495940773146,20.12250951915169,594.6949414556375,0.0570146533557893,0.8749657174105078,8,0.8483582215117991,9.387965694192848,361.2870892581424,0.1045424589323634,압구정동,1123077
15.38753626534303,0.1019493051519913,2024-04-01,30,False,4.0,33.2,0.0,5.991766901381354,0.9284097118011468,22,0.9077709800300128,20.19194837710188,620.9206987477991,0.0749517516483358,0.893718881065066,8,0.8722097810612183,9.748397553522086,383.5243884645485,0.0869259522323382,청담동,1123078
14.568213911650544,0.0841864784335173,2024-04-01,30,False,4.0,33.2,0.0,5.837014971351118,0.9487280512599348,22,0.9318603290000615,20.923522760370044,700.4490834296141,0.0527155366410865,0.918185570821268,8,0.900645369971043,9.441076892210798,396.5544839491394,0.0716129142525081,대치2동,1123079
14.077631934253008,0.0717932473099436,2024-04-01,30,False,4.0,33.2,0.0,5.649856178456119,0.9577287936601117,22,0.9470777810390372,22.320042862633013,712.8130169207245,0.0304406873333984,0.9338253595538596,8,0.9191285588494276,10.102751561113584,415.607029693074,0.0811515766274293,개포2동,1123080
14.607707075895725,0.1109874622494737,2024-05-01,31,False,8.0,125.1,0.0,5.889366893540516,0.913785154745088,23,0.8976345190702453,20.37820122420385,638.7859765046037,0.0955651139379518,0.8575574675741621,8,0.8277366123025555,9.1368856359879,365.56610455839154,0.0997346023611238,신사동,1123051
15.071247728137283,0.1061255132207742,2024-05-01,31,False,8.0,125.1,0.0,6.223839976330361,0.903857728559956,23,0.8824324781267171,18.955806867352184,602.6454045964382,0.1285265321549318,0.8580662749904899,8,0.8285003592713133,8.697682699218115,374.7742907197361,0.0949772966144255,논현1동,1123052
15.666479359804091,0.1116637968491012,2024-05-01,31,False,8.0,125.1,0.0,6.2277282665733775,0.9072686723806191,23,0.890788437991954,19.83338096495854,605.6767394302068,0.084448270867865,0.8696571628476474,8,0.8420745146055624,9.123306901080689,368.4516260484738,0.0832139811074813,논현2동,1123053
14.970665590703678,0.1096748057304901,2024-05-01,31,False,8.0,125.1,0.0,5.816578437701742,0.9215196901226598,23,0.9058218205293738,21.71014167380068,732.7500074476986,0.0802700043667892,0.8717998708844416,8,0.8487908327953518,9.523691501446216,398.3857772458751,0.1007307795507994,삼성1동,1123058
15.18542363775902,0.0964018205196236,2024-05-01,31,False,8.0,125.1,0.0,6.228696853415196,0.9190863392171912,23,0.8937613200306983,20.758153272106547,675.5142160417871,0.0990734126579178,0.8824059861857253,8,0.8544846508058328,9.07913381748603,380.59957497057417,0.068030695756883,삼성2동,1123059
15.179081348053458,0.0755633565590482,2024-05-01,31,False,8.0,125.1,0.0,6.238708309122603,0.9361452643811738,23,0.919938988959907,22.934034700385943,797.0429395060052,0.0659539386202861,0.8940133643230681,8,0.8632376525276002,9.195610981953038,379.1353890128914,0.092477350495541,대치1동,1123060
15.093254682810722,0.1082606732853534,2024-05-01,31,False,8.0,125.1,0.0,6.319389941012108,0.8947469729897548,23,0.8689801303942875,19.16952880195791,683.1514117439,0.1197239850911655,0.8509210390147988,8,0.821119217634275,8.382413222336407,387.82420707734286,0.0677986337299322,대치4동,1123063
15.44598358560033,0.1130993250735213,2024-05-01,31,False,8.0,125.1,0.0,6.330860349764778,0.8936490079770915,23,0.8707424831253834,18.827880517503804,658.585079224277,0.1176433525423236,0.8533102372673348,8,0.8246949785232154,8.890400000958811,416.8351222071791,0.0922273866241451,역삼1동,1123064
15.04772107518504,0.1025990068693287,2024-05-01,31,False,8.0,125.1,0.0,6.140139592260745,0.9196211530970004,23,0.8978184651343982,20.497844483251736,695.3129131484935,0.1202359997620405,0.879677314634463,8,0.8486673808596286,8.788093833471477,382.327012563905,0.0720107221718697,역삼2동,1123065
13.95175294482331,0.0929552252867607,2024-05-01,31,False,8.0,125.1,0.0,5.6078693945029965,0.9329980367844596,23,0.9153854102087208,21.844663768037293,767.0057247237304,0.0591798761099465,0.8956209960735689,8,0.8665896879520562,9.164456760754147,375.3553748932109,0.0734107449890477,도곡1동,1123066
14.832114425220253,0.0756853070175438,2024-05-01,31,False,8.0,125.1,0.0,5.954777978275485,0.937165905954782,23,0.9209889254502353,22.5289979733546,764.2195244240183,0.0776918859649122,0.8980610692424725,8,0.8679598768708205,9.360543170527029,374.4423938502679,0.0725493421052631,도곡2동,1123067
15.541047283644131,0.0751206918600933,2024-05-01,31,False,8.0,125.1,0.0,6.007896772703655,0.9588135788926736,23,0.9478061312857226,24.03128778915208,797.4181402331128,0.0487363322463073,0.9244552854915998,8,0.9041735465619768,10.00964566410346,379.00953817685627,0.063075484366008,개포1동,1123068
14.8511179007908,0.0860520721683114,2024-05-01,31,False,8.0,125.1,0.0,5.66443771182089,0.9391434733490808,23,0.9246256547191126,23.182128074545844,776.0949596138211,0.0358547313404478,0.9171541542569578,8,0.8972845845743043,9.943105601920648,418.4375672152237,0.0735986291892357,개포4동,1123071
13.580502982200723,0.0741652298661472,2024-05-01,31,False,8.0,125.1,0.0,5.437481801531019,0.9522815009627578,23,0.9395477386934674,23.21909850258397,814.516078905157,0.0475526132220745,0.921004555487719,8,0.9046813506786268,9.747097754060867,396.6966583071092,0.0743692336040221,일원본동,1123072
13.34718865020411,0.091082483051942,2024-05-01,31,False,8.0,125.1,0.0,5.151418724486382,0.9270267014655692,23,0.8985029779830022,20.55396067586064,685.9633732300636,0.0830627551219629,0.8848731847687881,8,0.8567590176002141,9.022019011303325,391.7933166205171,0.0858831762928432,일원1동,1123073
13.415364922671932,0.0,2024-05-01,31,True,8.0,125.1,0.0,5.288783152352748,0.930419874958868,23,0.9083540638367884,22.511475774399425,758.360903260583,0.0,0.8897058242843041,8,0.8666758802237577,9.239365045550436,388.7635317036648,0.0,일원2동,1123074
12.411131255017391,0.1186721617683143,2024-05-01,31,False,8.0,125.1,0.0,4.675024083489431,0.9496427615734546,23,0.9366784854161092,21.63761499965481,689.0019890197242,0.0412808661295088,0.8946788868075997,8,0.8735516457051111,9.609490991994711,373.4484075249754,0.1561997666417951,수서동,1123075
14.572549276518174,0.0956210886939281,2024-05-01,31,False,8.0,125.1,0.0,5.564294747635866,0.9435328130340662,23,0.9375082602255896,24.44153204399625,839.0237125858752,0.0769904420947173,0.906901276062436,8,0.898677224564202,10.145435583296088,429.33766328291296,0.0752179296985152,세곡동,1123076
15.088317678631332,0.0846735445776136,2024-05-01,31,False,8.0,125.1,0.0,5.994056943978531,0.9173561724253606,23,0.9044930392485744,21.68002672656489,675.0363148442191,0.0588343535704209,0.8688653136531366,8,0.8405660852063066,9.291303739738522,361.0080788663173,0.1023835518971503,압구정동,1123077
15.775748509857864,0.0999092399578405,2024-05-01,31,False,8.0,125.1,0.0,6.131823322634878,0.9253071985327832,23,0.9070682408681032,22.00526139337676,703.8107436881286,0.0658961822227427,0.8859831117224516,8,0.859406999847165,9.730258914651788,383.8884372365777,0.0826404340867392,청담동,1123078
14.724924330975083,0.087552218749087,2024-05-01,31,False,8.0,125.1,0.0,5.894845585973546,0.9415315287603816,23,0.924342663795755,22.71214099098996,777.9972726068689,0.058712862609915,0.9034441710243004,8,0.875770839741618,9.228724359461058,379.4069989227752,0.0746224182758318,대치2동,1123079
14.16318546297143,0.0730810771889401,2024-05-01,31,False,8.0,125.1,0.0,5.6783828775267535,0.9569614927284368,23,0.9450507637427972,24.190487581314528,780.5780085279991,0.0263284850230414,0.926566053843105,8,0.9046568492941858,9.976792882893436,396.6983496439722,0.084857430875576,개포2동,1123080
14.29596971461852,0.110653012368666,2024-06-01,30,False,7.0,115.9,0.0,5.834299488772406,0.9175241053517116,20,0.906913220733838,21.17891566808901,727.4628513335803,0.0910162722903778,0.8647304730473048,10,0.8503850385038504,9.300250136948575,398.0500773609315,0.0996071214185325,신사동,1123051
14.82831887701655,0.1064629411617363,2024-06-01,30,False,7.0,115.9,0.0,6.223990781479153,0.9109800963754452,20,0.8938143725120469,19.596064136401395,672.5332827337645,0.1256458682964707,0.8592323486276975,10,0.8337477477477477,8.751515592341205,399.081112130787,0.1030684066828645,논현1동,1123052
15.29673377284191,0.1093420870920684,2024-06-01,30,False,7.0,115.9,0.0,6.230383168886333,0.9143272421574268,20,0.9002977744347594,20.440176368311004,675.1847474865625,0.0857332886756183,0.8753028627051901,10,0.8567873102960046,9.165587775594052,396.9161792065274,0.0903032967870255,논현2동,1123053
14.703860962566846,0.1102379979790596,2024-06-01,30,False,7.0,115.9,0.0,5.788448529411765,0.9281029411764704,20,0.9148208556149732,22.433064139517533,816.1993628029802,0.0801227613785393,0.8779685828877005,10,0.8610521390374332,9.650912755121851,428.78086208422417,0.0995743125577795,삼성1동,1123058
14.90928220597904,0.0979500743924615,2024-06-01,30,False,7.0,115.9,0.0,6.210553041729513,0.9252736202962448,20,0.9157570483814828,21.41439692285829,739.2598636455588,0.0834485845271744,0.8898615461963879,10,0.8717600649727346,9.189253410056434,413.0058820288274,0.0787572225201504,삼성2동,1123059
14.948114887673146,0.0793326403692676,2024-06-01,30,False,7.0,115.9,0.0,6.228103829589105,0.9408118961704108,20,0.9297817483412876,23.514456075862523,888.1315053103156,0.0624900900266027,0.904322546851356,10,0.8818193458270283,9.303151768527238,428.07178544321255,0.0856750233434929,대치1동,1123060
14.892905373771004,0.1084435259681998,2024-06-01,30,False,7.0,115.9,0.0,6.314265203142069,0.905777454091453,20,0.8864646517192947,19.90450437520388,728.8235505158002,0.117434215364702,0.8599703480206002,10,0.8391765073089528,8.562442126135958,411.56242116506286,0.0817215055819494,대치4동,1123063
15.013401615994198,0.1127925354226746,2024-06-01,30,False,7.0,115.9,0.0,6.249821049360335,0.8991971823690889,20,0.8796941523799657,19.28948674600249,704.5616598726291,0.1285415389571272,0.8543300357383332,10,0.8304340394675507,8.888876386442796,433.4353967332764,0.1042761524853225,역삼1동,1123064
14.886561053984575,0.1012715198114536,2024-06-01,30,False,7.0,115.9,0.0,6.154376606683804,0.9268997429305912,20,0.9101992287917738,21.282731408293667,761.8730370374293,0.1044065152936245,0.8878994215938304,10,0.8668746786632391,8.950284071436043,411.93531535218335,0.0788575904682395,역삼2동,1123065
13.8290068994355,0.0908601697691177,2024-06-01,30,False,7.0,115.9,0.0,5.66492943759147,0.9391307756638092,20,0.9268424628894,22.32717066695608,841.1869338017804,0.0527182712375176,0.9025104536901528,10,0.8820374242107464,9.209017891529596,411.0996197009329,0.0779637064697569,도곡1동,1123066
14.565942351127523,0.0725216680934875,2024-06-01,30,False,7.0,115.9,0.0,5.93445918330764,0.9410945398487076,20,0.926863370738178,23.10173477663767,860.9783277182532,0.0729021536602152,0.9010819918976088,10,0.8818965331803678,9.512864866069226,420.7373260459682,0.0717942692159199,도곡2동,1123067
14.813628302890583,0.0783149245793477,2024-06-01,30,False,7.0,115.9,0.0,5.922093751847254,0.9596281846663122,20,0.953186735236744,24.461153915571177,879.739550060589,0.0591765005125675,0.9288526334456464,10,0.9142076018206536,9.971682232998583,415.0047492798557,0.072002250672504,개포1동,1123068
14.59648630560132,0.0851760967428722,2024-06-01,30,False,7.0,115.9,0.0,5.679016680395387,0.9406461079077432,20,0.9332444398682044,23.9656413540283,895.3669798878379,0.0351522641009797,0.9174263797364086,10,0.9083329901153212,10.053769015756934,461.5692468030647,0.0727654691499691,개포4동,1123071
13.236662255411664,0.074089659797746,2024-06-01,30,False,7.0,115.9,0.0,5.392245958975328,0.9508791001039796,20,0.944453634559032,23.74820066405881,897.9262632270332,0.0505832226503425,0.9206451460440496,10,0.9143283864259382,9.738066087547573,437.45137571490005,0.0733992609444656,일원본동,1123072
13.205237330119838,0.0905279443504551,2024-06-01,30,False,7.0,115.9,0.0,5.14592555399344,0.9376019280980116,20,0.9127950726384148,21.22003600867121,757.0086669913351,0.0808170279103962,0.8944841668340363,10,0.8776990024770704,9.160991781248432,422.4676242144469,0.0867162103510279,일원1동,1123073
13.093909547738694,0.0,2024-06-01,30,True,7.0,115.9,0.0,5.243384254606365,0.9338244556113902,20,0.9198036850921272,23.02056247502212,816.8653498197489,0.0,0.8968033500837521,10,0.8805400335008375,9.316869147741578,418.3648319593733,0.0,일원2동,1123074
12.258841077441076,0.1211045891814376,2024-06-01,30,False,7.0,115.9,0.0,4.668344781144781,0.9554909090909092,20,0.9511515151515152,22.85561784306761,761.6963755292186,0.0291042161797061,0.901882154882155,10,0.8786074074074074,9.817037687738695,405.0299501890043,0.1594960444174494,수서동,1123075
14.312214411747965,0.0926609924522241,2024-06-01,30,False,7.0,115.9,0.0,5.514230747339062,0.946851272127042,20,0.9427229779725652,24.88185998931184,916.982707285044,0.0840616047700699,0.9101172519779156,10,0.9057587227502988,10.179296097211669,466.3126848873032,0.0757385026359368,세곡동,1123076
14.705564546879632,0.087819750148721,2024-06-01,30,False,7.0,115.9,0.0,5.9455484472312845,0.9237202897936704,20,0.918251493454222,22.349662801220223,757.6547719771943,0.0577905016855046,0.8738283269075965,10,0.8530076685167141,9.409742908716956,393.7902431663781,0.1026464075616366,압구정동,1123077
15.36700027143356,0.1006771348047289,2024-06-01,30,False,7.0,115.9,0.0,6.089136065764474,0.9266443057117376,20,0.915136686184032,22.60418950648255,787.6218985053681,0.0658223832705001,0.8864767924308813,10,0.8717348481910892,9.829111456672509,420.73833286256905,0.0814977489842978,청담동,1123078
14.41760493979243,0.0897134178858772,2024-06-01,30,False,7.0,115.9,0.0,5.860095161836715,0.9473274614271197,20,0.9368146961904468,23.26632963781348,855.5690560502524,0.0492591991467458,0.9107474361738166,10,0.8939262726740785,9.340906377735276,414.0542094066561,0.0768102668737972,대치2동,1123079
13.821842646969788,0.0711887195992782,2024-06-01,30,False,7.0,115.9,0.0,5.654645516740328,0.9594496579281953,20,0.9546712478052916,25.06084894331691,872.9179396644089,0.026037856779596,0.9328761276260824,10,0.9221816915904824,10.180002226070794,439.45298105428327,0.083624190997694,개포2동,1123080
14.306630392537894,0.1128798261985302,2024-07-01,31,False,22.0,557.3,0.0,5.870158699313382,0.9433579479207151,23,0.941226842855292,32.792275418922294,1097.70491241967,0.0835216668610754,0.9069963725871226,8,0.9024472081875892,14.428450723135848,578.3298333976936,0.097861746179867,신사동,1123051
14.782496243739566,0.1068695798332779,2024-07-01,31,False,22.0,557.3,0.0,6.2495838898163605,0.9439528380634392,23,0.9336352253756262,29.547683214168387,997.7705672443774,0.1121841946237548,0.9032967445742904,8,0.8874565943238731,13.17991450811556,590.5714726860068,0.1064253612777486,논현1동,1123052
15.26775956764357,0.1114008864901632,2024-07-01,31,False,22.0,557.3,0.0,6.225153126235775,0.9377191440748714,23,0.9304885979173072,31.02753886667088,1037.8608089959907,0.0880164901791574,0.9043174128916034,8,0.8929522386748099,13.816486534417548,594.439841458074,0.0879036526001115,논현2동,1123053
14.60386917808219,0.1081762108745905,2024-07-01,31,False,22.0,557.3,0.0,5.797271917808219,0.952708904109589,23,0.9487554794520549,34.01790290843342,1212.916482111028,0.0857773590280136,0.9179780821917808,8,0.9077212328767122,14.543654189373909,635.5050171775929,0.1061658468179278,삼성1동,1123058
14.815094070475752,0.0964053404990526,2024-07-01,31,False,22.0,557.3,0.0,6.210417919654561,0.947562263859974,23,0.9449340735600278,32.23821834438866,1120.977514828823,0.0742142716349344,0.9207918883491404,8,0.9119681548307504,13.815316934285176,622.2062524207735,0.0792365773499442,삼성2동,1123059
14.89620181006112,0.0760412548963237,2024-07-01,31,False,22.0,557.3,0.0,6.241188881053127,0.961879407616361,23,0.959417606958157,35.71556778315841,1343.248677727107,0.0545513350343191,0.9382322519981194,8,0.9271103667136812,14.217703169942173,635.9906172210316,0.0839472454810076,대치1동,1123060
14.79476388383812,0.1078430832152838,2024-07-01,31,False,22.0,557.3,0.0,6.319232167904826,0.9414457893916568,23,0.9319180217154136,29.759442491925515,1085.9590294277837,0.1116776264416283,0.9014473479141774,8,0.8901444230869135,12.83828458571827,607.6590709036038,0.0765291779893176,대치4동,1123063
14.95937024026257,0.113478959959214,2024-07-01,31,False,22.0,557.3,0.0,6.261426703248802,0.9376366060668222,23,0.92631221313367,29.16133538838003,1042.17147901537,0.1191832359438932,0.8967886356060412,8,0.8825700658991258,13.383211747287833,637.8343381731495,0.1047345647541733,역삼1동,1123064
14.808112443075274,0.097338459577722,2024-07-01,31,False,22.0,557.3,0.0,6.1876027993570855,0.9502143048486472,23,0.9435202919903564,32.12618952539363,1144.5586140150456,0.1019177393545463,0.9202464505759442,8,0.909379185641575,13.50391265777462,613.0155558939086,0.0729056034665873,역삼2동,1123065
13.643969561794805,0.091442122756895,2024-07-01,31,False,22.0,557.3,0.0,5.618742587247442,0.9573424298084494,23,0.9536929939648388,33.72007609296267,1267.0421368740442,0.0548662073086475,0.9300440829178692,8,0.9234877984780896,13.934892949380968,613.5568222703113,0.075107837095961,도곡1동,1123066
14.435555676027324,0.0762292614491568,2024-07-01,31,False,22.0,557.3,0.0,5.932548339296686,0.9579308973941956,23,0.9550749936752324,35.19132504483118,1298.0637948200197,0.0760418264124366,0.9344020383823052,8,0.9214377100726444,14.387489766561966,630.7180769131204,0.0732814195080114,도곡2동,1123067
14.472910684867028,0.0774890629613014,2024-07-01,31,False,22.0,557.3,0.0,5.880566603906802,0.9724488114850552,23,0.9712667686514476,37.73421534341659,1368.358130478899,0.038514479834056,0.95500823723229,8,0.9490809602259354,15.34991089449287,640.2149127247751,0.064797880457496,개포1동,1123068
14.434130760875188,0.087017775459291,2024-07-01,31,False,22.0,557.3,0.0,5.660211038121347,0.964368696012,23,0.9623690063621786,35.90787668940482,1328.5328587330184,0.0404019972107185,0.942449697408576,8,0.9373609889825688,15.026226500215696,688.1523078633705,0.0697249399381815,개포4동,1123071
13.106511993146777,0.0710783003741314,2024-07-01,31,False,22.0,557.3,0.0,5.375207500475918,0.9672082619455548,23,0.9649814391776128,36.09433497449685,1355.149790088769,0.0533671833244254,0.943483723586522,8,0.9425409289929564,14.671830852562085,656.6718789760192,0.0689003206841261,일원본동,1123072
13.155120724346077,0.0934988390784068,2024-07-01,31,False,22.0,557.3,0.0,5.171682763246143,0.9539852448021462,23,0.946280348759222,31.88032337077261,1115.1853948674045,0.0871465142584985,0.9244788732394366,8,0.9110509725016768,13.654747888490842,624.7527641442692,0.0832410549502887,일원1동,1123073
13.06984472877516,0.0,2024-07-01,31,True,22.0,557.3,0.0,5.27114087698254,0.959156337465014,23,0.9508509929361588,35.00555281350092,1229.8473058078405,0.0,0.9316000266560044,8,0.9208789817406372,14.140082341470672,623.4759066873826,0.0,일원2동,1123074
12.121629843529648,0.1198524476855422,2024-07-01,31,False,22.0,557.3,0.0,4.6825619501712445,0.9728581022093884,23,0.9704015848499092,34.83084039089296,1199.1756568294668,0.0357786815454427,0.9390181989120946,8,0.9286374320059096,14.621369964213482,608.5310058691064,0.1587589778521271,수서동,1123075
14.217382784563892,0.0898860878652054,2024-07-01,31,False,22.0,557.3,0.0,5.537580742054525,0.9617490059215608,23,0.964026661326773,37.86915257231886,1453.5408707641775,0.0950436562427131,0.9348465257316132,8,0.9350118717281232,15.363865651879486,709.6331988015373,0.0715271480512302,세곡동,1123076
14.55936142058309,0.0851607177245819,2024-07-01,31,False,22.0,557.3,0.0,5.915333162590174,0.9442754087164384,23,0.942431809450634,33.845875585515294,1149.3705198939233,0.056420754732779,0.9113147223289368,8,0.8986652153498101,14.166077856161564,579.5052329474664,0.1002612343322197,압구정동,1123077
15.223268169635816,0.1006143122148586,2024-07-01,31,False,22.0,557.3,0.0,6.082762099952704,0.9497237111776762,23,0.9431227337222134,34.10302988538947,1183.2307540167938,0.0623624466768599,0.9159116348730884,8,0.9062395554154186,14.815574238623734,628.6107360291844,0.0807621720024799,청담동,1123078
14.365683262385094,0.0896903257340362,2024-07-01,31,False,22.0,557.3,0.0,5.8791726818434205,0.96456166327349,23,0.962034980566352,35.453127045945585,1303.6947583483636,0.052328084814207,0.9429048676661116,8,0.9319458325621568,14.212085452033543,627.03928749741,0.0738051181789617,대치2동,1123079
13.66343548337768,0.0719239179970536,2024-07-01,31,False,22.0,557.3,0.0,5.6443796066917455,0.9741346300883872,23,0.9733553537021744,38.8272523396234,1359.2474227356422,0.027435588543893,0.9603082851637764,8,0.9549178823745296,15.81810065224592,675.638481344652,0.0790636713381826,개포2동,1123080
14.349207218820498,0.1145190417824065,2024-08-01,31,False,11.0,72.8,0.0,5.858650338382211,0.9272504028359652,22,0.9216699967773122,22.48942317998595,763.2461453484021,0.0789956556740957,0.8734173380599419,9,0.8535456010312601,9.430665334914512,386.8660680099919,0.0992558800704955,신사동,1123051
14.57711639989944,0.1055744270607667,2024-08-01,31,False,11.0,72.8,0.0,6.121831056733428,0.9297942679963128,22,0.9110801977708874,20.34788677301562,695.5890558337442,0.1075297138244303,0.868805413559038,9,0.8388711975194838,8.636821891197021,397.65400924552335,0.0992461339105031,논현1동,1123052
15.171262632669457,0.1131843648127719,2024-08-01,31,False,11.0,72.8,0.0,6.128355110152648,0.9204038225717788,22,0.9053249608862952,21.26493310172498,732.9835224378481,0.0793689651325656,0.8700824559177978,9,0.8447773690219459,8.95349144998829,402.0880242154676,0.0912186868624267,논현2동,1123053
14.269459712470743,0.1117522292210949,2024-08-01,31,False,11.0,72.8,0.0,5.682366432631227,0.9342768304914744,22,0.9267897024406552,23.00806501666534,838.7760721897471,0.0866524552152286,0.8812825142092946,9,0.8605857572718154,9.30973257114415,417.3901027811837,0.1000518237138903,삼성1동,1123058
14.661741305016928,0.0989472325787256,2024-08-01,31,False,11.0,72.8,0.0,6.12153624192059,0.9316616651277316,22,0.9240989535241612,21.791710056471512,778.8456137137072,0.0742058875125773,0.8852385349338258,9,0.8661049553708833,8.87884221560842,414.06407464973927,0.0817512920144133,삼성2동,1123059
14.731411371622787,0.0841409613578781,2024-08-01,31,False,11.0,72.8,0.0,6.127922691399275,0.9483472550262112,22,0.9447260786911688,23.991404488785328,916.088486344096,0.0515051115323966,0.9029702171784088,9,0.8787764272135492,9.019913427149298,410.48804212871073,0.0870112152513243,대치1동,1123060
14.503671530193674,0.1124383591834485,2024-08-01,31,False,11.0,72.8,0.0,6.203888571576925,0.9195524170517682,22,0.9010820914896932,20.360868842202503,764.5971020471432,0.1092683912320817,0.8581956487875797,9,0.83449088737733,8.310293822781839,406.3657786162552,0.0816275930466404,대치4동,1123063
14.776276177341916,0.1153089388182896,2024-08-01,31,False,11.0,72.8,0.0,6.137972979875371,0.9158369087751556,22,0.8977142711206456,20.111620888827293,737.8691065463472,0.1120495797457387,0.8570760547553375,9,0.8332344979058127,8.721998872456135,427.5254651195223,0.1077582638550095,역삼1동,1123064
14.675807318448728,0.0983231466773267,2024-08-01,31,False,11.0,72.8,0.0,6.105932720698006,0.9337332050559004,22,0.919495073483064,21.68622098650158,794.9734955625454,0.1032990037766019,0.881793451215871,9,0.858059250904024,8.617211411630592,402.1942516145695,0.0747150015604344,역삼2동,1123065
13.444203101498884,0.0890377599500087,2024-08-01,31,False,11.0,72.8,0.0,5.519264042321456,0.9446719568487112,22,0.9368580467818058,22.854145151425644,879.1390354060884,0.0628566702505996,0.8974181837041647,9,0.8769296198329963,8.947537808210312,407.7952328945687,0.0775416057857543,도곡1동,1123066
14.15227923324999,0.0765871797495991,2024-08-01,31,False,11.0,72.8,0.0,5.804676957640322,0.946662680726166,22,0.9397767873319564,23.581162416914037,886.3008476261057,0.0774400436666325,0.8983041634960321,9,0.8759742000942132,9.228612186119683,414.9678412741486,0.0734827550915975,도곡2동,1123067
14.24643630647415,0.0767132978844793,2024-08-01,31,False,11.0,72.8,0.0,5.825993828598043,0.9646343735444806,22,0.9613227759664648,25.545735736841348,943.305462030514,0.0330260085046821,0.9294608756404286,9,0.9131782720074524,9.850533949871023,423.9614302937567,0.0678853161109716,개포1동,1123068
14.112768418405835,0.0890003862151936,2024-08-01,31,False,11.0,72.8,0.0,5.561139552426453,0.9528589388986672,22,0.9480502891626856,24.297147274588863,893.7795983817083,0.0419060574264396,0.9142957002765902,9,0.9053316570279104,9.590162765383424,444.06962113081954,0.081170129501714,개포4동,1123071
12.904452310160933,0.0676527339659793,2024-08-01,31,False,11.0,72.8,0.0,5.251888243900137,0.9569592713200248,22,0.9509943838784276,24.15370072806592,930.753495038862,0.0591047685529703,0.9128816838925856,9,0.9076615224880836,9.282679065607544,422.39964392973536,0.0752787308444573,일원본동,1123072
12.911426845637584,0.0921587476783033,2024-08-01,31,False,11.0,72.8,0.0,5.05528389261745,0.926193288590604,22,0.9164476510067114,21.82480998936254,775.1699227539661,0.0924762192987141,0.8774134228187919,9,0.8601174496644295,8.817170290037986,412.6556406218911,0.0844504180537506,일원1동,1123073
12.977369054786273,0.0,2024-08-01,31,True,11.0,72.8,0.0,5.206063281824871,0.9447340959261488,22,0.9313853769482908,23.69933446766689,849.5721023709932,0.0,0.8934805003679176,9,0.8747401163957456,9.128345654296291,413.2687151598021,0.0,일원2동,1123074
11.849248713321302,0.1202312109962078,2024-08-01,31,False,11.0,72.8,0.0,4.5649909765390015,0.9550350912372166,22,0.9487734777087092,23.74457011620713,839.4235249954208,0.0437738252829174,0.8975182140231268,9,0.8759969253392152,9.42020044281366,404.9855191484069,0.1617755372196952,수서동,1123075
13.937248238235965,0.0943147129994613,2024-08-01,31,False,11.0,72.8,0.0,5.406773130256877,0.9469208911116164,22,0.9497326096840192,25.60062258057546,1016.888595290248,0.0997785397303144,0.901130086383269,9,0.9014307228915664,9.808272924584791,465.80318629139913,0.0726098964523603,세곡동,1123076
14.260734084936848,0.0904115586690017,2024-08-01,31,False,11.0,72.8,0.0,5.779853352547257,0.9284411291006188,22,0.9207942697295924,22.80614879090499,794.4207353159138,0.0541915870865413,0.8692790539967788,9,0.8432474357887599,9.09090029776053,385.1837577140249,0.1012622674553084,압구정동,1123077
14.917483390050236,0.1028558050077285,2024-08-01,31,False,11.0,72.8,0.0,5.939843623399773,0.9310148274185708,22,0.9228775725166098,23.15179983003476,813.2969894615131,0.0628634580817972,0.8835934208394103,9,0.8667067736185383,9.502625454938924,414.108561138536,0.083446199392789,청담동,1123078
14.0811837804502,0.0889525884308892,2024-08-01,31,False,11.0,72.8,0.0,5.746567992599445,0.9544064138143694,22,0.9469383287079864,23.68353950386735,893.5694385332608,0.055443444361635,0.9101510946654332,9,0.8870259019426457,9.013202376999748,408.4695275678964,0.0748208450381241,대치2동,1123079
13.38939814675078,0.0720100885886775,2024-08-01,31,False,11.0,72.8,0.0,5.549060396607406,0.9655277534635236,22,0.9610286438682804,26.076405518789333,921.803097239182,0.0310565497444758,0.9329347137122332,9,0.9197211071202196,10.042589286118696,430.90486917517086,0.0839728694997857,개포2동,1123080
14.084031773012551,0.1109276772535942,2024-09-01,30,False,11.0,143.9,0.0,5.875349764644351,0.9283165533472802,21,0.9240664225941422,22.709039820332084,796.9133278031375,0.0918675631844603,0.8600313807531381,9,0.8378170763598326,8.749020466680449,382.39012214354,0.0933726926511051,신사동,1123051
14.40297686397028,0.1054012652266385,2024-09-01,30,False,11.0,143.9,0.0,6.144339694334207,0.9307097019336316,21,0.9136152157392552,20.77725786002044,742.617790372317,0.1146116230217597,0.8591142447015114,9,0.8304137465169299,8.113303521847287,402.2306242659837,0.1055948914936552,논현1동,1123052
14.952524690249591,0.1075596543937415,2024-09-01,30,False,11.0,143.9,0.0,6.166708565272042,0.9226858502424132,21,0.9132276889926378,21.72005208295323,762.685792830577,0.0857260497822268,0.8663139701921351,9,0.8438557191596339,8.419600259301347,396.3919548583791,0.0878314043631825,논현2동,1123053
14.257757502027577,0.1020100257945198,2024-09-01,30,False,11.0,143.9,0.0,5.797527034333604,0.9406799134901324,21,0.9331501757231684,23.615211613487283,879.3023644644088,0.0842080217171471,0.8815091916734253,9,0.8561543660448769,8.814163611982385,406.8936590972603,0.1017666812673383,삼성1동,1123058
14.51179333568268,0.0980312332068589,2024-09-01,30,False,11.0,143.9,0.0,6.116351854027174,0.9313258154195544,21,0.923879165198324,22.24319221294985,821.5737317137779,0.0925760067742513,0.8777548063745644,9,0.8521946826422335,8.380053883261708,406.4306213001167,0.0820156654562035,삼성2동,1123059
14.485550129619584,0.0816800878477305,2024-09-01,30,False,11.0,143.9,0.0,6.174607825405438,0.955833484053777,21,0.950472659311509,24.46491406491948,955.6450254131016,0.050128111273792,0.9017188159401942,9,0.8744896605775607,8.586612058319922,399.7716562381939,0.0813506588579794,대치1동,1123060
14.393106597386238,0.1128928515980215,2024-09-01,30,False,11.0,143.9,0.0,6.227837086023199,0.9223361150474992,21,0.9049304571458564,20.90620811607629,811.435776660457,0.1088876320594997,0.8549603736944313,9,0.8281231302157142,7.950633958191627,403.818597700756,0.0754726048158744,대치4동,1123063
14.512375706817457,0.1140341026787174,2024-09-01,30,False,11.0,143.9,0.0,6.102483729862371,0.9203923503680784,21,0.902146324549237,20.72720426228036,768.1019493384289,0.1106450944692171,0.854917048970447,9,0.8280363810946335,8.287573456714052,423.26337996066326,0.0972673157223379,역삼1동,1123064
14.448574065373515,0.1008821404806046,2024-09-01,30,False,11.0,143.9,0.0,6.129628834149942,0.9349436203772066,21,0.9240700718169004,22.223764884087807,835.4884411580133,0.0968379587290629,0.8780082555876233,9,0.8526283643197531,8.163529074960755,400.9470647256502,0.0755886570754498,역삼2동,1123065
13.407005915920632,0.0820750279025578,2024-09-01,30,False,11.0,143.9,0.0,5.55981205172504,0.9498549814145856,21,0.9438762368462386,23.44704255262859,923.9565131748992,0.0630966765978249,0.898107952463222,9,0.8758290141877388,8.491085634541083,395.6337576849117,0.0802163947128112,도곡1동,1123066
14.023541719641104,0.0713969436181566,2024-09-01,30,False,11.0,143.9,0.0,5.897694794580261,0.9488724617675908,21,0.943697192052018,24.04651138467876,925.273128129446,0.076596880038148,0.8965785172000436,9,0.8727567292673182,8.692553971714506,403.8279702590347,0.0720327437044438,도곡2동,1123067
14.032680576864069,0.0762215194219265,2024-09-01,30,False,11.0,143.9,0.0,5.863332310524701,0.9659380177968702,21,0.9626142988646824,26.3436529254204,989.9129948105932,0.0351723274403124,0.926322184719239,9,0.9085271555691932,9.430715158316785,414.534391551189,0.0672628351933306,개포1동,1123068
14.124251762733593,0.084403663555424,2024-09-01,30,False,11.0,143.9,0.0,5.596581529510378,0.9599329421626154,21,0.9541309600118336,25.48145820406402,934.2749384286795,0.0347089598407617,0.9178048419703172,9,0.8998663773975641,9.311382411088427,427.6234108247641,0.077215079215644,개포4동,1123071
12.889445552074436,0.0654848403153582,2024-09-01,30,False,11.0,143.9,0.0,5.344028766733125,0.9599292699136048,21,0.9567207823032374,25.088553833053027,993.5110432622748,0.0594617342074289,0.9120972182664008,9,0.9077190733883984,8.947307044150588,418.5281138332216,0.0770510451667203,일원본동,1123072
12.965909671348882,0.0937078237500966,2024-09-01,30,False,11.0,143.9,0.0,5.0979662611734655,0.9332421533705222,21,0.9249096041400632,22.674910256659548,839.5206236061891,0.0814213433377132,0.8753262988104039,9,0.8561845554136701,8.461147475656443,412.0034525954204,0.0854732361037617,일원1동,1123073
12.855299387081564,0.0,2024-09-01,30,True,11.0,143.9,0.0,5.247124671650838,0.9511497272176198,21,0.9384198828046072,24.56742202791161,917.9541026160002,0.0,0.8930039738667744,9,0.8716629622145887,8.790320641282564,412.4520180843453,0.0,일원2동,1123074
11.75520578197149,0.1188628367830172,2024-09-01,30,False,11.0,143.9,0.0,4.6143123870708695,0.9538820852573112,21,0.9522170916148028,24.55130180175756,879.6487419969667,0.0413862475755108,0.8911650940239577,9,0.8703560195409221,9.0304122949564,387.8073889893147,0.1682564343887797,수서동,1123075
13.904677929092683,0.0910909212440934,2024-09-01,30,False,11.0,143.9,0.0,5.462789461587082,0.9507714187209104,21,0.9535445038211804,26.437108717823197,1074.8460029853202,0.099182293246678,0.9022059415043384,9,0.901915474343504,9.332848235377288,459.1090381806616,0.0742294686362927,세곡동,1123076
14.182619425046058,0.0888771435768054,2024-09-01,30,False,11.0,143.9,0.0,5.835830084400839,0.9333430444282592,21,0.924498521914228,23.39206764604896,830.393650058947,0.0494390466476998,0.8684927809434042,9,0.8388355254702026,8.615431253450042,377.0081117876774,0.1025778666017004,압구정동,1123077
14.87598571711962,0.0978542488143589,2024-09-01,30,False,11.0,143.9,0.0,5.989930569331483,0.936021027573894,21,0.92957349732196,23.988503972252094,858.3996327726537,0.0648586360563185,0.8869759968260266,9,0.8659678635191431,9.020995928204352,400.3467597192798,0.0843322657217728,청담동,1123078
13.937851306178036,0.0853656439678345,2024-09-01,30,False,11.0,143.9,0.0,5.804231459700383,0.9547554785192522,21,0.9481558747059552,24.25472518206433,940.0524060148168,0.0521857250118929,0.9029073294540052,9,0.8817509595146713,8.5669207089338,400.1663834979488,0.0776337886091257,대치2동,1123079
13.395537383177569,0.0714509438164708,2024-09-01,30,False,11.0,143.9,0.0,5.621923777157422,0.967232370433305,21,0.9617050006068698,26.31564339877106,962.3291746879136,0.0339453755777047,0.927528826313873,9,0.9094544240805924,9.242119555189737,416.1987778184825,0.0817208641906565,개포2동,1123080
14.127180882067222,0.1059838780049925,2024-10-01,31,False,6.0,74.0,0.0,6.0001321157956085,0.938950197526067,23,0.9357463894825464,30.38828580946909,1102.0368557450206,0.0940783497485855,0.9127724888284436,8,0.9052030308917818,15.959901994590654,733.853434032756,0.0960882346630045,신사동,1123051
14.26742296097806,0.1052627351201443,2024-10-01,31,False,6.0,74.0,0.0,6.178178697035672,0.9410672416680624,23,0.9318991793669402,27.01384585199175,999.1132498333144,0.1246336327863387,0.9160052754982416,8,0.907470691676436,14.492661689643462,738.1891227058375,0.100265380896391,논현1동,1123052
14.822765464032466,0.1117496153513977,2024-10-01,31,False,6.0,74.0,0.0,6.184493600321098,0.9332939392587968,23,0.9312803817508808,28.45867401593616,1041.8587226045274,0.0928354599629585,0.9148303081657226,8,0.9083222583953976,15.226024699169905,740.5472506089416,0.0829753409058194,논현2동,1123053
14.390125553914327,0.0998675987713166,2024-10-01,31,False,6.0,74.0,0.0,5.862605747280784,0.9484147979051968,23,0.944727407009534,31.42884739789702,1221.9908086266778,0.0805634996292765,0.9229172821270312,8,0.9167362696387806,16.29871209150636,781.4814016392422,0.0985382904353352,삼성1동,1123058
14.424489351779885,0.0945958217050978,2024-10-01,31,False,6.0,74.0,0.0,6.174179620705735,0.9460127467744442,23,0.9387097777086896,29.419263079842903,1130.1369471096525,0.0932680336023213,0.9285259598942952,8,0.9222174724078968,15.24853947397608,772.061897844546,0.0791063057827391,삼성2동,1123059
14.34735276656376,0.0803704757164189,2024-10-01,31,False,6.0,74.0,0.0,6.260348492044645,0.963505699358822,23,0.9570125860840656,33.06209417047819,1337.2152674703102,0.051375951077295,0.9481031821420092,8,0.938892187128948,15.811651812634432,765.5863995649618,0.080992675815971,대치1동,1123060
14.247609586553926,0.1158320196502547,2024-10-01,31,False,6.0,74.0,0.0,6.225579706385848,0.9373320537428022,23,0.927766768688074,27.27009110103244,1112.6939180164345,0.1215676210726986,0.9138185402292888,8,0.9044783939409656,14.002362179603626,748.6621858057324,0.0713476555339663,대치4동,1123063
14.453917620497744,0.1148582849598411,2024-10-01,31,False,6.0,74.0,0.0,6.127312559067521,0.9311713745668382,23,0.9237448808148692,27.063226775279965,1076.8136291570054,0.1181176207707996,0.9030909377297068,8,0.8985028352409956,14.994298464500853,821.5071038869248,0.0930151488213376,역삼1동,1123064
14.314131110294364,0.1005705567298676,2024-10-01,31,False,6.0,74.0,0.0,6.141967990911825,0.949360820608774,23,0.9420612115339636,29.18576158730628,1148.1707571639602,0.1082680398171252,0.9261689331417688,8,0.9190734738882022,14.775436470099727,762.8956942699936,0.0728356016097787,역삼2동,1123065
13.317366533243227,0.0827201844937403,2024-10-01,31,False,6.0,74.0,0.0,5.644221552217082,0.9592051775224828,23,0.955077714820398,31.252358928974985,1263.1280338031756,0.0607063108573101,0.944053126786921,8,0.937569787388886,15.40846273969963,749.9815202791302,0.0729464089611245,도곡1동,1123066
13.955144820638289,0.0725175113308611,2024-10-01,31,False,6.0,74.0,0.0,5.986190407656604,0.9574374842586262,23,0.9547227719209872,32.40802360460668,1279.9114523597673,0.0874110699079796,0.9420998093045012,8,0.9364501852984564,15.99276600628328,764.4926811020658,0.0680291168795495,도곡2동,1123067
13.92326432467304,0.0706515648608647,2024-10-01,31,False,6.0,74.0,0.0,5.953286610755967,0.9748894492991612,23,0.972918303911794,35.70021490912503,1380.1250786865935,0.0286346931914351,0.9640132543545832,8,0.9591965280628704,17.811566185385878,797.8179627410387,0.0691290184212661,개포1동,1123068
14.08096751518803,0.0835163564905791,2024-10-01,31,False,6.0,74.0,0.0,5.683425214640759,0.9704358086057135,23,0.9643159110307776,33.98006674196264,1260.2426576932128,0.0357694112207361,0.9565858311994778,8,0.9515609780589446,17.173342023438618,805.7133339594686,0.0730347392684966,개포4동,1123071
12.788216342264317,0.0715434500648508,2024-10-01,31,False,6.0,74.0,0.0,5.418932565554656,0.9692357112263836,23,0.9697877504402036,33.27157225941557,1335.410691657486,0.0669455252918287,0.9553286061009852,8,0.9561014610003332,16.265441947722266,796.7664596755889,0.0827107652399481,일원본동,1123072
12.786602143335566,0.0944774742153645,2024-10-01,31,False,6.0,74.0,0.0,5.108415941058271,0.9518024112525116,23,0.9460709979906228,29.89263014930604,1123.891262548815,0.0729532898041185,0.9268191560616208,8,0.9221661085063628,15.1662381543945,767.3278717368031,0.0910521766554144,일원1동,1123073
12.682453456096406,0.0,2024-10-01,31,True,6.0,74.0,0.0,5.244212984902849,0.9591205740978944,23,0.9541229436057138,32.18797656130335,1235.6589952779148,0.0,0.9376142441270056,8,0.932951052738474,15.59907017581862,773.0151964788232,0.0,일원2동,1123074
11.77841767926292,0.1198727772297807,2024-10-01,31,False,6.0,74.0,0.0,4.675600881292562,0.9647523033782882,23,0.9646267859527308,32.295369853135554,1197.3847426596292,0.0467492023978491,0.9423447723327546,8,0.933102550407264,16.14323307903112,736.2445866524137,0.1680068678649353,수서동,1123075
13.777574575493343,0.0921087384952965,2024-10-01,31,False,6.0,74.0,0.0,5.489399093620928,0.962719137218908,23,0.9655415328132172,34.773897347295815,1441.4387311928003,0.1159647019782333,0.9445984396512164,8,0.9495688962826986,16.85538834305828,871.6745680737829,0.0716474667641899,세곡동,1123076
14.269105035238177,0.0887972314997384,2024-10-01,31,False,6.0,74.0,0.0,5.980885624522374,0.9455807930712404,23,0.9416893096713934,31.37970398537011,1152.8481106419815,0.0543962013601062,0.917576632419122,8,0.912239110129914,15.954531685220662,714.5005297884105,0.1029455555108446,압구정동,1123077
14.918356340164094,0.0994735504483898,2024-10-01,31,False,6.0,74.0,0.0,6.093554846988374,0.9492996850332464,23,0.9478967220126764,32.05386973162813,1183.7993090060904,0.0637112878045238,0.9320519500719368,8,0.9294011743204884,16.766755787961245,766.8909288154967,0.0865168403345072,청담동,1123078
13.78858363142963,0.0913234548425263,2024-10-01,31,False,6.0,74.0,0.0,5.872380967065499,0.962242198100407,23,0.9563809053904032,32.317998473893546,1296.243074923453,0.0568651755028452,0.9446132971506104,8,0.9372193783150364,15.630470881355135,757.8270141500354,0.0778184686461209,대치2동,1123079
13.224943242016044,0.0714969546195419,2024-10-01,31,False,6.0,74.0,0.0,5.676287573785379,0.973990918722567,23,0.9720865748448614,34.84009357346005,1332.8608447794156,0.0375156558291155,0.9619067655516876,8,0.9589841077644924,16.997940842614017,807.3606877232478,0.0785004718195075,개포2동,1123080
14.078694709168586,0.103795909942055,2024-11-01,30,False,6.0,60.0,4.0,6.055021360499507,0.941050279329609,21,0.9363404534998356,31.01681715006481,1090.8690478660606,0.0938803945564189,0.917357213276372,9,0.9089654945777194,15.687825082983522,706.3858503923743,0.1113117968830632,신사동,1123051
14.081661679206563,0.1040973380907154,2024-11-01,30,False,6.0,60.0,4.0,6.201206822845418,0.9397969391244868,21,0.9278351573187412,26.830132943772515,963.2966795445247,0.1249634212079985,0.9151940834473324,9,0.9028890218878248,13.99829804159337,711.1482603627398,0.099034319891162,논현1동,1123052
14.674820872274143,0.105168111644537,2024-11-01,30,False,6.0,60.0,4.0,6.209007696536557,0.9343613707165108,21,0.9271706065603812,28.320200963558168,1003.430418390298,0.0984129706623039,0.9158512002932012,9,0.9081702400586404,14.769079404938177,707.729166753264,0.0805487892366327,논현2동,1123053
14.152491371872305,0.1043793367551069,2024-11-01,30,False,6.0,60.0,4.0,5.9441716997411564,0.9454817371297094,21,0.9426287029048028,31.42276954864576,1191.1419351674438,0.0821282822163033,0.9208175150992234,9,0.9142651711245324,15.813243856940844,760.5381031331593,0.1067627659209639,삼성1동,1123058
14.33923627307586,0.0973130188730166,2024-11-01,30,False,6.0,60.0,4.0,6.194352294738507,0.9463280230857416,21,0.9400751077202832,29.55032403674967,1092.614631862809,0.0945726842615524,0.9297130094477606,9,0.9235861959916196,14.828398155529904,744.143340786408,0.0771507993680622,삼성2동,1123059
14.24472061296954,0.0785570758779064,2024-11-01,30,False,6.0,60.0,4.0,6.335463776241202,0.9635874914346227,21,0.9572441288232728,33.49645574513834,1321.282291223065,0.0519758874748827,0.9527334454619074,9,0.9441954774808448,15.416544879997227,733.4379777425469,0.0793608267151468,대치1동,1123060
14.261366918017004,0.1111875534227518,2024-11-01,30,False,6.0,60.0,4.0,6.330396812663778,0.9443959570030483,21,0.931587785443072,27.31552638106013,1078.3681000599315,0.1306803428911493,0.917160810738542,9,0.9096759184983152,13.58999146938278,718.9229688836529,0.0794665211103972,대치4동,1123063
14.413145829423277,0.1133723785634991,2024-11-01,30,False,6.0,60.0,4.0,6.230899268037644,0.93089042014103,21,0.922408236587393,27.092338532728945,1057.6978836853466,0.1202646500553411,0.906458696409899,9,0.8998149985253506,14.550283102999597,796.6152411502842,0.104812462719451,역삼1동,1123064
14.116294633678294,0.1003075768805622,2024-11-01,30,False,6.0,60.0,4.0,6.15015934480159,0.949057295593174,21,0.9395387567678706,29.469865533577973,1130.8720987926745,0.1082401102833385,0.930910835446508,9,0.9217079021314508,14.303139924994037,739.4129319209972,0.068945297205949,역삼2동,1123065
13.2578928136419,0.0823570686933146,2024-11-01,30,False,6.0,60.0,4.0,5.709749510141397,0.9642906317852036,21,0.9581523063072606,31.668658800463508,1246.80632644827,0.0583388250688639,0.9503950643435896,9,0.9419059471482288,15.08601816195084,727.0522220216901,0.0750747903263276,도곡1동,1123066
14.023104317213264,0.0727917860216194,2024-11-01,30,False,6.0,60.0,4.0,6.106324254215305,0.959916990920882,21,0.9550246433203632,33.024090855394824,1276.1793624506915,0.0871851092171494,0.9450198258291644,9,0.9374070780063,15.663512561682984,752.1351584543443,0.0695382584196814,도곡2동,1123067
13.854256438157416,0.0743558637090359,2024-11-01,30,False,6.0,60.0,4.0,6.0540122113408295,0.9730733889493411,21,0.9702375770765324,35.850163767707166,1359.264345117376,0.0310478914428492,0.962422318945714,9,0.9561455688550358,17.32619346636609,777.4344717245722,0.0667274582426146,개포1동,1123068
13.906783567657971,0.0826246184417718,2024-11-01,30,False,6.0,60.0,4.0,5.705583024094496,0.9684471854910366,21,0.96128469137093,33.922003551132526,1244.9672004691104,0.0365578515805746,0.955301834526734,9,0.951187477133748,16.608922139930485,784.3024703679913,0.0707806206082692,개포4동,1123071
12.814556014580802,0.0707350995624003,2024-11-01,30,False,6.0,60.0,4.0,5.489403159173754,0.9697147023086268,21,0.9701803159173754,33.70420523780216,1331.3826189968067,0.0600223888191593,0.955346780072904,9,0.9573880923450788,15.92672050532502,785.2684607219114,0.082356932053326,일원본동,1123072
12.76875530410184,0.0936734554177567,2024-11-01,30,False,6.0,60.0,4.0,5.209566242338519,0.9541153094901328,21,0.9437482319660536,30.03305006088629,1108.8773427810645,0.071313136724435,0.9297029702970296,9,0.9250623021485822,14.804097223127805,750.3190205687907,0.0902240198573201,일원1동,1123073
12.620151839326386,0.0,2024-11-01,30,True,6.0,60.0,4.0,5.304431637794189,0.9612968458830838,21,0.9552253433639312,32.06746180957666,1207.7924592890597,0.0,0.9358506453171372,9,0.9338870867554696,15.081931990318257,740.0398123063258,0.0,일원2동,1123074
11.971931627375916,0.1218372859205758,2024-11-01,30,False,6.0,60.0,4.0,4.795262945798912,0.969905299214185,21,0.9663711464839814,32.50950671425367,1192.0616810255558,0.0444781412656093,0.9407844717576734,9,0.9361427899791792,15.811969524549273,720.6834887715298,0.1762465676212898,수서동,1123075
13.724392801390238,0.0880409698732336,2024-11-01,30,False,6.0,60.0,4.0,5.569556419545816,0.9651303348944066,21,0.965563900916026,35.10056199900266,1432.606515841383,0.1177479917245352,0.9466540013548936,9,0.948872492710082,16.44992670158697,854.6017445104279,0.0688170230104286,세곡동,1123076
14.150741207121149,0.087218500690073,2024-11-01,30,False,6.0,60.0,4.0,6.074719496309163,0.945816760746852,21,0.9402831089882762,31.83313917444367,1140.5898254745384,0.0586520012118355,0.9192075553625708,9,0.911880590534086,15.543661047693952,693.0548979434407,0.1021013565826236,압구정동,1123077
14.869305013086368,0.0914846223967816,2024-11-01,30,False,6.0,60.0,4.0,6.159318703442722,0.9531926716327764,21,0.9491938796053956,32.183557856486885,1164.616283445247,0.0662064393321095,0.935139118179988,9,0.9302923293738676,16.33270725597201,746.4982775438336,0.0882476287577628,청담동,1123078
13.89518927837619,0.0871397707283095,2024-11-01,30,False,6.0,60.0,4.0,6.011070917128448,0.9646843284976028,21,0.9594910030508684,32.95045292002379,1292.463504390059,0.0551102086112652,0.9464494738808292,9,0.9401323080754624,15.316029587015263,740.7398152252414,0.0736160466571431,대치2동,1123079
13.147013634955067,0.0719166541188955,2024-11-01,30,False,6.0,60.0,4.0,5.734403160830492,0.9744446854663774,21,0.9721986365044932,35.18808675564861,1318.8481001375394,0.0380125764517771,0.9625810350170436,9,0.958975209172606,16.56763377951993,789.6911395253622,0.0767887744054149,개포2동,1123080
14.539552848390958,0.1104857920707844,2024-12-01,31,False,5.0,5.7,7.0,6.15116329835927,0.9324068727554398,22,0.9281008379691572,32.68710459319498,1147.6651772311905,0.091271056661562,0.8900345046123513,9,0.8800450672487853,14.183085214622867,598.7658193225535,0.1080568317168623,신사동,1123051
14.5853903930131,0.1176367741297919,2024-12-01,31,False,5.0,5.7,7.0,6.324727074235808,0.920428384279476,22,0.9103890829694324,28.733824325202665,1014.3373784710316,0.1278013733068503,0.8803650655021834,9,0.8662965065502184,12.855148003309466,598.985056267734,0.0973379826962902,논현1동,1123052
15.159269305411382,0.1234878322954091,2024-12-01,31,False,5.0,5.7,7.0,6.328047569616826,0.9174039806833054,22,0.9123545606354652,30.0921638497126,1055.0773302402567,0.097085617303522,0.8819989168208692,9,0.8748715981405426,13.546234607226836,606.9508300330211,0.0839082467077767,논현2동,1123053
14.893753165856666,0.1186528439713153,2024-12-01,31,False,5.0,5.7,7.0,6.059231980286126,0.9349380518858238,22,0.9304038606338558,33.731565463582776,1260.47109015639,0.0837490534942764,0.8970860428502977,9,0.8895400095831337,14.647025332054485,658.9903911878841,0.1053349516725312,삼성1동,1123058
14.722534275348483,0.1012681484519872,2024-12-01,31,False,5.0,5.7,7.0,6.28312850868818,0.9389375596715678,22,0.9359217109031888,31.8221889134014,1164.6266321814362,0.0858521120140829,0.9098334924575138,9,0.9056891350009548,13.60891772117097,629.6625258702442,0.0795370061783782,삼성2동,1123059
14.913155773420478,0.079145473041709,2024-12-01,31,False,5.0,5.7,7.0,6.458217864923747,0.9565893246187364,22,0.9533752723311548,35.78562210968754,1392.429725965024,0.0418277382163445,0.93463779956427,9,0.9251590413943356,14.182352611750035,636.4478033806823,0.0827738216344523,대치1동,1123060
14.898005026200408,0.1102516835482012,2024-12-01,31,False,5.0,5.7,7.0,6.4608614051973055,0.9357320072719494,22,0.9285782269276012,29.596148618919027,1131.2633643206054,0.1237852005652617,0.890582825366271,9,0.8802513100203186,12.593066857672577,611.8896128950352,0.0792136073326122,대치4동,1123063
14.74182422074604,0.1210242363746103,2024-12-01,31,False,5.0,5.7,7.0,6.326680378129791,0.9188423607562596,22,0.9128295861011751,28.87497438374307,1092.179156586613,0.123616248850125,0.8768196218702096,9,0.8675577414409811,13.338787763646195,664.0542262902721,0.0977484933266258,역삼1동,1123064
14.514456035266008,0.1022687502853056,2024-12-01,31,False,5.0,5.7,7.0,6.236635595786923,0.940963085102803,22,0.9361823198842412,31.757626458197738,1178.3425933078918,0.1065521386509228,0.9108224248746508,9,0.8994070733923344,13.14663486153388,623.122491301153,0.0682964591670597,역삼2동,1123065
13.895648230668414,0.0886806343142521,2024-12-01,31,False,5.0,5.7,7.0,5.900316120576671,0.9530998689384012,22,0.9489342070773262,33.647507681357595,1325.3443276253363,0.0545076503710778,0.9258773263433814,9,0.919062123197903,13.764356951516636,628.7114334631407,0.0746532959270976,도곡1동,1123066
14.532577251324309,0.0795696967283525,2024-12-01,31,False,5.0,5.7,7.0,6.251018981753973,0.9495618746321364,22,0.9452409505591524,34.91598851194113,1334.4871623203037,0.0796720957089138,0.924295173631548,9,0.915268908181283,14.213993593897008,639.478519312382,0.0667470688291814,도곡2동,1123067
14.659880095923262,0.0855284846255547,2024-12-01,31,False,5.0,5.7,7.0,6.192558648733187,0.9640287769784172,22,0.9614221666145344,37.83639627947221,1420.5369135668582,0.0348957050105318,0.9427588364091336,9,0.9351475341465958,15.609606281796063,669.6516913814248,0.0692327178465713,개포1동,1123068
14.367663609193034,0.0907469169316683,2024-12-01,31,False,5.0,5.7,7.0,5.869978357209111,0.9577728537565702,22,0.9525569411522208,35.83135653542832,1306.4656345792228,0.0416258293788736,0.9345470473049572,9,0.9284102854787178,15.13989886864779,682.096049982433,0.0694915493255677,개포4동,1123071
13.446556867317687,0.0718122233005836,2024-12-01,31,False,5.0,5.7,7.0,5.6808667346839625,0.9620735558470582,22,0.963822572025458,35.52411371169901,1382.9977601172675,0.0527606791017988,0.9392022542875188,9,0.940056843025798,14.486084338595871,666.944688020532,0.0859779039312921,일원본동,1123072
12.818130770395037,0.0945912499558029,2024-12-01,31,False,5.0,5.7,7.0,5.140204253064932,0.943014227334645,22,0.9348161041319812,31.712700435519167,1141.1614475586634,0.0760124330214363,0.9073732405024972,9,0.9039321931285,13.572129902927683,640.1252756401241,0.0920037157633868,일원1동,1123073
13.072139783814135,0.0,2024-12-01,31,True,5.0,5.7,7.0,5.401276830209868,0.9513602863760792,22,0.9465361128658664,34.03146106360987,1275.9759787472285,0.0,0.915615217238717,9,0.9065620832455956,13.852295586660402,641.155457219419,0.0,일원2동,1123074
11.80424999213218,0.119040004029364,2024-12-01,31,False,5.0,5.7,7.0,4.650162879622345,0.9589260424862314,22,0.9533194335169158,33.06432794686555,1167.7435509532718,0.044668018182505,0.9176294256490952,9,0.9068709677419354,14.051509122383726,596.6002547818777,0.181147613231424,수서동,1123075
13.91525102859466,0.0960072070792116,2024-12-01,31,False,5.0,5.7,7.0,5.639033917875051,0.953296381623526,22,0.9560924244477572,37.18231038326936,1468.0105116395366,0.11302230739549,0.9247364141482586,9,0.9274262095134842,15.11005547780287,726.1996006796545,0.0714023936414962,세곡동,1123076
14.630455074337426,0.0961851588500359,2024-12-01,31,False,5.0,5.7,7.0,6.1494475328592975,0.9337849601379012,22,0.9321572936867054,33.77074604217739,1205.6593299017925,0.0526176281255653,0.8952368024132731,9,0.8829885800474035,14.142435393908816,599.45326956161,0.1039940759938908,압구정동,1123077
15.414155635780183,0.1078716289301455,2024-12-01,31,False,5.0,5.7,7.0,6.280356197352586,0.9396093060569596,22,0.9371496189330124,33.84937204955846,1214.0100593156571,0.0681524960317356,0.9070842358604092,9,0.9013285198555956,14.70517288482467,634.8930620931264,0.0865902640036072,청담동,1123078
14.600940211496749,0.0923183681784613,2024-12-01,31,False,5.0,5.7,7.0,6.173481561822126,0.9548915401301518,22,0.9527233595444686,35.017960332401955,1350.5140179799105,0.0541903282487458,0.9249427196312364,9,0.91763659164859,13.902059337085934,629.6819451391466,0.0783315083144465,대치2동,1123079
13.852046302995223,0.0755710201076031,2024-12-01,31,False,5.0,5.7,7.0,5.9289793083490085,0.9661895528867024,22,0.9645894950079584,37.26158470084477,1383.7789924272586,0.0366295384737858,0.9461059181015772,9,0.9394061640862392,14.941377678006916,672.6382788857336,0.0742541744339553,개포2동,1123080
13.995813689292811,0.1086075043903536,2025-01-01,31,False,9.0,19.5,13.0,6.046861687020733,0.9289761431411532,23,0.919635756887248,30.445361717251235,1026.3941891655052,0.0778971310997785,0.891111900028401,8,0.8832725078102812,14.143888371863252,594.9082197843892,0.0989226051976965,신사동,1123051
14.028532529082293,0.1139452275032512,2025-01-01,31,False,9.0,19.5,13.0,6.214127962085308,0.9172529082292116,23,0.9090685049547608,27.164508460532545,907.251548251426,0.125096274847328,0.8860499784575614,8,0.87546790176648,12.93624018610061,602.5637001054647,0.0934476285874217,논현1동,1123052
14.722729333333335,0.1252717108345915,2025-01-01,31,False,9.0,19.5,13.0,6.276830666666667,0.9207626666666666,23,0.9147484444444444,28.33775838000962,934.4410989153544,0.0939224631644712,0.8882039999999999,8,0.8818751111111112,13.67941510934175,607.8119147483216,0.0831435153850158,논현2동,1123053
14.377188744179769,0.1125758934289739,2025-01-01,31,False,9.0,19.5,13.0,6.034383561643836,0.9335238545111004,23,0.9242803158107834,31.37003167583377,1093.5746267296784,0.0964160368899705,0.8996963357851406,8,0.8902280855658277,14.42963046217542,622.9650757146788,0.1045881900858204,삼성1동,1123058
14.200052465087571,0.1040438001043056,2025-01-01,31,False,9.0,19.5,13.0,6.209211094822931,0.9346898387470102,23,0.9296231000694392,29.81187788780649,1025.402506439414,0.0914529192167598,0.9098858112799936,8,0.9039020908880486,13.662210661721376,632.647696747251,0.0763018100937307,삼성2동,1123059
14.403354121475052,0.0742459061411496,2025-01-01,31,False,9.0,19.5,13.0,6.436683297180044,0.9533394793926248,23,0.9480368763557484,32.76779891783535,1217.8209078241368,0.0405266733151223,0.9335737527114968,8,0.9249506507592192,14.00464601425493,629.5547715918478,0.0899854023038344,대치1동,1123060
14.316959296042816,0.1108306358209842,2025-01-01,31,False,9.0,19.5,13.0,6.3632125765450525,0.9315900787320536,23,0.9218978027067358,27.4974230636023,1005.4632961713044,0.113139607400588,0.9003669016621212,8,0.8913106571296249,12.548873047289137,618.8161940991314,0.0775639978617883,대치4동,1123063
14.205523103859525,0.1210679659421753,2025-01-01,31,False,9.0,19.5,13.0,6.244446699992387,0.9177748737598008,23,0.908100687660179,26.9975708812536,963.2657841152768,0.1236616663124647,0.881960212134284,8,0.8744000101499658,13.374161696708908,664.8990251813519,0.0933690257213418,역삼1동,1123064
14.120864098448369,0.0978101712404669,2025-01-01,31,False,9.0,19.5,13.0,6.201378745318352,0.9403073167469234,23,0.9318141385767792,29.757537596531883,1047.0560538518434,0.0998430386553644,0.9146060727661852,8,0.9086496789727128,13.284672494495505,623.7617114439505,0.0697769477558524,역삼2동,1123065
13.408140870778976,0.0881265465163681,2025-01-01,31,False,9.0,19.5,13.0,5.8668728190261445,0.95276480377946,23,0.948463520695764,31.408786819292104,1167.0226173442848,0.0486257928118393,0.9274037687228216,8,0.9198641756589896,13.76174653757652,618.8033256722914,0.0772144218280416,도곡1동,1123066
14.075195845371756,0.075851385551976,2025-01-01,31,False,9.0,19.5,13.0,6.199625864023699,0.9494462933840472,23,0.9441601141059868,32.3062260893481,1171.4436084477288,0.0834488576658,0.9252726474783308,8,0.9179460922356728,14.09246711723801,621.4997657593408,0.072042782648163,도곡2동,1123067
14.227155182072828,0.0869255622157037,2025-01-01,31,False,9.0,19.5,13.0,6.187741176470587,0.9610084033613444,23,0.9585434173669468,34.94596245773581,1256.0104149620106,0.0369177684252292,0.9403921568627452,8,0.9341176470588236,15.217583700702969,653.2077509895645,0.0735981805041873,개포1동,1123068
13.978198429552076,0.0870968970837539,2025-01-01,31,False,9.0,19.5,13.0,5.846293150279026,0.9557311472171464,23,0.9499219714553806,33.19265660944782,1157.779594327415,0.0402610843381143,0.9353084102918662,8,0.9324322188750062,14.76415178472427,664.4173692615046,0.0771792478586893,개포4동,1123071
13.004476381143046,0.0713982391076635,2025-01-01,31,False,9.0,19.5,13.0,5.641628771628772,0.9575146575146576,23,0.9558939892273226,33.20164941730512,1230.4170067369114,0.0551198935537751,0.9365994565994564,8,0.934871061537728,14.420859731730806,657.2097781636963,0.0884862554143192,일원본동,1123072
12.418316795563989,0.0933521462427043,2025-01-01,31,False,9.0,19.5,13.0,5.098341602218007,0.9403947176419089,23,0.9291937837443456,30.087698472734605,1030.7001135406224,0.0761537481066051,0.9133773529840944,8,0.9025207938129288,13.586107462805794,630.1368250235449,0.0962926514048915,일원1동,1123073
12.703956317390102,0.0,2025-01-01,31,True,9.0,19.5,13.0,5.372778545756152,0.9491145977329276,23,0.9423776610450648,32.06730050488684,1135.3665940802327,0.0,0.9182243572021012,8,0.9090973182195188,13.89213400658042,635.5715246920432,0.0,일원2동,1123074
11.650966074935194,0.1176946640125234,2025-01-01,31,False,9.0,19.5,13.0,4.719343531537192,0.9547647474668134,23,0.9462202497839916,31.16514061164399,1060.1645302013144,0.0411891463579614,0.9174212552038332,8,0.9044505537663968,13.979974768165938,581.045676117889,0.192052548170767,수서동,1123075
13.508659180169548,0.0956488627209437,2025-01-01,31,False,9.0,19.5,13.0,5.625945755982402,0.9533933361948708,23,0.9561986264620668,35.26684330795536,1321.2588136522866,0.1080221675736276,0.9294106127266872,8,0.9314070715742032,15.31319541136295,723.4475833323012,0.0803233200993384,세곡동,1123076
14.191199745006374,0.0866261453991222,2025-01-01,31,False,9.0,19.5,13.0,6.109812154696133,0.935793880152996,23,0.930862303442414,31.61453697063884,1054.0145443197998,0.0450263510659786,0.8990484487887803,8,0.8897016574585636,14.183695426197882,579.110730089975,0.1108140367629506,압구정동,1123077
14.92868229331644,0.1057648716836835,2025-01-01,31,False,9.0,19.5,13.0,6.192668672790624,0.9349061609122584,23,0.9309031517263224,31.757036933354627,1067.5228525717232,0.0681027516064177,0.9061185460880584,8,0.9000253405131454,14.666017567018994,618.2413902223566,0.0885426932629006,청담동,1123078
14.28889640159636,0.0864783637122582,2025-01-01,31,False,9.0,19.5,13.0,6.170843035720176,0.9562073287377552,23,0.9541871433754412,32.65575689216574,1202.180359218804,0.0419145679699457,0.9306573435799332,8,0.9258636498565256,13.961322785169015,631.0309624220642,0.0845359677194935,대치2동,1123079
13.472507818103573,0.0754209886595626,2025-01-01,31,False,9.0,19.5,13.0,5.903448572658156,0.9651645388036147,23,0.9625898723282172,34.619540302388685,1228.4672712494712,0.0336082887858297,0.94425849949792,8,0.9395177162530484,14.858494114479978,673.6205882848722,0.0826931473548813,개포2동,1123080
13.540941047736286,0.1105035190073606,2025-02-01,28,False,3.0,5.2,5.0,5.919707290384352,0.929465189440569,20,0.9221775406921078,29.23279877915977,924.5240529127684,0.0815174416088689,0.8846983996717275,8,0.877207632334838,13.34573756615229,535.6124578744212,0.1076867394990381,신사동,1123051
13.67370324241292,0.1131944451515222,2025-02-01,28,False,3.0,5.2,5.0,6.098398306140242,0.923590318429028,20,0.9132179183792088,26.32028524910863,838.7448904652883,0.1203767717814186,0.8821957902603064,8,0.8712106115331921,12.299054775535366,544.8926871052212,0.0970316647541626,논현1동,1123052
14.318652663490688,0.1133918717911808,2025-02-01,28,False,3.0,5.2,5.0,6.1583187527068,0.9225478562148116,20,0.9124699003897792,27.56212655557345,860.1798892397479,0.0908625625769716,0.8884543092247724,8,0.877594629709831,12.8630228166445,543.9408812771236,0.0830590342753866,논현2동,1123053
14.10650401024466,0.1188117233094855,2025-02-01,28,False,3.0,5.2,5.0,5.943446114443621,0.9303969805216687,20,0.9209806564669408,30.335972964945704,993.5394937791766,0.0940586165474279,0.8915009772865135,8,0.8786708903417133,13.609876224749,554.9258938899304,0.1087446448883266,삼성1동,1123058
13.93473919633285,0.1033497383742651,2025-02-01,28,False,3.0,5.2,5.0,6.129885031976637,0.9307774204280804,20,0.9233898931647628,28.48130315356857,939.9323387801248,0.0919214092852397,0.9000414032752948,8,0.891563712986581,12.760377072840946,567.8801898813692,0.074563839304647,삼성2동,1123059
14.322466726821563,0.0762058305355184,2025-02-01,28,False,3.0,5.2,5.0,6.415466388450261,0.9478722084367244,20,0.9422484773291224,31.270999585308378,1103.3586965905454,0.0423993617657813,0.9220866230543652,8,0.9076973832618992,13.02265188582081,560.3667567219976,0.0746601070371971,대치1동,1123060
14.089078553679194,0.1087163893804003,2025-02-01,28,False,3.0,5.2,5.0,6.281288604898829,0.9301348952786652,20,0.9152208529844312,26.4915846833354,929.7058162411538,0.1085780076349821,0.8926243724326791,8,0.883656372026979,11.857447007839031,558.5040493101221,0.0780712905850595,대치4동,1123063
13.982657618753857,0.117384571164962,2025-02-01,28,False,3.0,5.2,5.0,6.174214682294879,0.9187032695866748,20,0.9073107958050586,26.22523637237799,906.7031470076372,0.1177103567070395,0.8784143121529919,8,0.8688592227020357,12.630578205245614,606.5734259022588,0.0989129912227135,역삼1동,1123064
13.949357903734876,0.0995841655125714,2025-02-01,28,False,3.0,5.2,5.0,6.151573513940032,0.9395831141504472,20,0.9309514729089952,28.667462853011862,957.6554372573354,0.0932701087220788,0.9099986849026828,8,0.8983715807469752,12.530801874522192,557.9088217217502,0.0686712206155935,역삼2동,1123065
13.063322145918312,0.0889843367025374,2025-02-01,28,False,3.0,5.2,5.0,5.754373418701915,0.9510362988588836,20,0.9455801104972376,29.950066736450744,1049.804700047234,0.0523681691916244,0.9196839985542417,8,0.9095306449114472,12.906355027532747,553.7641304397191,0.0708419897756716,도곡1동,1123066
13.806576356449876,0.0800346797442634,2025-02-01,28,False,3.0,5.2,5.0,6.109094502335609,0.9450697089471792,20,0.9410438375853396,31.125037418316744,1048.3385629332647,0.0821463144793251,0.9174613726194752,8,0.906685591088753,13.26148921295816,547.4002962660892,0.0685935555248236,도곡2동,1123067
13.895074046049077,0.0837249414787827,2025-02-01,28,False,3.0,5.2,5.0,6.11077397038158,0.9594638417468382,20,0.957410009728678,33.62995380802163,1135.799354183132,0.0377492651847158,0.9370878823910928,8,0.9270349151443088,14.205509285961472,576.5590799906716,0.069099037259975,개포1동,1123068
13.52331051744394,0.0868066084503395,2025-02-01,28,False,3.0,5.2,5.0,5.692568319967308,0.9546094907289164,20,0.9471624865914084,31.27995568371593,1018.0129415184492,0.047805303523303,0.9287807120600706,8,0.9219058078357256,13.542173616297651,570.8714223729302,0.0662787092465835,개포4동,1123071
12.713796071717317,0.0699556614787169,2025-02-01,28,False,3.0,5.2,5.0,5.530654396728017,0.9558072953821276,20,0.9534584106149236,31.526130305068826,1101.5360668972091,0.0513492097097127,0.9310557854187472,8,0.925568554715366,13.343759944548047,581.5072189448837,0.078502773425922,일원본동,1123072
12.271590461308511,0.0928199653009475,2025-02-01,28,False,3.0,5.2,5.0,5.137380256810925,0.9349514233303894,20,0.9210027855153204,29.34576585486373,964.0546668250192,0.0693139683994917,0.8953067463822271,8,0.8852428833480535,13.013897080137989,563.1775300328705,0.0959011018980033,일원1동,1123073
12.216472434205832,0.0,2025-02-01,28,True,3.0,5.2,5.0,5.228694814920476,0.942453462663148,20,0.9320754582412096,30.81544634762459,1014.1620816260004,0.0,0.9094458312531204,8,0.8988531488481564,12.913588705187063,557.9533663814925,0.0,일원2동,1123074
11.387322242314648,0.1220648592119023,2025-02-01,28,False,3.0,5.2,5.0,4.686623508137433,0.9499971066907776,20,0.941093670886076,30.36564648526578,990.331132959075,0.059156652656919,0.9037830018083182,8,0.8910300180831827,13.248746814674906,526.3778766309831,0.167167367154048,수서동,1123075
13.22307800479775,0.0949444307075649,2025-02-01,28,False,3.0,5.2,5.0,5.553476438635675,0.952563763200706,20,0.9525036534590674,34.00445673861675,1208.7011845057602,0.1033546544162621,0.9231747869964432,8,0.9232952822124796,14.367801912022362,638.6924154408745,0.0704344035085436,세곡동,1123076
13.882811372976596,0.0899604867404509,2025-02-01,28,False,3.0,5.2,5.0,6.000796779334061,0.92918644636417,20,0.924500964522352,30.05148355987937,944.8901447677885,0.0494721736224419,0.8884924096284491,8,0.8754310995554809,13.230433803952332,511.4201260710507,0.1026833631484794,압구정동,1123077
14.522406133507552,0.0998436627309998,2025-02-01,28,False,3.0,5.2,5.0,6.094721571038776,0.9344633180892356,20,0.9291860420429652,30.760787771836025,974.0947280025312,0.0675323344983427,0.9046370239422006,8,0.8956888666846009,13.778047733262644,549.7941568526159,0.094582828265583,청담동,1123078
13.809175257731958,0.0893485542570197,2025-02-01,28,False,3.0,5.2,5.0,6.02561746659607,0.9534064222755164,20,0.9496259382689132,31.05777656216618,1086.7700163858938,0.0475380852590136,0.9245370168499082,8,0.9193910985143426,13.009342004863882,558.009105738732,0.0737134045425532,대치2동,1123079
13.227404749845237,0.0756544818807701,2025-02-01,28,False,3.0,5.2,5.0,5.817961055771288,0.9619936406100512,20,0.9586237267150656,33.138188396110486,1112.0477595173356,0.0344638560000495,0.9372716528786088,8,0.9291668073611344,13.862591660572177,592.2871205875825,0.0748647367980946,개포2동,1123080
13.47376339709673,0.1132649934646606,2025-03-01,31,False,8.0,38.2,8.0,5.845581332247999,0.9000881834215166,21,0.884274182607516,18.815212282671773,594.8924711087859,0.0768455061300319,0.8463804097137431,10,0.835010175010175,9.013747625695862,374.1622029176944,0.1118299337933281,신사동,1123051
13.549375336787564,0.1174340682545578,2025-03-01,31,False,8.0,38.2,8.0,5.996732020725387,0.8850416580310879,21,0.8623017616580311,17.110304248434428,537.1725042986527,0.1152878201181504,0.8368095336787564,10,0.8171432124352332,8.333220210193865,386.7874056310421,0.1123996967368683,논현1동,1123052
14.243331334589683,0.1169601093017151,2025-03-01,31,False,8.0,38.2,8.0,6.092341099880076,0.8920031694363542,21,0.8683321911941065,17.668643223125933,552.7447813140296,0.0893184139865713,0.8463465821483639,10,0.8292817371937639,8.623980951898991,377.9765857989358,0.0921331861639715,논현2동,1123053
14.02905062891094,0.1190446622390231,2025-03-01,31,False,8.0,38.2,8.0,5.872931546678465,0.8981101068200493,21,0.8847677137981165,19.403165958195512,632.8606140630993,0.0969693658071342,0.8433101573857531,10,0.8284659629606219,9.152058190632449,387.6612501106265,0.1126813735960777,삼성1동,1123058
13.787297607160028,0.0982422785664903,2025-03-01,31,False,8.0,38.2,8.0,6.03529531417582,0.9020285513517512,21,0.8808757720329894,18.248745491483174,603.366546036611,0.0951754103895686,0.8594559710048449,10,0.8446107474388845,8.576098727861945,400.98153539167936,0.0767882695306847,삼성2동,1123059
14.243945466298408,0.0779986291980808,2025-03-01,31,False,8.0,38.2,8.0,6.416898395721925,0.9205406358347537,21,0.9057848034318624,19.8845097428381,697.3853409425617,0.0467957505140507,0.8820444261620732,10,0.8644719985896456,8.674755069205016,388.7811180214157,0.0835332419465387,대치1동,1123060
13.978718757953676,0.1093424063835389,2025-03-01,31,False,8.0,38.2,8.0,6.18958615423772,0.8856426571646729,21,0.8532909137185035,17.063518089255076,603.5984780676374,0.1150609319392356,0.8406861796894886,10,0.8288093662509544,8.042585690342516,395.9710754663444,0.0826811157936985,대치4동,1123063
13.950168672346036,0.1203186145320228,2025-03-01,31,False,8.0,38.2,8.0,6.043499890155491,0.8800673712988504,21,0.8541923987599774,16.9537076812046,586.2238846820999,0.1124010301957971,0.8356301413332683,10,0.8199863304611028,8.533907130083435,426.7568970641556,0.1142903324348516,역삼1동,1123064
13.868553612712056,0.0954927507469171,2025-03-01,31,False,8.0,38.2,8.0,6.061836149913711,0.9092221028296052,21,0.8876991957279151,18.3774677937136,613.402669475936,0.0862275813116061,0.8703975774152584,10,0.850300543779102,8.435908091720481,395.2082175634287,0.0740927482437837,역삼2동,1123065
12.992224767216053,0.0883172959419214,2025-03-01,31,False,8.0,38.2,8.0,5.62278743215655,0.926771398695414,21,0.9061041677040284,19.008456567816527,663.4895681719639,0.0511763268188031,0.8829587213065777,10,0.8616576208733754,8.63408327440186,385.40237906877167,0.0768527486851753,도곡1동,1123066
13.660865667359966,0.0766484295420416,2025-03-01,31,False,8.0,38.2,8.0,6.037975686724521,0.9227856271964426,21,0.9093401706949724,19.817031893148044,666.4552376935594,0.0862097934409358,0.8849157283224558,10,0.867571899878075,8.836445076257984,380.1502347445203,0.067360097451353,도곡2동,1123067
13.866334798994975,0.0835854353188068,2025-03-01,31,False,8.0,38.2,8.0,6.087748115577889,0.940536013400335,21,0.931218592964824,21.294673864648264,716.3036469926926,0.0381457558290067,0.905569514237856,10,0.8888190954773869,9.429220809248555,401.3108916372202,0.0622862243298856,개포1동,1123068
13.51905313523042,0.0896459345448729,2025-03-01,31,False,8.0,38.2,8.0,5.644251322085117,0.929266179803576,21,0.9099466129438428,19.972327287272265,644.9133528717291,0.0494678688764936,0.8895280785696299,10,0.8715723998992697,9.006718045610867,396.8717077711908,0.0690071106312934,개포4동,1123071
12.526316787559852,0.0705042498328717,2025-03-01,31,False,8.0,38.2,8.0,5.45183615417437,0.9346750106670458,21,0.926450007111364,20.020434012508183,697.8964958107341,0.0484313819119472,0.8937647560802162,10,0.8813198691509032,8.89337337644771,403.7513426481789,0.0805438831057205,일원본동,1123072
12.105017707103672,0.0958796771826852,2025-03-01,31,False,8.0,38.2,8.0,5.027240469411847,0.8994868411915838,21,0.8722567877230747,18.845930848086734,602.0167946967568,0.0734438738077769,0.8551628359141726,10,0.8336240538851469,8.664789098025205,389.3600792335207,0.0927923697725605,일원1동,1123073
12.26919870022124,0.0,2025-03-01,31,True,8.0,38.2,8.0,5.1902606471238935,0.910061532079646,21,0.8944227046460177,19.919718957421217,646.3977995629566,0.0,0.8668459623893805,10,0.8474771847345133,8.763255607326812,389.9240012938584,0.0,일원2동,1123074
11.30438340404113,0.1189498888318796,2025-03-01,31,False,8.0,38.2,8.0,4.622155029841087,0.918734450276839,21,0.9008808513698136,19.466234483643845,630.9987309624818,0.0615138410418041,0.8540490400517724,10,0.8268512260012943,8.887146471492585,362.2083954893547,0.1743360453468201,수서동,1123075
13.155663422480304,0.0927051331285202,2025-03-01,31,False,8.0,38.2,8.0,5.4798138000599765,0.928866988359096,21,0.927296147869469,21.838496332887903,763.8998798676434,0.1067348310291858,0.8899002208227693,10,0.88892641967231,9.633453793115278,444.4641733955986,0.072689452124936,세곡동,1123076
13.660715326643626,0.0882505703699998,2025-03-01,31,False,8.0,38.2,8.0,5.892736395053503,0.9003813965108048,21,0.8856231003039514,19.285839743512675,597.2040753718499,0.0449717027227713,0.8477020443852272,10,0.8271911562643128,8.918380216176816,355.6385192823148,0.10470184942232,압구정동,1123077
14.4251374263448,0.1007312839952651,2025-03-01,31,False,8.0,38.2,8.0,5.992191218399544,0.9080201482607868,21,0.8969340429576126,19.62841437074506,619.7911396359644,0.0679796373354247,0.8692309446873219,10,0.8501459798517392,9.18565337509709,384.5891987377415,0.0945392136215865,청담동,1123078
13.640510682017348,0.0942735656900194,2025-03-01,31,False,8.0,38.2,8.0,5.948956879098299,0.9245163629770646,21,0.9118994953615568,19.661647320380897,680.0073059290219,0.0489710355558677,0.8835808176955852,10,0.8732127640286467,8.640108210096052,387.6492721551512,0.0822361134373193,대치2동,1123079
13.118315125232812,0.0737867679479889,2025-03-01,31,False,8.0,38.2,8.0,5.733612987518417,0.9406073999944404,21,0.9320370833680816,21.01815993807865,702.0188819043807,0.0356451058679714,0.907356628582548,10,0.8911013815917493,9.175290061316764,413.3656203863352,0.0740057107583023,개포2동,1123080
13.649353009496483,0.1088794419184452,2025-04-01,30,False,7.0,94.6,2.0,5.734234474277515,0.8986909885905582,22,0.8836072965771675,20.423759956941318,647.3045208205756,0.0753497998289956,0.8379613308738131,8,0.8087155837944934,8.684585454503948,340.7687498870085,0.101955363064654,신사동,1123051
13.69100960530179,0.1166216110633643,2025-04-01,30,False,7.0,94.6,2.0,5.870958432951639,0.8831823329558324,22,0.8584467933392056,18.44766751440804,588.050519348214,0.1198468630361747,0.8185189379640114,8,0.7815020343106414,8.017745987431788,350.0063866166374,0.0965314998567596,논현1동,1123052
14.611770283141396,0.1138141732079437,2025-04-01,30,False,7.0,94.6,2.0,6.055020348082085,0.8904974456662914,22,0.869809074378734,19.335981823847973,603.9431335160035,0.0810799868499681,0.8389124599532426,8,0.8111117845700926,8.373002043638918,342.9602018301516,0.0886072464448759,논현2동,1123053
14.447848826111851,0.1187825179413785,2025-04-01,30,False,7.0,94.6,2.0,5.783573837246293,0.8961073996309727,22,0.8853069924285805,21.39182435253321,703.3871533026648,0.0831064289294073,0.841437297194121,8,0.8200935292994846,9.01472259462664,366.4581944945502,0.1117351341017943,삼성1동,1123058
14.143020937188432,0.1026349455265764,2025-04-01,30,False,7.0,94.6,2.0,5.942022081902441,0.9020261437908496,22,0.886245707322477,20.058218945077677,662.2141435108219,0.0816007758336084,0.8496901886931797,8,0.8240035449207932,8.385731693325559,360.2287288011028,0.0729634367778144,삼성2동,1123059
14.487225814105225,0.075834397227795,2025-04-01,30,False,7.0,94.6,2.0,6.310962097396049,0.9191494157423334,22,0.9070294798030726,22.002867544660084,776.278401155928,0.0537661863943096,0.8694477727030073,8,0.8416489708760899,8.452066609269192,349.4444342944291,0.086193689585993,대치1동,1123060
14.21310113046135,0.1181911478836048,2025-04-01,30,False,7.0,94.6,2.0,6.107031265913026,0.8904414909868623,22,0.8611543945411956,18.574653924258097,646.258832860771,0.1114005550832062,0.8267033302780324,8,0.7938394948569101,7.822711114396234,357.20701666899726,0.0786948428200624,대치4동,1123063
14.178702532424383,0.1208626504449493,2025-04-01,30,False,7.0,94.6,2.0,5.989009425836143,0.876080771786479,22,0.852024462875003,18.348703057127985,628.3835827293285,0.1095992784969585,0.8195624246302267,8,0.7944227598257574,8.210493095160306,376.33140585840425,0.1067769527698673,역삼1동,1123064
14.15802422382554,0.0986894989626955,2025-04-01,30,False,7.0,94.6,2.0,5.983886911951944,0.9099885736672,22,0.8897531912115177,20.09310341660609,670.623191524336,0.085978169912859,0.8558829290587967,8,0.8278469524338089,8.15586381503287,348.37515196125213,0.0706593887502357,역삼2동,1123065
13.242246447442673,0.094674271874985,2025-04-01,30,False,7.0,94.6,2.0,5.565611758066998,0.9235535833376084,22,0.9105863643359156,21.073237896486276,732.4045960239007,0.0498022613801819,0.8731077822808186,8,0.8470409890730007,8.45240077111594,349.34745138047293,0.0752944455389879,도곡1동,1123066
13.946007502300231,0.0776169690576274,2025-04-01,30,False,7.0,94.6,2.0,5.96135466062708,0.9197706844079552,22,0.9063065326633166,21.807976828795336,739.5182672241483,0.0839033999472542,0.8703708684266404,8,0.8470691485597,8.72222432744296,350.697005311558,0.0719925510099732,도곡2동,1123067
14.160020831266738,0.0855596228948212,2025-04-01,30,False,7.0,94.6,2.0,6.0369943457990285,0.9379029858148992,22,0.928578514036306,23.472291909042838,788.8967311184703,0.046969501569067,0.8967364348774923,8,0.8778890983037397,9.391863938053095,364.4515717514125,0.0640424061453197,개포1동,1123068
13.713970467596392,0.0910237998968252,2025-04-01,30,False,7.0,94.6,2.0,5.553767432321575,0.92424784659557,22,0.9098779737489744,22.10634131471781,709.5157309483802,0.0472372878992791,0.8782270303527483,8,0.8526989335520919,8.95699639907665,359.763322173478,0.0675968657195042,개포4동,1123071
12.68869934798358,0.0715369510888968,2025-04-01,30,False,7.0,94.6,2.0,5.336175319971021,0.9372228930210096,22,0.9311040811398212,21.85863647372869,767.7908181648892,0.0498418932014076,0.8895373098285437,8,0.8779531514127022,8.6517906033651,359.89978070768984,0.0796526750650278,일원본동,1123072
12.432665941979751,0.0906492302093666,2025-04-01,30,False,7.0,94.6,2.0,4.9934907262721655,0.9054786330593112,22,0.8795855696718526,20.434896291494283,667.3872465245755,0.0624812908300121,0.842909165024798,8,0.8230878456416877,8.556828919348936,366.87979636038864,0.0959875800458998,일원1동,1123073
12.34850304921288,0.0,2025-04-01,30,True,7.0,94.6,2.0,5.087695362359948,0.9136087079846832,22,0.8985952347184798,21.60264572859836,699.8623892222136,0.0,0.8600475109913488,8,0.8355644589419939,8.511737584296018,352.92039864620017,0.0,일원2동,1123074
11.531146336191366,0.1183871569908531,2025-04-01,30,False,7.0,94.6,2.0,4.513043446934217,0.9168419914979464,22,0.902721377620866,21.32538402417317,692.4120567297769,0.0661962541223321,0.8480502918077671,8,0.8187398227538006,8.745288379273227,343.2829463914061,0.1588700143114927,수서동,1123075
13.38943761080049,0.0957988735527712,2025-04-01,30,False,7.0,94.6,2.0,5.398110732306014,0.9252794217918996,22,0.9248454929769536,23.62696959237291,840.044599583715,0.1111337151594597,0.8813380608209463,8,0.8747639438156279,9.3446044377931,404.6241055777999,0.0750844507298282,세곡동,1123076
14.0689375675451,0.0905061041600939,2025-04-01,30,False,7.0,94.6,2.0,5.871086540859589,0.8989147061268602,22,0.8845635547427052,21.278125532632107,660.6552776324984,0.0492246498644185,0.8357099509518664,8,0.8056924931415744,8.740567451410085,336.38610374883604,0.1002663706105757,압구정동,1123077
14.774802290281675,0.1028351115932189,2025-04-01,30,False,7.0,94.6,2.0,5.9351481381854505,0.902279521961342,22,0.8931168581639318,21.48751960177206,684.2884115365651,0.0616274146798505,0.8547081427967567,8,0.8303996464665871,8.96343492759442,352.61011643032765,0.0907977242949798,청담동,1123078
13.89714207600474,0.0913075440804642,2025-04-01,30,False,7.0,94.6,2.0,5.835026580394301,0.921364561499438,22,0.9076773292019806,21.60895195909055,752.9292001795191,0.0637565577696343,0.869453810869103,8,0.8431404356146907,8.430076784800262,353.18818861883875,0.0794896356609006,대치2동,1123079
13.36986656659161,0.0757446434623253,2025-04-01,30,False,7.0,94.6,2.0,5.641001862507992,0.9389658910849804,22,0.92955133016429,23.05899746339419,769.621768783223,0.0380606007355433,0.8995207516748672,8,0.8776401745753759,8.960698806432692,364.7289158936821,0.0777717807428234,개포2동,1123080
14.082120229139347,0.1103039318163544,2025-05-01,31,False,12.0,123.6,0.0,5.728116502174062,0.9086417282076056,22,0.8963586168817724,22.769031021677424,748.9655534466643,0.0644206802283508,0.8480364414383326,9,0.82174684243219,9.09751219968748,371.4329231355864,0.1038996542574575,신사동,1123051
14.042338994594136,0.1136565222429394,2025-05-01,31,False,12.0,123.6,0.0,5.915765121525561,0.8902047418379944,22,0.8710598901800536,20.4043663399571,659.2160105376272,0.1105478831547788,0.8199459413442303,9,0.7910947941940153,8.367635149060453,374.5812288817063,0.1037080344257286,논현1동,1123052
14.834876958484552,0.1133514663169669,2025-05-01,31,False,12.0,123.6,0.0,6.023532796317607,0.8976113127378951,22,0.8815012835266,21.31193400303639,694.384888369725,0.0865407901521753,0.8419717624148004,9,0.8153872709568912,8.693868886446296,377.657287402716,0.087863696196192,논현2동,1123053
14.414026218443766,0.1161151483017808,2025-05-01,31,False,12.0,123.6,0.0,5.710618469725485,0.905657732493997,22,0.891767149068726,23.392811516501283,801.841940829212,0.0789227458441193,0.8478577454734246,9,0.827919397754559,9.32519406581429,397.7145555406623,0.1124972709977232,삼성1동,1123058
14.379860386564085,0.1022035668165369,2025-05-01,31,False,12.0,123.6,0.0,5.886132107337211,0.9093023081253518,22,0.8963531619440797,22.18767714777228,749.0340669998699,0.0774203912829459,0.8524285982360668,9,0.8279677237755677,8.760021516350136,392.3732425616014,0.073157017780533,삼성2동,1123059
14.680706851952111,0.0806647236653934,2025-05-01,31,False,12.0,123.6,0.0,6.254201407688143,0.9245509234193588,22,0.9082963364013716,24.453499262467297,902.6488437147524,0.0610054126464039,0.8733369427901101,9,0.8365812428562834,8.819029149687136,388.9671411118119,0.0807190311543961,대치1동,1123060
14.375328606913682,0.1149510197526899,2025-05-01,31,False,12.0,123.6,0.0,6.069668805630304,0.899586524529083,22,0.8713051128130821,20.41828059879392,726.0300754583628,0.1221870601460432,0.8301247153798387,9,0.8018303663837715,8.031906201044427,382.6973960103442,0.0804863072577674,대치4동,1123063
14.585889457626266,0.1208651695493313,2025-05-01,31,False,12.0,123.6,0.0,5.986593459240021,0.8901881035830455,22,0.8690968002218917,20.17990768743572,700.6937880078949,0.1024286295930075,0.825682694974659,9,0.7985680425628484,8.56156520769871,403.9733012076572,0.1049534948894611,역삼1동,1123064
14.3003106905337,0.0973481009294201,2025-05-01,31,False,12.0,123.6,0.0,5.916389173808027,0.913877841379082,22,0.8974069417331172,22.270171353284727,756.7245129492932,0.0928961948941458,0.8578000198524303,9,0.8284584587896635,8.424465338671235,378.4601347804381,0.0726949152231726,역삼2동,1123065
13.3625787801448,0.0973882673523824,2025-05-01,31,False,12.0,123.6,0.0,5.499934371581853,0.9296432105838848,22,0.9157497786343038,23.356163432543976,859.1833068205862,0.0477970102281668,0.876864420021876,9,0.8465404448148341,8.798017038394006,382.0834647040835,0.0720673178407629,도곡1동,1123066
14.052585810713772,0.0822593037474704,2025-05-01,31,False,12.0,123.6,0.0,5.941317320120638,0.919797501077122,22,0.9081613528651444,24.12891696137902,867.9081210447807,0.0804358882792801,0.8682399827660492,9,0.8407500359040643,9.025428153411886,389.09863664917617,0.0711835427285221,도곡2동,1123067
14.3893671526934,0.0846041888653223,2025-05-01,31,False,12.0,123.6,0.0,6.023897326852977,0.9414742810854596,22,0.932766302146618,25.900473220047324,909.09911202779,0.0475457390345643,0.9034021871202916,9,0.8856824625354395,9.788720017933198,397.5506756602263,0.068520317442177,개포1동,1123068
14.023583234642912,0.0939199329019557,2025-05-01,31,False,12.0,123.6,0.0,5.578357963029711,0.9246089284794808,22,0.9146877091807838,24.39313474037456,811.7472377231671,0.0457452007222744,0.883669738942382,9,0.8603321147211782,9.327476201436331,398.398049484963,0.0711287790304748,개포4동,1123071
12.854714900614209,0.0772941110143638,2025-05-01,31,False,12.0,123.6,0.0,5.305283648498332,0.9339928422885332,22,0.9301136528509938,24.451684528460557,920.0089284711491,0.0544046806191547,0.8882086376166756,9,0.876955554480824,9.093269071503128,403.4737993449444,0.0821739321084711,일원본동,1123072
12.59684802872333,0.0945568871706332,2025-05-01,31,False,12.0,123.6,0.0,4.961715804736588,0.9312683836221778,22,0.911530069736933,22.519745595200312,768.3983494007206,0.0619760665880178,0.8646440654560519,9,0.8398888351860803,8.921740823021345,394.6409091499501,0.0973115771268613,일원1동,1123073
12.500376995438996,0.0,2025-05-01,31,True,12.0,123.6,0.0,5.029119156214367,0.9257846351197264,22,0.907109464082098,23.77959268271467,827.8988820809267,0.0,0.8666120296465222,9,0.8419761972633979,8.87074912625511,383.613329733271,0.0,일원2동,1123074
11.901415246895754,0.119396934626212,2025-05-01,31,False,12.0,123.6,0.0,4.583102367889113,0.9363766965059198,22,0.9242723072480508,24.23420089447825,839.923381991124,0.0537528933375039,0.8750339301183944,9,0.8481403407450188,9.401594971359554,396.6379230859586,0.1643565842977792,수서동,1123075
13.527522153117948,0.0949464543565105,2025-05-01,31,False,12.0,123.6,0.0,5.339751499807365,0.9292806428532114,22,0.9291466233694756,25.76619564560741,982.291476486472,0.1110630156721374,0.8812138807859542,9,0.8797503990313171,9.638795392477878,442.7396518027037,0.0743410465934661,세곡동,1123076
14.286791457392482,0.0929205673188959,2025-05-01,31,False,12.0,123.6,0.0,5.869262229350441,0.9080137593382012,22,0.8977579875912718,23.66197474431254,771.2614931938856,0.0528225320422676,0.8442417591693748,9,0.8168619423458405,9.199889324498493,374.39507260806727,0.1016352605568725,압구정동,1123077
15.02320761340146,0.1047290281077302,2025-05-01,31,False,12.0,123.6,0.0,5.950340496899255,0.90730332696283,22,0.8992441202855026,23.55214183863625,792.2655469965805,0.0584290265881196,0.8593938921174773,9,0.8367576738562346,9.31036487700826,390.6615392872908,0.0914932200041536,청담동,1123078
14.02603494582163,0.091372240633601,2025-05-01,31,False,12.0,123.6,0.0,5.772256351680919,0.9265560460593338,22,0.9127481245948198,23.94132628416205,875.1915213424586,0.0674380722350165,0.8703297008612972,9,0.8443595838607106,8.721728294562507,385.84470125046886,0.0777734089760152,대치2동,1123079
13.554565614547908,0.0770760098214761,2025-05-01,31,False,12.0,123.6,0.0,5.621162483487451,0.9399575592343798,22,0.9309328536496247,25.475001101883063,888.823592842267,0.0399412969240466,0.8983737598021305,9,0.8721515500716714,9.344616453150556,402.05074419244687,0.0787944545662651,개포2동,1123080
13.834810205351586,0.1113859232652655,2025-06-01,30,False,12.0,98.1,0.0,5.647727304155431,0.9125299038926916,21,0.9057664384982368,22.34165770060737,759.0785410569384,0.0688010870961193,0.8646131507985895,9,0.850963147341492,9.889049908435894,423.71755515345137,0.1075620295222825,신사동,1123051
14.077807820655432,0.111485179673107,2025-06-01,30,False,12.0,98.1,0.0,5.847228544536664,0.9040639171729272,21,0.8890202789424146,20.04341038227601,679.7460563879816,0.1120304383267662,0.8541486266792163,9,0.8331363908616413,9.002079708007113,420.73866704016126,0.0842845310447767,논현1동,1123052
14.836461996093057,0.1162757324677543,2025-06-01,30,False,12.0,98.1,0.0,5.937999467234949,0.90688687622092,21,0.8940689930740544,21.06664662755449,720.7688190640484,0.0913368070385239,0.8629737169241699,9,0.8447717989699876,9.450402919699016,432.95282231007104,0.0717434013837874,논현2동,1123053
14.41044621147401,0.1167483281467258,2025-06-01,30,False,12.0,98.1,0.0,5.633480975225077,0.9123329171321548,21,0.9030400210291124,23.188827743631222,833.9543215544669,0.0792612946655189,0.8656535453768811,9,0.8525445225734376,10.12001877374712,457.7709350528822,0.0954997903286322,삼성1동,1123058
14.321303102265444,0.1024481508647723,2025-06-01,30,False,12.0,98.1,0.0,5.815985148328245,0.9197451845150588,21,0.9075423121866636,21.817962583483887,775.2034771573078,0.0821655983246696,0.8776847977684797,9,0.8648780579742922,9.435061307931164,456.2302873822968,0.0678827693975826,삼성2동,1123059
14.415892781251898,0.087777323572039,2025-06-01,30,False,12.0,98.1,0.0,6.136084026470767,0.936057919980572,21,0.9259358873171027,24.117557551948035,918.4263673743974,0.0557062692779367,0.9006733045959566,9,0.8884166110132962,9.73822508137855,459.10814740680553,0.0902671968486379,대치1동,1123060
14.32944122105483,0.1181685251276779,2025-06-01,30,False,12.0,98.1,0.0,5.996231770424965,0.9047028383252312,21,0.8816747687000157,20.219313514603478,737.8388305848232,0.1241751801509744,0.8627641001515864,9,0.8380602164026973,8.718827133192855,439.3220960922301,0.0670097372064089,대치4동,1123063
14.4639492224528,0.117537000355132,2025-06-01,30,False,12.0,98.1,0.0,5.920488560961238,0.9010934337611765,21,0.8857799810416825,20.07186181316135,718.0113831434304,0.1027730962664304,0.8506110214433941,9,0.8324171854584582,9.296903960315523,466.4295522092692,0.0847996235711788,역삼1동,1123064
14.14127398667683,0.0960528497467243,2025-06-01,30,False,12.0,98.1,0.0,5.826620488516223,0.9268329301030724,21,0.9136307294601134,21.880723166864115,774.0669268305777,0.1015021415250937,0.8861694229940675,9,0.8676309945978192,9.237176494171864,447.053870846246,0.0642383007897281,역삼2동,1123065
13.280896489457753,0.0947672327573889,2025-06-01,30,False,12.0,98.1,0.0,5.491703754846248,0.9380105156938764,21,0.9256126188326518,23.06718580778856,873.8690105437344,0.0534904001064191,0.8981539115194644,9,0.878814594508471,9.624763844852035,452.45234420929216,0.0699311724335003,도곡1동,1123066
14.000724762726488,0.0765431557967245,2025-06-01,30,False,12.0,98.1,0.0,5.814827077940753,0.9320632010353752,21,0.9231974403221168,23.81666456455171,891.4185927266949,0.0794068849963587,0.8956496261144665,9,0.8792407247627264,9.831707631920024,455.1702658139033,0.0736575242705156,도곡2동,1123067
14.187166632210047,0.0820181093910951,2025-06-01,30,False,12.0,98.1,0.0,5.916802770312177,0.9496588794707465,21,0.9457308248914617,25.558000435397844,934.7863897693736,0.0352211088940593,0.9228860864172008,9,0.9116187719660946,10.600565636200717,477.6162206599387,0.0615604042557789,개포1동,1123068
13.966845025146474,0.0956567286729522,2025-06-01,30,False,12.0,98.1,0.0,5.440471820397159,0.9368403587908956,21,0.9275237206408462,23.826830377600327,826.5695565356654,0.0461507970214332,0.9060465598589724,9,0.8918188417068493,9.936662788728077,449.9362309605936,0.0692049605028455,개포4동,1123071
12.77431622882396,0.0806950328167085,2025-06-01,30,False,12.0,98.1,0.0,5.2023039528603,0.94475619936165,21,0.9411843849742204,24.21351798548438,924.3989094036592,0.0662633950668869,0.9150851951878222,9,0.908056960471397,10.028817517550982,480.09898140227057,0.0859341351624121,일원본동,1123072
12.51265465881538,0.0985851587289421,2025-06-01,30,False,12.0,98.1,0.0,4.846391409767925,0.942629026671285,21,0.9300720471077244,22.54214599999265,777.090665952111,0.0674218618268773,0.8978330446830621,9,0.8780457222029788,9.706343055904917,453.8201887398329,0.1006821282401091,일원1동,1123073
12.508871154962272,0.0,2025-06-01,30,True,12.0,98.1,0.0,4.999450812536273,0.9356855774811376,21,0.9234540046430644,23.763716444052285,833.5934161973274,0.0,0.8956239117817759,9,0.8780346778874056,9.842689157313568,453.1721994690498,0.0,일원2동,1123074
11.720360275562,0.125248059930264,2025-06-01,30,False,12.0,98.1,0.0,4.472501377810007,0.9459659173313996,21,0.9326671501087744,23.61508949495089,844.4788051064106,0.0574915367788498,0.8993923132704857,9,0.8785924583031182,10.100330615627987,455.57001343701074,0.1644174207857726,수서동,1123075
13.431729267076618,0.0951349330467045,2025-06-01,30,False,12.0,98.1,0.0,5.276292172178827,0.9399864273447456,21,0.94035676693812,25.38733957087277,977.091966510706,0.1132139083934046,0.9036144811921776,9,0.9027616198548556,10.414722700337713,511.6628421367535,0.0748227903242765,세곡동,1123076
14.27851806152406,0.0910056512003674,2025-06-01,30,False,12.0,98.1,0.0,5.788159809386036,0.9173186401735948,21,0.9086682551163682,23.203781075281984,805.2065021916115,0.0533255140623846,0.8690724588350422,9,0.8488622729013316,9.845486161870692,426.2110223193946,0.1038295289572756,압구정동,1123077
14.955382619974056,0.1078964997487857,2025-06-01,30,False,12.0,98.1,0.0,5.824194473922099,0.916132531541092,21,0.910272373540856,23.275088613231883,821.3628286973347,0.0646143861999665,0.880270015328381,9,0.8653613960617852,10.148952547048204,453.68178849990846,0.0864726385865014,청담동,1123078
13.86554443442852,0.0884023176896973,2025-06-01,30,False,12.0,98.1,0.0,5.663820521587765,0.9368916104566224,21,0.9268459171303348,23.835817965982255,897.4225582006039,0.0599102010665066,0.9047393615367878,9,0.8856759193062075,9.650877539864984,452.7249357668599,0.0778930723239225,대치2동,1123079
13.354377705474606,0.078311785707418,2025-06-01,30,False,12.0,98.1,0.0,5.501003536568114,0.9496081482529354,21,0.9444487197623428,25.031935430626355,903.5563254061976,0.035946183281948,0.9215136511529212,9,0.9064085443485642,10.18048399031037,477.3150474404446,0.0816641134278993,개포2동,1123080
13.876813620319746,0.11623769667732714,2025-07-01,31,False,10.0,293.9,0.0,5.67005052252751,0.9019039379887882,23,0.896614298567375,20.41568902844698,687.4607078867293,0.06895239198520499,0.8675686898747318,8,0.858518928645581,11.205906585297754,475.3772881656528,0.0953773846414815,신사동,1123051
14.203254299335944,0.11411616889580263,2025-07-01,31,False,10.0,293.9,0.0,5.853608462455304,0.8913991997275669,23,0.8730993529712242,18.312594677841048,636.7230116255544,0.11406612891821186,0.8572194789715648,8,0.8364945513366252,10.216666607077238,480.6693943594527,0.08123337666505306,논현1동,1123052
14.787256826699982,0.12034726438149551,2025-07-01,31,False,10.0,293.9,0.0,5.929979921470641,0.8919534178118864,23,0.8790656791004821,19.356194469762077,666.2200937689387,0.09072866702553403,0.8640670176691059,8,0.8471318936284132,10.755203612409096,482.8117370872731,0.07401725659074844,논현2동,1123053
14.410969284170541,0.12096464363728168,2025-07-01,31,False,10.0,293.9,0.0,5.61450062217565,0.9036924487523741,23,0.8978793634160718,21.664256273154724,769.1186412413965,0.07766654592155958,0.8743093850284891,8,0.8647927172702863,11.703324611624268,512.178760204839,0.10127221435549554,삼성1동,1123058
14.415516504927123,0.10037092082364749,2025-07-01,31,False,10.0,293.9,0.0,5.850663943946945,0.9103859267863165,23,0.8957004758514744,20.042323110931303,716.9808748501905,0.07870423298570094,0.8846876990520439,8,0.872436584360598,10.756242692628103,510.0010879659653,0.06792805152242676,삼성2동,1123059
14.467995622834215,0.08396632366697848,2025-07-01,31,False,10.0,293.9,0.0,6.140690619490546,0.9314675664174114,23,0.9253760106997385,22.626561956857298,850.4310917313724,0.04667913938260056,0.9102401361784912,8,0.9022159401787343,11.413072484695315,517.4229517504406,0.08858746492048643,대치1동,1123060
14.429735911831983,0.11432391776700651,2025-07-01,31,False,10.0,293.9,0.0,5.991565814098565,0.9073294863797047,23,0.8838875025992929,18.72851808158759,685.1093124112629,0.11571740085280387,0.8747166770638386,8,0.8538199209814932,10.073043875419366,497.27920031441636,0.06572692395896902,대치4동,1123063
14.657468427818811,0.11803281393066013,2025-07-01,31,False,10.0,293.9,0.0,5.987809482997656,0.8851427995261022,23,0.8663300647828388,18.54333652194962,674.9379534470548,0.10660430535047995,0.8518285397393562,8,0.836749262685589,10.638574389464766,528.9314904105116,0.08647160882847063,역삼1동,1123064
14.14059645087085,0.0996160078130202,2025-07-01,31,False,10.0,293.9,0.0,5.839444627012816,0.9156046664475845,23,0.8995573447255997,20.12667760037471,717.2861321612521,0.09811777240139391,0.8873447255997371,8,0.8726569175156096,10.608788074172557,501.4991953778862,0.06993429960269017,역삼2동,1123065
13.350104801625493,0.09305436696471606,2025-07-01,31,False,10.0,293.9,0.0,5.517564966313763,0.932879371190247,23,0.9218885680675863,21.10580983463358,794.3008799175926,0.05811963289757133,0.9034236980002138,8,0.8884830499411828,10.961584479720738,507.94062234863,0.07460087939327766,도곡1동,1123066
13.97162876879902,0.07778725277143564,2025-07-01,31,False,10.0,293.9,0.0,5.806075411959416,0.9259318557962151,23,0.9189364611067138,21.91237950911878,808.7677383782573,0.07885456496025087,0.8992537957832626,8,0.8833093473411526,11.308910116324569,511.23538536172083,0.07031056584050835,도곡2동,1123067
14.243392988735655,0.08022396958945024,2025-07-01,31,False,10.0,293.9,0.0,5.954245710074745,0.9488367196547005,23,0.9426255395304769,23.800860978586485,867.3095644404735,0.029830811963146294,0.9285187914517318,8,0.918728287188125,12.354509070294785,546.3690042397159,0.0619805751145716,개포1동,1123068
13.908344552609774,0.09004122139559834,2025-07-01,31,False,10.0,293.9,0.0,5.425493475559238,0.9319537075393537,23,0.9237489643744823,22.180361097884255,762.2010679819546,0.040557900532207744,0.9140922742336371,8,0.9022436826843412,11.586256030861698,516.4398718271731,0.06671301720852096,개포4동,1123071
12.74390531098842,0.07502330215665477,2025-07-01,31,False,10.0,293.9,0.0,5.210958127717789,0.9394410514486735,23,0.9385181023110374,22.381344566179553,831.673885723359,0.05435027159065342,0.9182415595837202,8,0.9117677236527093,11.615801693657167,538.285072833132,0.08606048918458521,일원본동,1123072
12.558792597145395,0.09762047638720106,2025-07-01,31,False,10.0,293.9,0.0,4.8810421361742815,0.9302957044321518,23,0.9210291606911152,20.52512704150248,714.9526941941759,0.0684727444884371,0.8943891279109473,8,0.8774861708666257,10.93787931010786,507.72307380401475,0.09974338175206032,일원1동,1123073
12.535983346842531,0.0,2025-07-01,31,True,10.0,293.9,0.0,5.002118487952251,0.9382617345810922,23,0.9320595387222754,21.81671434798145,761.9434434555197,0.0,0.9103065359958736,8,0.8925569228501953,11.247741855320278,509.50758652972166,0.0,일원2동,1123074
11.60355771195097,0.12602949870548183,2025-07-01,31,False,10.0,293.9,0.0,4.493313001605136,0.9239778199328762,23,0.9150496133080402,21.2843904235931,735.434432591513,0.06553370843781216,0.8838815117466803,8,0.8701196556252736,11.343701710680111,494.82108142305884,0.1601150796077712,수서동,1123075
13.406606873849244,0.09427763822249148,2025-07-01,31,False,10.0,293.9,0.0,5.29436534062378,0.929674161691681,23,0.9298105785861741,23.337895058079347,877.1563922461423,0.11540617840353588,0.9066339340512192,8,0.9072041510907772,11.977708395898977,568.854841105252,0.07795720069017109,세곡동,1123076
14.302240859484478,0.09117516847852823,2025-07-01,31,False,10.0,293.9,0.0,5.805206165866915,0.9066898806743385,23,0.8974334366639773,21.371146858039946,742.8397467263122,0.051379802252939165,0.8718722663382734,8,0.8581842116438065,11.242578907173874,475.3162654420868,0.10514535884696741,압구정동,1123077
15.072943489716465,0.10726326427752549,2025-07-01,31,False,10.0,293.9,0.0,5.869379055409179,0.9147213811003184,23,0.9033430335443785,21.571488444978495,758.5108549565084,0.06574621272461853,0.8852479452593496,8,0.8746785166542136,11.730914687372422,512.6774278668478,0.08350155512669517,청담동,1123078
13.895429420970265,0.08523994479610078,2025-07-01,31,False,10.0,293.9,0.0,5.690149608763694,0.932091392801252,23,0.9209129890453833,21.88876726643636,818.6310506379837,0.05524466158495752,0.9076222222222222,8,0.8943217527386541,11.036442867966066,509.26398692078493,0.07613828926144403,대치2동,1123079
13.258620125677886,0.07812952790639267,2025-07-01,31,False,10.0,293.9,0.0,5.47909557831913,0.945742446414737,23,0.9425399558118851,23.260685993688725,829.5535386894849,0.03494497285671048,0.9266652319876043,8,0.9166603540787926,11.728794920361256,533.2848009533429,0.07924359411927592,개포2동,1123080
13.50546679701138,0.10664847912897626,2025-08-01,31,False,12.0,290.3,0.0,5.593486488373717,0.9116346623839118,21,0.9049877801829481,22.212160289287596,734.119037285316,0.07222540458342433,0.8545248236854969,10,0.8276139934362126,9.251042038299836,377.67466949763167,0.10087489748904832,신사동,1123051
13.910507401386155,0.1146482212493902,2025-08-01,31,False,12.0,290.3,0.0,5.757340207067682,0.8975673825618208,21,0.8821900402156241,20.05017620332759,670.8336786401369,0.11146895104727944,0.8388093608282708,10,0.8088025156156412,8.526456317934054,387.2767255612948,0.08462552304210305,논현1동,1123052
14.533530225295559,0.12084733441444558,2025-08-01,31,False,12.0,290.3,0.0,5.876153914789203,0.900128931519072,21,0.8934780281061789,21.077490542163392,701.1990552900014,0.09225378008008366,0.8484140084764666,10,0.8241186705331253,8.96096468460131,390.8527485002127,0.07445609718487188,논현2동,1123053
14.14994488136049,0.117037342502243,2025-08-01,31,False,12.0,290.3,0.0,5.585871479464945,0.9161107750218458,21,0.9114525778046649,23.542552267301,806.5772504144641,0.07268441378234243,0.8655676547691066,10,0.8445607313302413,9.696288971464737,409.4432324169706,0.10089329997157936,삼성1동,1123058
14.128316293809183,0.10309981584416024,2025-08-01,31,False,12.0,290.3,0.0,5.805300863922737,0.9197627041913458,21,0.9092760402912439,21.83038880400654,762.4532939593016,0.08177195086924936,0.8696001056324744,10,0.8468008450597956,8.841411288870649,401.2830834419266,0.07409738295967157,삼성2동,1123059
14.120502916794596,0.08596481491758699,2025-08-01,31,False,12.0,290.3,0.0,6.087189438133252,0.9357961314092722,21,0.92941848326681,24.282017731622688,900.745686818741,0.04678395027471003,0.8892176849861836,10,0.8698403438747315,9.354887814370784,400.83204736204885,0.09083004976228795,대치1동,1123060
14.185180779220778,0.11381721354051012,2025-08-01,31,False,12.0,290.3,0.0,5.958704415584416,0.91567012987013,21,0.8938109090909091,20.3591096436362,722.9363811922217,0.10462594833195915,0.8506067532467533,10,0.8219942857142857,8.35341156015141,391.49079695311815,0.066014910703769,대치4동,1123063
14.286770645973586,0.11663766105916365,2025-08-01,31,False,12.0,290.3,0.0,5.882800503623002,0.8946639087311783,21,0.8820155198108844,20.10816511782663,706.6249916419722,0.10876545370827682,0.8387376021378282,10,0.8150115627730099,8.737697971232759,420.21944931084647,0.08669016102292985,역삼1동,1123064
13.901776398335866,0.10197620432162012,2025-08-01,31,False,12.0,290.3,0.0,5.780026084659578,0.9216238526051641,21,0.9087898699068877,21.98313907847078,763.8738055582098,0.09270161253103684,0.8692910915934755,10,0.844123687512382,8.734167350682846,391.6280490144192,0.06934160366996188,역삼2동,1123065
13.116812620734063,0.09593315145251588,2025-08-01,31,False,12.0,290.3,0.0,5.481765400300493,0.9324855119124276,21,0.9289724189740288,22.94457366870375,838.5746432224894,0.058541459520089344,0.8813887100236101,10,0.8626722472633612,9.013346162931434,387.47273236647186,0.07327968339023232,도곡1동,1123066
13.654270072992702,0.07996531259315465,2025-08-01,31,False,12.0,290.3,0.0,5.743445833634458,0.9304701163547012,21,0.9229760786297607,23.668552534133234,850.627750258002,0.0810492940570716,0.8801261111512612,10,0.8552872732528728,9.25460132998804,396.1881630108639,0.07615511774748651,도곡2동,1123067
13.92758481335744,0.08175830311846799,2025-08-01,31,False,12.0,290.3,0.0,5.9093406359672445,0.9510794427310433,21,0.9472508773795597,25.911119311193115,922.7644594139442,0.029344236399637052,0.9105604594278421,10,0.8943954057215783,10.17181616444756,420.99218549346017,0.0632950917833934,개포1동,1123068
13.598393978717882,0.08955270883560135,2025-08-01,31,False,12.0,290.3,0.0,5.380196729820919,0.935909161692188,21,0.9305123280560602,24.122619164749985,819.732602876664,0.03873864101586147,0.8975925253049571,10,0.8775805865559306,9.613758260988241,414.90587169263574,0.06946432133022147,개포4동,1123071
12.579815006150062,0.07591320536688709,2025-08-01,31,False,12.0,290.3,0.0,5.171563099630997,0.9496270602706026,21,0.9489205412054119,24.7014747344332,892.225773448279,0.04373756178981832,0.9062445264452643,10,0.8930022140221401,9.65658868194547,413.70541723621744,0.09020350516787572,일원본동,1123072
12.238412644227488,0.09270562277409375,2025-08-01,31,False,12.0,290.3,0.0,4.800791288318427,0.935533556359664,21,0.9268252884549737,22.475251920051146,773.9505558809035,0.05794251316057701,0.8753348808629754,10,0.8497904007646617,9.04139328899472,401.0875760672554,0.09872831052966075,일원1동,1123073
12.240545347206849,0.0,2025-08-01,31,True,12.0,290.3,0.0,4.928383883108258,0.9422145967087301,21,0.9325083019703343,23.612443869219412,813.644557335068,0.0,0.8890605859346173,10,0.8634277913069146,9.182804461613292,393.3181242890145,0.0,일원2동,1123074
11.38467436980912,0.12626718859781189,2025-08-01,31,False,12.0,290.3,0.0,4.397003438729419,0.9355704502404196,21,0.9289290397785225,23.34120360016322,777.300744999404,0.05710378400080297,0.8711897129535188,10,0.8430737286900771,9.344638629530982,387.1252322971856,0.16016009234166415,수서동,1123075
13.150303961557803,0.09377526273241713,2025-08-01,31,False,12.0,290.3,0.0,5.212537576130078,0.9333167569983796,21,0.9340850421858412,25.34013935943035,945.1858147478184,0.11138354349148673,0.8890286081466168,10,0.88570766050176,9.838664372229307,445.97845378768335,0.08085407829050996,세곡동,1123076
14.04152993063287,0.09159096012902436,2025-08-01,31,False,12.0,290.3,0.0,5.725673974479747,0.9086109445919329,21,0.8998488481630555,23.31044416744817,783.4319593939016,0.047396035359206265,0.849329022865462,10,0.8255849105078359,9.356779896174636,379.38130484821363,0.10924606496131313,압구정동,1123077
14.689053346653349,0.10704816905105657,2025-08-01,31,False,12.0,290.3,0.0,5.775247552447553,0.9225678321678322,21,0.9150209790209791,23.580873200197853,805.0927663242848,0.06303714398214988,0.8731388611388613,10,0.8529526473526473,9.714340796236206,408.02247150405196,0.0875495471846699,청담동,1123078
13.577538101186759,0.09151651997603796,2025-08-01,31,False,12.0,290.3,0.0,5.61970986883198,0.9324693941286696,21,0.9242970018738288,23.525768839296568,869.8652911188307,0.056161006405234776,0.8837767020612117,10,0.8600861961274203,8.9203613579928,398.33698239939343,0.08186258697755863,대치2동,1123079
12.9461244238312,0.08031478913163938,2025-08-01,31,False,12.0,290.3,0.0,5.424803744739329,0.951101090784162,21,0.9487391565747658,25.233331488115507,887.1222769792608,0.033333440099420575,0.913888745741361,10,0.89372097683873,9.614038316831246,410.5822953232204,0.0824319606417496,개포2동,1123080
13.784785203692136,0.10999827460130966,2025-09-01,30,False,13.0,370.7,0.0,5.6727420362273575,0.9336220417794435,22,0.9288534943438128,33.63083049620295,1127.1091553850351,0.08165654706641141,0.8827718786869319,8,0.8670150600319245,12.961381052936117,532.0510098360498,0.09768221442597631,신사동,1123051
14.089475244971636,0.11294457097148394,2025-09-01,30,False,13.0,370.7,0.0,5.779316228296373,0.9297365480488224,22,0.924192453154547,30.796644088621562,1037.3089657139963,0.11647702161047882,0.8776908200103146,8,0.8620169331270415,12.148991171823088,550.3259808170645,0.08042900123422973,논현1동,1123052
14.77479493716177,0.12089537018152151,2025-09-01,30,False,13.0,370.7,0.0,5.916619705711347,0.9265298090254483,22,0.9231387808041505,32.244736796374646,1075.3628375045905,0.0942263240193079,0.8822876693948746,8,0.8696972136499842,12.733596773367763,557.7461663793689,0.0723893534570671,논현2동,1123053
14.40100139822891,0.11767049604887442,2025-09-01,30,False,13.0,370.7,0.0,5.6741906917903995,0.9392356348625076,22,0.9408642386310673,36.10912645200257,1244.2638355115478,0.08133010160037188,0.8913642719222318,8,0.8838198282175911,13.827717084721453,577.963739201708,0.09879474068663259,삼성1동,1123058
14.384757499719113,0.10266474650744763,2025-09-01,30,False,13.0,370.7,0.0,5.875471330661774,0.9423515973184525,22,0.9416093030223586,33.50856384676253,1180.880003603545,0.08746044927520996,0.8998767836410622,8,0.8895824126437212,12.603594023708556,574.9021127330993,0.07057005602800348,삼성2동,1123059
14.286572321264474,0.08221840197324165,2025-09-01,30,False,13.0,370.7,0.0,6.184167126141027,0.9534987441034124,22,0.9513330882803407,37.080573755008366,1360.064026664331,0.05349801928395247,0.9167181277951357,8,0.9003265331127857,13.026036913601615,558.4689965657392,0.09023469616563272,대치1동,1123060
14.256891856369274,0.11166787088207149,2025-09-01,30,False,13.0,370.7,0.0,5.9484732663897795,0.9378318700383786,22,0.9276157930708164,30.79768856125795,1096.7176653661434,0.1056279169677205,0.8859465853530308,8,0.8658356553283212,11.67404446702062,548.7713844688162,0.06711906110254057,대치4동,1123063
14.48131946576604,0.11528669664330116,2025-09-01,30,False,13.0,370.7,0.0,5.926272131818647,0.9252650701054139,22,0.9204242145123325,30.840843001117715,1105.6777952602251,0.12379369935895121,0.8755124859277453,8,0.8605127417869205,12.416496769440418,601.6081151263012,0.08529471322013962,역삼1동,1123064
14.124581285662458,0.09911416758921625,2025-09-01,30,False,13.0,370.7,0.0,5.853283749464032,0.944925294369867,22,0.9416158184636696,33.7667202528239,1189.3039171420216,0.09883694067159145,0.9045054256406874,8,0.8914370526732414,12.44990237276516,561.9954574825326,0.06693551517078103,역삼2동,1123065
13.275353681392236,0.09296499724387747,2025-09-01,30,False,13.0,370.7,0.0,5.5558484605087015,0.9572958500669344,22,0.9574061579651941,35.940464119703535,1307.3345511131147,0.049989172375777616,0.9184963855421687,8,0.9121997322623829,13.090931648955396,555.4541313200272,0.07878573115993384,도곡1동,1123066
13.901764578208653,0.0804152076038019,2025-09-01,30,False,13.0,370.7,0.0,5.865493778035018,0.9546252351323976,22,0.9542899001591665,36.58708692722831,1297.9047570752368,0.07583139395784849,0.9167457676168427,8,0.9011355086094631,13.257085045212552,562.581438786656,0.07473845618461404,도곡2동,1123067
14.173203560703563,0.08228830233507814,2025-09-01,30,False,13.0,370.7,0.0,5.987956885456885,0.963169776919777,22,0.9625434362934364,39.587666479782236,1414.3736426676826,0.02705572261202064,0.9352847490347491,8,0.9296004933504934,14.274009261982695,594.356908692665,0.06382299439432751,개포1동,1123068
13.845066825528386,0.09216213754790077,2025-09-01,30,False,13.0,370.7,0.0,5.468639660174057,0.9535619560712805,22,0.9508423124740987,36.666454000421574,1258.1846216193244,0.0467588603294032,0.9199026108578533,8,0.9122389142146705,13.590049775310005,590.3445097519229,0.06955157170579293,개포4동,1123071
12.664381521579385,0.07187331154964367,2025-09-01,30,False,13.0,370.7,0.0,5.172207416842208,0.9669112820261598,22,0.9686244060157742,38.271121805329535,1347.2303467841496,0.049058327115547896,0.9350129819232841,8,0.9294238965365208,13.90339259012429,584.3655708761128,0.09454035557156457,일원본동,1123072
12.42037367882714,0.09727775005561135,2025-09-01,30,False,13.0,370.7,0.0,4.850111830889873,0.9586000681895669,22,0.9547719058983976,34.337027095854495,1158.0948532002833,0.06158429175208768,0.9130637572451414,8,0.8978233890214797,12.956694000334576,567.3095050878816,0.09778877312379385,일원1동,1123073
12.42324507707058,0.0,2025-09-01,30,True,13.0,370.7,0.0,4.969107603805591,0.9613459694667748,22,0.9576805074120509,36.049995696166214,1212.6741894265701,0.0,0.918291171915333,8,0.9012670550925583,12.991452601414652,555.5889047714128,0.0,일원2동,1123074
11.524750236312077,0.12418045680488266,2025-09-01,30,False,13.0,370.7,0.0,4.475194503017524,0.9601534210717663,22,0.9583072784119827,36.111974957951496,1168.526187517072,0.060570062291574904,0.9081218643205119,8,0.8901934123463972,13.422231075952409,545.5494838856703,0.16679041087271126,수서동,1123075
13.351646728447065,0.09193844164198281,2025-09-01,30,False,13.0,370.7,0.0,5.283508565009829,0.9531766357764672,22,0.9545804549283909,38.987543863732384,1460.1614303226495,0.09796697106811059,0.9160376298792474,8,0.9170707666385847,14.027940435498357,644.1056565704818,0.07899899468378005,세곡동,1123076
14.225271483539974,0.08692072744037474,2025-09-01,30,False,13.0,370.7,0.0,5.833132535271484,0.9360594271056007,22,0.9338550662676358,35.90797720242089,1208.2708027196059,0.045078087052450456,0.8864749893116717,8,0.8729003847798205,13.30133394583463,539.7651193164174,0.11387866663373591,압구정동,1123077
14.904313802905873,0.1053623529838169,2025-09-01,30,False,13.0,370.7,0.0,5.844245499052431,0.9387488155401138,22,0.939849968414403,36.47382588701595,1259.0377783925069,0.06584564562854191,0.8988656822488945,8,0.8888577858496526,13.843013550190257,583.8947469394336,0.08843105934496087,청담동,1123078
13.803473205100229,0.09372206877065109,2025-09-01,30,False,13.0,370.7,0.0,5.681264145649531,0.9508389188515135,22,0.9470773451382611,36.18105317825604,1312.5355592408011,0.05556548665932405,0.9140867288088038,8,0.8992558531034698,12.762349627368085,556.5774754926516,0.08204501288800982,대치2동,1123079
13.112202259464745,0.08001049402909179,2025-09-01,30,False,13.0,370.7,0.0,5.497333774111018,0.966044499381953,22,0.967449909448932,38.74859972939186,1349.6331781969104,0.029911221809442688,0.9389294851524995,8,0.9294147238911087,13.829791381809253,587.0147254523832,0.0813837867250532,개포2동,1123080
13.322252920193048,0.11028284798662395,2025-10-01,31,False,15.0,186.3,0.0,5.487715604672308,0.9311205147933133,23,0.9279226411135203,31.122559668815818,1087.508842257685,0.09386602627675009,0.9029530670770092,8,0.891863327970903,15.004845641046298,688.6981053519851,0.0934603185010942,신사동,1123051
13.719041226398751,0.11469571455092918,2025-10-01,31,False,15.0,186.3,0.0,5.575967434609388,0.9299450025983025,23,0.9215325653906115,28.474795148058444,1001.9456846724371,0.11895688625780364,0.897268318032219,8,0.8909206651654252,14.021861086925885,724.9436152089569,0.08097544470967678,논현1동,1123052
14.34619041133206,0.11254751152224253,2025-10-01,31,False,15.0,186.3,0.0,5.704396622173795,0.9296363388722418,23,0.9247230545718697,29.96913412518064,1052.0500761686867,0.10047773684418627,0.8999909198220287,8,0.9004698992100245,14.840176545663663,731.3347525051994,0.07426667652281842,논현2동,1123053
14.027438005299272,0.11309563664769556,2025-10-01,31,False,15.0,186.3,0.0,5.51112100006794,0.9366152591888036,23,0.9358502615666825,33.461257772355225,1236.8677398985685,0.08784733846668898,0.9046409402812691,8,0.9034316189958558,15.9611962230228,750.1861191672789,0.10058029237808279,삼성1동,1123058
13.87281736219424,0.10138106660185763,2025-10-01,31,False,15.0,186.3,0.0,5.659058850382318,0.9410822840187164,23,0.9367059763381138,31.0591719496504,1161.0136068275476,0.09631962128977038,0.9172530147981893,8,0.9155536957431432,14.54967785937442,757.3116133602799,0.06823124148060483,삼성2동,1123059
13.986890482791875,0.08406393188295992,2025-10-01,31,False,15.0,186.3,0.0,5.99636610210355,0.9535097341932374,23,0.9505575311916099,34.52857400402536,1336.0734774867317,0.05307212180250388,0.9317991682237358,8,0.9265848954252306,15.131753584208525,728.9366405125359,0.09183894360861568,대치1동,1123060
13.792345469040658,0.10798598303209148,2025-10-01,31,False,15.0,186.3,0.0,5.777747010364071,0.9355843741695457,23,0.9240010629816636,28.387455294602855,1086.0228593886252,0.11747647488168766,0.9043045442466117,8,0.8920297634865799,13.4359356054751,731.491719667007,0.06792853386910694,대치4동,1123063
13.978517886669641,0.11397180664375094,2025-10-01,31,False,15.0,186.3,0.0,5.714192278417889,0.9241080286606651,23,0.9181528043883362,28.30879077315629,1064.924971111303,0.12894394243243765,0.895642109130994,8,0.8896963334295688,14.349485521698842,792.4557270153801,0.08496407117221971,역삼1동,1123064
13.674461599760933,0.09811014539902474,2025-10-01,31,False,15.0,186.3,0.0,5.641258757512369,0.946511604741508,23,0.9422498920875253,31.230323134460043,1165.278442599728,0.10127284221266779,0.923177275293024,8,0.9178643291164459,14.468586288045353,750.55181874319,0.06459406204135351,역삼2동,1123065
13.012790747483402,0.0906322853079318,2025-10-01,31,False,15.0,186.3,0.0,5.395859391732706,0.9585510816020562,23,0.9561667380595416,33.392503332048555,1291.7411581940678,0.05309202519952885,0.9332940672520883,8,0.9286356821589203,15.190677657169738,752.8909178237004,0.07918595160478381,도곡1동,1123066
13.529643222319603,0.08018387767478125,2025-10-01,31,False,15.0,186.3,0.0,5.671561860940695,0.9550208150744961,23,0.9539424481449023,33.89231042099946,1274.9362066910235,0.07727085679632677,0.9302008472100496,8,0.9250105901256207,15.251560291010506,733.1951214879776,0.07348068093216667,도곡2동,1123067
13.86083631014919,0.08363029275853578,2025-10-01,31,False,15.0,186.3,0.0,5.831873292708552,0.9636478251733558,23,0.9635427610842614,36.58969690361971,1371.0149525678771,0.03294801037185115,0.9463122504727884,8,0.945576801849128,16.55683024314422,784.22918,0.060695609346254696,개포1동,1123068
13.549503616731313,0.09324361633595028,2025-10-01,31,False,15.0,186.3,0.0,5.262424782471957,0.9563062165845476,23,0.9530632141733935,34.26439006797151,1215.6509525566835,0.05214888962827147,0.9393599958066884,8,0.9366013208931754,15.870133005154255,773.4525013823223,0.07284491607614382,개포4동,1123071
12.456561284286208,0.07253961793808664,2025-10-01,31,False,15.0,186.3,0.0,5.018566996602157,0.9652838922539027,23,0.9641355197715074,35.10881545371345,1298.9761462967408,0.07480350011446595,0.9419313537203919,8,0.9405663071847146,15.936831261305535,785.5378706843113,0.09276829547477933,일원본동,1123072
12.393971921215838,0.09624525841631104,2025-10-01,31,False,15.0,186.3,0.0,4.777958835957199,0.9544176378382062,23,0.9512526409050637,31.866274159768125,1113.7783169039665,0.07579717875770507,0.927052409186942,8,0.9218789613575955,14.966573334293932,735.1617541046505,0.09865457562825983,일원1동,1123073
12.135134136427462,0.0,2025-10-01,31,True,15.0,186.3,0.0,4.848108048185647,0.9635178479048112,23,0.9560815904219939,33.286133519362814,1180.2746937791128,0.0,0.933787598847092,8,0.926984701795876,15.083523214732317,746.5445426822708,0.0,일원2동,1123074
11.412048718881932,0.12277570271271641,2025-10-01,31,False,15.0,186.3,0.0,4.379238666472558,0.9629887902169166,23,0.9615264230601253,33.63275810799166,1129.34911392223,0.06286863002313169,0.9248456835056049,8,0.9223453195516087,15.583602958711678,690.767410036003,0.16722159358320898,수서동,1123075
13.079476532271633,0.09513188696982544,2025-10-01,31,False,15.0,186.3,0.0,5.135666741434419,0.9518087253967363,23,0.9541801715919922,36.08846104584148,1394.7270257808952,0.09913348895118813,0.9294686816576011,8,0.9331509000168228,16.176381703042768,843.6356236719452,0.08018117805955817,세곡동,1123076
13.838309707903779,0.08615542722912792,2025-10-01,31,False,15.0,186.3,0.0,5.65172293814433,0.9360906357388317,23,0.9331894329896906,33.22090468190668,1181.8242215685868,0.053644253042315106,0.9032860824742268,8,0.8972607388316151,15.3002604893359,699.497064002072,0.10605689863299729,압구정동,1123077
14.575251262227832,0.10889885839140498,2025-10-01,31,False,15.0,186.3,0.0,5.706107604922688,0.9380482802145788,23,0.9374211107604923,33.925060543113524,1227.4245384990847,0.07133825487737082,0.913172925213001,8,0.9124471442095299,16.075203604546893,757.73982957208,0.08910235691106314,청담동,1123078
13.551937928883344,0.08927377175683787,2025-10-01,31,False,15.0,186.3,0.0,5.52956737367436,0.9541163443543357,23,0.9493303181534622,33.85329159824604,1298.3084845737858,0.062362456772128386,0.9324139114160948,8,0.9256300686213349,14.966862365642477,744.6025644045466,0.0803795478578982,대치2동,1123079
12.826986261749818,0.08201285345396528,2025-10-01,31,False,15.0,186.3,0.0,5.326497469269704,0.9655754157628346,23,0.9658163412870571,35.94798478168338,1320.7890296917626,0.03399821871375755,0.9502698481561823,8,0.9468977584960232,16.07716038493309,793.2806393477624,0.08294194160200426,개포2동,1123080
13.54979421310683,0.10813949670874438,2025-11-01,30,False,6.0,20.8,0.0,5.434375388440025,0.914396795801395,20,0.9035273807057523,21.424146002909065,774.4329862243751,0.09620151348511959,0.872693874732408,10,0.8608832262965266,9.925350212225855,484.9986425806865,0.10843497102710156,신사동,1123051
13.725846933516578,0.11752568031265759,2025-11-01,30,False,6.0,20.8,0.0,5.484704518124033,0.9094193437553684,20,0.8899952757258203,19.333425146352386,704.8588840423403,0.11783882135907611,0.8651820992956536,10,0.854005325545439,9.23718214535689,515.6933458203459,0.07873794269628724,논현1동,1123052
14.43730365903056,0.11570042599593154,2025-11-01,30,False,6.0,20.8,0.0,5.619319501327693,0.9096890049057113,20,0.8975327422476258,20.388481861116805,746.4287853294609,0.09535648906196353,0.873485755434538,10,0.8645911157117782,9.73552118252389,519.6726190985588,0.06872182241370088,논현2동,1123053
14.199339924991477,0.11449408404732762,2025-11-01,30,False,6.0,20.8,0.0,5.392887828162291,0.9159713603818617,20,0.9100340947834981,22.54014362690505,870.0237260230862,0.08694297112289769,0.8710105693828845,10,0.8689778383907263,10.394516944236328,526.0855383032684,0.1020785167051997,삼성1동,1123058
13.973883578844784,0.10704768731289793,2025-11-01,30,False,6.0,20.8,0.0,5.517558004422954,0.9201937853742643,20,0.9089523595337156,21.046371990052894,815.1462443659655,0.09667327233629887,0.8853480265377262,10,0.8792870797256269,9.51423990906089,538.4159967602361,0.06681283467554919,삼성2동,1123059
14.103671326573469,0.0867153928086091,2025-11-01,30,False,6.0,20.8,0.0,5.889064018719625,0.9407139857202856,20,0.9307271854562909,23.524727155255988,937.3187994401909,0.05461490432291476,0.9092242155156897,10,0.8959242815143696,9.935670567056707,519.29306457046,0.0902229404635105,대치1동,1123060
13.867145867355003,0.1148548263651685,2025-11-01,30,False,6.0,20.8,0.0,5.670741189485328,0.907023652741927,20,0.884982879418427,19.425909932785576,784.5210985480037,0.12606117787073448,0.8663072222514882,10,0.8550065848390666,8.86293889186512,526.7564539613162,0.07367613350532717,대치4동,1123063
14.126509509639021,0.11592633815074532,2025-11-01,30,False,6.0,20.8,0.0,5.641491266658041,0.9023984991590116,20,0.8859363436408331,19.332316292257747,765.1420660186157,0.12367243995745741,0.8651641868288266,10,0.8550247121231724,9.514921327727507,569.9637467341232,0.08646452002204666,역삼1동,1123064
13.691257077024359,0.10242107036600245,2025-11-01,30,False,6.0,20.8,0.0,5.556811389071758,0.9266346280447664,20,0.9138910467412772,21.08842864734526,822.1104909917551,0.10658115686321701,0.8906402238314681,10,0.8833186306780777,9.475611492498423,533.5588445185097,0.06653176162167466,역삼2동,1123065
13.19545767560123,0.09112238427393786,2025-11-01,30,False,6.0,20.8,0.0,5.326694565102235,0.9433319207543173,20,0.9390168450047676,22.564730495243207,897.1296152991296,0.058167894249061027,0.9082625278101494,10,0.8992599851679205,9.835260174569495,525.4360528809989,0.07518657626457247,도곡1동,1123066
13.633905000726848,0.08159611973635231,2025-11-01,30,False,6.0,20.8,0.0,5.589878616077917,0.9402409507195812,20,0.9322579590056695,23.08271569635822,897.8807801571885,0.07574397267173234,0.906149513010612,10,0.8923971507486552,9.963470239568196,516.3746238963643,0.07251954365296605,도곡2동,1123067
13.970837696335078,0.08407495419667316,2025-11-01,30,False,6.0,20.8,0.0,5.745620942408377,0.9502617801047121,20,0.9478534031413612,24.71105785123967,950.1360793194873,0.032956627423948344,0.9245026178010471,10,0.9213612565445026,10.752079510703364,548.8801238777133,0.06320677707838265,개포1동,1123068
13.670605314186888,0.09299387223319874,2025-11-01,30,False,6.0,20.8,0.0,5.196846601331167,0.943555893296997,20,0.9332382998794612,23.193504306545385,845.0452272237173,0.0524868997508805,0.9198978040983177,10,0.9097452963681149,10.31089051916614,543.8541793609601,0.06915213469633193,개포4동,1123071
12.604189758151376,0.06610547950419304,2025-11-01,30,False,6.0,20.8,0.0,4.993417213355527,0.9549055125820034,20,0.9502310780377948,23.571260390978676,901.6722304582003,0.08287131601984243,0.9205566434935867,10,0.9164207382747479,10.309691373158634,552.4032832428984,0.0882315626546225,일원본동,1123072
12.468042422169004,0.09394406925838496,2025-11-01,30,False,6.0,20.8,0.0,4.684784810126582,0.9357071501881629,20,0.9248840232637702,21.549841093762797,772.2889799277661,0.08932445619574267,0.8901840574751968,10,0.8873965104344851,9.86861832092753,522.2538757990023,0.09523624784761245,일원1동,1123073
12.3245074891168,0.0,2025-11-01,30,True,6.0,20.8,0.0,4.795237954696377,0.9352032760274478,20,0.9191728768538331,22.391493119029008,825.6176572520279,0.0,0.8952084409355863,10,0.8846476794805579,9.740936382158717,529.5322596443759,0.0,일원2동,1123074
11.493724042522208,0.12062625813043082,2025-11-01,30,False,6.0,20.8,0.0,4.341106596767148,0.9465414300276687,20,0.9403516819571867,22.99191486022862,789.5986858245468,0.059588597671383914,0.8998492791612058,10,0.8840811125673512,10.273822703832899,485.1822241942616,0.17227409288163711,수서동,1123075
13.21246128287436,0.0950319570779576,2025-11-01,30,False,6.0,20.8,0.0,5.061624711381427,0.93762516190798,20,0.9399363631244017,24.417082416133667,961.0866938428861,0.09111419940808899,0.906474911302585,10,0.9087863940981021,10.54628611588706,590.1436112439984,0.07668509451208116,세곡동,1123076
13.973060187928555,0.09271147265168779,2025-11-01,30,False,6.0,20.8,0.0,5.567331329890799,0.9125653940573942,20,0.9072250910014392,22.521787997089096,823.0319758235707,0.06125090861571886,0.8692436298992635,10,0.8602632692796073,10.01771597258573,492.53705078776534,0.1075229297854442,압구정동,1123077
14.73779506832346,0.10794462827074837,2025-11-01,30,False,6.0,20.8,0.0,5.610449812255642,0.925156969767352,20,0.9167870553168428,22.924093594950204,856.6750110583971,0.07099853138303734,0.8884012696938025,10,0.8798683853985213,10.452914309193828,532.2900032688596,0.08934214674379681,청담동,1123078
13.707824735860784,0.09081817972826962,2025-11-01,30,False,6.0,20.8,0.0,5.452677128651337,0.9402930391547545,20,0.9283483530142946,22.970685582922957,910.6104553754487,0.0750189659532403,0.9054686140459913,10,0.8941761963952765,9.781898978583964,526.9207353258553,0.08079496080369662,대치2동,1123079
12.936546062107507,0.07931527871958677,2025-11-01,30,False,6.0,20.8,0.0,5.267261335484243,0.9536305237080142,20,0.9486385896180216,24.23912455258874,917.443974800067,0.039339677430867616,0.9285786714293945,10,0.9212859365097655,10.387203710413754,560.5495041917957,0.08337091556812982,개포2동,1123080
13.617711308907747,0.11098117371897287,2025-12-01,31,False,10.0,41.2,6.0,5.21179741944387,0.9101897467743049,23,0.8970572000275995,20.40755585086625,754.6258660185139,0.0933325646896052,0.8749851652521907,8,0.86318291589043,10.52990636503285,520.8654190730537,0.10134979328974025,신사동,1123051
13.801292270531402,0.11509050858467243,2025-12-01,31,False,10.0,41.2,6.0,5.309378881987578,0.9066925465838509,23,0.8884700655624569,18.572217712394796,704.8493274198973,0.11187139451491242,0.86976966873706,8,0.8601863354037266,9.781309349884998,555.6593467288052,0.07937866900569807,논현1동,1123052
14.480626016995119,0.11936570170070497,2025-12-01,31,False,10.0,41.2,6.0,5.40018667510396,0.9051229434098718,23,0.8930866931838728,19.322402773741143,732.1341505568447,0.09363903842231004,0.8719024588681975,8,0.8676722111733864,10.255636696169045,559.9072708916993,0.07421006593300213,논현2동,1123053
14.208636947845498,0.11427891129466587,2025-12-01,31,False,10.0,41.2,6.0,5.193411350876006,0.9132429141581546,23,0.9048028140431578,21.16782652752089,867.924059294093,0.08769622377305221,0.8790752891835215,8,0.8737779882297233,10.767373749266087,567.3300566150502,0.09872273843066334,삼성1동,1123058
13.956651443117584,0.1043674355357731,2025-12-01,31,False,10.0,41.2,6.0,5.228196009433609,0.9209811702167483,23,0.9094523265825628,20.005195240907614,808.0021697936132,0.09143024856628856,0.8914348818927115,8,0.8874742634672258,10.089266615993852,576.3585371850627,0.06603096309935051,삼성2동,1123059
14.235008853736279,0.08502796136248093,2025-12-01,31,False,10.0,41.2,6.0,5.615469838271751,0.9356516349899657,23,0.926745956793767,22.505512884648507,926.2486964084293,0.049549713123683635,0.9108174949828828,8,0.9045638059261008,10.623512141413396,557.0215994785033,0.09367056431113371,대치1동,1123060
13.906065720765861,0.11560199169341136,2025-12-01,31,False,10.0,41.2,6.0,5.51055804631046,0.9098333245424336,23,0.8875731842396751,18.311996697881042,776.2938362145297,0.12938141086149393,0.8736378500975791,8,0.8677330027955062,9.303519805835792,562.6384920690399,0.07606703479957207,대치4동,1123063
14.260293654684796,0.11735641092655846,2025-12-01,31,False,10.0,41.2,6.0,5.465287590638144,0.8987420328748741,23,0.8816135524991613,18.401858453958564,745.2532032212923,0.12156179309474674,0.8679090651046371,8,0.8582636183005187,9.978674341620167,607.4030552349362,0.08497789724132339,역삼1동,1123064
13.831822072961938,0.10189973115436636,2025-12-01,31,False,10.0,41.2,6.0,5.379299025418148,0.9228845647306729,23,0.9107292901356512,20.083211522715963,811.80558487195,0.10201662056028987,0.8956074674041881,8,0.8887662979059661,10.001422353784127,571.965958702819,0.0672058422438313,역삼2동,1123065
13.28349203821656,0.0895957289736532,2025-12-01,31,False,10.0,41.2,6.0,5.115105626326963,0.9417738853503185,23,0.9297330148619957,21.142957912463604,882.3582159684452,0.061884903271226796,0.9119432059447984,8,0.9048949044585988,10.300545416130948,569.1564573662234,0.0792310588097252,도곡1동,1123066
13.654773472212106,0.08225671786083097,2025-12-01,31,False,10.0,41.2,6.0,5.352923738072693,0.9347133804355744,23,0.9244697355961833,21.810240499256583,892.233915897714,0.08385516226133193,0.9059465365285163,8,0.8952847986015005,10.447087364746329,553.3126956729378,0.07231999648452091,도곡2동,1123067
14.044836792157682,0.08642337990164077,2025-12-01,31,False,10.0,41.2,6.0,5.53465220565231,0.947752633225571,23,0.9422254666805715,23.38465008802817,937.8942645268401,0.03215897056476767,0.9257482532067994,8,0.9228282406924601,11.399749915511995,589.4982947225675,0.057430619024821924,개포1동,1123068
13.684152270937254,0.08993386691384873,2025-12-01,31,False,10.0,41.2,6.0,4.996122341822001,0.9415232344447361,23,0.9313998424783408,22.107450844361068,840.7436283712668,0.04758017076953243,0.923285901811499,8,0.9165550013126805,10.912723968066388,591.1426070833803,0.06832920372912174,개포4동,1123071
12.674882546221372,0.06897206675614759,2025-12-01,31,False,10.0,41.2,6.0,4.844086606836349,0.9440483546662741,23,0.9406375361679172,22.130860686885104,899.7155157466891,0.09038417707093475,0.9235868765631897,8,0.9170923446618606,10.792424772445608,596.0922587341574,0.08693367437384455,일원본동,1123072
12.561635472062987,0.09279531644582541,2025-12-01,31,False,10.0,41.2,6.0,4.560556668278196,0.9205960356378202,23,0.9070156778783065,20.294739262572477,772.949591690348,0.10812423895243864,0.8857662822018095,8,0.8875633676358865,10.29155737890263,560.277513319944,0.09587249791555444,일원1동,1123073
12.228464328004737,0.0,2025-12-01,31,True,10.0,41.2,6.0,4.611079040852576,0.9353626406157489,23,0.9208821788040261,21.081147538259717,826.6574867314529,0.0,0.9017710183540557,8,0.8939461219656601,10.239298219985177,573.3353582415763,0.0,일원2동,1123074
11.44284564297183,0.12467918857238597,2025-12-01,31,False,10.0,41.2,6.0,4.1703182382134,0.9457188731572033,23,0.9395847321558896,21.67111807622023,795.5200808283862,0.047829144274388655,0.9099109619033716,8,0.8922281418770982,10.672517549488273,526.117326538141,0.1673093472582205,수서동,1123075
13.235242335437333,0.09588787459784134,2025-12-01,31,False,10.0,41.2,6.0,4.885217820108205,0.9354046438232642,23,0.9382038999098286,23.23209904975473,946.6210222802357,0.09620722339807508,0.909537026600541,8,0.9129666366095581,11.132822293444534,635.4442298273792,0.07944141138580392,세곡동,1123076
14.000539232336955,0.09238350179355315,2025-12-01,31,False,10.0,41.2,6.0,5.3403880774456525,0.9099278192934782,23,0.9015900985054348,21.582116271017824,816.091652773232,0.05874662286563039,0.8766041100543478,8,0.8653158967391303,10.650703054086598,530.519937458047,0.11002527937641447,압구정동,1123077
14.865699904671114,0.11043429445250244,2025-12-01,31,False,10.0,41.2,6.0,5.402535748331744,0.9175733079122974,23,0.9100141086749285,21.873684186248305,853.0548953158416,0.06986255089884244,0.8907897044804576,8,0.8836061010486177,11.075806336725888,570.684282757588,0.08861415438701663,청담동,1123078
13.846689170270354,0.09318343250387173,2025-12-01,31,False,10.0,41.2,6.0,5.26531033195408,0.9386603615095044,23,0.9282416078150764,21.9051366627159,903.5471488148564,0.06464909931415132,0.9122281678748094,8,0.9041589148492674,10.383641317452064,564.1835040936083,0.08033978038868642,대치2동,1123079
13.055849305257127,0.08066141458499004,2025-12-01,31,False,10.0,41.2,6.0,5.081815499212148,0.9485139664804468,23,0.9418232344936257,22.77135594003603,924.3258562544526,0.04396230606522068,0.9275292937974502,8,0.9221492622833406,10.951342830870713,609.3746749029594,0.08189126452398048,개포2동,1123080
