adm_cd,date,age_band,version,payload_json
1123051,2025-07-01,20s,a2_activity_level_v1_22b454887888,"{""adm_cd"": ""1123051"", ""adm_nm"": ""신사동"", ""age_band"": ""20s"", ""date"": ""2025-07-01"", ""interpretation"": ""retrospective_descriptive_not_risk"", ""quality"": {""call_contacts"": ""ready"", ""text_contacts"": ""ready""}, ""raw"": {""call_contacts"": 8.781020510255127, ""text_contacts"": 4.091185592796399}, ""seasonal_index"": {""call_contacts"": 0.865314180315648, ""text_contacts"": 0.8850798557872354}, ""seasonal_reference"": {""call_contacts"": {""n"": 3, ""periods"": [""2022-07-01"", ""2023-07-01"", ""2024-07-01""], ""value"": 10.147782978723404}, ""text_contacts"": {""n"": 3, ""periods"": [""2022-07-01"", ""2023-07-01"", ""2024-07-01""], ""value"": 4.622391489361702}}}"
1123051,2025-07-01,30s,a2_activity_level_v1_22b454887888,"{""adm_cd"": ""1123051"", ""adm_nm"": ""신사동"", ""age_band"": ""30s"", ""date"": ""2025-07-01"", ""interpretation"": ""retrospective_descriptive_not_risk"", ""quality"": {""call_contacts"": ""ready"", ""text_contacts"": ""ready""}, ""raw"": {""call_contacts"": 13.790508547008546, ""text_contacts"": 6.011260683760684}, ""seasonal_index"": {""call_contacts"": 0.8478349229747644, ""text_contacts"": 0.9411369921443385}, ""seasonal_reference"": {""call_contacts"": {""n"": 3, ""periods"": [""2022-07-01"", ""2023-07-01"", ""2024-07-01""], ""value"": 16.2655585106383}, ""text_contacts"": {""n"": 3, ""periods"": [""2022-07-01"", ""2023-07-01"", ""2024-07-01""], ""value"": 6.387232394366197}}}"
1123051,2025-07-01,40s,a2_activity_level_v1_22b454887888,"{""adm_cd"": ""1123051"", ""adm_nm"": ""신사동"", ""age_band"": ""40s"", ""date"": ""2025-07-01"", ""interpretation"": ""retrospective_descriptive_not_risk"", ""quality"": {""call_contacts"": ""ready"", ""text_contacts"": ""ready""}, ""raw"": {""call_contacts"": 16.472817204301077, ""text_contacts"": 7.086394265232975}, ""seasonal_index"": {""call_contacts"": 0.901676576641332, ""text_contacts"": 0.9783100373748043}, ""seasonal_reference"": {""call_contacts"": {""n"": 3, ""periods"": [""2022-07-01"", ""2023-07-01"", ""2024-07-01""], ""value"": 18.269097402597403}, ""text_contacts"": {""n"": 3, ""periods"": [""2022-07-01"", ""2023-07-01"", ""2024-07-01""], ""value"": 7.243505631659056}}}"
1123051,2025-07-01,50s,a2_activity_level_v1_22b454887888,"{""adm_cd"": ""1123051"", ""adm_nm"": ""신사동"", ""age_band"": ""50s"", ""date"": ""2025-07-01"", ""interpretation"": ""retrospective_descriptive_not_risk"", ""quality"": {""call_contacts"": ""ready"", ""text_contacts"": ""ready""}, ""raw"": {""call_contacts"": 16.314432773109246, ""text_contacts"": 6.555700280112045}, ""seasonal_index"": {""call_contacts"": 0.9466704005330591, ""text_contacts"": 0.9867688169646397}, ""seasonal_reference"": {""call_contacts"": {""n"": 3, ""periods"": [""2022-07-01"", ""2023-07-01"", ""2024-07-01""], ""value"": 17.233487773487774}, ""text_contacts"": {""n"": 3, ""periods"": [""2022-07-01"", ""2023-07-01"", ""2024-07-01""], ""value"": 6.643603007518797}}}"
1123051,2025-07-01,60plus,a2_activity_level_v1_22b454887888,"{""adm_cd"": ""1123051"", ""adm_nm"": ""신사동"", ""age_band"": ""60plus"", ""date"": ""2025-07-01"", ""interpretation"": ""retrospective_descriptive_not_risk"", ""quality"": {""call_contacts"": ""ready"", ""text_contacts"": ""ready""}, ""raw"": {""call_contacts"": 13.021919802867384, ""text_contacts"": 4.746373207885304}, ""seasonal_index"": {""call_contacts"": 0.9478508475372107, ""text_contacts"": 1.008289643114069}, ""seasonal_reference"": {""call_contacts"": {""n"": 3, ""periods"": [""2022-07-01"", ""2023-07-01"", ""2024-07-01""], ""value"": 13.738363832982879}, ""text_contacts"": {""n"": 3, ""periods"": [""2022-07-01"", ""2023-07-01"", ""2024-07-01""], ""value"": 4.707350948509485}}}"
1123051,2025-08-01,20s,a2_activity_level_v1_22b454887888,"{""adm_cd"": ""1123051"", ""adm_nm"": ""신사동"", ""age_band"": ""20s"", ""date"": ""2025-08-01"", ""interpretation"": ""retrospective_descriptive_not_risk"", ""quality"": {""call_contacts"": ""ready"", ""text_contacts"": ""ready""}, ""raw"": {""call_contacts"": 8.284422211105552, ""text_contacts"": 4.035717858929464}, ""seasonal_index"": {""call_contacts"": 0.8729543529358391, ""text_contacts"": 0.9003229791157463}, ""seasonal_reference"": {""call_contacts"": {""n"": 3, ""periods"": [""2022-08-01"", ""2023-08-01"", ""2024-08-01""], ""value"": 9.490097830710337}, ""text_contacts"": {""n"": 3, ""periods"": [""2022-08-01"", ""2023-08-01"", ""2024-08-01""], ""value"": 4.482522330923011}}}"
1123051,2025-08-01,30s,a2_activity_level_v1_22b454887888,"{""adm_cd"": ""1123051"", ""adm_nm"": ""신사동"", ""age_band"": ""30s"", ""date"": ""2025-08-01"", ""interpretation"": ""retrospective_descriptive_not_risk"", ""quality"": {""call_contacts"": ""ready"", ""text_contacts"": ""ready""}, ""raw"": {""call_contacts"": 13.477512820512821, ""text_contacts"": 5.988115384615384}, ""seasonal_index"": {""call_contacts"": 0.8583110815846061, ""text_contacts"": 0.920493845044189}, ""seasonal_reference"": {""call_contacts"": {""n"": 3, ""periods"": [""2022-08-01"", ""2023-08-01"", ""2024-08-01""], ""value"": 15.702363757940489}, ""text_contacts"": {""n"": 3, ""periods"": [""2022-08-01"", ""2023-08-01"", ""2024-08-01""], ""value"": 6.505329087048833}}}"
1123051,2025-08-01,40s,a2_activity_level_v1_22b454887888,"{""adm_cd"": ""1123051"", ""adm_nm"": ""신사동"", ""age_band"": ""40s"", ""date"": ""2025-08-01"", ""interpretation"": ""retrospective_descriptive_not_risk"", ""quality"": {""call_contacts"": ""ready"", ""text_contacts"": ""ready""}, ""raw"": {""call_contacts"": 15.994490538573508, ""text_contacts"": 7.000494905385735}, ""seasonal_index"": {""call_contacts"": 0.8880868522289376, ""text_contacts"": 0.9633647213717544}, ""seasonal_reference"": {""call_contacts"": {""n"": 3, ""periods"": [""2022-08-01"", ""2023-08-01"", ""2024-08-01""], ""value"": 18.010052168242584}, ""text_contacts"": {""n"": 3, ""periods"": [""2022-08-01"", ""2023-08-01"", ""2024-08-01""], ""value"": 7.2667129593635}}}"
1123051,2025-08-01,50s,a2_activity_level_v1_22b454887888,"{""adm_cd"": ""1123051"", ""adm_nm"": ""신사동"", ""age_band"": ""50s"", ""date"": ""2025-08-01"", ""interpretation"": ""retrospective_descriptive_not_risk"", ""quality"": {""call_contacts"": ""ready"", ""text_contacts"": ""ready""}, ""raw"": {""call_contacts"": 16.019520743919887, ""text_contacts"": 6.443562231759656}, ""seasonal_index"": {""call_contacts"": 0.9547689700672133, ""text_contacts"": 0.9914934716895243}, ""seasonal_reference"": {""call_contacts"": {""n"": 3, ""periods"": [""2022-08-01"", ""2023-08-01"", ""2024-08-01""], ""value"": 16.778426243567754}, ""text_contacts"": {""n"": 3, ""periods"": [""2022-08-01"", ""2023-08-01"", ""2024-08-01""], ""value"": 6.498844839371156}}}"
1123051,2025-08-01,60plus,a2_activity_level_v1_22b454887888,"{""adm_cd"": ""1123051"", ""adm_nm"": ""신사동"", ""age_band"": ""60plus"", ""date"": ""2025-08-01"", ""interpretation"": ""retrospective_descriptive_not_risk"", ""quality"": {""call_contacts"": ""ready"", ""text_contacts"": ""ready""}, ""raw"": {""call_contacts"": 12.74682514646237, ""text_contacts"": 4.680299684542586}, ""seasonal_index"": {""call_contacts"": 0.9430756496562835, ""text_contacts"": 0.9901351791361532}, ""seasonal_reference"": {""call_contacts"": {""n"": 3, ""periods"": [""2022-08-01"", ""2023-08-01"", ""2024-08-01""], ""value"": 13.516227622999407}, ""text_contacts"": {""n"": 3, ""periods"": [""2022-08-01"", ""2023-08-01"", ""2024-08-01""], ""value"": 4.726930002250732}}}"
1123051,2025-09-01,20s,a2_activity_level_v1_22b454887888,"{""adm_cd"": ""1123051"", ""adm_nm"": ""신사동"", ""age_band"": ""20s"", ""date"": ""2025-09-01"", ""interpretation"": ""retrospective_descriptive_not_risk"", ""quality"": {""call_contacts"": ""ready"", ""text_contacts"": ""ready""}, ""raw"": {""call_contacts"": 8.395977988994497, ""text_contacts"": 4.093761880940471}, ""seasonal_index"": {""call_contacts"": 0.8812493729140713, ""text_contacts"": 0.8970812086549316}, ""seasonal_reference"": {""call_contacts"": {""n"": 3, ""periods"": [""2022-09-01"", ""2023-09-01"", ""2024-09-01""], ""value"": 9.527357689039933}, ""text_contacts"": {""n"": 3, ""periods"": [""2022-09-01"", ""2023-09-01"", ""2024-09-01""], ""value"": 4.563423959218351}}}"
1123051,2025-09-01,30s,a2_activity_level_v1_22b454887888,"{""adm_cd"": ""1123051"", ""adm_nm"": ""신사동"", ""age_band"": ""30s"", ""date"": ""2025-09-01"", ""interpretation"": ""retrospective_descriptive_not_risk"", ""quality"": {""call_contacts"": ""ready"", ""text_contacts"": ""ready""}, ""raw"": {""call_contacts"": 13.818884615384613, ""text_contacts"": 6.038320512820513}, ""seasonal_index"": {""call_contacts"": 0.8802722227131049, ""text_contacts"": 0.9314756341202884}, ""seasonal_reference"": {""call_contacts"": {""n"": 3, ""periods"": [""2022-09-01"", ""2023-09-01"", ""2024-09-01""], ""value"": 15.698421759570179}, ""text_contacts"": {""n"": 3, ""periods"": [""2022-09-01"", ""2023-09-01"", ""2024-09-01""], ""value"": 6.482531900604433}}}"
1123051,2025-09-01,40s,a2_activity_level_v1_22b454887888,"{""adm_cd"": ""1123051"", ""adm_nm"": ""신사동"", ""age_band"": ""40s"", ""date"": ""2025-09-01"", ""interpretation"": ""retrospective_descriptive_not_risk"", ""quality"": {""call_contacts"": ""ready"", ""text_contacts"": ""ready""}, ""raw"": {""call_contacts"": 16.357832973362132, ""text_contacts"": 7.14056875449964}, ""seasonal_index"": {""call_contacts"": 0.8985920352011664, ""text_contacts"": 0.9668147972257706}, ""seasonal_reference"": {""call_contacts"": {""n"": 3, ""periods"": [""2022-09-01"", ""2023-09-01"", ""2024-09-01""], ""value"": 18.203848167539267}, ""text_contacts"": {""n"": 3, ""periods"": [""2022-09-01"", ""2023-09-01"", ""2024-09-01""], ""value"": 7.385663495210421}}}"
1123051,2025-09-01,50s,a2_activity_level_v1_22b454887888,"{""adm_cd"": ""1123051"", ""adm_nm"": ""신사동"", ""age_band"": ""50s"", ""date"": ""2025-09-01"", ""interpretation"": ""retrospective_descriptive_not_risk"", ""quality"": {""call_contacts"": ""ready"", ""text_contacts"": ""ready""}, ""raw"": {""call_contacts"": 16.158402826855124, ""text_contacts"": 6.479031802120143}, ""seasonal_index"": {""call_contacts"": 0.9487213616349826, ""text_contacts"": 0.9842451642603961}, ""seasonal_reference"": {""call_contacts"": {""n"": 3, ""periods"": [""2022-09-01"", ""2023-09-01"", ""2024-09-01""], ""value"": 17.0317687366167}, ""text_contacts"": {""n"": 3, ""periods"": [""2022-09-01"", ""2023-09-01"", ""2024-09-01""], ""value"": 6.582741818181819}}}"
1123051,2025-09-01,60plus,a2_activity_level_v1_22b454887888,"{""adm_cd"": ""1123051"", ""adm_nm"": ""신사동"", ""age_band"": ""60plus"", ""date"": ""2025-09-01"", ""interpretation"": ""retrospective_descriptive_not_risk"", ""quality"": {""call_contacts"": ""ready"", ""text_contacts"": ""ready""}, ""raw"": {""call_contacts"": 13.07370685791125, ""text_contacts"": 4.763173464813985}, ""seasonal_index"": {""call_contacts"": 0.9713900645736242, ""text_contacts"": 0.9813023857501925}, ""seasonal_reference"": {""call_contacts"": {""n"": 3, ""periods"": [""2022-09-01"", ""2023-09-01"", ""2024-09-01""], ""value"": 13.458761145194273}, ""text_contacts"": {""n"": 3, ""periods"": [""2022-09-01"", ""2023-09-01"", ""2024-09-01""], ""value"": 4.853930382705228}}}"
1123051,2025-10-01,20s,a2_activity_level_v1_22b454887888,"{""adm_cd"": ""1123051"", ""adm_nm"": ""신사동"", ""age_band"": ""20s"", ""date"": ""2025-10-01"", ""interpretation"": ""retrospective_descriptive_not_risk"", ""quality"": {""call_contacts"": ""ready"", ""text_contacts"": ""ready""}, ""raw"": {""call_contacts"": 8.136038019009504, ""text_contacts"": 3.934727363681841}, ""seasonal_index"": {""call_contacts"": 0.8600609660169293, ""text_contacts"": 0.8328288265954917}, ""seasonal_reference"": {""call_contacts"": {""n"": 3, ""periods"": [""2022-10-01"", ""2023-10-01"", ""2024-10-01""], ""value"": 9.45983870967742}, ""text_contacts"": {""n"": 3, ""periods"": [""2022-10-01"", ""2023-10-01"", ""2024-10-01""], ""value"": 4.72453310696095}}}"
1123051,2025-10-01,30s,a2_activity_level_v1_22b454887888,"{""adm_cd"": ""1123051"", ""adm_nm"": ""신사동"", ""age_band"": ""30s"", ""date"": ""2025-10-01"", ""interpretation"": ""retrospective_descriptive_not_risk"", ""quality"": {""call_contacts"": ""ready"", ""text_contacts"": ""ready""}, ""raw"": {""call_contacts"": 13.056884615384615, ""text_contacts"": 5.717615384615385}, ""seasonal_index"": {""call_contacts"": 0.841202679286393, ""text_contacts"": 0.8854946085031875}, ""seasonal_reference"": {""call_contacts"": {""n"": 3, ""periods"": [""2022-10-01"", ""2023-10-01"", ""2024-10-01""], ""value"": 15.521686909581646}, ""text_contacts"": {""n"": 3, ""periods"": [""2022-10-01"", ""2023-10-01"", ""2024-10-01""], ""value"": 6.456973684210527}}}"
1123051,2025-10-01,40s,a2_activity_level_v1_22b454887888,"{""adm_cd"": ""1123051"", ""adm_nm"": ""신사동"", ""age_band"": ""40s"", ""date"": ""2025-10-01"", ""interpretation"": ""retrospective_descriptive_not_risk"", ""quality"": {""call_contacts"": ""ready"", ""text_contacts"": ""ready""}, ""raw"": {""call_contacts"": 15.785478451424398, ""text_contacts"": 6.799751643535428}, ""seasonal_index"": {""call_contacts"": 0.8926950644157301, ""text_contacts"": 0.93340079324195}, ""seasonal_reference"": {""call_contacts"": {""n"": 3, ""periods"": [""2022-10-01"", ""2023-10-01"", ""2024-10-01""], ""value"": 17.682945812807883}, ""text_contacts"": {""n"": 3, ""periods"": [""2022-10-01"", ""2023-10-01"", ""2024-10-01""], ""value"": 7.284921646485939}}}"
1123051,2025-10-01,50s,a2_activity_level_v1_22b454887888,"{""adm_cd"": ""1123051"", ""adm_nm"": ""신사동"", ""age_band"": ""50s"", ""date"": ""2025-10-01"", ""interpretation"": ""retrospective_descriptive_not_risk"", ""quality"": {""call_contacts"": ""ready"", ""text_contacts"": ""ready""}, ""raw"": {""call_contacts"": 15.735956678700363, ""text_contacts"": 6.397761732851986}, ""seasonal_index"": {""call_contacts"": 0.9228029745059888, ""text_contacts"": 0.9510443040902038}, ""seasonal_reference"": {""call_contacts"": {""n"": 3, ""periods"": [""2022-10-01"", ""2023-10-01"", ""2024-10-01""], ""value"": 17.052347156904663}, ""text_contacts"": {""n"": 3, ""periods"": [""2022-10-01"", ""2023-10-01"", ""2024-10-01""], ""value"": 6.727091162143354}}}"
1123051,2025-10-01,60plus,a2_activity_level_v1_22b454887888,"{""adm_cd"": ""1123051"", ""adm_nm"": ""신사동"", ""age_band"": ""60plus"", ""date"": ""2025-10-01"", ""interpretation"": ""retrospective_descriptive_not_risk"", ""quality"": {""call_contacts"": ""ready"", ""text_contacts"": ""ready""}, ""raw"": {""call_contacts"": 12.77347415730337, ""text_contacts"": 4.690698876404494}, ""seasonal_index"": {""call_contacts"": 0.9461907582942941, ""text_contacts"": 0.9485704893748799}, ""seasonal_reference"": {""call_contacts"": {""n"": 3, ""periods"": [""2022-10-01"", ""2023-10-01"", ""2024-10-01""], ""value"": 13.499893171996542}, ""text_contacts"": {""n"": 3, ""periods"": [""2022-10-01"", ""2023-10-01"", ""2024-10-01""], ""value"": 4.945018771874007}}}"
1123051,2025-11-01,20s,a2_activity_level_v1_22b454887888,"{""adm_cd"": ""1123051"", ""adm_nm"": ""신사동"", ""age_band"": ""20s"", ""date"": ""2025-11-01"", ""interpretation"": ""retrospective_descriptive_not_risk"", ""quality"": {""call_contacts"": ""ready"", ""text_contacts"": ""ready""}, ""raw"": {""call_contacts"": 8.050780390195097, ""text_contacts"": 3.800335167583792}, ""seasonal_index"": {""call_contacts"": 0.854139077988732, ""text_contacts"": 0.8039730263253386}, ""seasonal_reference"": {""call_contacts"": {""n"": 3, ""periods"": [""2022-11-01"", ""2023-11-01"", ""2024-11-01""], ""value"": 9.42560830860534}, ""text_contacts"": {""n"": 3, ""periods"": [""2022-11-01"", ""2023-11-01"", ""2024-11-01""], ""value"": 4.726943620178042}}}"
1123051,2025-11-01,30s,a2_activity_level_v1_22b454887888,"{""adm_cd"": ""1123051"", ""adm_nm"": ""신사동"", ""age_band"": ""30s"", ""date"": ""2025-11-01"", ""interpretation"": ""retrospective_descriptive_not_risk"", ""quality"": {""call_contacts"": ""ready"", ""text_contacts"": ""ready""}, ""raw"": {""call_contacts"": 13.358337606837608, ""text_contacts"": 5.590790598290598}, ""seasonal_index"": {""call_contacts"": 0.8573710283873807, ""text_contacts"": 0.8523155672580411}, ""seasonal_reference"": {""call_contacts"": {""n"": 3, ""periods"": [""2022-11-01"", ""2023-11-01"", ""2024-11-01""], ""value"": 15.580579661016948}, ""text_contacts"": {""n"": 3, ""periods"": [""2022-11-01"", ""2023-11-01"", ""2024-11-01""], ""value"": 6.55953125}}}"
1123051,2025-11-01,40s,a2_activity_level_v1_22b454887888,"{""adm_cd"": ""1123051"", ""adm_nm"": ""신사동"", ""age_band"": ""40s"", ""date"": ""2025-11-01"", ""interpretation"": ""retrospective_descriptive_not_risk"", ""quality"": {""call_contacts"": ""ready"", ""text_contacts"": ""ready""}, ""raw"": {""call_contacts"": 16.087812500000002, ""text_contacts"": 6.76262784090909}, ""seasonal_index"": {""call_contacts"": 0.9019145168544394, ""text_contacts"": 0.9302152176816938}, ""seasonal_reference"": {""call_contacts"": {""n"": 3, ""periods"": [""2022-11-01"", ""2023-11-01"", ""2024-11-01""], ""value"": 17.83740276862228}, ""text_contacts"": {""n"": 3, ""periods"": [""2022-11-01"", ""2023-11-01"", ""2024-11-01""], ""value"": 7.269960448253131}}}"
1123051,2025-11-01,50s,a2_activity_level_v1_22b454887888,"{""adm_cd"": ""1123051"", ""adm_nm"": ""신사동"", ""age_band"": ""50s"", ""date"": ""2025-11-01"", ""interpretation"": ""retrospective_descriptive_not_risk"", ""quality"": {""call_contacts"": ""ready"", ""text_contacts"": ""ready""}, ""raw"": {""call_contacts"": 15.80375796178344, ""text_contacts"": 6.338945506015569}, ""seasonal_index"": {""call_contacts"": 0.9262599081982779, ""text_contacts"": 0.9497033578505994}, ""seasonal_reference"": {""call_contacts"": {""n"": 3, ""periods"": [""2022-11-01"", ""2023-11-01"", ""2024-11-01""], ""value"": 17.06190435525192}, ""text_contacts"": {""n"": 3, ""periods"": [""2022-11-01"", ""2023-11-01"", ""2024-11-01""], ""value"": 6.674658411614005}}}"
1123051,2025-11-01,60plus,a2_activity_level_v1_22b454887888,"{""adm_cd"": ""1123051"", ""adm_nm"": ""신사동"", ""age_band"": ""60plus"", ""date"": ""2025-11-01"", ""interpretation"": ""retrospective_descriptive_not_risk"", ""quality"": {""call_contacts"": ""ready"", ""text_contacts"": ""ready""}, ""raw"": {""call_contacts"": 13.088411111111112, ""text_contacts"": 4.679655555555556}, ""seasonal_index"": {""call_contacts"": 0.9373321140815841, ""text_contacts"": 0.9295294295151827}, ""seasonal_reference"": {""call_contacts"": {""n"": 3, ""periods"": [""2022-11-01"", ""2023-11-01"", ""2024-11-01""], ""value"": 13.963472406933787}, ""text_contacts"": {""n"": 3, ""periods"": [""2022-11-01"", ""2023-11-01"", ""2024-11-01""], ""value"": 5.034435066780335}}}"
1123051,2025-12-01,20s,a2_activity_level_v1_22b454887888,"{""adm_cd"": ""1123051"", ""adm_nm"": ""신사동"", ""age_band"": ""20s"", ""date"": ""2025-12-01"", ""interpretation"": ""retrospective_descriptive_not_risk"", ""quality"": {""call_contacts"": ""ready"", ""text_contacts"": ""ready""}, ""raw"": {""call_contacts"": 8.279889944972487, ""text_contacts"": 3.768844422211106}, ""seasonal_index"": {""call_contacts"": 0.8656414663921084, ""text_contacts"": 0.7881582091833012}, ""seasonal_reference"": {""call_contacts"": {""n"": 3, ""periods"": [""2022-12-01"", ""2023-12-01"", ""2024-12-01""], ""value"": 9.565033869602033}, ""text_contacts"": {""n"": 3, ""periods"": [""2022-12-01"", ""2023-12-01"", ""2024-12-01""], ""value"": 4.781837425910246}}}"
1123051,2025-12-01,30s,a2_activity_level_v1_22b454887888,"{""adm_cd"": ""1123051"", ""adm_nm"": ""신사동"", ""age_band"": ""30s"", ""date"": ""2025-12-01"", ""interpretation"": ""retrospective_descriptive_not_risk"", ""quality"": {""call_contacts"": ""ready"", ""text_contacts"": ""ready""}, ""raw"": {""call_contacts"": 13.480465811965813, ""text_contacts"": 5.370970085470085}, ""seasonal_index"": {""call_contacts"": 0.8959496536040598, ""text_contacts"": 0.8147491412101482}, ""seasonal_reference"": {""call_contacts"": {""n"": 3, ""periods"": [""2022-12-01"", ""2023-12-01"", ""2024-12-01""], ""value"": 15.04600817438692}, ""text_contacts"": {""n"": 3, ""periods"": [""2022-12-01"", ""2023-12-01"", ""2024-12-01""], ""value"": 6.592176430517711}}}"
1123051,2025-12-01,40s,a2_activity_level_v1_22b454887888,"{""adm_cd"": ""1123051"", ""adm_nm"": ""신사동"", ""age_band"": ""40s"", ""date"": ""2025-12-01"", ""interpretation"": ""retrospective_descriptive_not_risk"", ""quality"": {""call_contacts"": ""ready"", ""text_contacts"": ""ready""}, ""raw"": {""call_contacts"": 16.363257305773345, ""text_contacts"": 6.512608695652173}, ""seasonal_index"": {""call_contacts"": 0.896356232924324, ""text_contacts"": 0.875573309212045}, ""seasonal_reference"": {""call_contacts"": {""n"": 3, ""periods"": [""2022-12-01"", ""2023-12-01"", ""2024-12-01""], ""value"": 18.255305987429704}, ""text_contacts"": {""n"": 3, ""periods"": [""2022-12-01"", ""2023-12-01"", ""2024-12-01""], ""value"": 7.438107839894146}}}"
1123051,2025-12-01,50s,a2_activity_level_v1_22b454887888,"{""adm_cd"": ""1123051"", ""adm_nm"": ""신사동"", ""age_band"": ""50s"", ""date"": ""2025-12-01"", ""interpretation"": ""retrospective_descriptive_not_risk"", ""quality"": {""call_contacts"": ""ready"", ""text_contacts"": ""ready""}, ""raw"": {""call_contacts"": 15.801371024734982, ""text_contacts"": 6.008826855123676}, ""seasonal_index"": {""call_contacts"": 0.9285021959704007, ""text_contacts"": 0.887840491763122}, ""seasonal_reference"": {""call_contacts"": {""n"": 3, ""periods"": [""2022-12-01"", ""2023-12-01"", ""2024-12-01""], ""value"": 17.018129944453793}, ""text_contacts"": {""n"": 3, ""periods"": [""2022-12-01"", ""2023-12-01"", ""2024-12-01""], ""value"": 6.767912604651563}}}"
1123051,2025-12-01,60plus,a2_activity_level_v1_22b454887888,"{""adm_cd"": ""1123051"", ""adm_nm"": ""신사동"", ""age_band"": ""60plus"", ""date"": ""2025-12-01"", ""interpretation"": ""retrospective_descriptive_not_risk"", ""quality"": {""call_contacts"": ""ready"", ""text_contacts"": ""ready""}, ""raw"": {""call_contacts"": 12.977538733953075, ""text_contacts"": 4.460652943780434}, ""seasonal_index"": {""call_contacts"": 0.9454367198241223, ""text_contacts"": 0.8842722656797916}, ""seasonal_reference"": {""call_contacts"": {""n"": 3, ""periods"": [""2022-12-01"", ""2023-12-01"", ""2024-12-01""], ""value"": 13.726501691585726}, ""text_contacts"": {""n"": 3, ""periods"": [""2022-12-01"", ""2023-12-01"", ""2024-12-01""], ""value"": 5.04443384340599}}}"
1123052,2025-07-01,20s,a2_activity_level_v1_22b454887888,"{""adm_cd"": ""1123052"", ""adm_nm"": ""논현1동"", ""age_band"": ""20s"", ""date"": ""2025-07-01"", ""interpretation"": ""retrospective_descriptive_not_risk"", ""quality"": {""call_contacts"": ""ready"", ""text_contacts"": ""ready""}, ""raw"": {""call_contacts"": 11.044671745462692, ""text_contacts"": 5.45339457763836}, ""seasonal_index"": {""call_contacts"": 0.8453695315097994, ""text_contacts"": 0.8763387854075718}, ""seasonal_reference"": {""call_contacts"": {""n"": 3, ""periods"": [""2022-07-01"", ""2023-07-01"", ""2024-07-01""], ""value"": 13.064903966597077}, ""text_contacts"": {""n"": 3, ""periods"": [""2022-07-01"", ""2023-07-01"", ""2024-07-01""], ""value"": 6.22292961175063}}}"
1123052,2025-07-01,30s,a2_activity_level_v1_22b454887888,"{""adm_cd"": ""1123052"", ""adm_nm"": ""논현1동"", ""age_band"": ""30s"", ""date"": ""2025-07-01"", ""interpretation"": ""retrospective_descriptive_not_risk"", ""quality"": {""call_contacts"": ""ready"", ""text_contacts"": ""ready""}, ""raw"": {""call_contacts"": 14.227515016303418, ""text_contacts"": 6.292263600480521}, ""seasonal_index"": {""call_contacts"": 0.8754527408430839, ""text_contacts"": 0.9162909038996969}, ""seasonal_reference"": {""call_contacts"": {""n"": 3, ""periods"": [""2022-07-01"", ""2023-07-01"", ""2024-07-01""], ""value"": 16.251608285105085}, ""text_contacts"": {""n"": 3, ""periods"": [""2022-07-01"", ""2023-07-01"", ""2024-07-01""], ""value"": 6.867102547565301}}}"
1123052,2025-07-01,40s,a2_activity_level_v1_22b454887888,"{""adm_cd"": ""1123052"", ""adm_nm"": ""논현1동"", ""age_band"": ""40s"", ""date"": ""2025-07-01"", ""interpretation"": ""retrospective_descriptive_not_risk"", ""quality"": {""call_contacts"": ""ready"", ""text_contacts"": ""ready""}, ""raw"": {""call_contacts"": 15.855892420537897, ""text_contacts"": 6.607322738386308}, ""seasonal_index"": {""call_contacts"": 0.8975139103570807, ""text_contacts"": 0.9330081542220054}, ""seasonal_reference"": {""call_contacts"": {""n"": 3, ""periods"": [""2022-07-01"", ""2023-07-01"", ""2024-07-01""], ""value"": 17.66645868945869}, ""text_contacts"": {""n"": 3, ""periods"": [""2022-07-01"", ""2023-07-01"", ""2024-07-01""], ""value"": 7.08174168520088}}}"
1123052,2025-07-01,50s,a2_activity_level_v1_22b454887888,"{""adm_cd"": ""1123052"", ""adm_nm"": ""논현1동"", ""age_band"": ""50s"", ""date"": ""2025-07-01"", ""interpretation"": ""retrospective_descriptive_not_risk"", ""quality"": {""call_contacts"": ""ready"", ""text_contacts"": ""ready""}, ""raw"": {""call_contacts"": 16.263381021897807, ""text_contacts"": 6.155938686131387}, ""seasonal_index"": {""call_contacts"": 0.9091645433839388, ""text_contacts"": 0.964580461949956}, ""seasonal_reference"": {""call_contacts"": {""n"": 3, ""periods"": [""2022-07-01"", ""2023-07-01"", ""2024-07-01""], ""value"": 17.888270214943706}, ""text_contacts"": {""n"": 3, ""periods"": [""2022-07-01"", ""2023-07-01"", ""2024-07-01""], ""value"": 6.381985670419652}}}"
1123052,2025-07-01,60plus,a2_activity_level_v1_22b454887888,"{""adm_cd"": ""1123052"", ""adm_nm"": ""논현1동"", ""age_band"": ""60plus"", ""date"": ""2025-07-01"", ""interpretation"": ""retrospective_descriptive_not_risk"", ""quality"": {""call_contacts"": ""ready"", ""text_contacts"": ""ready""}, ""raw"": {""call_contacts"": 13.95439515300883, ""text_contacts"": 4.723068391866913}, ""seasonal_index"": {""call_contacts"": 0.9224326205035857, ""text_contacts"": 0.9534893329967156}, ""seasonal_reference"": {""call_contacts"": {""n"": 3, ""periods"": [""2022-07-01"", ""2023-07-01"", ""2024-07-01""], ""value"": 15.12782055061179}, ""text_contacts"": {""n"": 3, ""periods"": [""2022-07-01"", ""2023-07-01"", ""2024-07-01""], ""value"": 4.953456979977753}}}"
1123052,2025-08-01,20s,a2_activity_level_v1_22b454887888,"{""adm_cd"": ""1123052"", ""adm_nm"": ""논현1동"", ""age_band"": ""20s"", ""date"": ""2025-08-01"", ""interpretation"": ""retrospective_descriptive_not_risk"", ""quality"": {""call_contacts"": ""ready"", ""text_contacts"": ""ready""}, ""raw"": {""call_contacts"": 11.12400851445216, ""text_contacts"": 5.469538427066996}, ""seasonal_index"": {""call_contacts"": 0.8793049391252115, ""text_contacts"": 0.8909132020358476}, ""seasonal_reference"": {""call_contacts"": {""n"": 3, ""periods"": [""2022-08-01"", ""2023-08-01"", ""2024-08-01""], ""value"": 12.650910986032937}, ""text_contacts"": {""n"": 3, ""periods"": [""2022-08-01"", ""2023-08-01"", ""2024-08-01""], ""value"": 6.139249496548508}}}"
1123052,2025-08-01,30s,a2_activity_level_v1_22b454887888,"{""adm_cd"": ""1123052"", ""adm_nm"": ""논현1동"", ""age_band"": ""30s"", ""date"": ""2025-08-01"", ""interpretation"": ""retrospective_descriptive_not_risk"", ""quality"": {""call_contacts"": ""ready"", ""text_contacts"": ""ready""}, ""raw"": {""call_contacts"": 13.851732391940763, ""text_contacts"": 6.159655588083347}, ""seasonal_index"": {""call_contacts"": 0.8648590493398493, ""text_contacts"": 0.8971610830434321}, ""seasonal_reference"": {""call_contacts"": {""n"": 3, ""periods"": [""2022-08-01"", ""2023-08-01"", ""2024-08-01""], ""value"": 16.016173274146638}, ""text_contacts"": {""n"": 3, ""periods"": [""2022-08-01"", ""2023-08-01"", ""2024-08-01""], ""value"": 6.86571865911526}}}"
1123052,2025-08-01,40s,a2_activity_level_v1_22b454887888,"{""adm_cd"": ""1123052"", ""adm_nm"": ""논현1동"", ""age_band"": ""40s"", ""date"": ""2025-08-01"", ""interpretation"": ""retrospective_descriptive_not_risk"", ""quality"": {""call_contacts"": ""ready"", ""text_contacts"": ""ready""}, ""raw"": {""call_contacts"": 15.38423849372385, ""text_contacts"": 6.416117154811715}, ""seasonal_index"": {""call_contacts"": 0.8821159496630251, ""text_contacts"": 0.9306922617099331}, ""seasonal_reference"": {""call_contacts"": {""n"": 3, ""periods"": [""2022-08-01"", ""2023-08-01"", ""2024-08-01""], ""value"": 17.44015455065827}, ""text_contacts"": {""n"": 3, ""periods"": [""2022-08-01"", ""2023-08-01"", ""2024-08-01""], ""value"": 6.893919095258807}}}"
1123052,2025-08-01,50s,a2_activity_level_v1_22b454887888,"{""adm_cd"": ""1123052"", ""adm_nm"": ""논현1동"", ""age_band"": ""50s"", ""date"": ""2025-08-01"", ""interpretation"": ""retrospective_descriptive_not_risk"", ""quality"": {""call_contacts"": ""ready"", ""text_contacts"": ""ready""}, ""raw"": {""call_contacts"": 15.952378173329443, ""text_contacts"": 6.070335570469799}, ""seasonal_index"": {""call_contacts"": 0.9002919402106103, ""text_contacts"": 0.9640575424215221}, ""seasonal_reference"": {""call_contacts"": {""n"": 3, ""periods"": [""2022-08-01"", ""2023-08-01"", ""2024-08-01""], ""value"": 17.719116945107398}, ""text_contacts"": {""n"": 3, ""periods"": [""2022-08-01"", ""2023-08-01"", ""2024-08-01""], ""value"": 6.296652744630072}}}"
1123052,2025-08-01,60plus,a2_activity_level_v1_22b454887888,"{""adm_cd"": ""1123052"", ""adm_nm"": ""논현1동"", ""age_band"": ""60plus"", ""date"": ""2025-08-01"", ""interpretation"": ""retrospective_descriptive_not_risk"", ""quality"": {""call_contacts"": ""ready"", ""text_contacts"": ""ready""}, ""raw"": {""call_contacts"": 13.652293240759649, ""text_contacts"": 4.680481927710844}, ""seasonal_index"": {""call_contacts"": 0.9228549612074546, ""text_contacts"": 0.946938709095769}, ""seasonal_reference"": {""call_contacts"": {""n"": 3, ""periods"": [""2022-08-01"", ""2023-08-01"", ""2024-08-01""], ""value"": 14.793541579813494}, ""text_contacts"": {""n"": 3, ""periods"": [""2022-08-01"", ""2023-08-01"", ""2024-08-01""], ""value"": 4.942750658255624}}}"
1123052,2025-09-01,20s,a2_activity_level_v1_22b454887888,"{""adm_cd"": ""1123052"", ""adm_nm"": ""논현1동"", ""age_band"": ""20s"", ""date"": ""2025-09-01"", ""interpretation"": ""retrospective_descriptive_not_risk"", ""quality"": {""call_contacts"": ""ready"", ""text_contacts"": ""ready""}, ""raw"": {""call_contacts"": 10.956786914631413, ""text_contacts"": 5.328319516020614}, ""seasonal_index"": {""call_contacts"": 0.8733687321305899, ""text_contacts"": 0.8666218962807349}, ""seasonal_reference"": {""call_contacts"": {""n"": 3, ""periods"": [""2022-09-01"", ""2023-09-01"", ""2024-09-01""], ""value"": 12.545430711610486}, ""text_contacts"": {""n"": 3, ""periods"": [""2022-09-01"", ""2023-09-01"", ""2024-09-01""], ""value"": 6.148378593811285}}}"
1123052,2025-09-01,30s,a2_activity_level_v1_22b454887888,"{""adm_cd"": ""1123052"", ""adm_nm"": ""논현1동"", ""age_band"": ""30s"", ""date"": ""2025-09-01"", ""interpretation"": ""retrospective_descriptive_not_risk"", ""quality"": {""call_contacts"": ""ready"", ""text_contacts"": ""ready""}, ""raw"": {""call_contacts"": 14.141940375667756, ""text_contacts"": 6.212948474926762}, ""seasonal_index"": {""call_contacts"": 0.8809941225216683, ""text_contacts"": 0.8916648131870886}, ""seasonal_reference"": {""call_contacts"": {""n"": 3, ""periods"": [""2022-09-01"", ""2023-09-01"", ""2024-09-01""], ""value"": 16.05225280639705}, ""text_contacts"": {""n"": 3, ""periods"": [""2022-09-01"", ""2023-09-01"", ""2024-09-01""], ""value"": 6.967807165923419}}}"
1123052,2025-09-01,40s,a2_activity_level_v1_22b454887888,"{""adm_cd"": ""1123052"", ""adm_nm"": ""논현1동"", ""age_band"": ""40s"", ""date"": ""2025-09-01"", ""interpretation"": ""retrospective_descriptive_not_risk"", ""quality"": {""call_contacts"": ""ready"", ""text_contacts"": ""ready""}, ""raw"": {""call_contacts"": 15.750649405772496, ""text_contacts"": 6.441218166383702}, ""seasonal_index"": {""call_contacts"": 0.9098666853178728, ""text_contacts"": 0.9261953958221889}, ""seasonal_reference"": {""call_contacts"": {""n"": 3, ""periods"": [""2022-09-01"", ""2023-09-01"", ""2024-09-01""], ""value"": 17.310941987363584}, ""text_contacts"": {""n"": 3, ""periods"": [""2022-09-01"", ""2023-09-01"", ""2024-09-01""], ""value"": 6.954491671453188}}}"
1123052,2025-09-01,50s,a2_activity_level_v1_22b454887888,"{""adm_cd"": ""1123052"", ""adm_nm"": ""논현1동"", ""age_band"": ""50s"", ""date"": ""2025-09-01"", ""interpretation"": ""retrospective_descriptive_not_risk"", ""quality"": {""call_contacts"": ""ready"", ""text_contacts"": ""ready""}, ""raw"": {""call_contacts"": 16.378048780487802, ""text_contacts"": 6.291093153100205}, ""seasonal_index"": {""call_contacts"": 0.9366007664502843, ""text_contacts"": 0.9765020965663779}, ""seasonal_reference"": {""call_contacts"": {""n"": 3, ""periods"": [""2022-09-01"", ""2023-09-01"", ""2024-09-01""], ""value"": 17.486691626957114}, ""text_contacts"": {""n"": 3, ""periods"": [""2022-09-01"", ""2023-09-01"", ""2024-09-01""], ""value"": 6.442477876106195}}}"
1123052,2025-09-01,60plus,a2_activity_level_v1_22b454887888,"{""adm_cd"": ""1123052"", ""adm_nm"": ""논현1동"", ""age_band"": ""60plus"", ""date"": ""2025-09-01"", ""interpretation"": ""retrospective_descriptive_not_risk"", ""quality"": {""call_contacts"": ""ready"", ""text_contacts"": ""ready""}, ""raw"": {""call_contacts"": 13.692762430939226, ""text_contacts"": 4.681704522201759}, ""seasonal_index"": {""call_contacts"": 0.9179436399328963, ""text_contacts"": 0.9031772430382342}, ""seasonal_reference"": {""call_contacts"": {""n"": 3, ""periods"": [""2022-09-01"", ""2023-09-01"", ""2024-09-01""], ""value"": 14.916779021357124}, ""text_contacts"": {""n"": 3, ""periods"": [""2022-09-01"", ""2023-09-01"", ""2024-09-01""], ""value"": 5.183594425444983}}}"
1123052,2025-10-01,20s,a2_activity_level_v1_22b454887888,"{""adm_cd"": ""1123052"", ""adm_nm"": ""논현1동"", ""age_band"": ""20s"", ""date"": ""2025-10-01"", ""interpretation"": ""retrospective_descriptive_not_risk"", ""quality"": {""call_contacts"": ""ready"", ""text_contacts"": ""ready""}, ""raw"": {""call_contacts"": 10.741734259466726, ""text_contacts"": 5.087485995966839}, ""seasonal_index"": {""call_contacts"": 0.878374666418403, ""text_contacts"": 0.8287837011323714}, ""seasonal_reference"": {""call_contacts"": {""n"": 3, ""periods"": [""2022-10-01"", ""2023-10-01"", ""2024-10-01""], ""value"": 12.229102990033223}, ""text_contacts"": {""n"": 3, ""periods"": [""2022-10-01"", ""2023-10-01"", ""2024-10-01""], ""value"": 6.138496677740863}}}"
1123052,2025-10-01,30s,a2_activity_level_v1_22b454887888,"{""adm_cd"": ""1123052"", ""adm_nm"": ""논현1동"", ""age_band"": ""30s"", ""date"": ""2025-10-01"", ""interpretation"": ""retrospective_descriptive_not_risk"", ""quality"": {""call_contacts"": ""ready"", ""text_contacts"": ""ready""}, ""raw"": {""call_contacts"": 13.745473265270807, ""text_contacts"": 5.935398857933899}, ""seasonal_index"": {""call_contacts"": 0.8728118731160666, ""text_contacts"": 0.8557552871408275}, ""seasonal_reference"": {""call_contacts"": {""n"": 3, ""periods"": [""2022-10-01"", ""2023-10-01"", ""2024-10-01""], ""value"": 15.748494823056713}, ""text_contacts"": {""n"": 3, ""periods"": [""2022-10-01"", ""2023-10-01"", ""2024-10-01""], ""value"": 6.935859990727863}}}"
1123052,2025-10-01,40s,a2_activity_level_v1_22b454887888,"{""adm_cd"": ""1123052"", ""adm_nm"": ""논현1동"", ""age_band"": ""40s"", ""date"": ""2025-10-01"", ""interpretation"": ""retrospective_descriptive_not_risk"", ""quality"": {""call_contacts"": ""ready"", ""text_contacts"": ""ready""}, ""raw"": {""call_contacts"": 15.273729472774415, ""text_contacts"": 6.194624027657736}, ""seasonal_index"": {""call_contacts"": 0.8998061382331695, ""text_contacts"": 0.8942666912943774}, ""seasonal_reference"": {""call_contacts"": {""n"": 3, ""periods"": [""2022-10-01"", ""2023-10-01"", ""2024-10-01""], ""value"": 16.97446685878963}, ""text_contacts"": {""n"": 3, ""periods"": [""2022-10-01"", ""2023-10-01"", ""2024-10-01""], ""value"": 6.927043227665706}}}"
1123052,2025-10-01,50s,a2_activity_level_v1_22b454887888,"{""adm_cd"": ""1123052"", ""adm_nm"": ""논현1동"", ""age_band"": ""50s"", ""date"": ""2025-10-01"", ""interpretation"": ""retrospective_descriptive_not_risk"", ""quality"": {""call_contacts"": ""ready"", ""text_contacts"": ""ready""}, ""raw"": {""call_contacts"": 15.842672233820458, ""text_contacts"": 6.099376677602147}, ""seasonal_index"": {""call_contacts"": 0.9129097744899455, ""text_contacts"": 0.9281351033844791}, ""seasonal_reference"": {""call_contacts"": {""n"": 3, ""periods"": [""2022-10-01"", ""2023-10-01"", ""2024-10-01""], ""value"": 17.354039442366542}, ""text_contacts"": {""n"": 3, ""periods"": [""2022-10-01"", ""2023-10-01"", ""2024-10-01""], ""value"": 6.571647441585329}}}"
1123052,2025-10-01,60plus,a2_activity_level_v1_22b454887888,"{""adm_cd"": ""1123052"", ""adm_nm"": ""논현1동"", ""age_band"": ""60plus"", ""date"": ""2025-10-01"", ""interpretation"": ""retrospective_descriptive_not_risk"", ""quality"": {""call_contacts"": ""ready"", ""text_contacts"": ""ready""}, ""raw"": {""call_contacts"": 13.476555760936538, ""text_contacts"": 4.648632162661738}, ""seasonal_index"": {""call_contacts"": 0.9117016760789138, ""text_contacts"": 0.9077425660182666}, ""seasonal_reference"": {""call_contacts"": {""n"": 3, ""periods"": [""2022-10-01"", ""2023-10-01"", ""2024-10-01""], ""value"": 14.781760431654677}, ""text_contacts"": {""n"": 3, ""periods"": [""2022-10-01"", ""2023-10-01"", ""2024-10-01""], ""value"": 5.121090865059415}}}"
1123052,2025-11-01,20s,a2_activity_level_v1_22b454887888,"{""adm_cd"": ""1123052"", ""adm_nm"": ""논현1동"", ""age_band"": ""20s"", ""date"": ""2025-11-01"", ""interpretation"": ""retrospective_descriptive_not_risk"", ""quality"": {""call_contacts"": ""ready"", ""text_contacts"": ""ready""}, ""raw"": {""call_contacts"": 10.645494062289938, ""text_contacts"": 5.003871835088505}, ""seasonal_index"": {""call_contacts"": 0.869118736655756, ""text_contacts"": 0.807196716484196}, ""seasonal_reference"": {""call_contacts"": {""n"": 3, ""periods"": [""2022-11-01"", ""2023-11-01"", ""2024-11-01""], ""value"": 12.24860725388601}, ""text_contacts"": {""n"": 3, ""periods"": [""2022-11-01"", ""2023-11-01"", ""2024-11-01""], ""value"": 6.199073575129534}}}"
1123052,2025-11-01,30s,a2_activity_level_v1_22b454887888,"{""adm_cd"": ""1123052"", ""adm_nm"": ""논현1동"", ""age_band"": ""30s"", ""date"": ""2025-11-01"", ""interpretation"": ""retrospective_descriptive_not_risk"", ""quality"": {""call_contacts"": ""ready"", ""text_contacts"": ""ready""}, ""raw"": {""call_contacts"": 13.513324684310673, ""text_contacts"": 5.786891541255839}, ""seasonal_index"": {""call_contacts"": 0.8586419549847251, ""text_contacts"": 0.8253315679114058}, ""seasonal_reference"": {""call_contacts"": {""n"": 3, ""periods"": [""2022-11-01"", ""2023-11-01"", ""2024-11-01""], ""value"": 15.738020493712156}, ""text_contacts"": {""n"": 3, ""periods"": [""2022-11-01"", ""2023-11-01"", ""2024-11-01""], ""value"": 7.011596025461885}}}"
1123052,2025-11-01,40s,a2_activity_level_v1_22b454887888,"{""adm_cd"": ""1123052"", ""adm_nm"": ""논현1동"", ""age_band"": ""40s"", ""date"": ""2025-11-01"", ""interpretation"": ""retrospective_descriptive_not_risk"", ""quality"": {""call_contacts"": ""ready"", ""text_contacts"": ""ready""}, ""raw"": {""call_contacts"": 15.262812631578948, ""text_contacts"": 6.086551578947368}, ""seasonal_index"": {""call_contacts"": 0.8979223626258009, ""text_contacts"": 0.870917088755221}, ""seasonal_reference"": {""call_contacts"": {""n"": 3, ""periods"": [""2022-11-01"", ""2023-11-01"", ""2024-11-01""], ""value"": 16.997920161990166}, ""text_contacts"": {""n"": 3, ""periods"": [""2022-11-01"", ""2023-11-01"", ""2024-11-01""], ""value"": 6.988669366502749}}}"
1123052,2025-11-01,50s,a2_activity_level_v1_22b454887888,"{""adm_cd"": ""1123052"", ""adm_nm"": ""논현1동"", ""age_band"": ""50s"", ""date"": ""2025-11-01"", ""interpretation"": ""retrospective_descriptive_not_risk"", ""quality"": {""call_contacts"": ""ready"", ""text_contacts"": ""ready""}, ""raw"": {""call_contacts"": 15.976907523044902, ""text_contacts"": 5.963422539399345}, ""seasonal_index"": {""call_contacts"": 0.9068626970086745, ""text_contacts"": 0.8975258505672026}, ""seasonal_reference"": {""call_contacts"": {""n"": 3, ""periods"": [""2022-11-01"", ""2023-11-01"", ""2024-11-01""], ""value"": 17.617780040733198}, ""text_contacts"": {""n"": 3, ""periods"": [""2022-11-01"", ""2023-11-01"", ""2024-11-01""], ""value"": 6.6442905634759}}}"
1123052,2025-11-01,60plus,a2_activity_level_v1_22b454887888,"{""adm_cd"": ""1123052"", ""adm_nm"": ""논현1동"", ""age_band"": ""60plus"", ""date"": ""2025-11-01"", ""interpretation"": ""retrospective_descriptive_not_risk"", ""quality"": {""call_contacts"": ""ready"", ""text_contacts"": ""ready""}, ""raw"": {""call_contacts"": 13.747219403288005, ""text_contacts"": 4.658707124010554}, ""seasonal_index"": {""call_contacts"": 0.9195485352968372, ""text_contacts"": 0.9050126708521522}, ""seasonal_reference"": {""call_contacts"": {""n"": 3, ""periods"": [""2022-11-01"", ""2023-11-01"", ""2024-11-01""], ""value"": 14.949966070959265}, ""text_contacts"": {""n"": 3, ""periods"": [""2022-11-01"", ""2023-11-01"", ""2024-11-01""], ""value"": 5.147670606229143}}}"
1123052,2025-12-01,20s,a2_activity_level_v1_22b454887888,"{""adm_cd"": ""1123052"", ""adm_nm"": ""논현1동"", ""age_band"": ""20s"", ""date"": ""2025-12-01"", ""interpretation"": ""retrospective_descriptive_not_risk"", ""quality"": {""call_contacts"": ""ready"", ""text_contacts"": ""ready""}, ""raw"": {""call_contacts"": 10.75670849204571, ""text_contacts"": 4.858019269549631}, ""seasonal_index"": {""call_contacts"": 0.86331357014551, ""text_contacts"": 0.7786330143581297}, ""seasonal_reference"": {""call_contacts"": {""n"": 3, ""periods"": [""2022-12-01"", ""2023-12-01"", ""2024-12-01""], ""value"": 12.459793131981796}, ""text_contacts"": {""n"": 3, ""periods"": [""2022-12-01"", ""2023-12-01"", ""2024-12-01""], ""value"": 6.239164253206455}}}"
1123052,2025-12-01,30s,a2_activity_level_v1_22b454887888,"{""adm_cd"": ""1123052"", ""adm_nm"": ""논현1동"", ""age_band"": ""30s"", ""date"": ""2025-12-01"", ""interpretation"": ""retrospective_descriptive_not_risk"", ""quality"": {""call_contacts"": ""ready"", ""text_contacts"": ""ready""}, ""raw"": {""call_contacts"": 13.79377827663616, ""text_contacts"": 5.607782766361595}, ""seasonal_index"": {""call_contacts"": 0.8873024001957707, ""text_contacts"": 0.8013908448968806}, ""seasonal_reference"": {""call_contacts"": {""n"": 3, ""periods"": [""2022-12-01"", ""2023-12-01"", ""2024-12-01""], ""value"": 15.545746606334841}, ""text_contacts"": {""n"": 3, ""periods"": [""2022-12-01"", ""2023-12-01"", ""2024-12-01""], ""value"": 6.997562802309252}}}"
1123052,2025-12-01,40s,a2_activity_level_v1_22b454887888,"{""adm_cd"": ""1123052"", ""adm_nm"": ""논현1동"", ""age_band"": ""40s"", ""date"": ""2025-12-01"", ""interpretation"": ""retrospective_descriptive_not_risk"", ""quality"": {""call_contacts"": ""ready"", ""text_contacts"": ""ready""}, ""raw"": {""call_contacts"": 15.298517094017093, ""text_contacts"": 5.848811965811966}, ""seasonal_index"": {""call_contacts"": 0.8959611219338032, ""text_contacts"": 0.8277152358034711}, ""seasonal_reference"": {""call_contacts"": {""n"": 3, ""periods"": [""2022-12-01"", ""2023-12-01"", ""2024-12-01""], ""value"": 17.074978723404254}, ""text_contacts"": {""n"": 3, ""periods"": [""2022-12-01"", ""2023-12-01"", ""2024-12-01""], ""value"": 7.066212765957447}}}"
1123052,2025-12-01,50s,a2_activity_level_v1_22b454887888,"{""adm_cd"": ""1123052"", ""adm_nm"": ""논현1동"", ""age_band"": ""50s"", ""date"": ""2025-12-01"", ""interpretation"": ""retrospective_descriptive_not_risk"", ""quality"": {""call_contacts"": ""ready"", ""text_contacts"": ""ready""}, ""raw"": {""call_contacts"": 15.983139638304179, ""text_contacts"": 5.752561517936555}, ""seasonal_index"": {""call_contacts"": 0.9011187719450342, ""text_contacts"": 0.864953556613846}, ""seasonal_reference"": {""call_contacts"": {""n"": 3, ""periods"": [""2022-12-01"", ""2023-12-01"", ""2024-12-01""], ""value"": 17.73699553922855}, ""text_contacts"": {""n"": 3, ""periods"": [""2022-12-01"", ""2023-12-01"", ""2024-12-01""], ""value"": 6.65071722516167}}}"
1123052,2025-12-01,60plus,a2_activity_level_v1_22b454887888,"{""adm_cd"": ""1123052"", ""adm_nm"": ""논현1동"", ""age_band"": ""60plus"", ""date"": ""2025-12-01"", ""interpretation"": ""retrospective_descriptive_not_risk"", ""quality"": {""call_contacts"": ""ready"", ""text_contacts"": ""ready""}, ""raw"": {""call_contacts"": 13.650606930490055, ""text_contacts"": 4.54394094730367}, ""seasonal_index"": {""call_contacts"": 0.9353768457536268, ""text_contacts"": 0.8777204815160891}, ""seasonal_reference"": {""call_contacts"": {""n"": 3, ""periods"": [""2022-12-01"", ""2023-12-01"", ""2024-12-01""], ""value"": 14.593697708533563}, ""text_contacts"": {""n"": 3, ""periods"": [""2022-12-01"", ""2023-12-01"", ""2024-12-01""], ""value"": 5.176979508846493}}}"
1123053,2025-07-01,20s,a2_activity_level_v1_22b454887888,"{""adm_cd"": ""1123053"", ""adm_nm"": ""논현2동"", ""age_band"": ""20s"", ""date"": ""2025-07-01"", ""interpretation"": ""retrospective_descriptive_not_risk"", ""quality"": {""call_contacts"": ""ready"", ""text_contacts"": ""ready""}, ""raw"": {""call_contacts"": 9.838276173285198, ""text_contacts"": 4.680487364620938}, ""seasonal_index"": {""call_contacts"": 0.89138327063535, ""text_contacts"": 0.9309006691884071}, ""seasonal_reference"": {""call_contacts"": {""n"": 3, ""periods"": [""2022-07-01"", ""2023-07-01"", ""2024-07-01""], ""value"": 11.037088643443784}, ""text_contacts"": {""n"": 3, ""periods"": [""2022-07-01"", ""2023-07-01"", ""2024-07-01""], ""value"": 5.027912772585669}}}"
1123053,2025-07-01,30s,a2_activity_level_v1_22b454887888,"{""adm_cd"": ""1123053"", ""adm_nm"": ""논현2동"", ""age_band"": ""30s"", ""date"": ""2025-07-01"", ""interpretation"": ""retrospective_descriptive_not_risk"", ""quality"": {""call_contacts"": ""ready"", ""text_contacts"": ""ready""}, ""raw"": {""call_contacts"": 14.754847614840989, ""text_contacts"": 6.407875441696113}, ""seasonal_index"": {""call_contacts"": 0.8696386941965988, ""text_contacts"": 0.9311773740003313}, ""seasonal_reference"": {""call_contacts"": {""n"": 3, ""periods"": [""2022-07-01"", ""2023-07-01"", ""2024-07-01""], ""value"": 16.966641104294478}, ""text_contacts"": {""n"": 3, ""periods"": [""2022-07-01"", ""2023-07-01"", ""2024-07-01""], ""value"": 6.881476741824091}}}"
1123053,2025-07-01,40s,a2_activity_level_v1_22b454887888,"{""adm_cd"": ""1123053"", ""adm_nm"": ""논현2동"", ""age_band"": ""40s"", ""date"": ""2025-07-01"", ""interpretation"": ""retrospective_descriptive_not_risk"", ""quality"": {""call_contacts"": ""ready"", ""text_contacts"": ""ready""}, ""raw"": {""call_contacts"": 16.96667740636327, ""text_contacts"": 7.047104309303262}, ""seasonal_index"": {""call_contacts"": 0.9131812254898516, ""text_contacts"": 0.9645913043734959}, ""seasonal_reference"": {""call_contacts"": {""n"": 3, ""periods"": [""2022-07-01"", ""2023-07-01"", ""2024-07-01""], ""value"": 18.57974839250769}, ""text_contacts"": {""n"": 3, ""periods"": [""2022-07-01"", ""2023-07-01"", ""2024-07-01""], ""value"": 7.305792906644925}}}"
1123053,2025-07-01,50s,a2_activity_level_v1_22b454887888,"{""adm_cd"": ""1123053"", ""adm_nm"": ""논현2동"", ""age_band"": ""50s"", ""date"": ""2025-07-01"", ""interpretation"": ""retrospective_descriptive_not_risk"", ""quality"": {""call_contacts"": ""ready"", ""text_contacts"": ""ready""}, ""raw"": {""call_contacts"": 17.590039900249376, ""text_contacts"": 6.665117206982544}, ""seasonal_index"": {""call_contacts"": 0.9487262696277137, ""text_contacts"": 0.9669062679457104}, ""seasonal_reference"": {""call_contacts"": {""n"": 3, ""periods"": [""2022-07-01"", ""2023-07-01"", ""2024-07-01""], ""value"": 18.540690253208464}, ""text_contacts"": {""n"": 3, ""periods"": [""2022-07-01"", ""2023-07-01"", ""2024-07-01""], ""value"": 6.893240252897787}}}"
1123053,2025-07-01,60plus,a2_activity_level_v1_22b454887888,"{""adm_cd"": ""1123053"", ""adm_nm"": ""논현2동"", ""age_band"": ""60plus"", ""date"": ""2025-07-01"", ""interpretation"": ""retrospective_descriptive_not_risk"", ""quality"": {""call_contacts"": ""ready"", ""text_contacts"": ""ready""}, ""raw"": {""call_contacts"": 13.808567335243554, ""text_contacts"": 4.764840616045846}, ""seasonal_index"": {""call_contacts"": 0.9159581690055972, ""text_contacts"": 0.9410428836689879}, ""seasonal_reference"": {""call_contacts"": {""n"": 3, ""periods"": [""2022-07-01"", ""2023-07-01"", ""2024-07-01""], ""value"": 15.075543624699277}, ""text_contacts"": {""n"": 3, ""periods"": [""2022-07-01"", ""2023-07-01"", ""2024-07-01""], ""value"": 5.063361828388131}}}"
1123053,2025-08-01,20s,a2_activity_level_v1_22b454887888,"{""adm_cd"": ""1123053"", ""adm_nm"": ""논현2동"", ""age_band"": ""20s"", ""date"": ""2025-08-01"", ""interpretation"": ""retrospective_descriptive_not_risk"", ""quality"": {""call_contacts"": ""ready"", ""text_contacts"": ""ready""}, ""raw"": {""call_contacts"": 9.621248495788207, ""text_contacts"": 4.633258122743682}, ""seasonal_index"": {""call_contacts"": 0.8964609849384165, ""text_contacts"": 0.9389560677215835}, ""seasonal_reference"": {""call_contacts"": {""n"": 3, ""periods"": [""2022-08-01"", ""2023-08-01"", ""2024-08-01""], ""value"": 10.732478777589133}, ""text_contacts"": {""n"": 3, ""periods"": [""2022-08-01"", ""2023-08-01"", ""2024-08-01""], ""value"": 4.934478067740144}}}"
1123053,2025-08-01,30s,a2_activity_level_v1_22b454887888,"{""adm_cd"": ""1123053"", ""adm_nm"": ""논현2동"", ""age_band"": ""30s"", ""date"": ""2025-08-01"", ""interpretation"": ""retrospective_descriptive_not_risk"", ""quality"": {""call_contacts"": ""ready"", ""text_contacts"": ""ready""}, ""raw"": {""call_contacts"": 14.330114967941633, ""text_contacts"": 6.329252708379395}, ""seasonal_index"": {""call_contacts"": 0.8627972636213962, ""text_contacts"": 0.9427004546214517}, ""seasonal_reference"": {""call_contacts"": {""n"": 3, ""periods"": [""2022-08-01"", ""2023-08-01"", ""2024-08-01""], ""value"": 16.608901734104045}, ""text_contacts"": {""n"": 3, ""periods"": [""2022-08-01"", ""2023-08-01"", ""2024-08-01""], ""value"": 6.713959537572253}}}"
1123053,2025-08-01,40s,a2_activity_level_v1_22b454887888,"{""adm_cd"": ""1123053"", ""adm_nm"": ""논현2동"", ""age_band"": ""40s"", ""date"": ""2025-08-01"", ""interpretation"": ""retrospective_descriptive_not_risk"", ""quality"": {""call_contacts"": ""ready"", ""text_contacts"": ""ready""}, ""raw"": {""call_contacts"": 16.876644081307294, ""text_contacts"": 7.038955759266639}, ""seasonal_index"": {""call_contacts"": 0.907108567089179, ""text_contacts"": 0.9588230387582856}, ""seasonal_reference"": {""call_contacts"": {""n"": 3, ""periods"": [""2022-08-01"", ""2023-08-01"", ""2024-08-01""], ""value"": 18.604877843302443}, ""text_contacts"": {""n"": 3, ""periods"": [""2022-08-01"", ""2023-08-01"", ""2024-08-01""], ""value"": 7.341245959611453}}}"
1123053,2025-08-01,50s,a2_activity_level_v1_22b454887888,"{""adm_cd"": ""1123053"", ""adm_nm"": ""논현2동"", ""age_band"": ""50s"", ""date"": ""2025-08-01"", ""interpretation"": ""retrospective_descriptive_not_risk"", ""quality"": {""call_contacts"": ""ready"", ""text_contacts"": ""ready""}, ""raw"": {""call_contacts"": 17.25769230769231, ""text_contacts"": 6.583886639676114}, ""seasonal_index"": {""call_contacts"": 0.9538238113636409, ""text_contacts"": 0.9988261497937253}, ""seasonal_reference"": {""call_contacts"": {""n"": 3, ""periods"": [""2022-08-01"", ""2023-08-01"", ""2024-08-01""], ""value"": 18.093165742024965}, ""text_contacts"": {""n"": 3, ""periods"": [""2022-08-01"", ""2023-08-01"", ""2024-08-01""], ""value"": 6.59162421912542}}}"
1123053,2025-08-01,60plus,a2_activity_level_v1_22b454887888,"{""adm_cd"": ""1123053"", ""adm_nm"": ""논현2동"", ""age_band"": ""60plus"", ""date"": ""2025-08-01"", ""interpretation"": ""retrospective_descriptive_not_risk"", ""quality"": {""call_contacts"": ""ready"", ""text_contacts"": ""ready""}, ""raw"": {""call_contacts"": 13.591200428724546, ""text_contacts"": 4.706114683815649}, ""seasonal_index"": {""call_contacts"": 0.9227787327629974, ""text_contacts"": 0.9417148580172251}, ""seasonal_reference"": {""call_contacts"": {""n"": 3, ""periods"": [""2022-08-01"", ""2023-08-01"", ""2024-08-01""], ""value"": 14.728558370682837}, ""text_contacts"": {""n"": 3, ""periods"": [""2022-08-01"", ""2023-08-01"", ""2024-08-01""], ""value"": 4.997388162404429}}}"
1123053,2025-09-01,20s,a2_activity_level_v1_22b454887888,"{""adm_cd"": ""1123053"", ""adm_nm"": ""논현2동"", ""age_band"": ""20s"", ""date"": ""2025-09-01"", ""interpretation"": ""retrospective_descriptive_not_risk"", ""quality"": {""call_contacts"": ""ready"", ""text_contacts"": ""ready""}, ""raw"": {""call_contacts"": 9.830174488567991, ""text_contacts"": 4.683935018050542}, ""seasonal_index"": {""call_contacts"": 0.8963437896469982, ""text_contacts"": 0.9199748529915409}, ""seasonal_reference"": {""call_contacts"": {""n"": 3, ""periods"": [""2022-09-01"", ""2023-09-01"", ""2024-09-01""], ""value"": 10.966968926553673}, ""text_contacts"": {""n"": 3, ""periods"": [""2022-09-01"", ""2023-09-01"", ""2024-09-01""], ""value"": 5.091372881355933}}}"
1123053,2025-09-01,30s,a2_activity_level_v1_22b454887888,"{""adm_cd"": ""1123053"", ""adm_nm"": ""논현2동"", ""age_band"": ""30s"", ""date"": ""2025-09-01"", ""interpretation"": ""retrospective_descriptive_not_risk"", ""quality"": {""call_contacts"": ""ready"", ""text_contacts"": ""ready""}, ""raw"": {""call_contacts"": 14.591167032967032, ""text_contacts"": 6.318384615384615}, ""seasonal_index"": {""call_contacts"": 0.8731014933392386, ""text_contacts"": 0.9209371363337449}, ""seasonal_reference"": {""call_contacts"": {""n"": 3, ""periods"": [""2022-09-01"", ""2023-09-01"", ""2024-09-01""], ""value"": 16.711879597367403}, ""text_contacts"": {""n"": 3, ""periods"": [""2022-09-01"", ""2023-09-01"", ""2024-09-01""], ""value"": 6.860820751064654}}}"
1123053,2025-09-01,40s,a2_activity_level_v1_22b454887888,"{""adm_cd"": ""1123053"", ""adm_nm"": ""논현2동"", ""age_band"": ""40s"", ""date"": ""2025-09-01"", ""interpretation"": ""retrospective_descriptive_not_risk"", ""quality"": {""call_contacts"": ""ready"", ""text_contacts"": ""ready""}, ""raw"": {""call_contacts"": 17.179947111472742, ""text_contacts"": 7.047302685109845}, ""seasonal_index"": {""call_contacts"": 0.9336616088474016, ""text_contacts"": 0.9612326052681827}, ""seasonal_reference"": {""call_contacts"": {""n"": 3, ""periods"": [""2022-09-01"", ""2023-09-01"", ""2024-09-01""], ""value"": 18.400614257537335}, ""text_contacts"": {""n"": 3, ""periods"": [""2022-09-01"", ""2023-09-01"", ""2024-09-01""], ""value"": 7.33152688172043}}}"
1123053,2025-09-01,50s,a2_activity_level_v1_22b454887888,"{""adm_cd"": ""1123053"", ""adm_nm"": ""논현2동"", ""age_band"": ""50s"", ""date"": ""2025-09-01"", ""interpretation"": ""retrospective_descriptive_not_risk"", ""quality"": {""call_contacts"": ""ready"", ""text_contacts"": ""ready""}, ""raw"": {""call_contacts"": 17.630025012506255, ""text_contacts"": 6.650890445222612}, ""seasonal_index"": {""call_contacts"": 0.973750920993975, ""text_contacts"": 0.9739452839681901}, ""seasonal_reference"": {""call_contacts"": {""n"": 3, ""periods"": [""2022-09-01"", ""2023-09-01"", ""2024-09-01""], ""value"": 18.105271720318445}, ""text_contacts"": {""n"": 3, ""periods"": [""2022-09-01"", ""2023-09-01"", ""2024-09-01""], ""value"": 6.828813234891988}}}"
1123053,2025-09-01,60plus,a2_activity_level_v1_22b454887888,"{""adm_cd"": ""1123053"", ""adm_nm"": ""논현2동"", ""age_band"": ""60plus"", ""date"": ""2025-09-01"", ""interpretation"": ""retrospective_descriptive_not_risk"", ""quality"": {""call_contacts"": ""ready"", ""text_contacts"": ""ready""}, ""raw"": {""call_contacts"": 13.703620534912941, ""text_contacts"": 4.799290971100341}, ""seasonal_index"": {""call_contacts"": 0.9267959667660566, ""text_contacts"": 0.9300766336026035}, ""seasonal_reference"": {""call_contacts"": {""n"": 3, ""periods"": [""2022-09-01"", ""2023-09-01"", ""2024-09-01""], ""value"": 14.786016584351444}, ""text_contacts"": {""n"": 3, ""periods"": [""2022-09-01"", ""2023-09-01"", ""2024-09-01""], ""value"": 5.1601027245578}}}"
1123053,2025-10-01,20s,a2_activity_level_v1_22b454887888,"{""adm_cd"": ""1123053"", ""adm_nm"": ""논현2동"", ""age_band"": ""20s"", ""date"": ""2025-10-01"", ""interpretation"": ""retrospective_descriptive_not_risk"", ""quality"": {""call_contacts"": ""ready"", ""text_contacts"": ""ready""}, ""raw"": {""call_contacts"": 9.762662454873647, ""text_contacts"": 4.580773164861612}, ""seasonal_index"": {""call_contacts"": 0.8894541645304639, ""text_contacts"": 0.8720213988163233}, ""seasonal_reference"": {""call_contacts"": {""n"": 3, ""periods"": [""2022-10-01"", ""2023-10-01"", ""2024-10-01""], ""value"": 10.976015228426395}, ""text_contacts"": {""n"": 3, ""periods"": [""2022-10-01"", ""2023-10-01"", ""2024-10-01""], ""value"": 5.253051325437112}}}"
1123053,2025-10-01,30s,a2_activity_level_v1_22b454887888,"{""adm_cd"": ""1123053"", ""adm_nm"": ""논현2동"", ""age_band"": ""30s"", ""date"": ""2025-10-01"", ""interpretation"": ""retrospective_descriptive_not_risk"", ""quality"": {""call_contacts"": ""ready"", ""text_contacts"": ""ready""}, ""raw"": {""call_contacts"": 14.057443458980044, ""text_contacts"": 6.052447893569845}, ""seasonal_index"": {""call_contacts"": 0.8685058907504161, ""text_contacts"": 0.8988233638875163}, ""seasonal_reference"": {""call_contacts"": {""n"": 3, ""periods"": [""2022-10-01"", ""2023-10-01"", ""2024-10-01""], ""value"": 16.185777907429017}, ""text_contacts"": {""n"": 3, ""periods"": [""2022-10-01"", ""2023-10-01"", ""2024-10-01""], ""value"": 6.733745624270712}}}"
1123053,2025-10-01,40s,a2_activity_level_v1_22b454887888,"{""adm_cd"": ""1123053"", ""adm_nm"": ""논현2동"", ""age_band"": ""40s"", ""date"": ""2025-10-01"", ""interpretation"": ""retrospective_descriptive_not_risk"", ""quality"": {""call_contacts"": ""ready"", ""text_contacts"": ""ready""}, ""raw"": {""call_contacts"": 16.698086993243244, ""text_contacts"": 6.68082347972973}, ""seasonal_index"": {""call_contacts"": 0.9255317309875141, ""text_contacts"": 0.9201958568045956}, ""seasonal_reference"": {""call_contacts"": {""n"": 3, ""periods"": [""2022-10-01"", ""2023-10-01"", ""2024-10-01""], ""value"": 18.041614819004526}, ""text_contacts"": {""n"": 3, ""periods"": [""2022-10-01"", ""2023-10-01"", ""2024-10-01""], ""value"": 7.26021903959562}}}"
1123053,2025-10-01,50s,a2_activity_level_v1_22b454887888,"{""adm_cd"": ""1123053"", ""adm_nm"": ""논현2동"", ""age_band"": ""50s"", ""date"": ""2025-10-01"", ""interpretation"": ""retrospective_descriptive_not_risk"", ""quality"": {""call_contacts"": ""ready"", ""text_contacts"": ""ready""}, ""raw"": {""call_contacts"": 17.060728682170545, ""text_contacts"": 6.501689922480621}, ""seasonal_index"": {""call_contacts"": 0.9534063539552116, ""text_contacts"": 0.9389026640175345}, ""seasonal_reference"": {""call_contacts"": {""n"": 3, ""periods"": [""2022-10-01"", ""2023-10-01"", ""2024-10-01""], ""value"": 17.894498616874134}, ""text_contacts"": {""n"": 3, ""periods"": [""2022-10-01"", ""2023-10-01"", ""2024-10-01""], ""value"": 6.924775242047026}}}"
1123053,2025-10-01,60plus,a2_activity_level_v1_22b454887888,"{""adm_cd"": ""1123053"", ""adm_nm"": ""논현2동"", ""age_band"": ""60plus"", ""date"": ""2025-10-01"", ""interpretation"": ""retrospective_descriptive_not_risk"", ""quality"": {""call_contacts"": ""ready"", ""text_contacts"": ""ready""}, ""raw"": {""call_contacts"": 13.432128535624775, ""text_contacts"": 4.711795560329395}, ""seasonal_index"": {""call_contacts"": 0.9147410509546535, ""text_contacts"": 0.9119652132012674}, ""seasonal_reference"": {""call_contacts"": {""n"": 3, ""periods"": [""2022-10-01"", ""2023-10-01"", ""2024-10-01""], ""value"": 14.684077555726365}, ""text_contacts"": {""n"": 3, ""periods"": [""2022-10-01"", ""2023-10-01"", ""2024-10-01""], ""value"": 5.166639573662684}}}"
1123053,2025-11-01,20s,a2_activity_level_v1_22b454887888,"{""adm_cd"": ""1123053"", ""adm_nm"": ""논현2동"", ""age_band"": ""20s"", ""date"": ""2025-11-01"", ""interpretation"": ""retrospective_descriptive_not_risk"", ""quality"": {""call_contacts"": ""ready"", ""text_contacts"": ""ready""}, ""raw"": {""call_contacts"": 9.701961492178098, ""text_contacts"": 4.42629963898917}, ""seasonal_index"": {""call_contacts"": 0.917664506545, ""text_contacts"": 0.8487851082798616}, ""seasonal_reference"": {""call_contacts"": {""n"": 3, ""periods"": [""2022-11-01"", ""2023-11-01"", ""2024-11-01""], ""value"": 10.572449324324323}, ""text_contacts"": {""n"": 3, ""periods"": [""2022-11-01"", ""2023-11-01"", ""2024-11-01""], ""value"": 5.214864864864865}}}"
1123053,2025-11-01,30s,a2_activity_level_v1_22b454887888,"{""adm_cd"": ""1123053"", ""adm_nm"": ""논현2동"", ""age_band"": ""30s"", ""date"": ""2025-11-01"", ""interpretation"": ""retrospective_descriptive_not_risk"", ""quality"": {""call_contacts"": ""ready"", ""text_contacts"": ""ready""}, ""raw"": {""call_contacts"": 13.971842105263157, ""text_contacts"": 5.903204334365325}, ""seasonal_index"": {""call_contacts"": 0.8485581302006835, ""text_contacts"": 0.8606019054102586}, ""seasonal_reference"": {""call_contacts"": {""n"": 3, ""periods"": [""2022-11-01"", ""2023-11-01"", ""2024-11-01""], ""value"": 16.465391831151067}, ""text_contacts"": {""n"": 3, ""periods"": [""2022-11-01"", ""2023-11-01"", ""2024-11-01""], ""value"": 6.859390267735001}}}"
1123053,2025-11-01,40s,a2_activity_level_v1_22b454887888,"{""adm_cd"": ""1123053"", ""adm_nm"": ""논현2동"", ""age_band"": ""40s"", ""date"": ""2025-11-01"", ""interpretation"": ""retrospective_descriptive_not_risk"", ""quality"": {""call_contacts"": ""ready"", ""text_contacts"": ""ready""}, ""raw"": {""call_contacts"": 16.636120937885643, ""text_contacts"": 6.600452488687783}, ""seasonal_index"": {""call_contacts"": 0.912733484905255, ""text_contacts"": 0.8898633403652124}, ""seasonal_reference"": {""call_contacts"": {""n"": 3, ""periods"": [""2022-11-01"", ""2023-11-01"", ""2024-11-01""], ""value"": 18.226701674709055}, ""text_contacts"": {""n"": 3, ""periods"": [""2022-11-01"", ""2023-11-01"", ""2024-11-01""], ""value"": 7.417377690802348}}}"
1123053,2025-11-01,50s,a2_activity_level_v1_22b454887888,"{""adm_cd"": ""1123053"", ""adm_nm"": ""논현2동"", ""age_band"": ""50s"", ""date"": ""2025-11-01"", ""interpretation"": ""retrospective_descriptive_not_risk"", ""quality"": {""call_contacts"": ""ready"", ""text_contacts"": ""ready""}, ""raw"": {""call_contacts"": 17.155139806812407, ""text_contacts"": 6.334661921708184}, ""seasonal_index"": {""call_contacts"": 0.9442344605921836, ""text_contacts"": 0.9017832993299154}, ""seasonal_reference"": {""call_contacts"": {""n"": 3, ""periods"": [""2022-11-01"", ""2023-11-01"", ""2024-11-01""], ""value"": 18.16830514325164}, ""text_contacts"": {""n"": 3, ""periods"": [""2022-11-01"", ""2023-11-01"", ""2024-11-01""], ""value"": 7.024594408008284}}}"
1123053,2025-11-01,60plus,a2_activity_level_v1_22b454887888,"{""adm_cd"": ""1123053"", ""adm_nm"": ""논현2동"", ""age_band"": ""60plus"", ""date"": ""2025-11-01"", ""interpretation"": ""retrospective_descriptive_not_risk"", ""quality"": {""call_contacts"": ""ready"", ""text_contacts"": ""ready""}, ""raw"": {""call_contacts"": 13.802998027613414, ""text_contacts"": 4.740252824098977}, ""seasonal_index"": {""call_contacts"": 0.9230899807337872, ""text_contacts"": 0.9117791790601906}, ""seasonal_reference"": {""call_contacts"": {""n"": 3, ""periods"": [""2022-11-01"", ""2023-11-01"", ""2024-11-01""], ""value"": 14.953036340662118}, ""text_contacts"": {""n"": 3, ""periods"": [""2022-11-01"", ""2023-11-01"", ""2024-11-01""], ""value"": 5.198904441955953}}}"
1123053,2025-12-01,20s,a2_activity_level_v1_22b454887888,"{""adm_cd"": ""1123053"", ""adm_nm"": ""논현2동"", ""age_band"": ""20s"", ""date"": ""2025-12-01"", ""interpretation"": ""retrospective_descriptive_not_risk"", ""quality"": {""call_contacts"": ""ready"", ""text_contacts"": ""ready""}, ""raw"": {""call_contacts"": 9.888784596871242, ""text_contacts"": 4.321699759326114}, ""seasonal_index"": {""call_contacts"": 0.928418225245405, ""text_contacts"": 0.8273644839815479}, ""seasonal_reference"": {""call_contacts"": {""n"": 3, ""periods"": [""2022-12-01"", ""2023-12-01"", ""2024-12-01""], ""value"": 10.651217660292462}, ""text_contacts"": {""n"": 3, ""periods"": [""2022-12-01"", ""2023-12-01"", ""2024-12-01""], ""value"": 5.223453318335208}}}"
1123053,2025-12-01,30s,a2_activity_level_v1_22b454887888,"{""adm_cd"": ""1123053"", ""adm_nm"": ""논현2동"", ""age_band"": ""30s"", ""date"": ""2025-12-01"", ""interpretation"": ""retrospective_descriptive_not_risk"", ""quality"": {""call_contacts"": ""ready"", ""text_contacts"": ""ready""}, ""raw"": {""call_contacts"": 14.120636802810717, ""text_contacts"": 5.679018445322793}, ""seasonal_index"": {""call_contacts"": 0.8699032091951501, ""text_contacts"": 0.8259860872359749}, ""seasonal_reference"": {""call_contacts"": {""n"": 3, ""periods"": [""2022-12-01"", ""2023-12-01"", ""2024-12-01""], ""value"": 16.232422933438055}, ""text_contacts"": {""n"": 3, ""periods"": [""2022-12-01"", ""2023-12-01"", ""2024-12-01""], ""value"": 6.875440801099549}}}"
1123053,2025-12-01,40s,a2_activity_level_v1_22b454887888,"{""adm_cd"": ""1123053"", ""adm_nm"": ""논현2동"", ""age_band"": ""40s"", ""date"": ""2025-12-01"", ""interpretation"": ""retrospective_descriptive_not_risk"", ""quality"": {""call_contacts"": ""ready"", ""text_contacts"": ""ready""}, ""raw"": {""call_contacts"": 16.540492142266338, ""text_contacts"": 6.259933829611248}, ""seasonal_index"": {""call_contacts"": 0.8994986247563994, ""text_contacts"": 0.8394103632378295}, ""seasonal_reference"": {""call_contacts"": {""n"": 3, ""periods"": [""2022-12-01"", ""2023-12-01"", ""2024-12-01""], ""value"": 18.388568572570975}, ""text_contacts"": {""n"": 3, ""periods"": [""2022-12-01"", ""2023-12-01"", ""2024-12-01""], ""value"": 7.457536985205919}}}"
1123053,2025-12-01,50s,a2_activity_level_v1_22b454887888,"{""adm_cd"": ""1123053"", ""adm_nm"": ""논현2동"", ""age_band"": ""50s"", ""date"": ""2025-12-01"", ""interpretation"": ""retrospective_descriptive_not_risk"", ""quality"": {""call_contacts"": ""ready"", ""text_contacts"": ""ready""}, ""raw"": {""call_contacts"": 17.26622245002563, ""text_contacts"": 6.084449000512556}, ""seasonal_index"": {""call_contacts"": 0.9487494454427491, ""text_contacts"": 0.8551470498765508}, ""seasonal_reference"": {""call_contacts"": {""n"": 3, ""periods"": [""2022-12-01"", ""2023-12-01"", ""2024-12-01""], ""value"": 18.19892758089368}, ""text_contacts"": {""n"": 3, ""periods"": [""2022-12-01"", ""2023-12-01"", ""2024-12-01""], ""value"": 7.115090909090909}}}"
1123053,2025-12-01,60plus,a2_activity_level_v1_22b454887888,"{""adm_cd"": ""1123053"", ""adm_nm"": ""논현2동"", ""age_band"": ""60plus"", ""date"": ""2025-12-01"", ""interpretation"": ""retrospective_descriptive_not_risk"", ""quality"": {""call_contacts"": ""ready"", ""text_contacts"": ""ready""}, ""raw"": {""call_contacts"": 13.767438271604936, ""text_contacts"": 4.580898692810457}, ""seasonal_index"": {""call_contacts"": 0.9509715518609038, ""text_contacts"": 0.8883394161984614}, ""seasonal_reference"": {""call_contacts"": {""n"": 3, ""periods"": [""2022-12-01"", ""2023-12-01"", ""2024-12-01""], ""value"": 14.477234618285054}, ""text_contacts"": {""n"": 3, ""periods"": [""2022-12-01"", ""2023-12-01"", ""2024-12-01""], ""value"": 5.15669867764491}}}"
1123058,2025-07-01,20s,a2_activity_level_v1_22b454887888,"{""adm_cd"": ""1123058"", ""adm_nm"": ""삼성1동"", ""age_band"": ""20s"", ""date"": ""2025-07-01"", ""interpretation"": ""retrospective_descriptive_not_risk"", ""quality"": {""call_contacts"": ""ready"", ""text_contacts"": ""ready""}, ""raw"": {""call_contacts"": 8.330540697674419, ""text_contacts"": 4.095941860465117}, ""seasonal_index"": {""call_contacts"": 0.877836801660998, ""text_contacts"": 0.9399945425013655}, ""seasonal_reference"": {""call_contacts"": {""n"": 3, ""periods"": [""2022-07-01"", ""2023-07-01"", ""2024-07-01""], ""value"": 9.489851282051282}, ""text_contacts"": {""n"": 3, ""periods"": [""2022-07-01"", ""2023-07-01"", ""2024-07-01""], ""value"": 4.357410256410256}}}"
1123058,2025-07-01,30s,a2_activity_level_v1_22b454887888,"{""adm_cd"": ""1123058"", ""adm_nm"": ""삼성1동"", ""age_band"": ""30s"", ""date"": ""2025-07-01"", ""interpretation"": ""retrospective_descriptive_not_risk"", ""quality"": {""call_contacts"": ""ready"", ""text_contacts"": ""ready""}, ""raw"": {""call_contacts"": 13.70359737417943, ""text_contacts"": 5.949929978118162}, ""seasonal_index"": {""call_contacts"": 0.9005664483967786, ""text_contacts"": 0.9389108303713529}, ""seasonal_reference"": {""call_contacts"": {""n"": 3, ""periods"": [""2022-07-01"", ""2023-07-01"", ""2024-07-01""], ""value"": 15.216642146257033}, ""text_contacts"": {""n"": 3, ""periods"": [""2022-07-01"", ""2023-07-01"", ""2024-07-01""], ""value"": 6.337055432372505}}}"
1123058,2025-07-01,40s,a2_activity_level_v1_22b454887888,"{""adm_cd"": ""1123058"", ""adm_nm"": ""삼성1동"", ""age_band"": ""40s"", ""date"": ""2025-07-01"", ""interpretation"": ""retrospective_descriptive_not_risk"", ""quality"": {""call_contacts"": ""ready"", ""text_contacts"": ""ready""}, ""raw"": {""call_contacts"": 16.61744736842105, ""text_contacts"": 6.783190789473685}, ""seasonal_index"": {""call_contacts"": 0.9461628587761133, ""text_contacts"": 0.9516593773292049}, ""seasonal_reference"": {""call_contacts"": {""n"": 3, ""periods"": [""2022-07-01"", ""2023-07-01"", ""2024-07-01""], ""value"": 17.562988458367684}, ""text_contacts"": {""n"": 3, ""periods"": [""2022-07-01"", ""2023-07-01"", ""2024-07-01""], ""value"": 7.127750696378831}}}"
1123058,2025-07-01,50s,a2_activity_level_v1_22b454887888,"{""adm_cd"": ""1123058"", ""adm_nm"": ""삼성1동"", ""age_band"": ""50s"", ""date"": ""2025-07-01"", ""interpretation"": ""retrospective_descriptive_not_risk"", ""quality"": {""call_contacts"": ""ready"", ""text_contacts"": ""ready""}, ""raw"": {""call_contacts"": 17.053258706467663, ""text_contacts"": 6.378756218905473}, ""seasonal_index"": {""call_contacts"": 0.9572035877775359, ""text_contacts"": 0.9729928864095275}, ""seasonal_reference"": {""call_contacts"": {""n"": 3, ""periods"": [""2022-07-01"", ""2023-07-01"", ""2024-07-01""], ""value"": 17.815707049387928}, ""text_contacts"": {""n"": 3, ""periods"": [""2022-07-01"", ""2023-07-01"", ""2024-07-01""], ""value"": 6.555809716599191}}}"
1123058,2025-07-01,60plus,a2_activity_level_v1_22b454887888,"{""adm_cd"": ""1123058"", ""adm_nm"": ""삼성1동"", ""age_band"": ""60plus"", ""date"": ""2025-07-01"", ""interpretation"": ""retrospective_descriptive_not_risk"", ""quality"": {""call_contacts"": ""ready"", ""text_contacts"": ""ready""}, ""raw"": {""call_contacts"": 13.78584664536741, ""text_contacts"": 4.782791533546326}, ""seasonal_index"": {""call_contacts"": 0.9457918394680951, ""text_contacts"": 0.9862114078714809}, ""seasonal_reference"": {""call_contacts"": {""n"": 3, ""periods"": [""2022-07-01"", ""2023-07-01"", ""2024-07-01""], ""value"": 14.575983921705697}, ""text_contacts"": {""n"": 3, ""periods"": [""2022-07-01"", ""2023-07-01"", ""2024-07-01""], ""value"": 4.849661538461539}}}"
1123058,2025-08-01,20s,a2_activity_level_v1_22b454887888,"{""adm_cd"": ""1123058"", ""adm_nm"": ""삼성1동"", ""age_band"": ""20s"", ""date"": ""2025-08-01"", ""interpretation"": ""retrospective_descriptive_not_risk"", ""quality"": {""call_contacts"": ""ready"", ""text_contacts"": ""ready""}, ""raw"": {""call_contacts"": 8.331336515513126, ""text_contacts"": 4.084110978520286}, ""seasonal_index"": {""call_contacts"": 0.9233526427332643, ""text_contacts"": 0.9441479878132751}, ""seasonal_reference"": {""call_contacts"": {""n"": 3, ""periods"": [""2022-08-01"", ""2023-08-01"", ""2024-08-01""], ""value"": 9.022919445869675}, ""text_contacts"": {""n"": 3, ""periods"": [""2022-08-01"", ""2023-08-01"", ""2024-08-01""], ""value"": 4.325710620831195}}}"
1123058,2025-08-01,30s,a2_activity_level_v1_22b454887888,"{""adm_cd"": ""1123058"", ""adm_nm"": ""삼성1동"", ""age_band"": ""30s"", ""date"": ""2025-08-01"", ""interpretation"": ""retrospective_descriptive_not_risk"", ""quality"": {""call_contacts"": ""ready"", ""text_contacts"": ""ready""}, ""raw"": {""call_contacts"": 13.604238683127573, ""text_contacts"": 5.910955647005029}, ""seasonal_index"": {""call_contacts"": 0.9087403745329069, ""text_contacts"": 0.9527371171185163}, ""seasonal_reference"": {""call_contacts"": {""n"": 3, ""periods"": [""2022-08-01"", ""2023-08-01"", ""2024-08-01""], ""value"": 14.970434971726837}, ""text_contacts"": {""n"": 3, ""periods"": [""2022-08-01"", ""2023-08-01"", ""2024-08-01""], ""value"": 6.204183232497839}}}"
1123058,2025-08-01,40s,a2_activity_level_v1_22b454887888,"{""adm_cd"": ""1123058"", ""adm_nm"": ""삼성1동"", ""age_band"": ""40s"", ""date"": ""2025-08-01"", ""interpretation"": ""retrospective_descriptive_not_risk"", ""quality"": {""call_contacts"": ""ready"", ""text_contacts"": ""ready""}, ""raw"": {""call_contacts"": 16.29019008825526, ""text_contacts"": 6.864331296673456}, ""seasonal_index"": {""call_contacts"": 0.9363606562181485, ""text_contacts"": 0.9699626511619404}, ""seasonal_reference"": {""call_contacts"": {""n"": 3, ""periods"": [""2022-08-01"", ""2023-08-01"", ""2024-08-01""], ""value"": 17.397345755693582}, ""text_contacts"": {""n"": 3, ""periods"": [""2022-08-01"", ""2023-08-01"", ""2024-08-01""], ""value"": 7.076902691511387}}}"
1123058,2025-08-01,50s,a2_activity_level_v1_22b454887888,"{""adm_cd"": ""1123058"", ""adm_nm"": ""삼성1동"", ""age_band"": ""50s"", ""date"": ""2025-08-01"", ""interpretation"": ""retrospective_descriptive_not_risk"", ""quality"": {""call_contacts"": ""ready"", ""text_contacts"": ""ready""}, ""raw"": {""call_contacts"": 16.86631544925663, ""text_contacts"": 6.404550743374273}, ""seasonal_index"": {""call_contacts"": 0.9576824535125549, ""text_contacts"": 0.9923739726587785}, ""seasonal_reference"": {""call_contacts"": {""n"": 3, ""periods"": [""2022-08-01"", ""2023-08-01"", ""2024-08-01""], ""value"": 17.61159493670886}, ""text_contacts"": {""n"": 3, ""periods"": [""2022-08-01"", ""2023-08-01"", ""2024-08-01""], ""value"": 6.453767349636483}}}"
1123058,2025-08-01,60plus,a2_activity_level_v1_22b454887888,"{""adm_cd"": ""1123058"", ""adm_nm"": ""삼성1동"", ""age_band"": ""60plus"", ""date"": ""2025-08-01"", ""interpretation"": ""retrospective_descriptive_not_risk"", ""quality"": {""call_contacts"": ""ready"", ""text_contacts"": ""ready""}, ""raw"": {""call_contacts"": 13.393176517893044, ""text_contacts"": 4.682505026135907}, ""seasonal_index"": {""call_contacts"": 0.9417459783818162, ""text_contacts"": 0.9849478390010039}, ""seasonal_reference"": {""call_contacts"": {""n"": 3, ""periods"": [""2022-08-01"", ""2023-08-01"", ""2024-08-01""], ""value"": 14.221644504292208}, ""text_contacts"": {""n"": 3, ""periods"": [""2022-08-01"", ""2023-08-01"", ""2024-08-01""], ""value"": 4.75406396229591}}}"
1123058,2025-09-01,20s,a2_activity_level_v1_22b454887888,"{""adm_cd"": ""1123058"", ""adm_nm"": ""삼성1동"", ""age_band"": ""20s"", ""date"": ""2025-09-01"", ""interpretation"": ""retrospective_descriptive_not_risk"", ""quality"": {""call_contacts"": ""ready"", ""text_contacts"": ""ready""}, ""raw"": {""call_contacts"": 8.603443509615385, ""text_contacts"": 4.259104567307692}, ""seasonal_index"": {""call_contacts"": 0.9408708317092938, ""text_contacts"": 0.9797882997918971}, ""seasonal_reference"": {""call_contacts"": {""n"": 3, ""periods"": [""2022-09-01"", ""2023-09-01"", ""2024-09-01""], ""value"": 9.144128205128204}, ""text_contacts"": {""n"": 3, ""periods"": [""2022-09-01"", ""2023-09-01"", ""2024-09-01""], ""value"": 4.346964102564103}}}"
1123058,2025-09-01,30s,a2_activity_level_v1_22b454887888,"{""adm_cd"": ""1123058"", ""adm_nm"": ""삼성1동"", ""age_band"": ""30s"", ""date"": ""2025-09-01"", ""interpretation"": ""retrospective_descriptive_not_risk"", ""quality"": {""call_contacts"": ""ready"", ""text_contacts"": ""ready""}, ""raw"": {""call_contacts"": 13.636978646069968, ""text_contacts"": 5.975820081781008}, ""seasonal_index"": {""call_contacts"": 0.8991044845484361, ""text_contacts"": 0.9341722849818974}, ""seasonal_reference"": {""call_contacts"": {""n"": 3, ""periods"": [""2022-09-01"", ""2023-09-01"", ""2024-09-01""], ""value"": 15.167290209790211}, ""text_contacts"": {""n"": 3, ""periods"": [""2022-09-01"", ""2023-09-01"", ""2024-09-01""], ""value"": 6.396914335664335}}}"
1123058,2025-09-01,40s,a2_activity_level_v1_22b454887888,"{""adm_cd"": ""1123058"", ""adm_nm"": ""삼성1동"", ""age_band"": ""40s"", ""date"": ""2025-09-01"", ""interpretation"": ""retrospective_descriptive_not_risk"", ""quality"": {""call_contacts"": ""ready"", ""text_contacts"": ""ready""}, ""raw"": {""call_contacts"": 16.615388813096864, ""text_contacts"": 6.889427012278308}, ""seasonal_index"": {""call_contacts"": 0.9563287245859201, ""text_contacts"": 0.9527756144710954}, ""seasonal_reference"": {""call_contacts"": {""n"": 3, ""periods"": [""2022-09-01"", ""2023-09-01"", ""2024-09-01""], ""value"": 17.374139650872817}, ""text_contacts"": {""n"": 3, ""periods"": [""2022-09-01"", ""2023-09-01"", ""2024-09-01""], ""value"": 7.23090191188695}}}"
1123058,2025-09-01,50s,a2_activity_level_v1_22b454887888,"{""adm_cd"": ""1123058"", ""adm_nm"": ""삼성1동"", ""age_band"": ""50s"", ""date"": ""2025-09-01"", ""interpretation"": ""retrospective_descriptive_not_risk"", ""quality"": {""call_contacts"": ""ready"", ""text_contacts"": ""ready""}, ""raw"": {""call_contacts"": 17.137111959287534, ""text_contacts"": 6.45602417302799}, ""seasonal_index"": {""call_contacts"": 0.9797771700290374, ""text_contacts"": 0.9708681842551163}, ""seasonal_reference"": {""call_contacts"": {""n"": 3, ""periods"": [""2022-09-01"", ""2023-09-01"", ""2024-09-01""], ""value"": 17.490825958702064}, ""text_contacts"": {""n"": 3, ""periods"": [""2022-09-01"", ""2023-09-01"", ""2024-09-01""], ""value"": 6.649743268682015}}}"
1123058,2025-09-01,60plus,a2_activity_level_v1_22b454887888,"{""adm_cd"": ""1123058"", ""adm_nm"": ""삼성1동"", ""age_band"": ""60plus"", ""date"": ""2025-09-01"", ""interpretation"": ""retrospective_descriptive_not_risk"", ""quality"": {""call_contacts"": ""ready"", ""text_contacts"": ""ready""}, ""raw"": {""call_contacts"": 13.659338322174083, ""text_contacts"": 4.821425758172509}, ""seasonal_index"": {""call_contacts"": 0.9677870983293899, ""text_contacts"": 0.9703442684480456}, ""seasonal_reference"": {""call_contacts"": {""n"": 3, ""periods"": [""2022-09-01"", ""2023-09-01"", ""2024-09-01""], ""value"": 14.113990923988405}, ""text_contacts"": {""n"": 3, ""periods"": [""2022-09-01"", ""2023-09-01"", ""2024-09-01""], ""value"": 4.968778520105887}}}"
1123058,2025-10-01,20s,a2_activity_level_v1_22b454887888,"{""adm_cd"": ""1123058"", ""adm_nm"": ""삼성1동"", ""age_band"": ""20s"", ""date"": ""2025-10-01"", ""interpretation"": ""retrospective_descriptive_not_risk"", ""quality"": {""call_contacts"": ""ready"", ""text_contacts"": ""ready""}, ""raw"": {""call_contacts"": 8.299038461538462, ""text_contacts"": 4.090835336538461}, ""seasonal_index"": {""call_contacts"": 0.9099214008959139, ""text_contacts"": 0.9333785260006716}, ""seasonal_reference"": {""call_contacts"": {""n"": 3, ""periods"": [""2022-10-01"", ""2023-10-01"", ""2024-10-01""], ""value"": 9.120610256410258}, ""text_contacts"": {""n"": 3, ""periods"": [""2022-10-01"", ""2023-10-01"", ""2024-10-01""], ""value"": 4.382825641025641}}}"
1123058,2025-10-01,30s,a2_activity_level_v1_22b454887888,"{""adm_cd"": ""1123058"", ""adm_nm"": ""삼성1동"", ""age_band"": ""30s"", ""date"": ""2025-10-01"", ""interpretation"": ""retrospective_descriptive_not_risk"", ""quality"": {""call_contacts"": ""ready"", ""text_contacts"": ""ready""}, ""raw"": {""call_contacts"": 13.530983682983683, ""text_contacts"": 5.689482517482517}, ""seasonal_index"": {""call_contacts"": 0.9057349257158587, ""text_contacts"": 0.9030704294607482}, ""seasonal_reference"": {""call_contacts"": {""n"": 3, ""periods"": [""2022-10-01"", ""2023-10-01"", ""2024-10-01""], ""value"": 14.939231444883617}, ""text_contacts"": {""n"": 3, ""periods"": [""2022-10-01"", ""2023-10-01"", ""2024-10-01""], ""value"": 6.300153711023277}}}"
1123058,2025-10-01,40s,a2_activity_level_v1_22b454887888,"{""adm_cd"": ""1123058"", ""adm_nm"": ""삼성1동"", ""age_band"": ""40s"", ""date"": ""2025-10-01"", ""interpretation"": ""retrospective_descriptive_not_risk"", ""quality"": {""call_contacts"": ""ready"", ""text_contacts"": ""ready""}, ""raw"": {""call_contacts"": 15.912870175438597, ""text_contacts"": 6.614266666666666}, ""seasonal_index"": {""call_contacts"": 0.9333483830722692, ""text_contacts"": 0.9314452201453162}, ""seasonal_reference"": {""call_contacts"": {""n"": 3, ""periods"": [""2022-10-01"", ""2023-10-01"", ""2024-10-01""], ""value"": 17.049228845352232}, ""text_contacts"": {""n"": 3, ""periods"": [""2022-10-01"", ""2023-10-01"", ""2024-10-01""], ""value"": 7.101079616506877}}}"
1123058,2025-10-01,50s,a2_activity_level_v1_22b454887888,"{""adm_cd"": ""1123058"", ""adm_nm"": ""삼성1동"", ""age_band"": ""50s"", ""date"": ""2025-10-01"", ""interpretation"": ""retrospective_descriptive_not_risk"", ""quality"": {""call_contacts"": ""ready"", ""text_contacts"": ""ready""}, ""raw"": {""call_contacts"": 16.84262295081967, ""text_contacts"": 6.322465573770492}, ""seasonal_index"": {""call_contacts"": 0.970597595970467, ""text_contacts"": 0.9408673435704409}, ""seasonal_reference"": {""call_contacts"": {""n"": 3, ""periods"": [""2022-10-01"", ""2023-10-01"", ""2024-10-01""], ""value"": 17.352838107928047}, ""text_contacts"": {""n"": 3, ""periods"": [""2022-10-01"", ""2023-10-01"", ""2024-10-01""], ""value"": 6.719826782145236}}}"
1123058,2025-10-01,60plus,a2_activity_level_v1_22b454887888,"{""adm_cd"": ""1123058"", ""adm_nm"": ""삼성1동"", ""age_band"": ""60plus"", ""date"": ""2025-10-01"", ""interpretation"": ""retrospective_descriptive_not_risk"", ""quality"": {""call_contacts"": ""ready"", ""text_contacts"": ""ready""}, ""raw"": {""call_contacts"": 13.356211576846306, ""text_contacts"": 4.785013972055888}, ""seasonal_index"": {""call_contacts"": 0.9470392367781608, ""text_contacts"": 0.9491395231449042}, ""seasonal_reference"": {""call_contacts"": {""n"": 3, ""periods"": [""2022-10-01"", ""2023-10-01"", ""2024-10-01""], ""value"": 14.103123775826123}, ""text_contacts"": {""n"": 3, ""periods"": [""2022-10-01"", ""2023-10-01"", ""2024-10-01""], ""value"": 5.041423157894737}}}"
1123058,2025-11-01,20s,a2_activity_level_v1_22b454887888,"{""adm_cd"": ""1123058"", ""adm_nm"": ""삼성1동"", ""age_band"": ""20s"", ""date"": ""2025-11-01"", ""interpretation"": ""retrospective_descriptive_not_risk"", ""quality"": {""call_contacts"": ""ready"", ""text_contacts"": ""ready""}, ""raw"": {""call_contacts"": 8.197127403846155, ""text_contacts"": 3.938990384615384}, ""seasonal_index"": {""call_contacts"": 0.9180319913885805, ""text_contacts"": 0.885801168850361}, ""seasonal_reference"": {""call_contacts"": {""n"": 3, ""periods"": [""2022-11-01"", ""2023-11-01"", ""2024-11-01""], ""value"": 8.929021516393442}, ""text_contacts"": {""n"": 3, ""periods"": [""2022-11-01"", ""2023-11-01"", ""2024-11-01""], ""value"": 4.446811003565971}}}"
1123058,2025-11-01,30s,a2_activity_level_v1_22b454887888,"{""adm_cd"": ""1123058"", ""adm_nm"": ""삼성1동"", ""age_band"": ""30s"", ""date"": ""2025-11-01"", ""interpretation"": ""retrospective_descriptive_not_risk"", ""quality"": {""call_contacts"": ""ready"", ""text_contacts"": ""ready""}, ""raw"": {""call_contacts"": 13.595684837379752, ""text_contacts"": 5.500586349060925}, ""seasonal_index"": {""call_contacts"": 0.9278036374974371, ""text_contacts"": 0.8656158279935817}, ""seasonal_reference"": {""call_contacts"": {""n"": 3, ""periods"": [""2022-11-01"", ""2023-11-01"", ""2024-11-01""], ""value"": 14.653623124448364}, ""text_contacts"": {""n"": 3, ""periods"": [""2022-11-01"", ""2023-11-01"", ""2024-11-01""], ""value"": 6.354535315985131}}}"
1123058,2025-11-01,40s,a2_activity_level_v1_22b454887888,"{""adm_cd"": ""1123058"", ""adm_nm"": ""삼성1동"", ""age_band"": ""40s"", ""date"": ""2025-11-01"", ""interpretation"": ""retrospective_descriptive_not_risk"", ""quality"": {""call_contacts"": ""ready"", ""text_contacts"": ""ready""}, ""raw"": {""call_contacts"": 15.921671388101984, ""text_contacts"": 6.413824362606232}, ""seasonal_index"": {""call_contacts"": 0.9514567416337292, ""text_contacts"": 0.8930096942991766}, ""seasonal_reference"": {""call_contacts"": {""n"": 3, ""periods"": [""2022-11-01"", ""2023-11-01"", ""2024-11-01""], ""value"": 16.733993981442783}, ""text_contacts"": {""n"": 3, ""periods"": [""2022-11-01"", ""2023-11-01"", ""2024-11-01""], ""value"": 7.182256142963515}}}"
1123058,2025-11-01,50s,a2_activity_level_v1_22b454887888,"{""adm_cd"": ""1123058"", ""adm_nm"": ""삼성1동"", ""age_band"": ""50s"", ""date"": ""2025-11-01"", ""interpretation"": ""retrospective_descriptive_not_risk"", ""quality"": {""call_contacts"": ""ready"", ""text_contacts"": ""ready""}, ""raw"": {""call_contacts"": 17.031023411371237, ""text_contacts"": 6.142882943143813}, ""seasonal_index"": {""call_contacts"": 0.9822864854499052, ""text_contacts"": 0.9145359754800301}, ""seasonal_reference"": {""call_contacts"": {""n"": 3, ""periods"": [""2022-11-01"", ""2023-11-01"", ""2024-11-01""], ""value"": 17.33814285714286}, ""text_contacts"": {""n"": 3, ""periods"": [""2022-11-01"", ""2023-11-01"", ""2024-11-01""], ""value"": 6.716939636977627}}}"
1123058,2025-11-01,60plus,a2_activity_level_v1_22b454887888,"{""adm_cd"": ""1123058"", ""adm_nm"": ""삼성1동"", ""age_band"": ""60plus"", ""date"": ""2025-11-01"", ""interpretation"": ""retrospective_descriptive_not_risk"", ""quality"": {""call_contacts"": ""ready"", ""text_contacts"": ""ready""}, ""raw"": {""call_contacts"": 13.794636290967226, ""text_contacts"": 4.805071942446044}, ""seasonal_index"": {""call_contacts"": 0.9806350727777322, ""text_contacts"": 0.9403095853550939}, ""seasonal_reference"": {""call_contacts"": {""n"": 3, ""periods"": [""2022-11-01"", ""2023-11-01"", ""2024-11-01""], ""value"": 14.067043565852428}, ""text_contacts"": {""n"": 3, ""periods"": [""2022-11-01"", ""2023-11-01"", ""2024-11-01""], ""value"": 5.110095671981776}}}"
1123058,2025-12-01,20s,a2_activity_level_v1_22b454887888,"{""adm_cd"": ""1123058"", ""adm_nm"": ""삼성1동"", ""age_band"": ""20s"", ""date"": ""2025-12-01"", ""interpretation"": ""retrospective_descriptive_not_risk"", ""quality"": {""call_contacts"": ""ready"", ""text_contacts"": ""ready""}, ""raw"": {""call_contacts"": 8.006780167264038, ""text_contacts"": 3.797443249701314}, ""seasonal_index"": {""call_contacts"": 0.8997987416130476, ""text_contacts"": 0.8360821710245393}, ""seasonal_reference"": {""call_contacts"": {""n"": 3, ""periods"": [""2022-12-01"", ""2023-12-01"", ""2024-12-01""], ""value"": 8.898412274849901}, ""text_contacts"": {""n"": 3, ""periods"": [""2022-12-01"", ""2023-12-01"", ""2024-12-01""], ""value"": 4.541949800278492}}}"
1123058,2025-12-01,30s,a2_activity_level_v1_22b454887888,"{""adm_cd"": ""1123058"", ""adm_nm"": ""삼성1동"", ""age_band"": ""30s"", ""date"": ""2025-12-01"", ""interpretation"": ""retrospective_descriptive_not_risk"", ""quality"": {""call_contacts"": ""ready"", ""text_contacts"": ""ready""}, ""raw"": {""call_contacts"": 13.311916932907346, ""text_contacts"": 5.279151072569602}, ""seasonal_index"": {""call_contacts"": 0.8967177513985847, ""text_contacts"": 0.8339364322742552}, ""seasonal_reference"": {""call_contacts"": {""n"": 3, ""periods"": [""2022-12-01"", ""2023-12-01"", ""2024-12-01""], ""value"": 14.845158258710876}, ""text_contacts"": {""n"": 3, ""periods"": [""2022-12-01"", ""2023-12-01"", ""2024-12-01""], ""value"": 6.330399858143452}}}"
1123058,2025-12-01,40s,a2_activity_level_v1_22b454887888,"{""adm_cd"": ""1123058"", ""adm_nm"": ""삼성1동"", ""age_band"": ""40s"", ""date"": ""2025-12-01"", ""interpretation"": ""retrospective_descriptive_not_risk"", ""quality"": {""call_contacts"": ""ready"", ""text_contacts"": ""ready""}, ""raw"": {""call_contacts"": 16.094421052631578, ""text_contacts"": 6.158084210526316}, ""seasonal_index"": {""call_contacts"": 0.9480767687318021, ""text_contacts"": 0.8487945052478278}, ""seasonal_reference"": {""call_contacts"": {""n"": 3, ""periods"": [""2022-12-01"", ""2023-12-01"", ""2024-12-01""], ""value"": 16.975862697448363}, ""text_contacts"": {""n"": 3, ""periods"": [""2022-12-01"", ""2023-12-01"", ""2024-12-01""], ""value"": 7.255094339622641}}}"
1123058,2025-12-01,50s,a2_activity_level_v1_22b454887888,"{""adm_cd"": ""1123058"", ""adm_nm"": ""삼성1동"", ""age_band"": ""50s"", ""date"": ""2025-12-01"", ""interpretation"": ""retrospective_descriptive_not_risk"", ""quality"": {""call_contacts"": ""ready"", ""text_contacts"": ""ready""}, ""raw"": {""call_contacts"": 16.953026315789472, ""text_contacts"": 5.87203947368421}, ""seasonal_index"": {""call_contacts"": 0.9560867170179296, ""text_contacts"": 0.875481866706386}, ""seasonal_reference"": {""call_contacts"": {""n"": 3, ""periods"": [""2022-12-01"", ""2023-12-01"", ""2024-12-01""], ""value"": 17.731682716675113}, ""text_contacts"": {""n"": 3, ""periods"": [""2022-12-01"", ""2023-12-01"", ""2024-12-01""], ""value"": 6.707208563639549}}}"
1123058,2025-12-01,60plus,a2_activity_level_v1_22b454887888,"{""adm_cd"": ""1123058"", ""adm_nm"": ""삼성1동"", ""age_band"": ""60plus"", ""date"": ""2025-12-01"", ""interpretation"": ""retrospective_descriptive_not_risk"", ""quality"": {""call_contacts"": ""ready"", ""text_contacts"": ""ready""}, ""raw"": {""call_contacts"": 13.936002386634845, ""text_contacts"": 4.663707239459029}, ""seasonal_index"": {""call_contacts"": 0.9850607444152885, ""text_contacts"": 0.9021108066649118}, ""seasonal_reference"": {""call_contacts"": {""n"": 3, ""periods"": [""2022-12-01"", ""2023-12-01"", ""2024-12-01""], ""value"": 14.147353313634445}, ""text_contacts"": {""n"": 3, ""periods"": [""2022-12-01"", ""2023-12-01"", ""2024-12-01""], ""value"": 5.169772055719712}}}"
1123059,2025-07-01,20s,a2_activity_level_v1_22b454887888,"{""adm_cd"": ""1123059"", ""adm_nm"": ""삼성2동"", ""age_band"": ""20s"", ""date"": ""2025-07-01"", ""interpretation"": ""retrospective_descriptive_not_risk"", ""quality"": {""call_contacts"": ""ready"", ""text_contacts"": ""ready""}, ""raw"": {""call_contacts"": 8.389921940340118, ""text_contacts"": 4.228787287426819}, ""seasonal_index"": {""call_contacts"": 0.8484674022669637, ""text_contacts"": 0.8961447269381323}, ""seasonal_reference"": {""call_contacts"": {""n"": 3, ""periods"": [""2022-07-01"", ""2023-07-01"", ""2024-07-01""], ""value"": 9.88832560676302}, ""text_contacts"": {""n"": 3, ""periods"": [""2022-07-01"", ""2023-07-01"", ""2024-07-01""], ""value"": 4.718866451265482}}}"
1123059,2025-07-01,30s,a2_activity_level_v1_22b454887888,"{""adm_cd"": ""1123059"", ""adm_nm"": ""삼성2동"", ""age_band"": ""30s"", ""date"": ""2025-07-01"", ""interpretation"": ""retrospective_descriptive_not_risk"", ""quality"": {""call_contacts"": ""ready"", ""text_contacts"": ""ready""}, ""raw"": {""call_contacts"": 14.245108129755709, ""text_contacts"": 6.204835802963556}, ""seasonal_index"": {""call_contacts"": 0.8831282862689993, ""text_contacts"": 0.9268198839731715}, ""seasonal_reference"": {""call_contacts"": {""n"": 3, ""periods"": [""2022-07-01"", ""2023-07-01"", ""2024-07-01""], ""value"": 16.13028180757045}, ""text_contacts"": {""n"": 3, ""periods"": [""2022-07-01"", ""2023-07-01"", ""2024-07-01""], ""value"": 6.694759046778464}}}"
1123059,2025-07-01,40s,a2_activity_level_v1_22b454887888,"{""adm_cd"": ""1123059"", ""adm_nm"": ""삼성2동"", ""age_band"": ""40s"", ""date"": ""2025-07-01"", ""interpretation"": ""retrospective_descriptive_not_risk"", ""quality"": {""call_contacts"": ""ready"", ""text_contacts"": ""ready""}, ""raw"": {""call_contacts"": 17.174112372982666, ""text_contacts"": 7.097827256425584}, ""seasonal_index"": {""call_contacts"": 0.9179744049607926, ""text_contacts"": 0.955893611090527}, ""seasonal_reference"": {""call_contacts"": {""n"": 3, ""periods"": [""2022-07-01"", ""2023-07-01"", ""2024-07-01""], ""value"": 18.70870503597122}, ""text_contacts"": {""n"": 3, ""periods"": [""2022-07-01"", ""2023-07-01"", ""2024-07-01""], ""value"": 7.425331829896907}}}"
1123059,2025-07-01,50s,a2_activity_level_v1_22b454887888,"{""adm_cd"": ""1123059"", ""adm_nm"": ""삼성2동"", ""age_band"": ""50s"", ""date"": ""2025-07-01"", ""interpretation"": ""retrospective_descriptive_not_risk"", ""quality"": {""call_contacts"": ""ready"", ""text_contacts"": ""ready""}, ""raw"": {""call_contacts"": 16.61138768115942, ""text_contacts"": 6.433025362318841}, ""seasonal_index"": {""call_contacts"": 0.9065322919661992, ""text_contacts"": 0.9359434071768535}, ""seasonal_reference"": {""call_contacts"": {""n"": 3, ""periods"": [""2022-07-01"", ""2023-07-01"", ""2024-07-01""], ""value"": 18.324099238793348}, ""text_contacts"": {""n"": 3, ""periods"": [""2022-07-01"", ""2023-07-01"", ""2024-07-01""], ""value"": 6.873305921052632}}}"
1123059,2025-07-01,60plus,a2_activity_level_v1_22b454887888,"{""adm_cd"": ""1123059"", ""adm_nm"": ""삼성2동"", ""age_band"": ""60plus"", ""date"": ""2025-07-01"", ""interpretation"": ""retrospective_descriptive_not_risk"", ""quality"": {""call_contacts"": ""ready"", ""text_contacts"": ""ready""}, ""raw"": {""call_contacts"": 13.038836499321572, ""text_contacts"": 4.576628222523745}, ""seasonal_index"": {""call_contacts"": 0.8960864559401136, ""text_contacts"": 0.9398718118097844}, ""seasonal_reference"": {""call_contacts"": {""n"": 3, ""periods"": [""2022-07-01"", ""2023-07-01"", ""2024-07-01""], ""value"": 14.55086885075403}, ""text_contacts"": {""n"": 3, ""periods"": [""2022-07-01"", ""2023-07-01"", ""2024-07-01""], ""value"": 4.869417472698909}}}"
1123059,2025-08-01,20s,a2_activity_level_v1_22b454887888,"{""adm_cd"": ""1123059"", ""adm_nm"": ""삼성2동"", ""age_band"": ""20s"", ""date"": ""2025-08-01"", ""interpretation"": ""retrospective_descriptive_not_risk"", ""quality"": {""call_contacts"": ""ready"", ""text_contacts"": ""ready""}, ""raw"": {""call_contacts"": 8.213325899080012, ""text_contacts"": 4.200370783384444}, ""seasonal_index"": {""call_contacts"": 0.8189157950785896, ""text_contacts"": 0.9005882605092224}, ""seasonal_reference"": {""call_contacts"": {""n"": 3, ""periods"": [""2022-08-01"", ""2023-08-01"", ""2024-08-01""], ""value"": 10.029512128645408}, ""text_contacts"": {""n"": 3, ""periods"": [""2022-08-01"", ""2023-08-01"", ""2024-08-01""], ""value"": 4.664030131826741}}}"
1123059,2025-08-01,30s,a2_activity_level_v1_22b454887888,"{""adm_cd"": ""1123059"", ""adm_nm"": ""삼성2동"", ""age_band"": ""30s"", ""date"": ""2025-08-01"", ""interpretation"": ""retrospective_descriptive_not_risk"", ""quality"": {""call_contacts"": ""ready"", ""text_contacts"": ""ready""}, ""raw"": {""call_contacts"": 13.93400480576692, ""text_contacts"": 6.149243091710052}, ""seasonal_index"": {""call_contacts"": 0.8882692710279815, ""text_contacts"": 0.9257931404760372}, ""seasonal_reference"": {""call_contacts"": {""n"": 3, ""periods"": [""2022-08-01"", ""2023-08-01"", ""2024-08-01""], ""value"": 15.68669012904307}, ""text_contacts"": {""n"": 3, ""periods"": [""2022-08-01"", ""2023-08-01"", ""2024-08-01""], ""value"": 6.642135076252724}}}"
1123059,2025-08-01,40s,a2_activity_level_v1_22b454887888,"{""adm_cd"": ""1123059"", ""adm_nm"": ""삼성2동"", ""age_band"": ""40s"", ""date"": ""2025-08-01"", ""interpretation"": ""retrospective_descriptive_not_risk"", ""quality"": {""call_contacts"": ""ready"", ""text_contacts"": ""ready""}, ""raw"": {""call_contacts"": 16.938910139647845, ""text_contacts"": 7.125564663023679}, ""seasonal_index"": {""call_contacts"": 0.9282344756300579, ""text_contacts"": 0.9688831793789853}, ""seasonal_reference"": {""call_contacts"": {""n"": 3, ""periods"": [""2022-08-01"", ""2023-08-01"", ""2024-08-01""], ""value"": 18.248525113388208}, ""text_contacts"": {""n"": 3, ""periods"": [""2022-08-01"", ""2023-08-01"", ""2024-08-01""], ""value"": 7.354410536460006}}}"
1123059,2025-08-01,50s,a2_activity_level_v1_22b454887888,"{""adm_cd"": ""1123059"", ""adm_nm"": ""삼성2동"", ""age_band"": ""50s"", ""date"": ""2025-08-01"", ""interpretation"": ""retrospective_descriptive_not_risk"", ""quality"": {""call_contacts"": ""ready"", ""text_contacts"": ""ready""}, ""raw"": {""call_contacts"": 16.144698181818182, ""text_contacts"": 6.34104}, ""seasonal_index"": {""call_contacts"": 0.8899926976749334, ""text_contacts"": 0.944299148619968}, ""seasonal_reference"": {""call_contacts"": {""n"": 3, ""periods"": [""2022-08-01"", ""2023-08-01"", ""2024-08-01""], ""value"": 18.140259154929577}, ""text_contacts"": {""n"": 3, ""periods"": [""2022-08-01"", ""2023-08-01"", ""2024-08-01""], ""value"": 6.715075417855686}}}"
1123059,2025-08-01,60plus,a2_activity_level_v1_22b454887888,"{""adm_cd"": ""1123059"", ""adm_nm"": ""삼성2동"", ""age_band"": ""60plus"", ""date"": ""2025-08-01"", ""interpretation"": ""retrospective_descriptive_not_risk"", ""quality"": {""call_contacts"": ""ready"", ""text_contacts"": ""ready""}, ""raw"": {""call_contacts"": 12.857533401849949, ""text_contacts"": 4.502589928057555}, ""seasonal_index"": {""call_contacts"": 0.9144693589863732, ""text_contacts"": 0.9397494270425142}, ""seasonal_reference"": {""call_contacts"": {""n"": 3, ""periods"": [""2022-08-01"", ""2023-08-01"", ""2024-08-01""], ""value"": 14.060103026417032}, ""text_contacts"": {""n"": 3, ""periods"": [""2022-08-01"", ""2023-08-01"", ""2024-08-01""], ""value"": 4.791266478584252}}}"
1123059,2025-09-01,20s,a2_activity_level_v1_22b454887888,"{""adm_cd"": ""1123059"", ""adm_nm"": ""삼성2동"", ""age_band"": ""20s"", ""date"": ""2025-09-01"", ""interpretation"": ""retrospective_descriptive_not_risk"", ""quality"": {""call_contacts"": ""ready"", ""text_contacts"": ""ready""}, ""raw"": {""call_contacts"": 8.256562587120156, ""text_contacts"": 4.258530805687204}, ""seasonal_index"": {""call_contacts"": 0.8372207982576823, ""text_contacts"": 0.9198236867332519}, ""seasonal_reference"": {""call_contacts"": {""n"": 3, ""periods"": [""2022-09-01"", ""2023-09-01"", ""2024-09-01""], ""value"": 9.861869896570495}, ""text_contacts"": {""n"": 3, ""periods"": [""2022-09-01"", ""2023-09-01"", ""2024-09-01""], ""value"": 4.629725095264018}}}"
1123059,2025-09-01,30s,a2_activity_level_v1_22b454887888,"{""adm_cd"": ""1123059"", ""adm_nm"": ""삼성2동"", ""age_band"": ""30s"", ""date"": ""2025-09-01"", ""interpretation"": ""retrospective_descriptive_not_risk"", ""quality"": {""call_contacts"": ""ready"", ""text_contacts"": ""ready""}, ""raw"": {""call_contacts"": 14.228650380456548, ""text_contacts"": 6.202889467360833}, ""seasonal_index"": {""call_contacts"": 0.9117040776136894, ""text_contacts"": 0.920333461577142}, ""seasonal_reference"": {""call_contacts"": {""n"": 3, ""periods"": [""2022-09-01"", ""2023-09-01"", ""2024-09-01""], ""value"": 15.606654318908907}, ""text_contacts"": {""n"": 3, ""periods"": [""2022-09-01"", ""2023-09-01"", ""2024-09-01""], ""value"": 6.7398282539148}}}"
1123059,2025-09-01,40s,a2_activity_level_v1_22b454887888,"{""adm_cd"": ""1123059"", ""adm_nm"": ""삼성2동"", ""age_band"": ""40s"", ""date"": ""2025-09-01"", ""interpretation"": ""retrospective_descriptive_not_risk"", ""quality"": {""call_contacts"": ""ready"", ""text_contacts"": ""ready""}, ""raw"": {""call_contacts"": 17.105170454545455, ""text_contacts"": 7.113755980861243}, ""seasonal_index"": {""call_contacts"": 0.9517311199190767, ""text_contacts"": 0.9837029467978485}, ""seasonal_reference"": {""call_contacts"": {""n"": 3, ""periods"": [""2022-09-01"", ""2023-09-01"", ""2024-09-01""], ""value"": 17.97269217801753}, ""text_contacts"": {""n"": 3, ""periods"": [""2022-09-01"", ""2023-09-01"", ""2024-09-01""], ""value"": 7.231609912339851}}}"
1123059,2025-09-01,50s,a2_activity_level_v1_22b454887888,"{""adm_cd"": ""1123059"", ""adm_nm"": ""삼성2동"", ""age_band"": ""50s"", ""date"": ""2025-09-01"", ""interpretation"": ""retrospective_descriptive_not_risk"", ""quality"": {""call_contacts"": ""ready"", ""text_contacts"": ""ready""}, ""raw"": {""call_contacts"": 16.657315581144296, ""text_contacts"": 6.480201511335013}, ""seasonal_index"": {""call_contacts"": 0.9271195422040659, ""text_contacts"": 0.9512347341106834}, ""seasonal_reference"": {""call_contacts"": {""n"": 3, ""periods"": [""2022-09-01"", ""2023-09-01"", ""2024-09-01""], ""value"": 17.966739803094235}, ""text_contacts"": {""n"": 3, ""periods"": [""2022-09-01"", ""2023-09-01"", ""2024-09-01""], ""value"": 6.812410521776628}}}"
1123059,2025-09-01,60plus,a2_activity_level_v1_22b454887888,"{""adm_cd"": ""1123059"", ""adm_nm"": ""삼성2동"", ""age_band"": ""60plus"", ""date"": ""2025-09-01"", ""interpretation"": ""retrospective_descriptive_not_risk"", ""quality"": {""call_contacts"": ""ready"", ""text_contacts"": ""ready""}, ""raw"": {""call_contacts"": 13.012002042900919, ""text_contacts"": 4.602420837589377}, ""seasonal_index"": {""call_contacts"": 0.9320457761447518, ""text_contacts"": 0.9416183291513813}, ""seasonal_reference"": {""call_contacts"": {""n"": 3, ""periods"": [""2022-09-01"", ""2023-09-01"", ""2024-09-01""], ""value"": 13.96068988877654}, ""text_contacts"": {""n"": 3, ""periods"": [""2022-09-01"", ""2023-09-01"", ""2024-09-01""], ""value"": 4.887777451971688}}}"
1123059,2025-10-01,20s,a2_activity_level_v1_22b454887888,"{""adm_cd"": ""1123059"", ""adm_nm"": ""삼성2동"", ""age_band"": ""20s"", ""date"": ""2025-10-01"", ""interpretation"": ""retrospective_descriptive_not_risk"", ""quality"": {""call_contacts"": ""ready"", ""text_contacts"": ""ready""}, ""raw"": {""call_contacts"": 8.077301366044047, ""text_contacts"": 4.088962921661556}, ""seasonal_index"": {""call_contacts"": 0.8193634485971883, ""text_contacts"": 0.8731189275122108}, ""seasonal_reference"": {""call_contacts"": {""n"": 3, ""periods"": [""2022-10-01"", ""2023-10-01"", ""2024-10-01""], ""value"": 9.858020125101984}, ""text_contacts"": {""n"": 3, ""periods"": [""2022-10-01"", ""2023-10-01"", ""2024-10-01""], ""value"": 4.683168343758498}}}"
1123059,2025-10-01,30s,a2_activity_level_v1_22b454887888,"{""adm_cd"": ""1123059"", ""adm_nm"": ""삼성2동"", ""age_band"": ""30s"", ""date"": ""2025-10-01"", ""interpretation"": ""retrospective_descriptive_not_risk"", ""quality"": {""call_contacts"": ""ready"", ""text_contacts"": ""ready""}, ""raw"": {""call_contacts"": 13.623145774929913, ""text_contacts"": 5.912064477372847}, ""seasonal_index"": {""call_contacts"": 0.8780450424501103, ""text_contacts"": 0.872137974553039}, ""seasonal_reference"": {""call_contacts"": {""n"": 3, ""periods"": [""2022-10-01"", ""2023-10-01"", ""2024-10-01""], ""value"": 15.515315406730934}, ""text_contacts"": {""n"": 3, ""periods"": [""2022-10-01"", ""2023-10-01"", ""2024-10-01""], ""value"": 6.778817858954845}}}"
1123059,2025-10-01,40s,a2_activity_level_v1_22b454887888,"{""adm_cd"": ""1123059"", ""adm_nm"": ""삼성2동"", ""age_band"": ""40s"", ""date"": ""2025-10-01"", ""interpretation"": ""retrospective_descriptive_not_risk"", ""quality"": {""call_contacts"": ""ready"", ""text_contacts"": ""ready""}, ""raw"": {""call_contacts"": 16.473300370828184, ""text_contacts"": 6.838009888751545}, ""seasonal_index"": {""call_contacts"": 0.9236364355635956, ""text_contacts"": 0.9410817603163509}, ""seasonal_reference"": {""call_contacts"": {""n"": 3, ""periods"": [""2022-10-01"", ""2023-10-01"", ""2024-10-01""], ""value"": 17.8352647606158}, ""text_contacts"": {""n"": 3, ""periods"": [""2022-10-01"", ""2023-10-01"", ""2024-10-01""], ""value"": 7.266116693679093}}}"
1123059,2025-10-01,50s,a2_activity_level_v1_22b454887888,"{""adm_cd"": ""1123059"", ""adm_nm"": ""삼성2동"", ""age_band"": ""50s"", ""date"": ""2025-10-01"", ""interpretation"": ""retrospective_descriptive_not_risk"", ""quality"": {""call_contacts"": ""ready"", ""text_contacts"": ""ready""}, ""raw"": {""call_contacts"": 15.941309304891504, ""text_contacts"": 6.210338359691063}, ""seasonal_index"": {""call_contacts"": 0.9107849946118575, ""text_contacts"": 0.9040025165291726}, ""seasonal_reference"": {""call_contacts"": {""n"": 3, ""periods"": [""2022-10-01"", ""2023-10-01"", ""2024-10-01""], ""value"": 17.502823826917673}, ""text_contacts"": {""n"": 3, ""periods"": [""2022-10-01"", ""2023-10-01"", ""2024-10-01""], ""value"": 6.869824194223526}}}"
1123059,2025-10-01,60plus,a2_activity_level_v1_22b454887888,"{""adm_cd"": ""1123059"", ""adm_nm"": ""삼성2동"", ""age_band"": ""60plus"", ""date"": ""2025-10-01"", ""interpretation"": ""retrospective_descriptive_not_risk"", ""quality"": {""call_contacts"": ""ready"", ""text_contacts"": ""ready""}, ""raw"": {""call_contacts"": 12.830131124913734, ""text_contacts"": 4.579071773636992}, ""seasonal_index"": {""call_contacts"": 0.9126923476501606, ""text_contacts"": 0.9132001608411046}, ""seasonal_reference"": {""call_contacts"": {""n"": 3, ""periods"": [""2022-10-01"", ""2023-10-01"", ""2024-10-01""], ""value"": 14.05745447296287}, ""text_contacts"": {""n"": 3, ""periods"": [""2022-10-01"", ""2023-10-01"", ""2024-10-01""], ""value"": 5.014313367421475}}}"
1123059,2025-11-01,20s,a2_activity_level_v1_22b454887888,"{""adm_cd"": ""1123059"", ""adm_nm"": ""삼성2동"", ""age_band"": ""20s"", ""date"": ""2025-11-01"", ""interpretation"": ""retrospective_descriptive_not_risk"", ""quality"": {""call_contacts"": ""ready"", ""text_contacts"": ""ready""}, ""raw"": {""call_contacts"": 8.111522163367717, ""text_contacts"": 3.962581544466128}, ""seasonal_index"": {""call_contacts"": 0.8373758157912646, ""text_contacts"": 0.8221021626037913}, ""seasonal_reference"": {""call_contacts"": {""n"": 3, ""periods"": [""2022-11-01"", ""2023-11-01"", ""2024-11-01""], ""value"": 9.686835958718088}, ""text_contacts"": {""n"": 3, ""periods"": [""2022-11-01"", ""2023-11-01"", ""2024-11-01""], ""value"": 4.820059750135796}}}"
1123059,2025-11-01,30s,a2_activity_level_v1_22b454887888,"{""adm_cd"": ""1123059"", ""adm_nm"": ""삼성2동"", ""age_band"": ""30s"", ""date"": ""2025-11-01"", ""interpretation"": ""retrospective_descriptive_not_risk"", ""quality"": {""call_contacts"": ""ready"", ""text_contacts"": ""ready""}, ""raw"": {""call_contacts"": 13.629573488185825, ""text_contacts"": 5.684403283940729}, ""seasonal_index"": {""call_contacts"": 0.8758700159944671, ""text_contacts"": 0.8406790304641201}, ""seasonal_reference"": {""call_contacts"": {""n"": 3, ""periods"": [""2022-11-01"", ""2023-11-01"", ""2024-11-01""], ""value"": 15.561182868796736}, ""text_contacts"": {""n"": 3, ""periods"": [""2022-11-01"", ""2023-11-01"", ""2024-11-01""], ""value"": 6.761680829367776}}}"
1123059,2025-11-01,40s,a2_activity_level_v1_22b454887888,"{""adm_cd"": ""1123059"", ""adm_nm"": ""삼성2동"", ""age_band"": ""40s"", ""date"": ""2025-11-01"", ""interpretation"": ""retrospective_descriptive_not_risk"", ""quality"": {""call_contacts"": ""ready"", ""text_contacts"": ""ready""}, ""raw"": {""call_contacts"": 16.541546546546545, ""text_contacts"": 6.616135135135135}, ""seasonal_index"": {""call_contacts"": 0.920341489466893, ""text_contacts"": 0.9021601490895274}, ""seasonal_reference"": {""call_contacts"": {""n"": 3, ""periods"": [""2022-11-01"", ""2023-11-01"", ""2024-11-01""], ""value"": 17.973270504330106}, ""text_contacts"": {""n"": 3, ""periods"": [""2022-11-01"", ""2023-11-01"", ""2024-11-01""], ""value"": 7.333659264169706}}}"
1123059,2025-11-01,50s,a2_activity_level_v1_22b454887888,"{""adm_cd"": ""1123059"", ""adm_nm"": ""삼성2동"", ""age_band"": ""50s"", ""date"": ""2025-11-01"", ""interpretation"": ""retrospective_descriptive_not_risk"", ""quality"": {""call_contacts"": ""ready"", ""text_contacts"": ""ready""}, ""raw"": {""call_contacts"": 16.034245147375987, ""text_contacts"": 6.067868439971244}, ""seasonal_index"": {""call_contacts"": 0.916647480252188, ""text_contacts"": 0.8838380964665296}, ""seasonal_reference"": {""call_contacts"": {""n"": 3, ""periods"": [""2022-11-01"", ""2023-11-01"", ""2024-11-01""], ""value"": 17.492269921436588}, ""text_contacts"": {""n"": 3, ""periods"": [""2022-11-01"", ""2023-11-01"", ""2024-11-01""], ""value"": 6.865361952861953}}}"
1123059,2025-11-01,60plus,a2_activity_level_v1_22b454887888,"{""adm_cd"": ""1123059"", ""adm_nm"": ""삼성2동"", ""age_band"": ""60plus"", ""date"": ""2025-11-01"", ""interpretation"": ""retrospective_descriptive_not_risk"", ""quality"": {""call_contacts"": ""ready"", ""text_contacts"": ""ready""}, ""raw"": {""call_contacts"": 12.983636363636364, ""text_contacts"": 4.558420156622403}, ""seasonal_index"": {""call_contacts"": 0.903593699687361, ""text_contacts"": 0.9014029943746551}, ""seasonal_reference"": {""call_contacts"": {""n"": 3, ""periods"": [""2022-11-01"", ""2023-11-01"", ""2024-11-01""], ""value"": 14.368887662816418}, ""text_contacts"": {""n"": 3, ""periods"": [""2022-11-01"", ""2023-11-01"", ""2024-11-01""], ""value"": 5.057027972027972}}}"
1123059,2025-12-01,20s,a2_activity_level_v1_22b454887888,"{""adm_cd"": ""1123059"", ""adm_nm"": ""삼성2동"", ""age_band"": ""20s"", ""date"": ""2025-12-01"", ""interpretation"": ""retrospective_descriptive_not_risk"", ""quality"": {""call_contacts"": ""ready"", ""text_contacts"": ""ready""}, ""raw"": {""call_contacts"": 8.179651519375524, ""text_contacts"": 3.771137440758294}, ""seasonal_index"": {""call_contacts"": 0.8347218650145328, ""text_contacts"": 0.7813395025451841}, ""seasonal_reference"": {""call_contacts"": {""n"": 3, ""periods"": [""2022-12-01"", ""2023-12-01"", ""2024-12-01""], ""value"": 9.799253933803582}, ""text_contacts"": {""n"": 3, ""periods"": [""2022-12-01"", ""2023-12-01"", ""2024-12-01""], ""value"": 4.826502984264785}}}"
1123059,2025-12-01,30s,a2_activity_level_v1_22b454887888,"{""adm_cd"": ""1123059"", ""adm_nm"": ""삼성2동"", ""age_band"": ""30s"", ""date"": ""2025-12-01"", ""interpretation"": ""retrospective_descriptive_not_risk"", ""quality"": {""call_contacts"": ""ready"", ""text_contacts"": ""ready""}, ""raw"": {""call_contacts"": 13.703504205046055, ""text_contacts"": 5.361347617140568}, ""seasonal_index"": {""call_contacts"": 0.8811712774984264, ""text_contacts"": 0.7894242897917368}, ""seasonal_reference"": {""call_contacts"": {""n"": 3, ""periods"": [""2022-12-01"", ""2023-12-01"", ""2024-12-01""], ""value"": 15.551464913778386}, ""text_contacts"": {""n"": 3, ""periods"": [""2022-12-01"", ""2023-12-01"", ""2024-12-01""], ""value"": 6.791465231649992}}}"
1123059,2025-12-01,40s,a2_activity_level_v1_22b454887888,"{""adm_cd"": ""1123059"", ""adm_nm"": ""삼성2동"", ""age_band"": ""40s"", ""date"": ""2025-12-01"", ""interpretation"": ""retrospective_descriptive_not_risk"", ""quality"": {""call_contacts"": ""ready"", ""text_contacts"": ""ready""}, ""raw"": {""call_contacts"": 16.46790370813397, ""text_contacts"": 6.269922248803828}, ""seasonal_index"": {""call_contacts"": 0.908751365053666, ""text_contacts"": 0.8413938077110282}, ""seasonal_reference"": {""call_contacts"": {""n"": 3, ""periods"": [""2022-12-01"", ""2023-12-01"", ""2024-12-01""], ""value"": 18.12146241690813}, ""text_contacts"": {""n"": 3, ""periods"": [""2022-12-01"", ""2023-12-01"", ""2024-12-01""], ""value"": 7.45182837256772}}}"
1123059,2025-12-01,50s,a2_activity_level_v1_22b454887888,"{""adm_cd"": ""1123059"", ""adm_nm"": ""삼성2동"", ""age_band"": ""50s"", ""date"": ""2025-12-01"", ""interpretation"": ""retrospective_descriptive_not_risk"", ""quality"": {""call_contacts"": ""ready"", ""text_contacts"": ""ready""}, ""raw"": {""call_contacts"": 15.965673042223024, ""text_contacts"": 5.727697582100324}, ""seasonal_index"": {""call_contacts"": 0.9067711330570656, ""text_contacts"": 0.8353971121688158}, ""seasonal_reference"": {""call_contacts"": {""n"": 3, ""periods"": [""2022-12-01"", ""2023-12-01"", ""2024-12-01""], ""value"": 17.607169505271692}, ""text_contacts"": {""n"": 3, ""periods"": [""2022-12-01"", ""2023-12-01"", ""2024-12-01""], ""value"": 6.856257339973758}}}"
1123059,2025-12-01,60plus,a2_activity_level_v1_22b454887888,"{""adm_cd"": ""1123059"", ""adm_nm"": ""삼성2동"", ""age_band"": ""60plus"", ""date"": ""2025-12-01"", ""interpretation"": ""retrospective_descriptive_not_risk"", ""quality"": {""call_contacts"": ""ready"", ""text_contacts"": ""ready""}, ""raw"": {""call_contacts"": 12.949715350728567, ""text_contacts"": 4.351579125720095}, ""seasonal_index"": {""call_contacts"": 0.9324544528842877, ""text_contacts"": 0.8747544168804584}, ""seasonal_reference"": {""call_contacts"": {""n"": 3, ""periods"": [""2022-12-01"", ""2023-12-01"", ""2024-12-01""], ""value"": 13.887772545535318}, ""text_contacts"": {""n"": 3, ""periods"": [""2022-12-01"", ""2023-12-01"", ""2024-12-01""], ""value"": 4.974629498000889}}}"
1123060,2025-07-01,20s,a2_activity_level_v1_22b454887888,"{""adm_cd"": ""1123060"", ""adm_nm"": ""대치1동"", ""age_band"": ""20s"", ""date"": ""2025-07-01"", ""interpretation"": ""retrospective_descriptive_not_risk"", ""quality"": {""call_contacts"": ""ready"", ""text_contacts"": ""ready""}, ""raw"": {""call_contacts"": 5.960099894847529, ""text_contacts"": 3.242344900105153}, ""seasonal_index"": {""call_contacts"": 0.8469665070392294, ""text_contacts"": 0.9266314809869982}, ""seasonal_reference"": {""call_contacts"": {""n"": 3, ""periods"": [""2022-07-01"", ""2023-07-01"", ""2024-07-01""], ""value"": 7.036995967741936}, ""text_contacts"": {""n"": 3, ""periods"": [""2022-07-01"", ""2023-07-01"", ""2024-07-01""], ""value"": 3.499066205533597}}}"
1123060,2025-07-01,30s,a2_activity_level_v1_22b454887888,"{""adm_cd"": ""1123060"", ""adm_nm"": ""대치1동"", ""age_band"": ""30s"", ""date"": ""2025-07-01"", ""interpretation"": ""retrospective_descriptive_not_risk"", ""quality"": {""call_contacts"": ""ready"", ""text_contacts"": ""ready""}, ""raw"": {""call_contacts"": 12.607754098360655, ""text_contacts"": 5.957885245901639}, ""seasonal_index"": {""call_contacts"": 0.850318547249278, ""text_contacts"": 0.9659380346586764}, ""seasonal_reference"": {""call_contacts"": {""n"": 3, ""periods"": [""2022-07-01"", ""2023-07-01"", ""2024-07-01""], ""value"": 14.827095256414047}, ""text_contacts"": {""n"": 3, ""periods"": [""2022-07-01"", ""2023-07-01"", ""2024-07-01""], ""value"": 6.167978723404255}}}"
1123060,2025-07-01,40s,a2_activity_level_v1_22b454887888,"{""adm_cd"": ""1123060"", ""adm_nm"": ""대치1동"", ""age_band"": ""40s"", ""date"": ""2025-07-01"", ""interpretation"": ""retrospective_descriptive_not_risk"", ""quality"": {""call_contacts"": ""ready"", ""text_contacts"": ""ready""}, ""raw"": {""call_contacts"": 18.178529009572184, ""text_contacts"": 7.946622387184998}, ""seasonal_index"": {""call_contacts"": 0.977257649476891, ""text_contacts"": 1.0021587848060638}, ""seasonal_reference"": {""call_contacts"": {""n"": 3, ""periods"": [""2022-07-01"", ""2023-07-01"", ""2024-07-01""], ""value"": 18.60157249145385}, ""text_contacts"": {""n"": 3, ""periods"": [""2022-07-01"", ""2023-07-01"", ""2024-07-01""], ""value"": 7.929504293795935}}}"
1123060,2025-07-01,50s,a2_activity_level_v1_22b454887888,"{""adm_cd"": ""1123060"", ""adm_nm"": ""대치1동"", ""age_band"": ""50s"", ""date"": ""2025-07-01"", ""interpretation"": ""retrospective_descriptive_not_risk"", ""quality"": {""call_contacts"": ""ready"", ""text_contacts"": ""ready""}, ""raw"": {""call_contacts"": 16.18515914489311, ""text_contacts"": 6.718099762470309}, ""seasonal_index"": {""call_contacts"": 0.9032170299289815, ""text_contacts"": 0.9836270214245147}, ""seasonal_reference"": {""call_contacts"": {""n"": 3, ""periods"": [""2022-07-01"", ""2023-07-01"", ""2024-07-01""], ""value"": 17.91945745992602}, ""text_contacts"": {""n"": 3, ""periods"": [""2022-07-01"", ""2023-07-01"", ""2024-07-01""], ""value"": 6.829925994449582}}}"
1123060,2025-07-01,60plus,a2_activity_level_v1_22b454887888,"{""adm_cd"": ""1123060"", ""adm_nm"": ""대치1동"", ""age_band"": ""60plus"", ""date"": ""2025-07-01"", ""interpretation"": ""retrospective_descriptive_not_risk"", ""quality"": {""call_contacts"": ""ready"", ""text_contacts"": ""ready""}, ""raw"": {""call_contacts"": 12.524032016008004, ""text_contacts"": 4.655002501250626}, ""seasonal_index"": {""call_contacts"": 0.8917949453772769, ""text_contacts"": 0.9598332620430379}, ""seasonal_reference"": {""call_contacts"": {""n"": 3, ""periods"": [""2022-07-01"", ""2023-07-01"", ""2024-07-01""], ""value"": 14.043623011015912}, ""text_contacts"": {""n"": 3, ""periods"": [""2022-07-01"", ""2023-07-01"", ""2024-07-01""], ""value"": 4.849803278688524}}}"
1123060,2025-08-01,20s,a2_activity_level_v1_22b454887888,"{""adm_cd"": ""1123060"", ""adm_nm"": ""대치1동"", ""age_band"": ""20s"", ""date"": ""2025-08-01"", ""interpretation"": ""retrospective_descriptive_not_risk"", ""quality"": {""call_contacts"": ""ready"", ""text_contacts"": ""ready""}, ""raw"": {""call_contacts"": 5.949495268138801, ""text_contacts"": 3.243548895899053}, ""seasonal_index"": {""call_contacts"": 0.8612062172736045, ""text_contacts"": 0.9438038882230196}, ""seasonal_reference"": {""call_contacts"": {""n"": 3, ""periods"": [""2022-08-01"", ""2023-08-01"", ""2024-08-01""], ""value"": 6.908328282828283}, ""text_contacts"": {""n"": 3, ""periods"": [""2022-08-01"", ""2023-08-01"", ""2024-08-01""], ""value"": 3.436676767676768}}}"
1123060,2025-08-01,30s,a2_activity_level_v1_22b454887888,"{""adm_cd"": ""1123060"", ""adm_nm"": ""대치1동"", ""age_band"": ""30s"", ""date"": ""2025-08-01"", ""interpretation"": ""retrospective_descriptive_not_risk"", ""quality"": {""call_contacts"": ""ready"", ""text_contacts"": ""ready""}, ""raw"": {""call_contacts"": 12.207470881863562, ""text_contacts"": 5.907504159733777}, ""seasonal_index"": {""call_contacts"": 0.8145422212257093, ""text_contacts"": 0.9506038895718761}, ""seasonal_reference"": {""call_contacts"": {""n"": 3, ""periods"": [""2022-08-01"", ""2023-08-01"", ""2024-08-01""], ""value"": 14.986909903201786}, ""text_contacts"": {""n"": 3, ""periods"": [""2022-08-01"", ""2023-08-01"", ""2024-08-01""], ""value"": 6.214475055845123}}}"
1123060,2025-08-01,40s,a2_activity_level_v1_22b454887888,"{""adm_cd"": ""1123060"", ""adm_nm"": ""대치1동"", ""age_band"": ""40s"", ""date"": ""2025-08-01"", ""interpretation"": ""retrospective_descriptive_not_risk"", ""quality"": {""call_contacts"": ""ready"", ""text_contacts"": ""ready""}, ""raw"": {""call_contacts"": 17.785465093411997, ""text_contacts"": 7.882884955752212}, ""seasonal_index"": {""call_contacts"": 0.9548184373297331, ""text_contacts"": 1.007860084953724}, ""seasonal_reference"": {""call_contacts"": {""n"": 3, ""periods"": [""2022-08-01"", ""2023-08-01"", ""2024-08-01""], ""value"": 18.627064997981428}, ""text_contacts"": {""n"": 3, ""periods"": [""2022-08-01"", ""2023-08-01"", ""2024-08-01""], ""value"": 7.821408024224072}}}"
1123060,2025-08-01,50s,a2_activity_level_v1_22b454887888,"{""adm_cd"": ""1123060"", ""adm_nm"": ""대치1동"", ""age_band"": ""50s"", ""date"": ""2025-08-01"", ""interpretation"": ""retrospective_descriptive_not_risk"", ""quality"": {""call_contacts"": ""ready"", ""text_contacts"": ""ready""}, ""raw"": {""call_contacts"": 15.793483309143687, ""text_contacts"": 6.652109337203677}, ""seasonal_index"": {""call_contacts"": 0.8994187724738767, ""text_contacts"": 0.9922485577513659}, ""seasonal_reference"": {""call_contacts"": {""n"": 3, ""periods"": [""2022-08-01"", ""2023-08-01"", ""2024-08-01""], ""value"": 17.55965495995071}, ""text_contacts"": {""n"": 3, ""periods"": [""2022-08-01"", ""2023-08-01"", ""2024-08-01""], ""value"": 6.704075591985429}}}"
1123060,2025-08-01,60plus,a2_activity_level_v1_22b454887888,"{""adm_cd"": ""1123060"", ""adm_nm"": ""대치1동"", ""age_band"": ""60plus"", ""date"": ""2025-08-01"", ""interpretation"": ""retrospective_descriptive_not_risk"", ""quality"": {""call_contacts"": ""ready"", ""text_contacts"": ""ready""}, ""raw"": {""call_contacts"": 12.174083796062595, ""text_contacts"": 4.612705704189803}, ""seasonal_index"": {""call_contacts"": 0.8998935076776312, ""text_contacts"": 0.9601330817625716}, ""seasonal_reference"": {""call_contacts"": {""n"": 3, ""periods"": [""2022-08-01"", ""2023-08-01"", ""2024-08-01""], ""value"": 13.528360513990636}, ""text_contacts"": {""n"": 3, ""periods"": [""2022-08-01"", ""2023-08-01"", ""2024-08-01""], ""value"": 4.804235779192187}}}"
1123060,2025-09-01,20s,a2_activity_level_v1_22b454887888,"{""adm_cd"": ""1123060"", ""adm_nm"": ""대치1동"", ""age_band"": ""20s"", ""date"": ""2025-09-01"", ""interpretation"": ""retrospective_descriptive_not_risk"", ""quality"": {""call_contacts"": ""ready"", ""text_contacts"": ""ready""}, ""raw"": {""call_contacts"": 5.859400630914826, ""text_contacts"": 3.280042060988433}, ""seasonal_index"": {""call_contacts"": 0.8649790798757884, ""text_contacts"": 0.9294764450316033}, ""seasonal_reference"": {""call_contacts"": {""n"": 3, ""periods"": [""2022-09-01"", ""2023-09-01"", ""2024-09-01""], ""value"": 6.774037392622536}, ""text_contacts"": {""n"": 3, ""periods"": [""2022-09-01"", ""2023-09-01"", ""2024-09-01""], ""value"": 3.528913592723598}}}"
1123060,2025-09-01,30s,a2_activity_level_v1_22b454887888,"{""adm_cd"": ""1123060"", ""adm_nm"": ""대치1동"", ""age_band"": ""30s"", ""date"": ""2025-09-01"", ""interpretation"": ""retrospective_descriptive_not_risk"", ""quality"": {""call_contacts"": ""ready"", ""text_contacts"": ""ready""}, ""raw"": {""call_contacts"": 12.490996677740862, ""text_contacts"": 5.981428571428571}, ""seasonal_index"": {""call_contacts"": 0.8445850980950599, ""text_contacts"": 0.9513599744945302}, ""seasonal_reference"": {""call_contacts"": {""n"": 3, ""periods"": [""2022-09-01"", ""2023-09-01"", ""2024-09-01""], ""value"": 14.789506357516828}, ""text_contacts"": {""n"": 3, ""periods"": [""2022-09-01"", ""2023-09-01"", ""2024-09-01""], ""value"": 6.287240089753178}}}"
1123060,2025-09-01,40s,a2_activity_level_v1_22b454887888,"{""adm_cd"": ""1123060"", ""adm_nm"": ""대치1동"", ""age_band"": ""40s"", ""date"": ""2025-09-01"", ""interpretation"": ""retrospective_descriptive_not_risk"", ""quality"": {""call_contacts"": ""ready"", ""text_contacts"": ""ready""}, ""raw"": {""call_contacts"": 17.849055632548012, ""text_contacts"": 7.961045337556919}, ""seasonal_index"": {""call_contacts"": 0.9658733424040211, ""text_contacts"": 1.018127570268407}, ""seasonal_reference"": {""call_contacts"": {""n"": 3, ""periods"": [""2022-09-01"", ""2023-09-01"", ""2024-09-01""], ""value"": 18.479706239870342}, ""text_contacts"": {""n"": 3, ""periods"": [""2022-09-01"", ""2023-09-01"", ""2024-09-01""], ""value"": 7.819300419748151}}}"
1123060,2025-09-01,50s,a2_activity_level_v1_22b454887888,"{""adm_cd"": ""1123060"", ""adm_nm"": ""대치1동"", ""age_band"": ""50s"", ""date"": ""2025-09-01"", ""interpretation"": ""retrospective_descriptive_not_risk"", ""quality"": {""call_contacts"": ""ready"", ""text_contacts"": ""ready""}, ""raw"": {""call_contacts"": 16.06698945349952, ""text_contacts"": 6.76647171620326}, ""seasonal_index"": {""call_contacts"": 0.9268366211950191, ""text_contacts"": 0.9803167124628819}, ""seasonal_reference"": {""call_contacts"": {""n"": 3, ""periods"": [""2022-09-01"", ""2023-09-01"", ""2024-09-01""], ""value"": 17.33529846153846}, ""text_contacts"": {""n"": 3, ""periods"": [""2022-09-01"", ""2023-09-01"", ""2024-09-01""], ""value"": 6.902332307692308}}}"
1123060,2025-09-01,60plus,a2_activity_level_v1_22b454887888,"{""adm_cd"": ""1123060"", ""adm_nm"": ""대치1동"", ""age_band"": ""60plus"", ""date"": ""2025-09-01"", ""interpretation"": ""retrospective_descriptive_not_risk"", ""quality"": {""call_contacts"": ""ready"", ""text_contacts"": ""ready""}, ""raw"": {""call_contacts"": 12.47594391587381, ""text_contacts"": 4.772889334001001}, ""seasonal_index"": {""call_contacts"": 0.9292526566606356, ""text_contacts"": 0.9547304659646134}, ""seasonal_reference"": {""call_contacts"": {""n"": 3, ""periods"": [""2022-09-01"", ""2023-09-01"", ""2024-09-01""], ""value"": 13.425782349342308}, ""text_contacts"": {""n"": 3, ""periods"": [""2022-09-01"", ""2023-09-01"", ""2024-09-01""], ""value"": 4.999200825940655}}}"
1123060,2025-10-01,20s,a2_activity_level_v1_22b454887888,"{""adm_cd"": ""1123060"", ""adm_nm"": ""대치1동"", ""age_band"": ""20s"", ""date"": ""2025-10-01"", ""interpretation"": ""retrospective_descriptive_not_risk"", ""quality"": {""call_contacts"": ""ready"", ""text_contacts"": ""ready""}, ""raw"": {""call_contacts"": 5.613601472134595, ""text_contacts"": 3.196398527865405}, ""seasonal_index"": {""call_contacts"": 0.8618822394298009, ""text_contacts"": 0.8996154018607097}, ""seasonal_reference"": {""call_contacts"": {""n"": 3, ""periods"": [""2022-10-01"", ""2023-10-01"", ""2024-10-01""], ""value"": 6.513188479029814}, ""text_contacts"": {""n"": 3, ""periods"": [""2022-10-01"", ""2023-10-01"", ""2024-10-01""], ""value"": 3.553072258716524}}}"
1123060,2025-10-01,30s,a2_activity_level_v1_22b454887888,"{""adm_cd"": ""1123060"", ""adm_nm"": ""대치1동"", ""age_band"": ""30s"", ""date"": ""2025-10-01"", ""interpretation"": ""retrospective_descriptive_not_risk"", ""quality"": {""call_contacts"": ""ready"", ""text_contacts"": ""ready""}, ""raw"": {""call_contacts"": 12.384735099337748, ""text_contacts"": 5.771307947019867}, ""seasonal_index"": {""call_contacts"": 0.8760531964371454, ""text_contacts"": 0.9148574151809111}, ""seasonal_reference"": {""call_contacts"": {""n"": 3, ""periods"": [""2022-10-01"", ""2023-10-01"", ""2024-10-01""], ""value"": 14.136966966966966}, ""text_contacts"": {""n"": 3, ""periods"": [""2022-10-01"", ""2023-10-01"", ""2024-10-01""], ""value"": 6.308423423423423}}}"
1123060,2025-10-01,40s,a2_activity_level_v1_22b454887888,"{""adm_cd"": ""1123060"", ""adm_nm"": ""대치1동"", ""age_band"": ""40s"", ""date"": ""2025-10-01"", ""interpretation"": ""retrospective_descriptive_not_risk"", ""quality"": {""call_contacts"": ""ready"", ""text_contacts"": ""ready""}, ""raw"": {""call_contacts"": 17.290348677766893, ""text_contacts"": 7.624654260528893}, ""seasonal_index"": {""call_contacts"": 0.9578869805901833, ""text_contacts"": 0.9711611026358478}, ""seasonal_reference"": {""call_contacts"": {""n"": 3, ""periods"": [""2022-10-01"", ""2023-10-01"", ""2024-10-01""], ""value"": 18.05051016260163}, ""text_contacts"": {""n"": 3, ""periods"": [""2022-10-01"", ""2023-10-01"", ""2024-10-01""], ""value"": 7.851070476190476}}}"
1123060,2025-10-01,50s,a2_activity_level_v1_22b454887888,"{""adm_cd"": ""1123060"", ""adm_nm"": ""대치1동"", ""age_band"": ""50s"", ""date"": ""2025-10-01"", ""interpretation"": ""retrospective_descriptive_not_risk"", ""quality"": {""call_contacts"": ""ready"", ""text_contacts"": ""ready""}, ""raw"": {""call_contacts"": 15.654171721885207, ""text_contacts"": 6.582169855342977}, ""seasonal_index"": {""call_contacts"": 0.9225135947537472, ""text_contacts"": 0.9588148707593164}, ""seasonal_reference"": {""call_contacts"": {""n"": 3, ""periods"": [""2022-10-01"", ""2023-10-01"", ""2024-10-01""], ""value"": 16.96904176904177}, ""text_contacts"": {""n"": 3, ""periods"": [""2022-10-01"", ""2023-10-01"", ""2024-10-01""], ""value"": 6.864901719901721}}}"
1123060,2025-10-01,60plus,a2_activity_level_v1_22b454887888,"{""adm_cd"": ""1123060"", ""adm_nm"": ""대치1동"", ""age_band"": ""60plus"", ""date"": ""2025-10-01"", ""interpretation"": ""retrospective_descriptive_not_risk"", ""quality"": {""call_contacts"": ""ready"", ""text_contacts"": ""ready""}, ""raw"": {""call_contacts"": 12.483535452322739, ""text_contacts"": 4.718674816625916}, ""seasonal_index"": {""call_contacts"": 0.9180893921193058, ""text_contacts"": 0.9226033132675153}, ""seasonal_reference"": {""call_contacts"": {""n"": 3, ""periods"": [""2022-10-01"", ""2023-10-01"", ""2024-10-01""], ""value"": 13.597298432460814}, ""text_contacts"": {""n"": 3, ""periods"": [""2022-10-01"", ""2023-10-01"", ""2024-10-01""], ""value"": 5.114521863046576}}}"
1123060,2025-11-01,20s,a2_activity_level_v1_22b454887888,"{""adm_cd"": ""1123060"", ""adm_nm"": ""대치1동"", ""age_band"": ""20s"", ""date"": ""2025-11-01"", ""interpretation"": ""retrospective_descriptive_not_risk"", ""quality"": {""call_contacts"": ""ready"", ""text_contacts"": ""ready""}, ""raw"": {""call_contacts"": 5.668054679284963, ""text_contacts"": 3.125299684542587}, ""seasonal_index"": {""call_contacts"": 0.8728339283031672, ""text_contacts"": 0.8613047770087967}, ""seasonal_reference"": {""call_contacts"": {""n"": 3, ""periods"": [""2022-11-01"", ""2023-11-01"", ""2024-11-01""], ""value"": 6.493852376137514}, ""text_contacts"": {""n"": 3, ""periods"": [""2022-11-01"", ""2023-11-01"", ""2024-11-01""], ""value"": 3.628564206268959}}}"
1123060,2025-11-01,30s,a2_activity_level_v1_22b454887888,"{""adm_cd"": ""1123060"", ""adm_nm"": ""대치1동"", ""age_band"": ""30s"", ""date"": ""2025-11-01"", ""interpretation"": ""retrospective_descriptive_not_risk"", ""quality"": {""call_contacts"": ""ready"", ""text_contacts"": ""ready""}, ""raw"": {""call_contacts"": 12.651739130434782, ""text_contacts"": 5.626220735785953}, ""seasonal_index"": {""call_contacts"": 0.9004690200250193, ""text_contacts"": 0.8826143846792546}, ""seasonal_reference"": {""call_contacts"": {""n"": 3, ""periods"": [""2022-11-01"", ""2023-11-01"", ""2024-11-01""], ""value"": 14.050165912518853}, ""text_contacts"": {""n"": 3, ""periods"": [""2022-11-01"", ""2023-11-01"", ""2024-11-01""], ""value"": 6.374494720965309}}}"
1123060,2025-11-01,40s,a2_activity_level_v1_22b454887888,"{""adm_cd"": ""1123060"", ""adm_nm"": ""대치1동"", ""age_band"": ""40s"", ""date"": ""2025-11-01"", ""interpretation"": ""retrospective_descriptive_not_risk"", ""quality"": {""call_contacts"": ""ready"", ""text_contacts"": ""ready""}, ""raw"": {""call_contacts"": 17.30537270087125, ""text_contacts"": 7.435599225556632}, ""seasonal_index"": {""call_contacts"": 0.956556454865601, ""text_contacts"": 0.9339785655835455}, ""seasonal_reference"": {""call_contacts"": {""n"": 3, ""periods"": [""2022-11-01"", ""2023-11-01"", ""2024-11-01""], ""value"": 18.091323949408405}, ""text_contacts"": {""n"": 3, ""periods"": [""2022-11-01"", ""2023-11-01"", ""2024-11-01""], ""value"": 7.961209710322318}}}"
1123060,2025-11-01,50s,a2_activity_level_v1_22b454887888,"{""adm_cd"": ""1123060"", ""adm_nm"": ""대치1동"", ""age_band"": ""50s"", ""date"": ""2025-11-01"", ""interpretation"": ""retrospective_descriptive_not_risk"", ""quality"": {""call_contacts"": ""ready"", ""text_contacts"": ""ready""}, ""raw"": {""call_contacts"": 15.71631063432836, ""text_contacts"": 6.466315298507463}, ""seasonal_index"": {""call_contacts"": 0.9238826998742972, ""text_contacts"": 0.9337624939168085}, ""seasonal_reference"": {""call_contacts"": {""n"": 3, ""periods"": [""2022-11-01"", ""2023-11-01"", ""2024-11-01""], ""value"": 17.01115372813747}, ""text_contacts"": {""n"": 3, ""periods"": [""2022-11-01"", ""2023-11-01"", ""2024-11-01""], ""value"": 6.925010739490641}}}"
1123060,2025-11-01,60plus,a2_activity_level_v1_22b454887888,"{""adm_cd"": ""1123060"", ""adm_nm"": ""대치1동"", ""age_band"": ""60plus"", ""date"": ""2025-11-01"", ""interpretation"": ""retrospective_descriptive_not_risk"", ""quality"": {""call_contacts"": ""ready"", ""text_contacts"": ""ready""}, ""raw"": {""call_contacts"": 12.725942662779396, ""text_contacts"": 4.700515063168124}, ""seasonal_index"": {""call_contacts"": 0.9200200697011589, ""text_contacts"": 0.8868008415166051}, ""seasonal_reference"": {""call_contacts"": {""n"": 3, ""periods"": [""2022-11-01"", ""2023-11-01"", ""2024-11-01""], ""value"": 13.832244623655916}, ""text_contacts"": {""n"": 3, ""periods"": [""2022-11-01"", ""2023-11-01"", ""2024-11-01""], ""value"": 5.300530675105486}}}"
1123060,2025-12-01,20s,a2_activity_level_v1_22b454887888,"{""adm_cd"": ""1123060"", ""adm_nm"": ""대치1동"", ""age_band"": ""20s"", ""date"": ""2025-12-01"", ""interpretation"": ""retrospective_descriptive_not_risk"", ""quality"": {""call_contacts"": ""ready"", ""text_contacts"": ""ready""}, ""raw"": {""call_contacts"": 5.914511041009464, ""text_contacts"": 3.027018927444795}, ""seasonal_index"": {""call_contacts"": 0.9015432352960862, ""text_contacts"": 0.8499675537860013}, ""seasonal_reference"": {""call_contacts"": {""n"": 3, ""periods"": [""2022-12-01"", ""2023-12-01"", ""2024-12-01""], ""value"": 6.560429726996967}, ""text_contacts"": {""n"": 3, ""periods"": [""2022-12-01"", ""2023-12-01"", ""2024-12-01""], ""value"": 3.561334681496461}}}"
1123060,2025-12-01,30s,a2_activity_level_v1_22b454887888,"{""adm_cd"": ""1123060"", ""adm_nm"": ""대치1동"", ""age_band"": ""30s"", ""date"": ""2025-12-01"", ""interpretation"": ""retrospective_descriptive_not_risk"", ""quality"": {""call_contacts"": ""ready"", ""text_contacts"": ""ready""}, ""raw"": {""call_contacts"": 12.532533333333333, ""text_contacts"": 5.25615}, ""seasonal_index"": {""call_contacts"": 0.8678470142273317, ""text_contacts"": 0.8140802224938616}, ""seasonal_reference"": {""call_contacts"": {""n"": 3, ""periods"": [""2022-12-01"", ""2023-12-01"", ""2024-12-01""], ""value"": 14.440947687642154}, ""text_contacts"": {""n"": 3, ""periods"": [""2022-12-01"", ""2023-12-01"", ""2024-12-01""], ""value"": 6.456550416982563}}}"
1123060,2025-12-01,40s,a2_activity_level_v1_22b454887888,"{""adm_cd"": ""1123060"", ""adm_nm"": ""대치1동"", ""age_band"": ""40s"", ""date"": ""2025-12-01"", ""interpretation"": ""retrospective_descriptive_not_risk"", ""quality"": {""call_contacts"": ""ready"", ""text_contacts"": ""ready""}, ""raw"": {""call_contacts"": 17.566420497362472, ""text_contacts"": 7.100075357950264}, ""seasonal_index"": {""call_contacts"": 0.9525753984258907, ""text_contacts"": 0.8888007735801156}, ""seasonal_reference"": {""call_contacts"": {""n"": 3, ""periods"": [""2022-12-01"", ""2023-12-01"", ""2024-12-01""], ""value"": 18.440976458546572}, ""text_contacts"": {""n"": 3, ""periods"": [""2022-12-01"", ""2023-12-01"", ""2024-12-01""], ""value"": 7.988376663254862}}}"
1123060,2025-12-01,50s,a2_activity_level_v1_22b454887888,"{""adm_cd"": ""1123060"", ""adm_nm"": ""대치1동"", ""age_band"": ""50s"", ""date"": ""2025-12-01"", ""interpretation"": ""retrospective_descriptive_not_risk"", ""quality"": {""call_contacts"": ""ready"", ""text_contacts"": ""ready""}, ""raw"": {""call_contacts"": 15.870906998158379, ""text_contacts"": 6.112891344383057}, ""seasonal_index"": {""call_contacts"": 0.9302121262761018, ""text_contacts"": 0.8757273778230196}, ""seasonal_reference"": {""call_contacts"": {""n"": 3, ""periods"": [""2022-12-01"", ""2023-12-01"", ""2024-12-01""], ""value"": 17.061599768317404}, ""text_contacts"": {""n"": 3, ""periods"": [""2022-12-01"", ""2023-12-01"", ""2024-12-01""], ""value"": 6.980358841331604}}}"
1123060,2025-12-01,60plus,a2_activity_level_v1_22b454887888,"{""adm_cd"": ""1123060"", ""adm_nm"": ""대치1동"", ""age_band"": ""60plus"", ""date"": ""2025-12-01"", ""interpretation"": ""retrospective_descriptive_not_risk"", ""quality"": {""call_contacts"": ""ready"", ""text_contacts"": ""ready""}, ""raw"": {""call_contacts"": 12.582449856733525, ""text_contacts"": 4.496399235912129}, ""seasonal_index"": {""call_contacts"": 0.9294800530043515, ""text_contacts"": 0.8877638706836294}, ""seasonal_reference"": {""call_contacts"": {""n"": 3, ""periods"": [""2022-12-01"", ""2023-12-01"", ""2024-12-01""], ""value"": 13.537084325869463}, ""text_contacts"": {""n"": 3, ""periods"": [""2022-12-01"", ""2023-12-01"", ""2024-12-01""], ""value"": 5.06485945688423}}}"
1123063,2025-07-01,20s,a2_activity_level_v1_22b454887888,"{""adm_cd"": ""1123063"", ""adm_nm"": ""대치4동"", ""age_band"": ""20s"", ""date"": ""2025-07-01"", ""interpretation"": ""retrospective_descriptive_not_risk"", ""quality"": {""call_contacts"": ""ready"", ""text_contacts"": ""ready""}, ""raw"": {""call_contacts"": 7.908030447193149, ""text_contacts"": 4.323295274341896}, ""seasonal_index"": {""call_contacts"": 0.8826876858920484, ""text_contacts"": 0.8900607719156576}, ""seasonal_reference"": {""call_contacts"": {""n"": 3, ""periods"": [""2022-07-01"", ""2023-07-01"", ""2024-07-01""], ""value"": 8.959035651665692}, ""text_contacts"": {""n"": 3, ""periods"": [""2022-07-01"", ""2023-07-01"", ""2024-07-01""], ""value"": 4.857303468208093}}}"
1123063,2025-07-01,30s,a2_activity_level_v1_22b454887888,"{""adm_cd"": ""1123063"", ""adm_nm"": ""대치4동"", ""age_band"": ""30s"", ""date"": ""2025-07-01"", ""interpretation"": ""retrospective_descriptive_not_risk"", ""quality"": {""call_contacts"": ""ready"", ""text_contacts"": ""ready""}, ""raw"": {""call_contacts"": 13.77229190751445, ""text_contacts"": 6.403413294797688}, ""seasonal_index"": {""call_contacts"": 0.9033150969686397, ""text_contacts"": 0.9459857001026022}, ""seasonal_reference"": {""call_contacts"": {""n"": 3, ""periods"": [""2022-07-01"", ""2023-07-01"", ""2024-07-01""], ""value"": 15.246387394312068}, ""text_contacts"": {""n"": 3, ""periods"": [""2022-07-01"", ""2023-07-01"", ""2024-07-01""], ""value"": 6.769038151531435}}}"
1123063,2025-07-01,40s,a2_activity_level_v1_22b454887888,"{""adm_cd"": ""1123063"", ""adm_nm"": ""대치4동"", ""age_band"": ""40s"", ""date"": ""2025-07-01"", ""interpretation"": ""retrospective_descriptive_not_risk"", ""quality"": {""call_contacts"": ""ready"", ""text_contacts"": ""ready""}, ""raw"": {""call_contacts"": 16.80139854139854, ""text_contacts"": 7.186006006006007}, ""seasonal_index"": {""call_contacts"": 0.9381331146084783, ""text_contacts"": 0.9689331774101465}, ""seasonal_reference"": {""call_contacts"": {""n"": 3, ""periods"": [""2022-07-01"", ""2023-07-01"", ""2024-07-01""], ""value"": 17.909397163120566}, ""text_contacts"": {""n"": 3, ""periods"": [""2022-07-01"", ""2023-07-01"", ""2024-07-01""], ""value"": 7.416410309339828}}}"
1123063,2025-07-01,50s,a2_activity_level_v1_22b454887888,"{""adm_cd"": ""1123063"", ""adm_nm"": ""대치4동"", ""age_band"": ""50s"", ""date"": ""2025-07-01"", ""interpretation"": ""retrospective_descriptive_not_risk"", ""quality"": {""call_contacts"": ""ready"", ""text_contacts"": ""ready""}, ""raw"": {""call_contacts"": 17.422399643175737, ""text_contacts"": 6.660486173059769}, ""seasonal_index"": {""call_contacts"": 0.9240950238992468, ""text_contacts"": 0.9510073169539554}, ""seasonal_reference"": {""call_contacts"": {""n"": 3, ""periods"": [""2022-07-01"", ""2023-07-01"", ""2024-07-01""], ""value"": 18.853471983499485}, ""text_contacts"": {""n"": 3, ""periods"": [""2022-07-01"", ""2023-07-01"", ""2024-07-01""], ""value"": 7.003611911623439}}}"
1123063,2025-07-01,60plus,a2_activity_level_v1_22b454887888,"{""adm_cd"": ""1123063"", ""adm_nm"": ""대치4동"", ""age_band"": ""60plus"", ""date"": ""2025-07-01"", ""interpretation"": ""retrospective_descriptive_not_risk"", ""quality"": {""call_contacts"": ""ready"", ""text_contacts"": ""ready""}, ""raw"": {""call_contacts"": 13.958610871440897, ""text_contacts"": 4.630376761576072}, ""seasonal_index"": {""call_contacts"": 0.9543758350154312, ""text_contacts"": 0.9422819195477127}, ""seasonal_reference"": {""call_contacts"": {""n"": 3, ""periods"": [""2022-07-01"", ""2023-07-01"", ""2024-07-01""], ""value"": 14.625905601659749}, ""text_contacts"": {""n"": 3, ""periods"": [""2022-07-01"", ""2023-07-01"", ""2024-07-01""], ""value"": 4.914003617726862}}}"
1123063,2025-08-01,20s,a2_activity_level_v1_22b454887888,"{""adm_cd"": ""1123063"", ""adm_nm"": ""대치4동"", ""age_band"": ""20s"", ""date"": ""2025-08-01"", ""interpretation"": ""retrospective_descriptive_not_risk"", ""quality"": {""call_contacts"": ""ready"", ""text_contacts"": ""ready""}, ""raw"": {""call_contacts"": 7.835119009838146, ""text_contacts"": 4.315030149158997}, ""seasonal_index"": {""call_contacts"": 0.8879759680040556, ""text_contacts"": 0.9229057985943616}, ""seasonal_reference"": {""call_contacts"": {""n"": 3, ""periods"": [""2022-08-01"", ""2023-08-01"", ""2024-08-01""], ""value"": 8.823571011104617}, ""text_contacts"": {""n"": 3, ""periods"": [""2022-08-01"", ""2023-08-01"", ""2024-08-01""], ""value"": 4.67548275862069}}}"
1123063,2025-08-01,30s,a2_activity_level_v1_22b454887888,"{""adm_cd"": ""1123063"", ""adm_nm"": ""대치4동"", ""age_band"": ""30s"", ""date"": ""2025-08-01"", ""interpretation"": ""retrospective_descriptive_not_risk"", ""quality"": {""call_contacts"": ""ready"", ""text_contacts"": ""ready""}, ""raw"": {""call_contacts"": 13.585676300578033, ""text_contacts"": 6.427112716763006}, ""seasonal_index"": {""call_contacts"": 0.9009812345063117, ""text_contacts"": 0.9603034448450821}, ""seasonal_reference"": {""call_contacts"": {""n"": 3, ""periods"": [""2022-08-01"", ""2023-08-01"", ""2024-08-01""], ""value"": 15.078756116404842}, ""text_contacts"": {""n"": 3, ""periods"": [""2022-08-01"", ""2023-08-01"", ""2024-08-01""], ""value"": 6.692793565683647}}}"
1123063,2025-08-01,40s,a2_activity_level_v1_22b454887888,"{""adm_cd"": ""1123063"", ""adm_nm"": ""대치4동"", ""age_band"": ""40s"", ""date"": ""2025-08-01"", ""interpretation"": ""retrospective_descriptive_not_risk"", ""quality"": {""call_contacts"": ""ready"", ""text_contacts"": ""ready""}, ""raw"": {""call_contacts"": 16.522107066381153, ""text_contacts"": 7.111798715203427}, ""seasonal_index"": {""call_contacts"": 0.929444023268756, ""text_contacts"": 0.9693304425497015}, ""seasonal_reference"": {""call_contacts"": {""n"": 3, ""periods"": [""2022-08-01"", ""2023-08-01"", ""2024-08-01""], ""value"": 17.776333649738966}, ""text_contacts"": {""n"": 3, ""periods"": [""2022-08-01"", ""2023-08-01"", ""2024-08-01""], ""value"": 7.33681560283688}}}"
1123063,2025-08-01,50s,a2_activity_level_v1_22b454887888,"{""adm_cd"": ""1123063"", ""adm_nm"": ""대치4동"", ""age_band"": ""50s"", ""date"": ""2025-08-01"", ""interpretation"": ""retrospective_descriptive_not_risk"", ""quality"": {""call_contacts"": ""ready"", ""text_contacts"": ""ready""}, ""raw"": {""call_contacts"": 17.23312275985663, ""text_contacts"": 6.653826164874552}, ""seasonal_index"": {""call_contacts"": 0.9233763930484515, ""text_contacts"": 0.9681528618932452}, ""seasonal_reference"": {""call_contacts"": {""n"": 3, ""periods"": [""2022-08-01"", ""2023-08-01"", ""2024-08-01""], ""value"": 18.663161512027493}, ""text_contacts"": {""n"": 3, ""periods"": [""2022-08-01"", ""2023-08-01"", ""2024-08-01""], ""value"": 6.872702056432329}}}"
1123063,2025-08-01,60plus,a2_activity_level_v1_22b454887888,"{""adm_cd"": ""1123063"", ""adm_nm"": ""대치4동"", ""age_band"": ""60plus"", ""date"": ""2025-08-01"", ""interpretation"": ""retrospective_descriptive_not_risk"", ""quality"": {""call_contacts"": ""ready"", ""text_contacts"": ""ready""}, ""raw"": {""call_contacts"": 13.490136947218259, ""text_contacts"": 4.552299572039943}, ""seasonal_index"": {""call_contacts"": 0.9479750751778444, ""text_contacts"": 0.9532703127217339}, ""seasonal_reference"": {""call_contacts"": {""n"": 3, ""periods"": [""2022-08-01"", ""2023-08-01"", ""2024-08-01""], ""value"": 14.23047641277641}, ""text_contacts"": {""n"": 3, ""periods"": [""2022-08-01"", ""2023-08-01"", ""2024-08-01""], ""value"": 4.775455095252495}}}"
1123063,2025-09-01,20s,a2_activity_level_v1_22b454887888,"{""adm_cd"": ""1123063"", ""adm_nm"": ""대치4동"", ""age_band"": ""20s"", ""date"": ""2025-09-01"", ""interpretation"": ""retrospective_descriptive_not_risk"", ""quality"": {""call_contacts"": ""ready"", ""text_contacts"": ""ready""}, ""raw"": {""call_contacts"": 7.919174078780178, ""text_contacts"": 4.363097204574333}, ""seasonal_index"": {""call_contacts"": 0.9010140278598073, ""text_contacts"": 0.9268083703750368}, ""seasonal_reference"": {""call_contacts"": {""n"": 3, ""periods"": [""2022-09-01"", ""2023-09-01"", ""2024-09-01""], ""value"": 8.789179562043795}, ""text_contacts"": {""n"": 3, ""periods"": [""2022-09-01"", ""2023-09-01"", ""2024-09-01""], ""value"": 4.707658394160584}}}"
1123063,2025-09-01,30s,a2_activity_level_v1_22b454887888,"{""adm_cd"": ""1123063"", ""adm_nm"": ""대치4동"", ""age_band"": ""30s"", ""date"": ""2025-09-01"", ""interpretation"": ""retrospective_descriptive_not_risk"", ""quality"": {""call_contacts"": ""ready"", ""text_contacts"": ""ready""}, ""raw"": {""call_contacts"": 13.671775320139698, ""text_contacts"": 6.398961001164145}, ""seasonal_index"": {""call_contacts"": 0.9085088870795217, ""text_contacts"": 0.9490531822196862}, ""seasonal_reference"": {""call_contacts"": {""n"": 3, ""periods"": [""2022-09-01"", ""2023-09-01"", ""2024-09-01""], ""value"": 15.048587322121604}, ""text_contacts"": {""n"": 3, ""periods"": [""2022-09-01"", ""2023-09-01"", ""2024-09-01""], ""value"": 6.74246830530401}}}"
1123063,2025-09-01,40s,a2_activity_level_v1_22b454887888,"{""adm_cd"": ""1123063"", ""adm_nm"": ""대치4동"", ""age_band"": ""40s"", ""date"": ""2025-09-01"", ""interpretation"": ""retrospective_descriptive_not_risk"", ""quality"": {""call_contacts"": ""ready"", ""text_contacts"": ""ready""}, ""raw"": {""call_contacts"": 16.621678383128295, ""text_contacts"": 7.098163444639719}, ""seasonal_index"": {""call_contacts"": 0.9495027912680086, ""text_contacts"": 0.9672282960450229}, ""seasonal_reference"": {""call_contacts"": {""n"": 3, ""periods"": [""2022-09-01"", ""2023-09-01"", ""2024-09-01""], ""value"": 17.505665634674923}, ""text_contacts"": {""n"": 3, ""periods"": [""2022-09-01"", ""2023-09-01"", ""2024-09-01""], ""value"": 7.338663967611335}}}"
1123063,2025-09-01,50s,a2_activity_level_v1_22b454887888,"{""adm_cd"": ""1123063"", ""adm_nm"": ""대치4동"", ""age_band"": ""50s"", ""date"": ""2025-09-01"", ""interpretation"": ""retrospective_descriptive_not_risk"", ""quality"": {""call_contacts"": ""ready"", ""text_contacts"": ""ready""}, ""raw"": {""call_contacts"": 17.184575493345573, ""text_contacts"": 6.616319412574575}, ""seasonal_index"": {""call_contacts"": 0.9333820377597908, ""text_contacts"": 0.9533860628578952}, ""seasonal_reference"": {""call_contacts"": {""n"": 3, ""periods"": [""2022-09-01"", ""2023-09-01"", ""2024-09-01""], ""value"": 18.41108442004118}, ""text_contacts"": {""n"": 3, ""periods"": [""2022-09-01"", ""2023-09-01"", ""2024-09-01""], ""value"": 6.939811342260786}}}"
1123063,2025-09-01,60plus,a2_activity_level_v1_22b454887888,"{""adm_cd"": ""1123063"", ""adm_nm"": ""대치4동"", ""age_band"": ""60plus"", ""date"": ""2025-09-01"", ""interpretation"": ""retrospective_descriptive_not_risk"", ""quality"": {""call_contacts"": ""ready"", ""text_contacts"": ""ready""}, ""raw"": {""call_contacts"": 13.814091295718741, ""text_contacts"": 4.615619506662886}, ""seasonal_index"": {""call_contacts"": 0.9841358672620094, ""text_contacts"": 0.9386943402834627}, ""seasonal_reference"": {""call_contacts"": {""n"": 3, ""periods"": [""2022-09-01"", ""2023-09-01"", ""2024-09-01""], ""value"": 14.036772518159808}, ""text_contacts"": {""n"": 3, ""periods"": [""2022-09-01"", ""2023-09-01"", ""2024-09-01""], ""value"": 4.917063317191283}}}"
1123063,2025-10-01,20s,a2_activity_level_v1_22b454887888,"{""adm_cd"": ""1123063"", ""adm_nm"": ""대치4동"", ""age_band"": ""20s"", ""date"": ""2025-10-01"", ""interpretation"": ""retrospective_descriptive_not_risk"", ""quality"": {""call_contacts"": ""ready"", ""text_contacts"": ""ready""}, ""raw"": {""call_contacts"": 7.689329733163914, ""text_contacts"": 4.289199491740788}, ""seasonal_index"": {""call_contacts"": 0.8780403831319432, ""text_contacts"": 0.8962034759820219}, ""seasonal_reference"": {""call_contacts"": {""n"": 3, ""periods"": [""2022-10-01"", ""2023-10-01"", ""2024-10-01""], ""value"": 8.757375948628138}, ""text_contacts"": {""n"": 3, ""periods"": [""2022-10-01"", ""2023-10-01"", ""2024-10-01""], ""value"": 4.785966141272621}}}"
1123063,2025-10-01,30s,a2_activity_level_v1_22b454887888,"{""adm_cd"": ""1123063"", ""adm_nm"": ""대치4동"", ""age_band"": ""30s"", ""date"": ""2025-10-01"", ""interpretation"": ""retrospective_descriptive_not_risk"", ""quality"": {""call_contacts"": ""ready"", ""text_contacts"": ""ready""}, ""raw"": {""call_contacts"": 13.171135294117647, ""text_contacts"": 6.133314705882353}, ""seasonal_index"": {""call_contacts"": 0.8887948244800141, ""text_contacts"": 0.8996202346358076}, ""seasonal_reference"": {""call_contacts"": {""n"": 3, ""periods"": [""2022-10-01"", ""2023-10-01"", ""2024-10-01""], ""value"": 14.819095399012216}, ""text_contacts"": {""n"": 3, ""periods"": [""2022-10-01"", ""2023-10-01"", ""2024-10-01""], ""value"": 6.817670912399271}}}"
1123063,2025-10-01,40s,a2_activity_level_v1_22b454887888,"{""adm_cd"": ""1123063"", ""adm_nm"": ""대치4동"", ""age_band"": ""40s"", ""date"": ""2025-10-01"", ""interpretation"": ""retrospective_descriptive_not_risk"", ""quality"": {""call_contacts"": ""ready"", ""text_contacts"": ""ready""}, ""raw"": {""call_contacts"": 16.233024498886415, ""text_contacts"": 6.853153674832963}, ""seasonal_index"": {""call_contacts"": 0.9413239426384216, ""text_contacts"": 0.9386563024600135}, ""seasonal_reference"": {""call_contacts"": {""n"": 3, ""periods"": [""2022-10-01"", ""2023-10-01"", ""2024-10-01""], ""value"": 17.244886445135066}, ""text_contacts"": {""n"": 3, ""periods"": [""2022-10-01"", ""2023-10-01"", ""2024-10-01""], ""value"": 7.301025579727469}}}"
1123063,2025-10-01,50s,a2_activity_level_v1_22b454887888,"{""adm_cd"": ""1123063"", ""adm_nm"": ""대치4동"", ""age_band"": ""50s"", ""date"": ""2025-10-01"", ""interpretation"": ""retrospective_descriptive_not_risk"", ""quality"": {""call_contacts"": ""ready"", ""text_contacts"": ""ready""}, ""raw"": {""call_contacts"": 16.384404049700873, ""text_contacts"": 6.419907961343764}, ""seasonal_index"": {""call_contacts"": 0.9036136633719789, ""text_contacts"": 0.9220533735993673}, ""seasonal_reference"": {""call_contacts"": {""n"": 3, ""periods"": [""2022-10-01"", ""2023-10-01"", ""2024-10-01""], ""value"": 18.132089756766014}, ""text_contacts"": {""n"": 3, ""periods"": [""2022-10-01"", ""2023-10-01"", ""2024-10-01""], ""value"": 6.96262076053443}}}"
1123063,2025-10-01,60plus,a2_activity_level_v1_22b454887888,"{""adm_cd"": ""1123063"", ""adm_nm"": ""대치4동"", ""age_band"": ""60plus"", ""date"": ""2025-10-01"", ""interpretation"": ""retrospective_descriptive_not_risk"", ""quality"": {""call_contacts"": ""ready"", ""text_contacts"": ""ready""}, ""raw"": {""call_contacts"": 13.530227338968233, ""text_contacts"": 4.570405129699797}, ""seasonal_index"": {""call_contacts"": 0.9577955448209083, ""text_contacts"": 0.9146554280929237}, ""seasonal_reference"": {""call_contacts"": {""n"": 3, ""periods"": [""2022-10-01"", ""2023-10-01"", ""2024-10-01""], ""value"": 14.126425427775567}, ""text_contacts"": {""n"": 3, ""periods"": [""2022-10-01"", ""2023-10-01"", ""2024-10-01""], ""value"": 4.996860007958615}}}"
1123063,2025-11-01,20s,a2_activity_level_v1_22b454887888,"{""adm_cd"": ""1123063"", ""adm_nm"": ""대치4동"", ""age_band"": ""20s"", ""date"": ""2025-11-01"", ""interpretation"": ""retrospective_descriptive_not_risk"", ""quality"": {""call_contacts"": ""ready"", ""text_contacts"": ""ready""}, ""raw"": {""call_contacts"": 7.926994917407878, ""text_contacts"": 4.243233799237611}, ""seasonal_index"": {""call_contacts"": 0.8925802352481788, ""text_contacts"": 0.86362123169104}, ""seasonal_reference"": {""call_contacts"": {""n"": 3, ""periods"": [""2022-11-01"", ""2023-11-01"", ""2024-11-01""], ""value"": 8.880988626421697}, ""text_contacts"": {""n"": 3, ""periods"": [""2022-11-01"", ""2023-11-01"", ""2024-11-01""], ""value"": 4.913304170312045}}}"
1123063,2025-11-01,30s,a2_activity_level_v1_22b454887888,"{""adm_cd"": ""1123063"", ""adm_nm"": ""대치4동"", ""age_band"": ""30s"", ""date"": ""2025-11-01"", ""interpretation"": ""retrospective_descriptive_not_risk"", ""quality"": {""call_contacts"": ""ready"", ""text_contacts"": ""ready""}, ""raw"": {""call_contacts"": 12.996493317838466, ""text_contacts"": 5.933852411388727}, ""seasonal_index"": {""call_contacts"": 0.8710132159743839, ""text_contacts"": 0.8688874934415325}, ""seasonal_reference"": {""call_contacts"": {""n"": 3, ""periods"": [""2022-11-01"", ""2023-11-01"", ""2024-11-01""], ""value"": 14.92112068965517}, ""text_contacts"": {""n"": 3, ""periods"": [""2022-11-01"", ""2023-11-01"", ""2024-11-01""], ""value"": 6.829252873563218}}}"
1123063,2025-11-01,40s,a2_activity_level_v1_22b454887888,"{""adm_cd"": ""1123063"", ""adm_nm"": ""대치4동"", ""age_band"": ""40s"", ""date"": ""2025-11-01"", ""interpretation"": ""retrospective_descriptive_not_risk"", ""quality"": {""call_contacts"": ""ready"", ""text_contacts"": ""ready""}, ""raw"": {""call_contacts"": 16.04060725207514, ""text_contacts"": 6.677575360419397}, ""seasonal_index"": {""call_contacts"": 0.9069047987223573, ""text_contacts"": 0.9010880127511983}, ""seasonal_reference"": {""call_contacts"": {""n"": 3, ""periods"": [""2022-11-01"", ""2023-11-01"", ""2024-11-01""], ""value"": 17.68720076757016}, ""text_contacts"": {""n"": 3, ""periods"": [""2022-11-01"", ""2023-11-01"", ""2024-11-01""], ""value"": 7.410569518100069}}}"
1123063,2025-11-01,50s,a2_activity_level_v1_22b454887888,"{""adm_cd"": ""1123063"", ""adm_nm"": ""대치4동"", ""age_band"": ""50s"", ""date"": ""2025-11-01"", ""interpretation"": ""retrospective_descriptive_not_risk"", ""quality"": {""call_contacts"": ""ready"", ""text_contacts"": ""ready""}, ""raw"": {""call_contacts"": 16.629617863720075, ""text_contacts"": 6.334935543278084}, ""seasonal_index"": {""call_contacts"": 0.9260326965761891, ""text_contacts"": 0.9092093303011736}, ""seasonal_reference"": {""call_contacts"": {""n"": 3, ""periods"": [""2022-11-01"", ""2023-11-01"", ""2024-11-01""], ""value"": 17.957916524119057}, ""text_contacts"": {""n"": 3, ""periods"": [""2022-11-01"", ""2023-11-01"", ""2024-11-01""], ""value"": 6.967521485046409}}}"
1123063,2025-11-01,60plus,a2_activity_level_v1_22b454887888,"{""adm_cd"": ""1123063"", ""adm_nm"": ""대치4동"", ""age_band"": ""60plus"", ""date"": ""2025-11-01"", ""interpretation"": ""retrospective_descriptive_not_risk"", ""quality"": {""call_contacts"": ""ready"", ""text_contacts"": ""ready""}, ""raw"": {""call_contacts"": 13.793995966580239, ""text_contacts"": 4.545306828003457}, ""seasonal_index"": {""call_contacts"": 0.9663846554188926, ""text_contacts"": 0.900345911215522}, ""seasonal_reference"": {""call_contacts"": {""n"": 3, ""periods"": [""2022-11-01"", ""2023-11-01"", ""2024-11-01""], ""value"": 14.27381518242448}, ""text_contacts"": {""n"": 3, ""periods"": [""2022-11-01"", ""2023-11-01"", ""2024-11-01""], ""value"": 5.048400588466065}}}"
1123063,2025-12-01,20s,a2_activity_level_v1_22b454887888,"{""adm_cd"": ""1123063"", ""adm_nm"": ""대치4동"", ""age_band"": ""20s"", ""date"": ""2025-12-01"", ""interpretation"": ""retrospective_descriptive_not_risk"", ""quality"": {""call_contacts"": ""ready"", ""text_contacts"": ""ready""}, ""raw"": {""call_contacts"": 7.971203939008894, ""text_contacts"": 4.071451715374841}, ""seasonal_index"": {""call_contacts"": 0.8459259576560552, ""text_contacts"": 0.8229334268121877}, ""seasonal_reference"": {""call_contacts"": {""n"": 3, ""periods"": [""2022-12-01"", ""2023-12-01"", ""2024-12-01""], ""value"": 9.423051588458176}, ""text_contacts"": {""n"": 3, ""periods"": [""2022-12-01"", ""2023-12-01"", ""2024-12-01""], ""value"": 4.94748613037448}}}"
1123063,2025-12-01,30s,a2_activity_level_v1_22b454887888,"{""adm_cd"": ""1123063"", ""adm_nm"": ""대치4동"", ""age_band"": ""30s"", ""date"": ""2025-12-01"", ""interpretation"": ""retrospective_descriptive_not_risk"", ""quality"": {""call_contacts"": ""ready"", ""text_contacts"": ""ready""}, ""raw"": {""call_contacts"": 13.259595930232559, ""text_contacts"": 5.825601744186047}, ""seasonal_index"": {""call_contacts"": 0.8922961633057052, ""text_contacts"": 0.855684258699424}, ""seasonal_reference"": {""call_contacts"": {""n"": 3, ""periods"": [""2022-12-01"", ""2023-12-01"", ""2024-12-01""], ""value"": 14.860083989501314}, ""text_contacts"": {""n"": 3, ""periods"": [""2022-12-01"", ""2023-12-01"", ""2024-12-01""], ""value"": 6.808120734908137}}}"
1123063,2025-12-01,40s,a2_activity_level_v1_22b454887888,"{""adm_cd"": ""1123063"", ""adm_nm"": ""대치4동"", ""age_band"": ""40s"", ""date"": ""2025-12-01"", ""interpretation"": ""retrospective_descriptive_not_risk"", ""quality"": {""call_contacts"": ""ready"", ""text_contacts"": ""ready""}, ""raw"": {""call_contacts"": 16.03404302019315, ""text_contacts"": 6.454640035118525}, ""seasonal_index"": {""call_contacts"": 0.906248520572718, ""text_contacts"": 0.8592608446291786}, ""seasonal_reference"": {""call_contacts"": {""n"": 3, ""periods"": [""2022-12-01"", ""2023-12-01"", ""2024-12-01""], ""value"": 17.692766008666347}, ""text_contacts"": {""n"": 3, ""periods"": [""2022-12-01"", ""2023-12-01"", ""2024-12-01""], ""value"": 7.51185169842585}}}"
1123063,2025-12-01,50s,a2_activity_level_v1_22b454887888,"{""adm_cd"": ""1123063"", ""adm_nm"": ""대치4동"", ""age_band"": ""50s"", ""date"": ""2025-12-01"", ""interpretation"": ""retrospective_descriptive_not_risk"", ""quality"": {""call_contacts"": ""ready"", ""text_contacts"": ""ready""}, ""raw"": {""call_contacts"": 16.643163737280293, ""text_contacts"": 6.164606845513413}, ""seasonal_index"": {""call_contacts"": 0.9096936937149916, ""text_contacts"": 0.8767982536357996}, ""seasonal_reference"": {""call_contacts"": {""n"": 3, ""periods"": [""2022-12-01"", ""2023-12-01"", ""2024-12-01""], ""value"": 18.295349140338903}, ""text_contacts"": {""n"": 3, ""periods"": [""2022-12-01"", ""2023-12-01"", ""2024-12-01""], ""value"": 7.030815606612784}}}"
1123063,2025-12-01,60plus,a2_activity_level_v1_22b454887888,"{""adm_cd"": ""1123063"", ""adm_nm"": ""대치4동"", ""age_band"": ""60plus"", ""date"": ""2025-12-01"", ""interpretation"": ""retrospective_descriptive_not_risk"", ""quality"": {""call_contacts"": ""ready"", ""text_contacts"": ""ready""}, ""raw"": {""call_contacts"": 13.72747063878545, ""text_contacts"": 4.455620166141506}, ""seasonal_index"": {""call_contacts"": 0.9526898888972135, ""text_contacts"": 0.8788691759519356}, ""seasonal_reference"": {""call_contacts"": {""n"": 3, ""periods"": [""2022-12-01"", ""2023-12-01"", ""2024-12-01""], ""value"": 14.409170075978961}, ""text_contacts"": {""n"": 3, ""periods"": [""2022-12-01"", ""2023-12-01"", ""2024-12-01""], ""value"": 5.069719462302747}}}"
1123064,2025-07-01,20s,a2_activity_level_v1_22b454887888,"{""adm_cd"": ""1123064"", ""adm_nm"": ""역삼1동"", ""age_band"": ""20s"", ""date"": ""2025-07-01"", ""interpretation"": ""retrospective_descriptive_not_risk"", ""quality"": {""call_contacts"": ""ready"", ""text_contacts"": ""ready""}, ""raw"": {""call_contacts"": 10.358103878116344, ""text_contacts"": 5.166779778393351}, ""seasonal_index"": {""call_contacts"": 0.8793474085552271, ""text_contacts"": 0.9129254221218696}, ""seasonal_reference"": {""call_contacts"": {""n"": 3, ""periods"": [""2022-07-01"", ""2023-07-01"", ""2024-07-01""], ""value"": 11.779307901907357}, ""text_contacts"": {""n"": 3, ""periods"": [""2022-07-01"", ""2023-07-01"", ""2024-07-01""], ""value"": 5.659585825076979}}}"
1123064,2025-07-01,30s,a2_activity_level_v1_22b454887888,"{""adm_cd"": ""1123064"", ""adm_nm"": ""역삼1동"", ""age_band"": ""30s"", ""date"": ""2025-07-01"", ""interpretation"": ""retrospective_descriptive_not_risk"", ""quality"": {""call_contacts"": ""ready"", ""text_contacts"": ""ready""}, ""raw"": {""call_contacts"": 14.20103581800581, ""text_contacts"": 6.321924491771539}, ""seasonal_index"": {""call_contacts"": 0.936459607540883, ""text_contacts"": 0.9476149766541184}, ""seasonal_reference"": {""call_contacts"": {""n"": 3, ""periods"": [""2022-07-01"", ""2023-07-01"", ""2024-07-01""], ""value"": 15.164600484261502}, ""text_contacts"": {""n"": 3, ""periods"": [""2022-07-01"", ""2023-07-01"", ""2024-07-01""], ""value"": 6.671406264697582}}}"
1123064,2025-07-01,40s,a2_activity_level_v1_22b454887888,"{""adm_cd"": ""1123064"", ""adm_nm"": ""역삼1동"", ""age_band"": ""40s"", ""date"": ""2025-07-01"", ""interpretation"": ""retrospective_descriptive_not_risk"", ""quality"": {""call_contacts"": ""ready"", ""text_contacts"": ""ready""}, ""raw"": {""call_contacts"": 16.789788546255508, ""text_contacts"": 6.875242290748899}, ""seasonal_index"": {""call_contacts"": 0.9540058168229741, ""text_contacts"": 0.9767974046427389}, ""seasonal_reference"": {""call_contacts"": {""n"": 3, ""periods"": [""2022-07-01"", ""2023-07-01"", ""2024-07-01""], ""value"": 17.599251755265797}, ""text_contacts"": {""n"": 3, ""periods"": [""2022-07-01"", ""2023-07-01"", ""2024-07-01""], ""value"": 7.038555035128805}}}"
1123064,2025-07-01,50s,a2_activity_level_v1_22b454887888,"{""adm_cd"": ""1123064"", ""adm_nm"": ""역삼1동"", ""age_band"": ""50s"", ""date"": ""2025-07-01"", ""interpretation"": ""retrospective_descriptive_not_risk"", ""quality"": {""call_contacts"": ""ready"", ""text_contacts"": ""ready""}, ""raw"": {""call_contacts"": 17.350551337074943, ""text_contacts"": 6.317603169362826}, ""seasonal_index"": {""call_contacts"": 0.9329603051556745, ""text_contacts"": 0.9517916390782029}, ""seasonal_reference"": {""call_contacts"": {""n"": 3, ""periods"": [""2022-07-01"", ""2023-07-01"", ""2024-07-01""], ""value"": 18.59730927585372}, ""text_contacts"": {""n"": 3, ""periods"": [""2022-07-01"", ""2023-07-01"", ""2024-07-01""], ""value"": 6.637590529247912}}}"
1123064,2025-07-01,60plus,a2_activity_level_v1_22b454887888,"{""adm_cd"": ""1123064"", ""adm_nm"": ""역삼1동"", ""age_band"": ""60plus"", ""date"": ""2025-07-01"", ""interpretation"": ""retrospective_descriptive_not_risk"", ""quality"": {""call_contacts"": ""ready"", ""text_contacts"": ""ready""}, ""raw"": {""call_contacts"": 14.668953171989115, ""text_contacts"": 4.902408706859516}, ""seasonal_index"": {""call_contacts"": 0.9153710431890372, ""text_contacts"": 0.9225002945945606}, ""seasonal_reference"": {""call_contacts"": {""n"": 3, ""periods"": [""2022-07-01"", ""2023-07-01"", ""2024-07-01""], ""value"": 16.02514442764579}, ""text_contacts"": {""n"": 3, ""periods"": [""2022-07-01"", ""2023-07-01"", ""2024-07-01""], ""value"": 5.314262483801295}}}"
1123064,2025-08-01,20s,a2_activity_level_v1_22b454887888,"{""adm_cd"": ""1123064"", ""adm_nm"": ""역삼1동"", ""age_band"": ""20s"", ""date"": ""2025-08-01"", ""interpretation"": ""retrospective_descriptive_not_risk"", ""quality"": {""call_contacts"": ""ready"", ""text_contacts"": ""ready""}, ""raw"": {""call_contacts"": 10.377030453355381, ""text_contacts"": 5.146003858343668}, ""seasonal_index"": {""call_contacts"": 0.9022455104614534, ""text_contacts"": 0.9000597379768855}, ""seasonal_reference"": {""call_contacts"": {""n"": 3, ""periods"": [""2022-08-01"", ""2023-08-01"", ""2024-08-01""], ""value"": 11.501337865397689}, ""text_contacts"": {""n"": 3, ""periods"": [""2022-08-01"", ""2023-08-01"", ""2024-08-01""], ""value"": 5.71740256920127}}}"
1123064,2025-08-01,30s,a2_activity_level_v1_22b454887888,"{""adm_cd"": ""1123064"", ""adm_nm"": ""역삼1동"", ""age_band"": ""30s"", ""date"": ""2025-08-01"", ""interpretation"": ""retrospective_descriptive_not_risk"", ""quality"": {""call_contacts"": ""ready"", ""text_contacts"": ""ready""}, ""raw"": {""call_contacts"": 13.812424598511557, ""text_contacts"": 6.184020759890325}, ""seasonal_index"": {""call_contacts"": 0.9249039214139297, ""text_contacts"": 0.9418297484315326}, ""seasonal_reference"": {""call_contacts"": {""n"": 3, ""periods"": [""2022-08-01"", ""2023-08-01"", ""2024-08-01""], ""value"": 14.93390208292778}, ""text_contacts"": {""n"": 3, ""periods"": [""2022-08-01"", ""2023-08-01"", ""2024-08-01""], ""value"": 6.565964570761145}}}"
1123064,2025-08-01,40s,a2_activity_level_v1_22b454887888,"{""adm_cd"": ""1123064"", ""adm_nm"": ""역삼1동"", ""age_band"": ""40s"", ""date"": ""2025-08-01"", ""interpretation"": ""retrospective_descriptive_not_risk"", ""quality"": {""call_contacts"": ""ready"", ""text_contacts"": ""ready""}, ""raw"": {""call_contacts"": 16.304100322135294, ""text_contacts"": 6.737510354348827}, ""seasonal_index"": {""call_contacts"": 0.9271541064655887, ""text_contacts"": 0.957145071358458}, ""seasonal_reference"": {""call_contacts"": {""n"": 3, ""periods"": [""2022-08-01"", ""2023-08-01"", ""2024-08-01""], ""value"": 17.585102852306054}, ""text_contacts"": {""n"": 3, ""periods"": [""2022-08-01"", ""2023-08-01"", ""2024-08-01""], ""value"": 7.039173638314206}}}"
1123064,2025-08-01,50s,a2_activity_level_v1_22b454887888,"{""adm_cd"": ""1123064"", ""adm_nm"": ""역삼1동"", ""age_band"": ""50s"", ""date"": ""2025-08-01"", ""interpretation"": ""retrospective_descriptive_not_risk"", ""quality"": {""call_contacts"": ""ready"", ""text_contacts"": ""ready""}, ""raw"": {""call_contacts"": 17.08364543889845, ""text_contacts"": 6.290812392426851}, ""seasonal_index"": {""call_contacts"": 0.9294738988685691, ""text_contacts"": 0.9594844596534131}, ""seasonal_reference"": {""call_contacts"": {""n"": 3, ""periods"": [""2022-08-01"", ""2023-08-01"", ""2024-08-01""], ""value"": 18.379908741594623}, ""text_contacts"": {""n"": 3, ""periods"": [""2022-08-01"", ""2023-08-01"", ""2024-08-01""], ""value"": 6.556450528338136}}}"
1123064,2025-08-01,60plus,a2_activity_level_v1_22b454887888,"{""adm_cd"": ""1123064"", ""adm_nm"": ""역삼1동"", ""age_band"": ""60plus"", ""date"": ""2025-08-01"", ""interpretation"": ""retrospective_descriptive_not_risk"", ""quality"": {""call_contacts"": ""ready"", ""text_contacts"": ""ready""}, ""raw"": {""call_contacts"": 14.205085648481358, ""text_contacts"": 4.79904994961854}, ""seasonal_index"": {""call_contacts"": 0.9111666263760936, ""text_contacts"": 0.9348412985512442}, ""seasonal_reference"": {""call_contacts"": {""n"": 3, ""periods"": [""2022-08-01"", ""2023-08-01"", ""2024-08-01""], ""value"": 15.589997742759797}, ""text_contacts"": {""n"": 3, ""periods"": [""2022-08-01"", ""2023-08-01"", ""2024-08-01""], ""value"": 5.133545080919931}}}"
1123064,2025-09-01,20s,a2_activity_level_v1_22b454887888,"{""adm_cd"": ""1123064"", ""adm_nm"": ""역삼1동"", ""age_band"": ""20s"", ""date"": ""2025-09-01"", ""interpretation"": ""retrospective_descriptive_not_risk"", ""quality"": {""call_contacts"": ""ready"", ""text_contacts"": ""ready""}, ""raw"": {""call_contacts"": 10.39966405066777, ""text_contacts"": 5.151606774060306}, ""seasonal_index"": {""call_contacts"": 0.9254646670947596, ""text_contacts"": 0.8959323891575508}, ""seasonal_reference"": {""call_contacts"": {""n"": 3, ""periods"": [""2022-09-01"", ""2023-09-01"", ""2024-09-01""], ""value"": 11.237235110568445}, ""text_contacts"": {""n"": 3, ""periods"": [""2022-09-01"", ""2023-09-01"", ""2024-09-01""], ""value"": 5.74999501793253}}}"
1123064,2025-09-01,30s,a2_activity_level_v1_22b454887888,"{""adm_cd"": ""1123064"", ""adm_nm"": ""역삼1동"", ""age_band"": ""30s"", ""date"": ""2025-09-01"", ""interpretation"": ""retrospective_descriptive_not_risk"", ""quality"": {""call_contacts"": ""ready"", ""text_contacts"": ""ready""}, ""raw"": {""call_contacts"": 13.887036891679749, ""text_contacts"": 6.222093799058084}, ""seasonal_index"": {""call_contacts"": 0.9250284966233814, ""text_contacts"": 0.9341634131340512}, ""seasonal_reference"": {""call_contacts"": {""n"": 3, ""periods"": [""2022-09-01"", ""2023-09-01"", ""2024-09-01""], ""value"": 15.012550361822804}, ""text_contacts"": {""n"": 3, ""periods"": [""2022-09-01"", ""2023-09-01"", ""2024-09-01""], ""value"": 6.660605319773128}}}"
1123064,2025-09-01,40s,a2_activity_level_v1_22b454887888,"{""adm_cd"": ""1123064"", ""adm_nm"": ""역삼1동"", ""age_band"": ""40s"", ""date"": ""2025-09-01"", ""interpretation"": ""retrospective_descriptive_not_risk"", ""quality"": {""call_contacts"": ""ready"", ""text_contacts"": ""ready""}, ""raw"": {""call_contacts"": 16.66084114285714, ""text_contacts"": 6.82816}, ""seasonal_index"": {""call_contacts"": 0.9494387718075453, ""text_contacts"": 0.9634796803812579}, ""seasonal_reference"": {""call_contacts"": {""n"": 3, ""periods"": [""2022-09-01"", ""2023-09-01"", ""2024-09-01""], ""value"": 17.54809434539751}, ""text_contacts"": {""n"": 3, ""periods"": [""2022-09-01"", ""2023-09-01"", ""2024-09-01""], ""value"": 7.086978728288315}}}"
1123064,2025-09-01,50s,a2_activity_level_v1_22b454887888,"{""adm_cd"": ""1123064"", ""adm_nm"": ""역삼1동"", ""age_band"": ""50s"", ""date"": ""2025-09-01"", ""interpretation"": ""retrospective_descriptive_not_risk"", ""quality"": {""call_contacts"": ""ready"", ""text_contacts"": ""ready""}, ""raw"": {""call_contacts"": 17.355003408316293, ""text_contacts"": 6.329846625766871}, ""seasonal_index"": {""call_contacts"": 0.9586296668880522, ""text_contacts"": 0.9477434152669068}, ""seasonal_reference"": {""call_contacts"": {""n"": 3, ""periods"": [""2022-09-01"", ""2023-09-01"", ""2024-09-01""], ""value"": 18.10397070711874}, ""text_contacts"": {""n"": 3, ""periods"": [""2022-09-01"", ""2023-09-01"", ""2024-09-01""], ""value"": 6.678861096580912}}}"
1123064,2025-09-01,60plus,a2_activity_level_v1_22b454887888,"{""adm_cd"": ""1123064"", ""adm_nm"": ""역삼1동"", ""age_band"": ""60plus"", ""date"": ""2025-09-01"", ""interpretation"": ""retrospective_descriptive_not_risk"", ""quality"": {""call_contacts"": ""ready"", ""text_contacts"": ""ready""}, ""raw"": {""call_contacts"": 14.448285551276564, ""text_contacts"": 4.835370132648695}, ""seasonal_index"": {""call_contacts"": 0.9348878504717992, ""text_contacts"": 0.9106084684198978}, ""seasonal_reference"": {""call_contacts"": {""n"": 3, ""periods"": [""2022-09-01"", ""2023-09-01"", ""2024-09-01""], ""value"": 15.454565533165407}, ""text_contacts"": {""n"": 3, ""periods"": [""2022-09-01"", ""2023-09-01"", ""2024-09-01""], ""value"": 5.310043010075566}}}"
1123064,2025-10-01,20s,a2_activity_level_v1_22b454887888,"{""adm_cd"": ""1123064"", ""adm_nm"": ""역삼1동"", ""age_band"": ""20s"", ""date"": ""2025-10-01"", ""interpretation"": ""retrospective_descriptive_not_risk"", ""quality"": {""call_contacts"": ""ready"", ""text_contacts"": ""ready""}, ""raw"": {""call_contacts"": 10.370709278350514, ""text_contacts"": 5.076042611683849}, ""seasonal_index"": {""call_contacts"": 0.9394989911206909, ""text_contacts"": 0.8845797860948572}, ""seasonal_reference"": {""call_contacts"": {""n"": 3, ""periods"": [""2022-10-01"", ""2023-10-01"", ""2024-10-01""], ""value"": 11.038552863137946}, ""text_contacts"": {""n"": 3, ""periods"": [""2022-10-01"", ""2023-10-01"", ""2024-10-01""], ""value"": 5.738366048463517}}}"
1123064,2025-10-01,30s,a2_activity_level_v1_22b454887888,"{""adm_cd"": ""1123064"", ""adm_nm"": ""역삼1동"", ""age_band"": ""30s"", ""date"": ""2025-10-01"", ""interpretation"": ""retrospective_descriptive_not_risk"", ""quality"": {""call_contacts"": ""ready"", ""text_contacts"": ""ready""}, ""raw"": {""call_contacts"": 13.325278356653765, ""text_contacts"": 5.969023518904437}, ""seasonal_index"": {""call_contacts"": 0.9119989836748057, ""text_contacts"": 0.8982553152851076}, ""seasonal_reference"": {""call_contacts"": {""n"": 3, ""periods"": [""2022-10-01"", ""2023-10-01"", ""2024-10-01""], ""value"": 14.611067112115556}, ""text_contacts"": {""n"": 3, ""periods"": [""2022-10-01"", ""2023-10-01"", ""2024-10-01""], ""value"": 6.645130195538959}}}"
1123064,2025-10-01,40s,a2_activity_level_v1_22b454887888,"{""adm_cd"": ""1123064"", ""adm_nm"": ""역삼1동"", ""age_band"": ""40s"", ""date"": ""2025-10-01"", ""interpretation"": ""retrospective_descriptive_not_risk"", ""quality"": {""call_contacts"": ""ready"", ""text_contacts"": ""ready""}, ""raw"": {""call_contacts"": 15.885592405671712, ""text_contacts"": 6.484381158375391}, ""seasonal_index"": {""call_contacts"": 0.9218024415334869, ""text_contacts"": 0.9076172148794002}, ""seasonal_reference"": {""call_contacts"": {""n"": 3, ""periods"": [""2022-10-01"", ""2023-10-01"", ""2024-10-01""], ""value"": 17.23318543097461}, ""text_contacts"": {""n"": 3, ""periods"": [""2022-10-01"", ""2023-10-01"", ""2024-10-01""], ""value"": 7.144400802531059}}}"
1123064,2025-10-01,50s,a2_activity_level_v1_22b454887888,"{""adm_cd"": ""1123064"", ""adm_nm"": ""역삼1동"", ""age_band"": ""50s"", ""date"": ""2025-10-01"", ""interpretation"": ""retrospective_descriptive_not_risk"", ""quality"": {""call_contacts"": ""ready"", ""text_contacts"": ""ready""}, ""raw"": {""call_contacts"": 16.812024320457795, ""text_contacts"": 6.136140915593706}, ""seasonal_index"": {""call_contacts"": 0.9325579579177392, ""text_contacts"": 0.9184305168336652}, ""seasonal_reference"": {""call_contacts"": {""n"": 3, ""periods"": [""2022-10-01"", ""2023-10-01"", ""2024-10-01""], ""value"": 18.027860014187752}, ""text_contacts"": {""n"": 3, ""periods"": [""2022-10-01"", ""2023-10-01"", ""2024-10-01""], ""value"": 6.681116103097659}}}"
1123064,2025-10-01,60plus,a2_activity_level_v1_22b454887888,"{""adm_cd"": ""1123064"", ""adm_nm"": ""역삼1동"", ""age_band"": ""60plus"", ""date"": ""2025-10-01"", ""interpretation"": ""retrospective_descriptive_not_risk"", ""quality"": {""call_contacts"": ""ready"", ""text_contacts"": ""ready""}, ""raw"": {""call_contacts"": 14.141482077542063, ""text_contacts"": 4.734756400877835}, ""seasonal_index"": {""call_contacts"": 0.9217301032946771, ""text_contacts"": 0.8931744182819834}, ""seasonal_reference"": {""call_contacts"": {""n"": 3, ""periods"": [""2022-10-01"", ""2023-10-01"", ""2024-10-01""], ""value"": 15.342324208566108}, ""text_contacts"": {""n"": 3, ""periods"": [""2022-10-01"", ""2023-10-01"", ""2024-10-01""], ""value"": 5.301043451272502}}}"
1123064,2025-11-01,20s,a2_activity_level_v1_22b454887888,"{""adm_cd"": ""1123064"", ""adm_nm"": ""역삼1동"", ""age_band"": ""20s"", ""date"": ""2025-11-01"", ""interpretation"": ""retrospective_descriptive_not_risk"", ""quality"": {""call_contacts"": ""ready"", ""text_contacts"": ""ready""}, ""raw"": {""call_contacts"": 10.249677907777013, ""text_contacts"": 4.92989125946318}, ""seasonal_index"": {""call_contacts"": 0.9263394769301125, ""text_contacts"": 0.8536545344054993}, ""seasonal_reference"": {""call_contacts"": {""n"": 3, ""periods"": [""2022-11-01"", ""2023-11-01"", ""2024-11-01""], ""value"": 11.064710252600298}, ""text_contacts"": {""n"": 3, ""periods"": [""2022-11-01"", ""2023-11-01"", ""2024-11-01""], ""value"": 5.775042550317439}}}"
1123064,2025-11-01,30s,a2_activity_level_v1_22b454887888,"{""adm_cd"": ""1123064"", ""adm_nm"": ""역삼1동"", ""age_band"": ""30s"", ""date"": ""2025-11-01"", ""interpretation"": ""retrospective_descriptive_not_risk"", ""quality"": {""call_contacts"": ""ready"", ""text_contacts"": ""ready""}, ""raw"": {""call_contacts"": 13.362584833284155, ""text_contacts"": 5.872344841152749}, ""seasonal_index"": {""call_contacts"": 0.9179390362262364, ""text_contacts"": 0.8796648560842089}, ""seasonal_reference"": {""call_contacts"": {""n"": 3, ""periods"": [""2022-11-01"", ""2023-11-01"", ""2024-11-01""], ""value"": 14.557159360189575}, ""text_contacts"": {""n"": 3, ""periods"": [""2022-11-01"", ""2023-11-01"", ""2024-11-01""], ""value"": 6.675661532385465}}}"
1123064,2025-11-01,40s,a2_activity_level_v1_22b454887888,"{""adm_cd"": ""1123064"", ""adm_nm"": ""역삼1동"", ""age_band"": ""40s"", ""date"": ""2025-11-01"", ""interpretation"": ""retrospective_descriptive_not_risk"", ""quality"": {""call_contacts"": ""ready"", ""text_contacts"": ""ready""}, ""raw"": {""call_contacts"": 16.08600559962669, ""text_contacts"": 6.429780681287914}, ""seasonal_index"": {""call_contacts"": 0.9204010573004378, ""text_contacts"": 0.8932909686393977}, ""seasonal_reference"": {""call_contacts"": {""n"": 3, ""periods"": [""2022-11-01"", ""2023-11-01"", ""2024-11-01""], ""value"": 17.477169840294838}, ""text_contacts"": {""n"": 3, ""periods"": [""2022-11-01"", ""2023-11-01"", ""2024-11-01""], ""value"": 7.197857033169534}}}"
1123064,2025-11-01,50s,a2_activity_level_v1_22b454887888,"{""adm_cd"": ""1123064"", ""adm_nm"": ""역삼1동"", ""age_band"": ""50s"", ""date"": ""2025-11-01"", ""interpretation"": ""retrospective_descriptive_not_risk"", ""quality"": {""call_contacts"": ""ready"", ""text_contacts"": ""ready""}, ""raw"": {""call_contacts"": 17.09640344827586, ""text_contacts"": 6.0617}, ""seasonal_index"": {""call_contacts"": 0.9353822158478676, ""text_contacts"": 0.8951024111742425}, ""seasonal_reference"": {""call_contacts"": {""n"": 3, ""periods"": [""2022-11-01"", ""2023-11-01"", ""2024-11-01""], ""value"": 18.2774518893103}, ""text_contacts"": {""n"": 3, ""periods"": [""2022-11-01"", ""2023-11-01"", ""2024-11-01""], ""value"": 6.772074261366297}}}"
1123064,2025-11-01,60plus,a2_activity_level_v1_22b454887888,"{""adm_cd"": ""1123064"", ""adm_nm"": ""역삼1동"", ""age_band"": ""60plus"", ""date"": ""2025-11-01"", ""interpretation"": ""retrospective_descriptive_not_risk"", ""quality"": {""call_contacts"": ""ready"", ""text_contacts"": ""ready""}, ""raw"": {""call_contacts"": 14.405681917848268, ""text_contacts"": 4.710086244701067}, ""seasonal_index"": {""call_contacts"": 0.9298080760128937, ""text_contacts"": 0.880935372339213}, ""seasonal_reference"": {""call_contacts"": {""n"": 3, ""periods"": [""2022-11-01"", ""2023-11-01"", ""2024-11-01""], ""value"": 15.493177882064883}, ""text_contacts"": {""n"": 3, ""periods"": [""2022-11-01"", ""2023-11-01"", ""2024-11-01""], ""value"": 5.346687614772495}}}"
1123064,2025-12-01,20s,a2_activity_level_v1_22b454887888,"{""adm_cd"": ""1123064"", ""adm_nm"": ""역삼1동"", ""age_band"": ""20s"", ""date"": ""2025-12-01"", ""interpretation"": ""retrospective_descriptive_not_risk"", ""quality"": {""call_contacts"": ""ready"", ""text_contacts"": ""ready""}, ""raw"": {""call_contacts"": 10.42577254687286, ""text_contacts"": 4.708797043930478}, ""seasonal_index"": {""call_contacts"": 0.9251078813859412, ""text_contacts"": 0.816770320414093}, ""seasonal_reference"": {""call_contacts"": {""n"": 3, ""periods"": [""2022-12-01"", ""2023-12-01"", ""2024-12-01""], ""value"": 11.26979107696455}, ""text_contacts"": {""n"": 3, ""periods"": [""2022-12-01"", ""2023-12-01"", ""2024-12-01""], ""value"": 5.76514220245316}}}"
1123064,2025-12-01,30s,a2_activity_level_v1_22b454887888,"{""adm_cd"": ""1123064"", ""adm_nm"": ""역삼1동"", ""age_band"": ""30s"", ""date"": ""2025-12-01"", ""interpretation"": ""retrospective_descriptive_not_risk"", ""quality"": {""call_contacts"": ""ready"", ""text_contacts"": ""ready""}, ""raw"": {""call_contacts"": 13.550797940797942, ""text_contacts"": 5.687528957528958}, ""seasonal_index"": {""call_contacts"": 0.9204566964645685, ""text_contacts"": 0.8461587735672826}, ""seasonal_reference"": {""call_contacts"": {""n"": 3, ""periods"": [""2022-12-01"", ""2023-12-01"", ""2024-12-01""], ""value"": 14.721820149547424}, ""text_contacts"": {""n"": 3, ""periods"": [""2022-12-01"", ""2023-12-01"", ""2024-12-01""], ""value"": 6.721585989767807}}}"
1123064,2025-12-01,40s,a2_activity_level_v1_22b454887888,"{""adm_cd"": ""1123064"", ""adm_nm"": ""역삼1동"", ""age_band"": ""40s"", ""date"": ""2025-12-01"", ""interpretation"": ""retrospective_descriptive_not_risk"", ""quality"": {""call_contacts"": ""ready"", ""text_contacts"": ""ready""}, ""raw"": {""call_contacts"": 16.235056831361632, ""text_contacts"": 6.230730688935282}, ""seasonal_index"": {""call_contacts"": 0.9180791045826769, ""text_contacts"": 0.860581029850567}, ""seasonal_reference"": {""call_contacts"": {""n"": 3, ""periods"": [""2022-12-01"", ""2023-12-01"", ""2024-12-01""], ""value"": 17.683723276483303}, ""text_contacts"": {""n"": 3, ""periods"": [""2022-12-01"", ""2023-12-01"", ""2024-12-01""], ""value"": 7.240144126831611}}}"
1123064,2025-12-01,50s,a2_activity_level_v1_22b454887888,"{""adm_cd"": ""1123064"", ""adm_nm"": ""역삼1동"", ""age_band"": ""50s"", ""date"": ""2025-12-01"", ""interpretation"": ""retrospective_descriptive_not_risk"", ""quality"": {""call_contacts"": ""ready"", ""text_contacts"": ""ready""}, ""raw"": {""call_contacts"": 17.194642490591857, ""text_contacts"": 5.878046527540199}, ""seasonal_index"": {""call_contacts"": 0.9315896351993277, ""text_contacts"": 0.8745382849463799}, ""seasonal_reference"": {""call_contacts"": {""n"": 3, ""periods"": [""2022-12-01"", ""2023-12-01"", ""2024-12-01""], ""value"": 18.457314080048565}, ""text_contacts"": {""n"": 3, ""periods"": [""2022-12-01"", ""2023-12-01"", ""2024-12-01""], ""value"": 6.721314125087843}}}"
1123064,2025-12-01,60plus,a2_activity_level_v1_22b454887888,"{""adm_cd"": ""1123064"", ""adm_nm"": ""역삼1동"", ""age_band"": ""60plus"", ""date"": ""2025-12-01"", ""interpretation"": ""retrospective_descriptive_not_risk"", ""quality"": {""call_contacts"": ""ready"", ""text_contacts"": ""ready""}, ""raw"": {""call_contacts"": 14.406411225825217, ""text_contacts"": 4.632101206921622}, ""seasonal_index"": {""call_contacts"": 0.9323277700436303, ""text_contacts"": 0.8717042374198749}, ""seasonal_reference"": {""call_contacts"": {""n"": 3, ""periods"": [""2022-12-01"", ""2023-12-01"", ""2024-12-01""], ""value"": 15.452088512981906}, ""text_contacts"": {""n"": 3, ""periods"": [""2022-12-01"", ""2023-12-01"", ""2024-12-01""], ""value"": 5.313845003933911}}}"
1123065,2025-07-01,20s,a2_activity_level_v1_22b454887888,"{""adm_cd"": ""1123065"", ""adm_nm"": ""역삼2동"", ""age_band"": ""20s"", ""date"": ""2025-07-01"", ""interpretation"": ""retrospective_descriptive_not_risk"", ""quality"": {""call_contacts"": ""ready"", ""text_contacts"": ""ready""}, ""raw"": {""call_contacts"": 8.415044532409697, ""text_contacts"": 4.288419099455715}, ""seasonal_index"": {""call_contacts"": 0.8679562402807582, ""text_contacts"": 0.9014944375795009}, ""seasonal_reference"": {""call_contacts"": {""n"": 3, ""periods"": [""2022-07-01"", ""2023-07-01"", ""2024-07-01""], ""value"": 9.69524054540777}, ""text_contacts"": {""n"": 3, ""periods"": [""2022-07-01"", ""2023-07-01"", ""2024-07-01""], ""value"": 4.757011159126013}}}"
1123065,2025-07-01,30s,a2_activity_level_v1_22b454887888,"{""adm_cd"": ""1123065"", ""adm_nm"": ""역삼2동"", ""age_band"": ""30s"", ""date"": ""2025-07-01"", ""interpretation"": ""retrospective_descriptive_not_risk"", ""quality"": {""call_contacts"": ""ready"", ""text_contacts"": ""ready""}, ""raw"": {""call_contacts"": 13.506650717703346, ""text_contacts"": 6.042416267942584}, ""seasonal_index"": {""call_contacts"": 0.8991368498106356, ""text_contacts"": 0.9135392297342608}, ""seasonal_reference"": {""call_contacts"": {""n"": 3, ""periods"": [""2022-07-01"", ""2023-07-01"", ""2024-07-01""], ""value"": 15.021796426815273}, ""text_contacts"": {""n"": 3, ""periods"": [""2022-07-01"", ""2023-07-01"", ""2024-07-01""], ""value"": 6.61429314830876}}}"
1123065,2025-07-01,40s,a2_activity_level_v1_22b454887888,"{""adm_cd"": ""1123065"", ""adm_nm"": ""역삼2동"", ""age_band"": ""40s"", ""date"": ""2025-07-01"", ""interpretation"": ""retrospective_descriptive_not_risk"", ""quality"": {""call_contacts"": ""ready"", ""text_contacts"": ""ready""}, ""raw"": {""call_contacts"": 16.324023120064094, ""text_contacts"": 6.97697150051505}, ""seasonal_index"": {""call_contacts"": 0.912609410522918, ""text_contacts"": 0.9631353724544038}, ""seasonal_reference"": {""call_contacts"": {""n"": 3, ""periods"": [""2022-07-01"", ""2023-07-01"", ""2024-07-01""], ""value"": 17.88719569603228}, ""text_contacts"": {""n"": 3, ""periods"": [""2022-07-01"", ""2023-07-01"", ""2024-07-01""], ""value"": 7.244019584427992}}}"
1123065,2025-07-01,50s,a2_activity_level_v1_22b454887888,"{""adm_cd"": ""1123065"", ""adm_nm"": ""역삼2동"", ""age_band"": ""50s"", ""date"": ""2025-07-01"", ""interpretation"": ""retrospective_descriptive_not_risk"", ""quality"": {""call_contacts"": ""ready"", ""text_contacts"": ""ready""}, ""raw"": {""call_contacts"": 16.270408340573415, ""text_contacts"": 6.328245004344049}, ""seasonal_index"": {""call_contacts"": 0.917601493726198, ""text_contacts"": 0.9631491970854198}, ""seasonal_reference"": {""call_contacts"": {""n"": 3, ""periods"": [""2022-07-01"", ""2023-07-01"", ""2024-07-01""], ""value"": 17.731453634085213}, ""text_contacts"": {""n"": 3, ""periods"": [""2022-07-01"", ""2023-07-01"", ""2024-07-01""], ""value"": 6.570368353619474}}}"
1123065,2025-07-01,60plus,a2_activity_level_v1_22b454887888,"{""adm_cd"": ""1123065"", ""adm_nm"": ""역삼2동"", ""age_band"": ""60plus"", ""date"": ""2025-07-01"", ""interpretation"": ""retrospective_descriptive_not_risk"", ""quality"": {""call_contacts"": ""ready"", ""text_contacts"": ""ready""}, ""raw"": {""call_contacts"": 12.838008378425556, ""text_contacts"": 4.432028277186245}, ""seasonal_index"": {""call_contacts"": 0.9178889222923934, ""text_contacts"": 0.9511473735884546}, ""seasonal_reference"": {""call_contacts"": {""n"": 3, ""periods"": [""2022-07-01"", ""2023-07-01"", ""2024-07-01""], ""value"": 13.986450938271604}, ""text_contacts"": {""n"": 3, ""periods"": [""2022-07-01"", ""2023-07-01"", ""2024-07-01""], ""value"": 4.65966515837104}}}"
1123065,2025-08-01,20s,a2_activity_level_v1_22b454887888,"{""adm_cd"": ""1123065"", ""adm_nm"": ""역삼2동"", ""age_band"": ""20s"", ""date"": ""2025-08-01"", ""interpretation"": ""retrospective_descriptive_not_risk"", ""quality"": {""call_contacts"": ""ready"", ""text_contacts"": ""ready""}, ""raw"": {""call_contacts"": 8.234876237623762, ""text_contacts"": 4.258004950495049}, ""seasonal_index"": {""call_contacts"": 0.8648519253655867, ""text_contacts"": 0.8978139300596901}, ""seasonal_reference"": {""call_contacts"": {""n"": 3, ""periods"": [""2022-08-01"", ""2023-08-01"", ""2024-08-01""], ""value"": 9.521718106995886}, ""text_contacts"": {""n"": 3, ""periods"": [""2022-08-01"", ""2023-08-01"", ""2024-08-01""], ""value"": 4.742636316872428}}}"
1123065,2025-08-01,30s,a2_activity_level_v1_22b454887888,"{""adm_cd"": ""1123065"", ""adm_nm"": ""역삼2동"", ""age_band"": ""30s"", ""date"": ""2025-08-01"", ""interpretation"": ""retrospective_descriptive_not_risk"", ""quality"": {""call_contacts"": ""ready"", ""text_contacts"": ""ready""}, ""raw"": {""call_contacts"": 13.191208133971292, ""text_contacts"": 6.0047009569378}, ""seasonal_index"": {""call_contacts"": 0.8855696372637573, ""text_contacts"": 0.9259567109665896}, ""seasonal_reference"": {""call_contacts"": {""n"": 3, ""periods"": [""2022-08-01"", ""2023-08-01"", ""2024-08-01""], ""value"": 14.895732169329598}, ""text_contacts"": {""n"": 3, ""periods"": [""2022-08-01"", ""2023-08-01"", ""2024-08-01""], ""value"": 6.484861425832316}}}"
1123065,2025-08-01,40s,a2_activity_level_v1_22b454887888,"{""adm_cd"": ""1123065"", ""adm_nm"": ""역삼2동"", ""age_band"": ""40s"", ""date"": ""2025-08-01"", ""interpretation"": ""retrospective_descriptive_not_risk"", ""quality"": {""call_contacts"": ""ready"", ""text_contacts"": ""ready""}, ""raw"": {""call_contacts"": 16.27685362202004, ""text_contacts"": 6.933683058850628}, ""seasonal_index"": {""call_contacts"": 0.9132264237966785, ""text_contacts"": 0.9667535080396598}, ""seasonal_reference"": {""call_contacts"": {""n"": 3, ""periods"": [""2022-08-01"", ""2023-08-01"", ""2024-08-01""], ""value"": 17.82345889023896}, ""text_contacts"": {""n"": 3, ""periods"": [""2022-08-01"", ""2023-08-01"", ""2024-08-01""], ""value"": 7.172131263232181}}}"
1123065,2025-08-01,50s,a2_activity_level_v1_22b454887888,"{""adm_cd"": ""1123065"", ""adm_nm"": ""역삼2동"", ""age_band"": ""50s"", ""date"": ""2025-08-01"", ""interpretation"": ""retrospective_descriptive_not_risk"", ""quality"": {""call_contacts"": ""ready"", ""text_contacts"": ""ready""}, ""raw"": {""call_contacts"": 15.8741097489784, ""text_contacts"": 6.222837127845884}, ""seasonal_index"": {""call_contacts"": 0.9066981714902964, ""text_contacts"": 0.9549330265752803}, ""seasonal_reference"": {""call_contacts"": {""n"": 3, ""periods"": [""2022-08-01"", ""2023-08-01"", ""2024-08-01""], ""value"": 17.507600928417983}, ""text_contacts"": {""n"": 3, ""periods"": [""2022-08-01"", ""2023-08-01"", ""2024-08-01""], ""value"": 6.516516818109357}}}"
1123065,2025-08-01,60plus,a2_activity_level_v1_22b454887888,"{""adm_cd"": ""1123065"", ""adm_nm"": ""역삼2동"", ""age_band"": ""60plus"", ""date"": ""2025-08-01"", ""interpretation"": ""retrospective_descriptive_not_risk"", ""quality"": {""call_contacts"": ""ready"", ""text_contacts"": ""ready""}, ""raw"": {""call_contacts"": 12.553446883230905, ""text_contacts"": 4.370131694468832}, ""seasonal_index"": {""call_contacts"": 0.9235406212808736, ""text_contacts"": 0.9539296315200452}, ""seasonal_reference"": {""call_contacts"": {""n"": 3, ""periods"": [""2022-08-01"", ""2023-08-01"", ""2024-08-01""], ""value"": 13.592739283974671}, ""text_contacts"": {""n"": 3, ""periods"": [""2022-08-01"", ""2023-08-01"", ""2024-08-01""], ""value"": 4.581188748173404}}}"
1123065,2025-09-01,20s,a2_activity_level_v1_22b454887888,"{""adm_cd"": ""1123065"", ""adm_nm"": ""역삼2동"", ""age_band"": ""20s"", ""date"": ""2025-09-01"", ""interpretation"": ""retrospective_descriptive_not_risk"", ""quality"": {""call_contacts"": ""ready"", ""text_contacts"": ""ready""}, ""raw"": {""call_contacts"": 8.477151787946989, ""text_contacts"": 4.31038509627407}, ""seasonal_index"": {""call_contacts"": 0.8824734811935728, ""text_contacts"": 0.902814584327778}, ""seasonal_reference"": {""call_contacts"": {""n"": 3, ""periods"": [""2022-09-01"", ""2023-09-01"", ""2024-09-01""], ""value"": 9.606126380683278}, ""text_contacts"": {""n"": 3, ""periods"": [""2022-09-01"", ""2023-09-01"", ""2024-09-01""], ""value"": 4.77438576104031}}}"
1123065,2025-09-01,30s,a2_activity_level_v1_22b454887888,"{""adm_cd"": ""1123065"", ""adm_nm"": ""역삼2동"", ""age_band"": ""30s"", ""date"": ""2025-09-01"", ""interpretation"": ""retrospective_descriptive_not_risk"", ""quality"": {""call_contacts"": ""ready"", ""text_contacts"": ""ready""}, ""raw"": {""call_contacts"": 13.36254385964912, ""text_contacts"": 6.08304625199362}, ""seasonal_index"": {""call_contacts"": 0.9176001779052113, ""text_contacts"": 0.930178586947573}, ""seasonal_reference"": {""call_contacts"": {""n"": 3, ""periods"": [""2022-09-01"", ""2023-09-01"", ""2024-09-01""], ""value"": 14.562490484858515}, ""text_contacts"": {""n"": 3, ""periods"": [""2022-09-01"", ""2023-09-01"", ""2024-09-01""], ""value"": 6.539654145292074}}}"
1123065,2025-09-01,40s,a2_activity_level_v1_22b454887888,"{""adm_cd"": ""1123065"", ""adm_nm"": ""역삼2동"", ""age_band"": ""40s"", ""date"": ""2025-09-01"", ""interpretation"": ""retrospective_descriptive_not_risk"", ""quality"": {""call_contacts"": ""ready"", ""text_contacts"": ""ready""}, ""raw"": {""call_contacts"": 16.443908935685826, ""text_contacts"": 6.953439954467843}, ""seasonal_index"": {""call_contacts"": 0.9382191969164482, ""text_contacts"": 0.9616945616250596}, ""seasonal_reference"": {""call_contacts"": {""n"": 3, ""periods"": [""2022-09-01"", ""2023-09-01"", ""2024-09-01""], ""value"": 17.526724021135347}, ""text_contacts"": {""n"": 3, ""periods"": [""2022-09-01"", ""2023-09-01"", ""2024-09-01""], ""value"": 7.230403739330714}}}"
1123065,2025-09-01,50s,a2_activity_level_v1_22b454887888,"{""adm_cd"": ""1123065"", ""adm_nm"": ""역삼2동"", ""age_band"": ""50s"", ""date"": ""2025-09-01"", ""interpretation"": ""retrospective_descriptive_not_risk"", ""quality"": {""call_contacts"": ""ready"", ""text_contacts"": ""ready""}, ""raw"": {""call_contacts"": 16.165501315404853, ""text_contacts"": 6.363443437591346}, ""seasonal_index"": {""call_contacts"": 0.9175816308274133, ""text_contacts"": 0.9558020992576588}, ""seasonal_reference"": {""call_contacts"": {""n"": 3, ""periods"": [""2022-09-01"", ""2023-09-01"", ""2024-09-01""], ""value"": 17.617507557150958}, ""text_contacts"": {""n"": 3, ""periods"": [""2022-09-01"", ""2023-09-01"", ""2024-09-01""], ""value"": 6.65769979217835}}}"
1123065,2025-09-01,60plus,a2_activity_level_v1_22b454887888,"{""adm_cd"": ""1123065"", ""adm_nm"": ""역삼2동"", ""age_band"": ""60plus"", ""date"": ""2025-09-01"", ""interpretation"": ""retrospective_descriptive_not_risk"", ""quality"": {""call_contacts"": ""ready"", ""text_contacts"": ""ready""}, ""raw"": {""call_contacts"": 12.727220362867714, ""text_contacts"": 4.419811520169104}, ""seasonal_index"": {""call_contacts"": 0.9306075195343784, ""text_contacts"": 0.9130456920509374}, ""seasonal_reference"": {""call_contacts"": {""n"": 3, ""periods"": [""2022-09-01"", ""2023-09-01"", ""2024-09-01""], ""value"": 13.676249219687877}, ""text_contacts"": {""n"": 3, ""periods"": [""2022-09-01"", ""2023-09-01"", ""2024-09-01""], ""value"": 4.840734213685474}}}"
1123065,2025-10-01,20s,a2_activity_level_v1_22b454887888,"{""adm_cd"": ""1123065"", ""adm_nm"": ""역삼2동"", ""age_band"": ""20s"", ""date"": ""2025-10-01"", ""interpretation"": ""retrospective_descriptive_not_risk"", ""quality"": {""call_contacts"": ""ready"", ""text_contacts"": ""ready""}, ""raw"": {""call_contacts"": 7.944573643410854, ""text_contacts"": 4.021412853213303}, ""seasonal_index"": {""call_contacts"": 0.8528668070582095, ""text_contacts"": 0.8501205466979405}, ""seasonal_reference"": {""call_contacts"": {""n"": 3, ""periods"": [""2022-10-01"", ""2023-10-01"", ""2024-10-01""], ""value"": 9.315139922978178}, ""text_contacts"": {""n"": 3, ""periods"": [""2022-10-01"", ""2023-10-01"", ""2024-10-01""], ""value"": 4.730403080872914}}}"
1123065,2025-10-01,30s,a2_activity_level_v1_22b454887888,"{""adm_cd"": ""1123065"", ""adm_nm"": ""역삼2동"", ""age_band"": ""30s"", ""date"": ""2025-10-01"", ""interpretation"": ""retrospective_descriptive_not_risk"", ""quality"": {""call_contacts"": ""ready"", ""text_contacts"": ""ready""}, ""raw"": {""call_contacts"": 13.043732057416268, ""text_contacts"": 5.841941786283892}, ""seasonal_index"": {""call_contacts"": 0.9108155046033993, ""text_contacts"": 0.8864681880182971}, ""seasonal_reference"": {""call_contacts"": {""n"": 3, ""periods"": [""2022-10-01"", ""2023-10-01"", ""2024-10-01""], ""value"": 14.32093765586035}, ""text_contacts"": {""n"": 3, ""periods"": [""2022-10-01"", ""2023-10-01"", ""2024-10-01""], ""value"": 6.590131338320864}}}"
1123065,2025-10-01,40s,a2_activity_level_v1_22b454887888,"{""adm_cd"": ""1123065"", ""adm_nm"": ""역삼2동"", ""age_band"": ""40s"", ""date"": ""2025-10-01"", ""interpretation"": ""retrospective_descriptive_not_risk"", ""quality"": {""call_contacts"": ""ready"", ""text_contacts"": ""ready""}, ""raw"": {""call_contacts"": 15.749659156556902, ""text_contacts"": 6.650769497400347}, ""seasonal_index"": {""call_contacts"": 0.901694159017304, ""text_contacts"": 0.9178863715230899}, ""seasonal_reference"": {""call_contacts"": {""n"": 3, ""periods"": [""2022-10-01"", ""2023-10-01"", ""2024-10-01""], ""value"": 17.466741909165076}, ""text_contacts"": {""n"": 3, ""periods"": [""2022-10-01"", ""2023-10-01"", ""2024-10-01""], ""value"": 7.245743812890944}}}"
1123065,2025-10-01,50s,a2_activity_level_v1_22b454887888,"{""adm_cd"": ""1123065"", ""adm_nm"": ""역삼2동"", ""age_band"": ""50s"", ""date"": ""2025-10-01"", ""interpretation"": ""retrospective_descriptive_not_risk"", ""quality"": {""call_contacts"": ""ready"", ""text_contacts"": ""ready""}, ""raw"": {""call_contacts"": 15.832425669708568, ""text_contacts"": 6.207954077126877}, ""seasonal_index"": {""call_contacts"": 0.9192009048959141, ""text_contacts"": 0.9296974629037136}, ""seasonal_reference"": {""call_contacts"": {""n"": 3, ""periods"": [""2022-10-01"", ""2023-10-01"", ""2024-10-01""], ""value"": 17.22411888998451}, ""text_contacts"": {""n"": 3, ""periods"": [""2022-10-01"", ""2023-10-01"", ""2024-10-01""], ""value"": 6.677391651406302}}}"
1123065,2025-10-01,60plus,a2_activity_level_v1_22b454887888,"{""adm_cd"": ""1123065"", ""adm_nm"": ""역삼2동"", ""age_band"": ""60plus"", ""date"": ""2025-10-01"", ""interpretation"": ""retrospective_descriptive_not_risk"", ""quality"": {""call_contacts"": ""ready"", ""text_contacts"": ""ready""}, ""raw"": {""call_contacts"": 12.516761011852115, ""text_contacts"": 4.382404033256678}, ""seasonal_index"": {""call_contacts"": 0.9061652527626636, ""text_contacts"": 0.8911633785963813}, ""seasonal_reference"": {""call_contacts"": {""n"": 3, ""periods"": [""2022-10-01"", ""2023-10-01"", ""2024-10-01""], ""value"": 13.812890059171599}, ""text_contacts"": {""n"": 3, ""periods"": [""2022-10-01"", ""2023-10-01"", ""2024-10-01""], ""value"": 4.917621323442558}}}"
1123065,2025-11-01,20s,a2_activity_level_v1_22b454887888,"{""adm_cd"": ""1123065"", ""adm_nm"": ""역삼2동"", ""age_band"": ""20s"", ""date"": ""2025-11-01"", ""interpretation"": ""retrospective_descriptive_not_risk"", ""quality"": {""call_contacts"": ""ready"", ""text_contacts"": ""ready""}, ""raw"": {""call_contacts"": 7.990097524381096, ""text_contacts"": 3.990575143785946}, ""seasonal_index"": {""call_contacts"": 0.8719954836826366, ""text_contacts"": 0.8504057103235467}, ""seasonal_reference"": {""call_contacts"": {""n"": 3, ""periods"": [""2022-11-01"", ""2023-11-01"", ""2024-11-01""], ""value"": 9.163003334188252}, ""text_contacts"": {""n"": 3, ""periods"": [""2022-11-01"", ""2023-11-01"", ""2024-11-01""], ""value"": 4.692554501154143}}}"
1123065,2025-11-01,30s,a2_activity_level_v1_22b454887888,"{""adm_cd"": ""1123065"", ""adm_nm"": ""역삼2동"", ""age_band"": ""30s"", ""date"": ""2025-11-01"", ""interpretation"": ""retrospective_descriptive_not_risk"", ""quality"": {""call_contacts"": ""ready"", ""text_contacts"": ""ready""}, ""raw"": {""call_contacts"": 12.750255183413078, ""text_contacts"": 5.608480861244019}, ""seasonal_index"": {""call_contacts"": 0.8911920286592048, ""text_contacts"": 0.8573093110789199}, ""seasonal_reference"": {""call_contacts"": {""n"": 3, ""periods"": [""2022-11-01"", ""2023-11-01"", ""2024-11-01""], ""value"": 14.306967267869071}, ""text_contacts"": {""n"": 3, ""periods"": [""2022-11-01"", ""2023-11-01"", ""2024-11-01""], ""value"": 6.541957247828991}}}"
1123065,2025-11-01,40s,a2_activity_level_v1_22b454887888,"{""adm_cd"": ""1123065"", ""adm_nm"": ""역삼2동"", ""age_band"": ""40s"", ""date"": ""2025-11-01"", ""interpretation"": ""retrospective_descriptive_not_risk"", ""quality"": {""call_contacts"": ""ready"", ""text_contacts"": ""ready""}, ""raw"": {""call_contacts"": 15.782272419245537, ""text_contacts"": 6.53423989157443}, ""seasonal_index"": {""call_contacts"": 0.9052183778635187, ""text_contacts"": 0.8949847438571651}, ""seasonal_reference"": {""call_contacts"": {""n"": 3, ""periods"": [""2022-11-01"", ""2023-11-01"", ""2024-11-01""], ""value"": 17.434768013100435}, ""text_contacts"": {""n"": 3, ""periods"": [""2022-11-01"", ""2023-11-01"", ""2024-11-01""], ""value"": 7.30095114628821}}}"
1123065,2025-11-01,50s,a2_activity_level_v1_22b454887888,"{""adm_cd"": ""1123065"", ""adm_nm"": ""역삼2동"", ""age_band"": ""50s"", ""date"": ""2025-11-01"", ""interpretation"": ""retrospective_descriptive_not_risk"", ""quality"": {""call_contacts"": ""ready"", ""text_contacts"": ""ready""}, ""raw"": {""call_contacts"": 15.850957134468585, ""text_contacts"": 6.118508514386376}, ""seasonal_index"": {""call_contacts"": 0.908073314325779, ""text_contacts"": 0.904783615494619}, ""seasonal_reference"": {""call_contacts"": {""n"": 3, ""periods"": [""2022-11-01"", ""2023-11-01"", ""2024-11-01""], ""value"": 17.455591838680462}, ""text_contacts"": {""n"": 3, ""periods"": [""2022-11-01"", ""2023-11-01"", ""2024-11-01""], ""value"": 6.762399771177957}}}"
1123065,2025-11-01,60plus,a2_activity_level_v1_22b454887888,"{""adm_cd"": ""1123065"", ""adm_nm"": ""역삼2동"", ""age_band"": ""60plus"", ""date"": ""2025-11-01"", ""interpretation"": ""retrospective_descriptive_not_risk"", ""quality"": {""call_contacts"": ""ready"", ""text_contacts"": ""ready""}, ""raw"": {""call_contacts"": 12.689901737146869, ""text_contacts"": 4.420431654676259}, ""seasonal_index"": {""call_contacts"": 0.9110321544170338, ""text_contacts"": 0.8990416254201286}, ""seasonal_reference"": {""call_contacts"": {""n"": 3, ""periods"": [""2022-11-01"", ""2023-11-01"", ""2024-11-01""], ""value"": 13.929148028004667}, ""text_contacts"": {""n"": 3, ""periods"": [""2022-11-01"", ""2023-11-01"", ""2024-11-01""], ""value"": 4.916826462412749}}}"
1123065,2025-12-01,20s,a2_activity_level_v1_22b454887888,"{""adm_cd"": ""1123065"", ""adm_nm"": ""역삼2동"", ""age_band"": ""20s"", ""date"": ""2025-12-01"", ""interpretation"": ""retrospective_descriptive_not_risk"", ""quality"": {""call_contacts"": ""ready"", ""text_contacts"": ""ready""}, ""raw"": {""call_contacts"": 8.078514628657164, ""text_contacts"": 3.868057014253564}, ""seasonal_index"": {""call_contacts"": 0.8553306432873995, ""text_contacts"": 0.8130350603678741}, ""seasonal_reference"": {""call_contacts"": {""n"": 3, ""periods"": [""2022-12-01"", ""2023-12-01"", ""2024-12-01""], ""value"": 9.44490261404408}, ""text_contacts"": {""n"": 3, ""periods"": [""2022-12-01"", ""2023-12-01"", ""2024-12-01""], ""value"": 4.757552537160431}}}"
1123065,2025-12-01,30s,a2_activity_level_v1_22b454887888,"{""adm_cd"": ""1123065"", ""adm_nm"": ""역삼2동"", ""age_band"": ""30s"", ""date"": ""2025-12-01"", ""interpretation"": ""retrospective_descriptive_not_risk"", ""quality"": {""call_contacts"": ""ready"", ""text_contacts"": ""ready""}, ""raw"": {""call_contacts"": 12.998572567783093, ""text_contacts"": 5.436311802232855}, ""seasonal_index"": {""call_contacts"": 0.9040877059509604, ""text_contacts"": 0.831411403771475}, ""seasonal_reference"": {""call_contacts"": {""n"": 3, ""periods"": [""2022-12-01"", ""2023-12-01"", ""2024-12-01""], ""value"": 14.377557046979867}, ""text_contacts"": {""n"": 3, ""periods"": [""2022-12-01"", ""2023-12-01"", ""2024-12-01""], ""value"": 6.538654362416108}}}"
1123065,2025-12-01,40s,a2_activity_level_v1_22b454887888,"{""adm_cd"": ""1123065"", ""adm_nm"": ""역삼2동"", ""age_band"": ""40s"", ""date"": ""2025-12-01"", ""interpretation"": ""retrospective_descriptive_not_risk"", ""quality"": {""call_contacts"": ""ready"", ""text_contacts"": ""ready""}, ""raw"": {""call_contacts"": 15.952883435582821, ""text_contacts"": 6.328847989093388}, ""seasonal_index"": {""call_contacts"": 0.9071475444726301, ""text_contacts"": 0.8607133648007523}, ""seasonal_reference"": {""call_contacts"": {""n"": 3, ""periods"": [""2022-12-01"", ""2023-12-01"", ""2024-12-01""], ""value"": 17.585764887736122}, ""text_contacts"": {""n"": 3, ""periods"": [""2022-12-01"", ""2023-12-01"", ""2024-12-01""], ""value"": 7.353026277869476}}}"
1123065,2025-12-01,50s,a2_activity_level_v1_22b454887888,"{""adm_cd"": ""1123065"", ""adm_nm"": ""역삼2동"", ""age_band"": ""50s"", ""date"": ""2025-12-01"", ""interpretation"": ""retrospective_descriptive_not_risk"", ""quality"": {""call_contacts"": ""ready"", ""text_contacts"": ""ready""}, ""raw"": {""call_contacts"": 15.965562043795622, ""text_contacts"": 5.917290510948906}, ""seasonal_index"": {""call_contacts"": 0.9068782991744304, ""text_contacts"": 0.8837988660688149}, ""seasonal_reference"": {""call_contacts"": {""n"": 3, ""periods"": [""2022-12-01"", ""2023-12-01"", ""2024-12-01""], ""value"": 17.60496646389019}, ""text_contacts"": {""n"": 3, ""periods"": [""2022-12-01"", ""2023-12-01"", ""2024-12-01""], ""value"": 6.695290906254875}}}"
1123065,2025-12-01,60plus,a2_activity_level_v1_22b454887888,"{""adm_cd"": ""1123065"", ""adm_nm"": ""역삼2동"", ""age_band"": ""60plus"", ""date"": ""2025-12-01"", ""interpretation"": ""retrospective_descriptive_not_risk"", ""quality"": {""call_contacts"": ""ready"", ""text_contacts"": ""ready""}, ""raw"": {""call_contacts"": 12.76282208588957, ""text_contacts"": 4.277512708150745}, ""seasonal_index"": {""call_contacts"": 0.9221582224912943, ""text_contacts"": 0.875592154863704}, ""seasonal_reference"": {""call_contacts"": {""n"": 3, ""periods"": [""2022-12-01"", ""2023-12-01"", ""2024-12-01""], ""value"": 13.840165141519472}, ""text_contacts"": {""n"": 3, ""periods"": [""2022-12-01"", ""2023-12-01"", ""2024-12-01""], ""value"": 4.88527984677591}}}"
1123066,2025-07-01,20s,a2_activity_level_v1_22b454887888,"{""adm_cd"": ""1123066"", ""adm_nm"": ""도곡1동"", ""age_band"": ""20s"", ""date"": ""2025-07-01"", ""interpretation"": ""retrospective_descriptive_not_risk"", ""quality"": {""call_contacts"": ""ready"", ""text_contacts"": ""ready""}, ""raw"": {""call_contacts"": 7.505046869141357, ""text_contacts"": 3.85907011623547}, ""seasonal_index"": {""call_contacts"": 0.9038770284595687, ""text_contacts"": 0.9427328973301156}, ""seasonal_reference"": {""call_contacts"": {""n"": 3, ""periods"": [""2022-07-01"", ""2023-07-01"", ""2024-07-01""], ""value"": 8.303172481252039}, ""text_contacts"": {""n"": 3, ""periods"": [""2022-07-01"", ""2023-07-01"", ""2024-07-01""], ""value"": 4.09349257585539}}}"
1123066,2025-07-01,30s,a2_activity_level_v1_22b454887888,"{""adm_cd"": ""1123066"", ""adm_nm"": ""도곡1동"", ""age_band"": ""30s"", ""date"": ""2025-07-01"", ""interpretation"": ""retrospective_descriptive_not_risk"", ""quality"": {""call_contacts"": ""ready"", ""text_contacts"": ""ready""}, ""raw"": {""call_contacts"": 12.358206026629292, ""text_contacts"": 5.703728100911001}, ""seasonal_index"": {""call_contacts"": 0.8960893739674599, ""text_contacts"": 0.9852228197042785}, ""seasonal_reference"": {""call_contacts"": {""n"": 3, ""periods"": [""2022-07-01"", ""2023-07-01"", ""2024-07-01""], ""value"": 13.791265007320643}, ""text_contacts"": {""n"": 3, ""periods"": [""2022-07-01"", ""2023-07-01"", ""2024-07-01""], ""value"": 5.78927729528536}}}"
1123066,2025-07-01,40s,a2_activity_level_v1_22b454887888,"{""adm_cd"": ""1123066"", ""adm_nm"": ""도곡1동"", ""age_band"": ""40s"", ""date"": ""2025-07-01"", ""interpretation"": ""retrospective_descriptive_not_risk"", ""quality"": {""call_contacts"": ""ready"", ""text_contacts"": ""ready""}, ""raw"": {""call_contacts"": 15.570451055662188, ""text_contacts"": 6.910014395393474}, ""seasonal_index"": {""call_contacts"": 0.9299576978816916, ""text_contacts"": 0.9781810938477797}, ""seasonal_reference"": {""call_contacts"": {""n"": 3, ""periods"": [""2022-07-01"", ""2023-07-01"", ""2024-07-01""], ""value"": 16.743182072829132}, ""text_contacts"": {""n"": 3, ""periods"": [""2022-07-01"", ""2023-07-01"", ""2024-07-01""], ""value"": 7.064146341463414}}}"
1123066,2025-07-01,50s,a2_activity_level_v1_22b454887888,"{""adm_cd"": ""1123066"", ""adm_nm"": ""도곡1동"", ""age_band"": ""50s"", ""date"": ""2025-07-01"", ""interpretation"": ""retrospective_descriptive_not_risk"", ""quality"": {""call_contacts"": ""ready"", ""text_contacts"": ""ready""}, ""raw"": {""call_contacts"": 15.673464159171434, ""text_contacts"": 6.26002180430635}, ""seasonal_index"": {""call_contacts"": 0.9537829360268457, ""text_contacts"": 0.9751752895237225}, ""seasonal_reference"": {""call_contacts"": {""n"": 3, ""periods"": [""2022-07-01"", ""2023-07-01"", ""2024-07-01""], ""value"": 16.43294670846395}, ""text_contacts"": {""n"": 3, ""periods"": [""2022-07-01"", ""2023-07-01"", ""2024-07-01""], ""value"": 6.419381081081081}}}"
1123066,2025-07-01,60plus,a2_activity_level_v1_22b454887888,"{""adm_cd"": ""1123066"", ""adm_nm"": ""도곡1동"", ""age_band"": ""60plus"", ""date"": ""2025-07-01"", ""interpretation"": ""retrospective_descriptive_not_risk"", ""quality"": {""call_contacts"": ""ready"", ""text_contacts"": ""ready""}, ""raw"": {""call_contacts"": 13.47002245508982, ""text_contacts"": 4.650067365269461}, ""seasonal_index"": {""call_contacts"": 0.9133347535752392, ""text_contacts"": 0.9529933225424856}, ""seasonal_reference"": {""call_contacts"": {""n"": 3, ""periods"": [""2022-07-01"", ""2023-07-01"", ""2024-07-01""], ""value"": 14.748176834793114}, ""text_contacts"": {""n"": 3, ""periods"": [""2022-07-01"", ""2023-07-01"", ""2024-07-01""], ""value"": 4.87943331319843}}}"
1123066,2025-08-01,20s,a2_activity_level_v1_22b454887888,"{""adm_cd"": ""1123066"", ""adm_nm"": ""도곡1동"", ""age_band"": ""20s"", ""date"": ""2025-08-01"", ""interpretation"": ""retrospective_descriptive_not_risk"", ""quality"": {""call_contacts"": ""ready"", ""text_contacts"": ""ready""}, ""raw"": {""call_contacts"": 7.463550806149232, ""text_contacts"": 3.918530183727034}, ""seasonal_index"": {""call_contacts"": 0.9024362548693409, ""text_contacts"": 0.9560314818437852}, ""seasonal_reference"": {""call_contacts"": {""n"": 3, ""periods"": [""2022-08-01"", ""2023-08-01"", ""2024-08-01""], ""value"": 8.270446544980445}, ""text_contacts"": {""n"": 3, ""periods"": [""2022-08-01"", ""2023-08-01"", ""2024-08-01""], ""value"": 4.098745970341716}}}"
1123066,2025-08-01,30s,a2_activity_level_v1_22b454887888,"{""adm_cd"": ""1123066"", ""adm_nm"": ""도곡1동"", ""age_band"": ""30s"", ""date"": ""2025-08-01"", ""interpretation"": ""retrospective_descriptive_not_risk"", ""quality"": {""call_contacts"": ""ready"", ""text_contacts"": ""ready""}, ""raw"": {""call_contacts"": 12.223255080588647, ""text_contacts"": 5.734148563419763}, ""seasonal_index"": {""call_contacts"": 0.894376362703808, ""text_contacts"": 1.0019614794031788}, ""seasonal_reference"": {""call_contacts"": {""n"": 3, ""periods"": [""2022-08-01"", ""2023-08-01"", ""2024-08-01""], ""value"": 13.666791286429202}, ""text_contacts"": {""n"": 3, ""periods"": [""2022-08-01"", ""2023-08-01"", ""2024-08-01""], ""value"": 5.722923167500736}}}"
1123066,2025-08-01,40s,a2_activity_level_v1_22b454887888,"{""adm_cd"": ""1123066"", ""adm_nm"": ""도곡1동"", ""age_band"": ""40s"", ""date"": ""2025-08-01"", ""interpretation"": ""retrospective_descriptive_not_risk"", ""quality"": {""call_contacts"": ""ready"", ""text_contacts"": ""ready""}, ""raw"": {""call_contacts"": 15.49246509388541, ""text_contacts"": 6.868964853153587}, ""seasonal_index"": {""call_contacts"": 0.9134432459937991, ""text_contacts"": 0.9968091158087409}, ""seasonal_reference"": {""call_contacts"": {""n"": 3, ""periods"": [""2022-08-01"", ""2023-08-01"", ""2024-08-01""], ""value"": 16.960511954992967}, ""text_contacts"": {""n"": 3, ""periods"": [""2022-08-01"", ""2023-08-01"", ""2024-08-01""], ""value"": 6.890953086419752}}}"
1123066,2025-08-01,50s,a2_activity_level_v1_22b454887888,"{""adm_cd"": ""1123066"", ""adm_nm"": ""도곡1동"", ""age_band"": ""50s"", ""date"": ""2025-08-01"", ""interpretation"": ""retrospective_descriptive_not_risk"", ""quality"": {""call_contacts"": ""ready"", ""text_contacts"": ""ready""}, ""raw"": {""call_contacts"": 15.387481662591686, ""text_contacts"": 6.149991850040751}, ""seasonal_index"": {""call_contacts"": 0.9363701869301794, ""text_contacts"": 0.9869103717156974}, ""seasonal_reference"": {""call_contacts"": {""n"": 3, ""periods"": [""2022-08-01"", ""2023-08-01"", ""2024-08-01""], ""value"": 16.433117881548974}, ""text_contacts"": {""n"": 3, ""periods"": [""2022-08-01"", ""2023-08-01"", ""2024-08-01""], ""value"": 6.231560662747194}}}"
1123066,2025-08-01,60plus,a2_activity_level_v1_22b454887888,"{""adm_cd"": ""1123066"", ""adm_nm"": ""도곡1동"", ""age_band"": ""60plus"", ""date"": ""2025-08-01"", ""interpretation"": ""retrospective_descriptive_not_risk"", ""quality"": {""call_contacts"": ""ready"", ""text_contacts"": ""ready""}, ""raw"": {""call_contacts"": 13.00330303030303, ""text_contacts"": 4.577727272727273}, ""seasonal_index"": {""call_contacts"": 0.9106999040845689, ""text_contacts"": 0.9761766313103613}, ""seasonal_reference"": {""call_contacts"": {""n"": 3, ""periods"": [""2022-08-01"", ""2023-08-01"", ""2024-08-01""], ""value"": 14.278362138814417}, ""text_contacts"": {""n"": 3, ""periods"": [""2022-08-01"", ""2023-08-01"", ""2024-08-01""], ""value"": 4.689445665773012}}}"
1123066,2025-09-01,20s,a2_activity_level_v1_22b454887888,"{""adm_cd"": ""1123066"", ""adm_nm"": ""도곡1동"", ""age_band"": ""20s"", ""date"": ""2025-09-01"", ""interpretation"": ""retrospective_descriptive_not_risk"", ""quality"": {""call_contacts"": ""ready"", ""text_contacts"": ""ready""}, ""raw"": {""call_contacts"": 7.477491563554556, ""text_contacts"": 3.92339707536558}, ""seasonal_index"": {""call_contacts"": 0.9288377177144926, ""text_contacts"": 0.9573490014952446}, ""seasonal_reference"": {""call_contacts"": {""n"": 3, ""periods"": [""2022-09-01"", ""2023-09-01"", ""2024-09-01""], ""value"": 8.050374592833876}, ""text_contacts"": {""n"": 3, ""periods"": [""2022-09-01"", ""2023-09-01"", ""2024-09-01""], ""value"": 4.098188925081433}}}"
1123066,2025-09-01,30s,a2_activity_level_v1_22b454887888,"{""adm_cd"": ""1123066"", ""adm_nm"": ""도곡1동"", ""age_band"": ""30s"", ""date"": ""2025-09-01"", ""interpretation"": ""retrospective_descriptive_not_risk"", ""quality"": {""call_contacts"": ""ready"", ""text_contacts"": ""ready""}, ""raw"": {""call_contacts"": 12.339449894884373, ""text_contacts"": 5.698058864751227}, ""seasonal_index"": {""call_contacts"": 0.8876812870925016, ""text_contacts"": 0.9697312618559764}, ""seasonal_reference"": {""call_contacts"": {""n"": 3, ""periods"": [""2022-09-01"", ""2023-09-01"", ""2024-09-01""], ""value"": 13.900766045548654}, ""text_contacts"": {""n"": 3, ""periods"": [""2022-09-01"", ""2023-09-01"", ""2024-09-01""], ""value"": 5.875915409642118}}}"
1123066,2025-09-01,40s,a2_activity_level_v1_22b454887888,"{""adm_cd"": ""1123066"", ""adm_nm"": ""도곡1동"", ""age_band"": ""40s"", ""date"": ""2025-09-01"", ""interpretation"": ""retrospective_descriptive_not_risk"", ""quality"": {""call_contacts"": ""ready"", ""text_contacts"": ""ready""}, ""raw"": {""call_contacts"": 15.767394599715775, ""text_contacts"": 6.917437233538607}, ""seasonal_index"": {""call_contacts"": 0.9386434144823158, ""text_contacts"": 0.9934165400705802}, ""seasonal_reference"": {""call_contacts"": {""n"": 3, ""periods"": [""2022-09-01"", ""2023-09-01"", ""2024-09-01""], ""value"": 16.79806661021733}, ""text_contacts"": {""n"": 3, ""periods"": [""2022-09-01"", ""2023-09-01"", ""2024-09-01""], ""value"": 6.96327970646345}}}"
1123066,2025-09-01,50s,a2_activity_level_v1_22b454887888,"{""adm_cd"": ""1123066"", ""adm_nm"": ""도곡1동"", ""age_band"": ""50s"", ""date"": ""2025-09-01"", ""interpretation"": ""retrospective_descriptive_not_risk"", ""quality"": {""call_contacts"": ""ready"", ""text_contacts"": ""ready""}, ""raw"": {""call_contacts"": 15.510292190060078, ""text_contacts"": 6.293487165483342}, ""seasonal_index"": {""call_contacts"": 0.9579121724434322, ""text_contacts"": 0.9850803674594734}, ""seasonal_reference"": {""call_contacts"": {""n"": 3, ""periods"": [""2022-09-01"", ""2023-09-01"", ""2024-09-01""], ""value"": 16.191768552743817}, ""text_contacts"": {""n"": 3, ""periods"": [""2022-09-01"", ""2023-09-01"", ""2024-09-01""], ""value"": 6.388805800398067}}}"
1123066,2025-09-01,60plus,a2_activity_level_v1_22b454887888,"{""adm_cd"": ""1123066"", ""adm_nm"": ""도곡1동"", ""age_band"": ""60plus"", ""date"": ""2025-09-01"", ""interpretation"": ""retrospective_descriptive_not_risk"", ""quality"": {""call_contacts"": ""ready"", ""text_contacts"": ""ready""}, ""raw"": {""call_contacts"": 13.166857685009488, ""text_contacts"": 4.701582542694498}, ""seasonal_index"": {""call_contacts"": 0.9173457872115729, ""text_contacts"": 0.9556557356865988}, ""seasonal_reference"": {""call_contacts"": {""n"": 3, ""periods"": [""2022-09-01"", ""2023-09-01"", ""2024-09-01""], ""value"": 14.353211044912923}, ""text_contacts"": {""n"": 3, ""periods"": [""2022-09-01"", ""2023-09-01"", ""2024-09-01""], ""value"": 4.919745016040329}}}"
1123066,2025-10-01,20s,a2_activity_level_v1_22b454887888,"{""adm_cd"": ""1123066"", ""adm_nm"": ""도곡1동"", ""age_band"": ""20s"", ""date"": ""2025-10-01"", ""interpretation"": ""retrospective_descriptive_not_risk"", ""quality"": {""call_contacts"": ""ready"", ""text_contacts"": ""ready""}, ""raw"": {""call_contacts"": 7.458072740907387, ""text_contacts"": 3.804836895388076}, ""seasonal_index"": {""call_contacts"": 0.9058195808721909, ""text_contacts"": 0.8992361264137775}, ""seasonal_reference"": {""call_contacts"": {""n"": 3, ""periods"": [""2022-10-01"", ""2023-10-01"", ""2024-10-01""], ""value"": 8.233507972665148}, ""text_contacts"": {""n"": 3, ""periods"": [""2022-10-01"", ""2023-10-01"", ""2024-10-01""], ""value"": 4.23118776439961}}}"
1123066,2025-10-01,30s,a2_activity_level_v1_22b454887888,"{""adm_cd"": ""1123066"", ""adm_nm"": ""도곡1동"", ""age_band"": ""30s"", ""date"": ""2025-10-01"", ""interpretation"": ""retrospective_descriptive_not_risk"", ""quality"": {""call_contacts"": ""ready"", ""text_contacts"": ""ready""}, ""raw"": {""call_contacts"": 11.871608269096006, ""text_contacts"": 5.490024526979678}, ""seasonal_index"": {""call_contacts"": 0.8503212111079558, ""text_contacts"": 0.9119052535286158}, ""seasonal_reference"": {""call_contacts"": {""n"": 3, ""periods"": [""2022-10-01"", ""2023-10-01"", ""2024-10-01""], ""value"": 13.961322043969101}, ""text_contacts"": {""n"": 3, ""periods"": [""2022-10-01"", ""2023-10-01"", ""2024-10-01""], ""value"": 6.020389185977422}}}"
1123066,2025-10-01,40s,a2_activity_level_v1_22b454887888,"{""adm_cd"": ""1123066"", ""adm_nm"": ""도곡1동"", ""age_band"": ""40s"", ""date"": ""2025-10-01"", ""interpretation"": ""retrospective_descriptive_not_risk"", ""quality"": {""call_contacts"": ""ready"", ""text_contacts"": ""ready""}, ""raw"": {""call_contacts"": 15.463253473885961, ""text_contacts"": 6.682395783421178}, ""seasonal_index"": {""call_contacts"": 0.93614739348697, ""text_contacts"": 0.9528148830302178}, ""seasonal_reference"": {""call_contacts"": {""n"": 3, ""periods"": [""2022-10-01"", ""2023-10-01"", ""2024-10-01""], ""value"": 16.51796883852691}, ""text_contacts"": {""n"": 3, ""periods"": [""2022-10-01"", ""2023-10-01"", ""2024-10-01""], ""value"": 7.013320113314447}}}"
1123066,2025-10-01,50s,a2_activity_level_v1_22b454887888,"{""adm_cd"": ""1123066"", ""adm_nm"": ""도곡1동"", ""age_band"": ""50s"", ""date"": ""2025-10-01"", ""interpretation"": ""retrospective_descriptive_not_risk"", ""quality"": {""call_contacts"": ""ready"", ""text_contacts"": ""ready""}, ""raw"": {""call_contacts"": 15.011568839599674, ""text_contacts"": 6.041860968352718}, ""seasonal_index"": {""call_contacts"": 0.9362372708877462, ""text_contacts"": 0.941623870389564}, ""seasonal_reference"": {""call_contacts"": {""n"": 3, ""periods"": [""2022-10-01"", ""2023-10-01"", ""2024-10-01""], ""value"": 16.033936381709744}, ""text_contacts"": {""n"": 3, ""periods"": [""2022-10-01"", ""2023-10-01"", ""2024-10-01""], ""value"": 6.416427151377449}}}"
1123066,2025-10-01,60plus,a2_activity_level_v1_22b454887888,"{""adm_cd"": ""1123066"", ""adm_nm"": ""도곡1동"", ""age_band"": ""60plus"", ""date"": ""2025-10-01"", ""interpretation"": ""retrospective_descriptive_not_risk"", ""quality"": {""call_contacts"": ""ready"", ""text_contacts"": ""ready""}, ""raw"": {""call_contacts"": 13.098644965934897, ""text_contacts"": 4.679780469341408}, ""seasonal_index"": {""call_contacts"": 0.9139911702372797, ""text_contacts"": 0.9279269629972638}, ""seasonal_reference"": {""call_contacts"": {""n"": 3, ""periods"": [""2022-10-01"", ""2023-10-01"", ""2024-10-01""], ""value"": 14.331259855097265}, ""text_contacts"": {""n"": 3, ""periods"": [""2022-10-01"", ""2023-10-01"", ""2024-10-01""], ""value"": 5.04326380842024}}}"
1123066,2025-11-01,20s,a2_activity_level_v1_22b454887888,"{""adm_cd"": ""1123066"", ""adm_nm"": ""도곡1동"", ""age_band"": ""20s"", ""date"": ""2025-11-01"", ""interpretation"": ""retrospective_descriptive_not_risk"", ""quality"": {""call_contacts"": ""ready"", ""text_contacts"": ""ready""}, ""raw"": {""call_contacts"": 7.437742782152231, ""text_contacts"": 3.694754405699288}, ""seasonal_index"": {""call_contacts"": 0.9107623835954971, ""text_contacts"": 0.869960880835633}, ""seasonal_reference"": {""call_contacts"": {""n"": 3, ""periods"": [""2022-11-01"", ""2023-11-01"", ""2024-11-01""], ""value"": 8.166501950585175}, ""text_contacts"": {""n"": 3, ""periods"": [""2022-11-01"", ""2023-11-01"", ""2024-11-01""], ""value"": 4.24703511053316}}}"
1123066,2025-11-01,30s,a2_activity_level_v1_22b454887888,"{""adm_cd"": ""1123066"", ""adm_nm"": ""도곡1동"", ""age_band"": ""30s"", ""date"": ""2025-11-01"", ""interpretation"": ""retrospective_descriptive_not_risk"", ""quality"": {""call_contacts"": ""ready"", ""text_contacts"": ""ready""}, ""raw"": {""call_contacts"": 11.914474421864051, ""text_contacts"": 5.300325858444289}, ""seasonal_index"": {""call_contacts"": 0.8661189461493967, ""text_contacts"": 0.8759123197245186}, ""seasonal_reference"": {""call_contacts"": {""n"": 3, ""periods"": [""2022-11-01"", ""2023-11-01"", ""2024-11-01""], ""value"": 13.756164179104479}, ""text_contacts"": {""n"": 3, ""periods"": [""2022-11-01"", ""2023-11-01"", ""2024-11-01""], ""value"": 6.051205970149254}}}"
1123066,2025-11-01,40s,a2_activity_level_v1_22b454887888,"{""adm_cd"": ""1123066"", ""adm_nm"": ""도곡1동"", ""age_band"": ""40s"", ""date"": ""2025-11-01"", ""interpretation"": ""retrospective_descriptive_not_risk"", ""quality"": {""call_contacts"": ""ready"", ""text_contacts"": ""ready""}, ""raw"": {""call_contacts"": 15.684029149036201, ""text_contacts"": 6.576201222378938}, ""seasonal_index"": {""call_contacts"": 0.9345770902737722, ""text_contacts"": 0.9109137021298852}, ""seasonal_reference"": {""call_contacts"": {""n"": 3, ""periods"": [""2022-11-01"", ""2023-11-01"", ""2024-11-01""], ""value"": 16.781953369348876}, ""text_contacts"": {""n"": 3, ""periods"": [""2022-11-01"", ""2023-11-01"", ""2024-11-01""], ""value"": 7.219346033551322}}}"
1123066,2025-11-01,50s,a2_activity_level_v1_22b454887888,"{""adm_cd"": ""1123066"", ""adm_nm"": ""도곡1동"", ""age_band"": ""50s"", ""date"": ""2025-11-01"", ""interpretation"": ""retrospective_descriptive_not_risk"", ""quality"": {""call_contacts"": ""ready"", ""text_contacts"": ""ready""}, ""raw"": {""call_contacts"": 15.456642296236124, ""text_contacts"": 6.073560790685081}, ""seasonal_index"": {""call_contacts"": 0.9640262320373181, ""text_contacts"": 0.928747871058726}, ""seasonal_reference"": {""call_contacts"": {""n"": 3, ""periods"": [""2022-11-01"", ""2023-11-01"", ""2024-11-01""], ""value"": 16.033425007088177}, ""text_contacts"": {""n"": 3, ""periods"": [""2022-11-01"", ""2023-11-01"", ""2024-11-01""], ""value"": 6.539515168698611}}}"
1123066,2025-11-01,60plus,a2_activity_level_v1_22b454887888,"{""adm_cd"": ""1123066"", ""adm_nm"": ""도곡1동"", ""age_band"": ""60plus"", ""date"": ""2025-11-01"", ""interpretation"": ""retrospective_descriptive_not_risk"", ""quality"": {""call_contacts"": ""ready"", ""text_contacts"": ""ready""}, ""raw"": {""call_contacts"": 13.2092865064695, ""text_contacts"": 4.652768946395564}, ""seasonal_index"": {""call_contacts"": 0.9139752408980217, ""text_contacts"": 0.9074361847103152}, ""seasonal_reference"": {""call_contacts"": {""n"": 3, ""periods"": [""2022-11-01"", ""2023-11-01"", ""2024-11-01""], ""value"": 14.45256492231757}, ""text_contacts"": {""n"": 3, ""periods"": [""2022-11-01"", ""2023-11-01"", ""2024-11-01""], ""value"": 5.127378679395386}}}"
1123066,2025-12-01,20s,a2_activity_level_v1_22b454887888,"{""adm_cd"": ""1123066"", ""adm_nm"": ""도곡1동"", ""age_band"": ""20s"", ""date"": ""2025-12-01"", ""interpretation"": ""retrospective_descriptive_not_risk"", ""quality"": {""call_contacts"": ""ready"", ""text_contacts"": ""ready""}, ""raw"": {""call_contacts"": 7.689077615298086, ""text_contacts"": 3.587184101987252}, ""seasonal_index"": {""call_contacts"": 0.900341544239533, ""text_contacts"": 0.824300299945351}, ""seasonal_reference"": {""call_contacts"": {""n"": 3, ""periods"": [""2022-12-01"", ""2023-12-01"", ""2024-12-01""], ""value"": 8.540178629425137}, ""text_contacts"": {""n"": 3, ""periods"": [""2022-12-01"", ""2023-12-01"", ""2024-12-01""], ""value"": 4.35179278986684}}}"
1123066,2025-12-01,30s,a2_activity_level_v1_22b454887888,"{""adm_cd"": ""1123066"", ""adm_nm"": ""도곡1동"", ""age_band"": ""30s"", ""date"": ""2025-12-01"", ""interpretation"": ""retrospective_descriptive_not_risk"", ""quality"": {""call_contacts"": ""ready"", ""text_contacts"": ""ready""}, ""raw"": {""call_contacts"": 11.910756832515768, ""text_contacts"": 5.038994393833216}, ""seasonal_index"": {""call_contacts"": 0.8630158131121916, ""text_contacts"": 0.8340697729794783}, ""seasonal_reference"": {""call_contacts"": {""n"": 3, ""periods"": [""2022-12-01"", ""2023-12-01"", ""2024-12-01""], ""value"": 13.801319340329835}, ""text_contacts"": {""n"": 3, ""periods"": [""2022-12-01"", ""2023-12-01"", ""2024-12-01""], ""value"": 6.041454272863569}}}"
1123066,2025-12-01,40s,a2_activity_level_v1_22b454887888,"{""adm_cd"": ""1123066"", ""adm_nm"": ""도곡1동"", ""age_band"": ""40s"", ""date"": ""2025-12-01"", ""interpretation"": ""retrospective_descriptive_not_risk"", ""quality"": {""call_contacts"": ""ready"", ""text_contacts"": ""ready""}, ""raw"": {""call_contacts"": 15.885631113181182, ""text_contacts"": 6.334033535165348}, ""seasonal_index"": {""call_contacts"": 0.9444675053460964, ""text_contacts"": 0.8732582089871901}, ""seasonal_reference"": {""call_contacts"": {""n"": 3, ""periods"": [""2022-12-01"", ""2023-12-01"", ""2024-12-01""], ""value"": 16.819669309173275}, ""text_contacts"": {""n"": 3, ""periods"": [""2022-12-01"", ""2023-12-01"", ""2024-12-01""], ""value"": 7.253334088335221}}}"
1123066,2025-12-01,50s,a2_activity_level_v1_22b454887888,"{""adm_cd"": ""1123066"", ""adm_nm"": ""도곡1동"", ""age_band"": ""50s"", ""date"": ""2025-12-01"", ""interpretation"": ""retrospective_descriptive_not_risk"", ""quality"": {""call_contacts"": ""ready"", ""text_contacts"": ""ready""}, ""raw"": {""call_contacts"": 15.42908160517102, ""text_contacts"": 5.741842176137894}, ""seasonal_index"": {""call_contacts"": 0.9432179078819489, ""text_contacts"": 0.876918177462949}, ""seasonal_reference"": {""call_contacts"": {""n"": 3, ""periods"": [""2022-12-01"", ""2023-12-01"", ""2024-12-01""], ""value"": 16.357918436703482}, ""text_contacts"": {""n"": 3, ""periods"": [""2022-12-01"", ""2023-12-01"", ""2024-12-01""], ""value"": 6.547751345227981}}}"
1123066,2025-12-01,60plus,a2_activity_level_v1_22b454887888,"{""adm_cd"": ""1123066"", ""adm_nm"": ""도곡1동"", ""age_band"": ""60plus"", ""date"": ""2025-12-01"", ""interpretation"": ""retrospective_descriptive_not_risk"", ""quality"": {""call_contacts"": ""ready"", ""text_contacts"": ""ready""}, ""raw"": {""call_contacts"": 13.226626506024095, ""text_contacts"": 4.499713855421686}, ""seasonal_index"": {""call_contacts"": 0.9269478310152421, ""text_contacts"": 0.8835967178312566}, ""seasonal_reference"": {""call_contacts"": {""n"": 3, ""periods"": [""2022-12-01"", ""2023-12-01"", ""2024-12-01""], ""value"": 14.269008528276716}, ""text_contacts"": {""n"": 3, ""periods"": [""2022-12-01"", ""2023-12-01"", ""2024-12-01""], ""value"": 5.092497249724972}}}"
1123067,2025-07-01,20s,a2_activity_level_v1_22b454887888,"{""adm_cd"": ""1123067"", ""adm_nm"": ""도곡2동"", ""age_band"": ""20s"", ""date"": ""2025-07-01"", ""interpretation"": ""retrospective_descriptive_not_risk"", ""quality"": {""call_contacts"": ""ready"", ""text_contacts"": ""ready""}, ""raw"": {""call_contacts"": 6.722497661365762, ""text_contacts"": 3.469117555347676}, ""seasonal_index"": {""call_contacts"": 0.8851986068226968, ""text_contacts"": 0.9163943968096863}, ""seasonal_reference"": {""call_contacts"": {""n"": 3, ""periods"": [""2022-07-01"", ""2023-07-01"", ""2024-07-01""], ""value"": 7.594338275672707}, ""text_contacts"": {""n"": 3, ""periods"": [""2022-07-01"", ""2023-07-01"", ""2024-07-01""], ""value"": 3.785616288603444}}}"
1123067,2025-07-01,30s,a2_activity_level_v1_22b454887888,"{""adm_cd"": ""1123067"", ""adm_nm"": ""도곡2동"", ""age_band"": ""30s"", ""date"": ""2025-07-01"", ""interpretation"": ""retrospective_descriptive_not_risk"", ""quality"": {""call_contacts"": ""ready"", ""text_contacts"": ""ready""}, ""raw"": {""call_contacts"": 13.008385304106207, ""text_contacts"": 5.944884223525779}, ""seasonal_index"": {""call_contacts"": 0.8935138489892459, ""text_contacts"": 0.9651843736180202}, ""seasonal_reference"": {""call_contacts"": {""n"": 3, ""periods"": [""2022-07-01"", ""2023-07-01"", ""2024-07-01""], ""value"": 14.558683470683143}, ""text_contacts"": {""n"": 3, ""periods"": [""2022-07-01"", ""2023-07-01"", ""2024-07-01""], ""value"": 6.159324980823318}}}"
1123067,2025-07-01,40s,a2_activity_level_v1_22b454887888,"{""adm_cd"": ""1123067"", ""adm_nm"": ""도곡2동"", ""age_band"": ""40s"", ""date"": ""2025-07-01"", ""interpretation"": ""retrospective_descriptive_not_risk"", ""quality"": {""call_contacts"": ""ready"", ""text_contacts"": ""ready""}, ""raw"": {""call_contacts"": 16.647862853628535, ""text_contacts"": 7.334852398523985}, ""seasonal_index"": {""call_contacts"": 0.9035399417579469, ""text_contacts"": 0.9875481279058769}, ""seasonal_reference"": {""call_contacts"": {""n"": 3, ""periods"": [""2022-07-01"", ""2023-07-01"", ""2024-07-01""], ""value"": 18.425154311649013}, ""text_contacts"": {""n"": 3, ""periods"": [""2022-07-01"", ""2023-07-01"", ""2024-07-01""], ""value"": 7.427336644420301}}}"
1123067,2025-07-01,50s,a2_activity_level_v1_22b454887888,"{""adm_cd"": ""1123067"", ""adm_nm"": ""도곡2동"", ""age_band"": ""50s"", ""date"": ""2025-07-01"", ""interpretation"": ""retrospective_descriptive_not_risk"", ""quality"": {""call_contacts"": ""ready"", ""text_contacts"": ""ready""}, ""raw"": {""call_contacts"": 16.10118721461187, ""text_contacts"": 6.512876712328767}, ""seasonal_index"": {""call_contacts"": 0.9257644742987039, ""text_contacts"": 0.9651164011077826}, ""seasonal_reference"": {""call_contacts"": {""n"": 3, ""periods"": [""2022-07-01"", ""2023-07-01"", ""2024-07-01""], ""value"": 17.39231485071733}, ""text_contacts"": {""n"": 3, ""periods"": [""2022-07-01"", ""2023-07-01"", ""2024-07-01""], ""value"": 6.748281041388519}}}"
1123067,2025-07-01,60plus,a2_activity_level_v1_22b454887888,"{""adm_cd"": ""1123067"", ""adm_nm"": ""도곡2동"", ""age_band"": ""60plus"", ""date"": ""2025-07-01"", ""interpretation"": ""retrospective_descriptive_not_risk"", ""quality"": {""call_contacts"": ""ready"", ""text_contacts"": ""ready""}, ""raw"": {""call_contacts"": 13.363758762388205, ""text_contacts"": 4.894566110708243}, ""seasonal_index"": {""call_contacts"": 0.9146768809406516, ""text_contacts"": 0.9797005672362729}, ""seasonal_reference"": {""call_contacts"": {""n"": 3, ""periods"": [""2022-07-01"", ""2023-07-01"", ""2024-07-01""], ""value"": 14.61036027131783}, ""text_contacts"": {""n"": 3, ""periods"": [""2022-07-01"", ""2023-07-01"", ""2024-07-01""], ""value"": 4.995981705426356}}}"
1123067,2025-08-01,20s,a2_activity_level_v1_22b454887888,"{""adm_cd"": ""1123067"", ""adm_nm"": ""도곡2동"", ""age_band"": ""20s"", ""date"": ""2025-08-01"", ""interpretation"": ""retrospective_descriptive_not_risk"", ""quality"": {""call_contacts"": ""ready"", ""text_contacts"": ""ready""}, ""raw"": {""call_contacts"": 6.575438104147178, ""text_contacts"": 3.47911131898971}, ""seasonal_index"": {""call_contacts"": 0.8618717937799757, ""text_contacts"": 0.9276006925209884}, ""seasonal_reference"": {""call_contacts"": {""n"": 3, ""periods"": [""2022-08-01"", ""2023-08-01"", ""2024-08-01""], ""value"": 7.629253157605712}, ""text_contacts"": {""n"": 3, ""periods"": [""2022-08-01"", ""2023-08-01"", ""2024-08-01""], ""value"": 3.750656232839099}}}"
1123067,2025-08-01,30s,a2_activity_level_v1_22b454887888,"{""adm_cd"": ""1123067"", ""adm_nm"": ""도곡2동"", ""age_band"": ""30s"", ""date"": ""2025-08-01"", ""interpretation"": ""retrospective_descriptive_not_risk"", ""quality"": {""call_contacts"": ""ready"", ""text_contacts"": ""ready""}, ""raw"": {""call_contacts"": 12.835226921889474, ""text_contacts"": 5.851068230935474}, ""seasonal_index"": {""call_contacts"": 0.8833512703451387, ""text_contacts"": 0.972395101468655}, ""seasonal_reference"": {""call_contacts"": {""n"": 3, ""periods"": [""2022-08-01"", ""2023-08-01"", ""2024-08-01""], ""value"": 14.530150521971352}, ""text_contacts"": {""n"": 3, ""periods"": [""2022-08-01"", ""2023-08-01"", ""2024-08-01""], ""value"": 6.017171643602816}}}"
1123067,2025-08-01,40s,a2_activity_level_v1_22b454887888,"{""adm_cd"": ""1123067"", ""adm_nm"": ""도곡2동"", ""age_band"": ""40s"", ""date"": ""2025-08-01"", ""interpretation"": ""retrospective_descriptive_not_risk"", ""quality"": {""call_contacts"": ""ready"", ""text_contacts"": ""ready""}, ""raw"": {""call_contacts"": 16.40233078101072, ""text_contacts"": 7.318186830015313}, ""seasonal_index"": {""call_contacts"": 0.9026147756528333, ""text_contacts"": 1.0021081854193907}, ""seasonal_reference"": {""call_contacts"": {""n"": 3, ""periods"": [""2022-08-01"", ""2023-08-01"", ""2024-08-01""], ""value"": 18.17201670463174}, ""text_contacts"": {""n"": 3, ""periods"": [""2022-08-01"", ""2023-08-01"", ""2024-08-01""], ""value"": 7.302791192103266}}}"
1123067,2025-08-01,50s,a2_activity_level_v1_22b454887888,"{""adm_cd"": ""1123067"", ""adm_nm"": ""도곡2동"", ""age_band"": ""50s"", ""date"": ""2025-08-01"", ""interpretation"": ""retrospective_descriptive_not_risk"", ""quality"": {""call_contacts"": ""ready"", ""text_contacts"": ""ready""}, ""raw"": {""call_contacts"": 15.793984615384616, ""text_contacts"": 6.414723076923076}, ""seasonal_index"": {""call_contacts"": 0.9204347557814436, ""text_contacts"": 0.9729631387786201}, ""seasonal_reference"": {""call_contacts"": {""n"": 3, ""periods"": [""2022-08-01"", ""2023-08-01"", ""2024-08-01""], ""value"": 17.159265788454086}, ""text_contacts"": {""n"": 3, ""periods"": [""2022-08-01"", ""2023-08-01"", ""2024-08-01""], ""value"": 6.592976466688764}}}"
1123067,2025-08-01,60plus,a2_activity_level_v1_22b454887888,"{""adm_cd"": ""1123067"", ""adm_nm"": ""도곡2동"", ""age_band"": ""60plus"", ""date"": ""2025-08-01"", ""interpretation"": ""retrospective_descriptive_not_risk"", ""quality"": {""call_contacts"": ""ready"", ""text_contacts"": ""ready""}, ""raw"": {""call_contacts"": 12.861602829958526, ""text_contacts"": 4.800139058306903}, ""seasonal_index"": {""call_contacts"": 0.902017940562778, ""text_contacts"": 0.9679275354129554}, ""seasonal_reference"": {""call_contacts"": {""n"": 3, ""periods"": [""2022-08-01"", ""2023-08-01"", ""2024-08-01""], ""value"": 14.258699579671381}, ""text_contacts"": {""n"": 3, ""periods"": [""2022-08-01"", ""2023-08-01"", ""2024-08-01""], ""value"": 4.959192586931601}}}"
1123067,2025-09-01,20s,a2_activity_level_v1_22b454887888,"{""adm_cd"": ""1123067"", ""adm_nm"": ""도곡2동"", ""age_band"": ""20s"", ""date"": ""2025-09-01"", ""interpretation"": ""retrospective_descriptive_not_risk"", ""quality"": {""call_contacts"": ""ready"", ""text_contacts"": ""ready""}, ""raw"": {""call_contacts"": 6.943972560024945, ""text_contacts"": 3.614184596195822}, ""seasonal_index"": {""call_contacts"": 0.9235829943527051, ""text_contacts"": 0.9523181438017563}, ""seasonal_reference"": {""call_contacts"": {""n"": 3, ""periods"": [""2022-09-01"", ""2023-09-01"", ""2024-09-01""], ""value"": 7.518514960197639}, ""text_contacts"": {""n"": 3, ""periods"": [""2022-09-01"", ""2023-09-01"", ""2024-09-01""], ""value"": 3.795144111995608}}}"
1123067,2025-09-01,30s,a2_activity_level_v1_22b454887888,"{""adm_cd"": ""1123067"", ""adm_nm"": ""도곡2동"", ""age_band"": ""30s"", ""date"": ""2025-09-01"", ""interpretation"": ""retrospective_descriptive_not_risk"", ""quality"": {""call_contacts"": ""ready"", ""text_contacts"": ""ready""}, ""raw"": {""call_contacts"": 12.879709786971286, ""text_contacts"": 5.947261500463106}, ""seasonal_index"": {""call_contacts"": 0.8862545072998699, ""text_contacts"": 0.9730432167830266}, ""seasonal_reference"": {""call_contacts"": {""n"": 3, ""periods"": [""2022-09-01"", ""2023-09-01"", ""2024-09-01""], ""value"": 14.532743902439025}, ""text_contacts"": {""n"": 3, ""periods"": [""2022-09-01"", ""2023-09-01"", ""2024-09-01""], ""value"": 6.112021951219512}}}"
1123067,2025-09-01,40s,a2_activity_level_v1_22b454887888,"{""adm_cd"": ""1123067"", ""adm_nm"": ""도곡2동"", ""age_band"": ""40s"", ""date"": ""2025-09-01"", ""interpretation"": ""retrospective_descriptive_not_risk"", ""quality"": {""call_contacts"": ""ready"", ""text_contacts"": ""ready""}, ""raw"": {""call_contacts"": 16.547835083384804, ""text_contacts"": 7.381349598517604}, ""seasonal_index"": {""call_contacts"": 0.9228699809673006, ""text_contacts"": 0.9976765036693178}, ""seasonal_reference"": {""call_contacts"": {""n"": 3, ""periods"": [""2022-09-01"", ""2023-09-01"", ""2024-09-01""], ""value"": 17.9308412069491}, ""text_contacts"": {""n"": 3, ""periods"": [""2022-09-01"", ""2023-09-01"", ""2024-09-01""], ""value"": 7.398540079244133}}}"
1123067,2025-09-01,50s,a2_activity_level_v1_22b454887888,"{""adm_cd"": ""1123067"", ""adm_nm"": ""도곡2동"", ""age_band"": ""50s"", ""date"": ""2025-09-01"", ""interpretation"": ""retrospective_descriptive_not_risk"", ""quality"": {""call_contacts"": ""ready"", ""text_contacts"": ""ready""}, ""raw"": {""call_contacts"": 16.064419113054342, ""text_contacts"": 6.546283572767021}, ""seasonal_index"": {""call_contacts"": 0.935036611611197, ""text_contacts"": 0.9722221013828425}, ""seasonal_reference"": {""call_contacts"": {""n"": 3, ""periods"": [""2022-09-01"", ""2023-09-01"", ""2024-09-01""], ""value"": 17.18052417794971}, ""text_contacts"": {""n"": 3, ""periods"": [""2022-09-01"", ""2023-09-01"", ""2024-09-01""], ""value"": 6.733321083172147}}}"
1123067,2025-09-01,60plus,a2_activity_level_v1_22b454887888,"{""adm_cd"": ""1123067"", ""adm_nm"": ""도곡2동"", ""age_band"": ""60plus"", ""date"": ""2025-09-01"", ""interpretation"": ""retrospective_descriptive_not_risk"", ""quality"": {""call_contacts"": ""ready"", ""text_contacts"": ""ready""}, ""raw"": {""call_contacts"": 13.257196441452272, ""text_contacts"": 4.997333493628277}, ""seasonal_index"": {""call_contacts"": 0.9306723478556451, ""text_contacts"": 0.9618618139325061}, ""seasonal_reference"": {""call_contacts"": {""n"": 3, ""periods"": [""2022-09-01"", ""2023-09-01"", ""2024-09-01""], ""value"": 14.24475162714147}, ""text_contacts"": {""n"": 3, ""periods"": [""2022-09-01"", ""2023-09-01"", ""2024-09-01""], ""value"": 5.195479663754424}}}"
1123067,2025-10-01,20s,a2_activity_level_v1_22b454887888,"{""adm_cd"": ""1123067"", ""adm_nm"": ""도곡2동"", ""age_band"": ""20s"", ""date"": ""2025-10-01"", ""interpretation"": ""retrospective_descriptive_not_risk"", ""quality"": {""call_contacts"": ""ready"", ""text_contacts"": ""ready""}, ""raw"": {""call_contacts"": 6.73014343623324, ""text_contacts"": 3.461502962270034}, ""seasonal_index"": {""call_contacts"": 0.9065745640821496, ""text_contacts"": 0.8912595563384544}, ""seasonal_reference"": {""call_contacts"": {""n"": 3, ""periods"": [""2022-10-01"", ""2023-10-01"", ""2024-10-01""], ""value"": 7.423706447187928}, ""text_contacts"": {""n"": 3, ""periods"": [""2022-10-01"", ""2023-10-01"", ""2024-10-01""], ""value"": 3.883832647462277}}}"
1123067,2025-10-01,30s,a2_activity_level_v1_22b454887888,"{""adm_cd"": ""1123067"", ""adm_nm"": ""도곡2동"", ""age_band"": ""30s"", ""date"": ""2025-10-01"", ""interpretation"": ""retrospective_descriptive_not_risk"", ""quality"": {""call_contacts"": ""ready"", ""text_contacts"": ""ready""}, ""raw"": {""call_contacts"": 12.755986415560358, ""text_contacts"": 5.73274158690954}, ""seasonal_index"": {""call_contacts"": 0.8992606102330521, ""text_contacts"": 0.9283809157864618}, ""seasonal_reference"": {""call_contacts"": {""n"": 3, ""periods"": [""2022-10-01"", ""2023-10-01"", ""2024-10-01""], ""value"": 14.184971820632196}, ""text_contacts"": {""n"": 3, ""periods"": [""2022-10-01"", ""2023-10-01"", ""2024-10-01""], ""value"": 6.174988616664042}}}"
1123067,2025-10-01,40s,a2_activity_level_v1_22b454887888,"{""adm_cd"": ""1123067"", ""adm_nm"": ""도곡2동"", ""age_band"": ""40s"", ""date"": ""2025-10-01"", ""interpretation"": ""retrospective_descriptive_not_risk"", ""quality"": {""call_contacts"": ""ready"", ""text_contacts"": ""ready""}, ""raw"": {""call_contacts"": 15.89246125232486, ""text_contacts"": 7.051661500309981}, ""seasonal_index"": {""call_contacts"": 0.9031647314389728, ""text_contacts"": 0.9435099160534351}, ""seasonal_reference"": {""call_contacts"": {""n"": 3, ""periods"": [""2022-10-01"", ""2023-10-01"", ""2024-10-01""], ""value"": 17.596414805750992}, ""text_contacts"": {""n"": 3, ""periods"": [""2022-10-01"", ""2023-10-01"", ""2024-10-01""], ""value"": 7.47386050780055}}}"
1123067,2025-10-01,50s,a2_activity_level_v1_22b454887888,"{""adm_cd"": ""1123067"", ""adm_nm"": ""도곡2동"", ""age_band"": ""50s"", ""date"": ""2025-10-01"", ""interpretation"": ""retrospective_descriptive_not_risk"", ""quality"": {""call_contacts"": ""ready"", ""text_contacts"": ""ready""}, ""raw"": {""call_contacts"": 15.506459390862947, ""text_contacts"": 6.296430837563451}, ""seasonal_index"": {""call_contacts"": 0.9246578988171136, ""text_contacts"": 0.9273398710473227}, ""seasonal_reference"": {""call_contacts"": {""n"": 3, ""periods"": [""2022-10-01"", ""2023-10-01"", ""2024-10-01""], ""value"": 16.769942062572422}, ""text_contacts"": {""n"": 3, ""periods"": [""2022-10-01"", ""2023-10-01"", ""2024-10-01""], ""value"": 6.78977690288714}}}"
1123067,2025-10-01,60plus,a2_activity_level_v1_22b454887888,"{""adm_cd"": ""1123067"", ""adm_nm"": ""도곡2동"", ""age_band"": ""60plus"", ""date"": ""2025-10-01"", ""interpretation"": ""retrospective_descriptive_not_risk"", ""quality"": {""call_contacts"": ""ready"", ""text_contacts"": ""ready""}, ""raw"": {""call_contacts"": 13.114722561720852, ""text_contacts"": 4.94385724761672}, ""seasonal_index"": {""call_contacts"": 0.9185703602895979, ""text_contacts"": 0.9427129267764737}, ""seasonal_reference"": {""call_contacts"": {""n"": 3, ""periods"": [""2022-10-01"", ""2023-10-01"", ""2024-10-01""], ""value"": 14.277319548593065}, ""text_contacts"": {""n"": 3, ""periods"": [""2022-10-01"", ""2023-10-01"", ""2024-10-01""], ""value"": 5.244287107127954}}}"
1123067,2025-11-01,20s,a2_activity_level_v1_22b454887888,"{""adm_cd"": ""1123067"", ""adm_nm"": ""도곡2동"", ""age_band"": ""20s"", ""date"": ""2025-11-01"", ""interpretation"": ""retrospective_descriptive_not_risk"", ""quality"": {""call_contacts"": ""ready"", ""text_contacts"": ""ready""}, ""raw"": {""call_contacts"": 6.680857499220456, ""text_contacts"": 3.397340193327097}, ""seasonal_index"": {""call_contacts"": 0.9102233983133526, ""text_contacts"": 0.8735642404048306}, ""seasonal_reference"": {""call_contacts"": {""n"": 3, ""periods"": [""2022-11-01"", ""2023-11-01"", ""2024-11-01""], ""value"": 7.339799780581459}, ""text_contacts"": {""n"": 3, ""periods"": [""2022-11-01"", ""2023-11-01"", ""2024-11-01""], ""value"": 3.889055934515689}}}"
1123067,2025-11-01,30s,a2_activity_level_v1_22b454887888,"{""adm_cd"": ""1123067"", ""adm_nm"": ""도곡2동"", ""age_band"": ""30s"", ""date"": ""2025-11-01"", ""interpretation"": ""retrospective_descriptive_not_risk"", ""quality"": {""call_contacts"": ""ready"", ""text_contacts"": ""ready""}, ""raw"": {""call_contacts"": 12.486835443037975, ""text_contacts"": 5.570222290830502}, ""seasonal_index"": {""call_contacts"": 0.8776768697505835, ""text_contacts"": 0.8893391753879905}, ""seasonal_reference"": {""call_contacts"": {""n"": 3, ""periods"": [""2022-11-01"", ""2023-11-01"", ""2024-11-01""], ""value"": 14.227144263909405}, ""text_contacts"": {""n"": 3, ""periods"": [""2022-11-01"", ""2023-11-01"", ""2024-11-01""], ""value"": 6.263327249022164}}}"
1123067,2025-11-01,40s,a2_activity_level_v1_22b454887888,"{""adm_cd"": ""1123067"", ""adm_nm"": ""도곡2동"", ""age_band"": ""40s"", ""date"": ""2025-11-01"", ""interpretation"": ""retrospective_descriptive_not_risk"", ""quality"": {""call_contacts"": ""ready"", ""text_contacts"": ""ready""}, ""raw"": {""call_contacts"": 15.980907120743035, ""text_contacts"": 6.91866253869969}, ""seasonal_index"": {""call_contacts"": 0.9034039738128905, ""text_contacts"": 0.916631878960424}, ""seasonal_reference"": {""call_contacts"": {""n"": 3, ""periods"": [""2022-11-01"", ""2023-11-01"", ""2024-11-01""], ""value"": 17.689657765500307}, ""text_contacts"": {""n"": 3, ""periods"": [""2022-11-01"", ""2023-11-01"", ""2024-11-01""], ""value"": 7.54791830559758}}}"
1123067,2025-11-01,50s,a2_activity_level_v1_22b454887888,"{""adm_cd"": ""1123067"", ""adm_nm"": ""도곡2동"", ""age_band"": ""50s"", ""date"": ""2025-11-01"", ""interpretation"": ""retrospective_descriptive_not_risk"", ""quality"": {""call_contacts"": ""ready"", ""text_contacts"": ""ready""}, ""raw"": {""call_contacts"": 15.650047288776795, ""text_contacts"": 6.249587011349307}, ""seasonal_index"": {""call_contacts"": 0.9124910642516059, ""text_contacts"": 0.9002108429457514}, ""seasonal_reference"": {""call_contacts"": {""n"": 3, ""periods"": [""2022-11-01"", ""2023-11-01"", ""2024-11-01""], ""value"": 17.150904706790122}, ""text_contacts"": {""n"": 3, ""periods"": [""2022-11-01"", ""2023-11-01"", ""2024-11-01""], ""value"": 6.942359182098766}}}"
1123067,2025-11-01,60plus,a2_activity_level_v1_22b454887888,"{""adm_cd"": ""1123067"", ""adm_nm"": ""도곡2동"", ""age_band"": ""60plus"", ""date"": ""2025-11-01"", ""interpretation"": ""retrospective_descriptive_not_risk"", ""quality"": {""call_contacts"": ""ready"", ""text_contacts"": ""ready""}, ""raw"": {""call_contacts"": 13.399419308008712, ""text_contacts"": 4.90345269779821}, ""seasonal_index"": {""call_contacts"": 0.9189501975850694, ""text_contacts"": 0.9217445728316951}, ""seasonal_reference"": {""call_contacts"": {""n"": 3, ""periods"": [""2022-11-01"", ""2023-11-01"", ""2024-11-01""], ""value"": 14.581224687933425}, ""text_contacts"": {""n"": 3, ""periods"": [""2022-11-01"", ""2023-11-01"", ""2024-11-01""], ""value"": 5.319752176825185}}}"
1123067,2025-12-01,20s,a2_activity_level_v1_22b454887888,"{""adm_cd"": ""1123067"", ""adm_nm"": ""도곡2동"", ""age_band"": ""20s"", ""date"": ""2025-12-01"", ""interpretation"": ""retrospective_descriptive_not_risk"", ""quality"": {""call_contacts"": ""ready"", ""text_contacts"": ""ready""}, ""raw"": {""call_contacts"": 6.719080137199875, ""text_contacts"": 3.303763642033052}, ""seasonal_index"": {""call_contacts"": 0.8919852598339008, ""text_contacts"": 0.8298817329750418}, ""seasonal_reference"": {""call_contacts"": {""n"": 3, ""periods"": [""2022-12-01"", ""2023-12-01"", ""2024-12-01""], ""value"": 7.532725527831094}, ""text_contacts"": {""n"": 3, ""periods"": [""2022-12-01"", ""2023-12-01"", ""2024-12-01""], ""value"": 3.981005377946319}}}"
1123067,2025-12-01,30s,a2_activity_level_v1_22b454887888,"{""adm_cd"": ""1123067"", ""adm_nm"": ""도곡2동"", ""age_band"": ""30s"", ""date"": ""2025-12-01"", ""interpretation"": ""retrospective_descriptive_not_risk"", ""quality"": {""call_contacts"": ""ready"", ""text_contacts"": ""ready""}, ""raw"": {""call_contacts"": 12.55260882988577, ""text_contacts"": 5.323485643717197}, ""seasonal_index"": {""call_contacts"": 0.864678945851615, ""text_contacts"": 0.8409584982557262}, ""seasonal_reference"": {""call_contacts"": {""n"": 3, ""periods"": [""2022-12-01"", ""2023-12-01"", ""2024-12-01""], ""value"": 14.517074678536103}, ""text_contacts"": {""n"": 3, ""periods"": [""2022-12-01"", ""2023-12-01"", ""2024-12-01""], ""value"": 6.330259643916914}}}"
1123067,2025-12-01,40s,a2_activity_level_v1_22b454887888,"{""adm_cd"": ""1123067"", ""adm_nm"": ""도곡2동"", ""age_band"": ""40s"", ""date"": ""2025-12-01"", ""interpretation"": ""retrospective_descriptive_not_risk"", ""quality"": {""call_contacts"": ""ready"", ""text_contacts"": ""ready""}, ""raw"": {""call_contacts"": 16.13467870257038, ""text_contacts"": 6.649602203182375}, ""seasonal_index"": {""call_contacts"": 0.8949918955505504, ""text_contacts"": 0.8668696209957334}, ""seasonal_reference"": {""call_contacts"": {""n"": 3, ""periods"": [""2022-12-01"", ""2023-12-01"", ""2024-12-01""], ""value"": 18.027737215033888}, ""text_contacts"": {""n"": 3, ""periods"": [""2022-12-01"", ""2023-12-01"", ""2024-12-01""], ""value"": 7.670821588538633}}}"
1123067,2025-12-01,50s,a2_activity_level_v1_22b454887888,"{""adm_cd"": ""1123067"", ""adm_nm"": ""도곡2동"", ""age_band"": ""50s"", ""date"": ""2025-12-01"", ""interpretation"": ""retrospective_descriptive_not_risk"", ""quality"": {""call_contacts"": ""ready"", ""text_contacts"": ""ready""}, ""raw"": {""call_contacts"": 15.618686386768449, ""text_contacts"": 5.950709287531806}, ""seasonal_index"": {""call_contacts"": 0.9096091426250752, ""text_contacts"": 0.8536489250815184}, ""seasonal_reference"": {""call_contacts"": {""n"": 3, ""periods"": [""2022-12-01"", ""2023-12-01"", ""2024-12-01""], ""value"": 17.17076671161626}, ""text_contacts"": {""n"": 3, ""periods"": [""2022-12-01"", ""2023-12-01"", ""2024-12-01""], ""value"": 6.970909366474689}}}"
1123067,2025-12-01,60plus,a2_activity_level_v1_22b454887888,"{""adm_cd"": ""1123067"", ""adm_nm"": ""도곡2동"", ""age_band"": ""60plus"", ""date"": ""2025-12-01"", ""interpretation"": ""retrospective_descriptive_not_risk"", ""quality"": {""call_contacts"": ""ready"", ""text_contacts"": ""ready""}, ""raw"": {""call_contacts"": 13.319518808011725, ""text_contacts"": 4.673031265266244}, ""seasonal_index"": {""call_contacts"": 0.9307435068946428, ""text_contacts"": 0.8817374273694771}, ""seasonal_reference"": {""call_contacts"": {""n"": 3, ""periods"": [""2022-12-01"", ""2023-12-01"", ""2024-12-01""], ""value"": 14.310622324351549}, ""text_contacts"": {""n"": 3, ""periods"": [""2022-12-01"", ""2023-12-01"", ""2024-12-01""], ""value"": 5.29979914679077}}}"
1123068,2025-07-01,20s,a2_activity_level_v1_22b454887888,"{""adm_cd"": ""1123068"", ""adm_nm"": ""개포1동"", ""age_band"": ""20s"", ""date"": ""2025-07-01"", ""interpretation"": ""retrospective_descriptive_not_risk"", ""quality"": {""call_contacts"": ""ready"", ""text_contacts"": ""ready""}, ""raw"": {""call_contacts"": 6.679400000000001, ""text_contacts"": 3.457211111111111}, ""seasonal_index"": {""call_contacts"": 0.9783409727976108, ""text_contacts"": 0.9393950678028159}, ""seasonal_reference"": {""call_contacts"": {""n"": 3, ""periods"": [""2022-07-01"", ""2023-07-01"", ""2024-07-01""], ""value"": 6.827272071515058}, ""text_contacts"": {""n"": 3, ""periods"": [""2022-07-01"", ""2023-07-01"", ""2024-07-01""], ""value"": 3.680252568493151}}}"
1123068,2025-07-01,30s,a2_activity_level_v1_22b454887888,"{""adm_cd"": ""1123068"", ""adm_nm"": ""개포1동"", ""age_band"": ""30s"", ""date"": ""2025-07-01"", ""interpretation"": ""retrospective_descriptive_not_risk"", ""quality"": {""call_contacts"": ""ready"", ""text_contacts"": ""ready""}, ""raw"": {""call_contacts"": 13.252959814528595, ""text_contacts"": 6.065703245749614}, ""seasonal_index"": {""call_contacts"": 0.9292332011503471, ""text_contacts"": 1.0712472986115986}, ""seasonal_reference"": {""call_contacts"": {""n"": 3, ""periods"": [""2022-07-01"", ""2023-07-01"", ""2024-07-01""], ""value"": 14.26225386493084}, ""text_contacts"": {""n"": 3, ""periods"": [""2022-07-01"", ""2023-07-01"", ""2024-07-01""], ""value"": 5.662281019155084}}}"
1123068,2025-07-01,40s,a2_activity_level_v1_22b454887888,"{""adm_cd"": ""1123068"", ""adm_nm"": ""개포1동"", ""age_band"": ""40s"", ""date"": ""2025-07-01"", ""interpretation"": ""retrospective_descriptive_not_risk"", ""quality"": {""call_contacts"": ""ready"", ""text_contacts"": ""ready""}, ""raw"": {""call_contacts"": 16.7641611521993, ""text_contacts"": 7.258976255352276}, ""seasonal_index"": {""call_contacts"": 0.8589446268400289, ""text_contacts"": 0.9838762253854969}, ""seasonal_reference"": {""call_contacts"": {""n"": 3, ""periods"": [""2022-07-01"", ""2023-07-01"", ""2024-07-01""], ""value"": 19.51716167533752}, ""text_contacts"": {""n"": 3, ""periods"": [""2022-07-01"", ""2023-07-01"", ""2024-07-01""], ""value"": 7.377936439624918}}}"
1123068,2025-07-01,50s,a2_activity_level_v1_22b454887888,"{""adm_cd"": ""1123068"", ""adm_nm"": ""개포1동"", ""age_band"": ""50s"", ""date"": ""2025-07-01"", ""interpretation"": ""retrospective_descriptive_not_risk"", ""quality"": {""call_contacts"": ""ready"", ""text_contacts"": ""ready""}, ""raw"": {""call_contacts"": 16.791991362763916, ""text_contacts"": 6.650287907869482}, ""seasonal_index"": {""call_contacts"": 0.9556001725612426, ""text_contacts"": 1.006367393953559}, ""seasonal_reference"": {""call_contacts"": {""n"": 3, ""periods"": [""2022-07-01"", ""2023-07-01"", ""2024-07-01""], ""value"": 17.572193732193732}, ""text_contacts"": {""n"": 3, ""periods"": [""2022-07-01"", ""2023-07-01"", ""2024-07-01""], ""value"": 6.608210826210826}}}"
1123068,2025-07-01,60plus,a2_activity_level_v1_22b454887888,"{""adm_cd"": ""1123068"", ""adm_nm"": ""개포1동"", ""age_band"": ""60plus"", ""date"": ""2025-07-01"", ""interpretation"": ""retrospective_descriptive_not_risk"", ""quality"": {""call_contacts"": ""ready"", ""text_contacts"": ""ready""}, ""raw"": {""call_contacts"": 12.849004524886878, ""text_contacts"": 4.936410256410257}, ""seasonal_index"": {""call_contacts"": 0.922194542190129, ""text_contacts"": 0.9817137540908077}, ""seasonal_reference"": {""call_contacts"": {""n"": 3, ""periods"": [""2022-07-01"", ""2023-07-01"", ""2024-07-01""], ""value"": 13.933073703051473}, ""text_contacts"": {""n"": 3, ""periods"": [""2022-07-01"", ""2023-07-01"", ""2024-07-01""], ""value"": 5.028360085452814}}}"
1123068,2025-08-01,20s,a2_activity_level_v1_22b454887888,"{""adm_cd"": ""1123068"", ""adm_nm"": ""개포1동"", ""age_band"": ""20s"", ""date"": ""2025-08-01"", ""interpretation"": ""retrospective_descriptive_not_risk"", ""quality"": {""call_contacts"": ""ready"", ""text_contacts"": ""ready""}, ""raw"": {""call_contacts"": 6.639487471526195, ""text_contacts"": 3.484760820045558}, ""seasonal_index"": {""call_contacts"": 0.9930603206599606, ""text_contacts"": 0.9443051956173018}, ""seasonal_reference"": {""call_contacts"": {""n"": 3, ""periods"": [""2022-08-01"", ""2023-08-01"", ""2024-08-01""], ""value"": 6.685885372112918}, ""text_contacts"": {""n"": 3, ""periods"": [""2022-08-01"", ""2023-08-01"", ""2024-08-01""], ""value"": 3.690290846877672}}}"
1123068,2025-08-01,30s,a2_activity_level_v1_22b454887888,"{""adm_cd"": ""1123068"", ""adm_nm"": ""개포1동"", ""age_band"": ""30s"", ""date"": ""2025-08-01"", ""interpretation"": ""retrospective_descriptive_not_risk"", ""quality"": {""call_contacts"": ""ready"", ""text_contacts"": ""ready""}, ""raw"": {""call_contacts"": 12.945179407176285, ""text_contacts"": 5.983642745709829}, ""seasonal_index"": {""call_contacts"": 0.9467450195905762, ""text_contacts"": 1.065634598705176}, ""seasonal_reference"": {""call_contacts"": {""n"": 3, ""periods"": [""2022-08-01"", ""2023-08-01"", ""2024-08-01""], ""value"": 13.673353584447142}, ""text_contacts"": {""n"": 3, ""periods"": [""2022-08-01"", ""2023-08-01"", ""2024-08-01""], ""value"": 5.615098039215686}}}"
1123068,2025-08-01,40s,a2_activity_level_v1_22b454887888,"{""adm_cd"": ""1123068"", ""adm_nm"": ""개포1동"", ""age_band"": ""40s"", ""date"": ""2025-08-01"", ""interpretation"": ""retrospective_descriptive_not_risk"", ""quality"": {""call_contacts"": ""ready"", ""text_contacts"": ""ready""}, ""raw"": {""call_contacts"": 16.47944182389937, ""text_contacts"": 7.245774371069182}, ""seasonal_index"": {""call_contacts"": 0.8482889307770409, ""text_contacts"": 0.9695661988623253}, ""seasonal_reference"": {""call_contacts"": {""n"": 3, ""periods"": [""2022-08-01"", ""2023-08-01"", ""2024-08-01""], ""value"": 19.426684972541185}, ""text_contacts"": {""n"": 3, ""periods"": [""2022-08-01"", ""2023-08-01"", ""2024-08-01""], ""value"": 7.473212638364732}}}"
1123068,2025-08-01,50s,a2_activity_level_v1_22b454887888,"{""adm_cd"": ""1123068"", ""adm_nm"": ""개포1동"", ""age_band"": ""50s"", ""date"": ""2025-08-01"", ""interpretation"": ""retrospective_descriptive_not_risk"", ""quality"": {""call_contacts"": ""ready"", ""text_contacts"": ""ready""}, ""raw"": {""call_contacts"": 16.419493243243245, ""text_contacts"": 6.550950772200772}, ""seasonal_index"": {""call_contacts"": 0.9508488780315192, ""text_contacts"": 1.0061726952148122}, ""seasonal_reference"": {""call_contacts"": {""n"": 3, ""periods"": [""2022-08-01"", ""2023-08-01"", ""2024-08-01""], ""value"": 17.268246955536675}, ""text_contacts"": {""n"": 3, ""periods"": [""2022-08-01"", ""2023-08-01"", ""2024-08-01""], ""value"": 6.510761823845936}}}"
1123068,2025-08-01,60plus,a2_activity_level_v1_22b454887888,"{""adm_cd"": ""1123068"", ""adm_nm"": ""개포1동"", ""age_band"": ""60plus"", ""date"": ""2025-08-01"", ""interpretation"": ""retrospective_descriptive_not_risk"", ""quality"": {""call_contacts"": ""ready"", ""text_contacts"": ""ready""}, ""raw"": {""call_contacts"": 12.406166730110392, ""text_contacts"": 4.883159497525695}, ""seasonal_index"": {""call_contacts"": 0.9150282991024542, ""text_contacts"": 0.987517584785384}, ""seasonal_reference"": {""call_contacts"": {""n"": 3, ""periods"": [""2022-08-01"", ""2023-08-01"", ""2024-08-01""], ""value"": 13.558232835289934}, ""text_contacts"": {""n"": 3, ""periods"": [""2022-08-01"", ""2023-08-01"", ""2024-08-01""], ""value"": 4.944883587654742}}}"
1123068,2025-09-01,20s,a2_activity_level_v1_22b454887888,"{""adm_cd"": ""1123068"", ""adm_nm"": ""개포1동"", ""age_band"": ""20s"", ""date"": ""2025-09-01"", ""interpretation"": ""retrospective_descriptive_not_risk"", ""quality"": {""call_contacts"": ""ready"", ""text_contacts"": ""ready""}, ""raw"": {""call_contacts"": 6.533128911138924, ""text_contacts"": 3.482966207759699}, ""seasonal_index"": {""call_contacts"": 0.9890258181683433, ""text_contacts"": 0.9745337757007475}, ""seasonal_reference"": {""call_contacts"": {""n"": 3, ""periods"": [""2022-09-01"", ""2023-09-01"", ""2024-09-01""], ""value"": 6.605620188195038}, ""text_contacts"": {""n"": 3, ""periods"": [""2022-09-01"", ""2023-09-01"", ""2024-09-01""], ""value"": 3.573982035928144}}}"
1123068,2025-09-01,30s,a2_activity_level_v1_22b454887888,"{""adm_cd"": ""1123068"", ""adm_nm"": ""개포1동"", ""age_band"": ""30s"", ""date"": ""2025-09-01"", ""interpretation"": ""retrospective_descriptive_not_risk"", ""quality"": {""call_contacts"": ""ready"", ""text_contacts"": ""ready""}, ""raw"": {""call_contacts"": 13.304464425332291, ""text_contacts"": 6.071915559030492}, ""seasonal_index"": {""call_contacts"": 0.9569708420253461, ""text_contacts"": 1.0700742370390792}, ""seasonal_reference"": {""call_contacts"": {""n"": 3, ""periods"": [""2022-09-01"", ""2023-09-01"", ""2024-09-01""], ""value"": 13.902685265911073}, ""text_contacts"": {""n"": 3, ""periods"": [""2022-09-01"", ""2023-09-01"", ""2024-09-01""], ""value"": 5.674293753517164}}}"
1123068,2025-09-01,40s,a2_activity_level_v1_22b454887888,"{""adm_cd"": ""1123068"", ""adm_nm"": ""개포1동"", ""age_band"": ""40s"", ""date"": ""2025-09-01"", ""interpretation"": ""retrospective_descriptive_not_risk"", ""quality"": {""call_contacts"": ""ready"", ""text_contacts"": ""ready""}, ""raw"": {""call_contacts"": 16.574368316831684, ""text_contacts"": 7.246118811881188}, ""seasonal_index"": {""call_contacts"": 0.8903866007202472, ""text_contacts"": 0.9785769030896467}, ""seasonal_reference"": {""call_contacts"": {""n"": 3, ""periods"": [""2022-09-01"", ""2023-09-01"", ""2024-09-01""], ""value"": 18.6147997997998}, ""text_contacts"": {""n"": 3, ""periods"": [""2022-09-01"", ""2023-09-01"", ""2024-09-01""], ""value"": 7.404751521319501}}}"
1123068,2025-09-01,50s,a2_activity_level_v1_22b454887888,"{""adm_cd"": ""1123068"", ""adm_nm"": ""개포1동"", ""age_band"": ""50s"", ""date"": ""2025-09-01"", ""interpretation"": ""retrospective_descriptive_not_risk"", ""quality"": {""call_contacts"": ""ready"", ""text_contacts"": ""ready""}, ""raw"": {""call_contacts"": 16.64197387518142, ""text_contacts"": 6.647513304305758}, ""seasonal_index"": {""call_contacts"": 0.9655852438001769, ""text_contacts"": 0.9927035227303171}, ""seasonal_reference"": {""call_contacts"": {""n"": 3, ""periods"": [""2022-09-01"", ""2023-09-01"", ""2024-09-01""], ""value"": 17.2351161971831}, ""text_contacts"": {""n"": 3, ""periods"": [""2022-09-01"", ""2023-09-01"", ""2024-09-01""], ""value"": 6.69637323943662}}}"
1123068,2025-09-01,60plus,a2_activity_level_v1_22b454887888,"{""adm_cd"": ""1123068"", ""adm_nm"": ""개포1동"", ""age_band"": ""60plus"", ""date"": ""2025-09-01"", ""interpretation"": ""retrospective_descriptive_not_risk"", ""quality"": {""call_contacts"": ""ready"", ""text_contacts"": ""ready""}, ""raw"": {""call_contacts"": 12.68475131876413, ""text_contacts"": 4.990949510173323}, ""seasonal_index"": {""call_contacts"": 0.9163524985347165, ""text_contacts"": 0.9687673908674784}, ""seasonal_reference"": {""call_contacts"": {""n"": 3, ""periods"": [""2022-09-01"", ""2023-09-01"", ""2024-09-01""], ""value"": 13.842654807017544}, ""text_contacts"": {""n"": 3, ""periods"": [""2022-09-01"", ""2023-09-01"", ""2024-09-01""], ""value"": 5.151855396065922}}}"
1123068,2025-10-01,20s,a2_activity_level_v1_22b454887888,"{""adm_cd"": ""1123068"", ""adm_nm"": ""개포1동"", ""age_band"": ""20s"", ""date"": ""2025-10-01"", ""interpretation"": ""retrospective_descriptive_not_risk"", ""quality"": {""call_contacts"": ""ready"", ""text_contacts"": ""ready""}, ""raw"": {""call_contacts"": 6.49656862745098, ""text_contacts"": 3.35625}, ""seasonal_index"": {""call_contacts"": 0.9580667843892056, ""text_contacts"": 0.9262832123110035}, ""seasonal_reference"": {""call_contacts"": {""n"": 3, ""periods"": [""2022-10-01"", ""2023-10-01"", ""2024-10-01""], ""value"": 6.780914163090128}, ""text_contacts"": {""n"": 3, ""periods"": [""2022-10-01"", ""2023-10-01"", ""2024-10-01""], ""value"": 3.623351859769132}}}"
1123068,2025-10-01,30s,a2_activity_level_v1_22b454887888,"{""adm_cd"": ""1123068"", ""adm_nm"": ""개포1동"", ""age_band"": ""30s"", ""date"": ""2025-10-01"", ""interpretation"": ""retrospective_descriptive_not_risk"", ""quality"": {""call_contacts"": ""ready"", ""text_contacts"": ""ready""}, ""raw"": {""call_contacts"": 13.101205564142195, ""text_contacts"": 5.898253477588872}, ""seasonal_index"": {""call_contacts"": 0.9432481754048181, ""text_contacts"": 1.0229578295988484}, ""seasonal_reference"": {""call_contacts"": {""n"": 3, ""periods"": [""2022-10-01"", ""2023-10-01"", ""2024-10-01""], ""value"": 13.889457627118643}, ""text_contacts"": {""n"": 3, ""periods"": [""2022-10-01"", ""2023-10-01"", ""2024-10-01""], ""value"": 5.765881355932204}}}"
1123068,2025-10-01,40s,a2_activity_level_v1_22b454887888,"{""adm_cd"": ""1123068"", ""adm_nm"": ""개포1동"", ""age_band"": ""40s"", ""date"": ""2025-10-01"", ""interpretation"": ""retrospective_descriptive_not_risk"", ""quality"": {""call_contacts"": ""ready"", ""text_contacts"": ""ready""}, ""raw"": {""call_contacts"": 16.06285936285936, ""text_contacts"": 7.000808080808081}, ""seasonal_index"": {""call_contacts"": 0.8561296495647485, ""text_contacts"": 0.9383548585842024}, ""seasonal_reference"": {""call_contacts"": {""n"": 3, ""periods"": [""2022-10-01"", ""2023-10-01"", ""2024-10-01""], ""value"": 18.762180904522612}, ""text_contacts"": {""n"": 3, ""periods"": [""2022-10-01"", ""2023-10-01"", ""2024-10-01""], ""value"": 7.460725563217053}}}"
1123068,2025-10-01,50s,a2_activity_level_v1_22b454887888,"{""adm_cd"": ""1123068"", ""adm_nm"": ""개포1동"", ""age_band"": ""50s"", ""date"": ""2025-10-01"", ""interpretation"": ""retrospective_descriptive_not_risk"", ""quality"": {""call_contacts"": ""ready"", ""text_contacts"": ""ready""}, ""raw"": {""call_contacts"": 16.154520872865273, ""text_contacts"": 6.456669829222013}, ""seasonal_index"": {""call_contacts"": 0.9632618397425856, ""text_contacts"": 0.9684958207855197}, ""seasonal_reference"": {""call_contacts"": {""n"": 3, ""periods"": [""2022-10-01"", ""2023-10-01"", ""2024-10-01""], ""value"": 16.77064345991561}, ""text_contacts"": {""n"": 3, ""periods"": [""2022-10-01"", ""2023-10-01"", ""2024-10-01""], ""value"": 6.666698699830413}}}"
1123068,2025-10-01,60plus,a2_activity_level_v1_22b454887888,"{""adm_cd"": ""1123068"", ""adm_nm"": ""개포1동"", ""age_band"": ""60plus"", ""date"": ""2025-10-01"", ""interpretation"": ""retrospective_descriptive_not_risk"", ""quality"": {""call_contacts"": ""ready"", ""text_contacts"": ""ready""}, ""raw"": {""call_contacts"": 12.572909024211299, ""text_contacts"": 4.954508437270726}, ""seasonal_index"": {""call_contacts"": 0.8964473109665593, ""text_contacts"": 0.9510164932170423}, ""seasonal_reference"": {""call_contacts"": {""n"": 3, ""periods"": [""2022-10-01"", ""2023-10-01"", ""2024-10-01""], ""value"": 14.025262690179806}, ""text_contacts"": {""n"": 3, ""periods"": [""2022-10-01"", ""2023-10-01"", ""2024-10-01""], ""value"": 5.20969769989047}}}"
1123068,2025-11-01,20s,a2_activity_level_v1_22b454887888,"{""adm_cd"": ""1123068"", ""adm_nm"": ""개포1동"", ""age_band"": ""20s"", ""date"": ""2025-11-01"", ""interpretation"": ""retrospective_descriptive_not_risk"", ""quality"": {""call_contacts"": ""ready"", ""text_contacts"": ""ready""}, ""raw"": {""call_contacts"": 6.507242647058823, ""text_contacts"": 3.336274509803922}, ""seasonal_index"": {""call_contacts"": 0.9339931688727405, ""text_contacts"": 0.8847909714080455}, ""seasonal_reference"": {""call_contacts"": {""n"": 3, ""periods"": [""2022-11-01"", ""2023-11-01"", ""2024-11-01""], ""value"": 6.96712017167382}, ""text_contacts"": {""n"": 3, ""periods"": [""2022-11-01"", ""2023-11-01"", ""2024-11-01""], ""value"": 3.770692307692308}}}"
1123068,2025-11-01,30s,a2_activity_level_v1_22b454887888,"{""adm_cd"": ""1123068"", ""adm_nm"": ""개포1동"", ""age_band"": ""30s"", ""date"": ""2025-11-01"", ""interpretation"": ""retrospective_descriptive_not_risk"", ""quality"": {""call_contacts"": ""ready"", ""text_contacts"": ""ready""}, ""raw"": {""call_contacts"": 13.308975346687212, ""text_contacts"": 5.809229583975346}, ""seasonal_index"": {""call_contacts"": 0.9743358515480307, ""text_contacts"": 1.0195582034521864}, ""seasonal_reference"": {""call_contacts"": {""n"": 3, ""periods"": [""2022-11-01"", ""2023-11-01"", ""2024-11-01""], ""value"": 13.659535698642138}, ""text_contacts"": {""n"": 3, ""periods"": [""2022-11-01"", ""2023-11-01"", ""2024-11-01""], ""value"": 5.6977910278251}}}"
1123068,2025-11-01,40s,a2_activity_level_v1_22b454887888,"{""adm_cd"": ""1123068"", ""adm_nm"": ""개포1동"", ""age_band"": ""40s"", ""date"": ""2025-11-01"", ""interpretation"": ""retrospective_descriptive_not_risk"", ""quality"": {""call_contacts"": ""ready"", ""text_contacts"": ""ready""}, ""raw"": {""call_contacts"": 16.137786021085514, ""text_contacts"": 6.831952362358454}, ""seasonal_index"": {""call_contacts"": 0.872520152527364, ""text_contacts"": 0.9215659262093852}, ""seasonal_reference"": {""call_contacts"": {""n"": 3, ""periods"": [""2022-11-01"", ""2023-11-01"", ""2024-11-01""], ""value"": 18.49560262228946}, ""text_contacts"": {""n"": 3, ""periods"": [""2022-11-01"", ""2023-11-01"", ""2024-11-01""], ""value"": 7.413416846323585}}}"
1123068,2025-11-01,50s,a2_activity_level_v1_22b454887888,"{""adm_cd"": ""1123068"", ""adm_nm"": ""개포1동"", ""age_band"": ""50s"", ""date"": ""2025-11-01"", ""interpretation"": ""retrospective_descriptive_not_risk"", ""quality"": {""call_contacts"": ""ready"", ""text_contacts"": ""ready""}, ""raw"": {""call_contacts"": 16.296211180124224, ""text_contacts"": 6.387802197802198}, ""seasonal_index"": {""call_contacts"": 0.9638029112657852, ""text_contacts"": 0.9441593340874419}, ""seasonal_reference"": {""call_contacts"": {""n"": 3, ""periods"": [""2022-11-01"", ""2023-11-01"", ""2024-11-01""], ""value"": 16.908240252897787}, ""text_contacts"": {""n"": 3, ""periods"": [""2022-11-01"", ""2023-11-01"", ""2024-11-01""], ""value"": 6.765597677404947}}}"
1123068,2025-11-01,60plus,a2_activity_level_v1_22b454887888,"{""adm_cd"": ""1123068"", ""adm_nm"": ""개포1동"", ""age_band"": ""60plus"", ""date"": ""2025-11-01"", ""interpretation"": ""retrospective_descriptive_not_risk"", ""quality"": {""call_contacts"": ""ready"", ""text_contacts"": ""ready""}, ""raw"": {""call_contacts"": 12.724550682961898, ""text_contacts"": 4.939468008626886}, ""seasonal_index"": {""call_contacts"": 0.8972064144116627, ""text_contacts"": 0.921540212936759}, ""seasonal_reference"": {""call_contacts"": {""n"": 3, ""periods"": [""2022-11-01"", ""2023-11-01"", ""2024-11-01""], ""value"": 14.182411626321173}, ""text_contacts"": {""n"": 3, ""periods"": [""2022-11-01"", ""2023-11-01"", ""2024-11-01""], ""value"": 5.360013528748591}}}"
1123068,2025-12-01,20s,a2_activity_level_v1_22b454887888,"{""adm_cd"": ""1123068"", ""adm_nm"": ""개포1동"", ""age_band"": ""20s"", ""date"": ""2025-12-01"", ""interpretation"": ""retrospective_descriptive_not_risk"", ""quality"": {""call_contacts"": ""ready"", ""text_contacts"": ""ready""}, ""raw"": {""call_contacts"": 6.571252955082742, ""text_contacts"": 3.160283687943263}, ""seasonal_index"": {""call_contacts"": 0.8848359987509761, ""text_contacts"": 0.810867227322189}, ""seasonal_reference"": {""call_contacts"": {""n"": 3, ""periods"": [""2022-12-01"", ""2023-12-01"", ""2024-12-01""], ""value"": 7.426520806520807}, ""text_contacts"": {""n"": 3, ""periods"": [""2022-12-01"", ""2023-12-01"", ""2024-12-01""], ""value"": 3.897412031782066}}}"
1123068,2025-12-01,30s,a2_activity_level_v1_22b454887888,"{""adm_cd"": ""1123068"", ""adm_nm"": ""개포1동"", ""age_band"": ""30s"", ""date"": ""2025-12-01"", ""interpretation"": ""retrospective_descriptive_not_risk"", ""quality"": {""call_contacts"": ""ready"", ""text_contacts"": ""ready""}, ""raw"": {""call_contacts"": 13.16390491036633, ""text_contacts"": 5.561878409976618}, ""seasonal_index"": {""call_contacts"": 0.8828885171021398, ""text_contacts"": 0.8777313990800271}, ""seasonal_reference"": {""call_contacts"": {""n"": 3, ""periods"": [""2022-12-01"", ""2023-12-01"", ""2024-12-01""], ""value"": 14.910042044236285}, ""text_contacts"": {""n"": 3, ""periods"": [""2022-12-01"", ""2023-12-01"", ""2024-12-01""], ""value"": 6.336651982378854}}}"
1123068,2025-12-01,40s,a2_activity_level_v1_22b454887888,"{""adm_cd"": ""1123068"", ""adm_nm"": ""개포1동"", ""age_band"": ""40s"", ""date"": ""2025-12-01"", ""interpretation"": ""retrospective_descriptive_not_risk"", ""quality"": {""call_contacts"": ""ready"", ""text_contacts"": ""ready""}, ""raw"": {""call_contacts"": 16.51298355520752, ""text_contacts"": 6.651472200469851}, ""seasonal_index"": {""call_contacts"": 0.8629359094745428, ""text_contacts"": 0.8805495682740826}, ""seasonal_reference"": {""call_contacts"": {""n"": 3, ""periods"": [""2022-12-01"", ""2023-12-01"", ""2024-12-01""], ""value"": 19.13581689428427}, ""text_contacts"": {""n"": 3, ""periods"": [""2022-12-01"", ""2023-12-01"", ""2024-12-01""], ""value"": 7.553773734177215}}}"
1123068,2025-12-01,50s,a2_activity_level_v1_22b454887888,"{""adm_cd"": ""1123068"", ""adm_nm"": ""개포1동"", ""age_band"": ""50s"", ""date"": ""2025-12-01"", ""interpretation"": ""retrospective_descriptive_not_risk"", ""quality"": {""call_contacts"": ""ready"", ""text_contacts"": ""ready""}, ""raw"": {""call_contacts"": 16.373609129814554, ""text_contacts"": 6.117731811697575}, ""seasonal_index"": {""call_contacts"": 0.9305005471570457, ""text_contacts"": 0.9050632771860991}, ""seasonal_reference"": {""call_contacts"": {""n"": 3, ""periods"": [""2022-12-01"", ""2023-12-01"", ""2024-12-01""], ""value"": 17.596560453232158}, ""text_contacts"": {""n"": 3, ""periods"": [""2022-12-01"", ""2023-12-01"", ""2024-12-01""], ""value"": 6.759452036014546}}}"
1123068,2025-12-01,60plus,a2_activity_level_v1_22b454887888,"{""adm_cd"": ""1123068"", ""adm_nm"": ""개포1동"", ""age_band"": ""60plus"", ""date"": ""2025-12-01"", ""interpretation"": ""retrospective_descriptive_not_risk"", ""quality"": {""call_contacts"": ""ready"", ""text_contacts"": ""ready""}, ""raw"": {""call_contacts"": 12.707638244737781, ""text_contacts"": 4.783745986443097}, ""seasonal_index"": {""call_contacts"": 0.8851295356877908, ""text_contacts"": 0.91003671547572}, ""seasonal_reference"": {""call_contacts"": {""n"": 3, ""periods"": [""2022-12-01"", ""2023-12-01"", ""2024-12-01""], ""value"": 14.35681189292062}, ""text_contacts"": {""n"": 3, ""periods"": [""2022-12-01"", ""2023-12-01"", ""2024-12-01""], ""value"": 5.256651632942527}}}"
1123071,2025-07-01,20s,a2_activity_level_v1_22b454887888,"{""adm_cd"": ""1123071"", ""adm_nm"": ""개포4동"", ""age_band"": ""20s"", ""date"": ""2025-07-01"", ""interpretation"": ""retrospective_descriptive_not_risk"", ""quality"": {""call_contacts"": ""ready"", ""text_contacts"": ""ready""}, ""raw"": {""call_contacts"": 7.742059130434782, ""text_contacts"": 3.910052173913043}, ""seasonal_index"": {""call_contacts"": 0.9208449256004881, ""text_contacts"": 0.955599000590525}, ""seasonal_reference"": {""call_contacts"": {""n"": 3, ""periods"": [""2022-07-01"", ""2023-07-01"", ""2024-07-01""], ""value"": 8.407560182173064}, ""text_contacts"": {""n"": 3, ""periods"": [""2022-07-01"", ""2023-07-01"", ""2024-07-01""], ""value"": 4.091729032258065}}}"
1123071,2025-07-01,30s,a2_activity_level_v1_22b454887888,"{""adm_cd"": ""1123071"", ""adm_nm"": ""개포4동"", ""age_band"": ""30s"", ""date"": ""2025-07-01"", ""interpretation"": ""retrospective_descriptive_not_risk"", ""quality"": {""call_contacts"": ""ready"", ""text_contacts"": ""ready""}, ""raw"": {""call_contacts"": 12.951056233263909, ""text_contacts"": 5.802490330258852}, ""seasonal_index"": {""call_contacts"": 0.8899222174724222, ""text_contacts"": 0.9547270918122267}, ""seasonal_reference"": {""call_contacts"": {""n"": 3, ""periods"": [""2022-07-01"", ""2023-07-01"", ""2024-07-01""], ""value"": 14.553020453908658}, ""text_contacts"": {""n"": 3, ""periods"": [""2022-07-01"", ""2023-07-01"", ""2024-07-01""], ""value"": 6.077642899233942}}}"
1123071,2025-07-01,40s,a2_activity_level_v1_22b454887888,"{""adm_cd"": ""1123071"", ""adm_nm"": ""개포4동"", ""age_band"": ""40s"", ""date"": ""2025-07-01"", ""interpretation"": ""retrospective_descriptive_not_risk"", ""quality"": {""call_contacts"": ""ready"", ""text_contacts"": ""ready""}, ""raw"": {""call_contacts"": 16.635541795665635, ""text_contacts"": 6.751346749226006}, ""seasonal_index"": {""call_contacts"": 0.9331240464452051, ""text_contacts"": 0.9588398527215876}, ""seasonal_reference"": {""call_contacts"": {""n"": 3, ""periods"": [""2022-07-01"", ""2023-07-01"", ""2024-07-01""], ""value"": 17.827792413066387}, ""text_contacts"": {""n"": 3, ""periods"": [""2022-07-01"", ""2023-07-01"", ""2024-07-01""], ""value"": 7.041162014764892}}}"
1123071,2025-07-01,50s,a2_activity_level_v1_22b454887888,"{""adm_cd"": ""1123071"", ""adm_nm"": ""개포4동"", ""age_band"": ""50s"", ""date"": ""2025-07-01"", ""interpretation"": ""retrospective_descriptive_not_risk"", ""quality"": {""call_contacts"": ""ready"", ""text_contacts"": ""ready""}, ""raw"": {""call_contacts"": 16.86227152667723, ""text_contacts"": 6.227860538827257}, ""seasonal_index"": {""call_contacts"": 0.9014932915722313, ""text_contacts"": 0.9650360909697484}, ""seasonal_reference"": {""call_contacts"": {""n"": 3, ""periods"": [""2022-07-01"", ""2023-07-01"", ""2024-07-01""], ""value"": 18.70482197074248}, ""text_contacts"": {""n"": 3, ""periods"": [""2022-07-01"", ""2023-07-01"", ""2024-07-01""], ""value"": 6.453500130310138}}}"
1123071,2025-07-01,60plus,a2_activity_level_v1_22b454887888,"{""adm_cd"": ""1123071"", ""adm_nm"": ""개포4동"", ""age_band"": ""60plus"", ""date"": ""2025-07-01"", ""interpretation"": ""retrospective_descriptive_not_risk"", ""quality"": {""call_contacts"": ""ready"", ""text_contacts"": ""ready""}, ""raw"": {""call_contacts"": 13.758978574067235, ""text_contacts"": 4.485899519763575}, ""seasonal_index"": {""call_contacts"": 0.9028725890586453, ""text_contacts"": 0.9399825071611464}, ""seasonal_reference"": {""call_contacts"": {""n"": 3, ""periods"": [""2022-07-01"", ""2023-07-01"", ""2024-07-01""], ""value"": 15.239114290104485}, ""text_contacts"": {""n"": 3, ""periods"": [""2022-07-01"", ""2023-07-01"", ""2024-07-01""], ""value"": 4.772322341733251}}}"
1123071,2025-08-01,20s,a2_activity_level_v1_22b454887888,"{""adm_cd"": ""1123071"", ""adm_nm"": ""개포4동"", ""age_band"": ""20s"", ""date"": ""2025-08-01"", ""interpretation"": ""retrospective_descriptive_not_risk"", ""quality"": {""call_contacts"": ""ready"", ""text_contacts"": ""ready""}, ""raw"": {""call_contacts"": 7.594914782608696, ""text_contacts"": 3.865286956521739}, ""seasonal_index"": {""call_contacts"": 0.8948182634696424, ""text_contacts"": 0.9397445410768579}, ""seasonal_reference"": {""call_contacts"": {""n"": 3, ""periods"": [""2022-08-01"", ""2023-08-01"", ""2024-08-01""], ""value"": 8.487661788617887}, ""text_contacts"": {""n"": 3, ""periods"": [""2022-08-01"", ""2023-08-01"", ""2024-08-01""], ""value"": 4.113125203252032}}}"
1123071,2025-08-01,30s,a2_activity_level_v1_22b454887888,"{""adm_cd"": ""1123071"", ""adm_nm"": ""개포4동"", ""age_band"": ""30s"", ""date"": ""2025-08-01"", ""interpretation"": ""retrospective_descriptive_not_risk"", ""quality"": {""call_contacts"": ""ready"", ""text_contacts"": ""ready""}, ""raw"": {""call_contacts"": 12.877967866706337, ""text_contacts"": 5.77386194584945}, ""seasonal_index"": {""call_contacts"": 0.9072294776691392, ""text_contacts"": 0.9583529256375408}, ""seasonal_reference"": {""call_contacts"": {""n"": 3, ""periods"": [""2022-08-01"", ""2023-08-01"", ""2024-08-01""], ""value"": 14.194829625457617}, ""text_contacts"": {""n"": 3, ""periods"": [""2022-08-01"", ""2023-08-01"", ""2024-08-01""], ""value"": 6.024776250365604}}}"
1123071,2025-08-01,40s,a2_activity_level_v1_22b454887888,"{""adm_cd"": ""1123071"", ""adm_nm"": ""개포4동"", ""age_band"": ""40s"", ""date"": ""2025-08-01"", ""interpretation"": ""retrospective_descriptive_not_risk"", ""quality"": {""call_contacts"": ""ready"", ""text_contacts"": ""ready""}, ""raw"": {""call_contacts"": 16.230427083333336, ""text_contacts"": 6.745296875}, ""seasonal_index"": {""call_contacts"": 0.9204611302138745, ""text_contacts"": 0.976395897526517}, ""seasonal_reference"": {""call_contacts"": {""n"": 3, ""periods"": [""2022-08-01"", ""2023-08-01"", ""2024-08-01""], ""value"": 17.632930441682095}, ""text_contacts"": {""n"": 3, ""periods"": [""2022-08-01"", ""2023-08-01"", ""2024-08-01""], ""value"": 6.908362573099414}}}"
1123071,2025-08-01,50s,a2_activity_level_v1_22b454887888,"{""adm_cd"": ""1123071"", ""adm_nm"": ""개포4동"", ""age_band"": ""50s"", ""date"": ""2025-08-01"", ""interpretation"": ""retrospective_descriptive_not_risk"", ""quality"": {""call_contacts"": ""ready"", ""text_contacts"": ""ready""}, ""raw"": {""call_contacts"": 16.39794397463002, ""text_contacts"": 6.134402748414376}, ""seasonal_index"": {""call_contacts"": 0.889800260569872, ""text_contacts"": 0.9663733674590778}, ""seasonal_reference"": {""call_contacts"": {""n"": 3, ""periods"": [""2022-08-01"", ""2023-08-01"", ""2024-08-01""], ""value"": 18.428792057363488}, ""text_contacts"": {""n"": 3, ""periods"": [""2022-08-01"", ""2023-08-01"", ""2024-08-01""], ""value"": 6.347859900717044}}}"
1123071,2025-08-01,60plus,a2_activity_level_v1_22b454887888,"{""adm_cd"": ""1123071"", ""adm_nm"": ""개포4동"", ""age_band"": ""60plus"", ""date"": ""2025-08-01"", ""interpretation"": ""retrospective_descriptive_not_risk"", ""quality"": {""call_contacts"": ""ready"", ""text_contacts"": ""ready""}, ""raw"": {""call_contacts"": 13.409837187789083, ""text_contacts"": 4.443352451433857}, ""seasonal_index"": {""call_contacts"": 0.9091800008153191, ""text_contacts"": 0.9475087325113797}, ""seasonal_reference"": {""call_contacts"": {""n"": 3, ""periods"": [""2022-08-01"", ""2023-08-01"", ""2024-08-01""], ""value"": 14.749375454545454}, ""text_contacts"": {""n"": 3, ""periods"": [""2022-08-01"", ""2023-08-01"", ""2024-08-01""], ""value"": 4.689510818181818}}}"
1123071,2025-09-01,20s,a2_activity_level_v1_22b454887888,"{""adm_cd"": ""1123071"", ""adm_nm"": ""개포4동"", ""age_band"": ""20s"", ""date"": ""2025-09-01"", ""interpretation"": ""retrospective_descriptive_not_risk"", ""quality"": {""call_contacts"": ""ready"", ""text_contacts"": ""ready""}, ""raw"": {""call_contacts"": 7.589179130434783, ""text_contacts"": 3.89671652173913}, ""seasonal_index"": {""call_contacts"": 0.8891939261144984, ""text_contacts"": 0.941726003651489}, ""seasonal_reference"": {""call_contacts"": {""n"": 3, ""periods"": [""2022-09-01"", ""2023-09-01"", ""2024-09-01""], ""value"": 8.534897627559312}, ""text_contacts"": {""n"": 3, ""periods"": [""2022-09-01"", ""2023-09-01"", ""2024-09-01""], ""value"": 4.137845303867403}}}"
1123071,2025-09-01,30s,a2_activity_level_v1_22b454887888,"{""adm_cd"": ""1123071"", ""adm_nm"": ""개포4동"", ""age_band"": ""30s"", ""date"": ""2025-09-01"", ""interpretation"": ""retrospective_descriptive_not_risk"", ""quality"": {""call_contacts"": ""ready"", ""text_contacts"": ""ready""}, ""raw"": {""call_contacts"": 13.091517405534068, ""text_contacts"": 5.890422493305564}, ""seasonal_index"": {""call_contacts"": 0.9196567040329857, ""text_contacts"": 0.9938109360887011}, ""seasonal_reference"": {""call_contacts"": {""n"": 3, ""periods"": [""2022-09-01"", ""2023-09-01"", ""2024-09-01""], ""value"": 14.235222065063649}, ""text_contacts"": {""n"": 3, ""periods"": [""2022-09-01"", ""2023-09-01"", ""2024-09-01""], ""value"": 5.927105729474306}}}"
1123071,2025-09-01,40s,a2_activity_level_v1_22b454887888,"{""adm_cd"": ""1123071"", ""adm_nm"": ""개포4동"", ""age_band"": ""40s"", ""date"": ""2025-09-01"", ""interpretation"": ""retrospective_descriptive_not_risk"", ""quality"": {""call_contacts"": ""ready"", ""text_contacts"": ""ready""}, ""raw"": {""call_contacts"": 16.507467566165023, ""text_contacts"": 6.79536066424494}, ""seasonal_index"": {""call_contacts"": 0.9418333040522313, ""text_contacts"": 0.9855765076948753}, ""seasonal_reference"": {""call_contacts"": {""n"": 3, ""periods"": [""2022-09-01"", ""2023-09-01"", ""2024-09-01""], ""value"": 17.52695248208123}, ""text_contacts"": {""n"": 3, ""periods"": [""2022-09-01"", ""2023-09-01"", ""2024-09-01""], ""value"": 6.894807872539832}}}"
1123071,2025-09-01,50s,a2_activity_level_v1_22b454887888,"{""adm_cd"": ""1123071"", ""adm_nm"": ""개포4동"", ""age_band"": ""50s"", ""date"": ""2025-09-01"", ""interpretation"": ""retrospective_descriptive_not_risk"", ""quality"": {""call_contacts"": ""ready"", ""text_contacts"": ""ready""}, ""raw"": {""call_contacts"": 16.857396974439226, ""text_contacts"": 6.235941575378194}, ""seasonal_index"": {""call_contacts"": 0.9241050726670436, ""text_contacts"": 0.9545936593796904}, ""seasonal_reference"": {""call_contacts"": {""n"": 3, ""periods"": [""2022-09-01"", ""2023-09-01"", ""2024-09-01""], ""value"": 18.24186174607546}, ""text_contacts"": {""n"": 3, ""periods"": [""2022-09-01"", ""2023-09-01"", ""2024-09-01""], ""value"": 6.53256127788488}}}"
1123071,2025-09-01,60plus,a2_activity_level_v1_22b454887888,"{""adm_cd"": ""1123071"", ""adm_nm"": ""개포4동"", ""age_band"": ""60plus"", ""date"": ""2025-09-01"", ""interpretation"": ""retrospective_descriptive_not_risk"", ""quality"": {""call_contacts"": ""ready"", ""text_contacts"": ""ready""}, ""raw"": {""call_contacts"": 13.604953531598511, ""text_contacts"": 4.547942379182156}, ""seasonal_index"": {""call_contacts"": 0.9159796894061465, ""text_contacts"": 0.9414100302774627}, ""seasonal_reference"": {""call_contacts"": {""n"": 3, ""periods"": [""2022-09-01"", ""2023-09-01"", ""2024-09-01""], ""value"": 14.852898693003725}, ""text_contacts"": {""n"": 3, ""periods"": [""2022-09-01"", ""2023-09-01"", ""2024-09-01""], ""value"": 4.830989933091892}}}"
1123071,2025-10-01,20s,a2_activity_level_v1_22b454887888,"{""adm_cd"": ""1123071"", ""adm_nm"": ""개포4동"", ""age_band"": ""20s"", ""date"": ""2025-10-01"", ""interpretation"": ""retrospective_descriptive_not_risk"", ""quality"": {""call_contacts"": ""ready"", ""text_contacts"": ""ready""}, ""raw"": {""call_contacts"": 7.484998260869566, ""text_contacts"": 3.640566956521739}, ""seasonal_index"": {""call_contacts"": 0.9144508208646176, ""text_contacts"": 0.8869468826855371}, ""seasonal_reference"": {""call_contacts"": {""n"": 3, ""periods"": [""2022-10-01"", ""2023-10-01"", ""2024-10-01""], ""value"": 8.185238713868138}, ""text_contacts"": {""n"": 3, ""periods"": [""2022-10-01"", ""2023-10-01"", ""2024-10-01""], ""value"": 4.104605391360832}}}"
1123071,2025-10-01,30s,a2_activity_level_v1_22b454887888,"{""adm_cd"": ""1123071"", ""adm_nm"": ""개포4동"", ""age_band"": ""30s"", ""date"": ""2025-10-01"", ""interpretation"": ""retrospective_descriptive_not_risk"", ""quality"": {""call_contacts"": ""ready"", ""text_contacts"": ""ready""}, ""raw"": {""call_contacts"": 12.69462957453139, ""text_contacts"": 5.641184171377566}, ""seasonal_index"": {""call_contacts"": 0.8985803610456677, ""text_contacts"": 0.9389246096736774}, ""seasonal_reference"": {""call_contacts"": {""n"": 3, ""periods"": [""2022-10-01"", ""2023-10-01"", ""2024-10-01""], ""value"": 14.127428246660983}, ""text_contacts"": {""n"": 3, ""periods"": [""2022-10-01"", ""2023-10-01"", ""2024-10-01""], ""value"": 6.008133255063105}}}"
1123071,2025-10-01,40s,a2_activity_level_v1_22b454887888,"{""adm_cd"": ""1123071"", ""adm_nm"": ""개포4동"", ""age_band"": ""40s"", ""date"": ""2025-10-01"", ""interpretation"": ""retrospective_descriptive_not_risk"", ""quality"": {""call_contacts"": ""ready"", ""text_contacts"": ""ready""}, ""raw"": {""call_contacts"": 16.1084390896921, ""text_contacts"": 6.501001338688086}, ""seasonal_index"": {""call_contacts"": 0.9257817132363678, ""text_contacts"": 0.934657740977774}, ""seasonal_reference"": {""call_contacts"": {""n"": 3, ""periods"": [""2022-10-01"", ""2023-10-01"", ""2024-10-01""], ""value"": 17.3998242343542}, ""text_contacts"": {""n"": 3, ""periods"": [""2022-10-01"", ""2023-10-01"", ""2024-10-01""], ""value"": 6.955488681757656}}}"
1123071,2025-10-01,50s,a2_activity_level_v1_22b454887888,"{""adm_cd"": ""1123071"", ""adm_nm"": ""개포4동"", ""age_band"": ""50s"", ""date"": ""2025-10-01"", ""interpretation"": ""retrospective_descriptive_not_risk"", ""quality"": {""call_contacts"": ""ready"", ""text_contacts"": ""ready""}, ""raw"": {""call_contacts"": 16.535847457627117, ""text_contacts"": 6.022759533898305}, ""seasonal_index"": {""call_contacts"": 0.922699851534838, ""text_contacts"": 0.9289010848296295}, ""seasonal_reference"": {""call_contacts"": {""n"": 3, ""periods"": [""2022-10-01"", ""2023-10-01"", ""2024-10-01""], ""value"": 17.921155433287485}, ""text_contacts"": {""n"": 3, ""periods"": [""2022-10-01"", ""2023-10-01"", ""2024-10-01""], ""value"": 6.483746905089409}}}"
1123071,2025-10-01,60plus,a2_activity_level_v1_22b454887888,"{""adm_cd"": ""1123071"", ""adm_nm"": ""개포4동"", ""age_band"": ""60plus"", ""date"": ""2025-10-01"", ""interpretation"": ""retrospective_descriptive_not_risk"", ""quality"": {""call_contacts"": ""ready"", ""text_contacts"": ""ready""}, ""raw"": {""call_contacts"": 13.450952916901144, ""text_contacts"": 4.491973363346464}, ""seasonal_index"": {""call_contacts"": 0.9100609366402451, ""text_contacts"": 0.9194737651074707}, ""seasonal_reference"": {""call_contacts"": {""n"": 3, ""periods"": [""2022-10-01"", ""2023-10-01"", ""2024-10-01""], ""value"": 14.780277204908117}, ""text_contacts"": {""n"": 3, ""periods"": [""2022-10-01"", ""2023-10-01"", ""2024-10-01""], ""value"": 4.885374149659865}}}"
1123071,2025-11-01,20s,a2_activity_level_v1_22b454887888,"{""adm_cd"": ""1123071"", ""adm_nm"": ""개포4동"", ""age_band"": ""20s"", ""date"": ""2025-11-01"", ""interpretation"": ""retrospective_descriptive_not_risk"", ""quality"": {""call_contacts"": ""ready"", ""text_contacts"": ""ready""}, ""raw"": {""call_contacts"": 7.566483478260869, ""text_contacts"": 3.614469565217391}, ""seasonal_index"": {""call_contacts"": 0.8834003906323368, ""text_contacts"": 0.8639703767888367}, ""seasonal_reference"": {""call_contacts"": {""n"": 3, ""periods"": [""2022-11-01"", ""2023-11-01"", ""2024-11-01""], ""value"": 8.565180136319377}, ""text_contacts"": {""n"": 3, ""periods"": [""2022-11-01"", ""2023-11-01"", ""2024-11-01""], ""value"": 4.183557286595261}}}"
1123071,2025-11-01,30s,a2_activity_level_v1_22b454887888,"{""adm_cd"": ""1123071"", ""adm_nm"": ""개포4동"", ""age_band"": ""30s"", ""date"": ""2025-11-01"", ""interpretation"": ""retrospective_descriptive_not_risk"", ""quality"": {""call_contacts"": ""ready"", ""text_contacts"": ""ready""}, ""raw"": {""call_contacts"": 12.908339779827433, ""text_contacts"": 5.519297828027373}, ""seasonal_index"": {""call_contacts"": 0.9044716751432622, ""text_contacts"": 0.9107155399400632}, ""seasonal_reference"": {""call_contacts"": {""n"": 3, ""periods"": [""2022-11-01"", ""2023-11-01"", ""2024-11-01""], ""value"": 14.271690462592804}, ""text_contacts"": {""n"": 3, ""periods"": [""2022-11-01"", ""2023-11-01"", ""2024-11-01""], ""value"": 6.060397111913358}}}"
1123071,2025-11-01,40s,a2_activity_level_v1_22b454887888,"{""adm_cd"": ""1123071"", ""adm_nm"": ""개포4동"", ""age_band"": ""40s"", ""date"": ""2025-11-01"", ""interpretation"": ""retrospective_descriptive_not_risk"", ""quality"": {""call_contacts"": ""ready"", ""text_contacts"": ""ready""}, ""raw"": {""call_contacts"": 16.127460739952088, ""text_contacts"": 6.366215065211604}, ""seasonal_index"": {""call_contacts"": 0.92912383496831, ""text_contacts"": 0.9052394545781011}, ""seasonal_reference"": {""call_contacts"": {""n"": 3, ""periods"": [""2022-11-01"", ""2023-11-01"", ""2024-11-01""], ""value"": 17.357708556149735}, ""text_contacts"": {""n"": 3, ""periods"": [""2022-11-01"", ""2023-11-01"", ""2024-11-01""], ""value"": 7.032631016042781}}}"
1123071,2025-11-01,50s,a2_activity_level_v1_22b454887888,"{""adm_cd"": ""1123071"", ""adm_nm"": ""개포4동"", ""age_band"": ""50s"", ""date"": ""2025-11-01"", ""interpretation"": ""retrospective_descriptive_not_risk"", ""quality"": {""call_contacts"": ""ready"", ""text_contacts"": ""ready""}, ""raw"": {""call_contacts"": 16.550841715193226, ""text_contacts"": 5.947734250926416}, ""seasonal_index"": {""call_contacts"": 0.9163739856063271, ""text_contacts"": 0.9052088436993809}, ""seasonal_reference"": {""call_contacts"": {""n"": 3, ""periods"": [""2022-11-01"", ""2023-11-01"", ""2024-11-01""], ""value"": 18.06123043120022}, ""text_contacts"": {""n"": 3, ""periods"": [""2022-11-01"", ""2023-11-01"", ""2024-11-01""], ""value"": 6.570565778632244}}}"
1123071,2025-11-01,60plus,a2_activity_level_v1_22b454887888,"{""adm_cd"": ""1123071"", ""adm_nm"": ""개포4동"", ""age_band"": ""60plus"", ""date"": ""2025-11-01"", ""interpretation"": ""retrospective_descriptive_not_risk"", ""quality"": {""call_contacts"": ""ready"", ""text_contacts"": ""ready""}, ""raw"": {""call_contacts"": 13.670489642184558, ""text_contacts"": 4.487883239171375}, ""seasonal_index"": {""call_contacts"": 0.9100438768559468, ""text_contacts"": 0.9130922235680319}, ""seasonal_reference"": {""call_contacts"": {""n"": 3, ""periods"": [""2022-11-01"", ""2023-11-01"", ""2024-11-01""], ""value"": 15.021791794714197}, ""text_contacts"": {""n"": 3, ""periods"": [""2022-11-01"", ""2023-11-01"", ""2024-11-01""], ""value"": 4.915038287846064}}}"
1123071,2025-12-01,20s,a2_activity_level_v1_22b454887888,"{""adm_cd"": ""1123071"", ""adm_nm"": ""개포4동"", ""age_band"": ""20s"", ""date"": ""2025-12-01"", ""interpretation"": ""retrospective_descriptive_not_risk"", ""quality"": {""call_contacts"": ""ready"", ""text_contacts"": ""ready""}, ""raw"": {""call_contacts"": 7.769902608695652, ""text_contacts"": 3.553690434782609}, ""seasonal_index"": {""call_contacts"": 0.9133411651765115, ""text_contacts"": 0.8463360005124728}, ""seasonal_reference"": {""call_contacts"": {""n"": 3, ""periods"": [""2022-12-01"", ""2023-12-01"", ""2024-12-01""], ""value"": 8.507119688614985}, ""text_contacts"": {""n"": 3, ""periods"": [""2022-12-01"", ""2023-12-01"", ""2024-12-01""], ""value"": 4.198912054586808}}}"
1123071,2025-12-01,30s,a2_activity_level_v1_22b454887888,"{""adm_cd"": ""1123071"", ""adm_nm"": ""개포4동"", ""age_band"": ""30s"", ""date"": ""2025-12-01"", ""interpretation"": ""retrospective_descriptive_not_risk"", ""quality"": {""call_contacts"": ""ready"", ""text_contacts"": ""ready""}, ""raw"": {""call_contacts"": 12.99143409699494, ""text_contacts"": 5.285242487354953}, ""seasonal_index"": {""call_contacts"": 0.9133741144127113, ""text_contacts"": 0.8653618822474445}, ""seasonal_reference"": {""call_contacts"": {""n"": 3, ""periods"": [""2022-12-01"", ""2023-12-01"", ""2024-12-01""], ""value"": 14.223562822719447}, ""text_contacts"": {""n"": 3, ""periods"": [""2022-12-01"", ""2023-12-01"", ""2024-12-01""], ""value"": 6.107551760459531}}}"
1123071,2025-12-01,40s,a2_activity_level_v1_22b454887888,"{""adm_cd"": ""1123071"", ""adm_nm"": ""개포4동"", ""age_band"": ""40s"", ""date"": ""2025-12-01"", ""interpretation"": ""retrospective_descriptive_not_risk"", ""quality"": {""call_contacts"": ""ready"", ""text_contacts"": ""ready""}, ""raw"": {""call_contacts"": 16.0228777748061, ""text_contacts"": 6.082382990104306}, ""seasonal_index"": {""call_contacts"": 0.9038027359703981, ""text_contacts"": 0.8484056038350434}, ""seasonal_reference"": {""call_contacts"": {""n"": 3, ""periods"": [""2022-12-01"", ""2023-12-01"", ""2024-12-01""], ""value"": 17.72829085055004}, ""text_contacts"": {""n"": 3, ""periods"": [""2022-12-01"", ""2023-12-01"", ""2024-12-01""], ""value"": 7.169192379930239}}}"
1123071,2025-12-01,50s,a2_activity_level_v1_22b454887888,"{""adm_cd"": ""1123071"", ""adm_nm"": ""개포4동"", ""age_band"": ""50s"", ""date"": ""2025-12-01"", ""interpretation"": ""retrospective_descriptive_not_risk"", ""quality"": {""call_contacts"": ""ready"", ""text_contacts"": ""ready""}, ""raw"": {""call_contacts"": 16.57059073975519, ""text_contacts"": 5.665689196381055}, ""seasonal_index"": {""call_contacts"": 0.8996638202502721, ""text_contacts"": 0.8630124776053383}, ""seasonal_reference"": {""call_contacts"": {""n"": 3, ""periods"": [""2022-12-01"", ""2023-12-01"", ""2024-12-01""], ""value"": 18.418647462277093}, ""text_contacts"": {""n"": 3, ""periods"": [""2022-12-01"", ""2023-12-01"", ""2024-12-01""], ""value"": 6.565014230271668}}}"
1123071,2025-12-01,60plus,a2_activity_level_v1_22b454887888,"{""adm_cd"": ""1123071"", ""adm_nm"": ""개포4동"", ""age_band"": ""60plus"", ""date"": ""2025-12-01"", ""interpretation"": ""retrospective_descriptive_not_risk"", ""quality"": {""call_contacts"": ""ready"", ""text_contacts"": ""ready""}, ""raw"": {""call_contacts"": 13.63519954819277, ""text_contacts"": 4.355591114457831}, ""seasonal_index"": {""call_contacts"": 0.9188379596908195, ""text_contacts"": 0.880899258703241}, ""seasonal_reference"": {""call_contacts"": {""n"": 3, ""periods"": [""2022-12-01"", ""2023-12-01"", ""2024-12-01""], ""value"": 14.839612800477777}, ""text_contacts"": {""n"": 3, ""periods"": [""2022-12-01"", ""2023-12-01"", ""2024-12-01""], ""value"": 4.944482665213765}}}"
1123072,2025-07-01,20s,a2_activity_level_v1_22b454887888,"{""adm_cd"": ""1123072"", ""adm_nm"": ""일원본동"", ""age_band"": ""20s"", ""date"": ""2025-07-01"", ""interpretation"": ""retrospective_descriptive_not_risk"", ""quality"": {""call_contacts"": ""ready"", ""text_contacts"": ""ready""}, ""raw"": {""call_contacts"": 6.275300411522633, ""text_contacts"": 3.30982304526749}, ""seasonal_index"": {""call_contacts"": 0.7963422049065756, ""text_contacts"": 0.9376523207754385}, ""seasonal_reference"": {""call_contacts"": {""n"": 3, ""periods"": [""2022-07-01"", ""2023-07-01"", ""2024-07-01""], ""value"": 7.88015550708986}, ""text_contacts"": {""n"": 3, ""periods"": [""2022-07-01"", ""2023-07-01"", ""2024-07-01""], ""value"": 3.52990439199283}}}"
1123072,2025-07-01,30s,a2_activity_level_v1_22b454887888,"{""adm_cd"": ""1123072"", ""adm_nm"": ""일원본동"", ""age_band"": ""30s"", ""date"": ""2025-07-01"", ""interpretation"": ""retrospective_descriptive_not_risk"", ""quality"": {""call_contacts"": ""ready"", ""text_contacts"": ""ready""}, ""raw"": {""call_contacts"": 11.439475229357798, ""text_contacts"": 5.226675229357798}, ""seasonal_index"": {""call_contacts"": 0.8824382065548125, ""text_contacts"": 0.9450070530100089}, ""seasonal_reference"": {""call_contacts"": {""n"": 3, ""periods"": [""2022-07-01"", ""2023-07-01"", ""2024-07-01""], ""value"": 12.963485878540366}, ""text_contacts"": {""n"": 3, ""periods"": [""2022-07-01"", ""2023-07-01"", ""2024-07-01""], ""value"": 5.53083197920052}}}"
1123072,2025-07-01,40s,a2_activity_level_v1_22b454887888,"{""adm_cd"": ""1123072"", ""adm_nm"": ""일원본동"", ""age_band"": ""40s"", ""date"": ""2025-07-01"", ""interpretation"": ""retrospective_descriptive_not_risk"", ""quality"": {""call_contacts"": ""ready"", ""text_contacts"": ""ready""}, ""raw"": {""call_contacts"": 15.030811715481171, ""text_contacts"": 6.548811715481172}, ""seasonal_index"": {""call_contacts"": 0.9044461394402364, ""text_contacts"": 0.9756897098309661}, ""seasonal_reference"": {""call_contacts"": {""n"": 3, ""periods"": [""2022-07-01"", ""2023-07-01"", ""2024-07-01""], ""value"": 16.618802447190244}, ""text_contacts"": {""n"": 3, ""periods"": [""2022-07-01"", ""2023-07-01"", ""2024-07-01""], ""value"": 6.711981944152844}}}"
1123072,2025-07-01,50s,a2_activity_level_v1_22b454887888,"{""adm_cd"": ""1123072"", ""adm_nm"": ""일원본동"", ""age_band"": ""50s"", ""date"": ""2025-07-01"", ""interpretation"": ""retrospective_descriptive_not_risk"", ""quality"": {""call_contacts"": ""ready"", ""text_contacts"": ""ready""}, ""raw"": {""call_contacts"": 15.242632089190499, ""text_contacts"": 6.053034415899176}, ""seasonal_index"": {""call_contacts"": 0.9042143971040267, ""text_contacts"": 0.9575876585870458}, ""seasonal_reference"": {""call_contacts"": {""n"": 3, ""periods"": [""2022-07-01"", ""2023-07-01"", ""2024-07-01""], ""value"": 16.857320717308692}, ""text_contacts"": {""n"": 3, ""periods"": [""2022-07-01"", ""2023-07-01"", ""2024-07-01""], ""value"": 6.321128266033254}}}"
1123072,2025-07-01,60plus,a2_activity_level_v1_22b454887888,"{""adm_cd"": ""1123072"", ""adm_nm"": ""일원본동"", ""age_band"": ""60plus"", ""date"": ""2025-07-01"", ""interpretation"": ""retrospective_descriptive_not_risk"", ""quality"": {""call_contacts"": ""ready"", ""text_contacts"": ""ready""}, ""raw"": {""call_contacts"": 12.436712457071495, ""text_contacts"": 4.384792382141742}, ""seasonal_index"": {""call_contacts"": 0.9013312211660058, ""text_contacts"": 0.9807584492180311}, ""seasonal_reference"": {""call_contacts"": {""n"": 3, ""periods"": [""2022-07-01"", ""2023-07-01"", ""2024-07-01""], ""value"": 13.798160060385749}, ""text_contacts"": {""n"": 3, ""periods"": [""2022-07-01"", ""2023-07-01"", ""2024-07-01""], ""value"": 4.470817850855919}}}"
1123072,2025-08-01,20s,a2_activity_level_v1_22b454887888,"{""adm_cd"": ""1123072"", ""adm_nm"": ""일원본동"", ""age_band"": ""20s"", ""date"": ""2025-08-01"", ""interpretation"": ""retrospective_descriptive_not_risk"", ""quality"": {""call_contacts"": ""ready"", ""text_contacts"": ""ready""}, ""raw"": {""call_contacts"": 6.361522633744856, ""text_contacts"": 3.315621399176955}, ""seasonal_index"": {""call_contacts"": 0.7841409044638512, ""text_contacts"": 0.9424696599520498}, ""seasonal_reference"": {""call_contacts"": {""n"": 3, ""periods"": [""2022-08-01"", ""2023-08-01"", ""2024-08-01""], ""value"": 8.112728971962616}, ""text_contacts"": {""n"": 3, ""periods"": [""2022-08-01"", ""2023-08-01"", ""2024-08-01""], ""value"": 3.51801393728223}}}"
1123072,2025-08-01,30s,a2_activity_level_v1_22b454887888,"{""adm_cd"": ""1123072"", ""adm_nm"": ""일원본동"", ""age_band"": ""30s"", ""date"": ""2025-08-01"", ""interpretation"": ""retrospective_descriptive_not_risk"", ""quality"": {""call_contacts"": ""ready"", ""text_contacts"": ""ready""}, ""raw"": {""call_contacts"": 11.475314917127074, ""text_contacts"": 5.237812154696132}, ""seasonal_index"": {""call_contacts"": 0.8774278316041673, ""text_contacts"": 0.967011812574385}, ""seasonal_reference"": {""call_contacts"": {""n"": 3, ""periods"": [""2022-08-01"", ""2023-08-01"", ""2024-08-01""], ""value"": 13.078357562635324}, ""text_contacts"": {""n"": 3, ""periods"": [""2022-08-01"", ""2023-08-01"", ""2024-08-01""], ""value"": 5.416492421899165}}}"
1123072,2025-08-01,40s,a2_activity_level_v1_22b454887888,"{""adm_cd"": ""1123072"", ""adm_nm"": ""일원본동"", ""age_band"": ""40s"", ""date"": ""2025-08-01"", ""interpretation"": ""retrospective_descriptive_not_risk"", ""quality"": {""call_contacts"": ""ready"", ""text_contacts"": ""ready""}, ""raw"": {""call_contacts"": 14.842687132043732, ""text_contacts"": 6.483549201009251}, ""seasonal_index"": {""call_contacts"": 0.9125780463905934, ""text_contacts"": 0.9888632408933858}, ""seasonal_reference"": {""call_contacts"": {""n"": 3, ""periods"": [""2022-08-01"", ""2023-08-01"", ""2024-08-01""], ""value"": 16.26456738768719}, ""text_contacts"": {""n"": 3, ""periods"": [""2022-08-01"", ""2023-08-01"", ""2024-08-01""], ""value"": 6.556568120735994}}}"
1123072,2025-08-01,50s,a2_activity_level_v1_22b454887888,"{""adm_cd"": ""1123072"", ""adm_nm"": ""일원본동"", ""age_band"": ""50s"", ""date"": ""2025-08-01"", ""interpretation"": ""retrospective_descriptive_not_risk"", ""quality"": {""call_contacts"": ""ready"", ""text_contacts"": ""ready""}, ""raw"": {""call_contacts"": 15.0, ""text_contacts"": 5.977448478900882}, ""seasonal_index"": {""call_contacts"": 0.908227089060684, ""text_contacts"": 0.9721177715976825}, ""seasonal_reference"": {""call_contacts"": {""n"": 3, ""periods"": [""2022-08-01"", ""2023-08-01"", ""2024-08-01""], ""value"": 16.51569324530218}, ""text_contacts"": {""n"": 3, ""periods"": [""2022-08-01"", ""2023-08-01"", ""2024-08-01""], ""value"": 6.148893327067669}}}"
1123072,2025-08-01,60plus,a2_activity_level_v1_22b454887888,"{""adm_cd"": ""1123072"", ""adm_nm"": ""일원본동"", ""age_band"": ""60plus"", ""date"": ""2025-08-01"", ""interpretation"": ""retrospective_descriptive_not_risk"", ""quality"": {""call_contacts"": ""ready"", ""text_contacts"": ""ready""}, ""raw"": {""call_contacts"": 12.183197857592942, ""text_contacts"": 4.353270321361059}, ""seasonal_index"": {""call_contacts"": 0.9152502229898701, ""text_contacts"": 0.9897611443551072}, ""seasonal_reference"": {""call_contacts"": {""n"": 3, ""periods"": [""2022-08-01"", ""2023-08-01"", ""2024-08-01""], ""value"": 13.311330116690705}, ""text_contacts"": {""n"": 3, ""periods"": [""2022-08-01"", ""2023-08-01"", ""2024-08-01""], ""value"": 4.398303920283205}}}"
1123072,2025-09-01,20s,a2_activity_level_v1_22b454887888,"{""adm_cd"": ""1123072"", ""adm_nm"": ""일원본동"", ""age_band"": ""20s"", ""date"": ""2025-09-01"", ""interpretation"": ""retrospective_descriptive_not_risk"", ""quality"": {""call_contacts"": ""ready"", ""text_contacts"": ""ready""}, ""raw"": {""call_contacts"": 6.387489711934156, ""text_contacts"": 3.277810699588477}, ""seasonal_index"": {""call_contacts"": 0.7953588274124388, ""text_contacts"": 0.9201611590032767}, ""seasonal_reference"": {""call_contacts"": {""n"": 3, ""periods"": [""2022-09-01"", ""2023-09-01"", ""2024-09-01""], ""value"": 8.030953441121335}, ""text_contacts"": {""n"": 3, ""periods"": [""2022-09-01"", ""2023-09-01"", ""2024-09-01""], ""value"": 3.562213713887922}}}"
1123072,2025-09-01,30s,a2_activity_level_v1_22b454887888,"{""adm_cd"": ""1123072"", ""adm_nm"": ""일원본동"", ""age_band"": ""30s"", ""date"": ""2025-09-01"", ""interpretation"": ""retrospective_descriptive_not_risk"", ""quality"": {""call_contacts"": ""ready"", ""text_contacts"": ""ready""}, ""raw"": {""call_contacts"": 11.253150278293136, ""text_contacts"": 5.154526901669759}, ""seasonal_index"": {""call_contacts"": 0.8741156122250056, ""text_contacts"": 0.9521779899587087}, ""seasonal_reference"": {""call_contacts"": {""n"": 3, ""periods"": [""2022-09-01"", ""2023-09-01"", ""2024-09-01""], ""value"": 12.873755051290022}, ""text_contacts"": {""n"": 3, ""periods"": [""2022-09-01"", ""2023-09-01"", ""2024-09-01""], ""value"": 5.413406900839291}}}"
1123072,2025-09-01,40s,a2_activity_level_v1_22b454887888,"{""adm_cd"": ""1123072"", ""adm_nm"": ""일원본동"", ""age_band"": ""40s"", ""date"": ""2025-09-01"", ""interpretation"": ""retrospective_descriptive_not_risk"", ""quality"": {""call_contacts"": ""ready"", ""text_contacts"": ""ready""}, ""raw"": {""call_contacts"": 15.066466610312766, ""text_contacts"": 6.520849535080305}, ""seasonal_index"": {""call_contacts"": 0.9259530881783756, ""text_contacts"": 0.982204870154446}, ""seasonal_reference"": {""call_contacts"": {""n"": 3, ""periods"": [""2022-09-01"", ""2023-09-01"", ""2024-09-01""], ""value"": 16.27130661657274}, ""text_contacts"": {""n"": 3, ""periods"": [""2022-09-01"", ""2023-09-01"", ""2024-09-01""], ""value"": 6.638991246352647}}}"
1123072,2025-09-01,50s,a2_activity_level_v1_22b454887888,"{""adm_cd"": ""1123072"", ""adm_nm"": ""일원본동"", ""age_band"": ""50s"", ""date"": ""2025-09-01"", ""interpretation"": ""retrospective_descriptive_not_risk"", ""quality"": {""call_contacts"": ""ready"", ""text_contacts"": ""ready""}, ""raw"": {""call_contacts"": 15.139657366617719, ""text_contacts"": 6.025364659813999}, ""seasonal_index"": {""call_contacts"": 0.9274775745931684, ""text_contacts"": 0.9642058982910389}, ""seasonal_reference"": {""call_contacts"": {""n"": 3, ""periods"": [""2022-09-01"", ""2023-09-01"", ""2024-09-01""], ""value"": 16.32347539320142}, ""text_contacts"": {""n"": 3, ""periods"": [""2022-09-01"", ""2023-09-01"", ""2024-09-01""], ""value"": 6.249043560606061}}}"
1123072,2025-09-01,60plus,a2_activity_level_v1_22b454887888,"{""adm_cd"": ""1123072"", ""adm_nm"": ""일원본동"", ""age_band"": ""60plus"", ""date"": ""2025-09-01"", ""interpretation"": ""retrospective_descriptive_not_risk"", ""quality"": {""call_contacts"": ""ready"", ""text_contacts"": ""ready""}, ""raw"": {""call_contacts"": 12.289647604327667, ""text_contacts"": 4.365910355486863}, ""seasonal_index"": {""call_contacts"": 0.9283838391099193, ""text_contacts"": 0.9500462415585104}, ""seasonal_reference"": {""call_contacts"": {""n"": 3, ""periods"": [""2022-09-01"", ""2023-09-01"", ""2024-09-01""], ""value"": 13.237679380664652}, ""text_contacts"": {""n"": 3, ""periods"": [""2022-09-01"", ""2023-09-01"", ""2024-09-01""], ""value"": 4.595471424974823}}}"
1123072,2025-10-01,20s,a2_activity_level_v1_22b454887888,"{""adm_cd"": ""1123072"", ""adm_nm"": ""일원본동"", ""age_band"": ""20s"", ""date"": ""2025-10-01"", ""interpretation"": ""retrospective_descriptive_not_risk"", ""quality"": {""call_contacts"": ""ready"", ""text_contacts"": ""ready""}, ""raw"": {""call_contacts"": 6.627802469135803, ""text_contacts"": 3.206736625514403}, ""seasonal_index"": {""call_contacts"": 0.8695843809910284, ""text_contacts"": 0.903895800355168}, ""seasonal_reference"": {""call_contacts"": {""n"": 3, ""periods"": [""2022-10-01"", ""2023-10-01"", ""2024-10-01""], ""value"": 7.621804869105834}, ""text_contacts"": {""n"": 3, ""periods"": [""2022-10-01"", ""2023-10-01"", ""2024-10-01""], ""value"": 3.547683952347582}}}"
1123072,2025-10-01,30s,a2_activity_level_v1_22b454887888,"{""adm_cd"": ""1123072"", ""adm_nm"": ""일원본동"", ""age_band"": ""30s"", ""date"": ""2025-10-01"", ""interpretation"": ""retrospective_descriptive_not_risk"", ""quality"": {""call_contacts"": ""ready"", ""text_contacts"": ""ready""}, ""raw"": {""call_contacts"": 11.199461966604824, ""text_contacts"": 4.94347680890538}, ""seasonal_index"": {""call_contacts"": 0.8736525690423099, ""text_contacts"": 0.8886902337976572}, ""seasonal_reference"": {""call_contacts"": {""n"": 3, ""periods"": [""2022-10-01"", ""2023-10-01"", ""2024-10-01""], ""value"": 12.819125546533416}, ""text_contacts"": {""n"": 3, ""periods"": [""2022-10-01"", ""2023-10-01"", ""2024-10-01""], ""value"": 5.5626545908807}}}"
1123072,2025-10-01,40s,a2_activity_level_v1_22b454887888,"{""adm_cd"": ""1123072"", ""adm_nm"": ""일원본동"", ""age_band"": ""40s"", ""date"": ""2025-10-01"", ""interpretation"": ""retrospective_descriptive_not_risk"", ""quality"": {""call_contacts"": ""ready"", ""text_contacts"": ""ready""}, ""raw"": {""call_contacts"": 14.469430860033723, ""text_contacts"": 6.180514333895447}, ""seasonal_index"": {""call_contacts"": 0.902000838097522, ""text_contacts"": 0.9310050163790741}, ""seasonal_reference"": {""call_contacts"": {""n"": 3, ""periods"": [""2022-10-01"", ""2023-10-01"", ""2024-10-01""], ""value"": 16.041482722513088}, ""text_contacts"": {""n"": 3, ""periods"": [""2022-10-01"", ""2023-10-01"", ""2024-10-01""], ""value"": 6.638540314136125}}}"
1123072,2025-10-01,50s,a2_activity_level_v1_22b454887888,"{""adm_cd"": ""1123072"", ""adm_nm"": ""일원본동"", ""age_band"": ""50s"", ""date"": ""2025-10-01"", ""interpretation"": ""retrospective_descriptive_not_risk"", ""quality"": {""call_contacts"": ""ready"", ""text_contacts"": ""ready""}, ""raw"": {""call_contacts"": 14.728984220907298, ""text_contacts"": 5.843944773175543}, ""seasonal_index"": {""call_contacts"": 0.9062096564562766, ""text_contacts"": 0.9211245360503314}, ""seasonal_reference"": {""call_contacts"": {""n"": 3, ""periods"": [""2022-10-01"", ""2023-10-01"", ""2024-10-01""], ""value"": 16.253395796404153}, ""text_contacts"": {""n"": 3, ""periods"": [""2022-10-01"", ""2023-10-01"", ""2024-10-01""], ""value"": 6.344359035569347}}}"
1123072,2025-10-01,60plus,a2_activity_level_v1_22b454887888,"{""adm_cd"": ""1123072"", ""adm_nm"": ""일원본동"", ""age_band"": ""60plus"", ""date"": ""2025-10-01"", ""interpretation"": ""retrospective_descriptive_not_risk"", ""quality"": {""call_contacts"": ""ready"", ""text_contacts"": ""ready""}, ""raw"": {""call_contacts"": 12.26630209965528, ""text_contacts"": 4.351864619241617}, ""seasonal_index"": {""call_contacts"": 0.9155179942212329, ""text_contacts"": 0.9221216450281116}, ""seasonal_reference"": {""call_contacts"": {""n"": 3, ""periods"": [""2022-10-01"", ""2023-10-01"", ""2024-10-01""], ""value"": 13.39820973162779}, ""text_contacts"": {""n"": 3, ""periods"": [""2022-10-01"", ""2023-10-01"", ""2024-10-01""], ""value"": 4.719404042520819}}}"
1123072,2025-11-01,20s,a2_activity_level_v1_22b454887888,"{""adm_cd"": ""1123072"", ""adm_nm"": ""일원본동"", ""age_band"": ""20s"", ""date"": ""2025-11-01"", ""interpretation"": ""retrospective_descriptive_not_risk"", ""quality"": {""call_contacts"": ""ready"", ""text_contacts"": ""ready""}, ""raw"": {""call_contacts"": 6.735218813905931, ""text_contacts"": 3.131550102249489}, ""seasonal_index"": {""call_contacts"": 0.853173006359637, ""text_contacts"": 0.8550951133846835}, ""seasonal_reference"": {""call_contacts"": {""n"": 3, ""periods"": [""2022-11-01"", ""2023-11-01"", ""2024-11-01""], ""value"": 7.894317757009347}, ""text_contacts"": {""n"": 3, ""periods"": [""2022-11-01"", ""2023-11-01"", ""2024-11-01""], ""value"": 3.662224299065421}}}"
1123072,2025-11-01,30s,a2_activity_level_v1_22b454887888,"{""adm_cd"": ""1123072"", ""adm_nm"": ""일원본동"", ""age_band"": ""30s"", ""date"": ""2025-11-01"", ""interpretation"": ""retrospective_descriptive_not_risk"", ""quality"": {""call_contacts"": ""ready"", ""text_contacts"": ""ready""}, ""raw"": {""call_contacts"": 11.471234659724805, ""text_contacts"": 4.904120490888807}, ""seasonal_index"": {""call_contacts"": 0.8929360243922909, ""text_contacts"": 0.8707740593969613}, ""seasonal_reference"": {""call_contacts"": {""n"": 3, ""periods"": [""2022-11-01"", ""2023-11-01"", ""2024-11-01""], ""value"": 12.846647851991222}, ""text_contacts"": {""n"": 3, ""periods"": [""2022-11-01"", ""2023-11-01"", ""2024-11-01""], ""value"": 5.631909262759924}}}"
1123072,2025-11-01,40s,a2_activity_level_v1_22b454887888,"{""adm_cd"": ""1123072"", ""adm_nm"": ""일원본동"", ""age_band"": ""40s"", ""date"": ""2025-11-01"", ""interpretation"": ""retrospective_descriptive_not_risk"", ""quality"": {""call_contacts"": ""ready"", ""text_contacts"": ""ready""}, ""raw"": {""call_contacts"": 14.534299578059072, ""text_contacts"": 6.122037974683544}, ""seasonal_index"": {""call_contacts"": 0.9081909939016269, ""text_contacts"": 0.9109557059513532}, ""seasonal_reference"": {""call_contacts"": {""n"": 3, ""periods"": [""2022-11-01"", ""2023-11-01"", ""2024-11-01""], ""value"": 16.003571578726085}, ""text_contacts"": {""n"": 3, ""periods"": [""2022-11-01"", ""2023-11-01"", ""2024-11-01""], ""value"": 6.720456257848472}}}"
1123072,2025-11-01,50s,a2_activity_level_v1_22b454887888,"{""adm_cd"": ""1123072"", ""adm_nm"": ""일원본동"", ""age_band"": ""50s"", ""date"": ""2025-11-01"", ""interpretation"": ""retrospective_descriptive_not_risk"", ""quality"": {""call_contacts"": ""ready"", ""text_contacts"": ""ready""}, ""raw"": {""call_contacts"": 14.950798053527981, ""text_contacts"": 5.826043795620439}, ""seasonal_index"": {""call_contacts"": 0.9064281074366957, ""text_contacts"": 0.9014383994263027}, ""seasonal_reference"": {""call_contacts"": {""n"": 3, ""periods"": [""2022-11-01"", ""2023-11-01"", ""2024-11-01""], ""value"": 16.494190692969145}, ""text_contacts"": {""n"": 3, ""periods"": [""2022-11-01"", ""2023-11-01"", ""2024-11-01""], ""value"": 6.463052604957006}}}"
1123072,2025-11-01,60plus,a2_activity_level_v1_22b454887888,"{""adm_cd"": ""1123072"", ""adm_nm"": ""일원본동"", ""age_band"": ""60plus"", ""date"": ""2025-11-01"", ""interpretation"": ""retrospective_descriptive_not_risk"", ""quality"": {""call_contacts"": ""ready"", ""text_contacts"": ""ready""}, ""raw"": {""call_contacts"": 12.387311393977026, ""text_contacts"": 4.375693883886991}, ""seasonal_index"": {""call_contacts"": 0.931998360071959, ""text_contacts"": 0.9201227244289}, ""seasonal_reference"": {""call_contacts"": {""n"": 3, ""periods"": [""2022-11-01"", ""2023-11-01"", ""2024-11-01""], ""value"": 13.291130032697277}, ""text_contacts"": {""n"": 3, ""periods"": [""2022-11-01"", ""2023-11-01"", ""2024-11-01""], ""value"": 4.755554631696428}}}"
1123072,2025-12-01,20s,a2_activity_level_v1_22b454887888,"{""adm_cd"": ""1123072"", ""adm_nm"": ""일원본동"", ""age_band"": ""20s"", ""date"": ""2025-12-01"", ""interpretation"": ""retrospective_descriptive_not_risk"", ""quality"": {""call_contacts"": ""ready"", ""text_contacts"": ""ready""}, ""raw"": {""call_contacts"": 6.698679012345679, ""text_contacts"": 3.111695473251029}, ""seasonal_index"": {""call_contacts"": 0.8397421058308753, ""text_contacts"": 0.8414343782182666}, ""seasonal_reference"": {""call_contacts"": {""n"": 3, ""periods"": [""2022-12-01"", ""2023-12-01"", ""2024-12-01""], ""value"": 7.977066965955854}, ""text_contacts"": {""n"": 3, ""periods"": [""2022-12-01"", ""2023-12-01"", ""2024-12-01""], ""value"": 3.69808454919566}}}"
1123072,2025-12-01,30s,a2_activity_level_v1_22b454887888,"{""adm_cd"": ""1123072"", ""adm_nm"": ""일원본동"", ""age_band"": ""30s"", ""date"": ""2025-12-01"", ""interpretation"": ""retrospective_descriptive_not_risk"", ""quality"": {""call_contacts"": ""ready"", ""text_contacts"": ""ready""}, ""raw"": {""call_contacts"": 11.401198668146504, ""text_contacts"": 4.746389197188308}, ""seasonal_index"": {""call_contacts"": 0.8879246426071458, ""text_contacts"": 0.8280730976441047}, ""seasonal_reference"": {""call_contacts"": {""n"": 3, ""periods"": [""2022-12-01"", ""2023-12-01"", ""2024-12-01""], ""value"": 12.84027734005673}, ""text_contacts"": {""n"": 3, ""periods"": [""2022-12-01"", ""2023-12-01"", ""2024-12-01""], ""value"": 5.731848082846722}}}"
1123072,2025-12-01,40s,a2_activity_level_v1_22b454887888,"{""adm_cd"": ""1123072"", ""adm_nm"": ""일원본동"", ""age_band"": ""40s"", ""date"": ""2025-12-01"", ""interpretation"": ""retrospective_descriptive_not_risk"", ""quality"": {""call_contacts"": ""ready"", ""text_contacts"": ""ready""}, ""raw"": {""call_contacts"": 14.725239711497666, ""text_contacts"": 5.972868052609249}, ""seasonal_index"": {""call_contacts"": 0.9059651156896789, ""text_contacts"": 0.8669444517801173}, ""seasonal_reference"": {""call_contacts"": {""n"": 3, ""periods"": [""2022-12-01"", ""2023-12-01"", ""2024-12-01""], ""value"": 16.253649789029534}, ""text_contacts"": {""n"": 3, ""periods"": [""2022-12-01"", ""2023-12-01"", ""2024-12-01""], ""value"": 6.889562578484722}}}"
1123072,2025-12-01,50s,a2_activity_level_v1_22b454887888,"{""adm_cd"": ""1123072"", ""adm_nm"": ""일원본동"", ""age_band"": ""50s"", ""date"": ""2025-12-01"", ""interpretation"": ""retrospective_descriptive_not_risk"", ""quality"": {""call_contacts"": ""ready"", ""text_contacts"": ""ready""}, ""raw"": {""call_contacts"": 15.117707509881422, ""text_contacts"": 5.607702569169961}, ""seasonal_index"": {""call_contacts"": 0.9040165224624519, ""text_contacts"": 0.86571800107632}, ""seasonal_reference"": {""call_contacts"": {""n"": 3, ""periods"": [""2022-12-01"", ""2023-12-01"", ""2024-12-01""], ""value"": 16.7228221323901}, ""text_contacts"": {""n"": 3, ""periods"": [""2022-12-01"", ""2023-12-01"", ""2024-12-01""], ""value"": 6.477516422435574}}}"
1123072,2025-12-01,60plus,a2_activity_level_v1_22b454887888,"{""adm_cd"": ""1123072"", ""adm_nm"": ""일원본동"", ""age_band"": ""60plus"", ""date"": ""2025-12-01"", ""interpretation"": ""retrospective_descriptive_not_risk"", ""quality"": {""call_contacts"": ""ready"", ""text_contacts"": ""ready""}, ""raw"": {""call_contacts"": 12.430270935960593, ""text_contacts"": 4.237804802955665}, ""seasonal_index"": {""call_contacts"": 0.9436674082265664, ""text_contacts"": 0.9041210347529198}, ""seasonal_reference"": {""call_contacts"": {""n"": 3, ""periods"": [""2022-12-01"", ""2023-12-01"", ""2024-12-01""], ""value"": 13.1723007784287}, ""text_contacts"": {""n"": 3, ""periods"": [""2022-12-01"", ""2023-12-01"", ""2024-12-01""], ""value"": 4.687209610286063}}}"
1123073,2025-07-01,20s,a2_activity_level_v1_22b454887888,"{""adm_cd"": ""1123073"", ""adm_nm"": ""일원1동"", ""age_band"": ""20s"", ""date"": ""2025-07-01"", ""interpretation"": ""retrospective_descriptive_not_risk"", ""quality"": {""call_contacts"": ""ready"", ""text_contacts"": ""ready""}, ""raw"": {""call_contacts"": 7.681710344827587, ""text_contacts"": 3.904974712643678}, ""seasonal_index"": {""call_contacts"": 0.8848558766234562, ""text_contacts"": 0.9394724706011897}, ""seasonal_reference"": {""call_contacts"": {""n"": 3, ""periods"": [""2022-07-01"", ""2023-07-01"", ""2024-07-01""], ""value"": 8.681312457504852}, ""text_contacts"": {""n"": 3, ""periods"": [""2022-07-01"", ""2023-07-01"", ""2024-07-01""], ""value"": 4.156561085972851}}}"
1123073,2025-07-01,30s,a2_activity_level_v1_22b454887888,"{""adm_cd"": ""1123073"", ""adm_nm"": ""일원1동"", ""age_band"": ""30s"", ""date"": ""2025-07-01"", ""interpretation"": ""retrospective_descriptive_not_risk"", ""quality"": {""call_contacts"": ""ready"", ""text_contacts"": ""ready""}, ""raw"": {""call_contacts"": 12.137430340557275, ""text_contacts"": 5.405329500221141}, ""seasonal_index"": {""call_contacts"": 0.9010131846971755, ""text_contacts"": 0.9556736064991695}, ""seasonal_reference"": {""call_contacts"": {""n"": 3, ""periods"": [""2022-07-01"", ""2023-07-01"", ""2024-07-01""], ""value"": 13.47086873610688}, ""text_contacts"": {""n"": 3, ""periods"": [""2022-07-01"", ""2023-07-01"", ""2024-07-01""], ""value"": 5.656041417761847}}}"
1123073,2025-07-01,40s,a2_activity_level_v1_22b454887888,"{""adm_cd"": ""1123073"", ""adm_nm"": ""일원1동"", ""age_band"": ""40s"", ""date"": ""2025-07-01"", ""interpretation"": ""retrospective_descriptive_not_risk"", ""quality"": {""call_contacts"": ""ready"", ""text_contacts"": ""ready""}, ""raw"": {""call_contacts"": 14.165508333333333, ""text_contacts"": 6.047958333333333}, ""seasonal_index"": {""call_contacts"": 0.8874725829614416, ""text_contacts"": 0.9598125431819892}, ""seasonal_reference"": {""call_contacts"": {""n"": 3, ""periods"": [""2022-07-01"", ""2023-07-01"", ""2024-07-01""], ""value"": 15.96162924387354}, ""text_contacts"": {""n"": 3, ""periods"": [""2022-07-01"", ""2023-07-01"", ""2024-07-01""], ""value"": 6.30118701437577}}}"
1123073,2025-07-01,50s,a2_activity_level_v1_22b454887888,"{""adm_cd"": ""1123073"", ""adm_nm"": ""일원1동"", ""age_band"": ""50s"", ""date"": ""2025-07-01"", ""interpretation"": ""retrospective_descriptive_not_risk"", ""quality"": {""call_contacts"": ""ready"", ""text_contacts"": ""ready""}, ""raw"": {""call_contacts"": 15.79719754977029, ""text_contacts"": 5.943395865237367}, ""seasonal_index"": {""call_contacts"": 0.9018339493610904, ""text_contacts"": 0.9866671230790247}, ""seasonal_reference"": {""call_contacts"": {""n"": 3, ""periods"": [""2022-07-01"", ""2023-07-01"", ""2024-07-01""], ""value"": 17.516747468823844}, ""text_contacts"": {""n"": 3, ""periods"": [""2022-07-01"", ""2023-07-01"", ""2024-07-01""], ""value"": 6.023709239130435}}}"
1123073,2025-07-01,60plus,a2_activity_level_v1_22b454887888,"{""adm_cd"": ""1123073"", ""adm_nm"": ""일원1동"", ""age_band"": ""60plus"", ""date"": ""2025-07-01"", ""interpretation"": ""retrospective_descriptive_not_risk"", ""quality"": {""call_contacts"": ""ready"", ""text_contacts"": ""ready""}, ""raw"": {""call_contacts"": 12.413561116458133, ""text_contacts"": 3.988273339749759}, ""seasonal_index"": {""call_contacts"": 0.9196065836634297, ""text_contacts"": 0.919290710534635}, ""seasonal_reference"": {""call_contacts"": {""n"": 3, ""periods"": [""2022-07-01"", ""2023-07-01"", ""2024-07-01""], ""value"": 13.498773646232854}, ""text_contacts"": {""n"": 3, ""periods"": [""2022-07-01"", ""2023-07-01"", ""2024-07-01""], ""value"": 4.338424498416051}}}"
1123073,2025-08-01,20s,a2_activity_level_v1_22b454887888,"{""adm_cd"": ""1123073"", ""adm_nm"": ""일원1동"", ""age_band"": ""20s"", ""date"": ""2025-08-01"", ""interpretation"": ""retrospective_descriptive_not_risk"", ""quality"": {""call_contacts"": ""ready"", ""text_contacts"": ""ready""}, ""raw"": {""call_contacts"": 7.389622988505747, ""text_contacts"": 3.864101149425288}, ""seasonal_index"": {""call_contacts"": 0.8553231055209297, ""text_contacts"": 0.9390221294096925}, ""seasonal_reference"": {""call_contacts"": {""n"": 3, ""periods"": [""2022-08-01"", ""2023-08-01"", ""2024-08-01""], ""value"": 8.639569001243265}, ""text_contacts"": {""n"": 3, ""periods"": [""2022-08-01"", ""2023-08-01"", ""2024-08-01""], ""value"": 4.115026715988492}}}"
1123073,2025-08-01,30s,a2_activity_level_v1_22b454887888,"{""adm_cd"": ""1123073"", ""adm_nm"": ""일원1동"", ""age_band"": ""30s"", ""date"": ""2025-08-01"", ""interpretation"": ""retrospective_descriptive_not_risk"", ""quality"": {""call_contacts"": ""ready"", ""text_contacts"": ""ready""}, ""raw"": {""call_contacts"": 11.868965059708094, ""text_contacts"": 5.308005307386113}, ""seasonal_index"": {""call_contacts"": 0.889016238228411, ""text_contacts"": 0.9547862859880001}, ""seasonal_reference"": {""call_contacts"": {""n"": 3, ""periods"": [""2022-08-01"", ""2023-08-01"", ""2024-08-01""], ""value"": 13.350672967863893}, ""text_contacts"": {""n"": 3, ""periods"": [""2022-08-01"", ""2023-08-01"", ""2024-08-01""], ""value"": 5.559364839319471}}}"
1123073,2025-08-01,40s,a2_activity_level_v1_22b454887888,"{""adm_cd"": ""1123073"", ""adm_nm"": ""일원1동"", ""age_band"": ""40s"", ""date"": ""2025-08-01"", ""interpretation"": ""retrospective_descriptive_not_risk"", ""quality"": {""call_contacts"": ""ready"", ""text_contacts"": ""ready""}, ""raw"": {""call_contacts"": 14.009660876757652, ""text_contacts"": 5.93468982630273}, ""seasonal_index"": {""call_contacts"": 0.8706216536211088, ""text_contacts"": 0.9473245976113913}, ""seasonal_reference"": {""call_contacts"": {""n"": 3, ""periods"": [""2022-08-01"", ""2023-08-01"", ""2024-08-01""], ""value"": 16.091560344827585}, ""text_contacts"": {""n"": 3, ""periods"": [""2022-08-01"", ""2023-08-01"", ""2024-08-01""], ""value"": 6.264684608915054}}}"
1123073,2025-08-01,50s,a2_activity_level_v1_22b454887888,"{""adm_cd"": ""1123073"", ""adm_nm"": ""일원1동"", ""age_band"": ""50s"", ""date"": ""2025-08-01"", ""interpretation"": ""retrospective_descriptive_not_risk"", ""quality"": {""call_contacts"": ""ready"", ""text_contacts"": ""ready""}, ""raw"": {""call_contacts"": 15.470868902439024, ""text_contacts"": 5.795331554878049}, ""seasonal_index"": {""call_contacts"": 0.9032901773152906, ""text_contacts"": 0.9781853370057257}, ""seasonal_reference"": {""call_contacts"": {""n"": 3, ""periods"": [""2022-08-01"", ""2023-08-01"", ""2024-08-01""], ""value"": 17.127241379310345}, ""text_contacts"": {""n"": 3, ""periods"": [""2022-08-01"", ""2023-08-01"", ""2024-08-01""], ""value"": 5.924574143196471}}}"
1123073,2025-08-01,60plus,a2_activity_level_v1_22b454887888,"{""adm_cd"": ""1123073"", ""adm_nm"": ""일원1동"", ""age_band"": ""60plus"", ""date"": ""2025-08-01"", ""interpretation"": ""retrospective_descriptive_not_risk"", ""quality"": {""call_contacts"": ""ready"", ""text_contacts"": ""ready""}, ""raw"": {""call_contacts"": 11.970777713290772, ""text_contacts"": 3.937771329077191}, ""seasonal_index"": {""call_contacts"": 0.9047420303993636, ""text_contacts"": 0.933116668466225}, ""seasonal_reference"": {""call_contacts"": {""n"": 3, ""periods"": [""2022-08-01"", ""2023-08-01"", ""2024-08-01""], ""value"": 13.231150218595163}, ""text_contacts"": {""n"": 3, ""periods"": [""2022-08-01"", ""2023-08-01"", ""2024-08-01""], ""value"": 4.220020349170006}}}"
1123073,2025-09-01,20s,a2_activity_level_v1_22b454887888,"{""adm_cd"": ""1123073"", ""adm_nm"": ""일원1동"", ""age_band"": ""20s"", ""date"": ""2025-09-01"", ""interpretation"": ""retrospective_descriptive_not_risk"", ""quality"": {""call_contacts"": ""ready"", ""text_contacts"": ""ready""}, ""raw"": {""call_contacts"": 7.20423448275862, ""text_contacts"": 3.789618390804598}, ""seasonal_index"": {""call_contacts"": 0.8840540080713764, ""text_contacts"": 0.9386547720967144}, ""seasonal_reference"": {""call_contacts"": {""n"": 3, ""periods"": [""2022-09-01"", ""2023-09-01"", ""2024-09-01""], ""value"": 8.149088649544325}, ""text_contacts"": {""n"": 3, ""periods"": [""2022-09-01"", ""2023-09-01"", ""2024-09-01""], ""value"": 4.03728666114333}}}"
1123073,2025-09-01,30s,a2_activity_level_v1_22b454887888,"{""adm_cd"": ""1123073"", ""adm_nm"": ""일원1동"", ""age_band"": ""30s"", ""date"": ""2025-09-01"", ""interpretation"": ""retrospective_descriptive_not_risk"", ""quality"": {""call_contacts"": ""ready"", ""text_contacts"": ""ready""}, ""raw"": {""call_contacts"": 12.245762936753648, ""text_contacts"": 5.410110570544007}, ""seasonal_index"": {""call_contacts"": 0.9258842167817743, ""text_contacts"": 0.9652653838388464}, ""seasonal_reference"": {""call_contacts"": {""n"": 3, ""periods"": [""2022-09-01"", ""2023-09-01"", ""2024-09-01""], ""value"": 13.226019749335359}, ""text_contacts"": {""n"": 3, ""periods"": [""2022-09-01"", ""2023-09-01"", ""2024-09-01""], ""value"": 5.604790828640385}}}"
1123073,2025-09-01,40s,a2_activity_level_v1_22b454887888,"{""adm_cd"": ""1123073"", ""adm_nm"": ""일원1동"", ""age_band"": ""40s"", ""date"": ""2025-09-01"", ""interpretation"": ""retrospective_descriptive_not_risk"", ""quality"": {""call_contacts"": ""ready"", ""text_contacts"": ""ready""}, ""raw"": {""call_contacts"": 14.095675453047777, ""text_contacts"": 6.029250411861614}, ""seasonal_index"": {""call_contacts"": 0.8924464067332406, ""text_contacts"": 0.965419923453999}, ""seasonal_reference"": {""call_contacts"": {""n"": 3, ""periods"": [""2022-09-01"", ""2023-09-01"", ""2024-09-01""], ""value"": 15.79442232799654}, ""text_contacts"": {""n"": 3, ""periods"": [""2022-09-01"", ""2023-09-01"", ""2024-09-01""], ""value"": 6.245210260723297}}}"
1123073,2025-09-01,50s,a2_activity_level_v1_22b454887888,"{""adm_cd"": ""1123073"", ""adm_nm"": ""일원1동"", ""age_band"": ""50s"", ""date"": ""2025-09-01"", ""interpretation"": ""retrospective_descriptive_not_risk"", ""quality"": {""call_contacts"": ""ready"", ""text_contacts"": ""ready""}, ""raw"": {""call_contacts"": 15.753037490436112, ""text_contacts"": 5.888837031369548}, ""seasonal_index"": {""call_contacts"": 0.9239823724278836, ""text_contacts"": 0.9816103283172802}, ""seasonal_reference"": {""call_contacts"": {""n"": 3, ""periods"": [""2022-09-01"", ""2023-09-01"", ""2024-09-01""], ""value"": 17.04906712564544}, ""text_contacts"": {""n"": 3, ""periods"": [""2022-09-01"", ""2023-09-01"", ""2024-09-01""], ""value"": 5.999159606912911}}}"
1123073,2025-09-01,60plus,a2_activity_level_v1_22b454887888,"{""adm_cd"": ""1123073"", ""adm_nm"": ""일원1동"", ""age_band"": ""60plus"", ""date"": ""2025-09-01"", ""interpretation"": ""retrospective_descriptive_not_risk"", ""quality"": {""call_contacts"": ""ready"", ""text_contacts"": ""ready""}, ""raw"": {""call_contacts"": 12.220003855793328, ""text_contacts"": 3.975278581068055}, ""seasonal_index"": {""call_contacts"": 0.9288512920964854, ""text_contacts"": 0.9281063179127494}, ""seasonal_reference"": {""call_contacts"": {""n"": 3, ""periods"": [""2022-09-01"", ""2023-09-01"", ""2024-09-01""], ""value"": 13.156039034205232}, ""text_contacts"": {""n"": 3, ""periods"": [""2022-09-01"", ""2023-09-01"", ""2024-09-01""], ""value"": 4.283214653692044}}}"
1123073,2025-10-01,20s,a2_activity_level_v1_22b454887888,"{""adm_cd"": ""1123073"", ""adm_nm"": ""일원1동"", ""age_band"": ""20s"", ""date"": ""2025-10-01"", ""interpretation"": ""retrospective_descriptive_not_risk"", ""quality"": {""call_contacts"": ""ready"", ""text_contacts"": ""ready""}, ""raw"": {""call_contacts"": 7.634570114942528, ""text_contacts"": 3.831908045977011}, ""seasonal_index"": {""call_contacts"": 0.9401968897992288, ""text_contacts"": 0.9397961781665295}, ""seasonal_reference"": {""call_contacts"": {""n"": 3, ""periods"": [""2022-10-01"", ""2023-10-01"", ""2024-10-01""], ""value"": 8.120182270091137}, ""text_contacts"": {""n"": 3, ""periods"": [""2022-10-01"", ""2023-10-01"", ""2024-10-01""], ""value"": 4.077382027082479}}}"
1123073,2025-10-01,30s,a2_activity_level_v1_22b454887888,"{""adm_cd"": ""1123073"", ""adm_nm"": ""일원1동"", ""age_band"": ""30s"", ""date"": ""2025-10-01"", ""interpretation"": ""retrospective_descriptive_not_risk"", ""quality"": {""call_contacts"": ""ready"", ""text_contacts"": ""ready""}, ""raw"": {""call_contacts"": 11.996342326404246, ""text_contacts"": 5.150415745245467}, ""seasonal_index"": {""call_contacts"": 0.9257036755273209, ""text_contacts"": 0.9256812630790396}, ""seasonal_reference"": {""call_contacts"": {""n"": 3, ""periods"": [""2022-10-01"", ""2023-10-01"", ""2024-10-01""], ""value"": 12.959160305343511}, ""text_contacts"": {""n"": 3, ""periods"": [""2022-10-01"", ""2023-10-01"", ""2024-10-01""], ""value"": 5.563919191919192}}}"
1123073,2025-10-01,40s,a2_activity_level_v1_22b454887888,"{""adm_cd"": ""1123073"", ""adm_nm"": ""일원1동"", ""age_band"": ""40s"", ""date"": ""2025-10-01"", ""interpretation"": ""retrospective_descriptive_not_risk"", ""quality"": {""call_contacts"": ""ready"", ""text_contacts"": ""ready""}, ""raw"": {""call_contacts"": 13.888730420445176, ""text_contacts"": 5.88760098928277}, ""seasonal_index"": {""call_contacts"": 0.8938136543941877, ""text_contacts"": 0.9312730588324999}, ""seasonal_reference"": {""call_contacts"": {""n"": 3, ""periods"": [""2022-10-01"", ""2023-10-01"", ""2024-10-01""], ""value"": 15.538731537793222}, ""text_contacts"": {""n"": 3, ""periods"": [""2022-10-01"", ""2023-10-01"", ""2024-10-01""], ""value"": 6.322099553340266}}}"
1123073,2025-10-01,50s,a2_activity_level_v1_22b454887888,"{""adm_cd"": ""1123073"", ""adm_nm"": ""일원1동"", ""age_band"": ""50s"", ""date"": ""2025-10-01"", ""interpretation"": ""retrospective_descriptive_not_risk"", ""quality"": {""call_contacts"": ""ready"", ""text_contacts"": ""ready""}, ""raw"": {""call_contacts"": 15.482851681957186, ""text_contacts"": 5.73302752293578}, ""seasonal_index"": {""call_contacts"": 0.9120669991927771, ""text_contacts"": 0.9423304318238455}, ""seasonal_reference"": {""call_contacts"": {""n"": 3, ""periods"": [""2022-10-01"", ""2023-10-01"", ""2024-10-01""], ""value"": 16.97556396148556}, ""text_contacts"": {""n"": 3, ""periods"": [""2022-10-01"", ""2023-10-01"", ""2024-10-01""], ""value"": 6.083882393397524}}}"
1123073,2025-10-01,60plus,a2_activity_level_v1_22b454887888,"{""adm_cd"": ""1123073"", ""adm_nm"": ""일원1동"", ""age_band"": ""60plus"", ""date"": ""2025-10-01"", ""interpretation"": ""retrospective_descriptive_not_risk"", ""quality"": {""call_contacts"": ""ready"", ""text_contacts"": ""ready""}, ""raw"": {""call_contacts"": 12.30618479307026, ""text_contacts"": 4.012816169393648}, ""seasonal_index"": {""call_contacts"": 0.9313086268012205, ""text_contacts"": 0.9282199053510638}, ""seasonal_reference"": {""call_contacts"": {""n"": 3, ""periods"": [""2022-10-01"", ""2023-10-01"", ""2024-10-01""], ""value"": 13.213863201652599}, ""text_contacts"": {""n"": 3, ""periods"": [""2022-10-01"", ""2023-10-01"", ""2024-10-01""], ""value"": 4.323130915702517}}}"
1123073,2025-11-01,20s,a2_activity_level_v1_22b454887888,"{""adm_cd"": ""1123073"", ""adm_nm"": ""일원1동"", ""age_band"": ""20s"", ""date"": ""2025-11-01"", ""interpretation"": ""retrospective_descriptive_not_risk"", ""quality"": {""call_contacts"": ""ready"", ""text_contacts"": ""ready""}, ""raw"": {""call_contacts"": 7.767779310344828, ""text_contacts"": 3.66576551724138}, ""seasonal_index"": {""call_contacts"": 0.9140650567411991, ""text_contacts"": 0.8797770266214687}, ""seasonal_reference"": {""call_contacts"": {""n"": 3, ""periods"": [""2022-11-01"", ""2023-11-01"", ""2024-11-01""], ""value"": 8.498059577989244}, ""text_contacts"": {""n"": 3, ""periods"": [""2022-11-01"", ""2023-11-01"", ""2024-11-01""], ""value"": 4.166698386429458}}}"
1123073,2025-11-01,30s,a2_activity_level_v1_22b454887888,"{""adm_cd"": ""1123073"", ""adm_nm"": ""일원1동"", ""age_band"": ""30s"", ""date"": ""2025-11-01"", ""interpretation"": ""retrospective_descriptive_not_risk"", ""quality"": {""call_contacts"": ""ready"", ""text_contacts"": ""ready""}, ""raw"": {""call_contacts"": 12.150959752321981, ""text_contacts"": 5.049610791685095}, ""seasonal_index"": {""call_contacts"": 0.9305013926083284, ""text_contacts"": 0.8757946674581536}, ""seasonal_reference"": {""call_contacts"": {""n"": 3, ""periods"": [""2022-11-01"", ""2023-11-01"", ""2024-11-01""], ""value"": 13.058507863444571}, ""text_contacts"": {""n"": 3, ""periods"": [""2022-11-01"", ""2023-11-01"", ""2024-11-01""], ""value"": 5.765747359870024}}}"
1123073,2025-11-01,40s,a2_activity_level_v1_22b454887888,"{""adm_cd"": ""1123073"", ""adm_nm"": ""일원1동"", ""age_band"": ""40s"", ""date"": ""2025-11-01"", ""interpretation"": ""retrospective_descriptive_not_risk"", ""quality"": {""call_contacts"": ""ready"", ""text_contacts"": ""ready""}, ""raw"": {""call_contacts"": 13.950859309182812, ""text_contacts"": 5.711609098567817}, ""seasonal_index"": {""call_contacts"": 0.8917114913922198, ""text_contacts"": 0.8984629296380647}, ""seasonal_reference"": {""call_contacts"": {""n"": 3, ""periods"": [""2022-11-01"", ""2023-11-01"", ""2024-11-01""], ""value"": 15.645037037037037}, ""text_contacts"": {""n"": 3, ""periods"": [""2022-11-01"", ""2023-11-01"", ""2024-11-01""], ""value"": 6.357089324618737}}}"
1123073,2025-11-01,50s,a2_activity_level_v1_22b454887888,"{""adm_cd"": ""1123073"", ""adm_nm"": ""일원1동"", ""age_band"": ""50s"", ""date"": ""2025-11-01"", ""interpretation"": ""retrospective_descriptive_not_risk"", ""quality"": {""call_contacts"": ""ready"", ""text_contacts"": ""ready""}, ""raw"": {""call_contacts"": 15.500402124430956, ""text_contacts"": 5.666126707132018}, ""seasonal_index"": {""call_contacts"": 0.906413866538151, ""text_contacts"": 0.9218704744270961}, ""seasonal_reference"": {""call_contacts"": {""n"": 3, ""periods"": [""2022-11-01"", ""2023-11-01"", ""2024-11-01""], ""value"": 17.100799862684518}, ""text_contacts"": {""n"": 3, ""periods"": [""2022-11-01"", ""2023-11-01"", ""2024-11-01""], ""value"": 6.146337109509097}}}"
1123073,2025-11-01,60plus,a2_activity_level_v1_22b454887888,"{""adm_cd"": ""1123073"", ""adm_nm"": ""일원1동"", ""age_band"": ""60plus"", ""date"": ""2025-11-01"", ""interpretation"": ""retrospective_descriptive_not_risk"", ""quality"": {""call_contacts"": ""ready"", ""text_contacts"": ""ready""}, ""raw"": {""call_contacts"": 12.357090346295221, ""text_contacts"": 3.981940414006578}, ""seasonal_index"": {""call_contacts"": 0.9272486180592757, ""text_contacts"": 0.914297315649797}, ""seasonal_reference"": {""call_contacts"": {""n"": 3, ""periods"": [""2022-11-01"", ""2023-11-01"", ""2024-11-01""], ""value"": 13.326620396758873}, ""text_contacts"": {""n"": 3, ""periods"": [""2022-11-01"", ""2023-11-01"", ""2024-11-01""], ""value"": 4.355192064822576}}}"
1123073,2025-12-01,20s,a2_activity_level_v1_22b454887888,"{""adm_cd"": ""1123073"", ""adm_nm"": ""일원1동"", ""age_band"": ""20s"", ""date"": ""2025-12-01"", ""interpretation"": ""retrospective_descriptive_not_risk"", ""quality"": {""call_contacts"": ""ready"", ""text_contacts"": ""ready""}, ""raw"": {""call_contacts"": 7.711705747126436, ""text_contacts"": 3.543025287356322}, ""seasonal_index"": {""call_contacts"": 0.8847202892947073, ""text_contacts"": 0.8232810282926969}, ""seasonal_reference"": {""call_contacts"": {""n"": 3, ""periods"": [""2022-12-01"", ""2023-12-01"", ""2024-12-01""], ""value"": 8.716546732837056}, ""text_contacts"": {""n"": 3, ""periods"": [""2022-12-01"", ""2023-12-01"", ""2024-12-01""], ""value"": 4.303542976939204}}}"
1123073,2025-12-01,30s,a2_activity_level_v1_22b454887888,"{""adm_cd"": ""1123073"", ""adm_nm"": ""일원1동"", ""age_band"": ""30s"", ""date"": ""2025-12-01"", ""interpretation"": ""retrospective_descriptive_not_risk"", ""quality"": {""call_contacts"": ""ready"", ""text_contacts"": ""ready""}, ""raw"": {""call_contacts"": 12.26140645731977, ""text_contacts"": 4.914316674038036}, ""seasonal_index"": {""call_contacts"": 0.9291333061244889, ""text_contacts"": 0.8538147587120186}, ""seasonal_reference"": {""call_contacts"": {""n"": 3, ""periods"": [""2022-12-01"", ""2023-12-01"", ""2024-12-01""], ""value"": 13.196606317411401}, ""text_contacts"": {""n"": 3, ""periods"": [""2022-12-01"", ""2023-12-01"", ""2024-12-01""], ""value"": 5.755717647058823}}}"
1123073,2025-12-01,40s,a2_activity_level_v1_22b454887888,"{""adm_cd"": ""1123073"", ""adm_nm"": ""일원1동"", ""age_band"": ""40s"", ""date"": ""2025-12-01"", ""interpretation"": ""retrospective_descriptive_not_risk"", ""quality"": {""call_contacts"": ""ready"", ""text_contacts"": ""ready""}, ""raw"": {""call_contacts"": 14.044191049913941, ""text_contacts"": 5.540972461273666}, ""seasonal_index"": {""call_contacts"": 0.8818008760077879, ""text_contacts"": 0.8686702583772365}, ""seasonal_reference"": {""call_contacts"": {""n"": 3, ""periods"": [""2022-12-01"", ""2023-12-01"", ""2024-12-01""], ""value"": 15.926714785651795}, ""text_contacts"": {""n"": 3, ""periods"": [""2022-12-01"", ""2023-12-01"", ""2024-12-01""], ""value"": 6.378683289588802}}}"
1123073,2025-12-01,50s,a2_activity_level_v1_22b454887888,"{""adm_cd"": ""1123073"", ""adm_nm"": ""일원1동"", ""age_band"": ""50s"", ""date"": ""2025-12-01"", ""interpretation"": ""retrospective_descriptive_not_risk"", ""quality"": {""call_contacts"": ""ready"", ""text_contacts"": ""ready""}, ""raw"": {""call_contacts"": 15.537338709677421, ""text_contacts"": 5.451808755760369}, ""seasonal_index"": {""call_contacts"": 0.8961300032351864, ""text_contacts"": 0.8752222210434953}, ""seasonal_reference"": {""call_contacts"": {""n"": 3, ""periods"": [""2022-12-01"", ""2023-12-01"", ""2024-12-01""], ""value"": 17.338264150943395}, ""text_contacts"": {""n"": 3, ""periods"": [""2022-12-01"", ""2023-12-01"", ""2024-12-01""], ""value"": 6.229056603773585}}}"
1123073,2025-12-01,60plus,a2_activity_level_v1_22b454887888,"{""adm_cd"": ""1123073"", ""adm_nm"": ""일원1동"", ""age_band"": ""60plus"", ""date"": ""2025-12-01"", ""interpretation"": ""retrospective_descriptive_not_risk"", ""quality"": {""call_contacts"": ""ready"", ""text_contacts"": ""ready""}, ""raw"": {""call_contacts"": 12.568130987292278, ""text_contacts"": 3.937677419354839}, ""seasonal_index"": {""call_contacts"": 0.9414322832355568, ""text_contacts"": 0.9077395779366471}, ""seasonal_reference"": {""call_contacts"": {""n"": 3, ""periods"": [""2022-12-01"", ""2023-12-01"", ""2024-12-01""], ""value"": 13.350010628589834}, ""text_contacts"": {""n"": 3, ""periods"": [""2022-12-01"", ""2023-12-01"", ""2024-12-01""], ""value"": 4.337893284663696}}}"
1123074,2025-07-01,20s,a2_activity_level_v1_22b454887888,"{""adm_cd"": ""1123074"", ""adm_nm"": ""일원2동"", ""age_band"": ""20s"", ""date"": ""2025-07-01"", ""interpretation"": ""retrospective_descriptive_not_risk"", ""quality"": {""call_contacts"": ""ready"", ""text_contacts"": ""ready""}, ""raw"": {""call_contacts"": 6.613859315589354, ""text_contacts"": 3.479347275031686}, ""seasonal_index"": {""call_contacts"": 0.84169822162778, ""text_contacts"": 0.9032452525323595}, ""seasonal_reference"": {""call_contacts"": {""n"": 3, ""periods"": [""2022-07-01"", ""2023-07-01"", ""2024-07-01""], ""value"": 7.857756076517135}, ""text_contacts"": {""n"": 3, ""periods"": [""2022-07-01"", ""2023-07-01"", ""2024-07-01""], ""value"": 3.852051549982584}}}"
1123074,2025-07-01,30s,a2_activity_level_v1_22b454887888,"{""adm_cd"": ""1123074"", ""adm_nm"": ""일원2동"", ""age_band"": ""30s"", ""date"": ""2025-07-01"", ""interpretation"": ""retrospective_descriptive_not_risk"", ""quality"": {""call_contacts"": ""ready"", ""text_contacts"": ""ready""}, ""raw"": {""call_contacts"": 12.31786590351594, ""text_contacts"": 5.495801308258382}, ""seasonal_index"": {""call_contacts"": 0.9121327440926386, ""text_contacts"": 0.9850865648946578}, ""seasonal_reference"": {""call_contacts"": {""n"": 3, ""periods"": [""2022-07-01"", ""2023-07-01"", ""2024-07-01""], ""value"": 13.504466299770186}, ""text_contacts"": {""n"": 3, ""periods"": [""2022-07-01"", ""2023-07-01"", ""2024-07-01""], ""value"": 5.579003413619884}}}"
1123074,2025-07-01,40s,a2_activity_level_v1_22b454887888,"{""adm_cd"": ""1123074"", ""adm_nm"": ""일원2동"", ""age_band"": ""40s"", ""date"": ""2025-07-01"", ""interpretation"": ""retrospective_descriptive_not_risk"", ""quality"": {""call_contacts"": ""ready"", ""text_contacts"": ""ready""}, ""raw"": {""call_contacts"": 14.453258911084998, ""text_contacts"": 6.302596944770857}, ""seasonal_index"": {""call_contacts"": 0.8922694267845052, ""text_contacts"": 0.9422920264749551}, ""seasonal_reference"": {""call_contacts"": {""n"": 3, ""periods"": [""2022-07-01"", ""2023-07-01"", ""2024-07-01""], ""value"": 16.19831238998134}, ""text_contacts"": {""n"": 3, ""periods"": [""2022-07-01"", ""2023-07-01"", ""2024-07-01""], ""value"": 6.688581424538215}}}"
1123074,2025-07-01,50s,a2_activity_level_v1_22b454887888,"{""adm_cd"": ""1123074"", ""adm_nm"": ""일원2동"", ""age_band"": ""50s"", ""date"": ""2025-07-01"", ""interpretation"": ""retrospective_descriptive_not_risk"", ""quality"": {""call_contacts"": ""ready"", ""text_contacts"": ""ready""}, ""raw"": {""call_contacts"": 15.450352843503529, ""text_contacts"": 5.846388542963886}, ""seasonal_index"": {""call_contacts"": 0.9439818178384025, ""text_contacts"": 0.9555742367991745}, ""seasonal_reference"": {""call_contacts"": {""n"": 3, ""periods"": [""2022-07-01"", ""2023-07-01"", ""2024-07-01""], ""value"": 16.36721444368797}, ""text_contacts"": {""n"": 3, ""periods"": [""2022-07-01"", ""2023-07-01"", ""2024-07-01""], ""value"": 6.11819397993311}}}"
1123074,2025-07-01,60plus,a2_activity_level_v1_22b454887888,"{""adm_cd"": ""1123074"", ""adm_nm"": ""일원2동"", ""age_band"": ""60plus"", ""date"": ""2025-07-01"", ""interpretation"": ""retrospective_descriptive_not_risk"", ""quality"": {""call_contacts"": ""ready"", ""text_contacts"": ""ready""}, ""raw"": {""call_contacts"": 12.091731733914939, ""text_contacts"": 4.095121046892038}, ""seasonal_index"": {""call_contacts"": 0.9310679410448225, ""text_contacts"": 0.9848460186669833}, ""seasonal_reference"": {""call_contacts"": {""n"": 3, ""periods"": [""2022-07-01"", ""2023-07-01"", ""2024-07-01""], ""value"": 12.986948858260421}, ""text_contacts"": {""n"": 3, ""periods"": [""2022-07-01"", ""2023-07-01"", ""2024-07-01""], ""value"": 4.158133321628186}}}"
1123074,2025-08-01,20s,a2_activity_level_v1_22b454887888,"{""adm_cd"": ""1123074"", ""adm_nm"": ""일원2동"", ""age_band"": ""20s"", ""date"": ""2025-08-01"", ""interpretation"": ""retrospective_descriptive_not_risk"", ""quality"": {""call_contacts"": ""ready"", ""text_contacts"": ""ready""}, ""raw"": {""call_contacts"": 6.362826362484157, ""text_contacts"": 3.470925221799746}, ""seasonal_index"": {""call_contacts"": 0.8212064968903706, ""text_contacts"": 0.9115968873193445}, ""seasonal_reference"": {""call_contacts"": {""n"": 3, ""periods"": [""2022-08-01"", ""2023-08-01"", ""2024-08-01""], ""value"": 7.748144208037824}, ""text_contacts"": {""n"": 3, ""periods"": [""2022-08-01"", ""2023-08-01"", ""2024-08-01""], ""value"": 3.807522019964768}}}"
1123074,2025-08-01,30s,a2_activity_level_v1_22b454887888,"{""adm_cd"": ""1123074"", ""adm_nm"": ""일원2동"", ""age_band"": ""30s"", ""date"": ""2025-08-01"", ""interpretation"": ""retrospective_descriptive_not_risk"", ""quality"": {""call_contacts"": ""ready"", ""text_contacts"": ""ready""}, ""raw"": {""call_contacts"": 12.178331970564185, ""text_contacts"": 5.410245298446442}, ""seasonal_index"": {""call_contacts"": 0.9218977888519773, ""text_contacts"": 0.9711830391717479}, ""seasonal_reference"": {""call_contacts"": {""n"": 3, ""periods"": [""2022-08-01"", ""2023-08-01"", ""2024-08-01""], ""value"": 13.210067447639334}, ""text_contacts"": {""n"": 3, ""periods"": [""2022-08-01"", ""2023-08-01"", ""2024-08-01""], ""value"": 5.570778195488722}}}"
1123074,2025-08-01,40s,a2_activity_level_v1_22b454887888,"{""adm_cd"": ""1123074"", ""adm_nm"": ""일원2동"", ""age_band"": ""40s"", ""date"": ""2025-08-01"", ""interpretation"": ""retrospective_descriptive_not_risk"", ""quality"": {""call_contacts"": ""ready"", ""text_contacts"": ""ready""}, ""raw"": {""call_contacts"": 14.170564578499613, ""text_contacts"": 6.220355761794277}, ""seasonal_index"": {""call_contacts"": 0.8839658679084035, ""text_contacts"": 0.9405044134695006}, ""seasonal_reference"": {""call_contacts"": {""n"": 3, ""periods"": [""2022-08-01"", ""2023-08-01"", ""2024-08-01""], ""value"": 16.0306693877551}, ""text_contacts"": {""n"": 3, ""periods"": [""2022-08-01"", ""2023-08-01"", ""2024-08-01""], ""value"": 6.613850687683131}}}"
1123074,2025-08-01,50s,a2_activity_level_v1_22b454887888,"{""adm_cd"": ""1123074"", ""adm_nm"": ""일원2동"", ""age_band"": ""50s"", ""date"": ""2025-08-01"", ""interpretation"": ""retrospective_descriptive_not_risk"", ""quality"": {""call_contacts"": ""ready"", ""text_contacts"": ""ready""}, ""raw"": {""call_contacts"": 15.098366750208855, ""text_contacts"": 5.79031746031746}, ""seasonal_index"": {""call_contacts"": 0.9323562542035463, ""text_contacts"": 0.9642249068093016}, ""seasonal_reference"": {""call_contacts"": {""n"": 3, ""periods"": [""2022-08-01"", ""2023-08-01"", ""2024-08-01""], ""value"": 16.193774302620458}, ""text_contacts"": {""n"": 3, ""periods"": [""2022-08-01"", ""2023-08-01"", ""2024-08-01""], ""value"": 6.005152345087299}}}"
1123074,2025-08-01,60plus,a2_activity_level_v1_22b454887888,"{""adm_cd"": ""1123074"", ""adm_nm"": ""일원2동"", ""age_band"": ""60plus"", ""date"": ""2025-08-01"", ""interpretation"": ""retrospective_descriptive_not_risk"", ""quality"": {""call_contacts"": ""ready"", ""text_contacts"": ""ready""}, ""raw"": {""call_contacts"": 11.711528480316694, ""text_contacts"": 3.98638442929404}, ""seasonal_index"": {""call_contacts"": 0.9358684939746044, ""text_contacts"": 0.9714592962937728}, ""seasonal_reference"": {""call_contacts"": {""n"": 3, ""periods"": [""2022-08-01"", ""2023-08-01"", ""2024-08-01""], ""value"": 12.514074953606139}, ""text_contacts"": {""n"": 3, ""periods"": [""2022-08-01"", ""2023-08-01"", ""2024-08-01""], ""value"": 4.103501242411852}}}"
1123074,2025-09-01,20s,a2_activity_level_v1_22b454887888,"{""adm_cd"": ""1123074"", ""adm_nm"": ""일원2동"", ""age_band"": ""20s"", ""date"": ""2025-09-01"", ""interpretation"": ""retrospective_descriptive_not_risk"", ""quality"": {""call_contacts"": ""ready"", ""text_contacts"": ""ready""}, ""raw"": {""call_contacts"": 6.687477820025348, ""text_contacts"": 3.483669201520913}, ""seasonal_index"": {""call_contacts"": 0.8383383853589441, ""text_contacts"": 0.8968739308750798}, ""seasonal_reference"": {""call_contacts"": {""n"": 3, ""periods"": [""2022-09-01"", ""2023-09-01"", ""2024-09-01""], ""value"": 7.977062647754138}, ""text_contacts"": {""n"": 3, ""periods"": [""2022-09-01"", ""2023-09-01"", ""2024-09-01""], ""value"": 3.884235098819181}}}"
1123074,2025-09-01,30s,a2_activity_level_v1_22b454887888,"{""adm_cd"": ""1123074"", ""adm_nm"": ""일원2동"", ""age_band"": ""30s"", ""date"": ""2025-09-01"", ""interpretation"": ""retrospective_descriptive_not_risk"", ""quality"": {""call_contacts"": ""ready"", ""text_contacts"": ""ready""}, ""raw"": {""call_contacts"": 12.049963205233032, ""text_contacts"": 5.416537203597711}, ""seasonal_index"": {""call_contacts"": 0.9372470564380734, ""text_contacts"": 0.9695317647792927}, ""seasonal_reference"": {""call_contacts"": {""n"": 3, ""periods"": [""2022-09-01"", ""2023-09-01"", ""2024-09-01""], ""value"": 12.856762923351159}, ""text_contacts"": {""n"": 3, ""periods"": [""2022-09-01"", ""2023-09-01"", ""2024-09-01""], ""value"": 5.586755793226382}}}"
1123074,2025-09-01,40s,a2_activity_level_v1_22b454887888,"{""adm_cd"": ""1123074"", ""adm_nm"": ""일원2동"", ""age_band"": ""40s"", ""date"": ""2025-09-01"", ""interpretation"": ""retrospective_descriptive_not_risk"", ""quality"": {""call_contacts"": ""ready"", ""text_contacts"": ""ready""}, ""raw"": {""call_contacts"": 14.335959595959594, ""text_contacts"": 6.169689199689199}, ""seasonal_index"": {""call_contacts"": 0.9037646653343852, ""text_contacts"": 0.9309626640151774}, ""seasonal_reference"": {""call_contacts"": {""n"": 3, ""periods"": [""2022-09-01"", ""2023-09-01"", ""2024-09-01""], ""value"": 15.86249180327869}, ""text_contacts"": {""n"": 3, ""periods"": [""2022-09-01"", ""2023-09-01"", ""2024-09-01""], ""value"": 6.627214428857714}}}"
1123074,2025-09-01,50s,a2_activity_level_v1_22b454887888,"{""adm_cd"": ""1123074"", ""adm_nm"": ""일원2동"", ""age_band"": ""50s"", ""date"": ""2025-09-01"", ""interpretation"": ""retrospective_descriptive_not_risk"", ""quality"": {""call_contacts"": ""ready"", ""text_contacts"": ""ready""}, ""raw"": {""call_contacts"": 15.455960735171262, ""text_contacts"": 5.830154553049289}, ""seasonal_index"": {""call_contacts"": 0.9657944702325075, ""text_contacts"": 0.947075543152207}, ""seasonal_reference"": {""call_contacts"": {""n"": 3, ""periods"": [""2022-09-01"", ""2023-09-01"", ""2024-09-01""], ""value"": 16.003364288729422}, ""text_contacts"": {""n"": 3, ""periods"": [""2022-09-01"", ""2023-09-01"", ""2024-09-01""], ""value"": 6.155955134945671}}}"
1123074,2025-09-01,60plus,a2_activity_level_v1_22b454887888,"{""adm_cd"": ""1123074"", ""adm_nm"": ""일원2동"", ""age_band"": ""60plus"", ""date"": ""2025-09-01"", ""interpretation"": ""retrospective_descriptive_not_risk"", ""quality"": {""call_contacts"": ""ready"", ""text_contacts"": ""ready""}, ""raw"": {""call_contacts"": 11.93724545653602, ""text_contacts"": 4.114709875191592}, ""seasonal_index"": {""call_contacts"": 0.951531783011646, ""text_contacts"": 0.9845871599842706}, ""seasonal_reference"": {""call_contacts"": {""n"": 3, ""periods"": [""2022-09-01"", ""2023-09-01"", ""2024-09-01""], ""value"": 12.545293462246777}, ""text_contacts"": {""n"": 3, ""periods"": [""2022-09-01"", ""2023-09-01"", ""2024-09-01""], ""value"": 4.179122014202711}}}"
1123074,2025-10-01,20s,a2_activity_level_v1_22b454887888,"{""adm_cd"": ""1123074"", ""adm_nm"": ""일원2동"", ""age_band"": ""20s"", ""date"": ""2025-10-01"", ""interpretation"": ""retrospective_descriptive_not_risk"", ""quality"": {""call_contacts"": ""ready"", ""text_contacts"": ""ready""}, ""raw"": {""call_contacts"": 6.716140684410647, ""text_contacts"": 3.390570342205323}, ""seasonal_index"": {""call_contacts"": 0.873561472512115, ""text_contacts"": 0.8798937588110923}, ""seasonal_reference"": {""call_contacts"": {""n"": 3, ""periods"": [""2022-10-01"", ""2023-10-01"", ""2024-10-01""], ""value"": 7.68822904368359}, ""text_contacts"": {""n"": 3, ""periods"": [""2022-10-01"", ""2023-10-01"", ""2024-10-01""], ""value"": 3.853386057410662}}}"
1123074,2025-10-01,30s,a2_activity_level_v1_22b454887888,"{""adm_cd"": ""1123074"", ""adm_nm"": ""일원2동"", ""age_band"": ""30s"", ""date"": ""2025-10-01"", ""interpretation"": ""retrospective_descriptive_not_risk"", ""quality"": {""call_contacts"": ""ready"", ""text_contacts"": ""ready""}, ""raw"": {""call_contacts"": 11.910478331970564, ""text_contacts"": 5.224194603434178}, ""seasonal_index"": {""call_contacts"": 0.9331937850758099, ""text_contacts"": 0.9192383195185186}, ""seasonal_reference"": {""call_contacts"": {""n"": 3, ""periods"": [""2022-10-01"", ""2023-10-01"", ""2024-10-01""], ""value"": 12.763135077033322}, ""text_contacts"": {""n"": 3, ""periods"": [""2022-10-01"", ""2023-10-01"", ""2024-10-01""], ""value"": 5.683177574854062}}}"
1123074,2025-10-01,40s,a2_activity_level_v1_22b454887888,"{""adm_cd"": ""1123074"", ""adm_nm"": ""일원2동"", ""age_band"": ""40s"", ""date"": ""2025-10-01"", ""interpretation"": ""retrospective_descriptive_not_risk"", ""quality"": {""call_contacts"": ""ready"", ""text_contacts"": ""ready""}, ""raw"": {""call_contacts"": 13.638049161139287, ""text_contacts"": 5.950803745610613}, ""seasonal_index"": {""call_contacts"": 0.8815551287634081, ""text_contacts"": 0.9041520103544756}, ""seasonal_reference"": {""call_contacts"": {""n"": 3, ""periods"": [""2022-10-01"", ""2023-10-01"", ""2024-10-01""], ""value"": 15.470443896424166}, ""text_contacts"": {""n"": 3, ""periods"": [""2022-10-01"", ""2023-10-01"", ""2024-10-01""], ""value"": 6.581640783254557}}}"
1123074,2025-10-01,50s,a2_activity_level_v1_22b454887888,"{""adm_cd"": ""1123074"", ""adm_nm"": ""일원2동"", ""age_band"": ""50s"", ""date"": ""2025-10-01"", ""interpretation"": ""retrospective_descriptive_not_risk"", ""quality"": {""call_contacts"": ""ready"", ""text_contacts"": ""ready""}, ""raw"": {""call_contacts"": 14.929708211754896, ""text_contacts"": 5.668095039599834}, ""seasonal_index"": {""call_contacts"": 0.9568102031860815, ""text_contacts"": 0.9292492128643935}, ""seasonal_reference"": {""call_contacts"": {""n"": 3, ""periods"": [""2022-10-01"", ""2023-10-01"", ""2024-10-01""], ""value"": 15.603625632377742}, ""text_contacts"": {""n"": 3, ""periods"": [""2022-10-01"", ""2023-10-01"", ""2024-10-01""], ""value"": 6.099650084317032}}}"
1123074,2025-10-01,60plus,a2_activity_level_v1_22b454887888,"{""adm_cd"": ""1123074"", ""adm_nm"": ""일원2동"", ""age_band"": ""60plus"", ""date"": ""2025-10-01"", ""interpretation"": ""retrospective_descriptive_not_risk"", ""quality"": {""call_contacts"": ""ready"", ""text_contacts"": ""ready""}, ""raw"": {""call_contacts"": 11.814897689768975, ""text_contacts"": 4.097113311331134}, ""seasonal_index"": {""call_contacts"": 0.9420152682569461, ""text_contacts"": 0.9662135539707558}, ""seasonal_reference"": {""call_contacts"": {""n"": 3, ""periods"": [""2022-10-01"", ""2023-10-01"", ""2024-10-01""], ""value"": 12.542150947967775}, ""text_contacts"": {""n"": 3, ""periods"": [""2022-10-01"", ""2023-10-01"", ""2024-10-01""], ""value"": 4.240380705169803}}}"
1123074,2025-11-01,20s,a2_activity_level_v1_22b454887888,"{""adm_cd"": ""1123074"", ""adm_nm"": ""일원2동"", ""age_band"": ""20s"", ""date"": ""2025-11-01"", ""interpretation"": ""retrospective_descriptive_not_risk"", ""quality"": {""call_contacts"": ""ready"", ""text_contacts"": ""ready""}, ""raw"": {""call_contacts"": 6.678346007604563, ""text_contacts"": 3.334340937896071}, ""seasonal_index"": {""call_contacts"": 0.886207960738893, ""text_contacts"": 0.8572051426850713}, ""seasonal_reference"": {""call_contacts"": {""n"": 3, ""periods"": [""2022-11-01"", ""2023-11-01"", ""2024-11-01""], ""value"": 7.535867768595041}, ""text_contacts"": {""n"": 3, ""periods"": [""2022-11-01"", ""2023-11-01"", ""2024-11-01""], ""value"": 3.889781770850942}}}"
1123074,2025-11-01,30s,a2_activity_level_v1_22b454887888,"{""adm_cd"": ""1123074"", ""adm_nm"": ""일원2동"", ""age_band"": ""30s"", ""date"": ""2025-11-01"", ""interpretation"": ""retrospective_descriptive_not_risk"", ""quality"": {""call_contacts"": ""ready"", ""text_contacts"": ""ready""}, ""raw"": {""call_contacts"": 12.060102207686016, ""text_contacts"": 5.118221586263286}, ""seasonal_index"": {""call_contacts"": 0.9243644543208578, ""text_contacts"": 0.8903134892104226}, ""seasonal_reference"": {""call_contacts"": {""n"": 3, ""periods"": [""2022-11-01"", ""2023-11-01"", ""2024-11-01""], ""value"": 13.046912558474272}, ""text_contacts"": {""n"": 3, ""periods"": [""2022-11-01"", ""2023-11-01"", ""2024-11-01""], ""value"": 5.748785847109199}}}"
1123074,2025-11-01,40s,a2_activity_level_v1_22b454887888,"{""adm_cd"": ""1123074"", ""adm_nm"": ""일원2동"", ""age_band"": ""40s"", ""date"": ""2025-11-01"", ""interpretation"": ""retrospective_descriptive_not_risk"", ""quality"": {""call_contacts"": ""ready"", ""text_contacts"": ""ready""}, ""raw"": {""call_contacts"": 13.688588281557214, ""text_contacts"": 5.818462445930004}, ""seasonal_index"": {""call_contacts"": 0.881000050633193, ""text_contacts"": 0.8662721426159674}, ""seasonal_reference"": {""call_contacts"": {""n"": 3, ""periods"": [""2022-11-01"", ""2023-11-01"", ""2024-11-01""], ""value"": 15.537556747833264}, ""text_contacts"": {""n"": 3, ""periods"": [""2022-11-01"", ""2023-11-01"", ""2024-11-01""], ""value"": 6.716668076569356}}}"
1123074,2025-11-01,50s,a2_activity_level_v1_22b454887888,"{""adm_cd"": ""1123074"", ""adm_nm"": ""일원2동"", ""age_band"": ""50s"", ""date"": ""2025-11-01"", ""interpretation"": ""retrospective_descriptive_not_risk"", ""quality"": {""call_contacts"": ""ready"", ""text_contacts"": ""ready""}, ""raw"": {""call_contacts"": 15.28348769294952, ""text_contacts"": 5.70860241969128}, ""seasonal_index"": {""call_contacts"": 0.9895712056261313, ""text_contacts"": 0.9376116519709474}, ""seasonal_reference"": {""call_contacts"": {""n"": 3, ""periods"": [""2022-11-01"", ""2023-11-01"", ""2024-11-01""], ""value"": 15.444555789473684}, ""text_contacts"": {""n"": 3, ""periods"": [""2022-11-01"", ""2023-11-01"", ""2024-11-01""], ""value"": 6.08845080763583}}}"
1123074,2025-11-01,60plus,a2_activity_level_v1_22b454887888,"{""adm_cd"": ""1123074"", ""adm_nm"": ""일원2동"", ""age_band"": ""60plus"", ""date"": ""2025-11-01"", ""interpretation"": ""retrospective_descriptive_not_risk"", ""quality"": {""call_contacts"": ""ready"", ""text_contacts"": ""ready""}, ""raw"": {""call_contacts"": 12.1054717803443, ""text_contacts"": 4.081331444759207}, ""seasonal_index"": {""call_contacts"": 0.9476190908001675, ""text_contacts"": 0.9557817391750456}, ""seasonal_reference"": {""call_contacts"": {""n"": 3, ""periods"": [""2022-11-01"", ""2023-11-01"", ""2024-11-01""], ""value"": 12.774617879555874}, ""text_contacts"": {""n"": 3, ""periods"": [""2022-11-01"", ""2023-11-01"", ""2024-11-01""], ""value"": 4.270150053590568}}}"
1123074,2025-12-01,20s,a2_activity_level_v1_22b454887888,"{""adm_cd"": ""1123074"", ""adm_nm"": ""일원2동"", ""age_band"": ""20s"", ""date"": ""2025-12-01"", ""interpretation"": ""retrospective_descriptive_not_risk"", ""quality"": {""call_contacts"": ""ready"", ""text_contacts"": ""ready""}, ""raw"": {""call_contacts"": 6.853187579214196, ""text_contacts"": 3.282281368821293}, ""seasonal_index"": {""call_contacts"": 0.8737037108427838, ""text_contacts"": 0.8230653834038056}, ""seasonal_reference"": {""call_contacts"": {""n"": 3, ""periods"": [""2022-12-01"", ""2023-12-01"", ""2024-12-01""], ""value"": 7.843834808259587}, ""text_contacts"": {""n"": 3, ""periods"": [""2022-12-01"", ""2023-12-01"", ""2024-12-01""], ""value"": 3.987874396135266}}}"
1123074,2025-12-01,30s,a2_activity_level_v1_22b454887888,"{""adm_cd"": ""1123074"", ""adm_nm"": ""일원2동"", ""age_band"": ""30s"", ""date"": ""2025-12-01"", ""interpretation"": ""retrospective_descriptive_not_risk"", ""quality"": {""call_contacts"": ""ready"", ""text_contacts"": ""ready""}, ""raw"": {""call_contacts"": 11.87739165985282, ""text_contacts"": 4.963982011447261}, ""seasonal_index"": {""call_contacts"": 0.8979647912005667, ""text_contacts"": 0.8555599944948871}, ""seasonal_reference"": {""call_contacts"": {""n"": 3, ""periods"": [""2022-12-01"", ""2023-12-01"", ""2024-12-01""], ""value"": 13.227012658227846}, ""text_contacts"": {""n"": 3, ""periods"": [""2022-12-01"", ""2023-12-01"", ""2024-12-01""], ""value"": 5.802026793431288}}}"
1123074,2025-12-01,40s,a2_activity_level_v1_22b454887888,"{""adm_cd"": ""1123074"", ""adm_nm"": ""일원2동"", ""age_band"": ""40s"", ""date"": ""2025-12-01"", ""interpretation"": ""retrospective_descriptive_not_risk"", ""quality"": {""call_contacts"": ""ready"", ""text_contacts"": ""ready""}, ""raw"": {""call_contacts"": 13.593938437253355, ""text_contacts"": 5.581590370955012}, ""seasonal_index"": {""call_contacts"": 0.8528373910608759, ""text_contacts"": 0.8192780500517551}, ""seasonal_reference"": {""call_contacts"": {""n"": 3, ""periods"": [""2022-12-01"", ""2023-12-01"", ""2024-12-01""], ""value"": 15.939660455486543}, ""text_contacts"": {""n"": 3, ""periods"": [""2022-12-01"", ""2023-12-01"", ""2024-12-01""], ""value"": 6.812815710859596}}}"
1123074,2025-12-01,50s,a2_activity_level_v1_22b454887888,"{""adm_cd"": ""1123074"", ""adm_nm"": ""일원2동"", ""age_band"": ""50s"", ""date"": ""2025-12-01"", ""interpretation"": ""retrospective_descriptive_not_risk"", ""quality"": {""call_contacts"": ""ready"", ""text_contacts"": ""ready""}, ""raw"": {""call_contacts"": 15.157239085239084, ""text_contacts"": 5.426627858627859}, ""seasonal_index"": {""call_contacts"": 0.9514677980080685, ""text_contacts"": 0.8762224112524771}, ""seasonal_reference"": {""call_contacts"": {""n"": 3, ""periods"": [""2022-12-01"", ""2023-12-01"", ""2024-12-01""], ""value"": 15.930375275938188}, ""text_contacts"": {""n"": 3, ""periods"": [""2022-12-01"", ""2023-12-01"", ""2024-12-01""], ""value"": 6.193208241353936}}}"
1123074,2025-12-01,60plus,a2_activity_level_v1_22b454887888,"{""adm_cd"": ""1123074"", ""adm_nm"": ""일원2동"", ""age_band"": ""60plus"", ""date"": ""2025-12-01"", ""interpretation"": ""retrospective_descriptive_not_risk"", ""quality"": {""call_contacts"": ""ready"", ""text_contacts"": ""ready""}, ""raw"": {""call_contacts"": 11.972824796658605, ""text_contacts"": 3.910479226203561}, ""seasonal_index"": {""call_contacts"": 0.9571831685158959, ""text_contacts"": 0.9136749699884226}, ""seasonal_reference"": {""call_contacts"": {""n"": 3, ""periods"": [""2022-12-01"", ""2023-12-01"", ""2024-12-01""], ""value"": 12.50839462129528}, ""text_contacts"": {""n"": 3, ""periods"": [""2022-12-01"", ""2023-12-01"", ""2024-12-01""], ""value"": 4.279945664105378}}}"
1123075,2025-07-01,20s,a2_activity_level_v1_22b454887888,"{""adm_cd"": ""1123075"", ""adm_nm"": ""수서동"", ""age_band"": ""20s"", ""date"": ""2025-07-01"", ""interpretation"": ""retrospective_descriptive_not_risk"", ""quality"": {""call_contacts"": ""ready"", ""text_contacts"": ""ready""}, ""raw"": {""call_contacts"": 7.186301188903568, ""text_contacts"": 3.690118890356671}, ""seasonal_index"": {""call_contacts"": 0.8425281553082193, ""text_contacts"": 0.8988206782766796}, ""seasonal_reference"": {""call_contacts"": {""n"": 3, ""periods"": [""2022-07-01"", ""2023-07-01"", ""2024-07-01""], ""value"": 8.529449305198147}, ""text_contacts"": {""n"": 3, ""periods"": [""2022-07-01"", ""2023-07-01"", ""2024-07-01""], ""value"": 4.105511788437916}}}"
1123075,2025-07-01,30s,a2_activity_level_v1_22b454887888,"{""adm_cd"": ""1123075"", ""adm_nm"": ""수서동"", ""age_band"": ""30s"", ""date"": ""2025-07-01"", ""interpretation"": ""retrospective_descriptive_not_risk"", ""quality"": {""call_contacts"": ""ready"", ""text_contacts"": ""ready""}, ""raw"": {""call_contacts"": 11.76809946714032, ""text_contacts"": 5.391607460035524}, ""seasonal_index"": {""call_contacts"": 0.8878660233054059, ""text_contacts"": 0.979882177593144}, ""seasonal_reference"": {""call_contacts"": {""n"": 3, ""periods"": [""2022-07-01"", ""2023-07-01"", ""2024-07-01""], ""value"": 13.254364012409516}, ""text_contacts"": {""n"": 3, ""periods"": [""2022-07-01"", ""2023-07-01"", ""2024-07-01""], ""value"": 5.502301790281329}}}"
1123075,2025-07-01,40s,a2_activity_level_v1_22b454887888,"{""adm_cd"": ""1123075"", ""adm_nm"": ""수서동"", ""age_band"": ""40s"", ""date"": ""2025-07-01"", ""interpretation"": ""retrospective_descriptive_not_risk"", ""quality"": {""call_contacts"": ""ready"", ""text_contacts"": ""ready""}, ""raw"": {""call_contacts"": 12.900868454661559, ""text_contacts"": 5.482528735632184}, ""seasonal_index"": {""call_contacts"": 0.8874795325880309, ""text_contacts"": 0.9600690144484504}, ""seasonal_reference"": {""call_contacts"": {""n"": 3, ""periods"": [""2022-07-01"", ""2023-07-01"", ""2024-07-01""], ""value"": 14.536525047558655}, ""text_contacts"": {""n"": 3, ""periods"": [""2022-07-01"", ""2023-07-01"", ""2024-07-01""], ""value"": 5.710556900726392}}}"
1123075,2025-07-01,50s,a2_activity_level_v1_22b454887888,"{""adm_cd"": ""1123075"", ""adm_nm"": ""수서동"", ""age_band"": ""50s"", ""date"": ""2025-07-01"", ""interpretation"": ""retrospective_descriptive_not_risk"", ""quality"": {""call_contacts"": ""ready"", ""text_contacts"": ""ready""}, ""raw"": {""call_contacts"": 14.7296487424111, ""text_contacts"": 5.537007805724198}, ""seasonal_index"": {""call_contacts"": 0.9255236469587946, ""text_contacts"": 0.9444782362945996}, ""seasonal_reference"": {""call_contacts"": {""n"": 3, ""periods"": [""2022-07-01"", ""2023-07-01"", ""2024-07-01""], ""value"": 15.914935064935063}, ""text_contacts"": {""n"": 3, ""periods"": [""2022-07-01"", ""2023-07-01"", ""2024-07-01""], ""value"": 5.862504389139896}}}"
1123075,2025-07-01,60plus,a2_activity_level_v1_22b454887888,"{""adm_cd"": ""1123075"", ""adm_nm"": ""수서동"", ""age_band"": ""60plus"", ""date"": ""2025-07-01"", ""interpretation"": ""retrospective_descriptive_not_risk"", ""quality"": {""call_contacts"": ""ready"", ""text_contacts"": ""ready""}, ""raw"": {""call_contacts"": 11.12182135794331, ""text_contacts"": 3.708409360580092}, ""seasonal_index"": {""call_contacts"": 0.96541181348274, ""text_contacts"": 1.0113703266954641}, ""seasonal_reference"": {""call_contacts"": {""n"": 3, ""periods"": [""2022-07-01"", ""2023-07-01"", ""2024-07-01""], ""value"": 11.520287200361828}, ""text_contacts"": {""n"": 3, ""periods"": [""2022-07-01"", ""2023-07-01"", ""2024-07-01""], ""value"": 3.66671758375282}}}"
1123075,2025-08-01,20s,a2_activity_level_v1_22b454887888,"{""adm_cd"": ""1123075"", ""adm_nm"": ""수서동"", ""age_band"": ""20s"", ""date"": ""2025-08-01"", ""interpretation"": ""retrospective_descriptive_not_risk"", ""quality"": {""call_contacts"": ""ready"", ""text_contacts"": ""ready""}, ""raw"": {""call_contacts"": 7.323461030383091, ""text_contacts"": 3.647133421400264}, ""seasonal_index"": {""call_contacts"": 0.8602127687300636, ""text_contacts"": 0.87874668600079}, ""seasonal_reference"": {""call_contacts"": {""n"": 3, ""periods"": [""2022-08-01"", ""2023-08-01"", ""2024-08-01""], ""value"": 8.513546062789503}, ""text_contacts"": {""n"": 3, ""periods"": [""2022-08-01"", ""2023-08-01"", ""2024-08-01""], ""value"": 4.150380854348946}}}"
1123075,2025-08-01,30s,a2_activity_level_v1_22b454887888,"{""adm_cd"": ""1123075"", ""adm_nm"": ""수서동"", ""age_band"": ""30s"", ""date"": ""2025-08-01"", ""interpretation"": ""retrospective_descriptive_not_risk"", ""quality"": {""call_contacts"": ""ready"", ""text_contacts"": ""ready""}, ""raw"": {""call_contacts"": 11.666398756660746, ""text_contacts"": 5.27851243339254}, ""seasonal_index"": {""call_contacts"": 0.889160240427923, ""text_contacts"": 0.9851783295885285}, ""seasonal_reference"": {""call_contacts"": {""n"": 3, ""periods"": [""2022-08-01"", ""2023-08-01"", ""2024-08-01""], ""value"": 13.120693240901213}, ""text_contacts"": {""n"": 3, ""periods"": [""2022-08-01"", ""2023-08-01"", ""2024-08-01""], ""value"": 5.35792584434655}}}"
1123075,2025-08-01,40s,a2_activity_level_v1_22b454887888,"{""adm_cd"": ""1123075"", ""adm_nm"": ""수서동"", ""age_band"": ""40s"", ""date"": ""2025-08-01"", ""interpretation"": ""retrospective_descriptive_not_risk"", ""quality"": {""call_contacts"": ""ready"", ""text_contacts"": ""ready""}, ""raw"": {""call_contacts"": 12.383574144486694, ""text_contacts"": 5.28660329531052}, ""seasonal_index"": {""call_contacts"": 0.8918551967520764, ""text_contacts"": 0.9577878100409913}, ""seasonal_reference"": {""call_contacts"": {""n"": 3, ""periods"": [""2022-08-01"", ""2023-08-01"", ""2024-08-01""], ""value"": 13.885184713375796}, ""text_contacts"": {""n"": 3, ""periods"": [""2022-08-01"", ""2023-08-01"", ""2024-08-01""], ""value"": 5.519597597597598}}}"
1123075,2025-08-01,50s,a2_activity_level_v1_22b454887888,"{""adm_cd"": ""1123075"", ""adm_nm"": ""수서동"", ""age_band"": ""50s"", ""date"": ""2025-08-01"", ""interpretation"": ""retrospective_descriptive_not_risk"", ""quality"": {""call_contacts"": ""ready"", ""text_contacts"": ""ready""}, ""raw"": {""call_contacts"": 14.60126192541197, ""text_contacts"": 5.50387250650477}, ""seasonal_index"": {""call_contacts"": 0.9446990704989561, ""text_contacts"": 0.9718897574991221}, ""seasonal_reference"": {""call_contacts"": {""n"": 3, ""periods"": [""2022-08-01"", ""2023-08-01"", ""2024-08-01""], ""value"": 15.45599268738574}, ""text_contacts"": {""n"": 3, ""periods"": [""2022-08-01"", ""2023-08-01"", ""2024-08-01""], ""value"": 5.663062568605927}}}"
1123075,2025-08-01,60plus,a2_activity_level_v1_22b454887888,"{""adm_cd"": ""1123075"", ""adm_nm"": ""수서동"", ""age_band"": ""60plus"", ""date"": ""2025-08-01"", ""interpretation"": ""retrospective_descriptive_not_risk"", ""quality"": {""call_contacts"": ""ready"", ""text_contacts"": ""ready""}, ""raw"": {""call_contacts"": 10.812014549045426, ""text_contacts"": 3.606008755760369}, ""seasonal_index"": {""call_contacts"": 0.9552288118107994, ""text_contacts"": 1.0025787601279534}, ""seasonal_reference"": {""call_contacts"": {""n"": 3, ""periods"": [""2022-08-01"", ""2023-08-01"", ""2024-08-01""], ""value"": 11.3187692994199}, ""text_contacts"": {""n"": 3, ""periods"": [""2022-08-01"", ""2023-08-01"", ""2024-08-01""], ""value"": 3.596733642452344}}}"
1123075,2025-09-01,20s,a2_activity_level_v1_22b454887888,"{""adm_cd"": ""1123075"", ""adm_nm"": ""수서동"", ""age_band"": ""20s"", ""date"": ""2025-09-01"", ""interpretation"": ""retrospective_descriptive_not_risk"", ""quality"": {""call_contacts"": ""ready"", ""text_contacts"": ""ready""}, ""raw"": {""call_contacts"": 7.554742404227214, ""text_contacts"": 3.743091149273448}, ""seasonal_index"": {""call_contacts"": 0.8849891776853113, ""text_contacts"": 0.9114724653190468}, ""seasonal_reference"": {""call_contacts"": {""n"": 3, ""periods"": [""2022-09-01"", ""2023-09-01"", ""2024-09-01""], ""value"": 8.536536485097637}, ""text_contacts"": {""n"": 3, ""periods"": [""2022-09-01"", ""2023-09-01"", ""2024-09-01""], ""value"": 4.10664204536693}}}"
1123075,2025-09-01,30s,a2_activity_level_v1_22b454887888,"{""adm_cd"": ""1123075"", ""adm_nm"": ""수서동"", ""age_band"": ""30s"", ""date"": ""2025-09-01"", ""interpretation"": ""retrospective_descriptive_not_risk"", ""quality"": {""call_contacts"": ""ready"", ""text_contacts"": ""ready""}, ""raw"": {""call_contacts"": 11.685461811722913, ""text_contacts"": 5.247007104795737}, ""seasonal_index"": {""call_contacts"": 0.9052779798142059, ""text_contacts"": 0.9652876283267297}, ""seasonal_reference"": {""call_contacts"": {""n"": 3, ""periods"": [""2022-09-01"", ""2023-09-01"", ""2024-09-01""], ""value"": 12.908147632311978}, ""text_contacts"": {""n"": 3, ""periods"": [""2022-09-01"", ""2023-09-01"", ""2024-09-01""], ""value"": 5.435692896935933}}}"
1123075,2025-09-01,40s,a2_activity_level_v1_22b454887888,"{""adm_cd"": ""1123075"", ""adm_nm"": ""수서동"", ""age_band"": ""40s"", ""date"": ""2025-09-01"", ""interpretation"": ""retrospective_descriptive_not_risk"", ""quality"": {""call_contacts"": ""ready"", ""text_contacts"": ""ready""}, ""raw"": {""call_contacts"": 12.729874055415618, ""text_contacts"": 5.411360201511335}, ""seasonal_index"": {""call_contacts"": 0.9060243760633528, ""text_contacts"": 0.9668813881447172}, ""seasonal_reference"": {""call_contacts"": {""n"": 3, ""periods"": [""2022-09-01"", ""2023-09-01"", ""2024-09-01""], ""value"": 14.050255591054311}, ""text_contacts"": {""n"": 3, ""periods"": [""2022-09-01"", ""2023-09-01"", ""2024-09-01""], ""value"": 5.596715654952077}}}"
1123075,2025-09-01,50s,a2_activity_level_v1_22b454887888,"{""adm_cd"": ""1123075"", ""adm_nm"": ""수서동"", ""age_band"": ""50s"", ""date"": ""2025-09-01"", ""interpretation"": ""retrospective_descriptive_not_risk"", ""quality"": {""call_contacts"": ""ready"", ""text_contacts"": ""ready""}, ""raw"": {""call_contacts"": 14.648703382480484, ""text_contacts"": 5.588300086730269}, ""seasonal_index"": {""call_contacts"": 0.9532545495512638, ""text_contacts"": 0.9720199215803143}, ""seasonal_reference"": {""call_contacts"": {""n"": 3, ""periods"": [""2022-09-01"", ""2023-09-01"", ""2024-09-01""], ""value"": 15.367042716319826}, ""text_contacts"": {""n"": 3, ""periods"": [""2022-09-01"", ""2023-09-01"", ""2024-09-01""], ""value"": 5.749162092938163}}}"
1123075,2025-09-01,60plus,a2_activity_level_v1_22b454887888,"{""adm_cd"": ""1123075"", ""adm_nm"": ""수서동"", ""age_band"": ""60plus"", ""date"": ""2025-09-01"", ""interpretation"": ""retrospective_descriptive_not_risk"", ""quality"": {""call_contacts"": ""ready"", ""text_contacts"": ""ready""}, ""raw"": {""call_contacts"": 10.955424257344493, ""text_contacts"": 3.706579681601839}, ""seasonal_index"": {""call_contacts"": 0.9583174875041048, ""text_contacts"": 0.9938510477410548}, ""seasonal_reference"": {""call_contacts"": {""n"": 3, ""periods"": [""2022-09-01"", ""2023-09-01"", ""2024-09-01""], ""value"": 11.43193607567092}, ""text_contacts"": {""n"": 3, ""periods"": [""2022-09-01"", ""2023-09-01"", ""2024-09-01""], ""value"": 3.729512274527056}}}"
1123075,2025-10-01,20s,a2_activity_level_v1_22b454887888,"{""adm_cd"": ""1123075"", ""adm_nm"": ""수서동"", ""age_band"": ""20s"", ""date"": ""2025-10-01"", ""interpretation"": ""retrospective_descriptive_not_risk"", ""quality"": {""call_contacts"": ""ready"", ""text_contacts"": ""ready""}, ""raw"": {""call_contacts"": 7.431202113606341, ""text_contacts"": 3.559801849405548}, ""seasonal_index"": {""call_contacts"": 0.8997199548145578, ""text_contacts"": 0.8649861369519278}, ""seasonal_reference"": {""call_contacts"": {""n"": 3, ""periods"": [""2022-10-01"", ""2023-10-01"", ""2024-10-01""], ""value"": 8.259461262185736}, ""text_contacts"": {""n"": 3, ""periods"": [""2022-10-01"", ""2023-10-01"", ""2024-10-01""], ""value"": 4.115443817342227}}}"
1123075,2025-10-01,30s,a2_activity_level_v1_22b454887888,"{""adm_cd"": ""1123075"", ""adm_nm"": ""수서동"", ""age_band"": ""30s"", ""date"": ""2025-10-01"", ""interpretation"": ""retrospective_descriptive_not_risk"", ""quality"": {""call_contacts"": ""ready"", ""text_contacts"": ""ready""}, ""raw"": {""call_contacts"": 11.492153641207816, ""text_contacts"": 5.004311722912965}, ""seasonal_index"": {""call_contacts"": 0.8934036905862387, ""text_contacts"": 0.9191009506384952}, ""seasonal_reference"": {""call_contacts"": {""n"": 3, ""periods"": [""2022-10-01"", ""2023-10-01"", ""2024-10-01""], ""value"": 12.86333799860042}, ""text_contacts"": {""n"": 3, ""periods"": [""2022-10-01"", ""2023-10-01"", ""2024-10-01""], ""value"": 5.444790062981105}}}"
1123075,2025-10-01,40s,a2_activity_level_v1_22b454887888,"{""adm_cd"": ""1123075"", ""adm_nm"": ""수서동"", ""age_band"": ""40s"", ""date"": ""2025-10-01"", ""interpretation"": ""retrospective_descriptive_not_risk"", ""quality"": {""call_contacts"": ""ready"", ""text_contacts"": ""ready""}, ""raw"": {""call_contacts"": 12.355977157360407, ""text_contacts"": 5.123096446700508}, ""seasonal_index"": {""call_contacts"": 0.8936182197806599, ""text_contacts"": 0.9010937309014417}, ""seasonal_reference"": {""call_contacts"": {""n"": 3, ""periods"": [""2022-10-01"", ""2023-10-01"", ""2024-10-01""], ""value"": 13.82690827453496}, ""text_contacts"": {""n"": 3, ""periods"": [""2022-10-01"", ""2023-10-01"", ""2024-10-01""], ""value"": 5.6854201411161}}}"
1123075,2025-10-01,50s,a2_activity_level_v1_22b454887888,"{""adm_cd"": ""1123075"", ""adm_nm"": ""수서동"", ""age_band"": ""50s"", ""date"": ""2025-10-01"", ""interpretation"": ""retrospective_descriptive_not_risk"", ""quality"": {""call_contacts"": ""ready"", ""text_contacts"": ""ready""}, ""raw"": {""call_contacts"": 14.763417172593236, ""text_contacts"": 5.603278404163053}, ""seasonal_index"": {""call_contacts"": 0.9679428759455251, ""text_contacts"": 0.95070067432163}, ""seasonal_reference"": {""call_contacts"": {""n"": 3, ""periods"": [""2022-10-01"", ""2023-10-01"", ""2024-10-01""], ""value"": 15.252364100693176}, ""text_contacts"": {""n"": 3, ""periods"": [""2022-10-01"", ""2023-10-01"", ""2024-10-01""], ""value"": 5.893840780286874}}}"
1123075,2025-10-01,60plus,a2_activity_level_v1_22b454887888,"{""adm_cd"": ""1123075"", ""adm_nm"": ""수서동"", ""age_band"": ""60plus"", ""date"": ""2025-10-01"", ""interpretation"": ""retrospective_descriptive_not_risk"", ""quality"": {""call_contacts"": ""ready"", ""text_contacts"": ""ready""}, ""raw"": {""call_contacts"": 10.858800541871922, ""text_contacts"": 3.695824433497537}, ""seasonal_index"": {""call_contacts"": 0.9434863142126532, ""text_contacts"": 0.9740760564587972}, ""seasonal_reference"": {""call_contacts"": {""n"": 3, ""periods"": [""2022-10-01"", ""2023-10-01"", ""2024-10-01""], ""value"": 11.509229522776574}, ""text_contacts"": {""n"": 3, ""periods"": [""2022-10-01"", ""2023-10-01"", ""2024-10-01""], ""value"": 3.794184662472368}}}"
1123075,2025-11-01,20s,a2_activity_level_v1_22b454887888,"{""adm_cd"": ""1123075"", ""adm_nm"": ""수서동"", ""age_band"": ""20s"", ""date"": ""2025-11-01"", ""interpretation"": ""retrospective_descriptive_not_risk"", ""quality"": {""call_contacts"": ""ready"", ""text_contacts"": ""ready""}, ""raw"": {""call_contacts"": 7.134874504623514, ""text_contacts"": 3.455244385733157}, ""seasonal_index"": {""call_contacts"": 0.8840322743800547, ""text_contacts"": 0.8614928813502092}, ""seasonal_reference"": {""call_contacts"": {""n"": 3, ""periods"": [""2022-11-01"", ""2023-11-01"", ""2024-11-01""], ""value"": 8.070830343413634}, ""text_contacts"": {""n"": 3, ""periods"": [""2022-11-01"", ""2023-11-01"", ""2024-11-01""], ""value"": 4.010763710917479}}}"
1123075,2025-11-01,30s,a2_activity_level_v1_22b454887888,"{""adm_cd"": ""1123075"", ""adm_nm"": ""수서동"", ""age_band"": ""30s"", ""date"": ""2025-11-01"", ""interpretation"": ""retrospective_descriptive_not_risk"", ""quality"": {""call_contacts"": ""ready"", ""text_contacts"": ""ready""}, ""raw"": {""call_contacts"": 11.444911190053284, ""text_contacts"": 4.896971580817051}, ""seasonal_index"": {""call_contacts"": 0.8790254370240618, ""text_contacts"": 0.896723290943538}, ""seasonal_reference"": {""call_contacts"": {""n"": 3, ""periods"": [""2022-11-01"", ""2023-11-01"", ""2024-11-01""], ""value"": 13.02}, ""text_contacts"": {""n"": 3, ""periods"": [""2022-11-01"", ""2023-11-01"", ""2024-11-01""], ""value"": 5.460961737331955}}}"
1123075,2025-11-01,40s,a2_activity_level_v1_22b454887888,"{""adm_cd"": ""1123075"", ""adm_nm"": ""수서동"", ""age_band"": ""40s"", ""date"": ""2025-11-01"", ""interpretation"": ""retrospective_descriptive_not_risk"", ""quality"": {""call_contacts"": ""ready"", ""text_contacts"": ""ready""}, ""raw"": {""call_contacts"": 12.268870346598204, ""text_contacts"": 5.063966623876766}, ""seasonal_index"": {""call_contacts"": 0.8677450648304119, ""text_contacts"": 0.8741040037843033}, ""seasonal_reference"": {""call_contacts"": {""n"": 3, ""periods"": [""2022-11-01"", ""2023-11-01"", ""2024-11-01""], ""value"": 14.138795878943979}, ""text_contacts"": {""n"": 3, ""periods"": [""2022-11-01"", ""2023-11-01"", ""2024-11-01""], ""value"": 5.793322764743183}}}"
1123075,2025-11-01,50s,a2_activity_level_v1_22b454887888,"{""adm_cd"": ""1123075"", ""adm_nm"": ""수서동"", ""age_band"": ""50s"", ""date"": ""2025-11-01"", ""interpretation"": ""retrospective_descriptive_not_risk"", ""quality"": {""call_contacts"": ""ready"", ""text_contacts"": ""ready""}, ""raw"": {""call_contacts"": 14.953139635732871, ""text_contacts"": 5.627020815264527}, ""seasonal_index"": {""call_contacts"": 0.9518680378337558, ""text_contacts"": 0.9563520535777088}, ""seasonal_reference"": {""call_contacts"": {""n"": 3, ""periods"": [""2022-11-01"", ""2023-11-01"", ""2024-11-01""], ""value"": 15.709256999282124}, ""text_contacts"": {""n"": 3, ""periods"": [""2022-11-01"", ""2023-11-01"", ""2024-11-01""], ""value"": 5.883838272960117}}}"
1123075,2025-11-01,60plus,a2_activity_level_v1_22b454887888,"{""adm_cd"": ""1123075"", ""adm_nm"": ""수서동"", ""age_band"": ""60plus"", ""date"": ""2025-11-01"", ""interpretation"": ""retrospective_descriptive_not_risk"", ""quality"": {""call_contacts"": ""ready"", ""text_contacts"": ""ready""}, ""raw"": {""call_contacts"": 11.088110419397117, ""text_contacts"": 3.685446920052425}, ""seasonal_index"": {""call_contacts"": 0.9543277174656984, ""text_contacts"": 0.9636401316056984}, ""seasonal_reference"": {""call_contacts"": {""n"": 3, ""periods"": [""2022-11-01"", ""2023-11-01"", ""2024-11-01""], ""value"": 11.618765982028242}, ""text_contacts"": {""n"": 3, ""periods"": [""2022-11-01"", ""2023-11-01"", ""2024-11-01""], ""value"": 3.824505434317501}}}"
1123075,2025-12-01,20s,a2_activity_level_v1_22b454887888,"{""adm_cd"": ""1123075"", ""adm_nm"": ""수서동"", ""age_band"": ""20s"", ""date"": ""2025-12-01"", ""interpretation"": ""retrospective_descriptive_not_risk"", ""quality"": {""call_contacts"": ""ready"", ""text_contacts"": ""ready""}, ""raw"": {""call_contacts"": 7.103051519154557, ""text_contacts"": 3.40108322324967}, ""seasonal_index"": {""call_contacts"": 0.8596784647734295, ""text_contacts"": 0.8245776580586306}, ""seasonal_reference"": {""call_contacts"": {""n"": 3, ""periods"": [""2022-12-01"", ""2023-12-01"", ""2024-12-01""], ""value"": 8.262451381780961}, ""text_contacts"": {""n"": 3, ""periods"": [""2022-12-01"", ""2023-12-01"", ""2024-12-01""], ""value"": 4.124636642784033}}}"
1123075,2025-12-01,30s,a2_activity_level_v1_22b454887888,"{""adm_cd"": ""1123075"", ""adm_nm"": ""수서동"", ""age_band"": ""30s"", ""date"": ""2025-12-01"", ""interpretation"": ""retrospective_descriptive_not_risk"", ""quality"": {""call_contacts"": ""ready"", ""text_contacts"": ""ready""}, ""raw"": {""call_contacts"": 11.441998223801066, ""text_contacts"": 4.688401420959147}, ""seasonal_index"": {""call_contacts"": 0.868848717102644, ""text_contacts"": 0.8382667057696277}, ""seasonal_reference"": {""call_contacts"": {""n"": 3, ""periods"": [""2022-12-01"", ""2023-12-01"", ""2024-12-01""], ""value"": 13.169149011299435}, ""text_contacts"": {""n"": 3, ""periods"": [""2022-12-01"", ""2023-12-01"", ""2024-12-01""], ""value"": 5.592971054068815}}}"
1123075,2025-12-01,40s,a2_activity_level_v1_22b454887888,"{""adm_cd"": ""1123075"", ""adm_nm"": ""수서동"", ""age_band"": ""40s"", ""date"": ""2025-12-01"", ""interpretation"": ""retrospective_descriptive_not_risk"", ""quality"": {""call_contacts"": ""ready"", ""text_contacts"": ""ready""}, ""raw"": {""call_contacts"": 12.308446475195822, ""text_contacts"": 4.962075718015665}, ""seasonal_index"": {""call_contacts"": 0.8798580668631293, ""text_contacts"": 0.847640413792296}, ""seasonal_reference"": {""call_contacts"": {""n"": 3, ""periods"": [""2022-12-01"", ""2023-12-01"", ""2024-12-01""], ""value"": 13.989127268080756}, ""text_contacts"": {""n"": 3, ""periods"": [""2022-12-01"", ""2023-12-01"", ""2024-12-01""], ""value"": 5.853986710963455}}}"
1123075,2025-12-01,50s,a2_activity_level_v1_22b454887888,"{""adm_cd"": ""1123075"", ""adm_nm"": ""수서동"", ""age_band"": ""50s"", ""date"": ""2025-12-01"", ""interpretation"": ""retrospective_descriptive_not_risk"", ""quality"": {""call_contacts"": ""ready"", ""text_contacts"": ""ready""}, ""raw"": {""call_contacts"": 14.632458803122288, ""text_contacts"": 5.32418473547268}, ""seasonal_index"": {""call_contacts"": 0.9385313673028355, ""text_contacts"": 0.8963377625483546}, ""seasonal_reference"": {""call_contacts"": {""n"": 3, ""periods"": [""2022-12-01"", ""2023-12-01"", ""2024-12-01""], ""value"": 15.590804221251819}, ""text_contacts"": {""n"": 3, ""periods"": [""2022-12-01"", ""2023-12-01"", ""2024-12-01""], ""value"": 5.939931304841635}}}"
1123075,2025-12-01,60plus,a2_activity_level_v1_22b454887888,"{""adm_cd"": ""1123075"", ""adm_nm"": ""수서동"", ""age_band"": ""60plus"", ""date"": ""2025-12-01"", ""interpretation"": ""retrospective_descriptive_not_risk"", ""quality"": {""call_contacts"": ""ready"", ""text_contacts"": ""ready""}, ""raw"": {""call_contacts"": 11.096995900295179, ""text_contacts"": 3.534718022302394}, ""seasonal_index"": {""call_contacts"": 0.9572653467231528, ""text_contacts"": 0.9348843692862318}, ""seasonal_reference"": {""call_contacts"": {""n"": 3, ""periods"": [""2022-12-01"", ""2023-12-01"", ""2024-12-01""], ""value"": 11.592392786683106}, ""text_contacts"": {""n"": 3, ""periods"": [""2022-12-01"", ""2023-12-01"", ""2024-12-01""], ""value"": 3.780914665415885}}}"
1123076,2025-07-01,20s,a2_activity_level_v1_22b454887888,"{""adm_cd"": ""1123076"", ""adm_nm"": ""세곡동"", ""age_band"": ""20s"", ""date"": ""2025-07-01"", ""interpretation"": ""retrospective_descriptive_not_risk"", ""quality"": {""call_contacts"": ""ready"", ""text_contacts"": ""ready""}, ""raw"": {""call_contacts"": 7.588119712351947, ""text_contacts"": 4.010222081218275}, ""seasonal_index"": {""call_contacts"": 0.8914008967730527, ""text_contacts"": 0.9498167752994097}, ""seasonal_reference"": {""call_contacts"": {""n"": 3, ""periods"": [""2022-07-01"", ""2023-07-01"", ""2024-07-01""], ""value"": 8.512578055307761}, ""text_contacts"": {""n"": 3, ""periods"": [""2022-07-01"", ""2023-07-01"", ""2024-07-01""], ""value"": 4.222100709849157}}}"
1123076,2025-07-01,30s,a2_activity_level_v1_22b454887888,"{""adm_cd"": ""1123076"", ""adm_nm"": ""세곡동"", ""age_band"": ""30s"", ""date"": ""2025-07-01"", ""interpretation"": ""retrospective_descriptive_not_risk"", ""quality"": {""call_contacts"": ""ready"", ""text_contacts"": ""ready""}, ""raw"": {""call_contacts"": 12.720478310830222, ""text_contacts"": 5.898865268600977}, ""seasonal_index"": {""call_contacts"": 0.8444852876438852, ""text_contacts"": 0.942768292757716}, ""seasonal_reference"": {""call_contacts"": {""n"": 3, ""periods"": [""2022-07-01"", ""2023-07-01"", ""2024-07-01""], ""value"": 15.062995764343473}, ""text_contacts"": {""n"": 3, ""periods"": [""2022-07-01"", ""2023-07-01"", ""2024-07-01""], ""value"": 6.256961879091259}}}"
1123076,2025-07-01,40s,a2_activity_level_v1_22b454887888,"{""adm_cd"": ""1123076"", ""adm_nm"": ""세곡동"", ""age_band"": ""40s"", ""date"": ""2025-07-01"", ""interpretation"": ""retrospective_descriptive_not_risk"", ""quality"": {""call_contacts"": ""ready"", ""text_contacts"": ""ready""}, ""raw"": {""call_contacts"": 15.79261288685946, ""text_contacts"": 6.609457128361238}, ""seasonal_index"": {""call_contacts"": 0.862502276371297, ""text_contacts"": 0.9707771515847502}, ""seasonal_reference"": {""call_contacts"": {""n"": 3, ""periods"": [""2022-07-01"", ""2023-07-01"", ""2024-07-01""], ""value"": 18.31022748519788}, ""text_contacts"": {""n"": 3, ""periods"": [""2022-07-01"", ""2023-07-01"", ""2024-07-01""], ""value"": 6.808418510439389}}}"
1123076,2025-07-01,50s,a2_activity_level_v1_22b454887888,"{""adm_cd"": ""1123076"", ""adm_nm"": ""세곡동"", ""age_band"": ""50s"", ""date"": ""2025-07-01"", ""interpretation"": ""retrospective_descriptive_not_risk"", ""quality"": {""call_contacts"": ""ready"", ""text_contacts"": ""ready""}, ""raw"": {""call_contacts"": 16.729957419965306, ""text_contacts"": 5.905730957262262}, ""seasonal_index"": {""call_contacts"": 0.9260958451785859, ""text_contacts"": 0.949829536926054}, ""seasonal_reference"": {""call_contacts"": {""n"": 3, ""periods"": [""2022-07-01"", ""2023-07-01"", ""2024-07-01""], ""value"": 18.06503884783021}, ""text_contacts"": {""n"": 3, ""periods"": [""2022-07-01"", ""2023-07-01"", ""2024-07-01""], ""value"": 6.217674569665476}}}"
1123076,2025-07-01,60plus,a2_activity_level_v1_22b454887888,"{""adm_cd"": ""1123076"", ""adm_nm"": ""세곡동"", ""age_band"": ""60plus"", ""date"": ""2025-07-01"", ""interpretation"": ""retrospective_descriptive_not_risk"", ""quality"": {""call_contacts"": ""ready"", ""text_contacts"": ""ready""}, ""raw"": {""call_contacts"": 12.641527540026182, ""text_contacts"": 4.047567213775047}, ""seasonal_index"": {""call_contacts"": 0.9374542698932194, ""text_contacts"": 0.9640979019797742}, ""seasonal_reference"": {""call_contacts"": {""n"": 3, ""periods"": [""2022-07-01"", ""2023-07-01"", ""2024-07-01""], ""value"": 13.484953822298033}, ""text_contacts"": {""n"": 3, ""periods"": [""2022-07-01"", ""2023-07-01"", ""2024-07-01""], ""value"": 4.198294805396186}}}"
1123076,2025-08-01,20s,a2_activity_level_v1_22b454887888,"{""adm_cd"": ""1123076"", ""adm_nm"": ""세곡동"", ""age_band"": ""20s"", ""date"": ""2025-08-01"", ""interpretation"": ""retrospective_descriptive_not_risk"", ""quality"": {""call_contacts"": ""ready"", ""text_contacts"": ""ready""}, ""raw"": {""call_contacts"": 7.365998307952623, ""text_contacts"": 3.990520304568528}, ""seasonal_index"": {""call_contacts"": 0.865761889409187, ""text_contacts"": 0.9691391789822374}, ""seasonal_reference"": {""call_contacts"": {""n"": 3, ""periods"": [""2022-08-01"", ""2023-08-01"", ""2024-08-01""], ""value"": 8.508111061552185}, ""text_contacts"": {""n"": 3, ""periods"": [""2022-08-01"", ""2023-08-01"", ""2024-08-01""], ""value"": 4.117592592592593}}}"
1123076,2025-08-01,30s,a2_activity_level_v1_22b454887888,"{""adm_cd"": ""1123076"", ""adm_nm"": ""세곡동"", ""age_band"": ""30s"", ""date"": ""2025-08-01"", ""interpretation"": ""retrospective_descriptive_not_risk"", ""quality"": {""call_contacts"": ""ready"", ""text_contacts"": ""ready""}, ""raw"": {""call_contacts"": 12.456515369146798, ""text_contacts"": 5.800616202240735}, ""seasonal_index"": {""call_contacts"": 0.8304646319525728, ""text_contacts"": 0.9165924141572954}, ""seasonal_reference"": {""call_contacts"": {""n"": 3, ""periods"": [""2022-08-01"", ""2023-08-01"", ""2024-08-01""], ""value"": 14.999453185452671}, ""text_contacts"": {""n"": 3, ""periods"": [""2022-08-01"", ""2023-08-01"", ""2024-08-01""], ""value"": 6.328457570286304}}}"
1123076,2025-08-01,40s,a2_activity_level_v1_22b454887888,"{""adm_cd"": ""1123076"", ""adm_nm"": ""세곡동"", ""age_band"": ""40s"", ""date"": ""2025-08-01"", ""interpretation"": ""retrospective_descriptive_not_risk"", ""quality"": {""call_contacts"": ""ready"", ""text_contacts"": ""ready""}, ""raw"": {""call_contacts"": 15.61513061120974, ""text_contacts"": 6.529546030940908}, ""seasonal_index"": {""call_contacts"": 0.866504558214886, ""text_contacts"": 0.9580577882664734}, ""seasonal_reference"": {""call_contacts"": {""n"": 3, ""periods"": [""2022-08-01"", ""2023-08-01"", ""2024-08-01""], ""value"": 18.020829161451815}, ""text_contacts"": {""n"": 3, ""periods"": [""2022-08-01"", ""2023-08-01"", ""2024-08-01""], ""value"": 6.815398936170212}}}"
1123076,2025-08-01,50s,a2_activity_level_v1_22b454887888,"{""adm_cd"": ""1123076"", ""adm_nm"": ""세곡동"", ""age_band"": ""50s"", ""date"": ""2025-08-01"", ""interpretation"": ""retrospective_descriptive_not_risk"", ""quality"": {""call_contacts"": ""ready"", ""text_contacts"": ""ready""}, ""raw"": {""call_contacts"": 16.489924278277332, ""text_contacts"": 5.813543145606562}, ""seasonal_index"": {""call_contacts"": 0.9234716142738906, ""text_contacts"": 0.9658400236402077}, ""seasonal_reference"": {""call_contacts"": {""n"": 3, ""periods"": [""2022-08-01"", ""2023-08-01"", ""2024-08-01""], ""value"": 17.856449536072713}, ""text_contacts"": {""n"": 3, ""periods"": [""2022-08-01"", ""2023-08-01"", ""2024-08-01""], ""value"": 6.019157420807204}}}"
1123076,2025-08-01,60plus,a2_activity_level_v1_22b454887888,"{""adm_cd"": ""1123076"", ""adm_nm"": ""세곡동"", ""age_band"": ""60plus"", ""date"": ""2025-08-01"", ""interpretation"": ""retrospective_descriptive_not_risk"", ""quality"": {""call_contacts"": ""ready"", ""text_contacts"": ""ready""}, ""raw"": {""call_contacts"": 12.297067516955158, ""text_contacts"": 3.945991497115092}, ""seasonal_index"": {""call_contacts"": 0.9346052628498414, ""text_contacts"": 0.9429336614751634}, ""seasonal_reference"": {""call_contacts"": {""n"": 3, ""periods"": [""2022-08-01"", ""2023-08-01"", ""2024-08-01""], ""value"": 13.157498685015291}, ""text_contacts"": {""n"": 3, ""periods"": [""2022-08-01"", ""2023-08-01"", ""2024-08-01""], ""value"": 4.184802874617737}}}"
1123076,2025-09-01,20s,a2_activity_level_v1_22b454887888,"{""adm_cd"": ""1123076"", ""adm_nm"": ""세곡동"", ""age_band"": ""20s"", ""date"": ""2025-09-01"", ""interpretation"": ""retrospective_descriptive_not_risk"", ""quality"": {""call_contacts"": ""ready"", ""text_contacts"": ""ready""}, ""raw"": {""call_contacts"": 7.490626057529611, ""text_contacts"": 4.072417512690355}, ""seasonal_index"": {""call_contacts"": 0.8658598856051531, ""text_contacts"": 0.9696170787419477}, ""seasonal_reference"": {""call_contacts"": {""n"": 3, ""periods"": [""2022-09-01"", ""2023-09-01"", ""2024-09-01""], ""value"": 8.651083370485955}, ""text_contacts"": {""n"": 3, ""periods"": [""2022-09-01"", ""2023-09-01"", ""2024-09-01""], ""value"": 4.20002658985154}}}"
1123076,2025-09-01,30s,a2_activity_level_v1_22b454887888,"{""adm_cd"": ""1123076"", ""adm_nm"": ""세곡동"", ""age_band"": ""30s"", ""date"": ""2025-09-01"", ""interpretation"": ""retrospective_descriptive_not_risk"", ""quality"": {""call_contacts"": ""ready"", ""text_contacts"": ""ready""}, ""raw"": {""call_contacts"": 12.620688020683714, ""text_contacts"": 5.876189313415685}, ""seasonal_index"": {""call_contacts"": 0.8511967265899283, ""text_contacts"": 0.9248100013345749}, ""seasonal_reference"": {""call_contacts"": {""n"": 3, ""periods"": [""2022-09-01"", ""2023-09-01"", ""2024-09-01""], ""value"": 14.826993133825624}, ""text_contacts"": {""n"": 3, ""periods"": [""2022-09-01"", ""2023-09-01"", ""2024-09-01""], ""value"": 6.353942220494883}}}"
1123076,2025-09-01,40s,a2_activity_level_v1_22b454887888,"{""adm_cd"": ""1123076"", ""adm_nm"": ""세곡동"", ""age_band"": ""40s"", ""date"": ""2025-09-01"", ""interpretation"": ""retrospective_descriptive_not_risk"", ""quality"": {""call_contacts"": ""ready"", ""text_contacts"": ""ready""}, ""raw"": {""call_contacts"": 15.90591893958705, ""text_contacts"": 6.568868213102218}, ""seasonal_index"": {""call_contacts"": 0.8889883400948989, ""text_contacts"": 0.9492063011726819}, ""seasonal_reference"": {""call_contacts"": {""n"": 3, ""periods"": [""2022-09-01"", ""2023-09-01"", ""2024-09-01""], ""value"": 17.89215698587127}, ""text_contacts"": {""n"": 3, ""periods"": [""2022-09-01"", ""2023-09-01"", ""2024-09-01""], ""value"": 6.920379905808478}}}"
1123076,2025-09-01,50s,a2_activity_level_v1_22b454887888,"{""adm_cd"": ""1123076"", ""adm_nm"": ""세곡동"", ""age_band"": ""50s"", ""date"": ""2025-09-01"", ""interpretation"": ""retrospective_descriptive_not_risk"", ""quality"": {""call_contacts"": ""ready"", ""text_contacts"": ""ready""}, ""raw"": {""call_contacts"": 16.759185585013494, ""text_contacts"": 5.892990950944594}, ""seasonal_index"": {""call_contacts"": 0.942667863293162, ""text_contacts"": 0.9520583458840486}, ""seasonal_reference"": {""call_contacts"": {""n"": 3, ""periods"": [""2022-09-01"", ""2023-09-01"", ""2024-09-01""], ""value"": 17.77846284741917}, ""text_contacts"": {""n"": 3, ""periods"": [""2022-09-01"", ""2023-09-01"", ""2024-09-01""], ""value"": 6.18973719039516}}}"
1123076,2025-09-01,60plus,a2_activity_level_v1_22b454887888,"{""adm_cd"": ""1123076"", ""adm_nm"": ""세곡동"", ""age_band"": ""60plus"", ""date"": ""2025-09-01"", ""interpretation"": ""retrospective_descriptive_not_risk"", ""quality"": {""call_contacts"": ""ready"", ""text_contacts"": ""ready""}, ""raw"": {""call_contacts"": 12.461102813299231, ""text_contacts"": 4.022714066496164}, ""seasonal_index"": {""call_contacts"": 0.9466951407373346, ""text_contacts"": 0.9223055379507791}, ""seasonal_reference"": {""call_contacts"": {""n"": 3, ""periods"": [""2022-09-01"", ""2023-09-01"", ""2024-09-01""], ""value"": 13.162740862484924}, ""text_contacts"": {""n"": 3, ""periods"": [""2022-09-01"", ""2023-09-01"", ""2024-09-01""], ""value"": 4.361585072376357}}}"
1123076,2025-10-01,20s,a2_activity_level_v1_22b454887888,"{""adm_cd"": ""1123076"", ""adm_nm"": ""세곡동"", ""age_band"": ""20s"", ""date"": ""2025-10-01"", ""interpretation"": ""retrospective_descriptive_not_risk"", ""quality"": {""call_contacts"": ""ready"", ""text_contacts"": ""ready""}, ""raw"": {""call_contacts"": 7.35538282571912, ""text_contacts"": 3.941336717428088}, ""seasonal_index"": {""call_contacts"": 0.863458460688079, ""text_contacts"": 0.936519558094744}, ""seasonal_reference"": {""call_contacts"": {""n"": 3, ""periods"": [""2022-10-01"", ""2023-10-01"", ""2024-10-01""], ""value"": 8.518513814616757}, ""text_contacts"": {""n"": 3, ""periods"": [""2022-10-01"", ""2023-10-01"", ""2024-10-01""], ""value"": 4.20849376114082}}}"
1123076,2025-10-01,30s,a2_activity_level_v1_22b454887888,"{""adm_cd"": ""1123076"", ""adm_nm"": ""세곡동"", ""age_band"": ""30s"", ""date"": ""2025-10-01"", ""interpretation"": ""retrospective_descriptive_not_risk"", ""quality"": {""call_contacts"": ""ready"", ""text_contacts"": ""ready""}, ""raw"": {""call_contacts"": 12.397871301350188, ""text_contacts"": 5.655076127549554}, ""seasonal_index"": {""call_contacts"": 0.8604883001773547, ""text_contacts"": 0.9042284275769018}, ""seasonal_reference"": {""call_contacts"": {""n"": 3, ""periods"": [""2022-10-01"", ""2023-10-01"", ""2024-10-01""], ""value"": 14.407948717948717}, ""text_contacts"": {""n"": 3, ""periods"": [""2022-10-01"", ""2023-10-01"", ""2024-10-01""], ""value"": 6.25403488220747}}}"
1123076,2025-10-01,40s,a2_activity_level_v1_22b454887888,"{""adm_cd"": ""1123076"", ""adm_nm"": ""세곡동"", ""age_band"": ""40s"", ""date"": ""2025-10-01"", ""interpretation"": ""retrospective_descriptive_not_risk"", ""quality"": {""call_contacts"": ""ready"", ""text_contacts"": ""ready""}, ""raw"": {""call_contacts"": 15.427362355953905, ""text_contacts"": 6.291441741357235}, ""seasonal_index"": {""call_contacts"": 0.8868641077781445, ""text_contacts"": 0.9187589354098331}, ""seasonal_reference"": {""call_contacts"": {""n"": 3, ""periods"": [""2022-10-01"", ""2023-10-01"", ""2024-10-01""], ""value"": 17.395407279029463}, ""text_contacts"": {""n"": 3, ""periods"": [""2022-10-01"", ""2023-10-01"", ""2024-10-01""], ""value"": 6.847761146998582}}}"
1123076,2025-10-01,50s,a2_activity_level_v1_22b454887888,"{""adm_cd"": ""1123076"", ""adm_nm"": ""세곡동"", ""age_band"": ""50s"", ""date"": ""2025-10-01"", ""interpretation"": ""retrospective_descriptive_not_risk"", ""quality"": {""call_contacts"": ""ready"", ""text_contacts"": ""ready""}, ""raw"": {""call_contacts"": 16.253453859456062, ""text_contacts"": 5.746544568464079}, ""seasonal_index"": {""call_contacts"": 0.9225621031197893, ""text_contacts"": 0.918281939369554}, ""seasonal_reference"": {""call_contacts"": {""n"": 3, ""periods"": [""2022-10-01"", ""2023-10-01"", ""2024-10-01""], ""value"": 17.617734138972807}, ""text_contacts"": {""n"": 3, ""periods"": [""2022-10-01"", ""2023-10-01"", ""2024-10-01""], ""value"": 6.257930513595166}}}"
1123076,2025-10-01,60plus,a2_activity_level_v1_22b454887888,"{""adm_cd"": ""1123076"", ""adm_nm"": ""세곡동"", ""age_band"": ""60plus"", ""date"": ""2025-10-01"", ""interpretation"": ""retrospective_descriptive_not_risk"", ""quality"": {""call_contacts"": ""ready"", ""text_contacts"": ""ready""}, ""raw"": {""call_contacts"": 12.394335543090259, ""text_contacts"": 4.025852116267211}, ""seasonal_index"": {""call_contacts"": 0.945421240042394, ""text_contacts"": 0.9213391299771022}, ""seasonal_reference"": {""call_contacts"": {""n"": 3, ""periods"": [""2022-10-01"", ""2023-10-01"", ""2024-10-01""], ""value"": 13.109855182156135}, ""text_contacts"": {""n"": 3, ""periods"": [""2022-10-01"", ""2023-10-01"", ""2024-10-01""], ""value"": 4.369565977695167}}}"
1123076,2025-11-01,20s,a2_activity_level_v1_22b454887888,"{""adm_cd"": ""1123076"", ""adm_nm"": ""세곡동"", ""age_band"": ""20s"", ""date"": ""2025-11-01"", ""interpretation"": ""retrospective_descriptive_not_risk"", ""quality"": {""call_contacts"": ""ready"", ""text_contacts"": ""ready""}, ""raw"": {""call_contacts"": 7.231065989847715, ""text_contacts"": 3.842167935702199}, ""seasonal_index"": {""call_contacts"": 0.8566931010790428, ""text_contacts"": 0.9104211694974376}, ""seasonal_reference"": {""call_contacts"": {""n"": 3, ""periods"": [""2022-11-01"", ""2023-11-01"", ""2024-11-01""], ""value"": 8.440672605790647}, ""text_contacts"": {""n"": 3, ""periods"": [""2022-11-01"", ""2023-11-01"", ""2024-11-01""], ""value"": 4.220209354120267}}}"
1123076,2025-11-01,30s,a2_activity_level_v1_22b454887888,"{""adm_cd"": ""1123076"", ""adm_nm"": ""세곡동"", ""age_band"": ""30s"", ""date"": ""2025-11-01"", ""interpretation"": ""retrospective_descriptive_not_risk"", ""quality"": {""call_contacts"": ""ready"", ""text_contacts"": ""ready""}, ""raw"": {""call_contacts"": 12.458654122378626, ""text_contacts"": 5.544922436081586}, ""seasonal_index"": {""call_contacts"": 0.875067771132701, ""text_contacts"": 0.8945571784599864}, ""seasonal_reference"": {""call_contacts"": {""n"": 3, ""periods"": [""2022-11-01"", ""2023-11-01"", ""2024-11-01""], ""value"": 14.237359131912669}, ""text_contacts"": {""n"": 3, ""periods"": [""2022-11-01"", ""2023-11-01"", ""2024-11-01""], ""value"": 6.198510916459669}}}"
1123076,2025-11-01,40s,a2_activity_level_v1_22b454887888,"{""adm_cd"": ""1123076"", ""adm_nm"": ""세곡동"", ""age_band"": ""40s"", ""date"": ""2025-11-01"", ""interpretation"": ""retrospective_descriptive_not_risk"", ""quality"": {""call_contacts"": ""ready"", ""text_contacts"": ""ready""}, ""raw"": {""call_contacts"": 15.595874613003096, ""text_contacts"": 6.159574303405574}, ""seasonal_index"": {""call_contacts"": 0.8934898960681386, ""text_contacts"": 0.8933417338450506}, ""seasonal_reference"": {""call_contacts"": {""n"": 3, ""periods"": [""2022-11-01"", ""2023-11-01"", ""2024-11-01""], ""value"": 17.455009487666032}, ""text_contacts"": {""n"": 3, ""periods"": [""2022-11-01"", ""2023-11-01"", ""2024-11-01""], ""value"": 6.894981024667932}}}"
1123076,2025-11-01,50s,a2_activity_level_v1_22b454887888,"{""adm_cd"": ""1123076"", ""adm_nm"": ""세곡동"", ""age_band"": ""50s"", ""date"": ""2025-11-01"", ""interpretation"": ""retrospective_descriptive_not_risk"", ""quality"": {""call_contacts"": ""ready"", ""text_contacts"": ""ready""}, ""raw"": {""call_contacts"": 16.475317119694804, ""text_contacts"": 5.674255285328246}, ""seasonal_index"": {""call_contacts"": 0.9250854765354065, ""text_contacts"": 0.9001924149303706}, ""seasonal_reference"": {""call_contacts"": {""n"": 3, ""periods"": [""2022-11-01"", ""2023-11-01"", ""2024-11-01""], ""value"": 17.809507918552033}, ""text_contacts"": {""n"": 3, ""periods"": [""2022-11-01"", ""2023-11-01"", ""2024-11-01""], ""value"": 6.303380467571643}}}"
1123076,2025-11-01,60plus,a2_activity_level_v1_22b454887888,"{""adm_cd"": ""1123076"", ""adm_nm"": ""세곡동"", ""age_band"": ""60plus"", ""date"": ""2025-11-01"", ""interpretation"": ""retrospective_descriptive_not_risk"", ""quality"": {""call_contacts"": ""ready"", ""text_contacts"": ""ready""}, ""raw"": {""call_contacts"": 12.652722625498415, ""text_contacts"": 4.042864737756875}, ""seasonal_index"": {""call_contacts"": 0.955426675420198, ""text_contacts"": 0.9126500346912013}, ""seasonal_reference"": {""call_contacts"": {""n"": 3, ""periods"": [""2022-11-01"", ""2023-11-01"", ""2024-11-01""], ""value"": 13.243007497078443}, ""text_contacts"": {""n"": 3, ""periods"": [""2022-11-01"", ""2023-11-01"", ""2024-11-01""], ""value"": 4.429808342827482}}}"
1123076,2025-12-01,20s,a2_activity_level_v1_22b454887888,"{""adm_cd"": ""1123076"", ""adm_nm"": ""세곡동"", ""age_band"": ""20s"", ""date"": ""2025-12-01"", ""interpretation"": ""retrospective_descriptive_not_risk"", ""quality"": {""call_contacts"": ""ready"", ""text_contacts"": ""ready""}, ""raw"": {""call_contacts"": 7.435148054145517, ""text_contacts"": 3.71494923857868}, ""seasonal_index"": {""call_contacts"": 0.8646783107818522, ""text_contacts"": 0.8425412441586896}, ""seasonal_reference"": {""call_contacts"": {""n"": 3, ""periods"": [""2022-12-01"", ""2023-12-01"", ""2024-12-01""], ""value"": 8.598744713999556}, ""text_contacts"": {""n"": 3, ""periods"": [""2022-12-01"", ""2023-12-01"", ""2024-12-01""], ""value"": 4.409219446922391}}}"
1123076,2025-12-01,30s,a2_activity_level_v1_22b454887888,"{""adm_cd"": ""1123076"", ""adm_nm"": ""세곡동"", ""age_band"": ""30s"", ""date"": ""2025-12-01"", ""interpretation"": ""retrospective_descriptive_not_risk"", ""quality"": {""call_contacts"": ""ready"", ""text_contacts"": ""ready""}, ""raw"": {""call_contacts"": 12.381459350761276, ""text_contacts"": 5.301118931341568}, ""seasonal_index"": {""call_contacts"": 0.8629271937501807, ""text_contacts"": 0.8448423926120062}, ""seasonal_reference"": {""call_contacts"": {""n"": 3, ""periods"": [""2022-12-01"", ""2023-12-01"", ""2024-12-01""], ""value"": 14.3482085631731}, ""text_contacts"": {""n"": 3, ""periods"": [""2022-12-01"", ""2023-12-01"", ""2024-12-01""], ""value"": 6.274683867309327}}}"
1123076,2025-12-01,40s,a2_activity_level_v1_22b454887888,"{""adm_cd"": ""1123076"", ""adm_nm"": ""세곡동"", ""age_band"": ""40s"", ""date"": ""2025-12-01"", ""interpretation"": ""retrospective_descriptive_not_risk"", ""quality"": {""call_contacts"": ""ready"", ""text_contacts"": ""ready""}, ""raw"": {""call_contacts"": 15.583839193381591, ""text_contacts"": 5.914046018614271}, ""seasonal_index"": {""call_contacts"": 0.8982020260437885, ""text_contacts"": 0.8559752569376511}, ""seasonal_reference"": {""call_contacts"": {""n"": 3, ""periods"": [""2022-12-01"", ""2023-12-01"", ""2024-12-01""], ""value"": 17.350037899627115}, ""text_contacts"": {""n"": 3, ""periods"": [""2022-12-01"", ""2023-12-01"", ""2024-12-01""], ""value"": 6.909131976282169}}}"
1123076,2025-12-01,50s,a2_activity_level_v1_22b454887888,"{""adm_cd"": ""1123076"", ""adm_nm"": ""세곡동"", ""age_band"": ""50s"", ""date"": ""2025-12-01"", ""interpretation"": ""retrospective_descriptive_not_risk"", ""quality"": {""call_contacts"": ""ready"", ""text_contacts"": ""ready""}, ""raw"": {""call_contacts"": 16.59483250520917, ""text_contacts"": 5.495423946145215}, ""seasonal_index"": {""call_contacts"": 0.92883349624688, ""text_contacts"": 0.8618820597127109}, ""seasonal_reference"": {""call_contacts"": {""n"": 3, ""periods"": [""2022-12-01"", ""2023-12-01"", ""2024-12-01""], ""value"": 17.86631573071341}, ""text_contacts"": {""n"": 3, ""periods"": [""2022-12-01"", ""2023-12-01"", ""2024-12-01""], ""value"": 6.376074178846456}}}"
1123076,2025-12-01,60plus,a2_activity_level_v1_22b454887888,"{""adm_cd"": ""1123076"", ""adm_nm"": ""세곡동"", ""age_band"": ""60plus"", ""date"": ""2025-12-01"", ""interpretation"": ""retrospective_descriptive_not_risk"", ""quality"": {""call_contacts"": ""ready"", ""text_contacts"": ""ready""}, ""raw"": {""call_contacts"": 12.64862465641861, ""text_contacts"": 3.955912653975364}, ""seasonal_index"": {""call_contacts"": 0.9595886072307162, ""text_contacts"": 0.9057204003818492}, ""seasonal_reference"": {""call_contacts"": {""n"": 3, ""periods"": [""2022-12-01"", ""2023-12-01"", ""2024-12-01""], ""value"": 13.181299320467517}, ""text_contacts"": {""n"": 3, ""periods"": [""2022-12-01"", ""2023-12-01"", ""2024-12-01""], ""value"": 4.36769741777657}}}"
1123077,2025-07-01,20s,a2_activity_level_v1_22b454887888,"{""adm_cd"": ""1123077"", ""adm_nm"": ""압구정동"", ""age_band"": ""20s"", ""date"": ""2025-07-01"", ""interpretation"": ""retrospective_descriptive_not_risk"", ""quality"": {""call_contacts"": ""ready"", ""text_contacts"": ""ready""}, ""raw"": {""call_contacts"": 7.928367428800643, ""text_contacts"": 3.821921379863618}, ""seasonal_index"": {""call_contacts"": 0.8831683892267177, ""text_contacts"": 0.9353403287190831}, ""seasonal_reference"": {""call_contacts"": {""n"": 3, ""periods"": [""2022-07-01"", ""2023-07-01"", ""2024-07-01""], ""value"": 8.97718659942363}, ""text_contacts"": {""n"": 3, ""periods"": [""2022-07-01"", ""2023-07-01"", ""2024-07-01""], ""value"": 4.086129147342134}}}"
1123077,2025-07-01,30s,a2_activity_level_v1_22b454887888,"{""adm_cd"": ""1123077"", ""adm_nm"": ""압구정동"", ""age_band"": ""30s"", ""date"": ""2025-07-01"", ""interpretation"": ""retrospective_descriptive_not_risk"", ""quality"": {""call_contacts"": ""ready"", ""text_contacts"": ""ready""}, ""raw"": {""call_contacts"": 13.842442797292941, ""text_contacts"": 6.114031582339671}, ""seasonal_index"": {""call_contacts"": 0.8955253052038764, ""text_contacts"": 0.9604593168001659}, ""seasonal_reference"": {""call_contacts"": {""n"": 3, ""periods"": [""2022-07-01"", ""2023-07-01"", ""2024-07-01""], ""value"": 15.457344105023981}, ""text_contacts"": {""n"": 3, ""periods"": [""2022-07-01"", ""2023-07-01"", ""2024-07-01""], ""value"": 6.365737179487179}}}"
1123077,2025-07-01,40s,a2_activity_level_v1_22b454887888,"{""adm_cd"": ""1123077"", ""adm_nm"": ""압구정동"", ""age_band"": ""40s"", ""date"": ""2025-07-01"", ""interpretation"": ""retrospective_descriptive_not_risk"", ""quality"": {""call_contacts"": ""ready"", ""text_contacts"": ""ready""}, ""raw"": {""call_contacts"": 17.83471443406023, ""text_contacts"": 7.365626168224298}, ""seasonal_index"": {""call_contacts"": 0.9393407772614516, ""text_contacts"": 0.9965923604496459}, ""seasonal_reference"": {""call_contacts"": {""n"": 3, ""periods"": [""2022-07-01"", ""2023-07-01"", ""2024-07-01""], ""value"": 18.986415649978966}, ""text_contacts"": {""n"": 3, ""periods"": [""2022-07-01"", ""2023-07-01"", ""2024-07-01""], ""value"": 7.390811389424107}}}"
1123077,2025-07-01,50s,a2_activity_level_v1_22b454887888,"{""adm_cd"": ""1123077"", ""adm_nm"": ""압구정동"", ""age_band"": ""50s"", ""date"": ""2025-07-01"", ""interpretation"": ""retrospective_descriptive_not_risk"", ""quality"": {""call_contacts"": ""ready"", ""text_contacts"": ""ready""}, ""raw"": {""call_contacts"": 16.156283333333334, ""text_contacts"": 6.710216666666666}, ""seasonal_index"": {""call_contacts"": 0.9142555134341653, ""text_contacts"": 0.9784562922343889}, ""seasonal_reference"": {""call_contacts"": {""n"": 3, ""periods"": [""2022-07-01"", ""2023-07-01"", ""2024-07-01""], ""value"": 17.671518624641834}, ""text_contacts"": {""n"": 3, ""periods"": [""2022-07-01"", ""2023-07-01"", ""2024-07-01""], ""value"": 6.857962608982064}}}"
1123077,2025-07-01,60plus,a2_activity_level_v1_22b454887888,"{""adm_cd"": ""1123077"", ""adm_nm"": ""압구정동"", ""age_band"": ""60plus"", ""date"": ""2025-07-01"", ""interpretation"": ""retrospective_descriptive_not_risk"", ""quality"": {""call_contacts"": ""ready"", ""text_contacts"": ""ready""}, ""raw"": {""call_contacts"": 13.271844567042454, ""text_contacts"": 4.861163348524826}, ""seasonal_index"": {""call_contacts"": 0.9320304786444499, ""text_contacts"": 0.9844441766878483}, ""seasonal_reference"": {""call_contacts"": {""n"": 3, ""periods"": [""2022-07-01"", ""2023-07-01"", ""2024-07-01""], ""value"": 14.23971090124123}, ""text_contacts"": {""n"": 3, ""periods"": [""2022-07-01"", ""2023-07-01"", ""2024-07-01""], ""value"": 4.937977656468198}}}"
1123077,2025-08-01,20s,a2_activity_level_v1_22b454887888,"{""adm_cd"": ""1123077"", ""adm_nm"": ""압구정동"", ""age_band"": ""20s"", ""date"": ""2025-08-01"", ""interpretation"": ""retrospective_descriptive_not_risk"", ""quality"": {""call_contacts"": ""ready"", ""text_contacts"": ""ready""}, ""raw"": {""call_contacts"": 7.767172081829122, ""text_contacts"": 3.761111111111111}, ""seasonal_index"": {""call_contacts"": 0.8414897937907717, ""text_contacts"": 0.8946501373523449}, ""seasonal_reference"": {""call_contacts"": {""n"": 3, ""periods"": [""2022-08-01"", ""2023-08-01"", ""2024-08-01""], ""value"": 9.230262968299712}, ""text_contacts"": {""n"": 3, ""periods"": [""2022-08-01"", ""2023-08-01"", ""2024-08-01""], ""value"": 4.204002161383285}}}"
1123077,2025-08-01,30s,a2_activity_level_v1_22b454887888,"{""adm_cd"": ""1123077"", ""adm_nm"": ""압구정동"", ""age_band"": ""30s"", ""date"": ""2025-08-01"", ""interpretation"": ""retrospective_descriptive_not_risk"", ""quality"": {""call_contacts"": ""ready"", ""text_contacts"": ""ready""}, ""raw"": {""call_contacts"": 13.69657485418017, ""text_contacts"": 6.077378483473753}, ""seasonal_index"": {""call_contacts"": 0.8982632471671489, ""text_contacts"": 0.975976390186429}, ""seasonal_reference"": {""call_contacts"": {""n"": 3, ""periods"": [""2022-08-01"", ""2023-08-01"", ""2024-08-01""], ""value"": 15.247840649581326}, ""text_contacts"": {""n"": 3, ""periods"": [""2022-08-01"", ""2023-08-01"", ""2024-08-01""], ""value"": 6.226972849530576}}}"
1123077,2025-08-01,40s,a2_activity_level_v1_22b454887888,"{""adm_cd"": ""1123077"", ""adm_nm"": ""압구정동"", ""age_band"": ""40s"", ""date"": ""2025-08-01"", ""interpretation"": ""retrospective_descriptive_not_risk"", ""quality"": {""call_contacts"": ""ready"", ""text_contacts"": ""ready""}, ""raw"": {""call_contacts"": 17.81814744801512, ""text_contacts"": 7.323497164461247}, ""seasonal_index"": {""call_contacts"": 0.9655850248798566, ""text_contacts"": 1.0177672436994694}, ""seasonal_reference"": {""call_contacts"": {""n"": 3, ""periods"": [""2022-08-01"", ""2023-08-01"", ""2024-08-01""], ""value"": 18.453214361140443}, ""text_contacts"": {""n"": 3, ""periods"": [""2022-08-01"", ""2023-08-01"", ""2024-08-01""], ""value"": 7.195650292144557}}}"
1123077,2025-08-01,50s,a2_activity_level_v1_22b454887888,"{""adm_cd"": ""1123077"", ""adm_nm"": ""압구정동"", ""age_band"": ""50s"", ""date"": ""2025-08-01"", ""interpretation"": ""retrospective_descriptive_not_risk"", ""quality"": {""call_contacts"": ""ready"", ""text_contacts"": ""ready""}, ""raw"": {""call_contacts"": 16.039112970711297, ""text_contacts"": 6.65871129707113}, ""seasonal_index"": {""call_contacts"": 0.9226502086610732, ""text_contacts"": 0.9963091897674011}, ""seasonal_reference"": {""call_contacts"": {""n"": 3, ""periods"": [""2022-08-01"", ""2023-08-01"", ""2024-08-01""], ""value"": 17.383741769252786}, ""text_contacts"": {""n"": 3, ""periods"": [""2022-08-01"", ""2023-08-01"", ""2024-08-01""], ""value"": 6.683378378378379}}}"
1123077,2025-08-01,60plus,a2_activity_level_v1_22b454887888,"{""adm_cd"": ""1123077"", ""adm_nm"": ""압구정동"", ""age_band"": ""60plus"", ""date"": ""2025-08-01"", ""interpretation"": ""retrospective_descriptive_not_risk"", ""quality"": {""call_contacts"": ""ready"", ""text_contacts"": ""ready""}, ""raw"": {""call_contacts"": 12.72717269856692, ""text_contacts"": 4.723140636385718}, ""seasonal_index"": {""call_contacts"": 0.9194908455837656, ""text_contacts"": 0.9736286833144637}, ""seasonal_reference"": {""call_contacts"": {""n"": 3, ""periods"": [""2022-08-01"", ""2023-08-01"", ""2024-08-01""], ""value"": 13.841543675714034}, ""text_contacts"": {""n"": 3, ""periods"": [""2022-08-01"", ""2023-08-01"", ""2024-08-01""], ""value"": 4.851069732566859}}}"
1123077,2025-09-01,20s,a2_activity_level_v1_22b454887888,"{""adm_cd"": ""1123077"", ""adm_nm"": ""압구정동"", ""age_band"": ""20s"", ""date"": ""2025-09-01"", ""interpretation"": ""retrospective_descriptive_not_risk"", ""quality"": {""call_contacts"": ""ready"", ""text_contacts"": ""ready""}, ""raw"": {""call_contacts"": 7.78595667870036, ""text_contacts"": 3.792719614921781}, ""seasonal_index"": {""call_contacts"": 0.8543748411453608, ""text_contacts"": 0.8875079677494185}, ""seasonal_reference"": {""call_contacts"": {""n"": 3, ""periods"": [""2022-09-01"", ""2023-09-01"", ""2024-09-01""], ""value"": 9.11304535637149}, ""text_contacts"": {""n"": 3, ""periods"": [""2022-09-01"", ""2023-09-01"", ""2024-09-01""], ""value"": 4.273448524118071}}}"
1123077,2025-09-01,30s,a2_activity_level_v1_22b454887888,"{""adm_cd"": ""1123077"", ""adm_nm"": ""압구정동"", ""age_band"": ""30s"", ""date"": ""2025-09-01"", ""interpretation"": ""retrospective_descriptive_not_risk"", ""quality"": {""call_contacts"": ""ready"", ""text_contacts"": ""ready""}, ""raw"": {""call_contacts"": 13.951224886584574, ""text_contacts"": 6.161931302657162}, ""seasonal_index"": {""call_contacts"": 0.9314502237474123, ""text_contacts"": 0.9777713981672813}, ""seasonal_reference"": {""call_contacts"": {""n"": 3, ""periods"": [""2022-09-01"", ""2023-09-01"", ""2024-09-01""], ""value"": 14.977960744328323}, ""text_contacts"": {""n"": 3, ""periods"": [""2022-09-01"", ""2023-09-01"", ""2024-09-01""], ""value"": 6.302016314045374}}}"
1123077,2025-09-01,40s,a2_activity_level_v1_22b454887888,"{""adm_cd"": ""1123077"", ""adm_nm"": ""압구정동"", ""age_band"": ""40s"", ""date"": ""2025-09-01"", ""interpretation"": ""retrospective_descriptive_not_risk"", ""quality"": {""call_contacts"": ""ready"", ""text_contacts"": ""ready""}, ""raw"": {""call_contacts"": 17.90091292430951, ""text_contacts"": 7.385831752055661}, ""seasonal_index"": {""call_contacts"": 0.9746286073219311, ""text_contacts"": 1.013195756639729}, ""seasonal_reference"": {""call_contacts"": {""n"": 3, ""periods"": [""2022-09-01"", ""2023-09-01"", ""2024-09-01""], ""value"": 18.36690693237227}, ""text_contacts"": {""n"": 3, ""periods"": [""2022-09-01"", ""2023-09-01"", ""2024-09-01""], ""value"": 7.289639443961772}}}"
1123077,2025-09-01,50s,a2_activity_level_v1_22b454887888,"{""adm_cd"": ""1123077"", ""adm_nm"": ""압구정동"", ""age_band"": ""50s"", ""date"": ""2025-09-01"", ""interpretation"": ""retrospective_descriptive_not_risk"", ""quality"": {""call_contacts"": ""ready"", ""text_contacts"": ""ready""}, ""raw"": {""call_contacts"": 16.20356749894202, ""text_contacts"": 6.779310198899704}, ""seasonal_index"": {""call_contacts"": 0.9474173904554214, ""text_contacts"": 0.9952948080314025}, ""seasonal_reference"": {""call_contacts"": {""n"": 3, ""periods"": [""2022-09-01"", ""2023-09-01"", ""2024-09-01""], ""value"": 17.102881646655234}, ""text_contacts"": {""n"": 3, ""periods"": [""2022-09-01"", ""2023-09-01"", ""2024-09-01""], ""value"": 6.811358950328023}}}"
1123077,2025-09-01,60plus,a2_activity_level_v1_22b454887888,"{""adm_cd"": ""1123077"", ""adm_nm"": ""압구정동"", ""age_band"": ""60plus"", ""date"": ""2025-09-01"", ""interpretation"": ""retrospective_descriptive_not_risk"", ""quality"": {""call_contacts"": ""ready"", ""text_contacts"": ""ready""}, ""raw"": {""call_contacts"": 13.040414768640614, ""text_contacts"": 4.902419084152482}, ""seasonal_index"": {""call_contacts"": 0.9390865009628949, ""text_contacts"": 0.9607647200637004}, ""seasonal_reference"": {""call_contacts"": {""n"": 3, ""periods"": [""2022-09-01"", ""2023-09-01"", ""2024-09-01""], ""value"": 13.886276456183312}, ""text_contacts"": {""n"": 3, ""periods"": [""2022-09-01"", ""2023-09-01"", ""2024-09-01""], ""value"": 5.102621882105999}}}"
1123077,2025-10-01,20s,a2_activity_level_v1_22b454887888,"{""adm_cd"": ""1123077"", ""adm_nm"": ""압구정동"", ""age_band"": ""20s"", ""date"": ""2025-10-01"", ""interpretation"": ""retrospective_descriptive_not_risk"", ""quality"": {""call_contacts"": ""ready"", ""text_contacts"": ""ready""}, ""raw"": {""call_contacts"": 7.684905736060971, ""text_contacts"": 3.760356999598877}, ""seasonal_index"": {""call_contacts"": 0.821814267049433, ""text_contacts"": 0.8760857093589612}, ""seasonal_reference"": {""call_contacts"": {""n"": 3, ""periods"": [""2022-10-01"", ""2023-10-01"", ""2024-10-01""], ""value"": 9.351146657081236}, ""text_contacts"": {""n"": 3, ""periods"": [""2022-10-01"", ""2023-10-01"", ""2024-10-01""], ""value"": 4.292225017972681}}}"
1123077,2025-10-01,30s,a2_activity_level_v1_22b454887888,"{""adm_cd"": ""1123077"", ""adm_nm"": ""압구정동"", ""age_band"": ""30s"", ""date"": ""2025-10-01"", ""interpretation"": ""retrospective_descriptive_not_risk"", ""quality"": {""call_contacts"": ""ready"", ""text_contacts"": ""ready""}, ""raw"": {""call_contacts"": 13.49072627501614, ""text_contacts"": 5.89994835377663}, ""seasonal_index"": {""call_contacts"": 0.8912533808864375, ""text_contacts"": 0.9255214271089326}, ""seasonal_reference"": {""call_contacts"": {""n"": 3, ""periods"": [""2022-10-01"", ""2023-10-01"", ""2024-10-01""], ""value"": 15.136802355350744}, ""text_contacts"": {""n"": 3, ""periods"": [""2022-10-01"", ""2023-10-01"", ""2024-10-01""], ""value"": 6.374729078079156}}}"
1123077,2025-10-01,40s,a2_activity_level_v1_22b454887888,"{""adm_cd"": ""1123077"", ""adm_nm"": ""압구정동"", ""age_band"": ""40s"", ""date"": ""2025-10-01"", ""interpretation"": ""retrospective_descriptive_not_risk"", ""quality"": {""call_contacts"": ""ready"", ""text_contacts"": ""ready""}, ""raw"": {""call_contacts"": 17.117284454955925, ""text_contacts"": 7.091472801548055}, ""seasonal_index"": {""call_contacts"": 0.9433180516415438, ""text_contacts"": 0.9671365812518682}, ""seasonal_reference"": {""call_contacts"": {""n"": 3, ""periods"": [""2022-10-01"", ""2023-10-01"", ""2024-10-01""], ""value"": 18.14582518077414}, ""text_contacts"": {""n"": 3, ""periods"": [""2022-10-01"", ""2023-10-01"", ""2024-10-01""], ""value"": 7.33244191049914}}}"
1123077,2025-10-01,50s,a2_activity_level_v1_22b454887888,"{""adm_cd"": ""1123077"", ""adm_nm"": ""압구정동"", ""age_band"": ""50s"", ""date"": ""2025-10-01"", ""interpretation"": ""retrospective_descriptive_not_risk"", ""quality"": {""call_contacts"": ""ready"", ""text_contacts"": ""ready""}, ""raw"": {""call_contacts"": 15.757760372565624, ""text_contacts"": 6.517950889077053}, ""seasonal_index"": {""call_contacts"": 0.9308731359904379, ""text_contacts"": 0.9459747084973129}, ""seasonal_reference"": {""call_contacts"": {""n"": 3, ""periods"": [""2022-10-01"", ""2023-10-01"", ""2024-10-01""], ""value"": 16.927935465448314}, ""text_contacts"": {""n"": 3, ""periods"": [""2022-10-01"", ""2023-10-01"", ""2024-10-01""], ""value"": 6.890195721438325}}}"
1123077,2025-10-01,60plus,a2_activity_level_v1_22b454887888,"{""adm_cd"": ""1123077"", ""adm_nm"": ""압구정동"", ""age_band"": ""60plus"", ""date"": ""2025-10-01"", ""interpretation"": ""retrospective_descriptive_not_risk"", ""quality"": {""call_contacts"": ""ready"", ""text_contacts"": ""ready""}, ""raw"": {""call_contacts"": 12.888015395718066, ""text_contacts"": 4.82875390906904}, ""seasonal_index"": {""call_contacts"": 0.9235668273411762, ""text_contacts"": 0.9306484553539709}, ""seasonal_reference"": {""call_contacts"": {""n"": 3, ""periods"": [""2022-10-01"", ""2023-10-01"", ""2024-10-01""], ""value"": 13.954610553543716}, ""text_contacts"": {""n"": 3, ""periods"": [""2022-10-01"", ""2023-10-01"", ""2024-10-01""], ""value"": 5.188590687804269}}}"
1123077,2025-11-01,20s,a2_activity_level_v1_22b454887888,"{""adm_cd"": ""1123077"", ""adm_nm"": ""압구정동"", ""age_band"": ""20s"", ""date"": ""2025-11-01"", ""interpretation"": ""retrospective_descriptive_not_risk"", ""quality"": {""call_contacts"": ""ready"", ""text_contacts"": ""ready""}, ""raw"": {""call_contacts"": 7.767946249498595, ""text_contacts"": 3.681054953870839}, ""seasonal_index"": {""call_contacts"": 0.8312353108550862, ""text_contacts"": 0.8546880083281925}, ""seasonal_reference"": {""call_contacts"": {""n"": 3, ""periods"": [""2022-11-01"", ""2023-11-01"", ""2024-11-01""], ""value"": 9.34506288178225}, ""text_contacts"": {""n"": 3, ""periods"": [""2022-11-01"", ""2023-11-01"", ""2024-11-01""], ""value"": 4.30689902982393}}}"
1123077,2025-11-01,30s,a2_activity_level_v1_22b454887888,"{""adm_cd"": ""1123077"", ""adm_nm"": ""압구정동"", ""age_band"": ""30s"", ""date"": ""2025-11-01"", ""interpretation"": ""retrospective_descriptive_not_risk"", ""quality"": {""call_contacts"": ""ready"", ""text_contacts"": ""ready""}, ""raw"": {""call_contacts"": 13.594368589743592, ""text_contacts"": 5.866942307692308}, ""seasonal_index"": {""call_contacts"": 0.903232132050721, ""text_contacts"": 0.9151275531394503}, ""seasonal_reference"": {""call_contacts"": {""n"": 3, ""periods"": [""2022-11-01"", ""2023-11-01"", ""2024-11-01""], ""value"": 15.050802675585285}, ""text_contacts"": {""n"": 3, ""periods"": [""2022-11-01"", ""2023-11-01"", ""2024-11-01""], ""value"": 6.411065088757396}}}"
1123077,2025-11-01,40s,a2_activity_level_v1_22b454887888,"{""adm_cd"": ""1123077"", ""adm_nm"": ""압구정동"", ""age_band"": ""40s"", ""date"": ""2025-11-01"", ""interpretation"": ""retrospective_descriptive_not_risk"", ""quality"": {""call_contacts"": ""ready"", ""text_contacts"": ""ready""}, ""raw"": {""call_contacts"": 17.095171110644554, ""text_contacts"": 6.832710476590384}, ""seasonal_index"": {""call_contacts"": 0.9357615647019768, ""text_contacts"": 0.9213029650160258}, ""seasonal_reference"": {""call_contacts"": {""n"": 3, ""periods"": [""2022-11-01"", ""2023-11-01"", ""2024-11-01""], ""value"": 18.268725448334756}, ""text_contacts"": {""n"": 3, ""periods"": [""2022-11-01"", ""2023-11-01"", ""2024-11-01""], ""value"": 7.416355678906917}}}"
1123077,2025-11-01,50s,a2_activity_level_v1_22b454887888,"{""adm_cd"": ""1123077"", ""adm_nm"": ""압구정동"", ""age_band"": ""50s"", ""date"": ""2025-11-01"", ""interpretation"": ""retrospective_descriptive_not_risk"", ""quality"": {""call_contacts"": ""ready"", ""text_contacts"": ""ready""}, ""raw"": {""call_contacts"": 15.791225165562917, ""text_contacts"": 6.388514072847682}, ""seasonal_index"": {""call_contacts"": 0.9246588770390044, ""text_contacts"": 0.9220099406154747}, ""seasonal_reference"": {""call_contacts"": {""n"": 3, ""periods"": [""2022-11-01"", ""2023-11-01"", ""2024-11-01""], ""value"": 17.077892785856857}, ""text_contacts"": {""n"": 3, ""periods"": [""2022-11-01"", ""2023-11-01"", ""2024-11-01""], ""value"": 6.928899344168806}}}"
1123077,2025-11-01,60plus,a2_activity_level_v1_22b454887888,"{""adm_cd"": ""1123077"", ""adm_nm"": ""압구정동"", ""age_band"": ""60plus"", ""date"": ""2025-11-01"", ""interpretation"": ""retrospective_descriptive_not_risk"", ""quality"": {""call_contacts"": ""ready"", ""text_contacts"": ""ready""}, ""raw"": {""call_contacts"": 13.140900451413637, ""text_contacts"": 4.827576621525303}, ""seasonal_index"": {""call_contacts"": 0.9216942277552683, ""text_contacts"": 0.915005707731557}, ""seasonal_reference"": {""call_contacts"": {""n"": 3, ""periods"": [""2022-11-01"", ""2023-11-01"", ""2024-11-01""], ""value"": 14.25733183055461}, ""text_contacts"": {""n"": 3, ""periods"": [""2022-11-01"", ""2023-11-01"", ""2024-11-01""], ""value"": 5.276007112014224}}}"
1123077,2025-12-01,20s,a2_activity_level_v1_22b454887888,"{""adm_cd"": ""1123077"", ""adm_nm"": ""압구정동"", ""age_band"": ""20s"", ""date"": ""2025-12-01"", ""interpretation"": ""retrospective_descriptive_not_risk"", ""quality"": {""call_contacts"": ""ready"", ""text_contacts"": ""ready""}, ""raw"": {""call_contacts"": 7.823329322101884, ""text_contacts"": 3.499763337344565}, ""seasonal_index"": {""call_contacts"": 0.8036341406636882, ""text_contacts"": 0.7936190906209676}, ""seasonal_reference"": {""call_contacts"": {""n"": 3, ""periods"": [""2022-12-01"", ""2023-12-01"", ""2024-12-01""], ""value"": 9.734938980617374}, ""text_contacts"": {""n"": 3, ""periods"": [""2022-12-01"", ""2023-12-01"", ""2024-12-01""], ""value"": 4.409877961234745}}}"
1123077,2025-12-01,30s,a2_activity_level_v1_22b454887888,"{""adm_cd"": ""1123077"", ""adm_nm"": ""압구정동"", ""age_band"": ""30s"", ""date"": ""2025-12-01"", ""interpretation"": ""retrospective_descriptive_not_risk"", ""quality"": {""call_contacts"": ""ready"", ""text_contacts"": ""ready""}, ""raw"": {""call_contacts"": 13.593200382897257, ""text_contacts"": 5.63862795149968}, ""seasonal_index"": {""call_contacts"": 0.8916953904807461, ""text_contacts"": 0.8807853395679178}, ""seasonal_reference"": {""call_contacts"": {""n"": 3, ""periods"": [""2022-12-01"", ""2023-12-01"", ""2024-12-01""], ""value"": 15.244219638242896}, ""text_contacts"": {""n"": 3, ""periods"": [""2022-12-01"", ""2023-12-01"", ""2024-12-01""], ""value"": 6.40181857961645}}}"
1123077,2025-12-01,40s,a2_activity_level_v1_22b454887888,"{""adm_cd"": ""1123077"", ""adm_nm"": ""압구정동"", ""age_band"": ""40s"", ""date"": ""2025-12-01"", ""interpretation"": ""retrospective_descriptive_not_risk"", ""quality"": {""call_contacts"": ""ready"", ""text_contacts"": ""ready""}, ""raw"": {""call_contacts"": 17.286379635449403, ""text_contacts"": 6.620106851037084}, ""seasonal_index"": {""call_contacts"": 0.9405509704561386, ""text_contacts"": 0.8829979494407477}, ""seasonal_reference"": {""call_contacts"": {""n"": 3, ""periods"": [""2022-12-01"", ""2023-12-01"", ""2024-12-01""], ""value"": 18.378992929076492}, ""text_contacts"": {""n"": 3, ""periods"": [""2022-12-01"", ""2023-12-01"", ""2024-12-01""], ""value"": 7.49730716275159}}}"
1123077,2025-12-01,50s,a2_activity_level_v1_22b454887888,"{""adm_cd"": ""1123077"", ""adm_nm"": ""압구정동"", ""age_band"": ""50s"", ""date"": ""2025-12-01"", ""interpretation"": ""retrospective_descriptive_not_risk"", ""quality"": {""call_contacts"": ""ready"", ""text_contacts"": ""ready""}, ""raw"": {""call_contacts"": 15.80495409015025, ""text_contacts"": 6.032433222036729}, ""seasonal_index"": {""call_contacts"": 0.9222046700062941, ""text_contacts"": 0.8806193417458413}, ""seasonal_reference"": {""call_contacts"": {""n"": 3, ""periods"": [""2022-12-01"", ""2023-12-01"", ""2024-12-01""], ""value"": 17.138228209191762}, ""text_contacts"": {""n"": 3, ""periods"": [""2022-12-01"", ""2023-12-01"", ""2024-12-01""], ""value"": 6.850216587427364}}}"
1123077,2025-12-01,60plus,a2_activity_level_v1_22b454887888,"{""adm_cd"": ""1123077"", ""adm_nm"": ""압구정동"", ""age_band"": ""60plus"", ""date"": ""2025-12-01"", ""interpretation"": ""retrospective_descriptive_not_risk"", ""quality"": {""call_contacts"": ""ready"", ""text_contacts"": ""ready""}, ""raw"": {""call_contacts"": 13.085026315789474, ""text_contacts"": 4.650150717703348}, ""seasonal_index"": {""call_contacts"": 0.9310110900294463, ""text_contacts"": 0.8919340431687953}, ""seasonal_reference"": {""call_contacts"": {""n"": 3, ""periods"": [""2022-12-01"", ""2023-12-01"", ""2024-12-01""], ""value"": 14.05464065457654}, ""text_contacts"": {""n"": 3, ""periods"": [""2022-12-01"", ""2023-12-01"", ""2024-12-01""], ""value"": 5.213558954631496}}}"
1123078,2025-07-01,20s,a2_activity_level_v1_22b454887888,"{""adm_cd"": ""1123078"", ""adm_nm"": ""청담동"", ""age_band"": ""20s"", ""date"": ""2025-07-01"", ""interpretation"": ""retrospective_descriptive_not_risk"", ""quality"": {""call_contacts"": ""ready"", ""text_contacts"": ""ready""}, ""raw"": {""call_contacts"": 9.095252953650409, ""text_contacts"": 4.038070281732809}, ""seasonal_index"": {""call_contacts"": 0.868433402059821, ""text_contacts"": 0.9030026511209016}, ""seasonal_reference"": {""call_contacts"": {""n"": 3, ""periods"": [""2022-07-01"", ""2023-07-01"", ""2024-07-01""], ""value"": 10.473172648676972}, ""text_contacts"": {""n"": 3, ""periods"": [""2022-07-01"", ""2023-07-01"", ""2024-07-01""], ""value"": 4.471825499870164}}}"
1123078,2025-07-01,30s,a2_activity_level_v1_22b454887888,"{""adm_cd"": ""1123078"", ""adm_nm"": ""청담동"", ""age_band"": ""30s"", ""date"": ""2025-07-01"", ""interpretation"": ""retrospective_descriptive_not_risk"", ""quality"": {""call_contacts"": ""ready"", ""text_contacts"": ""ready""}, ""raw"": {""call_contacts"": 15.104264069264069, ""text_contacts"": 6.395827320827321}, ""seasonal_index"": {""call_contacts"": 0.9054593726412312, ""text_contacts"": 0.9488889148736978}, ""seasonal_reference"": {""call_contacts"": {""n"": 3, ""periods"": [""2022-07-01"", ""2023-07-01"", ""2024-07-01""], ""value"": 16.68132720875684}, ""text_contacts"": {""n"": 3, ""periods"": [""2022-07-01"", ""2023-07-01"", ""2024-07-01""], ""value"": 6.740333057509308}}}"
1123078,2025-07-01,40s,a2_activity_level_v1_22b454887888,"{""adm_cd"": ""1123078"", ""adm_nm"": ""청담동"", ""age_band"": ""40s"", ""date"": ""2025-07-01"", ""interpretation"": ""retrospective_descriptive_not_risk"", ""quality"": {""call_contacts"": ""ready"", ""text_contacts"": ""ready""}, ""raw"": {""call_contacts"": 18.003443379481716, ""text_contacts"": 7.32029463968761}, ""seasonal_index"": {""call_contacts"": 0.9223994461426679, ""text_contacts"": 0.9895934767677543}, ""seasonal_reference"": {""call_contacts"": {""n"": 3, ""periods"": [""2022-07-01"", ""2023-07-01"", ""2024-07-01""], ""value"": 19.5180552793796}, ""text_contacts"": {""n"": 3, ""periods"": [""2022-07-01"", ""2023-07-01"", ""2024-07-01""], ""value"": 7.39727454913852}}}"
1123078,2025-07-01,50s,a2_activity_level_v1_22b454887888,"{""adm_cd"": ""1123078"", ""adm_nm"": ""청담동"", ""age_band"": ""50s"", ""date"": ""2025-07-01"", ""interpretation"": ""retrospective_descriptive_not_risk"", ""quality"": {""call_contacts"": ""ready"", ""text_contacts"": ""ready""}, ""raw"": {""call_contacts"": 17.137202194357368, ""text_contacts"": 6.52730407523511}, ""seasonal_index"": {""call_contacts"": 0.9143563826691252, ""text_contacts"": 0.9537931830252789}, ""seasonal_reference"": {""call_contacts"": {""n"": 3, ""periods"": [""2022-07-01"", ""2023-07-01"", ""2024-07-01""], ""value"": 18.742366236162365}, ""text_contacts"": {""n"": 3, ""periods"": [""2022-07-01"", ""2023-07-01"", ""2024-07-01""], ""value"": 6.843521416803954}}}"
1123078,2025-07-01,60plus,a2_activity_level_v1_22b454887888,"{""adm_cd"": ""1123078"", ""adm_nm"": ""청담동"", ""age_band"": ""60plus"", ""date"": ""2025-07-01"", ""interpretation"": ""retrospective_descriptive_not_risk"", ""quality"": {""call_contacts"": ""ready"", ""text_contacts"": ""ready""}, ""raw"": {""call_contacts"": 14.04358960176991, ""text_contacts"": 4.807939712389382}, ""seasonal_index"": {""call_contacts"": 0.943528992174798, ""text_contacts"": 0.9676081990653538}, ""seasonal_reference"": {""call_contacts"": {""n"": 3, ""periods"": [""2022-07-01"", ""2023-07-01"", ""2024-07-01""], ""value"": 14.884110311650282}, ""text_contacts"": {""n"": 3, ""periods"": [""2022-07-01"", ""2023-07-01"", ""2024-07-01""], ""value"": 4.968891041884037}}}"
1123078,2025-08-01,20s,a2_activity_level_v1_22b454887888,"{""adm_cd"": ""1123078"", ""adm_nm"": ""청담동"", ""age_band"": ""20s"", ""date"": ""2025-08-01"", ""interpretation"": ""retrospective_descriptive_not_risk"", ""quality"": {""call_contacts"": ""ready"", ""text_contacts"": ""ready""}, ""raw"": {""call_contacts"": 8.897052408361104, ""text_contacts"": 3.998776128445925}, ""seasonal_index"": {""call_contacts"": 0.8694027065477163, ""text_contacts"": 0.9160468369869974}, ""seasonal_reference"": {""call_contacts"": {""n"": 3, ""periods"": [""2022-08-01"", ""2023-08-01"", ""2024-08-01""], ""value"": 10.233522786799373}, ""text_contacts"": {""n"": 3, ""periods"": [""2022-08-01"", ""2023-08-01"", ""2024-08-01""], ""value"": 4.365252918287937}}}"
1123078,2025-08-01,30s,a2_activity_level_v1_22b454887888,"{""adm_cd"": ""1123078"", ""adm_nm"": ""청담동"", ""age_band"": ""30s"", ""date"": ""2025-08-01"", ""interpretation"": ""retrospective_descriptive_not_risk"", ""quality"": {""call_contacts"": ""ready"", ""text_contacts"": ""ready""}, ""raw"": {""call_contacts"": 14.736469879518072, ""text_contacts"": 6.271906024096386}, ""seasonal_index"": {""call_contacts"": 0.8953376526478165, ""text_contacts"": 0.943792894489312}, ""seasonal_reference"": {""call_contacts"": {""n"": 3, ""periods"": [""2022-08-01"", ""2023-08-01"", ""2024-08-01""], ""value"": 16.459120015714007}, ""text_contacts"": {""n"": 3, ""periods"": [""2022-08-01"", ""2023-08-01"", ""2024-08-01""], ""value"": 6.645426195426196}}}"
1123078,2025-08-01,40s,a2_activity_level_v1_22b454887888,"{""adm_cd"": ""1123078"", ""adm_nm"": ""청담동"", ""age_band"": ""40s"", ""date"": ""2025-08-01"", ""interpretation"": ""retrospective_descriptive_not_risk"", ""quality"": {""call_contacts"": ""ready"", ""text_contacts"": ""ready""}, ""raw"": {""call_contacts"": 17.625779883381924, ""text_contacts"": 7.194365889212826}, ""seasonal_index"": {""call_contacts"": 0.9175844976943627, ""text_contacts"": 0.9898843755100548}, ""seasonal_reference"": {""call_contacts"": {""n"": 3, ""periods"": [""2022-08-01"", ""2023-08-01"", ""2024-08-01""], ""value"": 19.208890219560878}, ""text_contacts"": {""n"": 3, ""periods"": [""2022-08-01"", ""2023-08-01"", ""2024-08-01""], ""value"": 7.267885085574572}}}"
1123078,2025-08-01,50s,a2_activity_level_v1_22b454887888,"{""adm_cd"": ""1123078"", ""adm_nm"": ""청담동"", ""age_band"": ""50s"", ""date"": ""2025-08-01"", ""interpretation"": ""retrospective_descriptive_not_risk"", ""quality"": {""call_contacts"": ""ready"", ""text_contacts"": ""ready""}, ""raw"": {""call_contacts"": 16.792647412755716, ""text_contacts"": 6.44531889290012}, ""seasonal_index"": {""call_contacts"": 0.9193876614664368, ""text_contacts"": 0.970321297228234}, ""seasonal_reference"": {""call_contacts"": {""n"": 3, ""periods"": [""2022-08-01"", ""2023-08-01"", ""2024-08-01""], ""value"": 18.26503456221198}, ""text_contacts"": {""n"": 3, ""periods"": [""2022-08-01"", ""2023-08-01"", ""2024-08-01""], ""value"": 6.642458442694663}}}"
1123078,2025-08-01,60plus,a2_activity_level_v1_22b454887888,"{""adm_cd"": ""1123078"", ""adm_nm"": ""청담동"", ""age_band"": ""60plus"", ""date"": ""2025-08-01"", ""interpretation"": ""retrospective_descriptive_not_risk"", ""quality"": {""call_contacts"": ""ready"", ""text_contacts"": ""ready""}, ""raw"": {""call_contacts"": 13.606988732394365, ""text_contacts"": 4.743402816901408}, ""seasonal_index"": {""call_contacts"": 0.935445396149757, ""text_contacts"": 0.9757966372375119}, ""seasonal_reference"": {""call_contacts"": {""n"": 3, ""periods"": [""2022-08-01"", ""2023-08-01"", ""2024-08-01""], ""value"": 14.546}, ""text_contacts"": {""n"": 3, ""periods"": [""2022-08-01"", ""2023-08-01"", ""2024-08-01""], ""value"": 4.861056736504053}}}"
1123078,2025-09-01,20s,a2_activity_level_v1_22b454887888,"{""adm_cd"": ""1123078"", ""adm_nm"": ""청담동"", ""age_band"": ""20s"", ""date"": ""2025-09-01"", ""interpretation"": ""retrospective_descriptive_not_risk"", ""quality"": {""call_contacts"": ""ready"", ""text_contacts"": ""ready""}, ""raw"": {""call_contacts"": 9.104889427446228, ""text_contacts"": 4.095580127234171}, ""seasonal_index"": {""call_contacts"": 0.8792408028479605, ""text_contacts"": 0.9297513230262444}, ""seasonal_reference"": {""call_contacts"": {""n"": 3, ""periods"": [""2022-09-01"", ""2023-09-01"", ""2024-09-01""], ""value"": 10.35539911018058}, ""text_contacts"": {""n"": 3, ""periods"": [""2022-09-01"", ""2023-09-01"", ""2024-09-01""], ""value"": 4.405027479717352}}}"
1123078,2025-09-01,30s,a2_activity_level_v1_22b454887888,"{""adm_cd"": ""1123078"", ""adm_nm"": ""청담동"", ""age_band"": ""30s"", ""date"": ""2025-09-01"", ""interpretation"": ""retrospective_descriptive_not_risk"", ""quality"": {""call_contacts"": ""ready"", ""text_contacts"": ""ready""}, ""raw"": {""call_contacts"": 14.875908982035927, ""text_contacts"": 6.303319760479042}, ""seasonal_index"": {""call_contacts"": 0.9214861869055312, ""text_contacts"": 0.9527565880042809}, ""seasonal_reference"": {""call_contacts"": {""n"": 3, ""periods"": [""2022-09-01"", ""2023-09-01"", ""2024-09-01""], ""value"": 16.143387924230463}, ""text_contacts"": {""n"": 3, ""periods"": [""2022-09-01"", ""2023-09-01"", ""2024-09-01""], ""value"": 6.615876331731773}}}"
1123078,2025-09-01,40s,a2_activity_level_v1_22b454887888,"{""adm_cd"": ""1123078"", ""adm_nm"": ""청담동"", ""age_band"": ""40s"", ""date"": ""2025-09-01"", ""interpretation"": ""retrospective_descriptive_not_risk"", ""quality"": {""call_contacts"": ""ready"", ""text_contacts"": ""ready""}, ""raw"": {""call_contacts"": 17.772226661823467, ""text_contacts"": 7.244972756992372}, ""seasonal_index"": {""call_contacts"": 0.9337903630249895, ""text_contacts"": 0.9816783115453549}, ""seasonal_reference"": {""call_contacts"": {""n"": 3, ""periods"": [""2022-09-01"", ""2023-09-01"", ""2024-09-01""], ""value"": 19.032351762820515}, ""text_contacts"": {""n"": 3, ""periods"": [""2022-09-01"", ""2023-09-01"", ""2024-09-01""], ""value"": 7.380190304487178}}}"
1123078,2025-09-01,50s,a2_activity_level_v1_22b454887888,"{""adm_cd"": ""1123078"", ""adm_nm"": ""청담동"", ""age_band"": ""50s"", ""date"": ""2025-09-01"", ""interpretation"": ""retrospective_descriptive_not_risk"", ""quality"": {""call_contacts"": ""ready"", ""text_contacts"": ""ready""}, ""raw"": {""call_contacts"": 17.12263510848126, ""text_contacts"": 6.516848126232741}, ""seasonal_index"": {""call_contacts"": 0.9438661321889934, ""text_contacts"": 0.9481533369268211}, ""seasonal_reference"": {""call_contacts"": {""n"": 3, ""periods"": [""2022-09-01"", ""2023-09-01"", ""2024-09-01""], ""value"": 18.14095720202485}, ""text_contacts"": {""n"": 3, ""periods"": [""2022-09-01"", ""2023-09-01"", ""2024-09-01""], ""value"": 6.873200644270595}}}"
1123078,2025-09-01,60plus,a2_activity_level_v1_22b454887888,"{""adm_cd"": ""1123078"", ""adm_nm"": ""청담동"", ""age_band"": ""60plus"", ""date"": ""2025-09-01"", ""interpretation"": ""retrospective_descriptive_not_risk"", ""quality"": {""call_contacts"": ""ready"", ""text_contacts"": ""ready""}, ""raw"": {""call_contacts"": 13.835714678394723, ""text_contacts"": 4.845511269928532}, ""seasonal_index"": {""call_contacts"": 0.9372512440796631, ""text_contacts"": 0.9440011507958433}, ""seasonal_reference"": {""call_contacts"": {""n"": 3, ""periods"": [""2022-09-01"", ""2023-09-01"", ""2024-09-01""], ""value"": 14.762012604187843}, ""text_contacts"": {""n"": 3, ""periods"": [""2022-09-01"", ""2023-09-01"", ""2024-09-01""], ""value"": 5.13295059634568}}}"
1123078,2025-10-01,20s,a2_activity_level_v1_22b454887888,"{""adm_cd"": ""1123078"", ""adm_nm"": ""청담동"", ""age_band"": ""20s"", ""date"": ""2025-10-01"", ""interpretation"": ""retrospective_descriptive_not_risk"", ""quality"": {""call_contacts"": ""ready"", ""text_contacts"": ""ready""}, ""raw"": {""call_contacts"": 8.872199333535292, ""text_contacts"": 3.991199636473796}, ""seasonal_index"": {""call_contacts"": 0.8666001083895775, ""text_contacts"": 0.8932798585180269}, ""seasonal_reference"": {""call_contacts"": {""n"": 3, ""periods"": [""2022-10-01"", ""2023-10-01"", ""2024-10-01""], ""value"": 10.237939330543934}, ""text_contacts"": {""n"": 3, ""periods"": [""2022-10-01"", ""2023-10-01"", ""2024-10-01""], ""value"": 4.468028242677825}}}"
1123078,2025-10-01,30s,a2_activity_level_v1_22b454887888,"{""adm_cd"": ""1123078"", ""adm_nm"": ""청담동"", ""age_band"": ""30s"", ""date"": ""2025-10-01"", ""interpretation"": ""retrospective_descriptive_not_risk"", ""quality"": {""call_contacts"": ""ready"", ""text_contacts"": ""ready""}, ""raw"": {""call_contacts"": 14.439776442307693, ""text_contacts"": 6.054444711538461}, ""seasonal_index"": {""call_contacts"": 0.8861144742153604, ""text_contacts"": 0.8995406164752165}, ""seasonal_reference"": {""call_contacts"": {""n"": 3, ""periods"": [""2022-10-01"", ""2023-10-01"", ""2024-10-01""], ""value"": 16.295610626486916}, ""text_contacts"": {""n"": 3, ""periods"": [""2022-10-01"", ""2023-10-01"", ""2024-10-01""], ""value"": 6.730596262859542}}}"
1123078,2025-10-01,40s,a2_activity_level_v1_22b454887888,"{""adm_cd"": ""1123078"", ""adm_nm"": ""청담동"", ""age_band"": ""40s"", ""date"": ""2025-10-01"", ""interpretation"": ""retrospective_descriptive_not_risk"", ""quality"": {""call_contacts"": ""ready"", ""text_contacts"": ""ready""}, ""raw"": {""call_contacts"": 17.399646758922067, ""text_contacts"": 7.037727603787326}, ""seasonal_index"": {""call_contacts"": 0.9279451421253331, ""text_contacts"": 0.9572298008026455}, ""seasonal_reference"": {""call_contacts"": {""n"": 3, ""periods"": [""2022-10-01"", ""2023-10-01"", ""2024-10-01""], ""value"": 18.75072778447929}, ""text_contacts"": {""n"": 3, ""periods"": [""2022-10-01"", ""2023-10-01"", ""2024-10-01""], ""value"": 7.352181887657625}}}"
1123078,2025-10-01,50s,a2_activity_level_v1_22b454887888,"{""adm_cd"": ""1123078"", ""adm_nm"": ""청담동"", ""age_band"": ""50s"", ""date"": ""2025-10-01"", ""interpretation"": ""retrospective_descriptive_not_risk"", ""quality"": {""call_contacts"": ""ready"", ""text_contacts"": ""ready""}, ""raw"": {""call_contacts"": 16.456814090019567, ""text_contacts"": 6.340743639921722}, ""seasonal_index"": {""call_contacts"": 0.9202993954422105, ""text_contacts"": 0.9261257293220897}, ""seasonal_reference"": {""call_contacts"": {""n"": 3, ""periods"": [""2022-10-01"", ""2023-10-01"", ""2024-10-01""], ""value"": 17.88202205882353}, ""text_contacts"": {""n"": 3, ""periods"": [""2022-10-01"", ""2023-10-01"", ""2024-10-01""], ""value"": 6.846525735294118}}}"
1123078,2025-10-01,60plus,a2_activity_level_v1_22b454887888,"{""adm_cd"": ""1123078"", ""adm_nm"": ""청담동"", ""age_band"": ""60plus"", ""date"": ""2025-10-01"", ""interpretation"": ""retrospective_descriptive_not_risk"", ""quality"": {""call_contacts"": ""ready"", ""text_contacts"": ""ready""}, ""raw"": {""call_contacts"": 13.788172588832488, ""text_contacts"": 4.835697626560571}, ""seasonal_index"": {""call_contacts"": 0.9371551754846692, ""text_contacts"": 0.9337939495734048}, ""seasonal_reference"": {""call_contacts"": {""n"": 3, ""periods"": [""2022-10-01"", ""2023-10-01"", ""2024-10-01""], ""value"": 14.712795649558942}, ""text_contacts"": {""n"": 3, ""periods"": [""2022-10-01"", ""2023-10-01"", ""2024-10-01""], ""value"": 5.178548895899053}}}"
1123078,2025-11-01,20s,a2_activity_level_v1_22b454887888,"{""adm_cd"": ""1123078"", ""adm_nm"": ""청담동"", ""age_band"": ""20s"", ""date"": ""2025-11-01"", ""interpretation"": ""retrospective_descriptive_not_risk"", ""quality"": {""call_contacts"": ""ready"", ""text_contacts"": ""ready""}, ""raw"": {""call_contacts"": 8.925262041805514, ""text_contacts"": 3.928109663738261}, ""seasonal_index"": {""call_contacts"": 0.8702219627684703, ""text_contacts"": 0.8727090361298796}, ""seasonal_reference"": {""call_contacts"": {""n"": 3, ""periods"": [""2022-11-01"", ""2023-11-01"", ""2024-11-01""], ""value"": 10.25630519989548}, ""text_contacts"": {""n"": 3, ""periods"": [""2022-11-01"", ""2023-11-01"", ""2024-11-01""], ""value"": 4.501053044159916}}}"
1123078,2025-11-01,30s,a2_activity_level_v1_22b454887888,"{""adm_cd"": ""1123078"", ""adm_nm"": ""청담동"", ""age_band"": ""30s"", ""date"": ""2025-11-01"", ""interpretation"": ""retrospective_descriptive_not_risk"", ""quality"": {""call_contacts"": ""ready"", ""text_contacts"": ""ready""}, ""raw"": {""call_contacts"": 14.610925036040365, ""text_contacts"": 5.941725132148006}, ""seasonal_index"": {""call_contacts"": 0.9021101359945712, ""text_contacts"": 0.877513738956028}, ""seasonal_reference"": {""call_contacts"": {""n"": 3, ""periods"": [""2022-11-01"", ""2023-11-01"", ""2024-11-01""], ""value"": 16.196387173869745}, ""text_contacts"": {""n"": 3, ""periods"": [""2022-11-01"", ""2023-11-01"", ""2024-11-01""], ""value"": 6.771090717299578}}}"
1123078,2025-11-01,40s,a2_activity_level_v1_22b454887888,"{""adm_cd"": ""1123078"", ""adm_nm"": ""청담동"", ""age_band"": ""40s"", ""date"": ""2025-11-01"", ""interpretation"": ""retrospective_descriptive_not_risk"", ""quality"": {""call_contacts"": ""ready"", ""text_contacts"": ""ready""}, ""raw"": {""call_contacts"": 17.547025204117855, ""text_contacts"": 6.870827121050764}, ""seasonal_index"": {""call_contacts"": 0.9378783847835238, ""text_contacts"": 0.9250891478014507}, ""seasonal_reference"": {""call_contacts"": {""n"": 3, ""periods"": [""2022-11-01"", ""2023-11-01"", ""2024-11-01""], ""value"": 18.70927562550444}, ""text_contacts"": {""n"": 3, ""periods"": [""2022-11-01"", ""2023-11-01"", ""2024-11-01""], ""value"": 7.427205407586762}}}"
1123078,2025-11-01,50s,a2_activity_level_v1_22b454887888,"{""adm_cd"": ""1123078"", ""adm_nm"": ""청담동"", ""age_band"": ""50s"", ""date"": ""2025-11-01"", ""interpretation"": ""retrospective_descriptive_not_risk"", ""quality"": {""call_contacts"": ""ready"", ""text_contacts"": ""ready""}, ""raw"": {""call_contacts"": 16.696132723112125, ""text_contacts"": 6.240823798627003}, ""seasonal_index"": {""call_contacts"": 0.9269372174827991, ""text_contacts"": 0.895931265777475}, ""seasonal_reference"": {""call_contacts"": {""n"": 3, ""periods"": [""2022-11-01"", ""2023-11-01"", ""2024-11-01""], ""value"": 18.012150562313515}, ""text_contacts"": {""n"": 3, ""periods"": [""2022-11-01"", ""2023-11-01"", ""2024-11-01""], ""value"": 6.965739490307122}}}"
1123078,2025-11-01,60plus,a2_activity_level_v1_22b454887888,"{""adm_cd"": ""1123078"", ""adm_nm"": ""청담동"", ""age_band"": ""60plus"", ""date"": ""2025-11-01"", ""interpretation"": ""retrospective_descriptive_not_risk"", ""quality"": {""call_contacts"": ""ready"", ""text_contacts"": ""ready""}, ""raw"": {""call_contacts"": 13.88601708489055, ""text_contacts"": 4.778627869727709}, ""seasonal_index"": {""call_contacts"": 0.9376151595468197, ""text_contacts"": 0.9114636889380862}, ""seasonal_reference"": {""call_contacts"": {""n"": 3, ""periods"": [""2022-11-01"", ""2023-11-01"", ""2024-11-01""], ""value"": 14.809932351778654}, ""text_contacts"": {""n"": 3, ""periods"": [""2022-11-01"", ""2023-11-01"", ""2024-11-01""], ""value"": 5.242806628199438}}}"
1123078,2025-12-01,20s,a2_activity_level_v1_22b454887888,"{""adm_cd"": ""1123078"", ""adm_nm"": ""청담동"", ""age_band"": ""20s"", ""date"": ""2025-12-01"", ""interpretation"": ""retrospective_descriptive_not_risk"", ""quality"": {""call_contacts"": ""ready"", ""text_contacts"": ""ready""}, ""raw"": {""call_contacts"": 8.906755528627688, ""text_contacts"": 3.788903362617389}, ""seasonal_index"": {""call_contacts"": 0.8768672968811768, ""text_contacts"": 0.8448943542218575}, ""seasonal_reference"": {""call_contacts"": {""n"": 3, ""periods"": [""2022-12-01"", ""2023-12-01"", ""2024-12-01""], ""value"": 10.157472584856396}, ""text_contacts"": {""n"": 3, ""periods"": [""2022-12-01"", ""2023-12-01"", ""2024-12-01""], ""value"": 4.48446997389034}}}"
1123078,2025-12-01,30s,a2_activity_level_v1_22b454887888,"{""adm_cd"": ""1123078"", ""adm_nm"": ""청담동"", ""age_band"": ""30s"", ""date"": ""2025-12-01"", ""interpretation"": ""retrospective_descriptive_not_risk"", ""quality"": {""call_contacts"": ""ready"", ""text_contacts"": ""ready""}, ""raw"": {""call_contacts"": 14.681346880907371, ""text_contacts"": 5.755890831758034}, ""seasonal_index"": {""call_contacts"": 0.890620497455635, ""text_contacts"": 0.8366018543721139}, ""seasonal_reference"": {""call_contacts"": {""n"": 3, ""periods"": [""2022-12-01"", ""2023-12-01"", ""2024-12-01""], ""value"": 16.48440264158495}, ""text_contacts"": {""n"": 3, ""periods"": [""2022-12-01"", ""2023-12-01"", ""2024-12-01""], ""value"": 6.88008375988832}}}"
1123078,2025-12-01,40s,a2_activity_level_v1_22b454887888,"{""adm_cd"": ""1123078"", ""adm_nm"": ""청담동"", ""age_band"": ""40s"", ""date"": ""2025-12-01"", ""interpretation"": ""retrospective_descriptive_not_risk"", ""quality"": {""call_contacts"": ""ready"", ""text_contacts"": ""ready""}, ""raw"": {""call_contacts"": 17.608360309641096, ""text_contacts"": 6.562878254750176}, ""seasonal_index"": {""call_contacts"": 0.9347680176659453, ""text_contacts"": 0.8714668129261431}, ""seasonal_reference"": {""call_contacts"": {""n"": 3, ""periods"": [""2022-12-01"", ""2023-12-01"", ""2024-12-01""], ""value"": 18.837144592952615}, ""text_contacts"": {""n"": 3, ""periods"": [""2022-12-01"", ""2023-12-01"", ""2024-12-01""], ""value"": 7.530841286673736}}}"
1123078,2025-12-01,50s,a2_activity_level_v1_22b454887888,"{""adm_cd"": ""1123078"", ""adm_nm"": ""청담동"", ""age_band"": ""50s"", ""date"": ""2025-12-01"", ""interpretation"": ""retrospective_descriptive_not_risk"", ""quality"": {""call_contacts"": ""ready"", ""text_contacts"": ""ready""}, ""raw"": {""call_contacts"": 16.88985063480209, ""text_contacts"": 5.988103061986557}, ""seasonal_index"": {""call_contacts"": 0.9398566375342292, ""text_contacts"": 0.866160670090033}, ""seasonal_reference"": {""call_contacts"": {""n"": 3, ""periods"": [""2022-12-01"", ""2023-12-01"", ""2024-12-01""], ""value"": 17.970666972266788}, ""text_contacts"": {""n"": 3, ""periods"": [""2022-12-01"", ""2023-12-01"", ""2024-12-01""], ""value"": 6.913386013433425}}}"
1123078,2025-12-01,60plus,a2_activity_level_v1_22b454887888,"{""adm_cd"": ""1123078"", ""adm_nm"": ""청담동"", ""age_band"": ""60plus"", ""date"": ""2025-12-01"", ""interpretation"": ""retrospective_descriptive_not_risk"", ""quality"": {""call_contacts"": ""ready"", ""text_contacts"": ""ready""}, ""raw"": {""call_contacts"": 14.084208050182957, ""text_contacts"": 4.631432305279666}, ""seasonal_index"": {""call_contacts"": 0.9675033857258095, ""text_contacts"": 0.8924585619272322}, ""seasonal_reference"": {""call_contacts"": {""n"": 3, ""periods"": [""2022-12-01"", ""2023-12-01"", ""2024-12-01""], ""value"": 14.557270039543223}, ""text_contacts"": {""n"": 3, ""periods"": [""2022-12-01"", ""2023-12-01"", ""2024-12-01""], ""value"": 5.189520839240148}}}"
1123079,2025-07-01,20s,a2_activity_level_v1_22b454887888,"{""adm_cd"": ""1123079"", ""adm_nm"": ""대치2동"", ""age_band"": ""20s"", ""date"": ""2025-07-01"", ""interpretation"": ""retrospective_descriptive_not_risk"", ""quality"": {""call_contacts"": ""ready"", ""text_contacts"": ""ready""}, ""raw"": {""call_contacts"": 6.179347728295096, ""text_contacts"": 3.398774179037337}, ""seasonal_index"": {""call_contacts"": 0.8751656644666174, ""text_contacts"": 0.9135167329749698}, ""seasonal_reference"": {""call_contacts"": {""n"": 3, ""periods"": [""2022-07-01"", ""2023-07-01"", ""2024-07-01""], ""value"": 7.060774867191792}, ""text_contacts"": {""n"": 3, ""periods"": [""2022-07-01"", ""2023-07-01"", ""2024-07-01""], ""value"": 3.720538503951479}}}"
1123079,2025-07-01,30s,a2_activity_level_v1_22b454887888,"{""adm_cd"": ""1123079"", ""adm_nm"": ""대치2동"", ""age_band"": ""30s"", ""date"": ""2025-07-01"", ""interpretation"": ""retrospective_descriptive_not_risk"", ""quality"": {""call_contacts"": ""ready"", ""text_contacts"": ""ready""}, ""raw"": {""call_contacts"": 11.662830545913538, ""text_contacts"": 5.543127169454086}, ""seasonal_index"": {""call_contacts"": 0.8762693866722242, ""text_contacts"": 0.9438961393222016}, ""seasonal_reference"": {""call_contacts"": {""n"": 3, ""periods"": [""2022-07-01"", ""2023-07-01"", ""2024-07-01""], ""value"": 13.309640532125671}, ""text_contacts"": {""n"": 3, ""periods"": [""2022-07-01"", ""2023-07-01"", ""2024-07-01""], ""value"": 5.872602862254025}}}"
1123079,2025-07-01,40s,a2_activity_level_v1_22b454887888,"{""adm_cd"": ""1123079"", ""adm_nm"": ""대치2동"", ""age_band"": ""40s"", ""date"": ""2025-07-01"", ""interpretation"": ""retrospective_descriptive_not_risk"", ""quality"": {""call_contacts"": ""ready"", ""text_contacts"": ""ready""}, ""raw"": {""call_contacts"": 17.2429433681073, ""text_contacts"": 7.386860407352211}, ""seasonal_index"": {""call_contacts"": 0.9118283833921507, ""text_contacts"": 0.9759693611073892}, ""seasonal_reference"": {""call_contacts"": {""n"": 3, ""periods"": [""2022-07-01"", ""2023-07-01"", ""2024-07-01""], ""value"": 18.910294614827336}, ""text_contacts"": {""n"": 3, ""periods"": [""2022-07-01"", ""2023-07-01"", ""2024-07-01""], ""value"": 7.568742116013425}}}"
1123079,2025-07-01,50s,a2_activity_level_v1_22b454887888,"{""adm_cd"": ""1123079"", ""adm_nm"": ""대치2동"", ""age_band"": ""50s"", ""date"": ""2025-07-01"", ""interpretation"": ""retrospective_descriptive_not_risk"", ""quality"": {""call_contacts"": ""ready"", ""text_contacts"": ""ready""}, ""raw"": {""call_contacts"": 16.856794734013967, ""text_contacts"": 6.570228371843095}, ""seasonal_index"": {""call_contacts"": 0.9353111091143753, ""text_contacts"": 0.9596723799034597}, ""seasonal_reference"": {""call_contacts"": {""n"": 3, ""periods"": [""2022-07-01"", ""2023-07-01"", ""2024-07-01""], ""value"": 18.02266066311912}, ""text_contacts"": {""n"": 3, ""periods"": [""2022-07-01"", ""2023-07-01"", ""2024-07-01""], ""value"": 6.846324338837428}}}"
1123079,2025-07-01,60plus,a2_activity_level_v1_22b454887888,"{""adm_cd"": ""1123079"", ""adm_nm"": ""대치2동"", ""age_band"": ""60plus"", ""date"": ""2025-07-01"", ""interpretation"": ""retrospective_descriptive_not_risk"", ""quality"": {""call_contacts"": ""ready"", ""text_contacts"": ""ready""}, ""raw"": {""call_contacts"": 13.03359203529811, ""text_contacts"": 4.608595995022061}, ""seasonal_index"": {""call_contacts"": 0.9032077927743104, ""text_contacts"": 0.9464460821016337}, ""seasonal_reference"": {""call_contacts"": {""n"": 3, ""periods"": [""2022-07-01"", ""2023-07-01"", ""2024-07-01""], ""value"": 14.430336119293079}, ""text_contacts"": {""n"": 3, ""periods"": [""2022-07-01"", ""2023-07-01"", ""2024-07-01""], ""value"": 4.869369826951399}}}"
1123079,2025-08-01,20s,a2_activity_level_v1_22b454887888,"{""adm_cd"": ""1123079"", ""adm_nm"": ""대치2동"", ""age_band"": ""20s"", ""date"": ""2025-08-01"", ""interpretation"": ""retrospective_descriptive_not_risk"", ""quality"": {""call_contacts"": ""ready"", ""text_contacts"": ""ready""}, ""raw"": {""call_contacts"": 5.927941970310392, ""text_contacts"": 3.402271704903284}, ""seasonal_index"": {""call_contacts"": 0.856990384483257, ""text_contacts"": 0.9210586224085392}, ""seasonal_reference"": {""call_contacts"": {""n"": 3, ""periods"": [""2022-08-01"", ""2023-08-01"", ""2024-08-01""], ""value"": 6.91716275659824}, ""text_contacts"": {""n"": 3, ""periods"": [""2022-08-01"", ""2023-08-01"", ""2024-08-01""], ""value"": 3.693870967741935}}}"
1123079,2025-08-01,30s,a2_activity_level_v1_22b454887888,"{""adm_cd"": ""1123079"", ""adm_nm"": ""대치2동"", ""age_band"": ""30s"", ""date"": ""2025-08-01"", ""interpretation"": ""retrospective_descriptive_not_risk"", ""quality"": {""call_contacts"": ""ready"", ""text_contacts"": ""ready""}, ""raw"": {""call_contacts"": 11.345752128666037, ""text_contacts"": 5.481362346263007}, ""seasonal_index"": {""call_contacts"": 0.8673175425154251, ""text_contacts"": 0.9657009915720893}, ""seasonal_reference"": {""call_contacts"": {""n"": 3, ""periods"": [""2022-08-01"", ""2023-08-01"", ""2024-08-01""], ""value"": 13.081428165007113}, ""text_contacts"": {""n"": 3, ""periods"": [""2022-08-01"", ""2023-08-01"", ""2024-08-01""], ""value"": 5.676045063741476}}}"
1123079,2025-08-01,40s,a2_activity_level_v1_22b454887888,"{""adm_cd"": ""1123079"", ""adm_nm"": ""대치2동"", ""age_band"": ""40s"", ""date"": ""2025-08-01"", ""interpretation"": ""retrospective_descriptive_not_risk"", ""quality"": {""call_contacts"": ""ready"", ""text_contacts"": ""ready""}, ""raw"": {""call_contacts"": 16.943306312945225, ""text_contacts"": 7.306728076639647}, ""seasonal_index"": {""call_contacts"": 0.8987996161249862, ""text_contacts"": 0.989545654227019}, ""seasonal_reference"": {""call_contacts"": {""n"": 3, ""periods"": [""2022-08-01"", ""2023-08-01"", ""2024-08-01""], ""value"": 18.851038661980365}, ""text_contacts"": {""n"": 3, ""periods"": [""2022-08-01"", ""2023-08-01"", ""2024-08-01""], ""value"": 7.383922151977191}}}"
1123079,2025-08-01,50s,a2_activity_level_v1_22b454887888,"{""adm_cd"": ""1123079"", ""adm_nm"": ""대치2동"", ""age_band"": ""50s"", ""date"": ""2025-08-01"", ""interpretation"": ""retrospective_descriptive_not_risk"", ""quality"": {""call_contacts"": ""ready"", ""text_contacts"": ""ready""}, ""raw"": {""call_contacts"": 16.614719525350594, ""text_contacts"": 6.485312837108954}, ""seasonal_index"": {""call_contacts"": 0.9297907532374274, ""text_contacts"": 0.9632271476474373}, ""seasonal_reference"": {""call_contacts"": {""n"": 3, ""periods"": [""2022-08-01"", ""2023-08-01"", ""2024-08-01""], ""value"": 17.869310344827586}, ""text_contacts"": {""n"": 3, ""periods"": [""2022-08-01"", ""2023-08-01"", ""2024-08-01""], ""value"": 6.732900804289544}}}"
1123079,2025-08-01,60plus,a2_activity_level_v1_22b454887888,"{""adm_cd"": ""1123079"", ""adm_nm"": ""대치2동"", ""age_band"": ""60plus"", ""date"": ""2025-08-01"", ""interpretation"": ""retrospective_descriptive_not_risk"", ""quality"": {""call_contacts"": ""ready"", ""text_contacts"": ""ready""}, ""raw"": {""call_contacts"": 12.578021481062747, ""text_contacts"": 4.505228942905596}, ""seasonal_index"": {""call_contacts"": 0.8893999493741092, ""text_contacts"": 0.9285249445048803}, ""seasonal_reference"": {""call_contacts"": {""n"": 3, ""periods"": [""2022-08-01"", ""2023-08-01"", ""2024-08-01""], ""value"": 14.142143239286424}, ""text_contacts"": {""n"": 3, ""periods"": [""2022-08-01"", ""2023-08-01"", ""2024-08-01""], ""value"": 4.852027906808611}}}"
1123079,2025-09-01,20s,a2_activity_level_v1_22b454887888,"{""adm_cd"": ""1123079"", ""adm_nm"": ""대치2동"", ""age_band"": ""20s"", ""date"": ""2025-09-01"", ""interpretation"": ""retrospective_descriptive_not_risk"", ""quality"": {""call_contacts"": ""ready"", ""text_contacts"": ""ready""}, ""raw"": {""call_contacts"": 5.857658569500675, ""text_contacts"": 3.404111560953666}, ""seasonal_index"": {""call_contacts"": 0.8539294535483738, ""text_contacts"": 0.9176219385512058}, ""seasonal_reference"": {""call_contacts"": {""n"": 3, ""periods"": [""2022-09-01"", ""2023-09-01"", ""2024-09-01""], ""value"": 6.85965163182985}, ""text_contacts"": {""n"": 3, ""periods"": [""2022-09-01"", ""2023-09-01"", ""2024-09-01""], ""value"": 3.70971030436377}}}"
1123079,2025-09-01,30s,a2_activity_level_v1_22b454887888,"{""adm_cd"": ""1123079"", ""adm_nm"": ""대치2동"", ""age_band"": ""30s"", ""date"": ""2025-09-01"", ""interpretation"": ""retrospective_descriptive_not_risk"", ""quality"": {""call_contacts"": ""ready"", ""text_contacts"": ""ready""}, ""raw"": {""call_contacts"": 11.612495297805642, ""text_contacts"": 5.530376175548588}, ""seasonal_index"": {""call_contacts"": 0.8904942258184441, ""text_contacts"": 0.9661046792129053}, ""seasonal_reference"": {""call_contacts"": {""n"": 3, ""periods"": [""2022-09-01"", ""2023-09-01"", ""2024-09-01""], ""value"": 13.040506003430531}, ""text_contacts"": {""n"": 3, ""periods"": [""2022-09-01"", ""2023-09-01"", ""2024-09-01""], ""value"": 5.724406779661018}}}"
1123079,2025-09-01,40s,a2_activity_level_v1_22b454887888,"{""adm_cd"": ""1123079"", ""adm_nm"": ""대치2동"", ""age_band"": ""40s"", ""date"": ""2025-09-01"", ""interpretation"": ""retrospective_descriptive_not_risk"", ""quality"": {""call_contacts"": ""ready"", ""text_contacts"": ""ready""}, ""raw"": {""call_contacts"": 17.122059833251594, ""text_contacts"": 7.323197645904855}, ""seasonal_index"": {""call_contacts"": 0.9196486679734783, ""text_contacts"": 0.9800409315752031}, ""seasonal_reference"": {""call_contacts"": {""n"": 3, ""periods"": [""2022-09-01"", ""2023-09-01"", ""2024-09-01""], ""value"": 18.61804450930317}, ""text_contacts"": {""n"": 3, ""periods"": [""2022-09-01"", ""2023-09-01"", ""2024-09-01""], ""value"": 7.472338562568407}}}"
1123079,2025-09-01,50s,a2_activity_level_v1_22b454887888,"{""adm_cd"": ""1123079"", ""adm_nm"": ""대치2동"", ""age_band"": ""50s"", ""date"": ""2025-09-01"", ""interpretation"": ""retrospective_descriptive_not_risk"", ""quality"": {""call_contacts"": ""ready"", ""text_contacts"": ""ready""}, ""raw"": {""call_contacts"": 16.974093630919977, ""text_contacts"": 6.593995645073489}, ""seasonal_index"": {""call_contacts"": 0.956927488708496, ""text_contacts"": 0.9652169787902349}, ""seasonal_reference"": {""call_contacts"": {""n"": 3, ""periods"": [""2022-09-01"", ""2023-09-01"", ""2024-09-01""], ""value"": 17.738118960119778}, ""text_contacts"": {""n"": 3, ""periods"": [""2022-09-01"", ""2023-09-01"", ""2024-09-01""], ""value"": 6.831620029455081}}}"
1123079,2025-09-01,60plus,a2_activity_level_v1_22b454887888,"{""adm_cd"": ""1123079"", ""adm_nm"": ""대치2동"", ""age_band"": ""60plus"", ""date"": ""2025-09-01"", ""interpretation"": ""retrospective_descriptive_not_risk"", ""quality"": {""call_contacts"": ""ready"", ""text_contacts"": ""ready""}, ""raw"": {""call_contacts"": 12.902969676625265, ""text_contacts"": 4.619072395658499}, ""seasonal_index"": {""call_contacts"": 0.916932502536282, ""text_contacts"": 0.9179675387836825}, ""seasonal_reference"": {""call_contacts"": {""n"": 3, ""periods"": [""2022-09-01"", ""2023-09-01"", ""2024-09-01""], ""value"": 14.071886034070113}, ""text_contacts"": {""n"": 3, ""periods"": [""2022-09-01"", ""2023-09-01"", ""2024-09-01""], ""value"": 5.031847206469656}}}"
1123079,2025-10-01,20s,a2_activity_level_v1_22b454887888,"{""adm_cd"": ""1123079"", ""adm_nm"": ""대치2동"", ""age_band"": ""20s"", ""date"": ""2025-10-01"", ""interpretation"": ""retrospective_descriptive_not_risk"", ""quality"": {""call_contacts"": ""ready"", ""text_contacts"": ""ready""}, ""raw"": {""call_contacts"": 5.893259109311741, ""text_contacts"": 3.249327485380117}, ""seasonal_index"": {""call_contacts"": 0.8633191566095084, ""text_contacts"": 0.8696087565503308}, ""seasonal_reference"": {""call_contacts"": {""n"": 3, ""periods"": [""2022-10-01"", ""2023-10-01"", ""2024-10-01""], ""value"": 6.826280946268109}, ""text_contacts"": {""n"": 3, ""periods"": [""2022-10-01"", ""2023-10-01"", ""2024-10-01""], ""value"": 3.736539519530533}}}"
1123079,2025-10-01,30s,a2_activity_level_v1_22b454887888,"{""adm_cd"": ""1123079"", ""adm_nm"": ""대치2동"", ""age_band"": ""30s"", ""date"": ""2025-10-01"", ""interpretation"": ""retrospective_descriptive_not_risk"", ""quality"": {""call_contacts"": ""ready"", ""text_contacts"": ""ready""}, ""raw"": {""call_contacts"": 11.394164260506898, ""text_contacts"": 5.315431504651909}, ""seasonal_index"": {""call_contacts"": 0.8833267569267755, ""text_contacts"": 0.9219558764998955}, ""seasonal_reference"": {""call_contacts"": {""n"": 3, ""periods"": [""2022-10-01"", ""2023-10-01"", ""2024-10-01""], ""value"": 12.89914991384262}, ""text_contacts"": {""n"": 3, ""periods"": [""2022-10-01"", ""2023-10-01"", ""2024-10-01""], ""value"": 5.765386001802344}}}"
1123079,2025-10-01,40s,a2_activity_level_v1_22b454887888,"{""adm_cd"": ""1123079"", ""adm_nm"": ""대치2동"", ""age_band"": ""40s"", ""date"": ""2025-10-01"", ""interpretation"": ""retrospective_descriptive_not_risk"", ""quality"": {""call_contacts"": ""ready"", ""text_contacts"": ""ready""}, ""raw"": {""call_contacts"": 16.672070149619817, ""text_contacts"": 7.060073583517291}, ""seasonal_index"": {""call_contacts"": 0.9253797836724231, ""text_contacts"": 0.9528259614878446}, ""seasonal_reference"": {""call_contacts"": {""n"": 3, ""periods"": [""2022-10-01"", ""2023-10-01"", ""2024-10-01""], ""value"": 18.016462477120196}, ""text_contacts"": {""n"": 3, ""periods"": [""2022-10-01"", ""2023-10-01"", ""2024-10-01""], ""value"": 7.409615049208919}}}"
1123079,2025-10-01,50s,a2_activity_level_v1_22b454887888,"{""adm_cd"": ""1123079"", ""adm_nm"": ""대치2동"", ""age_band"": ""50s"", ""date"": ""2025-10-01"", ""interpretation"": ""retrospective_descriptive_not_risk"", ""quality"": {""call_contacts"": ""ready"", ""text_contacts"": ""ready""}, ""raw"": {""call_contacts"": 16.539239101001897, ""text_contacts"": 6.415453560790685}, ""seasonal_index"": {""call_contacts"": 0.9404632234985603, ""text_contacts"": 0.9322986410704143}, ""seasonal_reference"": {""call_contacts"": {""n"": 3, ""periods"": [""2022-10-01"", ""2023-10-01"", ""2024-10-01""], ""value"": 17.586268859589506}, ""text_contacts"": {""n"": 3, ""periods"": [""2022-10-01"", ""2023-10-01"", ""2024-10-01""], ""value"": 6.881328877005347}}}"
1123079,2025-10-01,60plus,a2_activity_level_v1_22b454887888,"{""adm_cd"": ""1123079"", ""adm_nm"": ""대치2동"", ""age_band"": ""60plus"", ""date"": ""2025-10-01"", ""interpretation"": ""retrospective_descriptive_not_risk"", ""quality"": {""call_contacts"": ""ready"", ""text_contacts"": ""ready""}, ""raw"": {""call_contacts"": 12.800626325778719, ""text_contacts"": 4.612129061069554}, ""seasonal_index"": {""call_contacts"": 0.9152993613669004, ""text_contacts"": 0.9083431041709945}, ""seasonal_reference"": {""call_contacts"": {""n"": 3, ""periods"": [""2022-10-01"", ""2023-10-01"", ""2024-10-01""], ""value"": 13.98518000347162}, ""text_contacts"": {""n"": 3, ""periods"": [""2022-10-01"", ""2023-10-01"", ""2024-10-01""], ""value"": 5.077518659954869}}}"
1123079,2025-11-01,20s,a2_activity_level_v1_22b454887888,"{""adm_cd"": ""1123079"", ""adm_nm"": ""대치2동"", ""age_band"": ""20s"", ""date"": ""2025-11-01"", ""interpretation"": ""retrospective_descriptive_not_risk"", ""quality"": {""call_contacts"": ""ready"", ""text_contacts"": ""ready""}, ""raw"": {""call_contacts"": 6.049651372019793, ""text_contacts"": 3.214595141700405}, ""seasonal_index"": {""call_contacts"": 0.8708081072306569, ""text_contacts"": 0.8473402017729885}, ""seasonal_reference"": {""call_contacts"": {""n"": 3, ""periods"": [""2022-11-01"", ""2023-11-01"", ""2024-11-01""], ""value"": 6.94716932672904}, ""text_contacts"": {""n"": 3, ""periods"": [""2022-11-01"", ""2023-11-01"", ""2024-11-01""], ""value"": 3.793747936158503}}}"
1123079,2025-11-01,30s,a2_activity_level_v1_22b454887888,"{""adm_cd"": ""1123079"", ""adm_nm"": ""대치2동"", ""age_band"": ""30s"", ""date"": ""2025-11-01"", ""interpretation"": ""retrospective_descriptive_not_risk"", ""quality"": {""call_contacts"": ""ready"", ""text_contacts"": ""ready""}, ""raw"": {""call_contacts"": 11.556773173046505, ""text_contacts"": 5.219076241695666}, ""seasonal_index"": {""call_contacts"": 0.8837291703912709, ""text_contacts"": 0.8892859284622204}, ""seasonal_reference"": {""call_contacts"": {""n"": 3, ""periods"": [""2022-11-01"", ""2023-11-01"", ""2024-11-01""], ""value"": 13.077279284477784}, ""text_contacts"": {""n"": 3, ""periods"": [""2022-11-01"", ""2023-11-01"", ""2024-11-01""], ""value"": 5.868839340256567}}}"
1123079,2025-11-01,40s,a2_activity_level_v1_22b454887888,"{""adm_cd"": ""1123079"", ""adm_nm"": ""대치2동"", ""age_band"": ""40s"", ""date"": ""2025-11-01"", ""interpretation"": ""retrospective_descriptive_not_risk"", ""quality"": {""call_contacts"": ""ready"", ""text_contacts"": ""ready""}, ""raw"": {""call_contacts"": 16.659264278799615, ""text_contacts"": 6.903337366892547}, ""seasonal_index"": {""call_contacts"": 0.9159442035695652, ""text_contacts"": 0.9136842927781819}, ""seasonal_reference"": {""call_contacts"": {""n"": 3, ""periods"": [""2022-11-01"", ""2023-11-01"", ""2024-11-01""], ""value"": 18.18807762948451}, ""text_contacts"": {""n"": 3, ""periods"": [""2022-11-01"", ""2023-11-01"", ""2024-11-01""], ""value"": 7.555495285906697}}}"
1123079,2025-11-01,50s,a2_activity_level_v1_22b454887888,"{""adm_cd"": ""1123079"", ""adm_nm"": ""대치2동"", ""age_band"": ""50s"", ""date"": ""2025-11-01"", ""interpretation"": ""retrospective_descriptive_not_risk"", ""quality"": {""call_contacts"": ""ready"", ""text_contacts"": ""ready""}, ""raw"": {""call_contacts"": 16.677235550708833, ""text_contacts"": 6.296638495092694}, ""seasonal_index"": {""call_contacts"": 0.942659342307553, ""text_contacts"": 0.8936312252124411}, ""seasonal_reference"": {""call_contacts"": {""n"": 3, ""periods"": [""2022-11-01"", ""2023-11-01"", ""2024-11-01""], ""value"": 17.691688611375053}, ""text_contacts"": {""n"": 3, ""periods"": [""2022-11-01"", ""2023-11-01"", ""2024-11-01""], ""value"": 7.046126318600614}}}"
1123079,2025-11-01,60plus,a2_activity_level_v1_22b454887888,"{""adm_cd"": ""1123079"", ""adm_nm"": ""대치2동"", ""age_band"": ""60plus"", ""date"": ""2025-11-01"", ""interpretation"": ""retrospective_descriptive_not_risk"", ""quality"": {""call_contacts"": ""ready"", ""text_contacts"": ""ready""}, ""raw"": {""call_contacts"": 13.114201493368997, ""text_contacts"": 4.617880307589435}, ""seasonal_index"": {""call_contacts"": 0.9169861568944351, ""text_contacts"": 0.905357181609094}, ""seasonal_reference"": {""call_contacts"": {""n"": 3, ""periods"": [""2022-11-01"", ""2023-11-01"", ""2024-11-01""], ""value"": 14.301417087672268}, ""text_contacts"": {""n"": 3, ""periods"": [""2022-11-01"", ""2023-11-01"", ""2024-11-01""], ""value"": 5.100617083946982}}}"
1123079,2025-12-01,20s,a2_activity_level_v1_22b454887888,"{""adm_cd"": ""1123079"", ""adm_nm"": ""대치2동"", ""age_band"": ""20s"", ""date"": ""2025-12-01"", ""interpretation"": ""retrospective_descriptive_not_risk"", ""quality"": {""call_contacts"": ""ready"", ""text_contacts"": ""ready""}, ""raw"": {""call_contacts"": 6.219644624381466, ""text_contacts"": 3.157224471434998}, ""seasonal_index"": {""call_contacts"": 0.8713091642644638, ""text_contacts"": 0.8166778256790295}, ""seasonal_reference"": {""call_contacts"": {""n"": 3, ""periods"": [""2022-12-01"", ""2023-12-01"", ""2024-12-01""], ""value"": 7.138275229357798}, ""text_contacts"": {""n"": 3, ""periods"": [""2022-12-01"", ""2023-12-01"", ""2024-12-01""], ""value"": 3.865936324167873}}}"
1123079,2025-12-01,30s,a2_activity_level_v1_22b454887888,"{""adm_cd"": ""1123079"", ""adm_nm"": ""대치2동"", ""age_band"": ""30s"", ""date"": ""2025-12-01"", ""interpretation"": ""retrospective_descriptive_not_risk"", ""quality"": {""call_contacts"": ""ready"", ""text_contacts"": ""ready""}, ""raw"": {""call_contacts"": 11.640613593455, ""text_contacts"": 5.01234109502832}, ""seasonal_index"": {""call_contacts"": 0.8912486098674816, ""text_contacts"": 0.8303371028014498}, ""seasonal_reference"": {""call_contacts"": {""n"": 3, ""periods"": [""2022-12-01"", ""2023-12-01"", ""2024-12-01""], ""value"": 13.061017391304349}, ""text_contacts"": {""n"": 3, ""periods"": [""2022-12-01"", ""2023-12-01"", ""2024-12-01""], ""value"": 6.036513457145695}}}"
1123079,2025-12-01,40s,a2_activity_level_v1_22b454887888,"{""adm_cd"": ""1123079"", ""adm_nm"": ""대치2동"", ""age_band"": ""40s"", ""date"": ""2025-12-01"", ""interpretation"": ""retrospective_descriptive_not_risk"", ""quality"": {""call_contacts"": ""ready"", ""text_contacts"": ""ready""}, ""raw"": {""call_contacts"": 17.054096618357487, ""text_contacts"": 6.65978502415459}, ""seasonal_index"": {""call_contacts"": 0.9155507886206682, ""text_contacts"": 0.8690738669994278}, ""seasonal_reference"": {""call_contacts"": {""n"": 3, ""periods"": [""2022-12-01"", ""2023-12-01"", ""2024-12-01""], ""value"": 18.627144261489306}, ""text_contacts"": {""n"": 3, ""periods"": [""2022-12-01"", ""2023-12-01"", ""2024-12-01""], ""value"": 7.663082825339373}}}"
1123079,2025-12-01,50s,a2_activity_level_v1_22b454887888,"{""adm_cd"": ""1123079"", ""adm_nm"": ""대치2동"", ""age_band"": ""50s"", ""date"": ""2025-12-01"", ""interpretation"": ""retrospective_descriptive_not_risk"", ""quality"": {""call_contacts"": ""ready"", ""text_contacts"": ""ready""}, ""raw"": {""call_contacts"": 16.721722826086957, ""text_contacts"": 6.004815217391305}, ""seasonal_index"": {""call_contacts"": 0.9332736659090377, ""text_contacts"": 0.8551986216711466}, ""seasonal_reference"": {""call_contacts"": {""n"": 3, ""periods"": [""2022-12-01"", ""2023-12-01"", ""2024-12-01""], ""value"": 17.917277039848194}, ""text_contacts"": {""n"": 3, ""periods"": [""2022-12-01"", ""2023-12-01"", ""2024-12-01""], ""value"": 7.02154454559021}}}"
1123079,2025-12-01,60plus,a2_activity_level_v1_22b454887888,"{""adm_cd"": ""1123079"", ""adm_nm"": ""대치2동"", ""age_band"": ""60plus"", ""date"": ""2025-12-01"", ""interpretation"": ""retrospective_descriptive_not_risk"", ""quality"": {""call_contacts"": ""ready"", ""text_contacts"": ""ready""}, ""raw"": {""call_contacts"": 13.0811938281338, ""text_contacts"": 4.498048203626534}, ""seasonal_index"": {""call_contacts"": 0.924125728129318, ""text_contacts"": 0.8935065926008462}, ""seasonal_reference"": {""call_contacts"": {""n"": 3, ""periods"": [""2022-12-01"", ""2023-12-01"", ""2024-12-01""], ""value"": 14.155210086633662}, ""text_contacts"": {""n"": 3, ""periods"": [""2022-12-01"", ""2023-12-01"", ""2024-12-01""], ""value"": 5.034152227722773}}}"
1123080,2025-07-01,20s,a2_activity_level_v1_22b454887888,"{""adm_cd"": ""1123080"", ""adm_nm"": ""개포2동"", ""age_band"": ""20s"", ""date"": ""2025-07-01"", ""interpretation"": ""retrospective_descriptive_not_risk"", ""quality"": {""call_contacts"": ""ready"", ""text_contacts"": ""ready""}, ""raw"": {""call_contacts"": 6.027581154192966, ""text_contacts"": 3.320320108205591}, ""seasonal_index"": {""call_contacts"": 0.8122952036881591, ""text_contacts"": 0.898158265380188}, ""seasonal_reference"": {""call_contacts"": {""n"": 3, ""periods"": [""2022-07-01"", ""2023-07-01"", ""2024-07-01""], ""value"": 7.420431792315444}, ""text_contacts"": {""n"": 3, ""periods"": [""2022-07-01"", ""2023-07-01"", ""2024-07-01""], ""value"": 3.696809611611277}}}"
1123080,2025-07-01,30s,a2_activity_level_v1_22b454887888,"{""adm_cd"": ""1123080"", ""adm_nm"": ""개포2동"", ""age_band"": ""30s"", ""date"": ""2025-07-01"", ""interpretation"": ""retrospective_descriptive_not_risk"", ""quality"": {""call_contacts"": ""ready"", ""text_contacts"": ""ready""}, ""raw"": {""call_contacts"": 12.19739708790221, ""text_contacts"": 5.67361136077656}, ""seasonal_index"": {""call_contacts"": 0.8190500112788249, ""text_contacts"": 0.9530905323950862}, ""seasonal_reference"": {""call_contacts"": {""n"": 3, ""periods"": [""2022-07-01"", ""2023-07-01"", ""2024-07-01""], ""value"": 14.892127366994094}, ""text_contacts"": {""n"": 3, ""periods"": [""2022-07-01"", ""2023-07-01"", ""2024-07-01""], ""value"": 5.952856699267545}}}"
1123080,2025-07-01,40s,a2_activity_level_v1_22b454887888,"{""adm_cd"": ""1123080"", ""adm_nm"": ""개포2동"", ""age_band"": ""40s"", ""date"": ""2025-07-01"", ""interpretation"": ""retrospective_descriptive_not_risk"", ""quality"": {""call_contacts"": ""ready"", ""text_contacts"": ""ready""}, ""raw"": {""call_contacts"": 16.06143459915612, ""text_contacts"": 6.961062298337057}, ""seasonal_index"": {""call_contacts"": 0.8755419663211099, ""text_contacts"": 0.9776181477222395}, ""seasonal_reference"": {""call_contacts"": {""n"": 3, ""periods"": [""2022-07-01"", ""2023-07-01"", ""2024-07-01""], ""value"": 18.34456281592503}, ""text_contacts"": {""n"": 3, ""periods"": [""2022-07-01"", ""2023-07-01"", ""2024-07-01""], ""value"": 7.12043072702332}}}"
1123080,2025-07-01,50s,a2_activity_level_v1_22b454887888,"{""adm_cd"": ""1123080"", ""adm_nm"": ""개포2동"", ""age_band"": ""50s"", ""date"": ""2025-07-01"", ""interpretation"": ""retrospective_descriptive_not_risk"", ""quality"": {""call_contacts"": ""ready"", ""text_contacts"": ""ready""}, ""raw"": {""call_contacts"": 15.851573521432448, ""text_contacts"": 6.186218122626153}, ""seasonal_index"": {""call_contacts"": 0.8811746190911492, ""text_contacts"": 0.9539203249926488}, ""seasonal_reference"": {""call_contacts"": {""n"": 3, ""periods"": [""2022-07-01"", ""2023-07-01"", ""2024-07-01""], ""value"": 17.989139925275982}, ""text_contacts"": {""n"": 3, ""periods"": [""2022-07-01"", ""2023-07-01"", ""2024-07-01""], ""value"": 6.485046979865772}}}"
1123080,2025-07-01,60plus,a2_activity_level_v1_22b454887888,"{""adm_cd"": ""1123080"", ""adm_nm"": ""개포2동"", ""age_band"": ""60plus"", ""date"": ""2025-07-01"", ""interpretation"": ""retrospective_descriptive_not_risk"", ""quality"": {""call_contacts"": ""ready"", ""text_contacts"": ""ready""}, ""raw"": {""call_contacts"": 12.863814476756527, ""text_contacts"": 4.559932073869667}, ""seasonal_index"": {""call_contacts"": 0.8883386843353985, ""text_contacts"": 0.965384314962679}, ""seasonal_reference"": {""call_contacts"": {""n"": 3, ""periods"": [""2022-07-01"", ""2023-07-01"", ""2024-07-01""], ""value"": 14.48075458560094}, ""text_contacts"": {""n"": 3, ""periods"": [""2022-07-01"", ""2023-07-01"", ""2024-07-01""], ""value"": 4.723437084272444}}}"
1123080,2025-08-01,20s,a2_activity_level_v1_22b454887888,"{""adm_cd"": ""1123080"", ""adm_nm"": ""개포2동"", ""age_band"": ""20s"", ""date"": ""2025-08-01"", ""interpretation"": ""retrospective_descriptive_not_risk"", ""quality"": {""call_contacts"": ""ready"", ""text_contacts"": ""ready""}, ""raw"": {""call_contacts"": 5.968376916140668, ""text_contacts"": 3.360293056807936}, ""seasonal_index"": {""call_contacts"": 0.8195650786616594, ""text_contacts"": 0.904807326860715}, ""seasonal_reference"": {""call_contacts"": {""n"": 3, ""periods"": [""2022-08-01"", ""2023-08-01"", ""2024-08-01""], ""value"": 7.282370944705161}, ""text_contacts"": {""n"": 3, ""periods"": [""2022-08-01"", ""2023-08-01"", ""2024-08-01""], ""value"": 3.713821669047134}}}"
1123080,2025-08-01,30s,a2_activity_level_v1_22b454887888,"{""adm_cd"": ""1123080"", ""adm_nm"": ""개포2동"", ""age_band"": ""30s"", ""date"": ""2025-08-01"", ""interpretation"": ""retrospective_descriptive_not_risk"", ""quality"": {""call_contacts"": ""ready"", ""text_contacts"": ""ready""}, ""raw"": {""call_contacts"": 11.782514905149052, ""text_contacts"": 5.568728093947606}, ""seasonal_index"": {""call_contacts"": 0.7970194982416581, ""text_contacts"": 0.9517596964907648}, ""seasonal_reference"": {""call_contacts"": {""n"": 3, ""periods"": [""2022-08-01"", ""2023-08-01"", ""2024-08-01""], ""value"": 14.783220399429384}, ""text_contacts"": {""n"": 3, ""periods"": [""2022-08-01"", ""2023-08-01"", ""2024-08-01""], ""value"": 5.850981203007519}}}"
1123080,2025-08-01,40s,a2_activity_level_v1_22b454887888,"{""adm_cd"": ""1123080"", ""adm_nm"": ""개포2동"", ""age_band"": ""40s"", ""date"": ""2025-08-01"", ""interpretation"": ""retrospective_descriptive_not_risk"", ""quality"": {""call_contacts"": ""ready"", ""text_contacts"": ""ready""}, ""raw"": {""call_contacts"": 15.790972359328727, ""text_contacts"": 6.875984698914116}, ""seasonal_index"": {""call_contacts"": 0.8802605366439976, ""text_contacts"": 0.9819098591097731}, ""seasonal_reference"": {""call_contacts"": {""n"": 3, ""periods"": [""2022-08-01"", ""2023-08-01"", ""2024-08-01""], ""value"": 17.938975680463844}, ""text_contacts"": {""n"": 3, ""periods"": [""2022-08-01"", ""2023-08-01"", ""2024-08-01""], ""value"": 7.002663875020132}}}"
1123080,2025-08-01,50s,a2_activity_level_v1_22b454887888,"{""adm_cd"": ""1123080"", ""adm_nm"": ""개포2동"", ""age_band"": ""50s"", ""date"": ""2025-08-01"", ""interpretation"": ""retrospective_descriptive_not_risk"", ""quality"": {""call_contacts"": ""ready"", ""text_contacts"": ""ready""}, ""raw"": {""call_contacts"": 15.495755549612195, ""text_contacts"": 6.143351163412676}, ""seasonal_index"": {""call_contacts"": 0.8883281588635482, ""text_contacts"": 0.9640418686050861}, ""seasonal_reference"": {""call_contacts"": {""n"": 3, ""periods"": [""2022-08-01"", ""2023-08-01"", ""2024-08-01""], ""value"": 17.4437288686606}, ""text_contacts"": {""n"": 3, ""periods"": [""2022-08-01"", ""2023-08-01"", ""2024-08-01""], ""value"": 6.372494145199064}}}"
1123080,2025-08-01,60plus,a2_activity_level_v1_22b454887888,"{""adm_cd"": ""1123080"", ""adm_nm"": ""개포2동"", ""age_band"": ""60plus"", ""date"": ""2025-08-01"", ""interpretation"": ""retrospective_descriptive_not_risk"", ""quality"": {""call_contacts"": ""ready"", ""text_contacts"": ""ready""}, ""raw"": {""call_contacts"": 12.441973122866894, ""text_contacts"": 4.489210750853242}, ""seasonal_index"": {""call_contacts"": 0.8925410300867276, ""text_contacts"": 0.9682503131832872}, ""seasonal_reference"": {""call_contacts"": {""n"": 3, ""periods"": [""2022-08-01"", ""2023-08-01"", ""2024-08-01""], ""value"": 13.939945283700759}, ""text_contacts"": {""n"": 3, ""periods"": [""2022-08-01"", ""2023-08-01"", ""2024-08-01""], ""value"": 4.636415490632995}}}"
1123080,2025-09-01,20s,a2_activity_level_v1_22b454887888,"{""adm_cd"": ""1123080"", ""adm_nm"": ""개포2동"", ""age_band"": ""20s"", ""date"": ""2025-09-01"", ""interpretation"": ""retrospective_descriptive_not_risk"", ""quality"": {""call_contacts"": ""ready"", ""text_contacts"": ""ready""}, ""raw"": {""call_contacts"": 6.013415238954013, ""text_contacts"": 3.417112263300271}, ""seasonal_index"": {""call_contacts"": 0.8318120031823635, ""text_contacts"": 0.9072821518737284}, ""seasonal_reference"": {""call_contacts"": {""n"": 3, ""periods"": [""2022-09-01"", ""2023-09-01"", ""2024-09-01""], ""value"": 7.229296062028157}, ""text_contacts"": {""n"": 3, ""periods"": [""2022-09-01"", ""2023-09-01"", ""2024-09-01""], ""value"": 3.766317078147317}}}"
1123080,2025-09-01,30s,a2_activity_level_v1_22b454887888,"{""adm_cd"": ""1123080"", ""adm_nm"": ""개포2동"", ""age_band"": ""30s"", ""date"": ""2025-09-01"", ""interpretation"": ""retrospective_descriptive_not_risk"", ""quality"": {""call_contacts"": ""ready"", ""text_contacts"": ""ready""}, ""raw"": {""call_contacts"": 12.06889430894309, ""text_contacts"": 5.643743450767842}, ""seasonal_index"": {""call_contacts"": 0.8267885957416136, ""text_contacts"": 0.9593277368060651}, ""seasonal_reference"": {""call_contacts"": {""n"": 3, ""periods"": [""2022-09-01"", ""2023-09-01"", ""2024-09-01""], ""value"": 14.597315893209101}, ""text_contacts"": {""n"": 3, ""periods"": [""2022-09-01"", ""2023-09-01"", ""2024-09-01""], ""value"": 5.88301915418168}}}"
1123080,2025-09-01,40s,a2_activity_level_v1_22b454887888,"{""adm_cd"": ""1123080"", ""adm_nm"": ""개포2동"", ""age_band"": ""40s"", ""date"": ""2025-09-01"", ""interpretation"": ""retrospective_descriptive_not_risk"", ""quality"": {""call_contacts"": ""ready"", ""text_contacts"": ""ready""}, ""raw"": {""call_contacts"": 15.886710041738276, ""text_contacts"": 6.92061625337589}, ""seasonal_index"": {""call_contacts"": 0.8994246010730564, ""text_contacts"": 0.9696119016710139}, ""seasonal_reference"": {""call_contacts"": {""n"": 3, ""periods"": [""2022-09-01"", ""2023-09-01"", ""2024-09-01""], ""value"": 17.663192693178143}, ""text_contacts"": {""n"": 3, ""periods"": [""2022-09-01"", ""2023-09-01"", ""2024-09-01""], ""value"": 7.137511659509345}}}"
1123080,2025-09-01,50s,a2_activity_level_v1_22b454887888,"{""adm_cd"": ""1123080"", ""adm_nm"": ""개포2동"", ""age_band"": ""50s"", ""date"": ""2025-09-01"", ""interpretation"": ""retrospective_descriptive_not_risk"", ""quality"": {""call_contacts"": ""ready"", ""text_contacts"": ""ready""}, ""raw"": {""call_contacts"": 15.67854926510615, ""text_contacts"": 6.223753402286336}, ""seasonal_index"": {""call_contacts"": 0.9040995371473184, ""text_contacts"": 0.9535755374586089}, ""seasonal_reference"": {""call_contacts"": {""n"": 3, ""periods"": [""2022-09-01"", ""2023-09-01"", ""2024-09-01""], ""value"": 17.341618506493507}, ""text_contacts"": {""n"": 3, ""periods"": [""2022-09-01"", ""2023-09-01"", ""2024-09-01""], ""value"": 6.526754470729578}}}"
1123080,2025-09-01,60plus,a2_activity_level_v1_22b454887888,"{""adm_cd"": ""1123080"", ""adm_nm"": ""개포2동"", ""age_band"": ""60plus"", ""date"": ""2025-09-01"", ""interpretation"": ""retrospective_descriptive_not_risk"", ""quality"": {""call_contacts"": ""ready"", ""text_contacts"": ""ready""}, ""raw"": {""call_contacts"": 12.662327826646642, ""text_contacts"": 4.58397768719159}, ""seasonal_index"": {""call_contacts"": 0.9116644116645711, ""text_contacts"": 0.9592624430370124}, ""seasonal_reference"": {""call_contacts"": {""n"": 3, ""periods"": [""2022-09-01"", ""2023-09-01"", ""2024-09-01""], ""value"": 13.889242208684017}, ""text_contacts"": {""n"": 3, ""periods"": [""2022-09-01"", ""2023-09-01"", ""2024-09-01""], ""value"": 4.778648137916019}}}"
1123080,2025-10-01,20s,a2_activity_level_v1_22b454887888,"{""adm_cd"": ""1123080"", ""adm_nm"": ""개포2동"", ""age_band"": ""20s"", ""date"": ""2025-10-01"", ""interpretation"": ""retrospective_descriptive_not_risk"", ""quality"": {""call_contacts"": ""ready"", ""text_contacts"": ""ready""}, ""raw"": {""call_contacts"": 5.895396753832281, ""text_contacts"": 3.294986474301172}, ""seasonal_index"": {""call_contacts"": 0.829916377149577, ""text_contacts"": 0.8654014578768205}, ""seasonal_reference"": {""call_contacts"": {""n"": 3, ""periods"": [""2022-10-01"", ""2023-10-01"", ""2024-10-01""], ""value"": 7.103603346255866}, ""text_contacts"": {""n"": 3, ""periods"": [""2022-10-01"", ""2023-10-01"", ""2024-10-01""], ""value"": 3.807465823301367}}}"
1123080,2025-10-01,30s,a2_activity_level_v1_22b454887888,"{""adm_cd"": ""1123080"", ""adm_nm"": ""개포2동"", ""age_band"": ""30s"", ""date"": ""2025-10-01"", ""interpretation"": ""retrospective_descriptive_not_risk"", ""quality"": {""call_contacts"": ""ready"", ""text_contacts"": ""ready""}, ""raw"": {""call_contacts"": 11.800768400215945, ""text_contacts"": 5.415585747705596}, ""seasonal_index"": {""call_contacts"": 0.8338751648493061, ""text_contacts"": 0.9174924272896867}, ""seasonal_reference"": {""call_contacts"": {""n"": 3, ""periods"": [""2022-10-01"", ""2023-10-01"", ""2024-10-01""], ""value"": 14.15172066234701}, ""text_contacts"": {""n"": 3, ""periods"": [""2022-10-01"", ""2023-10-01"", ""2024-10-01""], ""value"": 5.902594491927826}}}"
1123080,2025-10-01,40s,a2_activity_level_v1_22b454887888,"{""adm_cd"": ""1123080"", ""adm_nm"": ""개포2동"", ""age_band"": ""40s"", ""date"": ""2025-10-01"", ""interpretation"": ""retrospective_descriptive_not_risk"", ""quality"": {""call_contacts"": ""ready"", ""text_contacts"": ""ready""}, ""raw"": {""call_contacts"": 15.387010206621856, ""text_contacts"": 6.626114015434403}, ""seasonal_index"": {""call_contacts"": 0.8918924697841754, ""text_contacts"": 0.9294304747313751}, ""seasonal_reference"": {""call_contacts"": {""n"": 3, ""periods"": [""2022-10-01"", ""2023-10-01"", ""2024-10-01""], ""value"": 17.252091174561976}, ""text_contacts"": {""n"": 3, ""periods"": [""2022-10-01"", ""2023-10-01"", ""2024-10-01""], ""value"": 7.129219662556782}}}"
1123080,2025-10-01,50s,a2_activity_level_v1_22b454887888,"{""adm_cd"": ""1123080"", ""adm_nm"": ""개포2동"", ""age_band"": ""50s"", ""date"": ""2025-10-01"", ""interpretation"": ""retrospective_descriptive_not_risk"", ""quality"": {""call_contacts"": ""ready"", ""text_contacts"": ""ready""}, ""raw"": {""call_contacts"": 15.38954196379594, ""text_contacts"": 6.050400438837082}, ""seasonal_index"": {""call_contacts"": 0.9019839170978812, ""text_contacts"": 0.9291211067703569}, ""seasonal_reference"": {""call_contacts"": {""n"": 3, ""periods"": [""2022-10-01"", ""2023-10-01"", ""2024-10-01""], ""value"": 17.06188067444877}, ""text_contacts"": {""n"": 3, ""periods"": [""2022-10-01"", ""2023-10-01"", ""2024-10-01""], ""value"": 6.511961029352128}}}"
1123080,2025-10-01,60plus,a2_activity_level_v1_22b454887888,"{""adm_cd"": ""1123080"", ""adm_nm"": ""개포2동"", ""age_band"": ""60plus"", ""date"": ""2025-10-01"", ""interpretation"": ""retrospective_descriptive_not_risk"", ""quality"": {""call_contacts"": ""ready"", ""text_contacts"": ""ready""}, ""raw"": {""call_contacts"": 12.524245894554884, ""text_contacts"": 4.54828867761452}, ""seasonal_index"": {""call_contacts"": 0.8956728352924964, ""text_contacts"": 0.9247528806923528}, ""seasonal_reference"": {""call_contacts"": {""n"": 3, ""periods"": [""2022-10-01"", ""2023-10-01"", ""2024-10-01""], ""value"": 13.983058769963577}, ""text_contacts"": {""n"": 3, ""periods"": [""2022-10-01"", ""2023-10-01"", ""2024-10-01""], ""value"": 4.918382816184648}}}"
1123080,2025-11-01,20s,a2_activity_level_v1_22b454887888,"{""adm_cd"": ""1123080"", ""adm_nm"": ""개포2동"", ""age_band"": ""20s"", ""date"": ""2025-11-01"", ""interpretation"": ""retrospective_descriptive_not_risk"", ""quality"": {""call_contacts"": ""ready"", ""text_contacts"": ""ready""}, ""raw"": {""call_contacts"": 5.908651938683499, ""text_contacts"": 3.220295311091073}, ""seasonal_index"": {""call_contacts"": 0.815609320344424, ""text_contacts"": 0.828387650763241}, ""seasonal_reference"": {""call_contacts"": {""n"": 3, ""periods"": [""2022-11-01"", ""2023-11-01"", ""2024-11-01""], ""value"": 7.244463484292126}, ""text_contacts"": {""n"": 3, ""periods"": [""2022-11-01"", ""2023-11-01"", ""2024-11-01""], ""value"": 3.887425540595675}}}"
1123080,2025-11-01,30s,a2_activity_level_v1_22b454887888,"{""adm_cd"": ""1123080"", ""adm_nm"": ""개포2동"", ""age_band"": ""30s"", ""date"": ""2025-11-01"", ""interpretation"": ""retrospective_descriptive_not_risk"", ""quality"": {""call_contacts"": ""ready"", ""text_contacts"": ""ready""}, ""raw"": {""call_contacts"": 11.885802959220497, ""text_contacts"": 5.345788523998556}, ""seasonal_index"": {""call_contacts"": 0.8476874752177724, ""text_contacts"": 0.8977237655307236}, ""seasonal_reference"": {""call_contacts"": {""n"": 3, ""periods"": [""2022-11-01"", ""2023-11-01"", ""2024-11-01""], ""value"": 14.021444585065991}, ""text_contacts"": {""n"": 3, ""periods"": [""2022-11-01"", ""2023-11-01"", ""2024-11-01""], ""value"": 5.954825670498084}}}"
1123080,2025-11-01,40s,a2_activity_level_v1_22b454887888,"{""adm_cd"": ""1123080"", ""adm_nm"": ""개포2동"", ""age_band"": ""40s"", ""date"": ""2025-11-01"", ""interpretation"": ""retrospective_descriptive_not_risk"", ""quality"": {""call_contacts"": ""ready"", ""text_contacts"": ""ready""}, ""raw"": {""call_contacts"": 15.456200049031624, ""text_contacts"": 6.541181662172101}, ""seasonal_index"": {""call_contacts"": 0.8946579929577875, ""text_contacts"": 0.9137245058586}, ""seasonal_reference"": {""call_contacts"": {""n"": 3, ""periods"": [""2022-11-01"", ""2023-11-01"", ""2024-11-01""], ""value"": 17.27609899055682}, ""text_contacts"": {""n"": 3, ""periods"": [""2022-11-01"", ""2023-11-01"", ""2024-11-01""], ""value"": 7.158811677077157}}}"
1123080,2025-11-01,50s,a2_activity_level_v1_22b454887888,"{""adm_cd"": ""1123080"", ""adm_nm"": ""개포2동"", ""age_band"": ""50s"", ""date"": ""2025-11-01"", ""interpretation"": ""retrospective_descriptive_not_risk"", ""quality"": {""call_contacts"": ""ready"", ""text_contacts"": ""ready""}, ""raw"": {""call_contacts"": 15.469440636139293, ""text_contacts"": 5.987798190293393}, ""seasonal_index"": {""call_contacts"": 0.8975052181217456, ""text_contacts"": 0.9068539934035073}, ""seasonal_reference"": {""call_contacts"": {""n"": 3, ""periods"": [""2022-11-01"", ""2023-11-01"", ""2024-11-01""], ""value"": 17.236045344129554}, ""text_contacts"": {""n"": 3, ""periods"": [""2022-11-01"", ""2023-11-01"", ""2024-11-01""], ""value"": 6.602824968350893}}}"
1123080,2025-11-01,60plus,a2_activity_level_v1_22b454887888,"{""adm_cd"": ""1123080"", ""adm_nm"": ""개포2동"", ""age_band"": ""60plus"", ""date"": ""2025-11-01"", ""interpretation"": ""retrospective_descriptive_not_risk"", ""quality"": {""call_contacts"": ""ready"", ""text_contacts"": ""ready""}, ""raw"": {""call_contacts"": 12.717748815165875, ""text_contacts"": 4.512942697113313}, ""seasonal_index"": {""call_contacts"": 0.9015997665256829, ""text_contacts"": 0.9094957625302704}, ""seasonal_reference"": {""call_contacts"": {""n"": 3, ""periods"": [""2022-11-01"", ""2023-11-01"", ""2024-11-01""], ""value"": 14.105758771626299}, ""text_contacts"": {""n"": 3, ""periods"": [""2022-11-01"", ""2023-11-01"", ""2024-11-01""], ""value"": 4.962027183675977}}}"
1123080,2025-12-01,20s,a2_activity_level_v1_22b454887888,"{""adm_cd"": ""1123080"", ""adm_nm"": ""개포2동"", ""age_band"": ""20s"", ""date"": ""2025-12-01"", ""interpretation"": ""retrospective_descriptive_not_risk"", ""quality"": {""call_contacts"": ""ready"", ""text_contacts"": ""ready""}, ""raw"": {""call_contacts"": 6.129080252479711, ""text_contacts"": 3.141066275924256}, ""seasonal_index"": {""call_contacts"": 0.8640205686523309, ""text_contacts"": 0.810309803419677}, ""seasonal_reference"": {""call_contacts"": {""n"": 3, ""periods"": [""2022-12-01"", ""2023-12-01"", ""2024-12-01""], ""value"": 7.093674010607915}, ""text_contacts"": {""n"": 3, ""periods"": [""2022-12-01"", ""2023-12-01"", ""2024-12-01""], ""value"": 3.876376988984088}}}"
1123080,2025-12-01,30s,a2_activity_level_v1_22b454887888,"{""adm_cd"": ""1123080"", ""adm_nm"": ""개포2동"", ""age_band"": ""30s"", ""date"": ""2025-12-01"", ""interpretation"": ""retrospective_descriptive_not_risk"", ""quality"": {""call_contacts"": ""ready"", ""text_contacts"": ""ready""}, ""raw"": {""call_contacts"": 11.968169266630804, ""text_contacts"": 5.160975434821589}, ""seasonal_index"": {""call_contacts"": 0.8562896052411654, ""text_contacts"": 0.8457808360805245}, ""seasonal_reference"": {""call_contacts"": {""n"": 3, ""periods"": [""2022-12-01"", ""2023-12-01"", ""2024-12-01""], ""value"": 13.976777475022704}, ""text_contacts"": {""n"": 3, ""periods"": [""2022-12-01"", ""2023-12-01"", ""2024-12-01""], ""value"": 6.102024560805049}}}"
1123080,2025-12-01,40s,a2_activity_level_v1_22b454887888,"{""adm_cd"": ""1123080"", ""adm_nm"": ""개포2동"", ""age_band"": ""40s"", ""date"": ""2025-12-01"", ""interpretation"": ""retrospective_descriptive_not_risk"", ""quality"": {""call_contacts"": ""ready"", ""text_contacts"": ""ready""}, ""raw"": {""call_contacts"": 15.595607910156252, ""text_contacts"": 6.31055419921875}, ""seasonal_index"": {""call_contacts"": 0.8942454669896741, ""text_contacts"": 0.8729180055666496}, ""seasonal_reference"": {""call_contacts"": {""n"": 3, ""periods"": [""2022-12-01"", ""2023-12-01"", ""2024-12-01""], ""value"": 17.439963059199197}, ""text_contacts"": {""n"": 3, ""periods"": [""2022-12-01"", ""2023-12-01"", ""2024-12-01""], ""value"": 7.229263411885165}}}"
1123080,2025-12-01,50s,a2_activity_level_v1_22b454887888,"{""adm_cd"": ""1123080"", ""adm_nm"": ""개포2동"", ""age_band"": ""50s"", ""date"": ""2025-12-01"", ""interpretation"": ""retrospective_descriptive_not_risk"", ""quality"": {""call_contacts"": ""ready"", ""text_contacts"": ""ready""}, ""raw"": {""call_contacts"": 15.618105147864181, ""text_contacts"": 5.728324205914566}, ""seasonal_index"": {""call_contacts"": 0.8944089323093276, ""text_contacts"": 0.8620148888140459}, ""seasonal_reference"": {""call_contacts"": {""n"": 3, ""periods"": [""2022-12-01"", ""2023-12-01"", ""2024-12-01""], ""value"": 17.461928860145512}, ""text_contacts"": {""n"": 3, ""periods"": [""2022-12-01"", ""2023-12-01"", ""2024-12-01""], ""value"": 6.645272930025089}}}"
1123080,2025-12-01,60plus,a2_activity_level_v1_22b454887888,"{""adm_cd"": ""1123080"", ""adm_nm"": ""개포2동"", ""age_band"": ""60plus"", ""date"": ""2025-12-01"", ""interpretation"": ""retrospective_descriptive_not_risk"", ""quality"": {""call_contacts"": ""ready"", ""text_contacts"": ""ready""}, ""raw"": {""call_contacts"": 12.765589612601106, ""text_contacts"": 4.377234993614304}, ""seasonal_index"": {""call_contacts"": 0.9111342609473765, ""text_contacts"": 0.8881350969051225}, ""seasonal_reference"": {""call_contacts"": {""n"": 3, ""periods"": [""2022-12-01"", ""2023-12-01"", ""2024-12-01""], ""value"": 14.010657001667065}, ""text_contacts"": {""n"": 3, ""periods"": [""2022-12-01"", ""2023-12-01"", ""2024-12-01""], ""value"": 4.928568872987478}}}"
