adm_cd,signal_date,date,age_band,detection_model_version,version,raw_state,seasonal_state,local_state,overall_recovery_status,payload_json
1123051,2025-10-01,2025-10-01,30s,a2_age_detection_v1_bd2dbf881a54,a2_activity_level_v2_524586af3007,both_below_reference,both_below_reference,both_below_reference,mixed_recovery_or_basis,"{""adm_cd"": ""1123051"", ""adm_nm"": ""신사동"", ""age_band"": ""30s"", ""common_change_pct"": {""call_contacts"": -0.8668192469354352, ""text_contacts"": -4.644550599506481, ""weekday_move_count"": -5.580262295146166, ""weekend_move_count"": 12.141993209147506}, ""comparison_note"": ""same_calendar_month_baseline_normalization_then_pre_signal_ratio; district_median_includes_target; overlapping_source_windows_not_independent"", ""consecutive_all_below_months"": 0, ""consecutive_both_below_months"": 1, ""date"": ""2025-10-01"", ""detection_model_version"": ""a2_age_detection_v1_bd2dbf881a54"", ""domain_states"": {""communication"": {""consecutive_both_below_months"": 1, ""local_state"": ""both_below_reference"", ""metrics"": [""call_contacts"", ""text_contacts""], ""raw_state"": ""both_below_reference"", ""recovery_status"": ""below_reference"", ""seasonal_state"": ""both_below_reference""}, ""mobility"": {""consecutive_both_below_months"": 0, ""local_state"": ""mixed_recovery"", ""metrics"": [""weekday_move_count"", ""weekend_move_count""], ""raw_state"": ""mixed_recovery"", ""recovery_status"": ""mixed_recovery_or_basis"", ""seasonal_state"": ""mixed_recovery""}}, ""legacy_state_scope"": ""communication"", ""local_change_pct"": {""call_contacts"": -3.602758020705066, ""text_contacts"": -0.3060267245398429, ""weekday_move_count"": -0.2569306309005315, ""weekend_move_count"": 0.30685587795582503}, ""local_state"": ""both_below_reference"", ""metric_states"": {""call_contacts"": {""local"": ""below_reference"", ""raw"": ""below_reference"", ""seasonal"": ""below_reference""}, ""text_contacts"": {""local"": ""below_reference"", ""raw"": ""below_reference"", ""seasonal"": ""below_reference""}, ""weekday_move_count"": {""local"": ""below_reference"", ""raw"": ""below_reference"", ""seasonal"": ""below_reference""}, ""weekend_move_count"": {""local"": ""at_or_above_reference"", ""raw"": ""at_or_above_reference"", ""seasonal"": ""at_or_above_reference""}}, ""months_since_signal"": 0, ""overall_recovery_status"": ""mixed_recovery_or_basis"", ""overall_states"": {""local_state"": ""mixed_recovery"", ""raw_state"": ""mixed_recovery"", ""seasonal_state"": ""mixed_recovery""}, ""peer_n"": {""call_contacts"": 22, ""text_contacts"": 22, ""weekday_move_count"": 22, ""weekend_move_count"": 22}, ""quality"": {""call_contacts"": ""ready"", ""text_contacts"": ""ready"", ""weekday_move_count"": ""ready"", ""weekend_move_count"": ""ready""}, ""raw_change_pct"": {""call_contacts"": -5.514193230556841, ""text_contacts"": -5.31116437963518, ""weekday_move_count"": -8.54971346144502, ""weekend_move_count"": 15.985480361269966}, ""raw_state"": ""both_below_reference"", ""recovery_confirmation"": ""descriptive_level_comparison_only_not_sustained_recovery_confirmation"", ""reference_date"": ""2025-09-01"", ""reference_quality"": {""call_contacts"": ""ready"", ""text_contacts"": ""ready"", ""weekday_move_count"": ""ready"", ""weekend_move_count"": ""ready""}, ""seasonal_change_pct"": {""call_contacts"": -4.438347867696524, ""text_contacts"": -4.936363757977058, ""weekday_move_count"": -5.822855522925874, ""weekend_move_count"": 12.486107506966594}, ""seasonal_state"": ""both_below_reference"", ""signal_date"": ""2025-10-01"", ""tracked_metrics"": [""call_contacts"", ""text_contacts"", ""weekday_move_count"", ""weekend_move_count""], ""trigger_domains"": [""communication""]}"
1123051,2025-10-01,2025-11-01,30s,a2_age_detection_v1_bd2dbf881a54,a2_activity_level_v2_524586af3007,both_below_reference,both_below_reference,both_below_reference,below_reference,"{""adm_cd"": ""1123051"", ""adm_nm"": ""신사동"", ""age_band"": ""30s"", ""common_change_pct"": {""call_contacts"": -1.512838912535286, ""text_contacts"": -7.865642977760889, ""weekday_move_count"": -33.649363692145485, ""weekend_move_count"": -37.55552630920194}, ""comparison_note"": ""same_calendar_month_baseline_normalization_then_pre_signal_ratio; district_median_includes_target; overlapping_source_windows_not_independent"", ""consecutive_all_below_months"": 1, ""consecutive_both_below_months"": 2, ""date"": ""2025-11-01"", ""detection_model_version"": ""a2_age_detection_v1_bd2dbf881a54"", ""domain_states"": {""communication"": {""consecutive_both_below_months"": 2, ""local_state"": ""both_below_reference"", ""metrics"": [""call_contacts"", ""text_contacts""], ""raw_state"": ""both_below_reference"", ""recovery_status"": ""below_reference"", ""seasonal_state"": ""both_below_reference""}, ""mobility"": {""consecutive_both_below_months"": 1, ""local_state"": ""recovered_to_reference"", ""metrics"": [""weekday_move_count"", ""weekend_move_count""], ""raw_state"": ""both_below_reference"", ""recovery_status"": ""below_reference"", ""seasonal_state"": ""both_below_reference""}}, ""legacy_state_scope"": ""communication"", ""local_change_pct"": {""call_contacts"": -1.105489011041716, ""text_contacts"": -0.6867229852824175, ""weekday_move_count"": 4.333951340140851, ""weekend_move_count"": 1.8142786094453633}, ""local_state"": ""both_below_reference"", ""metric_states"": {""call_contacts"": {""local"": ""below_reference"", ""raw"": ""below_reference"", ""seasonal"": ""below_reference""}, ""text_contacts"": {""local"": ""below_reference"", ""raw"": ""below_reference"", ""seasonal"": ""below_reference""}, ""weekday_move_count"": {""local"": ""at_or_above_reference"", ""raw"": ""below_reference"", ""seasonal"": ""below_reference""}, ""weekend_move_count"": {""local"": ""at_or_above_reference"", ""raw"": ""below_reference"", ""seasonal"": ""below_reference""}}, ""months_since_signal"": 1, ""overall_recovery_status"": ""below_reference"", ""overall_states"": {""local_state"": ""mixed_recovery"", ""raw_state"": ""all_below_reference"", ""seasonal_state"": ""all_below_reference""}, ""peer_n"": {""call_contacts"": 22, ""text_contacts"": 22, ""weekday_move_count"": 22, ""weekend_move_count"": 22}, ""quality"": {""call_contacts"": ""ready"", ""text_contacts"": ""ready"", ""weekday_move_count"": ""ready"", ""weekend_move_count"": ""ready""}, ""raw_change_pct"": {""call_contacts"": -3.3327364788492186, ""text_contacts"": -7.411496517611537, ""weekday_move_count"": -36.1186344090073, ""weekend_move_count"": -23.016153120920123}, ""raw_state"": ""both_below_reference"", ""recovery_confirmation"": ""descriptive_level_comparison_only_not_sustained_recovery_confirmation"", ""reference_date"": ""2025-09-01"", ""reference_quality"": {""call_contacts"": ""ready"", ""text_contacts"": ""ready"", ""weekday_move_count"": ""ready"", ""weekend_move_count"": ""ready""}, ""seasonal_change_pct"": {""call_contacts"": -2.601603655644158, ""text_contacts"": -8.498350784774766, ""weekday_move_count"": -30.773759400689237, ""weekend_move_count"": -36.42260958024905}, ""seasonal_state"": ""both_below_reference"", ""signal_date"": ""2025-10-01"", ""tracked_metrics"": [""call_contacts"", ""text_contacts"", ""weekday_move_count"", ""weekend_move_count""], ""trigger_domains"": [""communication""]}"
1123051,2025-10-01,2025-12-01,30s,a2_age_detection_v1_bd2dbf881a54,a2_activity_level_v2_524586af3007,both_below_reference,mixed_recovery,mixed_recovery,mixed_recovery_or_basis,"{""adm_cd"": ""1123051"", ""adm_nm"": ""신사동"", ""age_band"": ""30s"", ""common_change_pct"": {""call_contacts"": -0.5886892650431741, ""text_contacts"": -12.013764591602726, ""weekday_move_count"": -40.77010170162914, ""weekend_move_count"": -28.808680379341688}, ""comparison_note"": ""same_calendar_month_baseline_normalization_then_pre_signal_ratio; district_median_includes_target; overlapping_source_windows_not_independent"", ""consecutive_all_below_months"": 0, ""consecutive_both_below_months"": 0, ""date"": ""2025-12-01"", ""detection_model_version"": ""a2_age_detection_v1_bd2dbf881a54"", ""domain_states"": {""communication"": {""consecutive_both_below_months"": 0, ""local_state"": ""mixed_recovery"", ""metrics"": [""call_contacts"", ""text_contacts""], ""raw_state"": ""both_below_reference"", ""recovery_status"": ""mixed_recovery_or_basis"", ""seasonal_state"": ""mixed_recovery""}, ""mobility"": {""consecutive_both_below_months"": 2, ""local_state"": ""recovered_to_reference"", ""metrics"": [""weekday_move_count"", ""weekend_move_count""], ""raw_state"": ""both_below_reference"", ""recovery_status"": ""below_reference"", ""seasonal_state"": ""both_below_reference""}}, ""legacy_state_scope"": ""communication"", ""local_change_pct"": {""call_contacts"": 2.3836971378027094, ""text_contacts"": -0.5882598159946295, ""weekday_move_count"": 1.6735870950436604, ""weekend_move_count"": 0.8884580364255878}, ""local_state"": ""mixed_recovery"", ""metric_states"": {""call_contacts"": {""local"": ""at_or_above_reference"", ""raw"": ""below_reference"", ""seasonal"": ""at_or_above_reference""}, ""text_contacts"": {""local"": ""below_reference"", ""raw"": ""below_reference"", ""seasonal"": ""below_reference""}, ""weekday_move_count"": {""local"": ""at_or_above_reference"", ""raw"": ""below_reference"", ""seasonal"": ""below_reference""}, ""weekend_move_count"": {""local"": ""at_or_above_reference"", ""raw"": ""below_reference"", ""seasonal"": ""below_reference""}}, ""months_since_signal"": 2, ""overall_recovery_status"": ""mixed_recovery_or_basis"", ""overall_states"": {""local_state"": ""mixed_recovery"", ""raw_state"": ""all_below_reference"", ""seasonal_state"": ""mixed_recovery""}, ""peer_n"": {""call_contacts"": 22, ""text_contacts"": 22, ""weekday_move_count"": 22, ""weekend_move_count"": 22}, ""quality"": {""call_contacts"": ""ready"", ""text_contacts"": ""ready"", ""weekday_move_count"": ""ready"", ""weekend_move_count"": ""ready""}, ""raw_change_pct"": {""call_contacts"": -2.448958890951569, ""text_contacts"": -11.051921240906559, ""weekday_move_count"": -39.220831500007655, ""weekend_move_count"": -18.42122407447484}, ""raw_state"": ""both_below_reference"", ""recovery_confirmation"": ""descriptive_level_comparison_only_not_sustained_recovery_confirmation"", ""reference_date"": ""2025-09-01"", ""reference_quality"": {""call_contacts"": ""ready"", ""text_contacts"": ""ready"", ""weekday_move_count"": ""ready"", ""weekend_move_count"": ""ready""}, ""seasonal_change_pct"": {""call_contacts"": 1.7809753035981535, ""text_contacts"": -12.531352258116769, ""weekday_move_count"": -39.77883776730011, ""weekend_move_count"": -28.17617537893453}, ""seasonal_state"": ""mixed_recovery"", ""signal_date"": ""2025-10-01"", ""tracked_metrics"": [""call_contacts"", ""text_contacts"", ""weekday_move_count"", ""weekend_move_count""], ""trigger_domains"": [""communication""]}"
1123059,2025-10-01,2025-10-01,30s,a2_age_detection_v1_bd2dbf881a54,a2_activity_level_v2_524586af3007,both_below_reference,both_below_reference,both_below_reference,mixed_recovery_or_basis,"{""adm_cd"": ""1123059"", ""adm_nm"": ""삼성2동"", ""age_band"": ""30s"", ""common_change_pct"": {""call_contacts"": -0.8668192469354352, ""text_contacts"": -4.644550599506481, ""weekday_move_count"": -5.580262295146166, ""weekend_move_count"": 12.141993209147506}, ""comparison_note"": ""same_calendar_month_baseline_normalization_then_pre_signal_ratio; district_median_includes_target; overlapping_source_windows_not_independent"", ""consecutive_all_below_months"": 0, ""consecutive_both_below_months"": 1, ""date"": ""2025-10-01"", ""detection_model_version"": ""a2_age_detection_v1_bd2dbf881a54"", ""domain_states"": {""communication"": {""consecutive_both_below_months"": 1, ""local_state"": ""both_below_reference"", ""metrics"": [""call_contacts"", ""text_contacts""], ""raw_state"": ""both_below_reference"", ""recovery_status"": ""below_reference"", ""seasonal_state"": ""both_below_reference""}, ""mobility"": {""consecutive_both_below_months"": 0, ""local_state"": ""both_below_reference"", ""metrics"": [""weekday_move_count"", ""weekend_move_count""], ""raw_state"": ""mixed_recovery"", ""recovery_status"": ""mixed_recovery_or_basis"", ""seasonal_state"": ""mixed_recovery""}}, ""legacy_state_scope"": ""communication"", ""local_change_pct"": {""call_contacts"": -2.84976467002086, ""text_contacts"": -0.6210355023733127, ""weekday_move_count"": -0.9258641277875013, ""weekend_move_count"": -2.398531570012774}, ""local_state"": ""both_below_reference"", ""metric_states"": {""call_contacts"": {""local"": ""below_reference"", ""raw"": ""below_reference"", ""seasonal"": ""below_reference""}, ""text_contacts"": {""local"": ""below_reference"", ""raw"": ""below_reference"", ""seasonal"": ""below_reference""}, ""weekday_move_count"": {""local"": ""below_reference"", ""raw"": ""below_reference"", ""seasonal"": ""below_reference""}, ""weekend_move_count"": {""local"": ""below_reference"", ""raw"": ""at_or_above_reference"", ""seasonal"": ""at_or_above_reference""}}, ""months_since_signal"": 0, ""overall_recovery_status"": ""mixed_recovery_or_basis"", ""overall_states"": {""local_state"": ""all_below_reference"", ""raw_state"": ""mixed_recovery"", ""seasonal_state"": ""mixed_recovery""}, ""peer_n"": {""call_contacts"": 22, ""text_contacts"": 22, ""weekday_move_count"": 22, ""weekend_move_count"": 22}, ""quality"": {""call_contacts"": ""ready"", ""text_contacts"": ""ready"", ""weekday_move_count"": ""ready"", ""weekend_move_count"": ""ready""}, ""raw_change_pct"": {""call_contacts"": -4.255530843306909, ""text_contacts"": -4.688540582873291, ""weekday_move_count"": -8.117816015860624, ""weekend_move_count"": 15.549566926543035}, ""raw_state"": ""both_below_reference"", ""recovery_confirmation"": ""descriptive_level_comparison_only_not_sustained_recovery_confirmation"", ""reference_date"": ""2025-09-01"", ""reference_quality"": {""call_contacts"": ""ready"", ""text_contacts"": ""ready"", ""weekday_move_count"": ""ready"", ""weekend_move_count"": ""ready""}, ""seasonal_change_pct"": {""call_contacts"": -3.6918816083041928, ""text_contacts"": -5.23674179373117, ""weekday_move_count"": -6.454460776106452, ""weekend_move_count"": 9.452232098784519}, ""seasonal_state"": ""both_below_reference"", ""signal_date"": ""2025-10-01"", ""tracked_metrics"": [""call_contacts"", ""text_contacts"", ""weekday_move_count"", ""weekend_move_count""], ""trigger_domains"": [""communication""]}"
1123059,2025-10-01,2025-10-01,50s,a2_age_detection_v1_bd2dbf881a54,a2_activity_level_v2_524586af3007,both_below_reference,both_below_reference,both_below_reference,mixed_recovery_or_basis,"{""adm_cd"": ""1123059"", ""adm_nm"": ""삼성2동"", ""age_band"": ""50s"", ""common_change_pct"": {""call_contacts"": -1.7333909799401415, ""text_contacts"": -3.3298473313206567, ""weekday_move_count"": -5.368826576673403, ""weekend_move_count"": 12.438767815497997}, ""comparison_note"": ""same_calendar_month_baseline_normalization_then_pre_signal_ratio; district_median_includes_target; overlapping_source_windows_not_independent"", ""consecutive_all_below_months"": 0, ""consecutive_both_below_months"": 1, ""date"": ""2025-10-01"", ""detection_model_version"": ""a2_age_detection_v1_bd2dbf881a54"", ""domain_states"": {""communication"": {""consecutive_both_below_months"": 1, ""local_state"": ""both_below_reference"", ""metrics"": [""call_contacts"", ""text_contacts""], ""raw_state"": ""both_below_reference"", ""recovery_status"": ""below_reference"", ""seasonal_state"": ""both_below_reference""}, ""mobility"": {""consecutive_both_below_months"": 0, ""local_state"": ""recovered_to_reference"", ""metrics"": [""weekday_move_count"", ""weekend_move_count""], ""raw_state"": ""mixed_recovery"", ""recovery_status"": ""mixed_recovery_or_basis"", ""seasonal_state"": ""mixed_recovery""}}, ""legacy_state_scope"": ""communication"", ""local_change_pct"": {""call_contacts"": -0.0289711193375064, ""text_contacts"": -1.6918474046146326, ""weekday_move_count"": 0.21559965287680782, ""weekend_move_count"": 0.33603121066199115}, ""local_state"": ""both_below_reference"", ""metric_states"": {""call_contacts"": {""local"": ""below_reference"", ""raw"": ""below_reference"", ""seasonal"": ""below_reference""}, ""text_contacts"": {""local"": ""below_reference"", ""raw"": ""below_reference"", ""seasonal"": ""below_reference""}, ""weekday_move_count"": {""local"": ""at_or_above_reference"", ""raw"": ""below_reference"", ""seasonal"": ""below_reference""}, ""weekend_move_count"": {""local"": ""at_or_above_reference"", ""raw"": ""at_or_above_reference"", ""seasonal"": ""at_or_above_reference""}}, ""months_since_signal"": 0, ""overall_recovery_status"": ""mixed_recovery_or_basis"", ""overall_states"": {""local_state"": ""mixed_recovery"", ""raw_state"": ""mixed_recovery"", ""seasonal_state"": ""mixed_recovery""}, ""peer_n"": {""call_contacts"": 22, ""text_contacts"": 22, ""weekday_move_count"": 22, ""weekend_move_count"": 19}, ""quality"": {""call_contacts"": ""ready"", ""text_contacts"": ""ready"", ""weekday_move_count"": ""ready"", ""weekend_move_count"": ""ready""}, ""raw_change_pct"": {""call_contacts"": -4.29844936757574, ""text_contacts"": -4.164425306403075, ""weekday_move_count"": -7.451348100768529, ""weekend_move_count"": 16.39689166805416}, ""raw_state"": ""both_below_reference"", ""recovery_confirmation"": ""descriptive_level_comparison_only_not_sustained_recovery_confirmation"", ""reference_date"": ""2025-09-01"", ""reference_quality"": {""call_contacts"": ""ready"", ""text_contacts"": ""ready"", ""weekday_move_count"": ""ready"", ""weekend_move_count"": ""ready""}, ""seasonal_change_pct"": {""call_contacts"": -1.7618599165082682, ""text_contacts"": -4.965358800282715, ""weekday_move_count"": -5.164802095259457, ""weekend_move_count"": 12.816597168241838}, ""seasonal_state"": ""both_below_reference"", ""signal_date"": ""2025-10-01"", ""tracked_metrics"": [""call_contacts"", ""text_contacts"", ""weekday_move_count"", ""weekend_move_count""], ""trigger_domains"": [""communication""]}"
1123059,2025-10-01,2025-11-01,30s,a2_age_detection_v1_bd2dbf881a54,a2_activity_level_v2_524586af3007,both_below_reference,both_below_reference,both_below_reference,below_reference,"{""adm_cd"": ""1123059"", ""adm_nm"": ""삼성2동"", ""age_band"": ""30s"", ""common_change_pct"": {""call_contacts"": -1.512838912535286, ""text_contacts"": -7.865642977760889, ""weekday_move_count"": -33.649363692145485, ""weekend_move_count"": -37.55552630920194}, ""comparison_note"": ""same_calendar_month_baseline_normalization_then_pre_signal_ratio; district_median_includes_target; overlapping_source_windows_not_independent"", ""consecutive_all_below_months"": 1, ""consecutive_both_below_months"": 2, ""date"": ""2025-11-01"", ""detection_model_version"": ""a2_age_detection_v1_bd2dbf881a54"", ""domain_states"": {""communication"": {""consecutive_both_below_months"": 2, ""local_state"": ""both_below_reference"", ""metrics"": [""call_contacts"", ""text_contacts""], ""raw_state"": ""both_below_reference"", ""recovery_status"": ""below_reference"", ""seasonal_state"": ""both_below_reference""}, ""mobility"": {""consecutive_both_below_months"": 1, ""local_state"": ""both_below_reference"", ""metrics"": [""weekday_move_count"", ""weekend_move_count""], ""raw_state"": ""both_below_reference"", ""recovery_status"": ""below_reference"", ""seasonal_state"": ""both_below_reference""}}, ""legacy_state_scope"": ""communication"", ""local_change_pct"": {""call_contacts"": -2.454746203875524, ""text_contacts"": -0.8566948606610114, ""weekday_move_count"": -1.2231936794049325, ""weekend_move_count"": -1.330900276136071}, ""local_state"": ""both_below_reference"", ""metric_states"": {""call_contacts"": {""local"": ""below_reference"", ""raw"": ""below_reference"", ""seasonal"": ""below_reference""}, ""text_contacts"": {""local"": ""below_reference"", ""raw"": ""below_reference"", ""seasonal"": ""below_reference""}, ""weekday_move_count"": {""local"": ""below_reference"", ""raw"": ""below_reference"", ""seasonal"": ""below_reference""}, ""weekend_move_count"": {""local"": ""below_reference"", ""raw"": ""below_reference"", ""seasonal"": ""below_reference""}}, ""months_since_signal"": 1, ""overall_recovery_status"": ""below_reference"", ""overall_states"": {""local_state"": ""all_below_reference"", ""raw_state"": ""all_below_reference"", ""seasonal_state"": ""all_below_reference""}, ""peer_n"": {""call_contacts"": 22, ""text_contacts"": 22, ""weekday_move_count"": 22, ""weekend_move_count"": 22}, ""quality"": {""call_contacts"": ""ready"", ""text_contacts"": ""ready"", ""weekday_move_count"": ""ready"", ""weekend_move_count"": ""ready""}, ""raw_change_pct"": {""call_contacts"": -4.210356402414472, ""text_contacts"": -8.358784823562326, ""weekday_move_count"": -39.04605275810267, ""weekend_move_count"": -25.629629248963926}, ""raw_state"": ""both_below_reference"", ""recovery_confirmation"": ""descriptive_level_comparison_only_not_sustained_recovery_confirmation"", ""reference_date"": ""2025-09-01"", ""reference_quality"": {""call_contacts"": ""ready"", ""text_contacts"": ""ready"", ""weekday_move_count"": ""ready"", ""weekend_move_count"": ""ready""}, ""seasonal_change_pct"": {""call_contacts"": -3.9304487606345972, ""text_contacts"": -8.654953279273482, ""weekday_move_count"": -34.46096048170811, ""weekend_move_count"": -38.38659998198448}, ""seasonal_state"": ""both_below_reference"", ""signal_date"": ""2025-10-01"", ""tracked_metrics"": [""call_contacts"", ""text_contacts"", ""weekday_move_count"", ""weekend_move_count""], ""trigger_domains"": [""communication""]}"
1123059,2025-10-01,2025-11-01,50s,a2_age_detection_v1_bd2dbf881a54,a2_activity_level_v2_524586af3007,both_below_reference,both_below_reference,mixed_recovery,below_reference,"{""adm_cd"": ""1123059"", ""adm_nm"": ""삼성2동"", ""age_band"": ""50s"", ""common_change_pct"": {""call_contacts"": -1.3102819877631289, ""text_contacts"": -5.5310591466853465, ""weekday_move_count"": -33.77678852208257, ""weekend_move_count"": -37.40852709715777}, ""comparison_note"": ""same_calendar_month_baseline_normalization_then_pre_signal_ratio; district_median_includes_target; overlapping_source_windows_not_independent"", ""consecutive_all_below_months"": 1, ""consecutive_both_below_months"": 2, ""date"": ""2025-11-01"", ""detection_model_version"": ""a2_age_detection_v1_bd2dbf881a54"", ""domain_states"": {""communication"": {""consecutive_both_below_months"": 2, ""local_state"": ""mixed_recovery"", ""metrics"": [""call_contacts"", ""text_contacts""], ""raw_state"": ""both_below_reference"", ""recovery_status"": ""below_reference"", ""seasonal_state"": ""both_below_reference""}, ""mobility"": {""consecutive_both_below_months"": 1, ""local_state"": ""recovered_to_reference"", ""metrics"": [""weekday_move_count"", ""weekend_move_count""], ""raw_state"": ""both_below_reference"", ""recovery_status"": ""below_reference"", ""seasonal_state"": ""both_below_reference""}}, ""legacy_state_scope"": ""communication"", ""local_change_pct"": {""call_contacts"": 0.18315522595404587, ""text_contacts"": -1.6451068528920199, ""weekday_move_count"": 1.1138003606212754, ""weekend_move_count"": 1.125935915083276}, ""local_state"": ""mixed_recovery"", ""metric_states"": {""call_contacts"": {""local"": ""at_or_above_reference"", ""raw"": ""below_reference"", ""seasonal"": ""below_reference""}, ""text_contacts"": {""local"": ""below_reference"", ""raw"": ""below_reference"", ""seasonal"": ""below_reference""}, ""weekday_move_count"": {""local"": ""at_or_above_reference"", ""raw"": ""below_reference"", ""seasonal"": ""below_reference""}, ""weekend_move_count"": {""local"": ""at_or_above_reference"", ""raw"": ""below_reference"", ""seasonal"": ""below_reference""}}, ""months_since_signal"": 1, ""overall_recovery_status"": ""below_reference"", ""overall_states"": {""local_state"": ""mixed_recovery"", ""raw_state"": ""all_below_reference"", ""seasonal_state"": ""all_below_reference""}, ""peer_n"": {""call_contacts"": 22, ""text_contacts"": 22, ""weekday_move_count"": 22, ""weekend_move_count"": 19}, ""quality"": {""call_contacts"": ""ready"", ""text_contacts"": ""ready"", ""weekday_move_count"": ""ready"", ""weekend_move_count"": ""ready""}, ""raw_change_pct"": {""call_contacts"": -3.7405212786723596, ""text_contacts"": -6.362966809635862, ""weekday_move_count"": -37.40310338674109, ""weekend_move_count"": -23.468016457022323}, ""raw_state"": ""both_below_reference"", ""recovery_confirmation"": ""descriptive_level_comparison_only_not_sustained_recovery_confirmation"", ""reference_date"": ""2025-09-01"", ""reference_quality"": {""call_contacts"": ""ready"", ""text_contacts"": ""ready"", ""weekday_move_count"": ""ready"", ""weekend_move_count"": ""ready""}, ""seasonal_change_pct"": {""call_contacts"": -1.1295266117444136, ""text_contacts"": -7.085174166517739, ""weekday_move_count"": -33.039194153826536, ""weekend_move_count"": -36.70378722396506}, ""seasonal_state"": ""both_below_reference"", ""signal_date"": ""2025-10-01"", ""tracked_metrics"": [""call_contacts"", ""text_contacts"", ""weekday_move_count"", ""weekend_move_count""], ""trigger_domains"": [""communication""]}"
1123059,2025-10-01,2025-12-01,30s,a2_age_detection_v1_bd2dbf881a54,a2_activity_level_v2_524586af3007,both_below_reference,both_below_reference,both_below_reference,below_reference,"{""adm_cd"": ""1123059"", ""adm_nm"": ""삼성2동"", ""age_band"": ""30s"", ""common_change_pct"": {""call_contacts"": -0.5886892650431741, ""text_contacts"": -12.013764591602726, ""weekday_move_count"": -40.77010170162914, ""weekend_move_count"": -28.808680379341688}, ""comparison_note"": ""same_calendar_month_baseline_normalization_then_pre_signal_ratio; district_median_includes_target; overlapping_source_windows_not_independent"", ""consecutive_all_below_months"": 2, ""consecutive_both_below_months"": 3, ""date"": ""2025-12-01"", ""detection_model_version"": ""a2_age_detection_v1_bd2dbf881a54"", ""domain_states"": {""communication"": {""consecutive_both_below_months"": 3, ""local_state"": ""both_below_reference"", ""metrics"": [""call_contacts"", ""text_contacts""], ""raw_state"": ""both_below_reference"", ""recovery_status"": ""below_reference"", ""seasonal_state"": ""both_below_reference""}, ""mobility"": {""consecutive_both_below_months"": 2, ""local_state"": ""recovered_to_reference"", ""metrics"": [""weekday_move_count"", ""weekend_move_count""], ""raw_state"": ""both_below_reference"", ""recovery_status"": ""below_reference"", ""seasonal_state"": ""both_below_reference""}}, ""legacy_state_scope"": ""communication"", ""local_change_pct"": {""call_contacts"": -2.7766379188958634, ""text_contacts"": -2.5121401750186623, ""weekday_move_count"": 0.6133875554785728, ""weekend_move_count"": 0.23048281680508875}, ""local_state"": ""both_below_reference"", ""metric_states"": {""call_contacts"": {""local"": ""below_reference"", ""raw"": ""below_reference"", ""seasonal"": ""below_reference""}, ""text_contacts"": {""local"": ""below_reference"", ""raw"": ""below_reference"", ""seasonal"": ""below_reference""}, ""weekday_move_count"": {""local"": ""at_or_above_reference"", ""raw"": ""below_reference"", ""seasonal"": ""below_reference""}, ""weekend_move_count"": {""local"": ""at_or_above_reference"", ""raw"": ""below_reference"", ""seasonal"": ""below_reference""}}, ""months_since_signal"": 2, ""overall_recovery_status"": ""below_reference"", ""overall_states"": {""local_state"": ""mixed_recovery"", ""raw_state"": ""all_below_reference"", ""seasonal_state"": ""all_below_reference""}, ""peer_n"": {""call_contacts"": 22, ""text_contacts"": 22, ""weekday_move_count"": 22, ""weekend_move_count"": 22}, ""quality"": {""call_contacts"": ""ready"", ""text_contacts"": ""ready"", ""weekday_move_count"": ""ready"", ""weekend_move_count"": ""ready""}, ""raw_change_pct"": {""call_contacts"": -3.690765893944481, ""text_contacts"": -13.566932872952165, ""weekday_move_count"": -41.81137173301182, ""weekend_move_count"": -21.829725034404934}, ""raw_state"": ""both_below_reference"", ""recovery_confirmation"": ""descriptive_level_comparison_only_not_sustained_recovery_confirmation"", ""reference_date"": ""2025-09-01"", ""reference_quality"": {""call_contacts"": ""ready"", ""text_contacts"": ""ready"", ""weekday_move_count"": ""ready"", ""weekend_move_count"": ""ready""}, ""seasonal_change_pct"": {""call_contacts"": -3.3489814145813757, ""text_contacts"": -14.22410215978357, ""weekday_move_count"": -40.40679287634431, ""weekend_move_count"": -28.64459662055928}, ""seasonal_state"": ""both_below_reference"", ""signal_date"": ""2025-10-01"", ""tracked_metrics"": [""call_contacts"", ""text_contacts"", ""weekday_move_count"", ""weekend_move_count""], ""trigger_domains"": [""communication""]}"
1123059,2025-10-01,2025-12-01,50s,a2_age_detection_v1_bd2dbf881a54,a2_activity_level_v2_524586af3007,both_below_reference,both_below_reference,mixed_recovery,below_reference,"{""adm_cd"": ""1123059"", ""adm_nm"": ""삼성2동"", ""age_band"": ""50s"", ""common_change_pct"": {""call_contacts"": -2.4448970326407915, ""text_contacts"": -9.809814918584259, ""weekday_move_count"": -41.98120424104547, ""weekend_move_count"": -30.330582537958605}, ""comparison_note"": ""same_calendar_month_baseline_normalization_then_pre_signal_ratio; district_median_includes_target; overlapping_source_windows_not_independent"", ""consecutive_all_below_months"": 2, ""consecutive_both_below_months"": 3, ""date"": ""2025-12-01"", ""detection_model_version"": ""a2_age_detection_v1_bd2dbf881a54"", ""domain_states"": {""communication"": {""consecutive_both_below_months"": 3, ""local_state"": ""mixed_recovery"", ""metrics"": [""call_contacts"", ""text_contacts""], ""raw_state"": ""both_below_reference"", ""recovery_status"": ""below_reference"", ""seasonal_state"": ""both_below_reference""}, ""mobility"": {""consecutive_both_below_months"": 2, ""local_state"": ""recovered_to_reference"", ""metrics"": [""weekday_move_count"", ""weekend_move_count""], ""raw_state"": ""both_below_reference"", ""recovery_status"": ""below_reference"", ""seasonal_state"": ""both_below_reference""}}, ""legacy_state_scope"": ""communication"", ""local_change_pct"": {""call_contacts"": 0.2563660583775329, ""text_contacts"": -2.625331667604136, ""weekday_move_count"": 3.1135120732801447, ""weekend_move_count"": 3.450585323100519}, ""local_state"": ""mixed_recovery"", ""metric_states"": {""call_contacts"": {""local"": ""at_or_above_reference"", ""raw"": ""below_reference"", ""seasonal"": ""below_reference""}, ""text_contacts"": {""local"": ""below_reference"", ""raw"": ""below_reference"", ""seasonal"": ""below_reference""}, ""weekday_move_count"": {""local"": ""at_or_above_reference"", ""raw"": ""below_reference"", ""seasonal"": ""below_reference""}, ""weekend_move_count"": {""local"": ""at_or_above_reference"", ""raw"": ""below_reference"", ""seasonal"": ""below_reference""}}, ""months_since_signal"": 2, ""overall_recovery_status"": ""below_reference"", ""overall_states"": {""local_state"": ""mixed_recovery"", ""raw_state"": ""all_below_reference"", ""seasonal_state"": ""all_below_reference""}, ""peer_n"": {""call_contacts"": 22, ""text_contacts"": 22, ""weekday_move_count"": 22, ""weekend_move_count"": 19}, ""quality"": {""call_contacts"": ""ready"", ""text_contacts"": ""ready"", ""weekday_move_count"": ""ready"", ""weekend_move_count"": ""ready""}, ""raw_change_pct"": {""call_contacts"": -4.152184879682508, ""text_contacts"": -11.61235384298508, ""weekday_move_count"": -40.10299586818097, ""weekend_move_count"": -18.336605408713957}, ""raw_state"": ""both_below_reference"", ""recovery_confirmation"": ""descriptive_level_comparison_only_not_sustained_recovery_confirmation"", ""reference_date"": ""2025-09-01"", ""reference_quality"": {""call_contacts"": ""ready"", ""text_contacts"": ""ready"", ""weekday_move_count"": ""ready"", ""weekend_move_count"": ""ready""}, ""seasonal_change_pct"": {""call_contacts"": -2.1947988604172353, ""text_contacts"": -12.177606408597452, ""weekday_move_count"": -40.17478203031867, ""weekend_move_count"": -27.926579844323772}, ""seasonal_state"": ""both_below_reference"", ""signal_date"": ""2025-10-01"", ""tracked_metrics"": [""call_contacts"", ""text_contacts"", ""weekday_move_count"", ""weekend_move_count""], ""trigger_domains"": [""communication""]}"
1123064,2025-10-01,2025-10-01,40s,a2_age_detection_v1_bd2dbf881a54,a2_activity_level_v2_524586af3007,both_below_reference,both_below_reference,both_below_reference,unavailable_or_partial,"{""adm_cd"": ""1123064"", ""adm_nm"": ""역삼1동"", ""age_band"": ""40s"", ""common_change_pct"": {""call_contacts"": -1.2375063468559877, ""text_contacts"": -4.127166061809939, ""weekday_move_count"": -5.687553714834936, ""weekend_move_count"": 11.891995060929972}, ""comparison_note"": ""same_calendar_month_baseline_normalization_then_pre_signal_ratio; district_median_includes_target; overlapping_source_windows_not_independent"", ""consecutive_all_below_months"": 0, ""consecutive_both_below_months"": 1, ""date"": ""2025-10-01"", ""detection_model_version"": ""a2_age_detection_v1_bd2dbf881a54"", ""domain_states"": {""communication"": {""consecutive_both_below_months"": 1, ""local_state"": ""both_below_reference"", ""metrics"": [""call_contacts"", ""text_contacts""], ""raw_state"": ""both_below_reference"", ""recovery_status"": ""below_reference"", ""seasonal_state"": ""both_below_reference""}, ""mobility"": {""consecutive_both_below_months"": 0, ""local_state"": ""unavailable"", ""metrics"": [""weekday_move_count"", ""weekend_move_count""], ""raw_state"": ""mixed_recovery"", ""recovery_status"": ""unavailable"", ""seasonal_state"": ""unavailable""}}, ""legacy_state_scope"": ""communication"", ""local_change_pct"": {""call_contacts"": -1.694267323392773, ""text_contacts"": -1.7427512106642173, ""weekday_move_count"": 0.6657922201751321, ""weekend_move_count"": null}, ""local_state"": ""both_below_reference"", ""metric_states"": {""call_contacts"": {""local"": ""below_reference"", ""raw"": ""below_reference"", ""seasonal"": ""below_reference""}, ""text_contacts"": {""local"": ""below_reference"", ""raw"": ""below_reference"", ""seasonal"": ""below_reference""}, ""weekday_move_count"": {""local"": ""at_or_above_reference"", ""raw"": ""below_reference"", ""seasonal"": ""below_reference""}, ""weekend_move_count"": {""local"": ""unavailable"", ""raw"": ""at_or_above_reference"", ""seasonal"": ""unavailable""}}, ""months_since_signal"": 0, ""overall_recovery_status"": ""unavailable_or_partial"", ""overall_states"": {""local_state"": ""unavailable"", ""raw_state"": ""mixed_recovery"", ""seasonal_state"": ""unavailable""}, ""peer_n"": {""call_contacts"": 22, ""text_contacts"": 22, ""weekday_move_count"": 22, ""weekend_move_count"": 18}, ""quality"": {""call_contacts"": ""ready"", ""text_contacts"": ""ready"", ""weekday_move_count"": ""ready"", ""weekend_move_count"": ""insufficient_same_month_history""}, ""raw_change_pct"": {""call_contacts"": -4.653118834386072, ""text_contacts"": -5.034721530025788, ""weekday_move_count"": -8.952781624677641, ""weekend_move_count"": 13.824052182294544}, ""raw_state"": ""both_below_reference"", ""recovery_confirmation"": ""descriptive_level_comparison_only_not_sustained_recovery_confirmation"", ""reference_date"": ""2025-09-01"", ""reference_quality"": {""call_contacts"": ""ready"", ""text_contacts"": ""ready"", ""weekday_move_count"": ""ready"", ""weekend_move_count"": ""insufficient_same_month_history""}, ""seasonal_change_pct"": {""call_contacts"": -2.9108070045890666, ""text_contacts"": -5.797991035965843, ""weekday_move_count"": -5.059628784811454, ""weekend_move_count"": null}, ""seasonal_state"": ""both_below_reference"", ""signal_date"": ""2025-10-01"", ""tracked_metrics"": [""call_contacts"", ""text_contacts"", ""weekday_move_count"", ""weekend_move_count""], ""trigger_domains"": [""communication""]}"
1123064,2025-10-01,2025-11-01,40s,a2_age_detection_v1_bd2dbf881a54,a2_activity_level_v2_524586af3007,both_below_reference,both_below_reference,both_below_reference,unavailable_or_partial,"{""adm_cd"": ""1123064"", ""adm_nm"": ""역삼1동"", ""age_band"": ""40s"", ""common_change_pct"": {""call_contacts"": -1.6338446227637804, ""text_contacts"": -6.942736061527366, ""weekday_move_count"": -33.84234586116885, ""weekend_move_count"": -37.7659287452073}, ""comparison_note"": ""same_calendar_month_baseline_normalization_then_pre_signal_ratio; district_median_includes_target; overlapping_source_windows_not_independent"", ""consecutive_all_below_months"": 0, ""consecutive_both_below_months"": 2, ""date"": ""2025-11-01"", ""detection_model_version"": ""a2_age_detection_v1_bd2dbf881a54"", ""domain_states"": {""communication"": {""consecutive_both_below_months"": 2, ""local_state"": ""both_below_reference"", ""metrics"": [""call_contacts"", ""text_contacts""], ""raw_state"": ""both_below_reference"", ""recovery_status"": ""below_reference"", ""seasonal_state"": ""both_below_reference""}, ""mobility"": {""consecutive_both_below_months"": 0, ""local_state"": ""unavailable"", ""metrics"": [""weekday_move_count"", ""weekend_move_count""], ""raw_state"": ""both_below_reference"", ""recovery_status"": ""unavailable"", ""seasonal_state"": ""unavailable""}}, ""legacy_state_scope"": ""communication"", ""local_change_pct"": {""call_contacts"": -1.4482254634016978, ""text_contacts"": -0.3677119429123743, ""weekday_move_count"": 1.9525531259944717, ""weekend_move_count"": null}, ""local_state"": ""both_below_reference"", ""metric_states"": {""call_contacts"": {""local"": ""below_reference"", ""raw"": ""below_reference"", ""seasonal"": ""below_reference""}, ""text_contacts"": {""local"": ""below_reference"", ""raw"": ""below_reference"", ""seasonal"": ""below_reference""}, ""weekday_move_count"": {""local"": ""at_or_above_reference"", ""raw"": ""below_reference"", ""seasonal"": ""below_reference""}, ""weekend_move_count"": {""local"": ""unavailable"", ""raw"": ""below_reference"", ""seasonal"": ""unavailable""}}, ""months_since_signal"": 1, ""overall_recovery_status"": ""unavailable_or_partial"", ""overall_states"": {""local_state"": ""unavailable"", ""raw_state"": ""all_below_reference"", ""seasonal_state"": ""unavailable""}, ""peer_n"": {""call_contacts"": 22, ""text_contacts"": 22, ""weekday_move_count"": 22, ""weekend_move_count"": 18}, ""quality"": {""call_contacts"": ""ready"", ""text_contacts"": ""ready"", ""weekday_move_count"": ""ready"", ""weekend_move_count"": ""insufficient_same_month_history""}, ""raw_change_pct"": {""call_contacts"": -3.4502192194353465, ""text_contacts"": -5.834358285571595, ""weekday_move_count"": -37.744898670947315, ""weekend_move_count"": -23.706889917791795}, ""raw_state"": ""both_below_reference"", ""recovery_confirmation"": ""descriptive_level_comparison_only_not_sustained_recovery_confirmation"", ""reference_date"": ""2025-09-01"", ""reference_quality"": {""call_contacts"": ""ready"", ""text_contacts"": ""ready"", ""weekday_move_count"": ""ready"", ""weekend_move_count"": ""insufficient_same_month_history""}, ""seasonal_change_pct"": {""call_contacts"": -3.058408332306195, ""text_contacts"": -7.284918734776625, ""weekday_move_count"": -32.55058251719649, ""weekend_move_count"": null}, ""seasonal_state"": ""both_below_reference"", ""signal_date"": ""2025-10-01"", ""tracked_metrics"": [""call_contacts"", ""text_contacts"", ""weekday_move_count"", ""weekend_move_count""], ""trigger_domains"": [""communication""]}"
1123064,2025-10-01,2025-12-01,40s,a2_age_detection_v1_bd2dbf881a54,a2_activity_level_v2_524586af3007,both_below_reference,both_below_reference,mixed_recovery,unavailable_or_partial,"{""adm_cd"": ""1123064"", ""adm_nm"": ""역삼1동"", ""age_band"": ""40s"", ""common_change_pct"": {""call_contacts"": -2.5233367999339062, ""text_contacts"": -11.274770775892073, ""weekday_move_count"": -41.76752992453399, ""weekend_move_count"": -29.612221444985398}, ""comparison_note"": ""same_calendar_month_baseline_normalization_then_pre_signal_ratio; district_median_includes_target; overlapping_source_windows_not_independent"", ""consecutive_all_below_months"": 0, ""consecutive_both_below_months"": 3, ""date"": ""2025-12-01"", ""detection_model_version"": ""a2_age_detection_v1_bd2dbf881a54"", ""domain_states"": {""communication"": {""consecutive_both_below_months"": 3, ""local_state"": ""mixed_recovery"", ""metrics"": [""call_contacts"", ""text_contacts""], ""raw_state"": ""both_below_reference"", ""recovery_status"": ""below_reference"", ""seasonal_state"": ""both_below_reference""}, ""mobility"": {""consecutive_both_below_months"": 0, ""local_state"": ""unavailable"", ""metrics"": [""weekday_move_count"", ""weekend_move_count""], ""raw_state"": ""both_below_reference"", ""recovery_status"": ""unavailable"", ""seasonal_state"": ""unavailable""}}, ""legacy_state_scope"": ""communication"", ""local_change_pct"": {""call_contacts"": -0.7998140893608174, ""text_contacts"": 0.6704659166554494, ""weekday_move_count"": 3.7641931185260935, ""weekend_move_count"": null}, ""local_state"": ""mixed_recovery"", ""metric_states"": {""call_contacts"": {""local"": ""below_reference"", ""raw"": ""below_reference"", ""seasonal"": ""below_reference""}, ""text_contacts"": {""local"": ""at_or_above_reference"", ""raw"": ""below_reference"", ""seasonal"": ""below_reference""}, ""weekday_move_count"": {""local"": ""at_or_above_reference"", ""raw"": ""below_reference"", ""seasonal"": ""below_reference""}, ""weekend_move_count"": {""local"": ""unavailable"", ""raw"": ""below_reference"", ""seasonal"": ""unavailable""}}, ""months_since_signal"": 2, ""overall_recovery_status"": ""unavailable_or_partial"", ""overall_states"": {""local_state"": ""unavailable"", ""raw_state"": ""all_below_reference"", ""seasonal_state"": ""unavailable""}, ""peer_n"": {""call_contacts"": 22, ""text_contacts"": 22, ""weekday_move_count"": 22, ""weekend_move_count"": 18}, ""quality"": {""call_contacts"": ""ready"", ""text_contacts"": ""ready"", ""weekday_move_count"": ""ready"", ""weekend_move_count"": ""ready""}, ""raw_change_pct"": {""call_contacts"": -2.5555991311882353, ""text_contacts"": -8.749491972430611, ""weekday_move_count"": -41.222617936196315, ""weekend_move_count"": -20.26145595477342}, ""raw_state"": ""both_below_reference"", ""recovery_confirmation"": ""descriptive_level_comparison_only_not_sustained_recovery_confirmation"", ""reference_date"": ""2025-09-01"", ""reference_quality"": {""call_contacts"": ""ready"", ""text_contacts"": ""ready"", ""weekday_move_count"": ""ready"", ""weekend_move_count"": ""insufficient_same_month_history""}, ""seasonal_change_pct"": {""call_contacts"": -3.302968886046831, ""text_contacts"": -10.67989835447002, ""weekday_move_count"": -39.575547293205524, ""weekend_move_count"": null}, ""seasonal_state"": ""both_below_reference"", ""signal_date"": ""2025-10-01"", ""tracked_metrics"": [""call_contacts"", ""text_contacts"", ""weekday_move_count"", ""weekend_move_count""], ""trigger_domains"": [""communication""]}"
1123065,2025-10-01,2025-10-01,40s,a2_age_detection_v1_bd2dbf881a54,a2_activity_level_v2_524586af3007,both_below_reference,both_below_reference,both_below_reference,mixed_recovery_or_basis,"{""adm_cd"": ""1123065"", ""adm_nm"": ""역삼2동"", ""age_band"": ""40s"", ""common_change_pct"": {""call_contacts"": -1.2375063468559877, ""text_contacts"": -4.127166061809939, ""weekday_move_count"": -5.687553714834936, ""weekend_move_count"": 11.891995060929972}, ""comparison_note"": ""same_calendar_month_baseline_normalization_then_pre_signal_ratio; district_median_includes_target; overlapping_source_windows_not_independent"", ""consecutive_all_below_months"": 0, ""consecutive_both_below_months"": 1, ""date"": ""2025-10-01"", ""detection_model_version"": ""a2_age_detection_v1_bd2dbf881a54"", ""domain_states"": {""communication"": {""consecutive_both_below_months"": 1, ""local_state"": ""both_below_reference"", ""metrics"": [""call_contacts"", ""text_contacts""], ""raw_state"": ""both_below_reference"", ""recovery_status"": ""below_reference"", ""seasonal_state"": ""both_below_reference""}, ""mobility"": {""consecutive_both_below_months"": 0, ""local_state"": ""both_below_reference"", ""metrics"": [""weekday_move_count"", ""weekend_move_count""], ""raw_state"": ""mixed_recovery"", ""recovery_status"": ""mixed_recovery_or_basis"", ""seasonal_state"": ""mixed_recovery""}}, ""legacy_state_scope"": ""communication"", ""local_change_pct"": {""call_contacts"": -2.6887850791021517, ""text_contacts"": -0.4465771618370695, ""weekday_move_count"": -0.8989444223835852, ""weekend_move_count"": -1.9292955244599619}, ""local_state"": ""both_below_reference"", ""metric_states"": {""call_contacts"": {""local"": ""below_reference"", ""raw"": ""below_reference"", ""seasonal"": ""below_reference""}, ""text_contacts"": {""local"": ""below_reference"", ""raw"": ""below_reference"", ""seasonal"": ""below_reference""}, ""weekday_move_count"": {""local"": ""below_reference"", ""raw"": ""below_reference"", ""seasonal"": ""below_reference""}, ""weekend_move_count"": {""local"": ""below_reference"", ""raw"": ""at_or_above_reference"", ""seasonal"": ""at_or_above_reference""}}, ""months_since_signal"": 0, ""overall_recovery_status"": ""mixed_recovery_or_basis"", ""overall_states"": {""local_state"": ""all_below_reference"", ""raw_state"": ""mixed_recovery"", ""seasonal_state"": ""mixed_recovery""}, ""peer_n"": {""call_contacts"": 22, ""text_contacts"": 22, ""weekday_move_count"": 22, ""weekend_move_count"": 18}, ""quality"": {""call_contacts"": ""ready"", ""text_contacts"": ""ready"", ""weekday_move_count"": ""ready"", ""weekend_move_count"": ""ready""}, ""raw_change_pct"": {""call_contacts"": -4.2219266832735585, ""text_contacts"": -4.352816146388361, ""weekday_move_count"": -8.096714620657774, ""weekend_move_count"": 16.524703438053546}, ""raw_state"": ""both_below_reference"", ""recovery_confirmation"": ""descriptive_level_comparison_only_not_sustained_recovery_confirmation"", ""reference_date"": ""2025-09-01"", ""reference_quality"": {""call_contacts"": ""ready"", ""text_contacts"": ""ready"", ""weekday_move_count"": ""ready"", ""weekend_move_count"": ""ready""}, ""seasonal_change_pct"": {""call_contacts"": -3.893017539950938, ""text_contacts"": -4.5553122425838755, ""weekday_move_count"": -6.535370190328937, ""weekend_move_count"": 9.733267807990487}, ""seasonal_state"": ""both_below_reference"", ""signal_date"": ""2025-10-01"", ""tracked_metrics"": [""call_contacts"", ""text_contacts"", ""weekday_move_count"", ""weekend_move_count""], ""trigger_domains"": [""communication""]}"
1123065,2025-11-01,2025-11-01,30s,a2_age_detection_v1_bd2dbf881a54,a2_activity_level_v2_524586af3007,both_below_reference,both_below_reference,mixed_recovery,below_reference,"{""adm_cd"": ""1123065"", ""adm_nm"": ""역삼2동"", ""age_band"": ""30s"", ""common_change_pct"": {""call_contacts"": 0.6534734498781392, ""text_contacts"": -3.352760988325554, ""weekday_move_count"": -29.386028274199695, ""weekend_move_count"": -43.86786391939559}, ""comparison_note"": ""same_calendar_month_baseline_normalization_then_pre_signal_ratio; district_median_includes_target; overlapping_source_windows_not_independent"", ""consecutive_all_below_months"": 1, ""consecutive_both_below_months"": 1, ""date"": ""2025-11-01"", ""detection_model_version"": ""a2_age_detection_v1_bd2dbf881a54"", ""domain_states"": {""communication"": {""consecutive_both_below_months"": 1, ""local_state"": ""mixed_recovery"", ""metrics"": [""call_contacts"", ""text_contacts""], ""raw_state"": ""both_below_reference"", ""recovery_status"": ""below_reference"", ""seasonal_state"": ""both_below_reference""}, ""mobility"": {""consecutive_both_below_months"": 1, ""local_state"": ""recovered_to_reference"", ""metrics"": [""weekday_move_count"", ""weekend_move_count""], ""raw_state"": ""both_below_reference"", ""recovery_status"": ""below_reference"", ""seasonal_state"": ""both_below_reference""}}, ""legacy_state_scope"": ""communication"", ""local_change_pct"": {""call_contacts"": -2.7897384079732634, ""text_contacts"": 0.06562994953631662, ""weekday_move_count"": 0.8241310481378328, ""weekend_move_count"": 1.1456462523938393}, ""local_state"": ""mixed_recovery"", ""metric_states"": {""call_contacts"": {""local"": ""below_reference"", ""raw"": ""below_reference"", ""seasonal"": ""below_reference""}, ""text_contacts"": {""local"": ""at_or_above_reference"", ""raw"": ""below_reference"", ""seasonal"": ""below_reference""}, ""weekday_move_count"": {""local"": ""at_or_above_reference"", ""raw"": ""below_reference"", ""seasonal"": ""below_reference""}, ""weekend_move_count"": {""local"": ""at_or_above_reference"", ""raw"": ""below_reference"", ""seasonal"": ""below_reference""}}, ""months_since_signal"": 0, ""overall_recovery_status"": ""below_reference"", ""overall_states"": {""local_state"": ""mixed_recovery"", ""raw_state"": ""all_below_reference"", ""seasonal_state"": ""all_below_reference""}, ""peer_n"": {""call_contacts"": 22, ""text_contacts"": 22, ""weekday_move_count"": 22, ""weekend_move_count"": 22}, ""quality"": {""call_contacts"": ""ready"", ""text_contacts"": ""ready"", ""weekday_move_count"": ""ready"", ""weekend_move_count"": ""ready""}, ""raw_change_pct"": {""call_contacts"": -2.2499455885122033, ""text_contacts"": -3.9962898224697785, ""weekday_move_count"": -33.441762990740756, ""weekend_move_count"": -35.14951601163286}, ""raw_state"": ""both_below_reference"", ""recovery_confirmation"": ""descriptive_level_comparison_only_not_sustained_recovery_confirmation"", ""reference_date"": ""2025-10-01"", ""reference_quality"": {""call_contacts"": ""ready"", ""text_contacts"": ""ready"", ""weekday_move_count"": ""ready"", ""weekend_move_count"": ""ready""}, ""seasonal_change_pct"": {""call_contacts"": -2.154495157912284, ""text_contacts"": -3.289331454133948, ""weekday_move_count"": -28.8040766088841, ""weekend_move_count"": -43.22478820599953}, ""seasonal_state"": ""both_below_reference"", ""signal_date"": ""2025-11-01"", ""tracked_metrics"": [""call_contacts"", ""text_contacts"", ""weekday_move_count"", ""weekend_move_count""], ""trigger_domains"": [""communication""]}"
1123065,2025-10-01,2025-11-01,40s,a2_age_detection_v1_bd2dbf881a54,a2_activity_level_v2_524586af3007,both_below_reference,both_below_reference,mixed_recovery,below_reference,"{""adm_cd"": ""1123065"", ""adm_nm"": ""역삼2동"", ""age_band"": ""40s"", ""common_change_pct"": {""call_contacts"": -1.6338446227637804, ""text_contacts"": -6.942736061527366, ""weekday_move_count"": -33.84234586116885, ""weekend_move_count"": -37.7659287452073}, ""comparison_note"": ""same_calendar_month_baseline_normalization_then_pre_signal_ratio; district_median_includes_target; overlapping_source_windows_not_independent"", ""consecutive_all_below_months"": 1, ""consecutive_both_below_months"": 2, ""date"": ""2025-11-01"", ""detection_model_version"": ""a2_age_detection_v1_bd2dbf881a54"", ""domain_states"": {""communication"": {""consecutive_both_below_months"": 2, ""local_state"": ""mixed_recovery"", ""metrics"": [""call_contacts"", ""text_contacts""], ""raw_state"": ""both_below_reference"", ""recovery_status"": ""below_reference"", ""seasonal_state"": ""both_below_reference""}, ""mobility"": {""consecutive_both_below_months"": 1, ""local_state"": ""mixed_recovery"", ""metrics"": [""weekday_move_count"", ""weekend_move_count""], ""raw_state"": ""both_below_reference"", ""recovery_status"": ""below_reference"", ""seasonal_state"": ""both_below_reference""}}, ""legacy_state_scope"": ""communication"", ""local_change_pct"": {""call_contacts"": -1.9148297439933848, ""text_contacts"": 0.006491857631418796, ""weekday_move_count"": -0.3680917296309594, ""weekend_move_count"": 0.11484644557842039}, ""local_state"": ""mixed_recovery"", ""metric_states"": {""call_contacts"": {""local"": ""below_reference"", ""raw"": ""below_reference"", ""seasonal"": ""below_reference""}, ""text_contacts"": {""local"": ""at_or_above_reference"", ""raw"": ""below_reference"", ""seasonal"": ""below_reference""}, ""weekday_move_count"": {""local"": ""below_reference"", ""raw"": ""below_reference"", ""seasonal"": ""below_reference""}, ""weekend_move_count"": {""local"": ""at_or_above_reference"", ""raw"": ""below_reference"", ""seasonal"": ""below_reference""}}, ""months_since_signal"": 1, ""overall_recovery_status"": ""below_reference"", ""overall_states"": {""local_state"": ""mixed_recovery"", ""raw_state"": ""all_below_reference"", ""seasonal_state"": ""all_below_reference""}, ""peer_n"": {""call_contacts"": 22, ""text_contacts"": 22, ""weekday_move_count"": 22, ""weekend_move_count"": 18}, ""quality"": {""call_contacts"": ""ready"", ""text_contacts"": ""ready"", ""weekday_move_count"": ""ready"", ""weekend_move_count"": ""ready""}, ""raw_change_pct"": {""call_contacts"": -4.023596329972589, ""text_contacts"": -6.028671645090733, ""weekday_move_count"": -37.73772034777121, ""weekend_move_count"": -23.68546539499149}, ""raw_state"": ""both_below_reference"", ""recovery_confirmation"": ""descriptive_level_comparison_only_not_sustained_recovery_confirmation"", ""reference_date"": ""2025-09-01"", ""reference_quality"": {""call_contacts"": ""ready"", ""text_contacts"": ""ready"", ""weekday_move_count"": ""ready"", ""weekend_move_count"": ""ready""}, ""seasonal_change_pct"": {""call_contacts"": -3.517389023949846, ""text_contacts"": -6.936694916436781, ""weekday_move_count"": -34.08586671457174, ""weekend_move_count"": -37.69445512643242}, ""seasonal_state"": ""both_below_reference"", ""signal_date"": ""2025-10-01"", ""tracked_metrics"": [""call_contacts"", ""text_contacts"", ""weekday_move_count"", ""weekend_move_count""], ""trigger_domains"": [""communication""]}"
1123065,2025-11-01,2025-12-01,30s,a2_age_detection_v1_bd2dbf881a54,a2_activity_level_v2_524586af3007,both_below_reference,both_below_reference,mixed_recovery,below_reference,"{""adm_cd"": ""1123065"", ""adm_nm"": ""역삼2동"", ""age_band"": ""30s"", ""common_change_pct"": {""call_contacts"": 0.36326699247624106, ""text_contacts"": -7.7898378282478475, ""weekday_move_count"": -37.46955003728638, ""weekend_move_count"": -37.17797739378602}, ""comparison_note"": ""same_calendar_month_baseline_normalization_then_pre_signal_ratio; district_median_includes_target; overlapping_source_windows_not_independent"", ""consecutive_all_below_months"": 2, ""consecutive_both_below_months"": 2, ""date"": ""2025-12-01"", ""detection_model_version"": ""a2_age_detection_v1_bd2dbf881a54"", ""domain_states"": {""communication"": {""consecutive_both_below_months"": 2, ""local_state"": ""mixed_recovery"", ""metrics"": [""call_contacts"", ""text_contacts""], ""raw_state"": ""both_below_reference"", ""recovery_status"": ""below_reference"", ""seasonal_state"": ""both_below_reference""}, ""mobility"": {""consecutive_both_below_months"": 2, ""local_state"": ""recovered_to_reference"", ""metrics"": [""weekday_move_count"", ""weekend_move_count""], ""raw_state"": ""both_below_reference"", ""recovery_status"": ""below_reference"", ""seasonal_state"": ""both_below_reference""}}, ""legacy_state_scope"": ""communication"", ""local_change_pct"": {""call_contacts"": -1.0979351360916767, ""text_contacts"": 1.7124314258484485, ""weekday_move_count"": 2.5369579446180124, ""weekend_move_count"": 5.344160604653281}, ""local_state"": ""mixed_recovery"", ""metric_states"": {""call_contacts"": {""local"": ""below_reference"", ""raw"": ""below_reference"", ""seasonal"": ""below_reference""}, ""text_contacts"": {""local"": ""at_or_above_reference"", ""raw"": ""below_reference"", ""seasonal"": ""below_reference""}, ""weekday_move_count"": {""local"": ""at_or_above_reference"", ""raw"": ""below_reference"", ""seasonal"": ""below_reference""}, ""weekend_move_count"": {""local"": ""at_or_above_reference"", ""raw"": ""below_reference"", ""seasonal"": ""below_reference""}}, ""months_since_signal"": 1, ""overall_recovery_status"": ""below_reference"", ""overall_states"": {""local_state"": ""mixed_recovery"", ""raw_state"": ""all_below_reference"", ""seasonal_state"": ""all_below_reference""}, ""peer_n"": {""call_contacts"": 22, ""text_contacts"": 22, ""weekday_move_count"": 22, ""weekend_move_count"": 22}, ""quality"": {""call_contacts"": ""ready"", ""text_contacts"": ""ready"", ""weekday_move_count"": ""ready"", ""weekend_move_count"": ""ready""}, ""raw_change_pct"": {""call_contacts"": -0.3462160172747364, ""text_contacts"": -6.943410237387204, ""weekday_move_count"": -36.833743769148654, ""weekend_move_count"": -31.673756457690672}, ""raw_state"": ""both_below_reference"", ""recovery_confirmation"": ""descriptive_level_comparison_only_not_sustained_recovery_confirmation"", ""reference_date"": ""2025-10-01"", ""reference_quality"": {""call_contacts"": ""ready"", ""text_contacts"": ""ready"", ""weekday_move_count"": ""ready"", ""weekend_move_count"": ""ready""}, ""seasonal_change_pct"": {""call_contacts"": -0.7386565795636568, ""text_contacts"": -6.210802033392948, ""weekday_move_count"": -35.88317881915193, ""weekend_move_count"": -33.82066761061836}, ""seasonal_state"": ""both_below_reference"", ""signal_date"": ""2025-11-01"", ""tracked_metrics"": [""call_contacts"", ""text_contacts"", ""weekday_move_count"", ""weekend_move_count""], ""trigger_domains"": [""communication""]}"
1123065,2025-10-01,2025-12-01,40s,a2_age_detection_v1_bd2dbf881a54,a2_activity_level_v2_524586af3007,both_below_reference,both_below_reference,mixed_recovery,below_reference,"{""adm_cd"": ""1123065"", ""adm_nm"": ""역삼2동"", ""age_band"": ""40s"", ""common_change_pct"": {""call_contacts"": -2.5233367999339062, ""text_contacts"": -11.274770775892073, ""weekday_move_count"": -41.76752992453399, ""weekend_move_count"": -29.612221444985398}, ""comparison_note"": ""same_calendar_month_baseline_normalization_then_pre_signal_ratio; district_median_includes_target; overlapping_source_windows_not_independent"", ""consecutive_all_below_months"": 2, ""consecutive_both_below_months"": 3, ""date"": ""2025-12-01"", ""detection_model_version"": ""a2_age_detection_v1_bd2dbf881a54"", ""domain_states"": {""communication"": {""consecutive_both_below_months"": 3, ""local_state"": ""mixed_recovery"", ""metrics"": [""call_contacts"", ""text_contacts""], ""raw_state"": ""both_below_reference"", ""recovery_status"": ""below_reference"", ""seasonal_state"": ""both_below_reference""}, ""mobility"": {""consecutive_both_below_months"": 2, ""local_state"": ""recovered_to_reference"", ""metrics"": [""weekday_move_count"", ""weekend_move_count""], ""raw_state"": ""both_below_reference"", ""recovery_status"": ""below_reference"", ""seasonal_state"": ""both_below_reference""}}, ""legacy_state_scope"": ""communication"", ""local_change_pct"": {""call_contacts"": -0.8088420002690166, ""text_contacts"": 0.8728418974477403, ""weekday_move_count"": 2.2450478336475177, ""weekend_move_count"": 2.582412297702996}, ""local_state"": ""mixed_recovery"", ""metric_states"": {""call_contacts"": {""local"": ""below_reference"", ""raw"": ""below_reference"", ""seasonal"": ""below_reference""}, ""text_contacts"": {""local"": ""at_or_above_reference"", ""raw"": ""below_reference"", ""seasonal"": ""below_reference""}, ""weekday_move_count"": {""local"": ""at_or_above_reference"", ""raw"": ""below_reference"", ""seasonal"": ""below_reference""}, ""weekend_move_count"": {""local"": ""at_or_above_reference"", ""raw"": ""below_reference"", ""seasonal"": ""below_reference""}}, ""months_since_signal"": 2, ""overall_recovery_status"": ""below_reference"", ""overall_states"": {""local_state"": ""mixed_recovery"", ""raw_state"": ""all_below_reference"", ""seasonal_state"": ""all_below_reference""}, ""peer_n"": {""call_contacts"": 22, ""text_contacts"": 22, ""weekday_move_count"": 22, ""weekend_move_count"": 18}, ""quality"": {""call_contacts"": ""ready"", ""text_contacts"": ""ready"", ""weekday_move_count"": ""ready"", ""weekend_move_count"": ""ready""}, ""raw_change_pct"": {""call_contacts"": -2.9860631193195375, ""text_contacts"": -8.982488803590394, ""weekday_move_count"": -40.80087979675119, ""weekend_move_count"": -19.742545989567095}, ""raw_state"": ""both_below_reference"", ""recovery_confirmation"": ""descriptive_level_comparison_only_not_sustained_recovery_confirmation"", ""reference_date"": ""2025-09-01"", ""reference_quality"": {""call_contacts"": ""ready"", ""text_contacts"": ""ready"", ""weekday_move_count"": ""ready"", ""weekend_move_count"": ""ready""}, ""seasonal_change_pct"": {""call_contacts"": -3.3117689923568117, ""text_contacts"": -10.50033980161752, ""weekday_move_count"": -40.460183116625295, ""weekend_move_count"": -27.794518795500757}, ""seasonal_state"": ""both_below_reference"", ""signal_date"": ""2025-10-01"", ""tracked_metrics"": [""call_contacts"", ""text_contacts"", ""weekday_move_count"", ""weekend_move_count""], ""trigger_domains"": [""communication""]}"
1123067,2025-10-01,2025-10-01,40s,a2_age_detection_v1_bd2dbf881a54,a2_activity_level_v2_524586af3007,both_below_reference,both_below_reference,both_below_reference,mixed_recovery_or_basis,"{""adm_cd"": ""1123067"", ""adm_nm"": ""도곡2동"", ""age_band"": ""40s"", ""common_change_pct"": {""call_contacts"": -1.2375063468559877, ""text_contacts"": -4.127166061809939, ""weekday_move_count"": -5.687553714834936, ""weekend_move_count"": 11.891995060929972}, ""comparison_note"": ""same_calendar_month_baseline_normalization_then_pre_signal_ratio; district_median_includes_target; overlapping_source_windows_not_independent"", ""consecutive_all_below_months"": 0, ""consecutive_both_below_months"": 1, ""date"": ""2025-10-01"", ""detection_model_version"": ""a2_age_detection_v1_bd2dbf881a54"", ""domain_states"": {""communication"": {""consecutive_both_below_months"": 1, ""local_state"": ""both_below_reference"", ""metrics"": [""call_contacts"", ""text_contacts""], ""raw_state"": ""both_below_reference"", ""recovery_status"": ""below_reference"", ""seasonal_state"": ""both_below_reference""}, ""mobility"": {""consecutive_both_below_months"": 0, ""local_state"": ""mixed_recovery"", ""metrics"": [""weekday_move_count"", ""weekend_move_count""], ""raw_state"": ""mixed_recovery"", ""recovery_status"": ""mixed_recovery_or_basis"", ""seasonal_state"": ""mixed_recovery""}}, ""legacy_state_scope"": ""communication"", ""local_change_pct"": {""call_contacts"": -0.9089560959325893, ""text_contacts"": -1.3581611638212254, ""weekday_move_count"": 0.7604747834765835, ""weekend_move_count"": -1.260717926159749}, ""local_state"": ""both_below_reference"", ""metric_states"": {""call_contacts"": {""local"": ""below_reference"", ""raw"": ""below_reference"", ""seasonal"": ""below_reference""}, ""text_contacts"": {""local"": ""below_reference"", ""raw"": ""below_reference"", ""seasonal"": ""below_reference""}, ""weekday_move_count"": {""local"": ""at_or_above_reference"", ""raw"": ""below_reference"", ""seasonal"": ""below_reference""}, ""weekend_move_count"": {""local"": ""below_reference"", ""raw"": ""at_or_above_reference"", ""seasonal"": ""at_or_above_reference""}}, ""months_since_signal"": 0, ""overall_recovery_status"": ""mixed_recovery_or_basis"", ""overall_states"": {""local_state"": ""mixed_recovery"", ""raw_state"": ""mixed_recovery"", ""seasonal_state"": ""mixed_recovery""}, ""peer_n"": {""call_contacts"": 22, ""text_contacts"": 22, ""weekday_move_count"": 22, ""weekend_move_count"": 18}, ""quality"": {""call_contacts"": ""ready"", ""text_contacts"": ""ready"", ""weekday_move_count"": ""ready"", ""weekend_move_count"": ""ready""}, ""raw_change_pct"": {""call_contacts"": -3.960480798590904, ""text_contacts"": -4.466501603904982, ""weekday_move_count"": -7.880217853952409, ""weekend_move_count"": 15.982457186172505}, ""raw_state"": ""both_below_reference"", ""recovery_confirmation"": ""descriptive_level_comparison_only_not_sustained_recovery_confirmation"", ""reference_date"": ""2025-09-01"", ""reference_quality"": {""call_contacts"": ""ready"", ""text_contacts"": ""ready"", ""weekday_move_count"": ""ready"", ""weekend_move_count"": ""ready""}, ""seasonal_change_pct"": {""call_contacts"": -2.135214053411272, ""text_contacts"": -5.429273659013257, ""weekday_move_count"": -4.970331343156353, ""weekend_move_count"": 10.481352621259044}, ""seasonal_state"": ""both_below_reference"", ""signal_date"": ""2025-10-01"", ""tracked_metrics"": [""call_contacts"", ""text_contacts"", ""weekday_move_count"", ""weekend_move_count""], ""trigger_domains"": [""communication""]}"
1123067,2025-10-01,2025-11-01,40s,a2_age_detection_v1_bd2dbf881a54,a2_activity_level_v2_524586af3007,both_below_reference,both_below_reference,both_below_reference,below_reference,"{""adm_cd"": ""1123067"", ""adm_nm"": ""도곡2동"", ""age_band"": ""40s"", ""common_change_pct"": {""call_contacts"": -1.6338446227637804, ""text_contacts"": -6.942736061527366, ""weekday_move_count"": -33.84234586116885, ""weekend_move_count"": -37.7659287452073}, ""comparison_note"": ""same_calendar_month_baseline_normalization_then_pre_signal_ratio; district_median_includes_target; overlapping_source_windows_not_independent"", ""consecutive_all_below_months"": 1, ""consecutive_both_below_months"": 2, ""date"": ""2025-11-01"", ""detection_model_version"": ""a2_age_detection_v1_bd2dbf881a54"", ""domain_states"": {""communication"": {""consecutive_both_below_months"": 2, ""local_state"": ""both_below_reference"", ""metrics"": [""call_contacts"", ""text_contacts""], ""raw_state"": ""both_below_reference"", ""recovery_status"": ""below_reference"", ""seasonal_state"": ""both_below_reference""}, ""mobility"": {""consecutive_both_below_months"": 1, ""local_state"": ""both_below_reference"", ""metrics"": [""weekday_move_count"", ""weekend_move_count""], ""raw_state"": ""both_below_reference"", ""recovery_status"": ""below_reference"", ""seasonal_state"": ""both_below_reference""}}, ""legacy_state_scope"": ""communication"", ""local_change_pct"": {""call_contacts"": -0.4833427648068045, ""text_contacts"": -1.2686822104387319, ""weekday_move_count"": -0.11107389800475431, ""weekend_move_count"": -0.7904140617111088}, ""local_state"": ""both_below_reference"", ""metric_states"": {""call_contacts"": {""local"": ""below_reference"", ""raw"": ""below_reference"", ""seasonal"": ""below_reference""}, ""text_contacts"": {""local"": ""below_reference"", ""raw"": ""below_reference"", ""seasonal"": ""below_reference""}, ""weekday_move_count"": {""local"": ""below_reference"", ""raw"": ""below_reference"", ""seasonal"": ""below_reference""}, ""weekend_move_count"": {""local"": ""below_reference"", ""raw"": ""below_reference"", ""seasonal"": ""below_reference""}}, ""months_since_signal"": 1, ""overall_recovery_status"": ""below_reference"", ""overall_states"": {""local_state"": ""all_below_reference"", ""raw_state"": ""all_below_reference"", ""seasonal_state"": ""all_below_reference""}, ""peer_n"": {""call_contacts"": 22, ""text_contacts"": 22, ""weekday_move_count"": 22, ""weekend_move_count"": 18}, ""quality"": {""call_contacts"": ""ready"", ""text_contacts"": ""ready"", ""weekday_move_count"": ""ready"", ""weekend_move_count"": ""ready""}, ""raw_change_pct"": {""call_contacts"": -3.4259947587404027, ""text_contacts"": -6.268326051252682, ""weekday_move_count"": -37.421228815560305, ""weekend_move_count"": -24.380320617636}, ""raw_state"": ""both_below_reference"", ""recovery_confirmation"": ""descriptive_level_comparison_only_not_sustained_recovery_confirmation"", ""reference_date"": ""2025-09-01"", ""reference_quality"": {""call_contacts"": ""ready"", ""text_contacts"": ""ready"", ""weekday_move_count"": ""ready"", ""weekend_move_count"": ""ready""}, ""seasonal_change_pct"": {""call_contacts"": -2.1092903177982736, ""text_contacts"": -8.12333701463579, ""weekday_move_count"": -33.91582974644935, ""weekend_move_count"": -38.25783559558049}, ""seasonal_state"": ""both_below_reference"", ""signal_date"": ""2025-10-01"", ""tracked_metrics"": [""call_contacts"", ""text_contacts"", ""weekday_move_count"", ""weekend_move_count""], ""trigger_domains"": [""communication""]}"
1123067,2025-10-01,2025-12-01,40s,a2_age_detection_v1_bd2dbf881a54,a2_activity_level_v2_524586af3007,both_below_reference,both_below_reference,both_below_reference,below_reference,"{""adm_cd"": ""1123067"", ""adm_nm"": ""도곡2동"", ""age_band"": ""40s"", ""common_change_pct"": {""call_contacts"": -2.5233367999339062, ""text_contacts"": -11.274770775892073, ""weekday_move_count"": -41.76752992453399, ""weekend_move_count"": -29.612221444985398}, ""comparison_note"": ""same_calendar_month_baseline_normalization_then_pre_signal_ratio; district_median_includes_target; overlapping_source_windows_not_independent"", ""consecutive_all_below_months"": 2, ""consecutive_both_below_months"": 3, ""date"": ""2025-12-01"", ""detection_model_version"": ""a2_age_detection_v1_bd2dbf881a54"", ""domain_states"": {""communication"": {""consecutive_both_below_months"": 3, ""local_state"": ""both_below_reference"", ""metrics"": [""call_contacts"", ""text_contacts""], ""raw_state"": ""both_below_reference"", ""recovery_status"": ""below_reference"", ""seasonal_state"": ""both_below_reference""}, ""mobility"": {""consecutive_both_below_months"": 2, ""local_state"": ""recovered_to_reference"", ""metrics"": [""weekday_move_count"", ""weekend_move_count""], ""raw_state"": ""both_below_reference"", ""recovery_status"": ""below_reference"", ""seasonal_state"": ""both_below_reference""}}, ""legacy_state_scope"": ""communication"", ""local_change_pct"": {""call_contacts"": -0.5103440449639396, ""text_contacts"": -2.0697396006117974, ""weekday_move_count"": 0.8998946631684657, ""weekend_move_count"": 0.9669274178054854}, ""local_state"": ""both_below_reference"", ""metric_states"": {""call_contacts"": {""local"": ""below_reference"", ""raw"": ""below_reference"", ""seasonal"": ""below_reference""}, ""text_contacts"": {""local"": ""below_reference"", ""raw"": ""below_reference"", ""seasonal"": ""below_reference""}, ""weekday_move_count"": {""local"": ""at_or_above_reference"", ""raw"": ""below_reference"", ""seasonal"": ""below_reference""}, ""weekend_move_count"": {""local"": ""at_or_above_reference"", ""raw"": ""below_reference"", ""seasonal"": ""below_reference""}}, ""months_since_signal"": 2, ""overall_recovery_status"": ""below_reference"", ""overall_states"": {""local_state"": ""mixed_recovery"", ""raw_state"": ""all_below_reference"", ""seasonal_state"": ""all_below_reference""}, ""peer_n"": {""call_contacts"": 22, ""text_contacts"": 22, ""weekday_move_count"": 22, ""weekend_move_count"": 18}, ""quality"": {""call_contacts"": ""ready"", ""text_contacts"": ""ready"", ""weekday_move_count"": ""ready"", ""weekend_move_count"": ""ready""}, ""raw_change_pct"": {""call_contacts"": -2.4967397773335454, ""text_contacts"": -9.913463460424444, ""weekday_move_count"": -40.601426905135355, ""weekend_move_count"": -20.607595515183874}, ""raw_state"": ""both_below_reference"", ""recovery_confirmation"": ""descriptive_level_comparison_only_not_sustained_recovery_confirmation"", ""reference_date"": ""2025-09-01"", ""reference_quality"": {""call_contacts"": ""ready"", ""text_contacts"": ""ready"", ""weekday_move_count"": ""ready"", ""weekend_move_count"": ""ready""}, ""seasonal_change_pct"": {""call_contacts"": -3.0208031458049955, ""text_contacts"": -13.111151980877022, ""weekday_move_count"": -41.24349903409369, ""weekend_move_count"": -28.931622715352745}, ""seasonal_state"": ""both_below_reference"", ""signal_date"": ""2025-10-01"", ""tracked_metrics"": [""call_contacts"", ""text_contacts"", ""weekday_move_count"", ""weekend_move_count""], ""trigger_domains"": [""communication""]}"
1123072,2025-10-01,2025-10-01,40s,a2_age_detection_v1_bd2dbf881a54,a2_activity_level_v2_524586af3007,both_below_reference,both_below_reference,both_below_reference,mixed_recovery_or_basis,"{""adm_cd"": ""1123072"", ""adm_nm"": ""일원본동"", ""age_band"": ""40s"", ""common_change_pct"": {""call_contacts"": -1.2375063468559877, ""text_contacts"": -4.127166061809939, ""weekday_move_count"": -5.687553714834936, ""weekend_move_count"": 11.891995060929972}, ""comparison_note"": ""same_calendar_month_baseline_normalization_then_pre_signal_ratio; district_median_includes_target; overlapping_source_windows_not_independent"", ""consecutive_all_below_months"": 0, ""consecutive_both_below_months"": 1, ""date"": ""2025-10-01"", ""detection_model_version"": ""a2_age_detection_v1_bd2dbf881a54"", ""domain_states"": {""communication"": {""consecutive_both_below_months"": 1, ""local_state"": ""both_below_reference"", ""metrics"": [""call_contacts"", ""text_contacts""], ""raw_state"": ""both_below_reference"", ""recovery_status"": ""below_reference"", ""seasonal_state"": ""both_below_reference""}, ""mobility"": {""consecutive_both_below_months"": 0, ""local_state"": ""both_below_reference"", ""metrics"": [""weekday_move_count"", ""weekend_move_count""], ""raw_state"": ""mixed_recovery"", ""recovery_status"": ""mixed_recovery_or_basis"", ""seasonal_state"": ""mixed_recovery""}}, ""legacy_state_scope"": ""communication"", ""local_change_pct"": {""call_contacts"": -1.3661671840723422, ""text_contacts"": -1.1323132724974871, ""weekday_move_count"": -0.6619945456201926, ""weekend_move_count"": -0.2232657806150118}, ""local_state"": ""both_below_reference"", ""metric_states"": {""call_contacts"": {""local"": ""below_reference"", ""raw"": ""below_reference"", ""seasonal"": ""below_reference""}, ""text_contacts"": {""local"": ""below_reference"", ""raw"": ""below_reference"", ""seasonal"": ""below_reference""}, ""weekday_move_count"": {""local"": ""below_reference"", ""raw"": ""below_reference"", ""seasonal"": ""below_reference""}, ""weekend_move_count"": {""local"": ""below_reference"", ""raw"": ""at_or_above_reference"", ""seasonal"": ""at_or_above_reference""}}, ""months_since_signal"": 0, ""overall_recovery_status"": ""mixed_recovery_or_basis"", ""overall_states"": {""local_state"": ""all_below_reference"", ""raw_state"": ""mixed_recovery"", ""seasonal_state"": ""mixed_recovery""}, ""peer_n"": {""call_contacts"": 22, ""text_contacts"": 22, ""weekday_move_count"": 22, ""weekend_move_count"": 18}, ""quality"": {""call_contacts"": ""ready"", ""text_contacts"": ""ready"", ""weekday_move_count"": ""ready"", ""weekend_move_count"": ""ready""}, ""raw_change_pct"": {""call_contacts"": -3.962679277903025, ""text_contacts"": -5.21918500578723, ""weekday_move_count"": -9.26279979929604, ""weekend_move_count"": 15.273399462478498}, ""raw_state"": ""both_below_reference"", ""recovery_confirmation"": ""descriptive_level_comparison_only_not_sustained_recovery_confirmation"", ""reference_date"": ""2025-09-01"", ""reference_quality"": {""call_contacts"": ""ready"", ""text_contacts"": ""ready"", ""weekday_move_count"": ""ready"", ""weekend_move_count"": ""ready""}, ""seasonal_change_pct"": {""call_contacts"": -2.586767125316769, ""text_contacts"": -5.212746885211539, ""weekday_move_count"": -6.311896965083708, ""weekend_move_count"": 11.642178524711477}, ""seasonal_state"": ""both_below_reference"", ""signal_date"": ""2025-10-01"", ""tracked_metrics"": [""call_contacts"", ""text_contacts"", ""weekday_move_count"", ""weekend_move_count""], ""trigger_domains"": [""communication""]}"
1123072,2025-10-01,2025-11-01,40s,a2_age_detection_v1_bd2dbf881a54,a2_activity_level_v2_524586af3007,both_below_reference,both_below_reference,both_below_reference,below_reference,"{""adm_cd"": ""1123072"", ""adm_nm"": ""일원본동"", ""age_band"": ""40s"", ""common_change_pct"": {""call_contacts"": -1.6338446227637804, ""text_contacts"": -6.942736061527366, ""weekday_move_count"": -33.84234586116885, ""weekend_move_count"": -37.7659287452073}, ""comparison_note"": ""same_calendar_month_baseline_normalization_then_pre_signal_ratio; district_median_includes_target; overlapping_source_windows_not_independent"", ""consecutive_all_below_months"": 1, ""consecutive_both_below_months"": 2, ""date"": ""2025-11-01"", ""detection_model_version"": ""a2_age_detection_v1_bd2dbf881a54"", ""domain_states"": {""communication"": {""consecutive_both_below_months"": 2, ""local_state"": ""both_below_reference"", ""metrics"": [""call_contacts"", ""text_contacts""], ""raw_state"": ""both_below_reference"", ""recovery_status"": ""below_reference"", ""seasonal_state"": ""both_below_reference""}, ""mobility"": {""consecutive_both_below_months"": 1, ""local_state"": ""both_below_reference"", ""metrics"": [""weekday_move_count"", ""weekend_move_count""], ""raw_state"": ""both_below_reference"", ""recovery_status"": ""below_reference"", ""seasonal_state"": ""both_below_reference""}}, ""legacy_state_scope"": ""communication"", ""local_change_pct"": {""call_contacts"": -0.2891292088493369, ""text_contacts"": -0.3344889576987087, ""weekday_move_count"": -0.4459921104008613, ""weekend_move_count"": -0.5129998262269342}, ""local_state"": ""both_below_reference"", ""metric_states"": {""call_contacts"": {""local"": ""below_reference"", ""raw"": ""below_reference"", ""seasonal"": ""below_reference""}, ""text_contacts"": {""local"": ""below_reference"", ""raw"": ""below_reference"", ""seasonal"": ""below_reference""}, ""weekday_move_count"": {""local"": ""below_reference"", ""raw"": ""below_reference"", ""seasonal"": ""below_reference""}, ""weekend_move_count"": {""local"": ""below_reference"", ""raw"": ""below_reference"", ""seasonal"": ""below_reference""}}, ""months_since_signal"": 1, ""overall_recovery_status"": ""below_reference"", ""overall_states"": {""local_state"": ""all_below_reference"", ""raw_state"": ""all_below_reference"", ""seasonal_state"": ""all_below_reference""}, ""peer_n"": {""call_contacts"": 22, ""text_contacts"": 22, ""weekday_move_count"": 22, ""weekend_move_count"": 18}, ""quality"": {""call_contacts"": ""ready"", ""text_contacts"": ""ready"", ""weekday_move_count"": ""ready"", ""weekend_move_count"": ""ready""}, ""raw_change_pct"": {""call_contacts"": -3.532128972359283, ""text_contacts"": -6.115944835887843, ""weekday_move_count"": -39.19712714879802, ""weekend_move_count"": -26.007267200111762}, ""raw_state"": ""both_below_reference"", ""recovery_confirmation"": ""descriptive_level_comparison_only_not_sustained_recovery_confirmation"", ""reference_date"": ""2025-09-01"", ""reference_quality"": {""call_contacts"": ""ready"", ""text_contacts"": ""ready"", ""weekday_move_count"": ""ready"", ""weekend_move_count"": ""ready""}, ""seasonal_change_pct"": {""call_contacts"": -1.918249909581493, ""text_contacts"": -7.2540023337380966, ""weekday_move_count"": -34.13740377905433, ""weekend_move_count"": -38.08518942259833}, ""seasonal_state"": ""both_below_reference"", ""signal_date"": ""2025-10-01"", ""tracked_metrics"": [""call_contacts"", ""text_contacts"", ""weekday_move_count"", ""weekend_move_count""], ""trigger_domains"": [""communication""]}"
1123072,2025-10-01,2025-12-01,40s,a2_age_detection_v1_bd2dbf881a54,a2_activity_level_v2_524586af3007,both_below_reference,both_below_reference,mixed_recovery,below_reference,"{""adm_cd"": ""1123072"", ""adm_nm"": ""일원본동"", ""age_band"": ""40s"", ""common_change_pct"": {""call_contacts"": -2.5233367999339062, ""text_contacts"": -11.274770775892073, ""weekday_move_count"": -41.76752992453399, ""weekend_move_count"": -29.612221444985398}, ""comparison_note"": ""same_calendar_month_baseline_normalization_then_pre_signal_ratio; district_median_includes_target; overlapping_source_windows_not_independent"", ""consecutive_all_below_months"": 2, ""consecutive_both_below_months"": 3, ""date"": ""2025-12-01"", ""detection_model_version"": ""a2_age_detection_v1_bd2dbf881a54"", ""domain_states"": {""communication"": {""consecutive_both_below_months"": 3, ""local_state"": ""mixed_recovery"", ""metrics"": [""call_contacts"", ""text_contacts""], ""raw_state"": ""both_below_reference"", ""recovery_status"": ""below_reference"", ""seasonal_state"": ""both_below_reference""}, ""mobility"": {""consecutive_both_below_months"": 2, ""local_state"": ""both_below_reference"", ""metrics"": [""weekday_move_count"", ""weekend_move_count""], ""raw_state"": ""both_below_reference"", ""recovery_status"": ""below_reference"", ""seasonal_state"": ""both_below_reference""}}, ""legacy_state_scope"": ""communication"", ""local_change_pct"": {""call_contacts"": 0.37413990520520635, ""text_contacts"": -0.5185610869665735, ""weekday_move_count"": -4.54980923963928, ""weekend_move_count"": -1.3426729288682382}, ""local_state"": ""mixed_recovery"", ""metric_states"": {""call_contacts"": {""local"": ""at_or_above_reference"", ""raw"": ""below_reference"", ""seasonal"": ""below_reference""}, ""text_contacts"": {""local"": ""below_reference"", ""raw"": ""below_reference"", ""seasonal"": ""below_reference""}, ""weekday_move_count"": {""local"": ""below_reference"", ""raw"": ""below_reference"", ""seasonal"": ""below_reference""}, ""weekend_move_count"": {""local"": ""below_reference"", ""raw"": ""below_reference"", ""seasonal"": ""below_reference""}}, ""months_since_signal"": 2, ""overall_recovery_status"": ""below_reference"", ""overall_states"": {""local_state"": ""mixed_recovery"", ""raw_state"": ""all_below_reference"", ""seasonal_state"": ""all_below_reference""}, ""peer_n"": {""call_contacts"": 22, ""text_contacts"": 22, ""weekday_move_count"": 22, ""weekend_move_count"": 18}, ""quality"": {""call_contacts"": ""ready"", ""text_contacts"": ""ready"", ""weekday_move_count"": ""ready"", ""weekend_move_count"": ""ready""}, ""raw_change_pct"": {""call_contacts"": -2.264810374195736, ""text_contacts"": -8.40352901141289, ""weekday_move_count"": -42.972172130783136, ""weekend_move_count"": -22.0776558188727}, ""raw_state"": ""both_below_reference"", ""recovery_confirmation"": ""descriptive_level_comparison_only_not_sustained_recovery_confirmation"", ""reference_date"": ""2025-09-01"", ""reference_quality"": {""call_contacts"": ""ready"", ""text_contacts"": ""ready"", ""weekday_move_count"": ""ready"", ""weekend_move_count"": ""ready""}, ""seasonal_change_pct"": {""call_contacts"": -2.1586377046399874, ""text_contacts"": -11.734865288970187, ""weekday_move_count"": -44.416996228497716, ""weekend_move_count"": -30.5572990928753}, ""seasonal_state"": ""both_below_reference"", ""signal_date"": ""2025-10-01"", ""tracked_metrics"": [""call_contacts"", ""text_contacts"", ""weekday_move_count"", ""weekend_move_count""], ""trigger_domains"": [""communication""]}"
1123074,2025-10-01,2025-10-01,40s,a2_age_detection_v1_bd2dbf881a54,a2_activity_level_v2_524586af3007,both_below_reference,both_below_reference,mixed_recovery,mixed_recovery_or_basis,"{""adm_cd"": ""1123074"", ""adm_nm"": ""일원2동"", ""age_band"": ""40s"", ""common_change_pct"": {""call_contacts"": -1.2375063468559877, ""text_contacts"": -4.127166061809939, ""weekday_move_count"": -5.687553714834936, ""weekend_move_count"": 11.891995060929972}, ""comparison_note"": ""same_calendar_month_baseline_normalization_then_pre_signal_ratio; district_median_includes_target; overlapping_source_windows_not_independent"", ""consecutive_all_below_months"": 0, ""consecutive_both_below_months"": 1, ""date"": ""2025-10-01"", ""detection_model_version"": ""a2_age_detection_v1_bd2dbf881a54"", ""domain_states"": {""communication"": {""consecutive_both_below_months"": 1, ""local_state"": ""mixed_recovery"", ""metrics"": [""call_contacts"", ""text_contacts""], ""raw_state"": ""both_below_reference"", ""recovery_status"": ""below_reference"", ""seasonal_state"": ""both_below_reference""}, ""mobility"": {""consecutive_both_below_months"": 0, ""local_state"": ""recovered_to_reference"", ""metrics"": [""weekday_move_count"", ""weekend_move_count""], ""raw_state"": ""mixed_recovery"", ""recovery_status"": ""mixed_recovery_or_basis"", ""seasonal_state"": ""mixed_recovery""}}, ""legacy_state_scope"": ""communication"", ""local_change_pct"": {""call_contacts"": -1.2352265399938167, ""text_contacts"": 1.3009744883329954, ""weekday_move_count"": 0.08166694832683064, ""weekend_move_count"": 1.2998525365602198}, ""local_state"": ""mixed_recovery"", ""metric_states"": {""call_contacts"": {""local"": ""below_reference"", ""raw"": ""below_reference"", ""seasonal"": ""below_reference""}, ""text_contacts"": {""local"": ""at_or_above_reference"", ""raw"": ""below_reference"", ""seasonal"": ""below_reference""}, ""weekday_move_count"": {""local"": ""at_or_above_reference"", ""raw"": ""below_reference"", ""seasonal"": ""below_reference""}, ""weekend_move_count"": {""local"": ""at_or_above_reference"", ""raw"": ""at_or_above_reference"", ""seasonal"": ""at_or_above_reference""}}, ""months_since_signal"": 0, ""overall_recovery_status"": ""mixed_recovery_or_basis"", ""overall_states"": {""local_state"": ""mixed_recovery"", ""raw_state"": ""mixed_recovery"", ""seasonal_state"": ""mixed_recovery""}, ""peer_n"": {""call_contacts"": 22, ""text_contacts"": 22, ""weekday_move_count"": 22, ""weekend_move_count"": 18}, ""quality"": {""call_contacts"": ""ready"", ""text_contacts"": ""ready"", ""weekday_move_count"": ""ready"", ""weekend_move_count"": ""ready""}, ""raw_change_pct"": {""call_contacts"": -4.868250570523392, ""text_contacts"": -3.5477549515721574, ""weekday_move_count"": -8.070073592613692, ""weekend_move_count"": 16.46120799590083}, ""raw_state"": ""both_below_reference"", ""recovery_confirmation"": ""descriptive_level_comparison_only_not_sustained_recovery_confirmation"", ""reference_date"": ""2025-09-01"", ""reference_quality"": {""call_contacts"": ""ready"", ""text_contacts"": ""ready"", ""weekday_move_count"": ""ready"", ""weekend_move_count"": ""ready""}, ""seasonal_change_pct"": {""call_contacts"": -2.4574468800193316, ""text_contacts"": -2.87988495103223, ""weekday_move_count"": -5.610531618061465, ""weekend_move_count"": 13.346425996937295}, ""seasonal_state"": ""both_below_reference"", ""signal_date"": ""2025-10-01"", ""tracked_metrics"": [""call_contacts"", ""text_contacts"", ""weekday_move_count"", ""weekend_move_count""], ""trigger_domains"": [""communication""]}"
1123074,2025-10-01,2025-11-01,40s,a2_age_detection_v1_bd2dbf881a54,a2_activity_level_v2_524586af3007,both_below_reference,both_below_reference,both_below_reference,below_reference,"{""adm_cd"": ""1123074"", ""adm_nm"": ""일원2동"", ""age_band"": ""40s"", ""common_change_pct"": {""call_contacts"": -1.6338446227637804, ""text_contacts"": -6.942736061527366, ""weekday_move_count"": -33.84234586116885, ""weekend_move_count"": -37.7659287452073}, ""comparison_note"": ""same_calendar_month_baseline_normalization_then_pre_signal_ratio; district_median_includes_target; overlapping_source_windows_not_independent"", ""consecutive_all_below_months"": 1, ""consecutive_both_below_months"": 2, ""date"": ""2025-11-01"", ""detection_model_version"": ""a2_age_detection_v1_bd2dbf881a54"", ""domain_states"": {""communication"": {""consecutive_both_below_months"": 2, ""local_state"": ""both_below_reference"", ""metrics"": [""call_contacts"", ""text_contacts""], ""raw_state"": ""both_below_reference"", ""recovery_status"": ""below_reference"", ""seasonal_state"": ""both_below_reference""}, ""mobility"": {""consecutive_both_below_months"": 1, ""local_state"": ""both_below_reference"", ""metrics"": [""weekday_move_count"", ""weekend_move_count""], ""raw_state"": ""both_below_reference"", ""recovery_status"": ""below_reference"", ""seasonal_state"": ""both_below_reference""}}, ""legacy_state_scope"": ""communication"", ""local_change_pct"": {""call_contacts"": -0.8997207329162316, ""text_contacts"": -0.006491857631429898, ""weekday_move_count"": -1.8971312384852168, ""weekend_move_count"": -0.9031218482522085}, ""local_state"": ""both_below_reference"", ""metric_states"": {""call_contacts"": {""local"": ""below_reference"", ""raw"": ""below_reference"", ""seasonal"": ""below_reference""}, ""text_contacts"": {""local"": ""below_reference"", ""raw"": ""below_reference"", ""seasonal"": ""below_reference""}, ""weekday_move_count"": {""local"": ""below_reference"", ""raw"": ""below_reference"", ""seasonal"": ""below_reference""}, ""weekend_move_count"": {""local"": ""below_reference"", ""raw"": ""below_reference"", ""seasonal"": ""below_reference""}}, ""months_since_signal"": 1, ""overall_recovery_status"": ""below_reference"", ""overall_states"": {""local_state"": ""all_below_reference"", ""raw_state"": ""all_below_reference"", ""seasonal_state"": ""all_below_reference""}, ""peer_n"": {""call_contacts"": 22, ""text_contacts"": 22, ""weekday_move_count"": 22, ""weekend_move_count"": 18}, ""quality"": {""call_contacts"": ""ready"", ""text_contacts"": ""ready"", ""weekday_move_count"": ""ready"", ""weekend_move_count"": ""ready""}, ""raw_change_pct"": {""call_contacts"": -4.515716649932755, ""text_contacts"": -5.69277871852748, ""weekday_move_count"": -39.321288384336306, ""weekend_move_count"": -25.408459108114158}, ""raw_state"": ""both_below_reference"", ""recovery_confirmation"": ""descriptive_level_comparison_only_not_sustained_recovery_confirmation"", ""reference_date"": ""2025-09-01"", ""reference_quality"": {""call_contacts"": ""ready"", ""text_contacts"": ""ready"", ""weekday_move_count"": ""ready"", ""weekend_move_count"": ""ready""}, ""seasonal_change_pct"": {""call_contacts"": -2.5188653168653707, ""text_contacts"": -6.948777206617951, ""weekday_move_count"": -35.09744338448563, ""weekend_move_count"": -38.32797823976618}, ""seasonal_state"": ""both_below_reference"", ""signal_date"": ""2025-10-01"", ""tracked_metrics"": [""call_contacts"", ""text_contacts"", ""weekday_move_count"", ""weekend_move_count""], ""trigger_domains"": [""communication""]}"
1123074,2025-10-01,2025-12-01,40s,a2_age_detection_v1_bd2dbf881a54,a2_activity_level_v2_524586af3007,both_below_reference,both_below_reference,both_below_reference,below_reference,"{""adm_cd"": ""1123074"", ""adm_nm"": ""일원2동"", ""age_band"": ""40s"", ""common_change_pct"": {""call_contacts"": -2.5233367999339062, ""text_contacts"": -11.274770775892073, ""weekday_move_count"": -41.76752992453399, ""weekend_move_count"": -29.612221444985398}, ""comparison_note"": ""same_calendar_month_baseline_normalization_then_pre_signal_ratio; district_median_includes_target; overlapping_source_windows_not_independent"", ""consecutive_all_below_months"": 2, ""consecutive_both_below_months"": 3, ""date"": ""2025-12-01"", ""detection_model_version"": ""a2_age_detection_v1_bd2dbf881a54"", ""domain_states"": {""communication"": {""consecutive_both_below_months"": 3, ""local_state"": ""both_below_reference"", ""metrics"": [""call_contacts"", ""text_contacts""], ""raw_state"": ""both_below_reference"", ""recovery_status"": ""below_reference"", ""seasonal_state"": ""both_below_reference""}, ""mobility"": {""consecutive_both_below_months"": 2, ""local_state"": ""both_below_reference"", ""metrics"": [""weekday_move_count"", ""weekend_move_count""], ""raw_state"": ""both_below_reference"", ""recovery_status"": ""below_reference"", ""seasonal_state"": ""both_below_reference""}}, ""legacy_state_scope"": ""communication"", ""local_change_pct"": {""call_contacts"": -3.1922288655438447, ""text_contacts"": -0.8136462100485908, ""weekday_move_count"": -4.829168060758738, ""weekend_move_count"": -4.312217623657855}, ""local_state"": ""both_below_reference"", ""metric_states"": {""call_contacts"": {""local"": ""below_reference"", ""raw"": ""below_reference"", ""seasonal"": ""below_reference""}, ""text_contacts"": {""local"": ""below_reference"", ""raw"": ""below_reference"", ""seasonal"": ""below_reference""}, ""weekday_move_count"": {""local"": ""below_reference"", ""raw"": ""below_reference"", ""seasonal"": ""below_reference""}, ""weekend_move_count"": {""local"": ""below_reference"", ""raw"": ""below_reference"", ""seasonal"": ""below_reference""}}, ""months_since_signal"": 2, ""overall_recovery_status"": ""below_reference"", ""overall_states"": {""local_state"": ""all_below_reference"", ""raw_state"": ""all_below_reference"", ""seasonal_state"": ""all_below_reference""}, ""peer_n"": {""call_contacts"": 22, ""text_contacts"": 22, ""weekday_move_count"": 22, ""weekend_move_count"": 18}, ""quality"": {""call_contacts"": ""ready"", ""text_contacts"": ""ready"", ""weekday_move_count"": ""ready"", ""weekend_move_count"": ""ready""}, ""raw_change_pct"": {""call_contacts"": -5.175943429105145, ""text_contacts"": -9.532065711897019, ""weekday_move_count"": -42.04513975587821, ""weekend_move_count"": -20.850005016171945}, ""raw_state"": ""both_below_reference"", ""recovery_confirmation"": ""descriptive_level_comparison_only_not_sustained_recovery_confirmation"", ""reference_date"": ""2025-09-01"", ""reference_quality"": {""call_contacts"": ""ready"", ""text_contacts"": ""ready"", ""weekday_move_count"": ""ready"", ""weekend_move_count"": ""ready""}, ""seasonal_change_pct"": {""call_contacts"": -5.635014979775366, ""text_contacts"": -11.996680240830948, ""weekday_move_count"": -44.57967377040928, ""weekend_move_count"": -32.647495636736004}, ""seasonal_state"": ""both_below_reference"", ""signal_date"": ""2025-10-01"", ""tracked_metrics"": [""call_contacts"", ""text_contacts"", ""weekday_move_count"", ""weekend_move_count""], ""trigger_domains"": [""communication""]}"
1123077,2025-10-01,2025-10-01,40s,a2_age_detection_v1_bd2dbf881a54,a2_activity_level_v2_524586af3007,both_below_reference,both_below_reference,both_below_reference,mixed_recovery_or_basis,"{""adm_cd"": ""1123077"", ""adm_nm"": ""압구정동"", ""age_band"": ""40s"", ""common_change_pct"": {""call_contacts"": -1.2375063468559877, ""text_contacts"": -4.127166061809939, ""weekday_move_count"": -5.687553714834936, ""weekend_move_count"": 11.891995060929972}, ""comparison_note"": ""same_calendar_month_baseline_normalization_then_pre_signal_ratio; district_median_includes_target; overlapping_source_windows_not_independent"", ""consecutive_all_below_months"": 0, ""consecutive_both_below_months"": 1, ""date"": ""2025-10-01"", ""detection_model_version"": ""a2_age_detection_v1_bd2dbf881a54"", ""domain_states"": {""communication"": {""consecutive_both_below_months"": 1, ""local_state"": ""both_below_reference"", ""metrics"": [""call_contacts"", ""text_contacts""], ""raw_state"": ""both_below_reference"", ""recovery_status"": ""below_reference"", ""seasonal_state"": ""both_below_reference""}, ""mobility"": {""consecutive_both_below_months"": 0, ""local_state"": ""mixed_recovery"", ""metrics"": [""weekday_move_count"", ""weekend_move_count""], ""raw_state"": ""mixed_recovery"", ""recovery_status"": ""mixed_recovery_or_basis"", ""seasonal_state"": ""mixed_recovery""}}, ""legacy_state_scope"": ""communication"", ""local_change_pct"": {""call_contacts"": -1.9998041153036605, ""text_contacts"": -0.43679159840545045, ""weekday_move_count"": 1.6789207877770052, ""weekend_move_count"": -0.9338942565223496}, ""local_state"": ""both_below_reference"", ""metric_states"": {""call_contacts"": {""local"": ""below_reference"", ""raw"": ""below_reference"", ""seasonal"": ""below_reference""}, ""text_contacts"": {""local"": ""below_reference"", ""raw"": ""below_reference"", ""seasonal"": ""below_reference""}, ""weekday_move_count"": {""local"": ""at_or_above_reference"", ""raw"": ""below_reference"", ""seasonal"": ""below_reference""}, ""weekend_move_count"": {""local"": ""below_reference"", ""raw"": ""at_or_above_reference"", ""seasonal"": ""at_or_above_reference""}}, ""months_since_signal"": 0, ""overall_recovery_status"": ""mixed_recovery_or_basis"", ""overall_states"": {""local_state"": ""mixed_recovery"", ""raw_state"": ""mixed_recovery"", ""seasonal_state"": ""mixed_recovery""}, ""peer_n"": {""call_contacts"": 22, ""text_contacts"": 22, ""weekday_move_count"": 22, ""weekend_move_count"": 18}, ""quality"": {""call_contacts"": ""ready"", ""text_contacts"": ""ready"", ""weekday_move_count"": ""ready"", ""weekend_move_count"": ""ready""}, ""raw_change_pct"": {""call_contacts"": -4.377589414947735, ""text_contacts"": -3.9854543183396873, ""weekday_move_count"": -8.82581745097254, ""weekend_move_count"": 13.242063548795358}, ""raw_state"": ""both_below_reference"", ""recovery_confirmation"": ""descriptive_level_comparison_only_not_sustained_recovery_confirmation"", ""reference_date"": ""2025-09-01"", ""reference_quality"": {""call_contacts"": ""ready"", ""text_contacts"": ""ready"", ""weekday_move_count"": ""ready"", ""weekend_move_count"": ""ready""}, ""seasonal_change_pct"": {""call_contacts"": -3.2125627593080797, ""text_contacts"": -4.5459305456051595, ""weekday_move_count"": -4.104122448692282, ""weekend_move_count"": 10.84704214554768}, ""seasonal_state"": ""both_below_reference"", ""signal_date"": ""2025-10-01"", ""tracked_metrics"": [""call_contacts"", ""text_contacts"", ""weekday_move_count"", ""weekend_move_count""], ""trigger_domains"": [""communication""]}"
1123077,2025-10-01,2025-11-01,40s,a2_age_detection_v1_bd2dbf881a54,a2_activity_level_v2_524586af3007,both_below_reference,both_below_reference,both_below_reference,below_reference,"{""adm_cd"": ""1123077"", ""adm_nm"": ""압구정동"", ""age_band"": ""40s"", ""common_change_pct"": {""call_contacts"": -1.6338446227637804, ""text_contacts"": -6.942736061527366, ""weekday_move_count"": -33.84234586116885, ""weekend_move_count"": -37.7659287452073}, ""comparison_note"": ""same_calendar_month_baseline_normalization_then_pre_signal_ratio; district_median_includes_target; overlapping_source_windows_not_independent"", ""consecutive_all_below_months"": 1, ""consecutive_both_below_months"": 2, ""date"": ""2025-11-01"", ""detection_model_version"": ""a2_age_detection_v1_bd2dbf881a54"", ""domain_states"": {""communication"": {""consecutive_both_below_months"": 2, ""local_state"": ""both_below_reference"", ""metrics"": [""call_contacts"", ""text_contacts""], ""raw_state"": ""both_below_reference"", ""recovery_status"": ""below_reference"", ""seasonal_state"": ""both_below_reference""}, ""mobility"": {""consecutive_both_below_months"": 1, ""local_state"": ""mixed_recovery"", ""metrics"": [""weekday_move_count"", ""weekend_move_count""], ""raw_state"": ""both_below_reference"", ""recovery_status"": ""below_reference"", ""seasonal_state"": ""both_below_reference""}}, ""legacy_state_scope"": ""communication"", ""local_change_pct"": {""call_contacts"": -2.3931379246533435, ""text_contacts"": -2.2855420311860386, ""weekday_move_count"": 0.8627551571301462, ""weekend_move_count"": -0.5081877875636298}, ""local_state"": ""both_below_reference"", ""metric_states"": {""call_contacts"": {""local"": ""below_reference"", ""raw"": ""below_reference"", ""seasonal"": ""below_reference""}, ""text_contacts"": {""local"": ""below_reference"", ""raw"": ""below_reference"", ""seasonal"": ""below_reference""}, ""weekday_move_count"": {""local"": ""at_or_above_reference"", ""raw"": ""below_reference"", ""seasonal"": ""below_reference""}, ""weekend_move_count"": {""local"": ""below_reference"", ""raw"": ""below_reference"", ""seasonal"": ""below_reference""}}, ""months_since_signal"": 1, ""overall_recovery_status"": ""below_reference"", ""overall_states"": {""local_state"": ""mixed_recovery"", ""raw_state"": ""all_below_reference"", ""seasonal_state"": ""all_below_reference""}, ""peer_n"": {""call_contacts"": 22, ""text_contacts"": 22, ""weekday_move_count"": 22, ""weekend_move_count"": 18}, ""quality"": {""call_contacts"": ""ready"", ""text_contacts"": ""ready"", ""weekday_move_count"": ""ready"", ""weekend_move_count"": ""ready""}, ""raw_change_pct"": {""call_contacts"": -4.501121351027604, ""text_contacts"": -7.488950385463755, ""weekday_move_count"": -38.51435703750876, ""weekend_move_count"": -26.348836205947592}, ""raw_state"": ""both_below_reference"", ""recovery_confirmation"": ""descriptive_level_comparison_only_not_sustained_recovery_confirmation"", ""reference_date"": ""2025-09-01"", ""reference_quality"": {""call_contacts"": ""ready"", ""text_contacts"": ""ready"", ""weekday_move_count"": ""ready"", ""weekend_move_count"": ""ready""}, ""seasonal_change_pct"": {""call_contacts"": -3.987882392119857, ""text_contacts"": -9.069598941912883, ""weekday_move_count"": -33.271567288249756, ""weekend_move_count"": -38.0821946950278}, ""seasonal_state"": ""both_below_reference"", ""signal_date"": ""2025-10-01"", ""tracked_metrics"": [""call_contacts"", ""text_contacts"", ""weekday_move_count"", ""weekend_move_count""], ""trigger_domains"": [""communication""]}"
1123077,2025-10-01,2025-12-01,40s,a2_age_detection_v1_bd2dbf881a54,a2_activity_level_v2_524586af3007,both_below_reference,both_below_reference,both_below_reference,below_reference,"{""adm_cd"": ""1123077"", ""adm_nm"": ""압구정동"", ""age_band"": ""40s"", ""common_change_pct"": {""call_contacts"": -2.5233367999339062, ""text_contacts"": -11.274770775892073, ""weekday_move_count"": -41.76752992453399, ""weekend_move_count"": -29.612221444985398}, ""comparison_note"": ""same_calendar_month_baseline_normalization_then_pre_signal_ratio; district_median_includes_target; overlapping_source_windows_not_independent"", ""consecutive_all_below_months"": 2, ""consecutive_both_below_months"": 3, ""date"": ""2025-12-01"", ""detection_model_version"": ""a2_age_detection_v1_bd2dbf881a54"", ""domain_states"": {""communication"": {""consecutive_both_below_months"": 3, ""local_state"": ""both_below_reference"", ""metrics"": [""call_contacts"", ""text_contacts""], ""raw_state"": ""both_below_reference"", ""recovery_status"": ""below_reference"", ""seasonal_state"": ""both_below_reference""}, ""mobility"": {""consecutive_both_below_months"": 2, ""local_state"": ""recovered_to_reference"", ""metrics"": [""weekday_move_count"", ""weekend_move_count""], ""raw_state"": ""both_below_reference"", ""recovery_status"": ""below_reference"", ""seasonal_state"": ""both_below_reference""}}, ""legacy_state_scope"": ""communication"", ""local_change_pct"": {""call_contacts"": -0.9983284944119375, ""text_contacts"": -1.7756411356802726, ""weekday_move_count"": 0.14881450695403142, ""weekend_move_count"": 1.3097490548436452}, ""local_state"": ""both_below_reference"", ""metric_states"": {""call_contacts"": {""local"": ""below_reference"", ""raw"": ""below_reference"", ""seasonal"": ""below_reference""}, ""text_contacts"": {""local"": ""below_reference"", ""raw"": ""below_reference"", ""seasonal"": ""below_reference""}, ""weekday_move_count"": {""local"": ""at_or_above_reference"", ""raw"": ""below_reference"", ""seasonal"": ""below_reference""}, ""weekend_move_count"": {""local"": ""at_or_above_reference"", ""raw"": ""below_reference"", ""seasonal"": ""below_reference""}}, ""months_since_signal"": 2, ""overall_recovery_status"": ""below_reference"", ""overall_states"": {""local_state"": ""mixed_recovery"", ""raw_state"": ""all_below_reference"", ""seasonal_state"": ""all_below_reference""}, ""peer_n"": {""call_contacts"": 22, ""text_contacts"": 22, ""weekday_move_count"": 22, ""weekend_move_count"": 18}, ""quality"": {""call_contacts"": ""ready"", ""text_contacts"": ""ready"", ""weekday_move_count"": ""ready"", ""weekend_move_count"": ""ready""}, ""raw_change_pct"": {""call_contacts"": -3.432971778917304, ""text_contacts"": -10.367483673121258, ""weekday_move_count"": -41.029092496643734, ""weekend_move_count"": -21.578796726708095}, ""raw_state"": ""both_below_reference"", ""recovery_confirmation"": ""descriptive_level_comparison_only_not_sustained_recovery_confirmation"", ""reference_date"": ""2025-09-01"", ""reference_quality"": {""call_contacts"": ""ready"", ""text_contacts"": ""ready"", ""weekday_move_count"": ""ready"", ""weekend_move_count"": ""ready""}, ""seasonal_change_pct"": {""call_contacts"": -3.4964741040621194, ""text_contacts"": -12.850212443721954, ""weekday_move_count"": -41.68087156130402, ""weekend_move_count"": -28.690318180635654}, ""seasonal_state"": ""both_below_reference"", ""signal_date"": ""2025-10-01"", ""tracked_metrics"": [""call_contacts"", ""text_contacts"", ""weekday_move_count"", ""weekend_move_count""], ""trigger_domains"": [""communication""]}"
