adm_cd,any_signal,call_contacts,call_contacts_baseline_n,call_contacts_common_change,call_contacts_log_change,call_contacts_residual,call_contacts_rz,cluster,cluster_type,combined_signal,comm_low_rate,comm_low_rate_change,comm_validation_support,communication_signal,date,days_in_month,dong_name,interest_structural_issue,mobility_distance_both_down,mobility_distance_support,mobility_signal,rain_days,rainfall_mm,signal_status,snow_days,text_contacts,text_contacts_baseline_n,text_contacts_common_change,text_contacts_log_change,text_contacts_residual,text_contacts_rz,weekday_count_est_ratio,weekday_days,weekday_distance_down,weekday_distance_est_ratio,weekday_move_count,weekday_move_count_baseline_n,weekday_move_count_common_change,weekday_move_count_log_change,weekday_move_count_residual,weekday_move_count_rz,weekday_move_distance,weekday_move_distance_common_change,weekday_move_distance_log_change,weekday_move_distance_residual,weekday_outing_low_rate,weekend_count_est_ratio,weekend_days,weekend_distance_down,weekend_distance_est_ratio,weekend_move_count,weekend_move_count_baseline_n,weekend_move_count_common_change,weekend_move_count_log_change,weekend_move_count_residual,weekend_move_count_rz,weekend_move_distance,weekend_move_distance_common_change,weekend_move_distance_log_change,weekend_move_distance_residual,weekend_outing_low_rate,행정동,행정동코드
1123051,False,13.876813620319746,41,0.002159056973773721,0.0030314677623581865,0.0008724107885844656,0.10071619572273909,2,중간활동·다인가구 중심형,False,0.11623769667732714,0.0048517734120616385,True,False,2025-07-01T00:00:00,31,신사동,False,True,True,False,10.0,293.9,,0.0,5.67005052252751,41,0.00256962443696096,0.003944811015474947,0.0013751865785139872,0.11161116664365897,0.9019039379887882,23,True,0.896614298567375,20.41568902844698,41,-0.08344681279783916,-0.09014931884896393,-0.006702506051124768,-0.3540042690599793,687.4607078867293,-0.08100353753632783,-0.09910057595266775,-0.018097038416339917,0.06895239198520499,0.8675686898747318,8,True,0.858518928645581,11.205906585297754,41,0.13662575412356204,0.12501293783682188,-0.011612816286740157,-1.2658781221468858,475.3772881656528,0.11536190227550414,0.11504168987386265,-0.00032021240164148423,0.0953773846414815,신사동,1123051
1123052,False,14.203254299335944,41,0.002159056973773721,0.008871470307459717,0.006712413333685996,1.3748162233276615,0,고활동·청년유동·1인가구 중심형,False,0.11411616889580263,0.002630989222695626,True,False,2025-07-01T00:00:00,31,논현1동,False,False,False,False,10.0,293.9,,0.0,5.853608462455304,41,0.00256962443696096,0.001090506353875309,-0.001479118083085651,0.0010716404047236108,0.8913991997275669,23,False,0.8730993529712242,18.312594677841048,41,-0.08344681279783916,-0.09031138360925617,-0.006864570811417003,-0.6929071734904704,636.7230116255544,-0.08100353753632783,-0.06538455354128203,0.015618983995045799,0.11406612891821186,0.8572194789715648,8,False,0.8364945513366252,10.216666607077238,41,0.13662575412356204,0.1265647385724269,-0.010061015551135144,-0.8072054023821705,480.6693943594527,0.11536190227550414,0.13316780640339498,0.017805904127890848,0.08123337666505306,논현1동,1123052
1123053,False,14.787256826699982,41,0.002159056973773721,-0.0033220146963226505,-0.005481071670096371,-0.8238788354526771,0,고활동·청년유동·1인가구 중심형,False,0.12034726438149551,0.004071531913741211,True,False,2025-07-01T00:00:00,31,논현2동,False,False,True,False,10.0,293.9,,0.0,5.929979921470641,41,0.00256962443696096,-0.001351459540373634,-0.003921083977334594,-0.9545095167426084,0.8919534178118864,23,False,0.8790656791004821,19.356194469762077,41,-0.08344681279783916,-0.084678565378415,-0.00123175258057584,-0.13642987073779864,666.2200937689387,-0.08100353753632783,-0.07869835949690707,0.0023051780394207633,0.09072866702553403,0.8640670176691059,8,True,0.8471318936284132,10.755203612409096,41,0.13662575412356204,0.1293323168222713,-0.007293437301290728,-1.1778303465056637,482.8117370872731,0.11536190227550414,0.10899803271962671,-0.006363869555877422,0.07401725659074844,논현2동,1123053
1123058,False,14.410969284170541,41,0.002159056973773721,3.6297502228332945e-05,-0.002122759471545388,-0.33765868164795493,0,고활동·청년유동·1인가구 중심형,False,0.12096464363728168,0.004216315490555886,True,False,2025-07-01T00:00:00,31,삼성1동,False,False,True,False,10.0,293.9,,0.0,5.61450062217565,41,0.00256962443696096,-0.003374893691003633,-0.005944518127964593,-1.620461555388081,0.9036924487523741,23,False,0.8978793634160718,21.664256273154724,41,-0.08344681279783916,-0.06800687380157067,0.015439938996268499,3.853712287396312,769.1186412413965,-0.08100353753632783,-0.08093339303690339,7.014449942444045e-05,0.07766654592155958,0.8743093850284891,8,True,0.8647927172702863,11.703324611624268,41,0.13662575412356204,0.14535743730810102,0.008731683184538985,1.33325217887963,512.178760204839,0.11536190227550414,0.11230478793341891,-0.003057114342085221,0.10127221435549554,삼성1동,1123058
1123059,False,14.415516504927123,41,0.002159056973773721,0.006557005368212909,0.004397948394439188,0.941427528026338,0,고활동·청년유동·1인가구 중심형,False,0.10037092082364749,-0.0020772300411248112,False,False,2025-07-01T00:00:00,31,삼성2동,False,False,True,False,10.0,293.9,,0.0,5.850663943946945,41,0.00256962443696096,0.005944962856236025,0.0033753384192750646,0.804322799618896,0.9103859267863165,23,False,0.8957004758514744,20.042323110931303,41,-0.08344681279783916,-0.08488740903894998,-0.0014405962411108142,-0.5143809588642274,716.9808748501905,-0.08100353753632783,-0.07807637966877934,0.002927157867548491,0.07870423298570094,0.8846876990520439,8,True,0.872436584360598,10.756242692628103,41,0.13662575412356204,0.13105362489159988,-0.005572129231962153,-1.1272738187964544,510.0010879659653,0.11536190227550414,0.11141516075681945,-0.003946741518684682,0.06792805152242676,삼성2동,1123059
1123060,False,14.467995622834215,41,0.002159056973773721,0.003607748192828719,0.0014486912190549983,0.24986297855433576,2,중간활동·다인가구 중심형,False,0.08396632366697848,-0.003810999905060522,False,False,2025-07-01T00:00:00,31,대치1동,False,False,False,False,10.0,293.9,,0.0,6.140690619490546,41,0.00256962443696096,0.0007504565928464491,-0.001819167844114511,-0.5542465116146713,0.9314675664174114,23,False,0.9253760106997385,22.626561956857298,41,-0.08344681279783916,-0.06381558040432411,0.019631232393515052,1.7747156946570541,850.4310917313724,-0.08100353753632783,-0.07691834761181227,0.004085189924515564,0.04667913938260056,0.9102401361784912,8,False,0.9022159401787343,11.413072484695315,41,0.13662575412356204,0.15870053640482196,0.02207478228125992,3.624278539983743,517.4229517504406,0.11536190227550414,0.11957483097558264,0.0042129287000785,0.08858746492048643,대치1동,1123060
1123063,False,14.429735911831983,41,0.002159056973773721,0.006974823856014112,0.004815766882240391,0.9175127209705386,0,고활동·청년유동·1인가구 중심형,False,0.11432391776700651,-0.0038446073606713954,False,False,2025-07-01T00:00:00,31,대치4동,False,False,False,False,10.0,293.9,,0.0,5.991565814098565,41,0.00256962443696096,-0.0007784510088908458,-0.003348075445851806,-1.5098453527612608,0.9073294863797047,23,False,0.8838875025992929,18.72851808158759,41,-0.08344681279783916,-0.07659086892261069,0.006855943875228476,0.972676632023498,685.1093124112629,-0.08100353753632783,-0.07414700831609089,0.00685652922023694,0.11571740085280387,0.8747166770638386,8,False,0.8538199209814932,10.073043875419366,41,0.13662575412356204,0.1443782068957309,0.00775245277216885,0.7902624950921782,497.27920031441636,0.11536190227550414,0.12391879149015494,0.008556889214650809,0.06572692395896902,대치4동,1123063
1123064,False,14.657468427818811,41,0.002159056973773721,0.013290702831109336,0.011131645857335615,1.9240877446847142,0,고활동·청년유동·1인가구 중심형,False,0.11803281393066013,0.0004958135755281368,True,False,2025-07-01T00:00:00,31,역삼1동,False,False,False,False,10.0,293.9,,0.0,5.987809482997656,41,0.00256962443696096,0.01130667690443854,0.00873705246747758,1.3557582932658414,0.8851427995261022,23,False,0.8663300647828388,18.54333652194962,41,-0.08344681279783916,-0.07920841710895976,0.004238395688879404,0.3561703304070568,674.9379534470548,-0.08100353753632783,-0.06186465705438593,0.0191388804819419,0.10660430535047995,0.8518285397393562,8,False,0.836749262685589,10.638574389464766,41,0.13662575412356204,0.13480505174376445,-0.0018207023797975896,-0.25410061184742394,528.9314904105116,0.11536190227550414,0.12575192034208627,0.01039001806658213,0.08647160882847063,역삼1동,1123064
1123065,False,14.14059645087085,41,0.002159056973773721,-4.791308323159882e-05,-0.0022069700570053197,-0.6247253892022576,0,고활동·청년유동·1인가구 중심형,False,0.0996160078130202,0.003563158066295896,True,False,2025-07-01T00:00:00,31,역삼2동,False,False,True,False,10.0,293.9,,0.0,5.839444627012816,41,0.00256962443696096,0.002198537987766258,-0.0003710864491947019,-0.09994170935108422,0.9156046664475845,23,False,0.8995573447255997,20.12667760037471,41,-0.08344681279783916,-0.08355984965432084,-0.00011303685648167416,-0.37400836298708534,717.2861321612521,-0.08100353753632783,-0.07618350906673044,0.004820028469597393,0.09811777240139391,0.8873447255997371,8,True,0.8726569175156096,10.608788074172557,41,0.13662575412356204,0.13844645650335963,0.0018207023797975896,0.08785871009175329,501.4991953778862,0.11536190227550414,0.114922899183167,-0.0004390030923371313,0.06993429960269017,역삼2동,1123065
1123066,False,13.350104801625493,41,0.002159056973773721,0.005197586618383543,0.003038529644609822,0.5355551877634921,2,중간활동·다인가구 중심형,False,0.09305436696471606,-0.001712865792672838,False,False,2025-07-01T00:00:00,31,도곡1동,False,False,True,False,10.0,293.9,,0.0,5.517564966313763,41,0.00256962443696096,0.004698088436202008,0.002128463999241048,0.2945971081177438,0.932879371190247,23,True,0.9218885680675863,21.10580983463358,41,-0.08344681279783916,-0.08886272962646702,-0.005415916828627854,-1.1120119876831074,794.3008799175926,-0.08100353753632783,-0.09546815947515519,-0.01446462193882736,0.05811963289757133,0.9034236980002138,8,False,0.8884830499411828,10.961584479720738,41,0.13662575412356204,0.13005749611526163,-0.006568258008300409,-1.1440730254396771,507.94062234863,0.11536190227550414,0.11568211467714562,0.00032021240164148423,0.07460087939327766,도곡1동,1123066
1123067,False,13.97162876879902,41,0.002159056973773721,-0.0020803401035371927,-0.0042393970773109135,-1.2455171688568065,2,중간활동·다인가구 중심형,False,0.07778725277143564,0.0012440969747111452,True,False,2025-07-01T00:00:00,31,도곡2동,False,False,True,False,10.0,293.9,,0.0,5.806075411959416,41,0.00256962443696096,-0.0015061941434342252,-0.004075818580395185,-1.0220378919713737,0.9259318557962151,23,True,0.9189364611067138,21.91237950911878,41,-0.08344681279783916,-0.08333377594135749,0.00011303685648167416,0.19788558401395426,808.7677383782573,-0.08100353753632783,-0.09730233953456846,-0.01629880199824063,0.07885456496025087,0.8992537957832626,8,False,0.8833093473411526,11.308910116324569,41,0.13662575412356204,0.13997828543786062,0.003352531314298579,0.3083236116055031,511.23538536172083,0.11536190227550414,0.11615856132723668,0.00079665905173254,0.07031056584050835,도곡2동,1123067
1123068,False,14.243392988735655,41,0.002159056973773721,0.003955351606119706,0.001796294632345985,0.04540627723243813,2,중간활동·다인가구 중심형,False,0.08022396958945024,-0.0017941398016448618,False,False,2025-07-01T00:00:00,31,개포1동,False,False,False,False,10.0,293.9,,0.0,5.954245710074745,41,0.00256962443696096,0.006308299387939975,0.003738674950979015,0.13179632322894466,0.9488367196547005,23,False,0.9426255395304769,23.800860978586485,41,-0.08344681279783916,-0.07122864062821899,0.012218172169620178,0.9825672340219935,867.3095644404735,-0.08100353753632783,-0.07492207758433,0.006081459951997825,0.029830811963146294,0.9285187914517318,8,False,0.918728287188125,12.354509070294785,41,0.13662575412356204,0.15311374174508519,0.016487987621523148,1.675675398308491,546.3690042397159,0.11536190227550414,0.1344870550567281,0.019125152781223953,0.0619805751145716,개포1동,1123068
1123071,False,13.908344552609774,41,0.002159056973773721,-0.004197320937280757,-0.006356377911054478,-0.9042487761210948,2,중간활동·다인가구 중심형,False,0.09004122139559834,-0.005615507277353868,False,False,2025-07-01T00:00:00,31,개포4동,False,False,True,False,10.0,293.9,,0.0,5.425493475559238,41,0.00256962443696096,-0.002756930271185176,-0.005326554708146136,-0.9422359136891274,0.9319537075393537,23,True,0.9237489643744823,22.180361097884255,41,-0.08344681279783916,-0.07160501038453937,0.011841802413299796,1.3159059106842466,762.2010679819546,-0.08100353753632783,-0.08107368203575227,-7.014449942444045e-05,0.040557900532207744,0.9140922742336371,8,False,0.9022436826843412,11.586256030861698,41,0.13662575412356204,0.15358834197038096,0.01696258784681892,1.4270964665539714,516.4398718271731,0.11536190227550414,0.137853003374925,0.022491101099420874,0.06671301720852096,개포4동,1123071
1123072,False,12.74390531098842,41,0.002159056973773721,-0.002383468000301203,-0.004542524974074924,-0.7722246055884993,2,중간활동·다인가구 중심형,False,0.07502330215665477,-0.005671730660053734,False,False,2025-07-01T00:00:00,31,일원본동,False,True,True,False,10.0,293.9,,0.0,5.210958127717789,41,0.00256962443696096,0.0016621452111644786,-0.0009074792257964814,-0.010501570491971923,0.9394410514486735,23,True,0.9385181023110374,22.381344566179553,41,-0.08344681279783916,-0.07868329165146637,0.0047635211463727956,0.41133524266476346,831.673885723359,-0.08100353753632783,-0.10570329890286612,-0.024699761366538286,0.05435027159065342,0.9182415595837202,8,True,0.9117677236527093,11.615801693657167,41,0.13662575412356204,0.14690368564716438,0.010277931523602346,1.296796860413552,538.285072833132,0.11536190227550414,0.11439600108398729,-0.0009659011915168492,0.08606048918458521,일원본동,1123072
1123073,False,12.558792597145395,41,0.002159056973773721,0.0036805207088290715,0.0015214637350553506,0.21748282918941841,1,고령·2인가구·구조적 복지배경 특화형,False,0.09762047638720106,-0.0009646823417410327,False,False,2025-07-01T00:00:00,31,일원1동,False,True,True,False,10.0,293.9,,0.0,4.8810421361742815,41,0.00256962443696096,0.007124360768971716,0.004554736332010756,1.1169964197967142,0.9302957044321518,23,True,0.9210291606911152,20.52512704150248,41,-0.08344681279783916,-0.09373686767994238,-0.010290054882103217,-0.700964781888619,714.9526941941759,-0.08100353753632783,-0.08334065221825959,-0.0023371146819317623,0.0684727444884371,0.8943891279109473,8,True,0.8774861708666257,10.93787931010786,41,0.13662575412356204,0.11945233577985981,-0.01717341834370223,-1.5490884877434954,507.72307380401475,0.11536190227550414,0.112235109089446,-0.00312679318605813,0.09974338175206032,일원1동,1123073
1123074,False,12.535983346842531,41,0.002159056973773721,0.0021650916334357007,6.034659661979802e-06,0.03369646795426986,1,고령·2인가구·구조적 복지배경 특화형,False,0.0,0.0,False,False,2025-07-01T00:00:00,31,개포3동,True,False,True,False,10.0,293.9,,0.0,5.002118487952251,41,0.00256962443696096,0.000533451381296679,-0.002036173055664281,-0.23403189094893434,0.9382617345810922,23,True,0.9320595387222754,21.81671434798145,41,-0.08344681279783916,-0.08548350902742552,-0.0020366962295863544,-0.30683118077067606,761.9434434555197,-0.08100353753632783,-0.08987344118694196,-0.00886990365061413,0.0,0.9103065359958736,8,False,0.8925569228501953,11.247741855320278,41,0.13662575412356204,0.1334384224585663,-0.0031873316649957406,-0.44512418985776203,509.50758652972166,0.11536190227550414,0.11717255816888006,0.0018106558933759231,0.0,일원2동,1123074
1123075,False,11.60355771195097,41,0.002159056973773721,-0.010015773516241389,-0.01217483049001511,-1.6976129576663297,1,고령·2인가구·구조적 복지배경 특화형,False,0.12602949870548183,0.0007814387752178298,True,False,2025-07-01T00:00:00,31,수서동,False,True,True,False,10.0,293.9,,0.0,4.493313001605136,41,0.00256962443696096,0.004642447477192224,0.002072823040231264,0.2611575242879428,0.9239778199328762,23,True,0.9150496133080402,21.2843904235931,41,-0.08344681279783916,-0.10391193299988455,-0.020465120202045384,-1.438979233242211,735.434432591513,-0.08100353753632783,-0.13825824901474348,-0.057254711478415654,0.06553370843781216,0.8838815117466803,8,True,0.8701196556252736,11.343701710680111,41,0.13662575412356204,0.11609451701426732,-0.02053123710929472,-1.5950449184796074,494.82108142305884,0.11536190227550414,0.08264683389317362,-0.032715068382330514,0.1601150796077712,수서동,1123075
1123076,False,13.406606873849244,41,0.002159056973773721,-0.0018721280211266844,-0.004031184994900405,-1.3694910524874393,2,중간활동·다인가구 중심형,False,0.09427763822249148,-0.0008572948242130257,False,False,2025-07-01T00:00:00,31,세곡동,False,True,True,False,10.0,293.9,,0.0,5.29436534062378,41,0.00256962443696096,0.003419500827424482,0.000849876390463522,0.36407597574477407,0.929674161691681,23,True,0.9298105785861741,23.337895058079347,41,-0.08344681279783916,-0.0841721709070713,-0.0007253581092321326,-0.17009369298820842,877.1563922461423,-0.08100353753632783,-0.10789547628239138,-0.02689193874606355,0.11540617840353588,0.9066339340512192,8,True,0.9072041510907772,11.977708395898977,41,0.13662575412356204,0.13982683924082373,0.0032010851172616928,0.46381663201568185,568.854841105252,0.11536190227550414,0.10595939261264409,-0.009402509662860048,0.07795720069017109,세곡동,1123076
1123077,False,14.302240859484478,41,0.002159056973773721,0.0016600541275959557,-0.0004990028461777651,-0.07681342682226787,2,중간활동·다인가구 중심형,False,0.09117516847852823,0.00016951727816083562,True,False,2025-07-01T00:00:00,31,압구정동,False,False,True,False,10.0,293.9,,0.0,5.805206165866915,41,0.00256962443696096,0.002940710886155662,0.0003710864491947019,-0.08708648578382874,0.9066898806743385,23,False,0.8974334366639773,21.371146858039946,41,-0.08344681279783916,-0.08227350815376022,0.001173304644078943,0.2507546426023423,742.8397467263122,-0.08100353753632783,-0.08061843161184168,0.000385105924486151,0.051379802252939165,0.8718722663382734,8,True,0.8581842116438065,11.242578907173874,41,0.13662575412356204,0.13269516581444973,-0.003930588309112304,-0.5589689846537726,475.3162654420868,0.11536190227550414,0.1090458232792848,-0.006316078996219332,0.10514535884696741,압구정동,1123077
1123078,False,15.072943489716465,41,0.002159056973773721,0.00783003820762529,0.005670981233851569,1.3209535459839512,2,중간활동·다인가구 중심형,False,0.10726326427752549,-0.0006332354712602212,False,False,2025-07-01T00:00:00,31,청담동,False,False,False,False,10.0,293.9,,0.0,5.869379055409179,41,0.00256962443696096,0.007728143370019813,0.005158518933058853,1.2086717820190267,0.9147213811003184,23,False,0.9033430335443785,21.571488444978495,41,-0.08344681279783916,-0.07601116703310273,0.007435645764736432,1.2130615899747084,758.5108549565084,-0.08100353753632783,-0.07960783713455477,0.001395700401773059,0.06574621272461853,0.8852479452593496,8,False,0.8746785166542136,11.730914687372422,41,0.13662575412356204,0.14485713526091137,0.008231381137349336,1.5834079077905963,512.6774278668478,0.11536190227550414,0.12225080591096393,0.006888903635459798,0.08350155512669517,청담동,1123078
1123079,False,13.895429420970265,41,0.002159056973773721,0.002153022314111741,-6.034659661979802e-06,0.06660324788484144,2,중간활동·다인가구 중심형,False,0.08523994479610078,-0.003162372893596513,False,False,2025-07-01T00:00:00,31,대치2동,False,False,True,False,10.0,293.9,,0.0,5.690149608763694,41,0.00256962443696096,0.0046378727560887345,0.0020682483191277745,0.36820567430380696,0.932091392801252,23,True,0.9209129890453833,21.88876726643636,41,-0.08344681279783916,-0.08521581088846553,-0.0017689980906263614,-0.355422742540692,818.6310506379837,-0.08100353753632783,-0.09189333578058356,-0.010889798244255733,0.05524466158495752,0.9076222222222222,8,False,0.8943217527386541,11.036442867966066,41,0.13662575412356204,0.13415393695154032,-0.0024718171720217175,-0.29237553535783645,509.26398692078493,0.11536190227550414,0.11768178520913075,0.002319882933626616,0.07613828926144403,대치2동,1123079
1123080,False,13.258620125677886,41,0.002159056973773721,-0.007196332683401252,-0.009355389657174973,-1.3911154333942275,2,중간활동·다인가구 중심형,False,0.07812952790639267,-0.00018225780102532063,False,False,2025-07-01T00:00:00,31,개포2동,False,True,True,False,10.0,293.9,,0.0,5.47909557831913,41,0.00256962443696096,-0.003990489902072181,-0.006560114339033141,-1.8187337987170193,0.945742446414737,23,True,0.9425399558118851,23.260685993688725,41,-0.08344681279783916,-0.07338778781442912,0.010059024983410048,1.5283959924921533,829.5535386894849,-0.08100353753632783,-0.08545079856088478,-0.004447261024556948,0.03494497285671048,0.9266652319876043,8,True,0.9166603540787926,11.728794920361256,41,0.13662575412356204,0.1415743693060123,0.004948615182450267,0.39084784432769915,533.2848009533429,0.11536190227550414,0.11087886752282117,-0.004483034752682968,0.07924359411927592,개포2동,1123080
1123051,False,13.50546679701138,42,-0.021624194195753565,-0.027124811063037768,-0.005500616867284203,-0.9039321131543604,2,중간활동·다인가구 중심형,False,0.10664847912897626,-0.009589217548350876,False,False,2025-08-01T00:00:00,31,신사동,False,False,False,False,12.0,290.3,,0.0,5.593486488373717,42,-0.01053650154799557,-0.013595234490933361,-0.003058732942937792,-0.6000236612264325,0.9116346623839118,21,False,0.9049877801829481,22.212160289287596,42,0.08413945857899763,0.08433622440150845,0.00019676582251082486,0.25368109856642584,734.119037285316,0.06015263290696149,0.0656665158606975,0.0055138829537360046,0.07222540458342433,0.8545248236854969,10,False,0.8276139934362126,9.251042038299836,42,-0.19413011648346323,-0.1917048150070615,0.002425301476401742,0.23697841220630136,377.67466949763167,-0.241550192659167,-0.23007561729552428,0.011474575363642714,0.10087489748904832,신사동,1123051
1123052,False,13.910507401386155,42,-0.021624194195753565,-0.020826631635840087,0.0007975625599134784,0.3236576131681055,0,고활동·청년유동·1인가구 중심형,False,0.1146482212493902,0.0005320523535875671,True,False,2025-08-01T00:00:00,31,논현1동,False,False,True,False,12.0,290.3,,0.0,5.757340207067682,42,-0.01053650154799557,-0.016582703817465294,-0.006046202269469725,-0.6937040635709901,0.8975673825618208,21,True,0.8821900402156241,20.05017620332759,42,0.08413945857899763,0.09064888502491808,0.006509426445920452,0.6378487083260235,670.8336786401369,0.06015263290696149,0.05218650697543481,-0.00796612593152668,0.11146895104727944,0.8388093608282708,10,False,0.8088025156156412,8.526456317934054,42,-0.19413011648346323,-0.18084653021841257,0.013283586265050662,1.226301902162617,387.2767255612948,-0.241550192659167,-0.21604021334124734,0.02550997931791965,0.08462552304210305,논현1동,1123052
1123053,False,14.533530225295559,42,-0.021624194195753565,-0.0173073754447719,0.004316818750981666,0.45570150110201213,0,고활동·청년유동·1인가구 중심형,False,0.12084733441444558,0.0005000700329500646,True,False,2025-08-01T00:00:00,31,논현2동,False,False,True,False,12.0,290.3,,0.0,5.876153914789203,42,-0.01053650154799557,-0.009118375307843651,0.001418126240151918,0.2013773686549356,0.900128931519072,21,True,0.8934780281061789,21.077490542163392,42,0.08413945857899763,0.0851931762152458,0.0010537176362481748,0.19000283350997035,701.1990552900014,0.06015263290696149,0.051171718698708624,-0.008980914208252866,0.09225378008008366,0.8484140084764666,10,False,0.8241186705331253,8.96096468460131,42,-0.19413011648346323,-0.18251180754076346,0.011618308942699773,1.8734389071336508,390.8527485002127,-0.241550192659167,-0.21129591263038883,0.03025428002877817,0.07445609718487188,논현2동,1123053
1123058,False,14.14994488136049,42,-0.021624194195753565,-0.01827894366695837,0.003345250528795196,0.3344102785020189,0,고활동·청년유동·1인가구 중심형,False,0.117037342502243,-0.003927301135038683,False,False,2025-08-01T00:00:00,31,삼성1동,False,False,True,False,12.0,290.3,,0.0,5.585871479464945,42,-0.01053650154799557,-0.005112188202587076,0.0054243133454084935,1.1730406369033561,0.9161107750218458,21,True,0.9114525778046649,23.542552267301,42,0.08413945857899763,0.08314579241737885,-0.000993666161618778,-0.1869188548425211,806.5772504144641,0.06015263290696149,0.047554440241535545,-0.012598192665425945,0.07268441378234243,0.8655676547691066,10,False,0.8445607313302413,9.696288971464737,42,-0.19413011648346323,-0.18812972423358065,0.00600039224988258,0.8595193347167791,409.4432324169706,-0.241550192659167,-0.22387543802185128,0.017674754637315715,0.10089329997157936,삼성1동,1123058
1123059,False,14.128316293809183,42,-0.021624194195753565,-0.020124130183976074,0.001500064011777491,0.34119058571450445,0,고활동·청년유동·1인가구 중심형,False,0.10309981584416024,0.0027288950205127532,True,False,2025-08-01T00:00:00,31,삼성2동,False,False,False,False,12.0,290.3,,0.0,5.805300863922737,42,-0.01053650154799557,-0.007783707278243179,0.00275279426975239,0.5584579019109669,0.9197627041913458,21,False,0.9092760402912439,21.83038880400654,42,0.08413945857899763,0.08545678774230758,0.0013173291633099549,0.6531143188407061,762.4532939593016,0.06015263290696149,0.06149208638684733,0.0013394534798858437,0.08177195086924936,0.8696001056324744,10,False,0.8468008450597956,8.841411288870649,42,-0.19413011648346323,-0.1960397896474868,-0.0019096731640235731,-0.32979641749162564,401.2830834419266,-0.241550192659167,-0.2397457369917504,0.0018044556674166046,0.07409738295967157,삼성2동,1123059
1123060,False,14.120502916794596,42,-0.021624194195753565,-0.024311162781084583,-0.0026869685853310177,-0.6267310936105233,2,중간활동·다인가구 중심형,False,0.08596481491758699,0.001998491250608511,True,False,2025-08-01T00:00:00,31,대치1동,False,True,True,False,12.0,290.3,,0.0,6.087189438133252,42,-0.01053650154799557,-0.008750743793928706,0.0017857577540668634,0.4311771268828714,0.9357961314092722,21,True,0.92941848326681,24.282017731622688,42,0.08413945857899763,0.07061154138860504,-0.013527917190392591,-1.2210393471312917,900.745686818741,0.06015263290696149,0.05747957352190891,-0.0026730593850525786,0.04678395027471003,0.8892176849861836,10,True,0.8698403438747315,9.354887814370784,42,-0.19413011648346323,-0.1988604400114693,-0.004730323528006064,-0.8013517216530042,400.83204736204885,-0.241550192659167,-0.25531812348629046,-0.013767930827123465,0.09083004976228795,대치1동,1123060
1123063,False,14.185180779220778,42,-0.021624194195753565,-0.017093258716929238,0.004530935478824327,0.7920434085591476,0,고활동·청년유동·1인가구 중심형,False,0.11381721354051012,-0.0005067042264963878,False,False,2025-08-01T00:00:00,31,대치4동,False,False,True,False,12.0,290.3,,0.0,5.958704415584416,42,-0.01053650154799557,-0.005499705146702061,0.0050367964012935085,1.2816945997599347,0.91567012987013,21,True,0.8938109090909091,20.3591096436362,42,0.08413945857899763,0.08348106677744349,-0.0006583918015541368,-0.0371056057271666,722.9363811922217,0.06015263290696149,0.05374281977557249,-0.006409813131388997,0.10462594833195915,0.8506067532467533,10,False,0.8219942857142857,8.35341156015141,42,-0.19413011648346323,-0.18719290719730575,0.006937209286157486,0.6808426890037862,391.49079695311815,-0.241550192659167,-0.23918963160805262,0.0023605610511143738,0.066014910703769,대치4동,1123063
1123064,False,14.286770645973586,42,-0.021624194195753565,-0.02561601644183309,-0.003991822246079524,-0.6801025003142239,0,고활동·청년유동·1인가구 중심형,False,0.11663766105916365,-0.0013951528714964828,False,False,2025-08-01T00:00:00,31,역삼1동,False,False,True,False,12.0,290.3,,0.0,5.882800503623002,42,-0.01053650154799557,-0.01769272493114782,-0.007156223383152249,-1.184996184967557,0.8946639087311783,21,True,0.8820155198108844,20.10816511782663,42,0.08413945857899763,0.08101544997164423,-0.0031240086073534012,-0.4183477757862079,706.6249916419722,0.06015263290696149,0.04587933733898453,-0.014273295567976962,0.10876545370827682,0.8387376021378282,10,False,0.8150115627730099,8.737697971232759,42,-0.19413011648346323,-0.19683972402895344,-0.0027096075454902113,-0.3350929470115864,420.21944931084647,-0.241550192659167,-0.23008184255901298,0.011468350100154012,0.08669016102292985,역삼1동,1123064
1123065,False,13.901776398335866,42,-0.021624194195753565,-0.017033210981725944,0.004590983214027622,1.1005474481965467,0,고활동·청년유동·1인가구 중심형,False,0.10197620432162012,0.002360196508599921,True,False,2025-08-01T00:00:00,31,역삼2동,False,False,True,False,12.0,290.3,,0.0,5.780026084659578,42,-0.01053650154799557,-0.010227498612794594,0.0003090029352009749,0.06457319855241506,0.9216238526051641,21,False,0.9087898699068877,21.98313907847078,42,0.08413945857899763,0.08822957514011698,0.00409011656111935,0.7026381182412889,763.8738055582098,0.06015263290696149,0.06292776999439376,0.0027751370874322667,0.09270161253103684,0.8692910915934755,10,True,0.844123687512382,8.734167350682846,42,-0.19413011648346323,-0.19444010552673907,-0.00030998904327583787,-0.21902490857811086,391.6280490144192,-0.241550192659167,-0.24728946818180475,-0.0057392755226377545,0.06934160366996188,역삼2동,1123065
1123066,False,13.116812620734063,42,-0.021624194195753565,-0.017629421616180085,0.00399477257957348,0.7032003958896345,2,중간활동·다인가구 중심형,False,0.09593315145251588,0.0028787844877998237,True,False,2025-08-01T00:00:00,31,도곡1동,False,True,True,False,12.0,290.3,,0.0,5.481765400300493,42,-0.01053650154799557,-0.006509431252684772,0.004027070295310797,0.48458728081118785,0.9324855119124276,21,True,0.9289724189740288,22.94457366870375,42,0.08413945857899763,0.08353311690526066,-0.0006063416737369653,-0.17761150167698578,838.5746432224894,0.06015263290696149,0.054241265816094675,-0.005911367090866815,0.058541459520089344,0.8813887100236101,10,True,0.8626722472633612,9.013346162931434,42,-0.19413011648346323,-0.19569045448052158,-0.0015603379970583475,-0.2567565417855676,387.47273236647186,-0.241550192659167,-0.2707190773754613,-0.029168884716294308,0.07327968339023232,도곡1동,1123066
1123067,False,13.654270072992702,42,-0.021624194195753565,-0.02297645836651041,-0.001352264170756845,-0.436314352781185,2,중간활동·다인가구 중심형,False,0.07996531259315465,0.0021780598217190084,True,False,2025-08-01T00:00:00,31,도곡2동,False,True,True,False,12.0,290.3,,0.0,5.743445833634458,42,-0.01053650154799557,-0.010845504483196544,-0.0003090029352009749,-0.16457108593514527,0.9304701163547012,21,True,0.9229760786297607,23.668552534133234,42,0.08413945857899763,0.0770955182353461,-0.0070439403436515224,-0.6924355091789455,850.627750258002,0.06015263290696149,0.05046282796643986,-0.009689804940521629,0.0810492940570716,0.8801261111512612,10,True,0.8552872732528728,9.25460132998804,42,-0.19413011648346323,-0.20047005195896883,-0.006339935475505598,-1.1316481658702362,396.1881630108639,-0.241550192659167,-0.25494086333840116,-0.013390670679234162,0.07615511774748651,도곡2동,1123067
1123068,False,13.92758481335744,42,-0.021624194195753565,-0.022421756755667044,-0.0007975625599134784,-0.3818802417756991,2,중간활동·다인가구 중심형,False,0.08175830311846799,0.0015343335290177451,True,False,2025-08-01T00:00:00,31,개포1동,False,False,True,False,12.0,290.3,,0.0,5.9093406359672445,42,-0.01053650154799557,-0.00757027213406869,0.0029662294139268797,0.00899516881677162,0.9510794427310433,21,False,0.9472508773795597,25.911119311193115,42,0.08413945857899763,0.08495043801581525,0.0008109794368176271,0.08979700387619755,922.7644594139442,0.06015263290696149,0.06197804623854708,0.0018254133315855903,0.029344236399637052,0.9105604594278421,10,True,0.8943954057215783,10.17181616444756,42,-0.19413011648346323,-0.1944003286533018,-0.00027021216983857954,-0.013475910835433463,420.99218549346017,-0.241550192659167,-0.26068030767735806,-0.019130115018191063,0.0632950917833934,개포1동,1123068
1123071,False,13.598393978717882,42,-0.021624194195753565,-0.022537291569344475,-0.0009130973735909098,-0.05873197360845797,2,중간활동·다인가구 중심형,False,0.08955270883560135,-0.0004885125599969897,False,False,2025-08-01T00:00:00,31,개포4동,False,False,False,False,12.0,290.3,,0.0,5.380196729820919,42,-0.01053650154799557,-0.008383918139992064,0.0021525834080035056,0.7138829935846503,0.935909161692188,21,False,0.9305123280560602,24.122619164749985,42,0.08413945857899763,0.0839426927564868,-0.00019676582251082486,0.02816585816269427,819.732602876664,0.06015263290696149,0.07276780340308786,0.012615170496126371,0.03873864101586147,0.8975925253049571,10,False,0.8775805865559306,9.613758260988241,42,-0.19413011648346323,-0.18662434604902112,0.007505770434442116,0.5800706100328379,414.90587169263574,-0.241550192659167,-0.2189071878153932,0.022643004843773795,0.06946432133022147,개포4동,1123071
1123072,False,12.579815006150062,42,-0.021624194195753565,-0.012959596723797429,0.008664597471956137,1.640001941811208,2,중간활동·다인가구 중심형,False,0.07591320536688709,0.0008899032102323151,True,False,2025-08-01T00:00:00,31,일원본동,False,False,True,False,12.0,290.3,,0.0,5.171563099630997,42,-0.01053650154799557,-0.0075887573518547136,0.0029477441961408557,0.8004718275346067,0.9496270602706026,21,False,0.9489205412054119,24.7014747344332,42,0.08413945857899763,0.09863516770222924,0.014495709123231615,1.4625112597372136,892.225773448279,0.06015263290696149,0.07027881009189318,0.010126177184931695,0.04373756178981832,0.9062445264452643,10,True,0.8930022140221401,9.65658868194547,42,-0.19413011648346323,-0.18472593876830423,0.009404177715159001,1.1805269703344161,413.70541723621744,-0.241550192659167,-0.2632341269999259,-0.02168393434075888,0.09020350516787572,일원본동,1123072
1123073,False,12.238412644227488,42,-0.021624194195753565,-0.02584144287355894,-0.004217248677805374,-0.5930514692782137,1,고령·2인가구·구조적 복지배경 특화형,False,0.09270562277409375,-0.004914853613107312,False,False,2025-08-01T00:00:00,31,일원1동,False,False,False,False,12.0,290.3,,0.0,4.800791288318427,42,-0.01053650154799557,-0.016577993500400234,-0.006041491952404665,-1.2629498167655897,0.935533556359664,21,False,0.9268252884549737,22.475251920051146,42,0.08413945857899763,0.09076494427840842,0.006625485699410794,0.5093896001404818,773.9505558809035,0.06015263290696149,0.07929161171938759,0.0191389788124261,0.05794251316057701,0.8753348808629754,10,False,0.8497904007646617,9.04139328899472,42,-0.19413011648346323,-0.19041864344683157,0.003711473036631663,0.17824746879278078,401.0875760672554,-0.241550192659167,-0.23575637098916502,0.005793821670001975,0.09872831052966075,일원1동,1123073
1123074,False,12.240545347206849,42,-0.021624194195753565,-0.023849346024087836,-0.002225151828334271,-0.3371269019493732,1,고령·2인가구·구조적 복지배경 특화형,False,0.0,0.0,False,False,2025-08-01T00:00:00,31,개포3동,True,False,True,False,12.0,290.3,,0.0,4.928383883108258,42,-0.01053650154799557,-0.014850398734766568,-0.0043138971867709985,-0.5959661864053156,0.9422145967087301,21,False,0.9325083019703343,23.612443869219412,42,0.08413945857899763,0.07909746643020821,-0.00504199214878942,-0.7216513112367179,813.644557335068,0.06015263290696149,0.0656512771423694,0.005498644235407912,0.0,0.8890605859346173,10,True,0.8634277913069146,9.182804461613292,42,-0.19413011648346323,-0.20283472964565918,-0.008704613162195951,-1.2672570535072258,393.3181242890145,-0.241550192659167,-0.25882598171639604,-0.01727578905722904,0.0,일원2동,1123074
1123075,False,11.38467436980912,42,-0.021624194195753565,-0.019043652974780834,0.002580541220972732,0.30363988758884514,1,고령·2인가구·구조적 복지배경 특화형,False,0.12626718859781189,0.00023768989233005633,True,False,2025-08-01T00:00:00,31,수서동,False,True,True,False,12.0,290.3,,0.0,4.397003438729419,42,-0.01053650154799557,-0.021667019679483257,-0.011130518131487688,-1.6677017536119665,0.9355704502404196,21,True,0.9289290397785225,23.34120360016322,42,0.08413945857899763,0.09224623356799455,0.008106774988996923,0.492363079764516,777.300744999404,0.06015263290696149,0.05536594532762518,-0.004786687579336313,0.05710378400080297,0.8711897129535188,10,True,0.8430737286900771,9.344638629530982,42,-0.19413011648346323,-0.19385990431362465,0.00027021216983857954,-0.014917104126715808,387.1252322971856,-0.241550192659167,-0.24544800720820614,-0.003897814549039147,0.16016009234166415,수서동,1123075
1123076,False,13.150303961557803,42,-0.021624194195753565,-0.019302762430779552,0.0023214317649740135,0.6311472604612908,2,중간활동·다인가구 중심형,False,0.09377526273241713,-0.0005023754900743554,False,False,2025-08-01T00:00:00,31,세곡동,False,False,True,False,12.0,290.3,,0.0,5.212537576130078,42,-0.01053650154799557,-0.015576315793030204,-0.005039814245034635,-1.2573461752210857,0.9333167569983796,21,False,0.9340850421858412,25.34013935943035,42,0.08413945857899763,0.082311237698514,-0.001828220880483622,-0.391319440612867,945.1858147478184,0.06015263290696149,0.07469623466116371,0.014543601754202218,0.11138354349148673,0.8890286081466168,10,True,0.88570766050176,9.838664372229307,42,-0.19413011648346323,-0.19672732124986725,-0.0025972047664040154,-0.74463048662871,445.97845378768335,-0.241550192659167,-0.2433546483265836,-0.0018044556674166046,0.08085407829050996,세곡동,1123076
1123077,False,14.04152993063287,42,-0.021624194195753565,-0.01839686637038529,0.0032273278253682758,0.7690681805094275,2,중간활동·다인가구 중심형,False,0.09159096012902436,0.0004157916504961279,True,False,2025-08-01T00:00:00,31,압구정동,False,False,True,False,12.0,290.3,,0.0,5.725673974479747,42,-0.01053650154799557,-0.01379486243051753,-0.00325836088252196,-0.7239757737595396,0.9086109445919329,21,True,0.8998488481630555,23.31044416744817,42,0.08413945857899763,0.08685977304672932,0.002720314467731688,0.5305573038214813,783.4319593939016,0.06015263290696149,0.053203878782308145,-0.006948754124653345,0.047396035359206265,0.849329022865462,10,False,0.8255849105078359,9.356779896174636,42,-0.19413011648346323,-0.18360705517644815,0.01052306130701508,1.7909278450807369,379.38130484821363,-0.241550192659167,-0.2254386237414261,0.016111568917740904,0.10924606496131313,압구정동,1123077
1123078,False,14.689053346653349,42,-0.021624194195753565,-0.025798768630430402,-0.0041745744346768365,-0.8976840585747796,2,중간활동·다인가구 중심형,False,0.10704816905105657,-0.00021509522646891155,False,False,2025-08-01T00:00:00,31,청담동,False,False,True,False,12.0,290.3,,0.0,5.775247552447553,42,-0.01053650154799557,-0.01616772380664644,-0.00563122225865087,-1.3478675363775356,0.9225678321678322,21,True,0.9150209790209791,23.580873200197853,42,0.08413945857899763,0.08906346246370944,0.004924003884711814,0.7070636289584485,805.0927663242848,0.06015263290696149,0.05960039867987721,-0.0005522342270842806,0.06303714398214988,0.8731388611388613,10,False,0.8529526473526473,9.714340796236206,42,-0.19413011648346323,-0.18862441178284017,0.00550570470062306,1.053318601920791,408.02247150405196,-0.241550192659167,-0.2283246017114431,0.013225590947723909,0.0875495471846699,청담동,1123078
1123079,False,13.577538101186759,42,-0.021624194195753565,-0.02314315030532521,-0.0015189561095716453,-0.20738111102545373,2,중간활동·다인가구 중심형,False,0.09151651997603796,0.006276575179937183,True,False,2025-08-01T00:00:00,31,대치2동,False,False,True,False,12.0,290.3,,0.0,5.61970986883198,42,-0.01053650154799557,-0.012456503262661123,-0.0019200017146655535,-0.37739108674515087,0.9324693941286696,21,False,0.9242970018738288,23.525768839296568,42,0.08413945857899763,0.07212277170471282,-0.01201668687428481,-1.3086579618003646,869.8652911188307,0.06015263290696149,0.06070486713404577,0.0005522342270842806,0.056161006405234776,0.8837767020612117,10,True,0.8600861961274203,8.9203613579928,42,-0.19413011648346323,-0.21286632818440054,-0.01873621170093731,-2.373809475089513,398.33698239939343,-0.241550192659167,-0.24566818396454604,-0.004117991305379043,0.08186258697755863,대치2동,1123079
1123080,False,12.9461244238312,42,-0.021624194195753565,-0.023851445358944456,-0.002227251163190891,-0.07431194869578465,2,중간활동·다인가구 중심형,False,0.08031478913163938,0.002185261225246704,True,False,2025-08-01T00:00:00,31,개포2동,False,False,True,False,12.0,290.3,,0.0,5.424803744739329,42,-0.01053650154799557,-0.009958324199299984,0.0005781773486955855,0.3123967404610374,0.951101090784162,21,False,0.9487391565747658,25.233331488115507,42,0.08413945857899763,0.08140115957348382,-0.0027382990055138112,-0.3664148420694943,887.1222769792608,0.06015263290696149,0.0670951764767338,0.006942543569772308,0.033333440099420575,0.913888745741361,10,True,0.89372097683873,9.614038316831246,42,-0.19413011648346323,-0.1988225675625448,-0.004692451079081561,-0.47690530695982625,410.5822953232204,-0.241550192659167,-0.2614792325889681,-0.019929039929801107,0.0824319606417496,개포2동,1123080
1123051,False,13.784785203692136,43,0.014787035146425431,0.020470911065813446,0.005683875919388015,0.7935890439991998,2,중간활동·다인가구 중심형,False,0.10999827460130966,0.0033497954723333973,True,False,2025-09-01T00:00:00,30,신사동,False,False,True,False,13.0,370.7,,0.0,5.6727420362273575,43,0.012905320781007368,0.014069811405995836,0.001164490624988468,0.08289853405901475,0.9336220417794435,22,False,0.9288534943438128,33.63083049620295,43,0.42871344146016654,0.4148033208561799,-0.013910120603986664,-1.138076654562598,1127.1091553850351,0.4280342963074215,0.4287401725687996,0.00070587626137808,0.08165654706641141,0.8827718786869319,8,True,0.8670150600319245,12.961381052936117,43,0.35432380393667917,0.3372380500046206,-0.01708575393205858,-1.8579872855938764,532.0510098360498,0.35100897528049924,0.34270620556350107,-0.00830276971699817,0.09768221442597631,신사동,1123051
1123052,False,14.089475244971636,43,0.014787035146425431,0.012783599410697732,-0.002003435735727699,-0.2180228534162178,0,고활동·청년유동·1인가구 중심형,False,0.11294457097148394,-0.0017036502779062546,False,False,2025-09-01T00:00:00,30,논현1동,False,False,False,False,13.0,370.7,,0.0,5.779316228296373,43,0.012905320781007368,0.0038097776305550113,-0.009095543150452357,-1.1561218978868077,0.9297365480488224,22,False,0.924192453154547,30.796644088621562,43,0.42871344146016654,0.42916778397166766,0.0004543425115011157,0.00124814390543659,1037.3089657139963,0.4280342963074215,0.43586387035111773,0.007829574043696219,0.11647702161047882,0.8776908200103146,8,False,0.8620169331270415,12.148991171823088,43,0.35432380393667917,0.3540722975504833,-0.0002515063861958655,0.05534851702643178,550.3259808170645,0.35100897528049924,0.35137130441735565,0.00036232913685640966,0.08042900123422973,논현1동,1123052
1123053,False,14.77479493716177,43,0.014787035146425431,0.01646427494715219,0.0016772398007267597,0.08739872371351237,0,고활동·청년유동·1인가구 중심형,False,0.12089537018152151,4.803576707593238e-05,True,False,2025-09-01T00:00:00,30,논현2동,False,False,True,False,13.0,370.7,,0.0,5.916619705711347,43,0.012905320781007368,0.0068628383868940546,-0.006042482394113313,-1.4131652768831944,0.9265298090254483,22,True,0.9231387808041505,32.244736796374646,43,0.42871344146016654,0.425149157713379,-0.003564283746787522,-0.4609261534615326,1075.3628375045905,0.4280342963074215,0.4276216011036098,-0.0004126952038117082,0.0942263240193079,0.8822876693948746,8,False,0.8696972136499842,12.733596773367763,43,0.35432380393667917,0.35136602885493007,-0.0029577750817491033,-0.4612253302472445,557.7461663793689,0.35100897528049924,0.35557307317002174,0.0045640978895225,0.0723893534570671,논현2동,1123053
1123058,False,14.40100139822891,43,0.014787035146425431,0.017587016936281064,0.0027999817898556323,0.2649576980108117,0,고활동·청년유동·1인가구 중심형,False,0.11767049604887442,0.0006331535466314181,True,False,2025-09-01T00:00:00,30,삼성1동,False,False,True,False,13.0,370.7,,0.0,5.6741906917903995,43,0.012905320781007368,0.015687484177917543,0.0027821633969101756,0.4875305651738061,0.9392356348625076,22,False,0.9408642386310673,36.10912645200257,43,0.42871344146016654,0.4277361251675109,-0.0009773162926556278,-0.17316386179657947,1244.2638355115478,0.4280342963074215,0.433499659491007,0.005465363183585481,0.08133010160037188,0.8913642719222318,8,True,0.8838198282175911,13.827717084721453,43,0.35432380393667917,0.3549318302096873,0.0006080262730081554,0.1379369439559824,577.963739201708,0.35100897528049924,0.3447128646521289,-0.006296110628370322,0.09879474068663259,삼성1동,1123058
1123059,False,14.384757499719113,43,0.014787035146425431,0.017988107665710462,0.003201072519285031,0.6926715185697855,0,고활동·청년유동·1인가구 중심형,False,0.10266474650744763,-0.0004350693367126124,False,False,2025-09-01T00:00:00,30,삼성2동,False,False,False,False,13.0,370.7,,0.0,5.875471330661774,43,0.012905320781007368,0.012014841090598471,-0.0008904796904088963,-0.31689586616876825,0.9423515973184525,22,False,0.9416093030223586,33.50856384676253,43,0.42871344146016654,0.42849806243868116,-0.00021537902148538457,-0.018575886056728223,1180.880003603545,0.4280342963074215,0.4374739524987099,0.009439656191288393,0.08746044927520996,0.8998767836410622,8,False,0.8895824126437212,12.603594023708556,43,0.35432380393667917,0.3545355012916671,0.00021169735498793862,0.1669474378831732,574.9021127330993,0.35100897528049924,0.35953266558910535,0.008523690308606113,0.07057005602800348,삼성2동,1123059
1123060,False,14.286572321264474,43,0.014787035146425431,0.011692248850070808,-0.0030947862963546235,-0.7019076987714079,2,중간활동·다인가구 중심형,False,0.08221840197324165,-0.0037464129443453426,False,False,2025-09-01T00:00:00,30,대치1동,False,True,True,False,13.0,370.7,,0.0,6.184167126141027,43,0.012905320781007368,0.01580586570829623,0.0029005449272888617,0.7212630351253454,0.9534987441034124,22,True,0.9513330882803407,37.080573755008366,43,0.42871344146016654,0.42335714865514174,-0.005356292805024809,-0.4539525675615147,1360.064026664331,0.4280342963074215,0.41206409486812046,-0.015970201439301057,0.05349801928395247,0.9167181277951357,8,True,0.9003265331127857,13.026036913601615,43,0.35432380393667917,0.3310512263563399,-0.023272577580339293,-3.61447086624502,558.4689965657392,0.35100897528049924,0.33165659993788044,-0.0193523753426188,0.09023469616563272,대치1동,1123060
1123063,False,14.256891856369274,43,0.014787035146425431,0.005042616269416378,-0.009744418877009053,-1.792373531745468,0,고활동·청년유동·1인가구 중심형,False,0.11166787088207149,-0.0021493426584386355,False,False,2025-09-01T00:00:00,30,대치4동,False,True,True,False,13.0,370.7,,0.0,5.9484732663897795,43,0.012905320781007368,-0.0017184847636904088,-0.014623805544697777,-5.1189856625861445,0.9378318700383786,22,True,0.9276157930708164,30.79768856125795,43,0.42871344146016654,0.4139111803910689,-0.014802261069097655,-1.7430221783690305,1096.7176653661434,0.4280342963074215,0.4167558319147764,-0.011278464392645127,0.1056279169677205,0.8859465853530308,8,True,0.8658356553283212,11.67404446702062,43,0.35432380393667917,0.33469793034023576,-0.01962587359644341,-1.6458330950039566,548.7713844688162,0.35100897528049924,0.3377199250388019,-0.013289050241697353,0.06711906110254057,대치4동,1123063
1123064,False,14.48131946576604,43,0.014787035146425431,0.013525526715360225,-0.0012615084310652058,-0.19935690182513455,0,고활동·청년유동·1인가구 중심형,False,0.11528669664330116,-0.0013509644158624934,False,False,2025-09-01T00:00:00,30,역삼1동,False,False,False,False,13.0,370.7,,0.0,5.926272131818647,43,0.012905320781007368,0.007362445113959559,-0.0055428756670478085,-0.9315392256444511,0.9252650701054139,22,False,0.9204242145123325,30.840843001117715,43,0.42871344146016654,0.4277139256425544,-0.000999515817612151,-0.18605976172024236,1105.6777952602251,0.4280342963074215,0.44771371211389344,0.019679415806471923,0.12379369935895121,0.8755124859277453,8,False,0.8605127417869205,12.416496769440418,43,0.35432380393667917,0.3513792081106928,-0.0029445958259863847,-0.27298918987933346,601.6081151263012,0.35100897528049924,0.35882918860201407,0.007820213321514835,0.08529471322013962,역삼1동,1123064
1123065,False,14.124581285662458,43,0.014787035146425431,0.015900002687653902,0.0011129675412284712,0.15429295885976713,0,고활동·청년유동·1인가구 중심형,False,0.09911416758921625,-0.002862036732403872,False,False,2025-09-01T00:00:00,30,역삼2동,False,False,False,False,13.0,370.7,,0.0,5.853283749464032,43,0.012905320781007368,0.01259463286371032,-0.0003106879172970478,-0.09218742263855799,0.944925294369867,22,False,0.9416158184636696,33.7667202528239,43,0.42871344146016654,0.4291999555441759,0.0004865140840093485,-0.2383580964743939,1189.3039171420216,0.4280342963074215,0.4427208718286657,0.014686575521244194,0.09883694067159145,0.9045054256406874,8,False,0.8914370526732414,12.44990237276516,43,0.35432380393667917,0.3544701656259317,0.00014636168925252768,-0.17113760510097745,561.9954574825326,0.35100897528049924,0.36118123230176735,0.010172257021268116,0.06693551517078103,역삼2동,1123065
1123066,False,13.275353681392236,43,0.014787035146425431,0.01201439593088427,-0.0027726392155411617,-0.5169053647408294,2,중간활동·다인가구 중심형,False,0.09296499724387747,-0.0029681542086384127,False,False,2025-09-01T00:00:00,30,도곡1동,False,False,False,False,13.0,370.7,,0.0,5.5558484605087015,43,0.012905320781007368,0.013423947174505013,0.0005186263934976454,0.06206117527380117,0.9572958500669344,22,False,0.9574061579651941,35.940464119703535,43,0.42871344146016654,0.44878232790986283,0.020068886449696288,3.766062221698241,1307.3345511131147,0.4280342963074215,0.4440420523422537,0.016007756034832177,0.049989172375777616,0.9184963855421687,8,False,0.9121997322623829,13.090931648955396,43,0.35432380393667917,0.3732133640524413,0.01888956011576215,3.2660715088080714,555.4541313200272,0.35100897528049924,0.3601405555583721,0.009131580277872864,0.07878573115993384,도곡1동,1123066
1123067,False,13.901764578208653,43,0.014787035146425431,0.01796348158055361,0.0031764464341281773,0.781387379225383,2,중간활동·다인가구 중심형,False,0.0804152076038019,0.0004498950106472527,True,False,2025-09-01T00:00:00,30,도곡2동,False,True,True,False,13.0,370.7,,0.0,5.865493778035018,43,0.012905320781007368,0.021027319529563826,0.008121998748556458,1.7609708965412383,0.9546252351323976,22,True,0.9542899001591665,36.58708692722831,43,0.42871344146016654,0.4355480922176933,0.006834650757526761,1.0050218870789283,1297.9047570752368,0.4280342963074215,0.4225319112755779,-0.005502385031843637,0.07583139395784849,0.9167457676168427,8,True,0.9011355086094631,13.257085045212552,43,0.35432380393667917,0.35941126099230214,0.005087457055622968,0.5425105509486681,562.581438786656,0.35100897528049924,0.3506466461436428,-0.00036232913685640966,0.07473845618461404,도곡2동,1123067
1123068,False,14.173203560703563,43,0.014787035146425431,0.01748171612470495,0.002694680978279518,0.25214424296192645,2,중간활동·다인가구 중심형,False,0.08228830233507814,0.0005299992166101497,True,False,2025-09-01T00:00:00,30,개포1동,False,True,True,False,13.0,370.7,,0.0,5.987956885456885,43,0.012905320781007368,0.013216008698304416,0.0003106879172970478,-0.2931987945461735,0.963169776919777,22,True,0.9625434362934364,39.587666479782236,43,0.42871344146016654,0.4238454236084861,-0.004868017851680451,-0.3811146073628344,1414.3736426676826,0.4280342963074215,0.427068045015802,-0.0009662512916195354,0.02705572261202064,0.9352847490347491,8,True,0.9296004933504934,14.274009261982695,43,0.35432380393667917,0.33881957472769075,-0.015504229208988418,-1.5383522724283252,594.356908692665,0.35100897528049924,0.3448657235688257,-0.006143251711673514,0.06382299439432751,개포1동,1123068
1123071,False,13.845066825528386,43,0.014787035146425431,0.01797728733296111,0.0031902521865356803,0.588550540726049,2,중간활동·다인가구 중심형,False,0.09216213754790077,0.0026094287122994247,True,False,2025-09-01T00:00:00,30,개포4동,False,False,False,False,13.0,370.7,,0.0,5.468639660174057,43,0.012905320781007368,0.01630495410857269,0.0033996333275653212,0.9719484011245941,0.9535619560712805,22,False,0.9508423124740987,36.666454000421574,43,0.42871344146016654,0.4187123222353666,-0.01000111922479996,-1.0988976565431057,1258.1846216193244,0.4280342963074215,0.4284469915112332,0.0004126952038117082,0.0467588603294032,0.9199026108578533,8,False,0.9122389142146705,13.590049775310005,43,0.35432380393667917,0.346142666121116,-0.008181137815563178,-0.7530713634222261,590.3445097519229,0.35100897528049924,0.35265460201582766,0.0016456267353284204,0.06955157170579293,개포4동,1123071
1123072,False,12.664381521579385,43,0.014787035146425431,0.006699902821328152,-0.00808713232509728,-1.3896702926188083,2,중간활동·다인가구 중심형,False,0.07187331154964367,-0.0040398938172434146,False,False,2025-09-01T00:00:00,30,일원본동,False,True,True,False,13.0,370.7,,0.0,5.172207416842208,43,0.012905320781007368,0.0001245807244114605,-0.012780740056595907,-2.423472378847533,0.9669112820261598,22,True,0.9686244060157742,38.271121805329535,43,0.42871344146016654,0.4378326642257835,0.009119222765616941,0.8581447169662971,1347.2303467841496,0.4280342963074215,0.41208695925373107,-0.015947337053690447,0.049058327115547896,0.9350129819232841,8,True,0.9294238965365208,13.90339259012429,43,0.35432380393667917,0.36449243424669575,0.01016863031001658,1.2576660890942568,584.3655708761128,0.35100897528049924,0.3453725965314991,-0.005636378749000137,0.09454035557156457,일원본동,1123072
1123073,False,12.42037367882714,43,0.014787035146425431,0.014758580169714541,-2.8454976710889923e-05,0.008515577965890688,1,고령·2인가구·구조적 복지배경 특화형,False,0.09727775005561135,0.004572127281517596,True,False,2025-09-01T00:00:00,30,일원1동,False,True,True,False,13.0,370.7,,0.0,4.850111830889873,43,0.012905320781007368,0.010221006538702948,-0.0026843142423044197,-0.5000862976705129,0.9586000681895669,22,True,0.9547719058983976,34.337027095854495,43,0.42871344146016654,0.4238094898948743,-0.004903951565292219,-0.3275234935380349,1158.0948532002833,0.4280342963074215,0.40302357574648795,-0.025010720560933564,0.06158429175208768,0.9130637572451414,8,True,0.8978233890214797,12.956694000334576,43,0.35432380393667917,0.35979927839884773,0.005475474462168561,0.28161587483237316,567.3095050878816,0.35100897528049924,0.346725221505813,-0.004283753774686261,0.09778877312379385,일원1동,1123073
1123074,False,12.42324507707058,43,0.014787035146425431,0.014815490123136321,2.8454976710889923e-05,0.045539063067679034,1,고령·2인가구·구조적 복지배경 특화형,False,0.0,0.0,False,False,2025-09-01T00:00:00,30,개포3동,True,True,True,False,13.0,370.7,,0.0,4.969107603805591,43,0.012905320781007368,0.008229145852667097,-0.004676174928340271,-0.6513674209128081,0.9613459694667748,22,True,0.9576805074120509,36.049995696166214,43,0.42871344146016654,0.423132888684838,-0.00558055277532854,-0.7884971009762138,1212.6741894265701,0.4280342963074215,0.39905966498856316,-0.028974631318858357,0.0,0.918291171915333,8,True,0.9012670550925583,12.991452601414652,43,0.35432380393667917,0.34695899413439113,-0.0073648098022880415,-1.0546840530041288,555.5889047714128,0.35100897528049924,0.34540987988473404,-0.005599095395765197,0.0,일원2동,1123074
1123075,False,11.524750236312077,43,0.014787035146425431,0.012228819757176268,-0.0025582153892491633,-0.39422134886319576,1,고령·2인가구·구조적 복지배경 특화형,False,0.12418045680488266,-0.0020867317929292306,False,False,2025-09-01T00:00:00,30,수서동,False,True,True,False,13.0,370.7,,0.0,4.475194503017524,43,0.012905320781007368,0.01762654288272336,0.004721222101715994,0.6408405613567726,0.9601534210717663,22,True,0.9583072784119827,36.111974957951496,43,0.42871344146016654,0.4364043329606906,0.007690891500524044,0.45197047949459,1168.526187517072,0.4280342963074215,0.4076712302724985,-0.020363066034922994,0.060570062291574904,0.9081218643205119,8,True,0.8901934123463972,13.422231075952409,43,0.35432380393667917,0.3621095975637969,0.007785793627117732,0.5547647756078782,545.5494838856703,0.35100897528049924,0.34304527570611754,-0.0079636995743817,0.16679041087271126,수서동,1123075
1123076,False,13.351646728447065,43,0.014787035146425431,0.015194854380702338,0.00040781923427690714,0.06490338275370029,2,중간활동·다인가구 중심형,False,0.09193844164198281,-0.0018368210904343152,False,False,2025-09-01T00:00:00,30,세곡동,False,False,False,False,13.0,370.7,,0.0,5.283508565009829,43,0.012905320781007368,0.013523582035171788,0.0006182612541644206,0.30527823390416636,0.9531766357764672,22,False,0.9545804549283909,38.987543863732384,43,0.42871344146016654,0.4308525325442183,0.0021390910840517474,0.6549685995327373,1460.1614303226495,0.4280342963074215,0.4349207397767616,0.006886443469340087,0.09796697106811059,0.9160376298792474,8,False,0.9170707666385847,14.027940435498357,43,0.35432380393667917,0.35473111883203146,0.00040731489535228427,-0.054756173918345585,644.1056565704818,0.35100897528049924,0.3675921346851174,0.016583159404618186,0.07899899468378005,세곡동,1123076
1123077,False,14.225271483539974,43,0.014787035146425431,0.013000702709927925,-0.0017863324364975064,-0.3485267557014392,2,중간활동·다인가구 중심형,False,0.08692072744037474,-0.00467023268864962,False,False,2025-09-01T00:00:00,30,압구정동,False,False,False,False,13.0,370.7,,0.0,5.833132535271484,43,0.012905320781007368,0.01859390183276277,0.005688581051755404,0.8788750803365644,0.9360594271056007,22,False,0.9338550662676358,35.90797720242089,43,0.42871344146016654,0.4320579693369546,0.0033445278767880726,0.6515643434854357,1208.2708027196059,0.4280342963074215,0.4332613116543005,0.0052270153468789715,0.045078087052450456,0.8864749893116717,8,False,0.8729003847798205,13.30133394583463,43,0.35432380393667917,0.35176312376587004,-0.0025606801708091265,-0.35124508436659624,539.7651193164174,0.35100897528049924,0.3525922999896425,0.0015833247091432412,0.11387866663373591,압구정동,1123077
1123078,False,14.904313802905873,43,0.014787035146425431,0.014548141938660386,-0.0002388932077650452,-0.014178220255272647,2,중간활동·다인가구 중심형,False,0.1053623529838169,-0.0016858160672396788,False,False,2025-09-01T00:00:00,30,청담동,False,False,False,False,13.0,370.7,,0.0,5.844245499052431,43,0.012905320781007368,0.011876380028170708,-0.00102894075283666,-0.27478629888212247,0.9387488155401138,22,False,0.939849968414403,36.47382588701595,43,0.42871344146016654,0.43615897854962116,0.0074455370894546125,0.978899857634469,1259.0377783925069,0.4280342963074215,0.4471455318110351,0.0191112355036136,0.06584564562854191,0.8988656822488945,8,False,0.8888577858496526,13.843013550190257,43,0.35432380393667917,0.35417744224742664,-0.00014636168925252768,-0.010385360121915484,583.8947469394336,0.35100897528049924,0.358398488638521,0.007389513358021738,0.08843105934496087,청담동,1123078
1123079,False,13.803473205100229,43,0.014787035146425431,0.016503424902291286,0.0017163897558658547,0.4074348078802809,2,중간활동·다인가구 중심형,False,0.09372206877065109,0.002205548794613127,True,False,2025-09-01T00:00:00,30,대치2동,False,True,True,False,13.0,370.7,,0.0,5.681264145649531,43,0.012905320781007368,0.010893731013855046,-0.002011589767152322,-0.3803629917068945,0.9508389188515135,22,True,0.9470773451382611,36.18105317825604,43,0.42871344146016654,0.43043922221266673,0.0017257807525001834,0.27032383568734125,1312.5355592408011,0.4280342963074215,0.41137772498809966,-0.016656571319321856,0.05556548665932405,0.9140867288088038,8,True,0.8992558531034698,12.762349627368085,43,0.35432380393667917,0.35816294428369977,0.0038391403470205976,0.5466828570127193,556.5774754926516,0.35100897528049924,0.33450804374877396,-0.01650093153172527,0.08204501288800982,대치2동,1123079
1123080,False,13.112202259464745,43,0.014787035146425431,0.012746795782471843,-0.0020402393639535887,-0.004526911309249571,2,중간활동·다인가구 중심형,False,0.08001049402909179,-0.0003042951025475915,False,False,2025-09-01T00:00:00,30,개포2동,False,False,True,False,13.0,370.7,,0.0,5.497333774111018,43,0.012905320781007368,0.01328148366957671,0.00037616288856934244,0.25986310430693543,0.966044499381953,22,True,0.967449909448932,38.74859972939186,43,0.42871344146016654,0.42892882048165193,0.00021537902148538457,0.07110638138010734,1349.6331781969104,0.4280342963074215,0.41960528730472024,-0.008429009002701271,0.029911221809442688,0.9389294851524995,8,False,0.9294147238911087,13.829791381809253,43,0.35432380393667917,0.3636007061068258,0.00927690217014665,0.825063324954376,587.0147254523832,0.35100897528049924,0.3574735208452706,0.0064645455647713845,0.0813837867250532,개포2동,1123080
1123051,False,13.322252920193048,44,-0.022895072300057828,-0.03412967350505269,-0.011234601204994865,-1.5474315907141296,2,중간활동·다인가구 중심형,False,0.11028284798662395,0.00028457338531429066,True,False,2025-10-01T00:00:00,31,신사동,False,True,True,False,15.0,186.3,,0.0,5.487715604672308,44,-0.030496915094347266,-0.0331605373389563,-0.002663622244609032,-0.5564267108313974,0.9311205147933133,23,True,0.9279226411135203,31.122559668815818,44,-0.07633228152631255,-0.07751027305061253,-0.0011779915242999817,0.13076898618674127,1087.508842257685,-0.023780355931801278,-0.035766470430770525,-0.011986114498969247,0.09386602627675009,0.9029530670770092,8,True,0.891863327970903,15.004845641046298,44,0.14737865723820098,0.1463989436982831,-0.0009797135399178813,-0.10143065878949913,688.6981053519851,0.2732488551062344,0.25806364360142364,-0.01518521150481078,0.0934603185010942,신사동,1123051
1123052,False,13.719041226398751,44,-0.022895072300057828,-0.026643343736736824,-0.003748271436678996,-0.47278476308126915,0,고활동·청년유동·1인가구 중심형,False,0.11469571455092918,0.0017511435794452385,True,False,2025-10-01T00:00:00,31,논현1동,False,False,True,False,15.0,186.3,,0.0,5.575967434609388,44,-0.030496915094347266,-0.035819542920551006,-0.005322627826203741,-0.5658603986657941,0.9299450025983025,23,True,0.9215325653906115,28.474795148058444,44,-0.07633228152631255,-0.07838641067218655,-0.002054129145873995,-0.23713606686109762,1001.9456846724371,-0.023780355931801278,-0.034686032456829,-0.010905676525027719,0.11895688625780364,0.897268318032219,8,False,0.8909206651654252,14.021861086925885,44,0.14737865723820098,0.14337148272747546,-0.00400717451072552,-0.29016649384582394,724.9436152089569,0.2732488551062344,0.2755830846562768,0.002334229550042366,0.08097544470967678,논현1동,1123052
1123053,False,14.34619041133206,44,-0.022895072300057828,-0.029438253756079114,-0.006543181456021285,-1.1645113043750976,0,고활동·청년유동·1인가구 중심형,False,0.11254751152224253,-0.008347858659278978,False,False,2025-10-01T00:00:00,31,논현2동,False,False,True,False,15.0,186.3,,0.0,5.704396622173795,44,-0.030496915094347266,-0.036528075422640915,-0.00603116032829365,-1.2647049695753518,0.9296363388722418,23,False,0.9247230545718697,29.96913412518064,44,-0.07633228152631255,-0.0731868402849365,0.003145441241376057,0.5124272146237777,1052.0500761686867,-0.023780355931801278,-0.021917413788113294,0.0018629421436879845,0.10047773684418627,0.8999909198220287,8,True,0.9004698992100245,14.840176545663663,44,0.14737865723820098,0.15309421853818872,0.005715561299987737,0.9256799000414894,731.3347525051994,0.2732488551062344,0.2709673327702067,-0.0022815223360277415,0.07426667652281842,논현2동,1123053
1123058,False,14.027438005299272,44,-0.022895072300057828,-0.026282476586229286,-0.003387404286171458,-0.5752168294343898,0,고활동·청년유동·1인가구 중심형,False,0.11309563664769556,-0.004574859401178855,False,False,2025-10-01T00:00:00,31,삼성1동,False,False,True,False,15.0,186.3,,0.0,5.51112100006794,44,-0.030496915094347266,-0.029159893061422304,0.0013370220329249616,0.23467702253624226,0.9366152591888036,23,False,0.9358502615666825,33.461257772355225,44,-0.07633228152631255,-0.07615735851288363,0.00017492301342891814,0.1301056180446168,1236.8677398985685,-0.023780355931801278,-0.005961890609581744,0.017818465322219534,0.08784733846668898,0.9046409402812691,8,True,0.9034316189958558,15.9611962230228,44,0.14737865723820098,0.143485478275013,-0.003893178963187971,-0.4392551084442171,750.1861191672789,0.2732488551062344,0.2608102028744206,-0.01243865223181384,0.10058029237808279,삼성1동,1123058
1123059,False,13.87281736219424,44,-0.022895072300057828,-0.03623779897468982,-0.013342726674631988,-2.729297452944781,0,고활동·청년유동·1인가구 중심형,False,0.10138106660185763,-0.0012836799055900017,False,False,2025-10-01T00:00:00,31,삼성2동,False,False,False,False,15.0,186.3,,0.0,5.659058850382318,44,-0.030496915094347266,-0.03752868577015289,-0.007031770675805626,-1.8882233937348678,0.9410822840187164,23,False,0.9367059763381138,31.0591719496504,44,-0.07633228152631255,-0.07590688571519877,0.00042539581111378233,0.27883315748760307,1161.0136068275476,-0.023780355931801278,-0.016966503730735383,0.006813852201065895,0.09631962128977038,0.9172530147981893,8,False,0.9155536957431432,14.54967785937442,44,0.14737865723820098,0.14358683986210785,-0.0037918173760931317,-0.8033933810050765,757.3116133602799,0.2732488551062344,0.27557502363973274,0.0023261685334983184,0.06823124148060483,삼성2동,1123059
1123060,False,13.986890482791875,44,-0.022895072300057828,-0.021199600779470362,0.001695471520587466,0.3809295706807455,2,중간활동·다인가구 중심형,False,0.08406393188295992,0.0018455299097182715,True,False,2025-10-01T00:00:00,31,대치1동,False,False,True,False,15.0,186.3,,0.0,5.99636610210355,44,-0.030496915094347266,-0.030838700393736707,-0.000341785299389441,-0.19630576159469945,0.9535097341932374,23,False,0.9505575311916099,34.52857400402536,44,-0.07633228152631255,-0.07130600077079396,0.005026280755518586,0.47223813222989663,1336.0734774867317,-0.023780355931801278,-0.017796705348536612,0.005983650583264666,0.05307212180250388,0.9317991682237358,8,True,0.9265848954252306,15.131753584208525,44,0.14737865723820098,0.14984522826129343,0.0024665710230924454,0.35806320823929894,728.9366405125359,0.2732488551062344,0.26638771035416386,-0.006861144752070558,0.09183894360861568,대치1동,1123060
1123063,False,13.792345469040658,44,-0.022895072300057828,-0.03312666672549325,-0.01023159442543542,-1.821033912641122,0,고활동·청년유동·1인가구 중심형,False,0.10798598303209148,-0.0036818878499800117,False,False,2025-10-01T00:00:00,31,대치4동,False,False,False,False,15.0,186.3,,0.0,5.777747010364071,44,-0.030496915094347266,-0.029120776645890523,0.001376138448456743,0.10815881700872813,0.9355843741695457,23,False,0.9240010629816636,28.387455294602855,44,-0.07633228152631255,-0.08149230784739014,-0.005160026321077593,-0.5170794918771414,1086.0228593886252,-0.023780355931801278,-0.009799507950295272,0.013980847981506006,0.11747647488168766,0.9043045442466117,8,False,0.8920297634865799,13.4359356054751,44,0.14737865723820098,0.14056492321388792,-0.006813734024313067,-0.47181898621185037,731.491719667007,0.2732488551062344,0.2874039676844351,0.01415511257820068,0.06792853386910694,대치4동,1123063
1123064,False,13.978517886669641,44,-0.022895072300057828,-0.035337791637275906,-0.012442719337218078,-2.111865896581962,0,고활동·청년유동·1인가구 중심형,False,0.11397180664375094,-0.00131488999955022,False,False,2025-10-01T00:00:00,31,역삼1동,False,False,True,False,15.0,186.3,,0.0,5.714192278417889,44,-0.030496915094347266,-0.03644241611931154,-0.005945501024964273,-0.9641021526643868,0.9241080286606651,23,True,0.9181528043883362,28.30879077315629,44,-0.07633228152631255,-0.08566749854711686,-0.00933521702080431,-1.0944287104623829,1064.924971111303,-0.023780355931801278,-0.0375541892801694,-0.013773833348368125,0.12894394243243765,0.895642109130994,8,False,0.8896963334295688,14.349485521698842,44,0.14737865723820098,0.14468811635074585,-0.0026905408874551284,-0.23948168013214166,792.4557270153801,0.2732488551062344,0.27553037744226216,0.0022815223360277415,0.08496407117221971,역삼1동,1123064
1123065,False,13.674461599760933,44,-0.022895072300057828,-0.03238665669987828,-0.009491584399820452,-2.394449073157895,0,고활동·청년유동·1인가구 중심형,False,0.09811014539902474,-0.0010040221901915086,False,False,2025-10-01T00:00:00,31,역삼2동,False,False,False,False,15.0,186.3,,0.0,5.641258757512369,44,-0.030496915094347266,-0.036895603890467976,-0.006398688796120711,-1.2405245666310372,0.946511604741508,23,False,0.9422498920875253,31.230323134460043,44,-0.07633228152631255,-0.07808619137336859,-0.0017539098470560344,-0.6914950889481315,1165.278442599728,-0.023780355931801278,-0.020408127415539212,0.0033722285162620658,0.10127284221266779,0.923177275293024,8,False,0.9178643291164459,14.468586288045353,44,0.14737865723820098,0.15026705502237325,0.0028883977841722697,0.32328431997932283,750.55181874319,0.2732488551062344,0.28931492722741403,0.01606607212117961,0.06459406204135351,역삼2동,1123065
1123066,False,13.012790747483402,44,-0.022895072300057828,-0.019976432041006742,0.0029186402590510863,0.508197359066373,2,중간활동·다인가구 중심형,False,0.0906322853079318,-0.0023327119359456694,False,False,2025-10-01T00:00:00,31,도곡1동,False,False,False,False,15.0,186.3,,0.0,5.395859391732706,44,-0.030496915094347266,-0.029219269457836594,0.0012776456365106714,0.150438733138064,0.9585510816020562,23,False,0.9561667380595416,33.392503332048555,44,-0.07633228152631255,-0.07353237135545543,0.002799910170857123,0.48035769267927997,1291.7411581940678,-0.023780355931801278,-0.011999327270454607,0.01178102866134667,0.05309202519952885,0.9332940672520883,8,False,0.9286356821589203,15.190677657169738,44,0.14737865723820098,0.14876217771092914,0.0013835204727281614,0.24190744010896112,752.8909178237004,0.2732488551062344,0.30413432006892993,0.030885464962695508,0.07918595160478381,도곡1동,1123066
1123067,False,13.529643222319603,44,-0.022895072300057828,-0.027132707694676128,-0.0042376353946183,-1.1945132283105246,2,중간활동·다인가구 중심형,False,0.08018387767478125,-0.0002313299290206544,False,False,2025-10-01T00:00:00,31,도곡2동,False,False,True,False,15.0,186.3,,0.0,5.671561860940695,44,-0.030496915094347266,-0.03362212889915783,-0.003125213804810567,-0.7921451334832225,0.9550208150744961,23,False,0.9539424481449023,33.89231042099946,44,-0.07633228152631255,-0.07650720453974147,-0.00017492301342891814,0.09693308026875633,1274.9362066910235,-0.023780355931801278,-0.017855095523401587,0.005925260408399691,0.07727085679632677,0.9302008472100496,8,True,0.9250105901256207,15.251560291010506,44,0.14737865723820098,0.1401496820706818,-0.0072289751675191916,-1.2616061354948767,733.1951214879776,0.2732488551062344,0.26487595855313195,-0.008372896553102471,0.07348068093216667,도곡2동,1123067
1123068,False,13.86083631014919,44,-0.022895072300057828,-0.022285776872567276,0.0006092954274905527,-0.19906144465359685,2,중간활동·다인가구 중심형,False,0.08363029275853578,0.0013419904234576452,True,False,2025-10-01T00:00:00,31,개포1동,False,False,True,False,15.0,186.3,,0.0,5.831873292708552,44,-0.030496915094347266,-0.026411998119575175,0.00408491697477209,0.16031721007055397,0.9636478251733558,23,True,0.9635427610842614,36.58969690361971,44,-0.07633228152631255,-0.07875092180660515,-0.0024186402802925944,-0.1813337898053595,1371.0149525678771,-0.023780355931801278,-0.031135470892861505,-0.007355114961060227,0.03294801037185115,0.9463122504727884,8,False,0.945576801849128,16.55683024314422,44,0.14737865723820098,0.14835837077811886,0.0009797135399178813,0.10957460000026269,784.22918,0.2732488551062344,0.27722130375571385,0.003972448649479432,0.060695609346254696,개포1동,1123068
1123071,False,13.549503616731313,44,-0.022895072300057828,-0.021579070098537212,0.0013160022015206163,0.28826841294586836,2,중간활동·다인가구 중심형,False,0.09324361633595028,0.0010814787880495114,True,False,2025-10-01T00:00:00,31,개포4동,False,True,True,False,15.0,186.3,,0.0,5.262424782471957,44,-0.030496915094347266,-0.03843798870554105,-0.007941073611193783,-1.5237336859336124,0.9563062165845476,23,True,0.9530632141733935,34.26439006797151,44,-0.07633228152631255,-0.06775565267822259,0.008576628848089962,0.9352642966592879,1215.6509525566835,-0.023780355931801278,-0.034390208810648026,-0.010609852878846748,0.05214888962827147,0.9393599958066884,8,True,0.9366013208931754,15.870133005154255,44,0.14737865723820098,0.15510102462156095,0.007722367383359963,0.5982267129582413,773.4525013823223,0.2732488551062344,0.2701579794140532,-0.0030908756921812497,0.07284491607614382,개포4동,1123071
1123072,False,12.456561284286208,44,-0.022895072300057828,-0.01654595371667611,0.006349118583381719,1.1558393443907218,2,중간활동·다인가구 중심형,False,0.07253961793808664,0.0006663063884429637,True,False,2025-10-01T00:00:00,31,일원본동,False,False,True,False,15.0,186.3,,0.0,5.018566996602157,44,-0.030496915094347266,-0.030155129794957825,0.000341785299389441,0.2472164600092508,0.9652838922539027,23,True,0.9641355197715074,35.10881545371345,44,-0.07633228152631255,-0.08624336045913727,-0.009911078932824724,-1.1976211229510776,1298.9761462967408,-0.023780355931801278,-0.03647451567994331,-0.012694159748142031,0.07480350011446595,0.9419313537203919,8,False,0.9405663071847146,15.936831261305535,44,0.14737865723820098,0.13649998037527755,-0.010878676862923431,-1.1528809800416762,785.5378706843113,0.2732488551062344,0.2958419042214384,0.02259304911520399,0.09276829547477933,일원본동,1123072
1123073,False,12.393971921215838,44,-0.022895072300057828,-0.0021279438917654048,0.020767128408292423,3.1148578017729682,1,고령·2인가구·구조적 복지배경 특화형,False,0.09624525841631104,-0.0010324916393003036,False,False,2025-10-01T00:00:00,31,일원1동,False,True,True,False,15.0,186.3,,0.0,4.777958835957199,44,-0.030496915094347266,-0.014988329061669914,0.015508586032677352,3.5630750190084743,0.9544176378382062,23,True,0.9512526409050637,31.866274159768125,44,-0.07633228152631255,-0.07467606493949042,0.0016562165868221346,0.16162782216770102,1113.7783169039665,-0.023780355931801278,-0.03901816271348313,-0.01523780678168185,0.07579717875770507,0.927052409186942,8,True,0.9218789613575955,14.966573334293932,44,0.14737865723820098,0.14420670422894988,-0.003171953009251105,-0.4480152111989936,735.1617541046505,0.2732488551062344,0.25918552946143514,-0.014063325644799285,0.09865457562825983,일원1동,1123073
1123074,False,12.135134136427462,44,-0.022895072300057828,-0.023464427925981468,-0.0005693556259236399,-0.08424001245403795,1,고령·2인가구·구조적 복지배경 특화형,False,0.0,0.0,False,False,2025-10-01T00:00:00,31,개포3동,True,False,True,False,15.0,186.3,,0.0,4.848108048185647,44,-0.030496915094347266,-0.0246517317223085,0.005845183372038765,1.1329174369451682,0.9635178479048112,23,True,0.9560815904219939,33.286133519362814,44,-0.07633228152631255,-0.07976584491243788,-0.0034335633861253267,-0.4805747055304122,1180.2746937791128,-0.023780355931801278,-0.027080792169825507,-0.003300436238024229,0.0,0.933787598847092,8,False,0.926984701795876,15.083523214732317,44,0.14737865723820098,0.1493113212007411,0.0019326639625401043,0.31611915167578175,746.5445426822708,0.2732488551062344,0.29542664302916855,0.022177787922934122,0.0,일원2동,1123074
1123075,False,11.412048718881932,44,-0.022895072300057828,-0.009827214743720614,0.013067857556337215,1.7504710239191839,1,고령·2인가구·구조적 복지배경 특화형,False,0.12277570271271641,-0.001404754092166241,False,False,2025-10-01T00:00:00,31,수서동,False,True,True,False,15.0,186.3,,0.0,4.379238666472558,44,-0.030496915094347266,-0.021674926303952402,0.008821988790394863,1.1439837607216832,0.9629887902169166,23,True,0.9615264230601253,33.63275810799166,44,-0.07633228152631255,-0.07112399090943544,0.005208290616877109,0.21463524497944095,1129.34911392223,-0.023780355931801278,-0.034101824580348605,-0.010321468648547327,0.06286863002313169,0.9248456835056049,8,True,0.9223453195516087,15.583602958711678,44,0.14737865723820098,0.1493069012837287,0.0019282440455277161,0.11108027255208555,690.767410036003,0.2732488551062344,0.23600965396928064,-0.03723920113695378,0.16722159358320898,수서동,1123075
1123076,False,13.079476532271633,44,-0.022895072300057828,-0.020595402925008166,0.002299669375049662,0.6635899938513597,2,중간활동·다인가구 중심형,False,0.09513188696982544,0.003193445327842631,True,False,2025-10-01T00:00:00,31,세곡동,False,True,True,False,15.0,186.3,,0.0,5.135666741434419,44,-0.030496915094347266,-0.02838070049394581,0.002116214600401456,0.6987186653804115,0.9518087253967363,23,True,0.9541801715919922,36.08846104584148,44,-0.07633228152631255,-0.07726903138080132,-0.000936749854488772,-0.21856995021725975,1394.7270257808952,-0.023780355931801278,-0.045848282640508664,-0.022067926708707386,0.09913348895118813,0.9294686816576011,8,True,0.9331509000168228,16.176381703042768,44,0.14737865723820098,0.14250117272038,-0.004877484517820996,-1.2604140228400156,843.6356236719452,0.2732488551062344,0.26985790022336076,-0.0033909548828736646,0.08018117805955817,세곡동,1123076
1123077,False,13.838309707903779,44,-0.022895072300057828,-0.027579252990026504,-0.0046841806899686755,-0.9475967040597316,2,중간활동·다인가구 중심형,False,0.08615542722912792,-0.0007653002112468221,False,False,2025-10-01T00:00:00,31,압구정동,False,False,True,False,15.0,186.3,,0.0,5.65172293814433,44,-0.030496915094347266,-0.03159372566756247,-0.0010968105732152011,-0.32418778657233005,0.9360906357388317,23,False,0.9331894329896906,33.22090468190668,44,-0.07633228152631255,-0.07778014014175616,-0.001447858615443609,-0.3340429435495394,1181.8242215685868,-0.023780355931801278,-0.02213105361790646,0.0016493023138948182,0.053644253042315106,0.9032860824742268,8,True,0.8972607388316151,15.3002604893359,44,0.14737865723820098,0.14000552682262146,-0.007373130415579521,-1.1769044911900717,699.497064002072,0.2732488551062344,0.2592275161108324,-0.014021338995402033,0.10605689863299729,압구정동,1123077
1123078,False,14.575251262227832,44,-0.022895072300057828,-0.02232571667413419,0.0005693556259236399,0.15741117157769802,2,중간활동·다인가구 중심형,False,0.10889885839140498,0.0035365054075880836,True,False,2025-10-01T00:00:00,31,청담동,False,True,True,False,15.0,186.3,,0.0,5.706107604922688,44,-0.030496915094347266,-0.02392039092261844,0.006576524171728826,1.6276849037614431,0.9380482802145788,23,True,0.9374211107604923,33.925060543113524,44,-0.07633228152631255,-0.0724409140283151,0.0038913674979974555,0.46357902252419864,1227.4245384990847,-0.023780355931801278,-0.025429658245696096,-0.0016493023138948182,0.07133825487737082,0.913172925213001,8,True,0.9124471442095299,16.075203604546893,44,0.14737865723820098,0.14949726740325575,0.0021186101650547684,0.41949300946063933,757.73982957208,0.2732488551062344,0.2606193552282141,-0.012629499878020312,0.08910235691106314,청담동,1123078
1123079,False,13.551937928883344,44,-0.022895072300057828,-0.01839068434463975,0.004504387955418077,0.9491189807875072,2,중간활동·다인가구 중심형,False,0.08927377175683787,-0.004448297013813218,False,False,2025-10-01T00:00:00,31,대치2동,False,False,False,False,15.0,186.3,,0.0,5.52956737367436,44,-0.030496915094347266,-0.027064188958559443,0.0034327261357878225,0.707021783369505,0.9541163443543357,23,False,0.9493303181534622,33.85329159824604,44,-0.07633228152631255,-0.0664993536010221,0.009832927925290447,1.0093886872991422,1298.3084845737858,-0.023780355931801278,-0.010898556367645362,0.012881799564155916,0.062362456772128386,0.9324139114160948,8,False,0.9256300686213349,14.966862365642477,44,0.14737865723820098,0.15933918060920282,0.011960523371001841,1.5765624528122224,744.6025644045466,0.2732488551062344,0.2910442251959564,0.017795370089721985,0.0803795478578982,대치2동,1123079
1123080,False,12.826986261749818,44,-0.022895072300057828,-0.021992013570530045,0.0009030587295277837,0.5733484910234856,2,중간활동·다인가구 중심형,False,0.08201285345396528,0.0020023594248734927,True,False,2025-10-01T00:00:00,31,개포2동,False,False,False,False,15.0,186.3,,0.0,5.326497469269704,44,-0.030496915094347266,-0.03156931940848984,-0.001072404314142572,-0.20506291631947107,0.9655754157628346,23,False,0.9658163412870571,35.94798478168338,44,-0.07633228152631255,-0.07502159267721531,0.0013106888490972413,0.2344201080547065,1320.7890296917626,-0.023780355931801278,-0.02160352789013409,0.0021768280416671892,0.03399821871375755,0.9502698481561823,8,False,0.9468977584960232,16.07716038493309,44,0.14737865723820098,0.15057459408462925,0.003195936846428271,0.2417936865694,793.2806393477624,0.2732488551062344,0.30112714933822904,0.027878294231994616,0.08294194160200426,개포2동,1123080
1123051,False,13.54979421310683,45,0.008701548867941389,0.016935571023164897,0.008234022155223508,1.0174819609936292,2,중간활동·다인가구 중심형,False,0.10813949670874438,-0.0021433512778795683,False,False,2025-11-01T00:00:00,30,신사동,False,False,True,False,6.0,20.8,,0.0,5.434375388440025,45,-0.014711217673582633,-0.009767477735913799,0.004943739937668834,0.7257771111113164,0.914396795801395,20,False,0.9035273807057523,21.424146002909065,45,-0.38970016808217744,-0.37341434364781234,0.016285824434365104,1.8715486023710683,774.4329862243751,-0.356036512915185,-0.3395137628386671,0.016522750076517934,0.09620151348511959,0.872693874732408,10,True,0.8608832262965266,9.925350212225855,45,-0.42504209293457484,-0.41328107985425255,0.011761013080322291,1.2541652492153488,484.9986425806865,-0.348919419779687,-0.35065691936618393,-0.0017374995864969378,0.10843497102710156,신사동,1123051
1123052,False,13.725846933516578,45,0.008701548867941389,0.0004959544537164184,-0.00820559441422497,-1.1031532952108114,0,고활동·청년유동·1인가구 중심형,False,0.11752568031265759,0.0028299657617284063,True,False,2025-11-01T00:00:00,30,논현1동,False,False,False,False,6.0,20.8,,0.0,5.484704518124033,45,-0.014711217673582633,-0.01650261178505663,-0.0017913941114739984,-0.00498096122817893,0.9094193437553684,20,False,0.8899952757258203,19.333425146352386,45,-0.38970016808217744,-0.38718384439303843,0.0025163236891390106,0.19692431569012164,704.8588840423403,-0.356036512915185,-0.35170145496409067,0.0043350579510943454,0.11783882135907611,0.8651820992956536,10,False,0.854005325545439,9.23718214535689,45,-0.42504209293457484,-0.41738074142176407,0.007661351512810777,0.7545932241257168,515.6933458203459,-0.348919419779687,-0.34058158192988675,0.008337837849800245,0.07873794269628724,논현1동,1123052
1123053,False,14.43730365903056,45,0.008701548867941389,0.006330958416769672,-0.002370590451171717,-0.4279039264860527,0,고활동·청년유동·1인가구 중심형,False,0.11570042599593154,0.0031529144736890113,True,False,2025-11-01T00:00:00,30,논현2동,False,False,False,False,6.0,20.8,,0.0,5.619319501327693,45,-0.014711217673582633,-0.01502664333511472,-0.0003154256615320872,-0.11661093532444058,0.9096890049057113,20,False,0.8975327422476258,20.388481861116805,45,-0.38970016808217744,-0.38519786278168544,0.004502305300492004,0.6944798182553065,746.4287853294609,-0.356036512915185,-0.34319577874213003,0.01284073417305498,0.09535648906196353,0.873485755434538,10,False,0.8645911157117782,9.73552118252389,45,-0.42504209293457484,-0.42155695990300046,0.0034851330315743834,0.554106000972398,519.6726190985588,-0.348919419779687,-0.34167225804089973,0.0072471617387872556,0.06872182241370088,논현2동,1123053
1123058,False,14.199339924991477,45,0.008701548867941389,0.012180210249764567,0.003478661381823178,0.35313937510517823,0,고활동·청년유동·1인가구 중심형,False,0.11449408404732762,0.0013984473996320607,True,False,2025-11-01T00:00:00,30,삼성1동,False,False,True,False,6.0,20.8,,0.0,5.392887828162291,45,-0.014711217673582633,-0.021687034146328,-0.006975816472745366,-2.052279956523436,0.9159713603818617,20,False,0.9100340947834981,22.54014362690505,45,-0.38970016808217744,-0.3950904044984207,-0.005390236416243255,-1.477659627293561,870.0237260230862,-0.356036512915185,-0.35181696405879226,0.004219548856392752,0.08694297112289769,0.8710105693828845,10,True,0.8689778383907263,10.394516944236328,45,-0.42504209293457484,-0.4288820903108945,-0.0038399973763196815,-0.43391609634296663,526.0855383032684,-0.348919419779687,-0.35485751476886396,-0.005938094989176967,0.1020785167051997,삼성1동,1123058
1123059,False,13.973883578844784,45,0.008701548867941389,0.007258788797221527,-0.0014427600707198618,-0.2681696412147657,0,고활동·청년유동·1인가구 중심형,False,0.10704768731289793,0.005666620711040307,True,False,2025-11-01T00:00:00,30,삼성2동,False,False,False,False,6.0,20.8,,0.0,5.517558004422954,45,-0.014711217673582633,-0.025322225635349804,-0.010611007961767172,-2.7411010411005217,0.9201937853742643,20,False,0.9089523595337156,21.046371990052894,45,-0.38970016808217744,-0.38916596440540285,0.0005342036767745917,0.3235344522213003,815.1462443659655,-0.356036512915185,-0.3536811634664838,0.002355349448701194,0.09667327233629887,0.8853480265377262,10,False,0.8792870797256269,9.51423990906089,45,-0.42504209293457484,-0.4247792390067504,0.00026285392782443573,0.17970746412159838,538.4159967602361,-0.348919419779687,-0.341143321666018,0.007776098113668972,0.06681283467554919,삼성2동,1123059
1123060,False,14.103671326573469,45,0.008701548867941389,0.008314644424739726,-0.0003869044432016633,-0.10514891178374233,2,중간활동·다인가구 중심형,False,0.0867153928086091,0.0026514609256491767,True,False,2025-11-01T00:00:00,30,대치1동,False,False,False,False,6.0,20.8,,0.0,5.889064018719625,45,-0.014711217673582633,-0.018056561297243645,-0.0033453436236610123,-1.0450025901624516,0.9407139857202856,20,False,0.9307271854562909,23.524727155255988,45,-0.38970016808217744,-0.3837351259152628,0.005965042166914625,0.5533136891820852,937.3187994401909,-0.356036512915185,-0.35446689213672666,0.0015696207784583471,0.05461490432291476,0.9092242155156897,10,False,0.8959242815143696,9.935670567056707,45,-0.42504209293457484,-0.4206640530696184,0.00437803986495644,0.6229658865159418,519.29306457046,-0.348919419779687,-0.33911841993609215,0.009800999843594838,0.0902229404635105,대치1동,1123060
1123063,False,13.867145867355003,45,0.008701548867941389,0.005408673626993377,-0.003292875240948012,-0.5836335509301913,0,고활동·청년유동·1인가구 중심형,False,0.1148548263651685,0.006868843333077024,True,False,2025-11-01T00:00:00,30,대치4동,False,False,False,False,6.0,20.8,,0.0,5.670741189485328,45,-0.014711217673582633,-0.018693985655734435,-0.0039827679821518025,-1.6806632935012804,0.907023652741927,20,False,0.884982879418427,19.425909932785576,45,-0.38970016808217744,-0.3793395940603501,0.010360574021827329,1.4015411109692912,784.5210985480037,-0.356036512915185,-0.3252040833603864,0.03083242955479859,0.12606117787073448,0.8663072222514882,10,False,0.8550065848390666,8.86293889186512,45,-0.42504209293457484,-0.41605446606650354,0.008987626868071308,0.8409754131810653,526.7564539613162,-0.348919419779687,-0.3283475957062887,0.020571824073398304,0.07367613350532717,대치4동,1123063
1123064,False,14.126509509639021,45,0.008701548867941389,0.010531424766378805,0.0018298758984374164,0.3369797109618076,0,고활동·청년유동·1인가구 중심형,False,0.11592633815074532,0.0019545315069943864,True,False,2025-11-01T00:00:00,30,역삼1동,False,False,False,False,6.0,20.8,,0.0,5.641491266658041,45,-0.014711217673582633,-0.01280451410607486,0.0019067035675077726,0.2401159007776773,0.9023984991590116,20,False,0.8859363436408331,19.332316292257747,45,-0.38970016808217744,-0.3813942695193062,0.008305898562871228,0.875895504400379,765.1420660186157,-0.356036512915185,-0.3305981022021207,0.025438410713064297,0.12367243995745741,0.8651641868288266,10,False,0.8550247121231724,9.514921327727507,45,-0.42504209293457484,-0.4108528569393046,0.014189235995270222,2.2096379534347173,569.9637467341232,-0.348919419779687,-0.3295638826410583,0.019355537138628698,0.08646452002204666,역삼1동,1123064
1123065,False,13.691257077024359,45,0.008701548867941389,0.0012274831566183586,-0.00747406571132303,-1.860641437110549,0,고활동·청년유동·1인가구 중심형,False,0.10242107036600245,0.004310924966977714,True,False,2025-11-01T00:00:00,30,역삼2동,False,False,False,False,6.0,20.8,,0.0,5.556811389071758,45,-0.014711217673582633,-0.015082771984843202,-0.00037155431126056904,-0.011600864898018303,0.9266346280447664,20,False,0.9138910467412772,21.08842864734526,45,-0.38970016808217744,-0.3926650334524857,-0.0029648653703082672,-0.9949517806515896,822.1104909917551,-0.356036512915185,-0.3488405406777666,0.007195972237418413,0.10658115686321701,0.8906402238314681,10,False,0.8833186306780777,9.475611492498423,45,-0.42504209293457484,-0.4232585500044883,0.0017835429300865346,0.11961215424216008,533.5588445185097,-0.348919419779687,-0.34123933065405865,0.007680089125628342,0.06653176162167466,역삼2동,1123065
1123066,False,13.19545767560123,45,0.008701548867941389,0.013939877488081898,0.005238328620140509,0.9244591958406712,2,중간활동·다인가구 중심형,False,0.09112238427393786,0.0004900989660060612,True,False,2025-11-01T00:00:00,30,도곡1동,False,True,True,False,6.0,20.8,,0.0,5.326694565102235,45,-0.014711217673582633,-0.012900990976001836,0.0018102266975807968,0.22744995186042524,0.9433319207543173,20,True,0.9390168450047676,22.564730495243207,45,-0.38970016808217744,-0.3919433339316045,-0.0022431658494270756,-0.5180600227188566,897.1296152991296,-0.356036512915185,-0.36454597203525374,-0.00850945912006873,0.058167894249061027,0.9082625278101494,10,True,0.8992599851679205,9.835260174569495,45,-0.42504209293457484,-0.434708022232968,-0.009665929298393161,-1.6850873807182603,525.4360528809989,-0.348919419779687,-0.3596918590885503,-0.01077243930886329,0.07518657626457247,도곡1동,1123066
1123067,False,13.633905000726848,45,0.008701548867941389,0.00767663263788787,-0.0010249162300535186,-0.33574466878954573,2,중간활동·다인가구 중심형,False,0.08159611973635231,0.0014122420615710618,True,False,2025-11-01T00:00:00,30,도곡2동,False,False,True,False,6.0,20.8,,0.0,5.589878616077917,45,-0.014711217673582633,-0.014506967835732576,0.0002042498378500568,-0.04064863010754405,0.9402409507195812,20,False,0.9322579590056695,23.08271569635822,45,-0.38970016808217744,-0.3841040582124533,0.005596109869724142,0.6490671044938666,897.8807801571885,-0.356036512915185,-0.35061412440195916,0.005422388513225851,0.07574397267173234,0.906149513010612,10,True,0.8923971507486552,9.963470239568196,45,-0.42504209293457484,-0.4257563834437974,-0.0007142905092225593,-0.24063161628648386,516.3746238963643,-0.348919419779687,-0.35057934485427644,-0.0016599250745894523,0.07251954365296605,도곡2동,1123067
1123068,False,13.970837696335078,45,0.008701548867941389,0.007904803638795421,-0.0007967452291459676,-0.46356643893875976,2,중간활동·다인가구 중심형,False,0.08407495419667316,0.0004446614381373726,True,False,2025-11-01T00:00:00,30,개포1동,False,True,True,False,6.0,20.8,,0.0,5.745620942408377,45,-0.014711217673582633,-0.01490027882419076,-0.00018906115060812745,-0.3829936129520513,0.9502617801047121,20,True,0.9478534031413612,24.71105785123967,45,-0.38970016808217744,-0.3925158656743335,-0.0028156975921560523,-0.21865781300319398,950.1360793194873,-0.356036512915185,-0.3667013700996913,-0.010664857184506271,0.032956627423948344,0.9245026178010471,10,True,0.9213612565445026,10.752079510703364,45,-0.42504209293457484,-0.4316995414755045,-0.006657448540929645,-0.6495799183674275,548.8801238777133,-0.348919419779687,-0.35682123498698903,-0.007901815207302043,0.06320677707838265,개포1동,1123068
1123071,False,13.670605314186888,45,0.008701548867941389,0.008898017034231653,0.00019646816629026453,0.1066168544470618,2,중간활동·다인가구 중심형,False,0.09299387223319874,-0.0002497441027515396,False,False,2025-11-01T00:00:00,30,개포4동,False,True,True,False,6.0,20.8,,0.0,5.196846601331167,45,-0.014711217673582633,-0.012539886971621783,0.0021713307019608497,0.6960550727159204,0.943555893296997,20,True,0.9332382998794612,23.193504306545385,45,-0.38970016808217744,-0.39023437175895204,-0.0005342036767745917,-0.028890146726220377,845.0452272237173,-0.356036512915185,-0.36364482645927954,-0.007608313544094525,0.0524868997508805,0.9198978040983177,10,True,0.9097452963681149,10.31089051916614,45,-0.42504209293457484,-0.4312382468085545,-0.0061961538739796485,-0.5839292066945373,543.8541793609601,-0.348919419779687,-0.3521831024575368,-0.003263682677849822,0.06915213469633193,개포4동,1123071
1123072,False,12.604189758151376,45,0.008701548867941389,0.011781784297607345,0.003080235429665956,0.5631502563117633,2,중간활동·다인가구 중심형,False,0.06610547950419304,-0.006434138433893594,False,False,2025-11-01T00:00:00,30,일원본동,False,True,True,False,6.0,20.8,,0.0,4.993417213355527,45,-0.014711217673582633,-0.005023946426134129,0.009687271247448503,2.142641022605609,0.9549055125820034,20,True,0.9502310780377948,23.571260390978676,45,-0.38970016808217744,-0.39842406157411636,-0.008723893491938917,-1.0343435636137608,901.6722304582003,-0.356036512915185,-0.3650805802169481,-0.009044067301763103,0.08287131601984243,0.9205566434935867,10,True,0.9164207382747479,10.309691373158634,45,-0.42504209293457484,-0.43554849909071613,-0.01050640615614129,-1.0443108181179257,552.4032832428984,-0.348919419779687,-0.35209030362072635,-0.0031708838410393625,0.0882315626546225,일원본동,1123072
1123073,False,12.468042422169004,45,0.008701548867941389,0.005958545360126077,-0.0027430035078153114,-0.3790147155030022,1,고령·2인가구·구조적 복지배경 특화형,False,0.09394406925838496,-0.002301189157926084,False,False,2025-11-01T00:00:00,30,일원1동,False,False,True,False,6.0,20.8,,0.0,4.684784810126582,45,-0.014711217673582633,-0.01969345057172256,-0.004982232898139927,-1.0117692020549678,0.9357071501881629,20,True,0.9248840232637702,21.549841093762797,45,-0.38970016808217744,-0.3911797714680443,-0.0014796033858668345,-0.09093693108895502,772.2889799277661,-0.356036512915185,-0.3661545969779558,-0.010118084062770816,0.08932445619574267,0.8901840574751968,10,False,0.8873965104344851,9.86861832092753,45,-0.42504209293457484,-0.4164594141464386,0.008582678788136233,0.585449566445335,522.2538757990023,-0.348919419779687,-0.34193672685480614,0.006982692924880851,0.09523624784761245,일원1동,1123073
1123074,False,12.3245074891168,45,0.008701548867941389,0.01548486601607646,0.006783317148135071,1.3036793951599006,1,고령·2인가구·구조적 복지배경 특화형,False,0.0,0.0,False,False,2025-11-01T00:00:00,30,개포3동,True,False,True,False,6.0,20.8,,0.0,4.795237954696377,45,-0.014711217673582633,-0.01096520299317194,0.003746014680410692,0.7271085976906392,0.9352032760274478,20,True,0.9191728768538331,22.391493119029008,45,-0.38970016808217744,-0.3964597841757609,-0.006759616093583443,-0.9806473506694476,825.6176572520279,-0.356036512915185,-0.3573707000322255,-0.001334187117040475,0.0,0.8952084409355863,10,False,0.8846476794805579,9.740936382158717,45,-0.42504209293457484,-0.4372657193884808,-0.012223626453905956,-1.7749661291537888,529.5322596443759,-0.348919419779687,-0.34346119598076097,0.005458223798926021,0.0,일원2동,1123074
1123075,False,11.493724042522208,45,0.008701548867941389,0.007131448534077212,-0.0015701003338641772,-0.2602967965934209,1,고령·2인가구·구조적 복지배경 특화형,False,0.12062625813043082,-0.002149444582285595,False,False,2025-11-01T00:00:00,30,수서동,False,True,True,False,6.0,20.8,,0.0,4.341106596767148,45,-0.014711217673582633,-0.00874559701474431,0.005965620658838322,0.6085702339859121,0.9465414300276687,20,True,0.9403516819571867,22.99191486022862,45,-0.38970016808217744,-0.38035790939784464,0.009342258684332805,0.45892002346969063,789.5986858245468,-0.356036512915185,-0.35787191661105755,-0.0018354036958725395,0.059588597671383914,0.8998492791612058,10,True,0.8840811125673512,10.273822703832899,45,-0.42504209293457484,-0.4166200939649589,0.00842199896961593,0.6077570675837403,485.1822241942616,-0.348919419779687,-0.3532786276653228,-0.0043592078856358185,0.17227409288163711,수서동,1123075
1123076,False,13.21246128287436,45,0.008701548867941389,0.010116096091744797,0.0014145472238034085,0.36898362662657447,2,중간활동·다인가구 중심형,False,0.0950319570779576,-9.992989186784207e-05,False,False,2025-11-01T00:00:00,30,세곡동,False,True,True,False,6.0,20.8,,0.0,5.061624711381427,45,-0.014711217673582633,-0.014522156522974505,0.00018906115060812745,0.13804301525049179,0.93762516190798,20,True,0.9399363631244017,24.417082416133667,45,-0.38970016808217744,-0.39069018925814447,-0.0009900211759670263,-0.15619015344925377,961.0866938428861,-0.356036512915185,-0.3723893776469369,-0.016352864731751904,0.09111419940808899,0.906474911302585,10,True,0.9087863940981021,10.54628611588706,45,-0.42504209293457484,-0.4277784878583528,-0.002736394923777974,-0.7057475109894455,590.1436112439984,-0.348919419779687,-0.3573547596997342,-0.008435339920047191,0.07668509451208116,세곡동,1123076
1123077,False,13.973060187928555,45,0.008701548867941389,0.009690391734876957,0.0009888428669355687,0.33391856367319533,2,중간활동·다인가구 중심형,False,0.09271147265168779,0.0065560454225598724,True,False,2025-11-01T00:00:00,30,압구정동,False,True,True,False,6.0,20.8,,0.0,5.567331329890799,45,-0.014711217673582633,-0.015044619270335513,-0.0003334015967528803,-0.19082630953663723,0.9125653940573942,20,True,0.9072250910014392,22.521787997089096,45,-0.38970016808217744,-0.38869614078100456,0.0010040273011728829,0.1815668525230385,823.0319758235707,-0.356036512915185,-0.3618194215054178,-0.005782908590232783,0.06125090861571886,0.8692436298992635,10,True,0.8602632692796073,10.01771597258573,45,-0.42504209293457484,-0.4235147308750933,0.001527362059481563,0.27440621919198077,492.53705078776534,-0.348919419779687,-0.3507919090074889,-0.0018724892278019212,0.1075229297854442,압구정동,1123077
1123078,False,14.73779506832346,45,0.008701548867941389,0.011090315913739879,0.00238876704579849,0.5784833720588475,2,중간활동·다인가구 중심형,False,0.10794462827074837,-0.0009542301206566101,False,False,2025-11-01T00:00:00,30,청담동,False,True,True,False,6.0,20.8,,0.0,5.610449812255642,45,-0.014711217673582633,-0.016906214061312097,-0.0021949963877294643,-0.5288585390666267,0.925156969767352,20,True,0.9167870553168428,22.924093594950204,45,-0.38970016808217744,-0.3919655108178741,-0.0022653427356966738,-0.4322713887682375,856.6750110583971,-0.356036512915185,-0.3596147523056601,-0.0035782393904750798,0.07099853138303734,0.8884012696938025,10,True,0.8798683853985213,10.452914309193828,45,-0.42504209293457484,-0.43039711516294954,-0.005355022228374695,-1.0151707207223428,532.2900032688596,-0.348919419779687,-0.35315163422529317,-0.004232214445606175,0.08934214674379681,청담동,1123078
1123079,False,13.707824735860784,45,0.008701548867941389,0.011437260712732655,0.0027357118447912665,0.6041301131142559,2,중간활동·다인가구 중심형,False,0.09081817972826962,0.0015444079714317521,True,False,2025-11-01T00:00:00,30,대치2동,False,False,False,False,6.0,20.8,,0.0,5.452677128651337,45,-0.014711217673582633,-0.014002875531061054,0.0007083421425215786,0.1264748742437442,0.9402930391547545,20,False,0.9283483530142946,22.970685582922957,45,-0.38970016808217744,-0.3878173722075031,0.0018827958746743256,0.030893486247642123,910.6104553754487,-0.356036512915185,-0.35470232579814454,0.001334187117040475,0.0750189659532403,0.9054686140459913,10,False,0.8941761963952765,9.781898978583964,45,-0.42504209293457484,-0.4253049468623993,-0.00026285392782443573,-0.024597248899111326,526.9207353258553,-0.348919419779687,-0.3458004755578452,0.0031189442218417796,0.08079496080369662,대치2동,1123079
1123080,False,12.936546062107507,45,0.008701548867941389,0.008505080701651124,-0.00019646816629026453,0.36551159578919196,2,중간활동·다인가구 중심형,False,0.07931527871958677,-0.0026975747343785106,False,False,2025-11-01T00:00:00,30,개포2동,False,False,True,False,6.0,20.8,,0.0,5.267261335484243,45,-0.014711217673582633,-0.011183330156764093,0.0035278875168185397,1.424511897796074,0.9536305237080142,20,True,0.9486385896180216,24.23912455258874,45,-0.38970016808217744,-0.3941049817218998,-0.004404813639722338,-0.6761083025422764,917.443974800067,-0.356036512915185,-0.36439307158957224,-0.008356558674387227,0.039339677430867616,0.9285786714293945,10,False,0.9212859365097655,10.387203710413754,45,-0.42504209293457484,-0.436825019071434,-0.011782926136859162,-1.1554924141193128,560.5495041917957,-0.348919419779687,-0.34725949470509754,0.0016599250745894523,0.08337091556812982,개포2동,1123080
1123051,False,13.617711308907747,46,0.005141296170448673,0.004999887621880639,-0.00014140854856803386,-0.042888588922622324,2,중간활동·다인가구 중심형,False,0.11098117371897287,0.0028416770102284855,True,False,2025-12-01T00:00:00,31,신사동,False,True,True,False,10.0,41.2,,6.0,5.21179741944387,46,-0.037726356350945234,-0.04181979963525162,-0.004093443284306386,-0.7945291915569342,0.9101897467743049,23,True,0.8970572000275995,20.40755585086625,46,-0.05222056495620375,-0.048613386727514474,0.0036071782286892784,0.5114570424200722,754.6258660185139,-0.008127647919214276,-0.02590904617245382,-0.017781398253239544,0.0933325646896052,0.8749851652521907,8,True,0.86318291589043,10.52990636503285,46,0.05344673874839834,0.05912732207943483,0.005680583331036493,0.560506180212193,520.8654190730537,0.0726750879068283,0.0713456035343647,-0.0013294843724636074,0.10134979328974025,신사동,1123051
1123052,False,13.801292270531402,46,0.005141296170448673,0.005481537719261187,0.00034024154881251434,0.33720761355453954,0,고활동·청년유동·1인가구 중심형,False,0.11509050858467243,-0.002435171727985158,False,False,2025-12-01T00:00:00,31,논현1동,False,False,False,False,10.0,41.2,,6.0,5.309378881987578,46,-0.037726356350945234,-0.032488364342966536,0.005237992007978698,1.1077255800596684,0.9066925465838509,23,False,0.8884700655624569,18.572217712394796,46,-0.05222056495620375,-0.04016867811292002,0.012051886843283732,1.138690368764087,704.8493274198973,-0.008127647919214276,-1.3558298611826558e-05,0.00811408962060245,0.11187139451491242,0.86976966873706,8,False,0.8601863354037266,9.781309349884998,46,0.05344673874839834,0.057236478922567446,0.0037897401741691095,0.3692805477347151,555.6593467288052,0.0726750879068283,0.07464312296761388,0.001968035060785578,0.07937866900569807,논현1동,1123052
1123053,False,14.480626016995119,46,0.005141296170448673,0.0029962304259032457,-0.002145065744545427,-0.40506633725062513,0,고활동·청년유동·1인가구 중심형,False,0.11936570170070497,0.0036652757047734297,True,False,2025-12-01T00:00:00,31,논현2동,False,False,True,False,10.0,41.2,,6.0,5.40018667510396,46,-0.037726356350945234,-0.039777048964775075,-0.002050692613829841,-0.40515716095000887,0.9051229434098718,23,True,0.8930866931838728,19.322402773741143,46,-0.05222056495620375,-0.05370493852187508,-0.0014843735656713264,-0.2182972939971782,732.1341505568447,-0.008127647919214276,-0.01933645138521456,-0.011208803466000283,0.09363903842231004,0.8719024588681975,8,False,0.8676722111733864,10.255636696169045,46,0.05344673874839834,0.052046301636893055,-0.0014004371115052816,-0.2209013853088534,559.9072708916993,0.0726750879068283,0.07457214767365361,0.0018970597668253042,0.07421006593300213,논현2동,1123053
1123058,True,14.208636947845498,46,0.005141296170448673,0.0006545360993186478,-0.004486760071130025,-0.7400206176078369,0,고활동·청년유동·1인가구 중심형,False,0.11427891129466587,-0.00021517275266175195,False,False,2025-12-01T00:00:00,31,삼성1동,False,False,False,True,10.0,41.2,New,6.0,5.193411350876006,46,-0.037726356350945234,-0.03769024231885987,3.61140320853659e-05,-0.029087716654802098,0.9132429141581546,23,False,0.9048028140431578,21.16782652752089,46,-0.05222056495620375,-0.0628154683761224,-0.010594903419918644,-2.6658409083802486,867.924059294093,-0.008127647919214276,-0.0024162610272586704,0.0057113868919556054,0.08769622377305221,0.8790752891835215,8,False,0.8737779882297233,10.767373749266087,46,0.05344673874839834,0.03524216249127532,-0.018204576257123017,-2.423610398327274,567.3300566150502,0.0726750879068283,0.07547742493451004,0.002802337027681734,0.09872273843066334,삼성1동,1123058
1123059,False,13.956651443117584,46,0.005141296170448673,-0.0012339282366120585,-0.006375224407060731,-1.2343260127701607,0,고활동·청년유동·1인가구 중심형,False,0.1043674355357731,-0.0026802517771248313,False,False,2025-12-01T00:00:00,31,삼성2동,False,True,True,False,10.0,41.2,,6.0,5.228196009433609,46,-0.037726356350945234,-0.05386908460265616,-0.016142728251710925,-3.760906932708671,0.9209811702167483,23,True,0.9094523265825628,20.005195240907614,46,-0.05222056495620375,-0.050736191390532426,0.0014843735656713264,0.7641759672226934,808.0021697936132,-0.008127647919214276,-0.008802794177473316,-0.0006751462582590406,0.09143024856628856,0.8914348818927115,8,True,0.8874742634672258,10.089266615993852,46,0.05344673874839834,0.058682533364985634,0.005235794616587297,1.2443015111878022,576.3585371850627,0.0726750879068283,0.06809843788474623,-0.004576650022082074,0.06603096309935051,삼성2동,1123059
1123060,False,14.235008853736279,46,0.005141296170448673,0.009269201436457042,0.004127905266008369,0.9446690231740709,2,중간활동·다인가구 중심형,False,0.08502796136248093,-0.0016874314461281653,False,False,2025-12-01T00:00:00,31,대치1동,False,True,True,False,10.0,41.2,,6.0,5.615469838271751,46,-0.037726356350945234,-0.047571814551346625,-0.009845458200401391,-2.691319237482702,0.9356516349899657,23,True,0.926745956793767,22.505512884648507,46,-0.05222056495620375,-0.04429179103384806,0.007928773922355692,0.7261817146139954,926.2486964084293,-0.008127647919214276,-0.011880689343339412,-0.0037530414241251364,0.049549713123683635,0.9108174949828828,8,True,0.9045638059261008,10.623512141413396,46,0.05344673874839834,0.0669383021035066,0.01349156335510826,2.025623925757423,557.0215994785033,0.0726750879068283,0.07013562199507195,-0.0025394659117563556,0.09367056431113371,대치1동,1123060
1123063,False,13.906065720765861,46,0.005141296170448673,0.0028026919943284767,-0.002338604176120196,-0.4380752152230878,0,고활동·청년유동·1인가구 중심형,False,0.11560199169341136,0.0007471653282428575,True,False,2025-12-01T00:00:00,31,대치4동,False,True,True,False,10.0,41.2,,6.0,5.51055804631046,46,-0.037726356350945234,-0.028653933587305058,0.009072422763640176,2.3348406244514117,0.9098333245424336,23,True,0.8875731842396751,18.311996697881042,46,-0.05222056495620375,-0.059051336218402195,-0.006830771262198443,-0.7187150123637294,776.2938362145297,-0.008127647919214276,-0.010542362645590941,-0.0024147147263766655,0.12938141086149393,0.8736378500975791,8,True,0.8677330027955062,9.303519805835792,46,0.05344673874839834,0.048514389315502005,-0.004932349432896332,-0.31707323860235964,562.6384920690399,0.0726750879068283,0.06589900686957328,-0.006776081037255022,0.07606703479957207,대치4동,1123063
1123064,False,14.260293654684796,46,0.005141296170448673,0.009425868407686888,0.0042845722372382156,0.7565999822998856,0,고활동·청년유동·1인가구 중심형,False,0.11735641092655846,0.0014300727758131404,True,False,2025-12-01T00:00:00,31,역삼1동,False,True,True,False,10.0,41.2,,6.0,5.465287590638144,46,-0.037726356350945234,-0.03173169521060015,0.005994661140345081,0.8772912273409799,0.8987420328748741,23,True,0.8816135524991613,18.401858453958564,46,-0.05222056495620375,-0.049326452474694804,0.002894112481508948,0.26126483414463114,745.2532032212923,-0.008127647919214276,-0.0263374930664666,-0.018209845147252324,0.12156179309474674,0.8679090651046371,8,True,0.8582636183005187,9.978674341620167,46,0.05344673874839834,0.04758901752230216,-0.00585772122609618,-0.6824457994304148,607.4030552349362,0.0726750879068283,0.06361982603524385,-0.009055261871584452,0.08497789724132339,역삼1동,1123064
1123065,False,13.831822072961938,46,0.005141296170448673,0.010214425305938857,0.005073129135490184,1.166011566380772,0,고활동·청년유동·1인가구 중심형,False,0.10189973115436636,-0.0005213392116360932,False,False,2025-12-01T00:00:00,31,역삼2동,False,True,True,False,10.0,41.2,,6.0,5.379299025418148,46,-0.037726356350945234,-0.032466379567725356,0.005259976783219877,1.0893671784797023,0.9228845647306729,23,True,0.9107292901356512,20.083211522715963,46,-0.05222056495620375,-0.048840266288420864,0.0033802986677828883,0.6395885722715833,811.80558487195,-0.008127647919214276,-0.01261391929115696,-0.004486271371942685,0.10201662056028987,0.8956074674041881,8,True,0.8887662979059661,10.001422353784127,46,0.05344673874839834,0.05400603190507658,0.0005592931566782422,-0.11169316234832855,571.965958702819,0.0726750879068283,0.06951011318844724,-0.003164974718381064,0.0672058422438313,역삼2동,1123065
1123066,False,13.28349203821656,46,0.005141296170448673,0.006649409280496066,0.0015081131100473932,0.23554606414974344,2,중간활동·다인가구 중심형,False,0.0895957289736532,-0.00152665530028466,False,False,2025-12-01T00:00:00,31,도곡1동,False,False,True,False,10.0,41.2,,6.0,5.115105626326963,46,-0.037726356350945234,-0.040532839661174824,-0.0028064833102295905,-0.4472477309133862,0.9417738853503185,23,True,0.9297330148619957,21.142957912463604,46,-0.05222056495620375,-0.06508119889437403,-0.012860633938170274,-2.598324602552572,882.3582159684452,-0.008127647919214276,-0.01660223617327361,-0.008474588254059334,0.061884903271226796,0.9119432059447984,8,False,0.9048949044585988,10.300545416130948,46,0.05344673874839834,0.04622294141785099,-0.0072237973305473435,-1.2160972205309584,569.1564573662234,0.0726750879068283,0.0799268705687819,0.0072517826619535874,0.0792310588097252,도곡1동,1123066
1123067,False,13.654773472212106,46,0.005141296170448673,0.0015294603272195673,-0.0036118358432291053,-1.0023291555638554,2,중간활동·다인가구 중심형,False,0.08225671786083097,0.0006605981244786618,True,False,2025-12-01T00:00:00,31,도곡2동,False,False,True,False,10.0,41.2,,6.0,5.352923738072693,46,-0.037726356350945234,-0.0433146677223788,-0.005588311371433563,-1.366796375160751,0.9347133804355744,23,False,0.9244697355961833,21.810240499256583,46,-0.05222056495620375,-0.05670449203443528,-0.004483927078231531,-0.4614491130388389,892.233915897714,-0.008127647919214276,-0.006308962215759273,0.001818685703455003,0.08385516226133193,0.9059465365285163,8,True,0.8952847986015005,10.447087364746329,46,0.05344673874839834,0.047397789943465884,-0.0060489488049324525,-1.0010824897137995,553.3126956729378,0.0726750879068283,0.06909077764733595,-0.0035843102594923515,0.07231999648452091,도곡2동,1123067
1123068,False,14.044836792157682,46,0.005141296170448673,0.0052827047190167065,0.00014140854856803386,-0.22257241952153356,2,중간활동·다인가구 중심형,False,0.08642337990164077,0.0023484257049676133,True,False,2025-12-01T00:00:00,31,개포1동,False,True,True,False,10.0,41.2,,6.0,5.53465220565231,46,-0.037726356350945234,-0.037409260717662374,0.00031709563328286006,-0.2903603996473068,0.947752633225571,23,True,0.9422254666805715,23.38465008802817,46,-0.05222056495620375,-0.055171001766228134,-0.0029504368100243816,-0.2097635719425855,937.8942645268401,-0.008127647919214276,-0.012967997458130931,-0.004840349538916655,0.03215897056476767,0.9257482532067994,8,True,0.9228282406924601,11.399749915511995,46,0.05344673874839834,0.05849223920189317,0.005045500453494833,0.5432993817666391,589.4982947225675,0.0726750879068283,0.07139176314661722,-0.0012833247602110909,0.057430619024821924,개포1동,1123068
1123071,False,13.684152270937254,46,0.005141296170448673,0.0009904644788529815,-0.004150831691595691,-0.5839162792193994,2,중간활동·다인가구 중심형,False,0.08993386691384873,-0.0030600053193500093,False,False,2025-12-01T00:00:00,31,개포4동,False,False,False,False,10.0,41.2,,6.0,4.996122341822001,46,-0.037726356350945234,-0.039389938899492494,-0.00166358254854726,-0.1409466501848263,0.9415232344447361,23,False,0.9313998424783408,22.107450844361068,46,-0.05222056495620375,-0.047957558699008196,0.004263006257195556,0.4870620497879566,840.7436283712668,-0.008127647919214276,-0.005103377180645019,0.003024270738569257,0.04758017076953243,0.923285901811499,8,False,0.9165550013126805,10.912723968066388,46,0.05344673874839834,0.056728776335708275,0.0032820375873099383,0.2326233882528891,591.1426070833803,0.0726750879068283,0.08337612796173666,0.01070104005490835,0.06832920372912174,개포4동,1123071
1123072,False,12.674882546221372,46,0.005141296170448673,0.00559300369105431,0.00045170752060563757,0.12954602453562614,2,중간활동·다인가구 중심형,False,0.06897206675614759,0.0028665872519545443,True,False,2025-12-01T00:00:00,31,일원본동,False,False,False,False,10.0,41.2,,6.0,4.844086606836349,46,-0.037726356350945234,-0.030361782952910366,0.007364573398034868,1.5932938663947942,0.9440483546662741,23,False,0.9406375361679172,22.130860686885104,46,-0.05222056495620375,-0.06305514427203596,-0.010834579315832205,-1.1293570919305018,899.7155157466891,-0.008127647919214276,-0.002172453415653308,0.005955194503560968,0.09038417707093475,0.9235868765631897,8,False,0.9170923446618606,10.792424772445608,46,0.05344673874839834,0.04576011519574941,-0.00768662355264893,-0.730732849321153,596.0922587341574,0.0726750879068283,0.07611708650510263,0.0034419985982743206,0.08693367437384455,일원본동,1123072
1123073,False,12.561635472062987,46,0.005141296170448673,0.007478600923796375,0.002337304753347702,0.35844803850452384,1,고령·2인가구·구조적 복지배경 특화형,False,0.09279531644582541,-0.0011487528125595503,False,False,2025-12-01T00:00:00,31,일원1동,False,False,True,False,10.0,41.2,,6.0,4.560556668278196,46,-0.037726356350945234,-0.0268752905132299,0.010851065837715335,2.4708244944346505,0.9205960356378202,23,False,0.9070156778783065,20.294739262572477,46,-0.05222056495620375,-0.06000673984755345,-0.007786174891349695,-0.5833196179812621,772.949591690348,-0.008127647919214276,0.0008550288802799955,0.008982676799494271,0.10812423895243864,0.8857662822018095,8,True,0.8875633676358865,10.29155737890263,46,0.05344673874839834,0.04196403127143311,-0.011482707476965226,-1.2521819957799984,560.277513319944,0.0726750879068283,0.07027839872288233,-0.002396689183945977,0.09587249791555444,일원1동,1123073
1123074,False,12.228464328004737,46,0.005141296170448673,-0.007823382985134408,-0.012964679155583081,-2.3531671175962634,1,고령·2인가구·구조적 복지배경 특화형,False,0.0,0.0,False,False,2025-12-01T00:00:00,31,개포3동,True,False,False,False,10.0,41.2,,6.0,4.611079040852576,46,-0.037726356350945234,-0.039161437812072375,-0.0014350814611271412,-0.1305688469305671,0.9353626406157489,23,False,0.9208821788040261,21.081147538259717,46,-0.05222056495620375,-0.06030195576727282,-0.008081390811069067,-1.1526584542183833,826.6574867314529,-0.008127647919214276,0.0012586639949034861,0.009386311914117762,0.0,0.9017710183540557,8,False,0.8939461219656601,10.239298219985177,46,0.05344673874839834,0.04989583322614388,-0.003550905522254455,-0.47437184174432645,573.3353582415763,0.0726750879068283,0.07947672503452985,0.006801637127701543,0.0,일원2동,1123074
1123075,False,11.44284564297183,46,0.005141296170448673,-0.004436450933811287,-0.00957774710425996,-1.3445887810850095,1,고령·2인가구·구조적 복지배경 특화형,False,0.12467918857238597,0.004052930441955149,True,False,2025-12-01T00:00:00,31,수서동,False,False,False,False,10.0,41.2,,6.0,4.1703182382134,46,-0.037726356350945234,-0.04013694280792701,-0.002410586456981778,-0.4760506724451118,0.9457188731572033,23,False,0.9395847321558896,21.67111807622023,46,-0.05222056495620375,-0.059162216515280086,-0.006941651559076334,-0.8191774334225969,795.5200808283862,-0.008127647919214276,0.00747126672481091,0.015598914644025186,0.047829144274388655,0.9099109619033716,8,False,0.8922281418770982,10.672517549488273,46,0.05344673874839834,0.038072808898628185,-0.015373929849770152,-1.4577626709404379,526.117326538141,0.0726750879068283,0.08099970175925808,0.008324613852429774,0.1673093472582205,수서동,1123075
1123076,False,13.235242335437333,46,0.005141296170448673,0.0017227248554991803,-0.0034185713149494923,-1.1664649349387415,2,중간활동·다인가구 중심형,False,0.09588787459784134,0.0008559175198837449,True,False,2025-12-01T00:00:00,31,세곡동,False,False,True,False,10.0,41.2,,6.0,4.885217820108205,46,-0.037726356350945234,-0.035473646884394805,0.002252709466550429,0.7242281298047589,0.9354046438232642,23,True,0.9382038999098286,23.23209904975473,46,-0.05222056495620375,-0.04974808422745003,0.002472480728753723,0.7655065056690704,946.6210222802357,-0.008127647919214276,-0.015165791593251932,-0.007038143674037656,0.09620722339807508,0.909537026600541,8,False,0.9129666366095581,11.132822293444534,46,0.05344673874839834,0.054123937458692595,0.0006771987102942578,0.09982586687663617,635.4442298273792,0.0726750879068283,0.0739584126670394,0.0012833247602110909,0.07944141138580392,세곡동,1123076
1123077,False,14.000539232336955,46,0.005141296170448673,0.0019646419350074495,-0.003176654235441223,-0.6204887041088394,2,중간활동·다인가구 중심형,False,0.09238350179355315,-0.00032797085813464355,False,False,2025-12-01T00:00:00,31,압구정동,False,False,True,False,10.0,41.2,,6.0,5.3403880774456525,46,-0.037726356350945234,-0.04161750019564292,-0.0038911438446976865,-0.8183073984482747,0.9099278192934782,23,True,0.9015900985054348,21.582116271017824,46,-0.05222056495620375,-0.04261817474887275,0.009602390207331002,2.086006031998068,816.091652773232,-0.008127647919214276,-0.008468384453085953,-0.00034073653387167724,0.05874662286563039,0.8766041100543478,8,False,0.8653158967391303,10.650703054086598,46,0.05344673874839834,0.061270781619644055,0.007824042871245718,1.343333501321324,530.519937458047,0.0726750879068283,0.07428785192969745,0.0016127640228691398,0.11002527937641447,압구정동,1123077
1123078,False,14.865699904671114,46,0.005141296170448673,0.00864125214704492,0.0034999559765962474,0.7490554019574799,2,중간활동·다인가구 중심형,False,0.11043429445250244,0.0024896661817540716,True,False,2025-12-01T00:00:00,31,청담동,False,False,True,False,10.0,41.2,,6.0,5.402535748331744,46,-0.037726356350945234,-0.0377624703830306,-3.61140320853659e-05,-0.01513238797384403,0.9175733079122974,23,False,0.9100141086749285,21.873684186248305,46,-0.05222056495620375,-0.04690420056921685,0.005316364386986905,0.7050143341921714,853.0548953158416,-0.008127647919214276,-0.004234728700710733,0.0038929192185035433,0.06986255089884244,0.8907897044804576,8,True,0.8836061010486177,11.075806336725888,46,0.05344673874839834,0.057882299415512595,0.004435560667114258,0.8539879385672721,570.684282757588,0.0726750879068283,0.06964767713061004,-0.0030274107762182645,0.08861415438701663,청담동,1123078
1123079,False,13.846689170270354,46,0.005141296170448673,0.010079336584838838,0.004938040414390166,1.0173809586533789,2,중간활동·다인가구 중심형,False,0.09318343250387173,0.0023652527756021086,True,False,2025-12-01T00:00:00,31,대치2동,False,False,True,False,10.0,41.2,,6.0,5.26531033195408,46,-0.037726356350945234,-0.03496661804391543,0.002759738307029802,0.5145756149092156,0.9386603615095044,23,False,0.9282416078150764,21.9051366627159,46,-0.05222056495620375,-0.047497703010827674,0.004722861945376078,0.36509311065173317,903.5471488148564,-0.008127647919214276,-0.007786911385342599,0.00034073653387167724,0.06464909931415132,0.9122281678748094,8,True,0.9041589148492674,10.383641317452064,46,0.05344673874839834,0.059697982729700616,0.006251243981302279,0.8252450289661551,564.1835040936083,0.0726750879068283,0.06832943056974017,-0.004345657337088138,0.08033978038868642,대치2동,1123079
1123080,False,13.055849305257127,46,0.005141296170448673,0.00917992199479123,0.004038625824342557,1.2010933047500032,2,중간활동·다인가구 중심형,False,0.08066141458499004,0.0013461358654032751,True,False,2025-12-01T00:00:00,31,개포2동,False,False,False,False,10.0,41.2,,6.0,5.081815499212148,46,-0.037726356350945234,-0.03584197731213523,0.0018843790388100023,0.7552063320948477,0.9485139664804468,23,False,0.9418232344936257,22.77135594003603,46,-0.05222056495620375,-0.06246461702027606,-0.010244052064072307,-1.6128332480058398,924.3258562544526,-0.008127647919214276,0.0074731525803066745,0.01560080049952095,0.04396230606522068,0.9275292937974502,8,False,0.9221492622833406,10.951342830870713,46,0.05344673874839834,0.052887445591720095,-0.0005592931566782422,-0.100339592015397,609.3746749029594,0.0726750879068283,0.08351574816326313,0.01084066025643482,0.08189126452398048,개포2동,1123080
