period,adm_cd,age,domain,baseline_n,comparison_available,above_prior_max,baseline_daily_max,baseline_daily_mean,baseline_daily_min,baseline_latest,baseline_method,baseline_periods,below_prior_min,change_pct,comparison_reason,current_observed_industry_count,gangnam_change_percentile,gangnam_compare_n,matched_current_count,matched_current_daily_count,matched_industries,matched_industry_count,qoq_daily_change_pct,qoq_matched_industry_count,yoy_daily_change_pct,yoy_matched_industry_count
2025Q3,1123051,10대,A_외식카페,3,1,False,519.1195652173913,436.6666666666667,368.5869565217391,2024Q3,expanding_prior_same_quarter_matched_industries,"[""2022Q3"", ""2023Q3"", ""2024Q3""]",True,-26.75987387985397,ready,10,0.428571428571429,21,29423.0,319.8152173913044,"[""CS100001"", ""CS100002"", ""CS100003"", ""CS100004"", ""CS100005"", ""CS100006"", ""CS100007"", ""CS100008"", ""CS100009"", ""CS100010""]",10,8.784752299213917,10,-13.232084930698907,10
2025Q3,1123051,20대,A_외식카페,3,1,False,8407.815217391304,6718.402173913043,5162.326086956522,2024Q3,expanding_prior_same_quarter_matched_industries,"[""2022Q3"", ""2023Q3"", ""2024Q3""]",True,-37.3642801326014,ready,10,0.181818181818182,22,387147.0,4208.119565217391,"[""CS100001"", ""CS100002"", ""CS100003"", ""CS100004"", ""CS100005"", ""CS100006"", ""CS100007"", ""CS100008"", ""CS100009"", ""CS100010""]",10,-3.981545357836769,10,-18.48404199320327,10
2025Q3,1123051,30대,A_외식카페,3,1,False,7058.423913043478,6477.123188405797,5788.75,2024Q3,expanding_prior_same_quarter_matched_industries,"[""2022Q3"", ""2023Q3"", ""2024Q3""]",True,-14.677801358851617,ready,10,0.181818181818182,22,508431.0,5526.423913043478,"[""CS100001"", ""CS100002"", ""CS100003"", ""CS100004"", ""CS100005"", ""CS100006"", ""CS100007"", ""CS100008"", ""CS100009"", ""CS100010""]",10,-6.090245894738278,10,-4.531653413198389,10
2025Q3,1123051,40대,A_외식카페,3,1,False,3878.032608695652,3672.5942028985505,3389.391304347826,2024Q3,expanding_prior_same_quarter_matched_industries,"[""2022Q3"", ""2023Q3"", ""2024Q3""]",True,-10.75553749077578,ready,10,0.181818181818182,22,301538.0,3277.586956521739,"[""CS100001"", ""CS100002"", ""CS100003"", ""CS100004"", ""CS100005"", ""CS100006"", ""CS100007"", ""CS100008"", ""CS100009"", ""CS100010""]",10,1.151857481238228,10,-3.298655651906202,10
2025Q3,1123051,50대,A_외식카페,3,1,False,3009.663043478261,2940.1594202898555,2815.271739130435,2024Q3,expanding_prior_same_quarter_matched_industries,"[""2022Q3"", ""2023Q3"", ""2024Q3""]",True,-6.440669193724102,ready,10,0.227272727272727,22,253073.0,2750.7934782608695,"[""CS100001"", ""CS100002"", ""CS100003"", ""CS100004"", ""CS100005"", ""CS100006"", ""CS100007"", ""CS100008"", ""CS100009"", ""CS100010""]",10,2.171912164333678,10,-2.29030327599854,10
2025Q3,1123051,60대이상,A_외식카페,3,1,True,1642.5434782608695,1610.322463768116,1588.0434782608695,2024Q3,expanding_prior_same_quarter_matched_industries,"[""2022Q3"", ""2023Q3"", ""2024Q3""]",False,3.487239255797636,ready,10,0.136363636363636,22,153316.0,1666.4782608695652,"[""CS100001"", ""CS100002"", ""CS100003"", ""CS100004"", ""CS100005"", ""CS100006"", ""CS100007"", ""CS100008"", ""CS100009"", ""CS100010""]",10,1.315821578788379,10,1.457178024537775,10
2025Q3,1123051,10대,B_여가운동,3,1,False,405.9021739130435,274.8188405797102,184.17391304347825,2024Q3,expanding_prior_same_quarter_matched_industries,"[""2022Q3"", ""2023Q3"", ""2024Q3""]",False,33.92617007251151,ready,6,0.736842105263158,19,33861.0,368.05434782608694,"[""CS200005"", ""CS200016"", ""CS200017"", ""CS200019"", ""CS200024"", ""CS200037""]",6,146.14496694476307,6,57.032880396976296,6
2025Q3,1123051,20대,B_여가운동,3,1,False,1859.9021739130435,1732.31884057971,1549.5869565217392,2024Q3,expanding_prior_same_quarter_matched_industries,"[""2022Q3"", ""2023Q3"", ""2024Q3""]",False,-3.146908725842878,ready,6,0.85,20,154358.0,1677.804347826087,"[""CS200005"", ""CS200016"", ""CS200017"", ""CS200019"", ""CS200024"", ""CS200037""]",6,37.376458207822495,6,8.274294692835383,6
2025Q3,1123051,30대,B_여가운동,3,1,True,800.3478260869565,716.7463768115941,662.25,2024Q3,expanding_prior_same_quarter_matched_industries,"[""2022Q3"", ""2023Q3"", ""2024Q3""]",False,16.2150822456552,ready,6,0.80952380952381,21,76633.0,832.9673913043479,"[""CS200005"", ""CS200016"", ""CS200017"", ""CS200019"", ""CS200024"", ""CS200037""]",6,7.710280229481992,6,4.075673620165143,6
2025Q3,1123051,40대,B_여가운동,3,1,True,293.4891304347826,235.3586956521739,205.77173913043478,2024Q3,expanding_prior_same_quarter_matched_industries,"[""2022Q3"", ""2023Q3"", ""2024Q3""]",False,98.02336858633909,ready,6,0.904761904761905,21,42878.0,466.0652173913044,"[""CS200005"", ""CS200016"", ""CS200017"", ""CS200019"", ""CS200024"", ""CS200037""]",6,100.04685997174047,6,58.80152586941225,6
2025Q3,1123051,50대,B_여가운동,3,1,True,306.14130434782606,300.0,289.92391304347825,2024Q3,expanding_prior_same_quarter_matched_industries,"[""2022Q3"", ""2023Q3"", ""2024Q3""]",False,60.36956521739132,ready,6,0.904761904761905,21,44262.0,481.10869565217394,"[""CS200005"", ""CS200016"", ""CS200017"", ""CS200019"", ""CS200024"", ""CS200037""]",6,79.22421526259957,6,57.152494230427855,6
2025Q3,1123051,60대이상,B_여가운동,3,1,True,50.09782608695652,47.4891304347826,45.98913043478261,2024Q3,expanding_prior_same_quarter_matched_industries,"[""2022Q3"", ""2023Q3"", ""2024Q3""]",False,50.88120851453426,ready,6,0.761904761904762,21,6592.0,71.65217391304348,"[""CS200005"", ""CS200016"", ""CS200017"", ""CS200019"", ""CS200024"", ""CS200037""]",6,87.74396274364977,6,43.02451724886094,6
2025Q3,1123051,10대,C_대면생활서비스,3,1,True,7.304347826086956,6.880434782608695,6.347826086956522,2024Q3,expanding_prior_same_quarter_matched_industries,"[""2022Q3"", ""2023Q3"", ""2024Q3""]",False,29.541864139020536,ready,4,0.75,20,820.0,8.91304347826087,"[""CS200028"", ""CS200029"", ""CS200030"", ""CS200031""]",4,-12.40961592637806,4,22.023809523809533,4
2025Q3,1123051,20대,C_대면생활서비스,3,1,False,145.6413043478261,131.34057971014494,118.84782608695652,2024Q3,expanding_prior_same_quarter_matched_industries,"[""2022Q3"", ""2023Q3"", ""2024Q3""]",False,-0.093793103448292,ready,4,0.772727272727273,22,12072.0,131.2173913043478,"[""CS200028"", ""CS200029"", ""CS200030"", ""CS200031""]",4,10.378837203694324,4,10.40790195719772,4
2025Q3,1123051,30대,C_대면생활서비스,3,1,False,167.05434782608697,151.92753623188406,140.1413043478261,2024Q3,expanding_prior_same_quarter_matched_industries,"[""2022Q3"", ""2023Q3"", ""2024Q3""]",False,-2.270342459219687,ready,4,0.681818181818182,22,13660.0,148.47826086956522,"[""CS200028"", ""CS200029"", ""CS200030"", ""CS200031""]",4,-6.124353928087012,4,-0.07315288953913,4
2025Q3,1123051,40대,C_대면생활서비스,3,1,False,130.18478260869566,117.44927536231883,111.02173913043478,2024Q3,expanding_prior_same_quarter_matched_industries,"[""2022Q3"", ""2023Q3"", ""2024Q3""]",False,0.487413622902277,ready,4,0.863636363636364,22,10858.0,118.02173913043478,"[""CS200028"", ""CS200029"", ""CS200030"", ""CS200031""]",4,-2.514493411368213,4,6.190709046454756,4
2025Q3,1123051,50대,C_대면생활서비스,3,1,True,106.05434782608695,102.5036231884058,98.22826086956522,2024Q3,expanding_prior_same_quarter_matched_industries,"[""2022Q3"", ""2023Q3"", ""2024Q3""]",False,7.907108267646956,ready,4,0.772727272727273,22,10176.0,110.6086956521739,"[""CS200028"", ""CS200029"", ""CS200030"", ""CS200031""]",4,-2.020915951057856,4,7.149626197746639,4
2025Q3,1123051,60대이상,C_대면생활서비스,3,1,True,71.54347826086956,67.6376811594203,61.42391304347826,2024Q3,expanding_prior_same_quarter_matched_industries,"[""2022Q3"", ""2023Q3"", ""2024Q3""]",False,16.57381615598883,ready,4,0.5,22,7254.0,78.84782608695652,"[""CS200028"", ""CS200029"", ""CS200030"", ""CS200031""]",4,-8.538531881286904,4,12.72727272727272,4
2025Q3,1123051,10대,D_생활필수,3,1,False,340.1847826086956,318.5869565217391,283.19565217391306,2024Q3,expanding_prior_same_quarter_matched_industries,"[""2022Q3"", ""2023Q3"", ""2024Q3""]",True,-25.42135789832821,ready,7,0.428571428571429,21,21859.0,237.59782608695653,"[""CS300001"", ""CS300002"", ""CS300006"", ""CS300007"", ""CS300008"", ""CS300010""]",6,5.193160328466706,6,-16.101174483764492,6
2025Q3,1123051,20대,D_생활필수,3,1,False,3368.6521739130435,2978.3804347826085,2504.3804347826085,2024Q3,expanding_prior_same_quarter_matched_industries,"[""2022Q3"", ""2023Q3"", ""2024Q3""]",True,-34.14680432537379,ready,7,0.19047619047619,21,180445.0,1961.358695652174,"[""CS300001"", ""CS300002"", ""CS300006"", ""CS300007"", ""CS300008"", ""CS300010""]",6,2.326282380119848,6,-21.682877393089495,6
2025Q3,1123051,30대,D_생활필수,3,1,False,3186.858695652174,3024.1485507246375,2887.0434782608695,2024Q3,expanding_prior_same_quarter_matched_industries,"[""2022Q3"", ""2023Q3"", ""2024Q3""]",True,-12.699106827289985,ready,7,0.333333333333333,21,242890.0,2640.108695652174,"[""CS300001"", ""CS300002"", ""CS300006"", ""CS300007"", ""CS300008"", ""CS300010""]",6,0.236517109827505,6,-8.55320622872805,6
2025Q3,1123051,40대,D_생활필수,3,1,False,2135.0978260869565,1999.8260869565217,1900.391304347826,2024Q3,expanding_prior_same_quarter_matched_industries,"[""2022Q3"", ""2023Q3"", ""2024Q3""]",True,-11.763522915036095,ready,7,0.19047619047619,21,162341.0,1764.5760869565217,"[""CS300001"", ""CS300002"", ""CS300006"", ""CS300007"", ""CS300008"", ""CS300010""]",6,2.970568866415824,6,-7.146697476492248,6
2025Q3,1123051,50대,D_생활필수,3,1,False,1620.4239130434783,1547.8152173913043,1454.391304347826,2024Q3,expanding_prior_same_quarter_matched_industries,"[""2022Q3"", ""2023Q3"", ""2024Q3""]",False,-3.625727708761994,ready,7,0.238095238095238,21,137236.0,1491.695652173913,"[""CS300001"", ""CS300002"", ""CS300006"", ""CS300007"", ""CS300008"", ""CS300010""]",6,5.018919167105906,6,-4.904583061934398,6
2025Q3,1123051,60대이상,D_생활필수,3,1,True,884.4782608695652,847.268115942029,786.804347826087,2024Q3,expanding_prior_same_quarter_matched_industries,"[""2022Q3"", ""2023Q3"", ""2024Q3""]",False,5.96332629166203,ready,7,0.142857142857143,21,82597.0,897.7934782608696,"[""CS300001"", ""CS300002"", ""CS300006"", ""CS300007"", ""CS300008"", ""CS300010""]",6,-0.365606261370088,6,3.13280391569275,6
2025Q3,1123051,10대,E_의료건강,3,1,False,45.54347826086956,38.094202898550726,33.33695652173913,2024Q3,expanding_prior_same_quarter_matched_industries,"[""2022Q3"", ""2023Q3"", ""2024Q3""]",False,-9.263838691268777,ready,4,0.666666666666667,21,3180.0,34.56521739130435,"[""CS200006"", ""CS200007"", ""CS200008"", ""CS300018""]",4,36.99628844114531,4,-2.364138778016567,4
2025Q3,1123051,20대,E_의료건강,3,1,False,1323.9673913043478,1102.0,940.1195652173913,2024Q3,expanding_prior_same_quarter_matched_industries,"[""2022Q3"", ""2023Q3"", ""2024Q3""]",True,-21.084194744732898,ready,4,0.714285714285714,21,80008.0,869.6521739130435,"[""CS200006"", ""CS200007"", ""CS200008"", ""CS300018""]",4,3.60727887892196,4,-7.495577574545321,4
2025Q3,1123051,30대,E_의료건강,3,1,False,1603.5217391304348,1475.623188405797,1388.0434782608695,2024Q3,expanding_prior_same_quarter_matched_industries,"[""2022Q3"", ""2023Q3"", ""2024Q3""]",True,-9.768410300732677,ready,4,0.619047619047619,21,122496.0,1331.4782608695652,"[""CS200006"", ""CS200007"", ""CS200008"", ""CS300018""]",4,-2.229906284995775,4,-4.075176194205166,4
2025Q3,1123051,40대,E_의료건강,3,1,False,1301.9130434782608,1217.391304347826,1120.4239130434783,2024Q3,expanding_prior_same_quarter_matched_industries,"[""2022Q3"", ""2023Q3"", ""2024Q3""]",True,-8.750000000000002,ready,4,0.571428571428571,21,102200.0,1110.8695652173913,"[""CS200006"", ""CS200007"", ""CS200008"", ""CS300018""]",4,-0.009762277784553,4,-0.852744011874396,4
2025Q3,1123051,50대,E_의료건강,3,1,False,1210.2173913043478,1181.4492753623188,1157.1847826086957,2024Q3,expanding_prior_same_quarter_matched_industries,"[""2022Q3"", ""2023Q3"", ""2024Q3""]",True,-5.852551521099104,ready,4,0.380952380952381,21,102332.0,1112.304347826087,"[""CS200006"", ""CS200007"", ""CS200008"", ""CS300018""]",4,0.78631449982467,4,-3.878415570020954,4
2025Q3,1123051,60대이상,E_의료건강,3,1,True,1150.2065217391305,1110.9384057971015,1063.5869565217392,2024Q3,expanding_prior_same_quarter_matched_industries,"[""2022Q3"", ""2023Q3"", ""2024Q3""]",False,7.005110576970131,ready,4,0.523809523809524,21,109366.0,1188.7608695652175,"[""CS200006"", ""CS200007"", ""CS200008"", ""CS300018""]",4,-4.550898548167115,4,3.351950027877804,4
2025Q3,1123052,10대,A_외식카페,3,1,False,226.8804347826087,184.71014492753625,149.5326086956522,2024Q3,expanding_prior_same_quarter_matched_industries,"[""2022Q3"", ""2023Q3"", ""2024Q3""]",True,-31.361318163985885,ready,10,0.238095238095238,21,11664.0,126.78260869565217,"[""CS100001"", ""CS100002"", ""CS100003"", ""CS100004"", ""CS100005"", ""CS100006"", ""CS100007"", ""CS100008"", ""CS100009"", ""CS100010""]",10,27.342355312410028,10,-15.214072835647318,10
2025Q3,1123052,20대,A_외식카페,3,1,False,7128.597826086957,6155.22463768116,5037.228260869565,2024Q3,expanding_prior_same_quarter_matched_industries,"[""2022Q3"", ""2023Q3"", ""2024Q3""]",True,-28.932237371103376,ready,10,0.5,22,402443.0,4374.380434782609,"[""CS100001"", ""CS100002"", ""CS100003"", ""CS100004"", ""CS100005"", ""CS100006"", ""CS100007"", ""CS100008"", ""CS100009"", ""CS100010""]",10,10.794358690630146,10,-13.158979338620046,10
2025Q3,1123052,30대,A_외식카페,3,1,False,8313.978260869566,8112.36231884058,7772.402173913043,2024Q3,expanding_prior_same_quarter_matched_industries,"[""2022Q3"", ""2023Q3"", ""2024Q3""]",True,-9.522012387606683,ready,10,0.545454545454545,22,675271.0,7339.902173913043,"[""CS100001"", ""CS100002"", ""CS100003"", ""CS100004"", ""CS100005"", ""CS100006"", ""CS100007"", ""CS100008"", ""CS100009"", ""CS100010""]",10,-0.123348751101005,10,-5.56456022633034,10
2025Q3,1123052,40대,A_외식카페,3,1,False,4815.108695652174,4690.992753623188,4516.119565217391,2024Q3,expanding_prior_same_quarter_matched_industries,"[""2022Q3"", ""2023Q3"", ""2024Q3""]",True,-8.677901065409033,ready,10,0.409090909090909,22,394120.0,4283.913043478261,"[""CS100001"", ""CS100002"", ""CS100003"", ""CS100004"", ""CS100005"", ""CS100006"", ""CS100007"", ""CS100008"", ""CS100009"", ""CS100010""]",10,6.984962829466102,10,-5.141726616973486,10
2025Q3,1123052,50대,A_외식카페,3,1,False,3485.467391304348,3322.4855072463774,3087.8695652173915,2024Q3,expanding_prior_same_quarter_matched_industries,"[""2022Q3"", ""2023Q3"", ""2024Q3""]",False,-2.14829564910155,ready,10,0.409090909090909,22,299102.0,3251.108695652174,"[""CS100001"", ""CS100002"", ""CS100003"", ""CS100004"", ""CS100005"", ""CS100006"", ""CS100007"", ""CS100008"", ""CS100009"", ""CS100010""]",10,13.285555055177124,10,-6.723881458103998,10
2025Q3,1123052,60대이상,A_외식카페,3,1,True,2114.8695652173915,1936.5507246376812,1738.75,2024Q3,expanding_prior_same_quarter_matched_industries,"[""2022Q3"", ""2023Q3"", ""2024Q3""]",False,16.862305608357907,ready,10,0.545454545454545,22,208205.0,2263.0978260869565,"[""CS100001"", ""CS100002"", ""CS100003"", ""CS100004"", ""CS100005"", ""CS100006"", ""CS100007"", ""CS100008"", ""CS100009"", ""CS100010""]",10,8.686789338255373,10,7.008860655400673,10
2025Q3,1123052,10대,B_여가운동,3,1,True,39.119565217391305,30.757246376811594,25.16304347826087,2024Q3,expanding_prior_same_quarter_matched_industries,"[""2022Q3"", ""2023Q3"", ""2024Q3""]",False,64.78972788314287,ready,6,0.789473684210526,19,4663.0,50.68478260869565,"[""CS200005"", ""CS200016"", ""CS200017"", ""CS200019"", ""CS200024"", ""CS200037""]",6,132.82762329082806,6,101.42548596112309,6
2025Q3,1123052,20대,B_여가운동,3,1,True,733.7391304347826,568.6521739130435,456.2391304347826,2024Q3,expanding_prior_same_quarter_matched_industries,"[""2022Q3"", ""2023Q3"", ""2024Q3""]",False,140.45989754568393,ready,6,0.95,20,125799.0,1367.3804347826087,"[""CS200005"", ""CS200016"", ""CS200017"", ""CS200019"", ""CS200024"", ""CS200037""]",6,105.70950018221063,6,199.70696145232765,6
2025Q3,1123052,30대,B_여가운동,3,1,True,530.5760869565217,467.8188405797102,416.1304347826087,2024Q3,expanding_prior_same_quarter_matched_industries,"[""2022Q3"", ""2023Q3"", ""2024Q3""]",False,201.54974519431838,ready,6,0.952380952380952,21,129785.0,1410.7065217391305,"[""CS200005"", ""CS200016"", ""CS200017"", ""CS200019"", ""CS200024"", ""CS200037""]",6,51.636912175032634,6,165.88203962059288,6
2025Q3,1123052,40대,B_여가운동,3,1,True,139.0108695652174,127.6123188405797,107.33695652173913,2024Q3,expanding_prior_same_quarter_matched_industries,"[""2022Q3"", ""2023Q3"", ""2024Q3""]",False,157.31807728343887,ready,6,1.0,21,30210.0,328.3695652173913,"[""CS200005"", ""CS200016"", ""CS200017"", ""CS200019"", ""CS200024"", ""CS200037""]",6,50.68900874827338,6,140.58294178545836,6
2025Q3,1123052,50대,B_여가운동,3,1,True,110.59782608695652,89.10869565217392,72.1304347826087,2024Q3,expanding_prior_same_quarter_matched_industries,"[""2022Q3"", ""2023Q3"", ""2024Q3""]",False,165.25981946816296,ready,6,1.0,21,21746.0,236.3695652173913,"[""CS200005"", ""CS200016"", ""CS200017"", ""CS200019"", ""CS200024"", ""CS200037""]",6,39.16686357908004,6,113.71990171990171,6
2025Q3,1123052,60대이상,B_여가운동,3,1,True,32.28260869565217,29.84782608695652,27.565217391304348,2024Q3,expanding_prior_same_quarter_matched_industries,"[""2022Q3"", ""2023Q3"", ""2024Q3""]",False,296.86817188638025,ready,6,1.0,21,10898.0,118.45652173913044,"[""CS200005"", ""CS200016"", ""CS200017"", ""CS200019"", ""CS200024"", ""CS200037""]",6,2.224215061743662,6,266.93602693602696,6
2025Q3,1123052,10대,C_대면생활서비스,3,1,False,11.83695652173913,7.126811594202898,3.75,2024Q3,expanding_prior_same_quarter_matched_industries,"[""2022Q3"", ""2023Q3"", ""2024Q3""]",False,-24.35180477885104,ready,4,0.3,20,496.0,5.391304347826087,"[""CS200028"", ""CS200029"", ""CS200030"", ""CS200031""]",4,183.58884141744159,4,43.768115942028984,4
2025Q3,1123052,20대,C_대면생활서비스,3,1,False,397.5869565217391,312.28623188405794,236.93478260869566,2024Q3,expanding_prior_same_quarter_matched_industries,"[""2022Q3"", ""2023Q3"", ""2024Q3""]",True,-50.8777018482208,ready,4,0.045454545454545,22,14113.0,153.40217391304347,"[""CS200028"", ""CS200029"", ""CS200030"", ""CS200031""]",4,-18.84426587938517,4,-35.25552803009451,4
2025Q3,1123052,30대,C_대면생활서비스,3,1,False,436.2173913043478,356.8188405797102,258.9347826086956,2024Q3,expanding_prior_same_quarter_matched_industries,"[""2022Q3"", ""2023Q3"", ""2024Q3""]",True,-29.092626063646154,ready,4,0.181818181818182,22,23277.0,253.0108695652174,"[""CS200028"", ""CS200029"", ""CS200030"", ""CS200031""]",4,-12.088624931520487,4,-2.287801192175287,4
2025Q3,1123052,40대,C_대면생활서비스,3,1,False,204.2608695652174,177.2608695652174,128.75,2024Q3,expanding_prior_same_quarter_matched_industries,"[""2022Q3"", ""2023Q3"", ""2024Q3""]",True,-37.68702477311749,ready,4,0.045454545454545,22,10162.0,110.45652173913044,"[""CS200028"", ""CS200029"", ""CS200030"", ""CS200031""]",4,-24.31066657936092,4,-14.208526804558886,4
2025Q3,1123052,50대,C_대면생활서비스,3,1,False,138.95652173913044,127.81521739130433,110.56521739130434,2024Q3,expanding_prior_same_quarter_matched_industries,"[""2022Q3"", ""2023Q3"", ""2024Q3""]",True,-16.719108767752346,ready,4,0.136363636363636,22,9793.0,106.44565217391305,"[""CS200028"", ""CS200029"", ""CS200030"", ""CS200031""]",4,-12.599888587692076,4,-3.725914274478959,4
2025Q3,1123052,60대이상,C_대면생활서비스,3,1,False,70.8586956521739,64.5,60.28260869565217,2024Q3,expanding_prior_same_quarter_matched_industries,"[""2022Q3"", ""2023Q3"", ""2024Q3""]",False,-3.016514998314801,ready,4,0.090909090909091,22,5755.0,62.55434782608695,"[""CS200028"", ""CS200029"", ""CS200030"", ""CS200031""]",4,-14.783747721947405,4,0.313752832490843,4
2025Q3,1123052,10대,D_생활필수,3,1,False,276.67391304347825,253.91666666666666,225.16304347826087,2024Q3,expanding_prior_same_quarter_matched_industries,"[""2022Q3"", ""2023Q3"", ""2024Q3""]",True,-31.888814371941045,ready,7,0.238095238095238,21,15911.0,172.94565217391303,"[""CS300001"", ""CS300002"", ""CS300006"", ""CS300007"", ""CS300008"", ""CS300009"", ""CS300010""]",7,20.941015506232887,7,-23.190924450881013,7
2025Q3,1123052,20대,D_생활필수,3,1,False,7234.20652173913,6137.771739130435,5241.25,2024Q3,expanding_prior_same_quarter_matched_industries,"[""2022Q3"", ""2023Q3"", ""2024Q3""]",True,-22.988444680568463,ready,7,0.714285714285714,21,434865.0,4726.79347826087,"[""CS300001"", ""CS300002"", ""CS300006"", ""CS300007"", ""CS300008"", ""CS300009"", ""CS300010""]",7,8.398487576418855,7,-9.815531061085236,7
2025Q3,1123052,30대,D_생활필수,3,1,False,8626.532608695652,8262.115942028986,7815.032608695652,2024Q3,expanding_prior_same_quarter_matched_industries,"[""2022Q3"", ""2023Q3"", ""2024Q3""]",False,-1.372512217454913,ready,7,0.80952380952381,21,749682.0,8148.717391304348,"[""CS300001"", ""CS300002"", ""CS300006"", ""CS300007"", ""CS300008"", ""CS300009"", ""CS300010""]",7,1.14456443754356,7,4.269781065755374,7
2025Q3,1123052,40대,D_생활필수,3,1,False,6184.891304347826,5943.13768115942,5568.032608695652,2024Q3,expanding_prior_same_quarter_matched_industries,"[""2022Q3"", ""2023Q3"", ""2024Q3""]",False,-1.829597648243686,ready,7,0.523809523809524,21,536765.0,5834.402173913043,"[""CS300001"", ""CS300002"", ""CS300006"", ""CS300007"", ""CS300008"", ""CS300009"", ""CS300010""]",7,7.690775074559109,7,4.783908140218118,7
2025Q3,1123052,50대,D_생활필수,3,1,False,5335.478260869565,5196.307971014493,5068.380434782609,2024Q3,expanding_prior_same_quarter_matched_industries,"[""2022Q3"", ""2023Q3"", ""2024Q3""]",False,-1.922212049943495,ready,7,0.333333333333333,21,468871.0,5096.423913043478,"[""CS300001"", ""CS300002"", ""CS300006"", ""CS300007"", ""CS300008"", ""CS300009"", ""CS300010""]",7,4.378975438077348,7,-1.709550422828099,7
2025Q3,1123052,60대이상,D_생활필수,3,1,True,4645.423913043478,4635.786231884058,4622.141304347826,2024Q3,expanding_prior_same_quarter_matched_industries,"[""2022Q3"", ""2023Q3"", ""2024Q3""]",False,17.501057072538238,ready,7,0.523809523809524,21,501133.0,5447.097826086957,"[""CS300001"", ""CS300002"", ""CS300006"", ""CS300007"", ""CS300008"", ""CS300009"", ""CS300010""]",7,2.933362856946808,7,17.847929507545214,7
2025Q3,1123052,10대,E_의료건강,3,1,False,34.81521739130435,30.568840579710145,28.41304347826087,2024Q3,expanding_prior_same_quarter_matched_industries,"[""2022Q3"", ""2023Q3"", ""2024Q3""]",True,-11.105843309233132,ready,5,0.428571428571429,21,2500.0,27.17391304347826,"[""CS200006"", ""CS200007"", ""CS200008"", ""CS300018"", ""CS300019""]",5,73.65351734245237,5,-4.361132364192811,5
2025Q3,1123052,20대,E_의료건강,3,1,False,1897.054347826087,1700.427536231884,1446.4782608695652,2024Q3,expanding_prior_same_quarter_matched_industries,"[""2022Q3"", ""2023Q3"", ""2024Q3""]",True,-25.30650859332051,ready,5,0.476190476190476,21,116850.0,1270.108695652174,"[""CS200006"", ""CS200007"", ""CS200008"", ""CS300018"", ""CS300019""]",5,-0.461700967697964,5,-12.193032552826955,5
2025Q3,1123052,30대,E_의료건강,3,1,False,2218.304347826087,2148.072463768116,2042.1847826086957,2024Q3,expanding_prior_same_quarter_matched_industries,"[""2022Q3"", ""2023Q3"", ""2024Q3""]",True,-11.30369660700189,ready,5,0.476190476190476,21,175284.0,1905.2608695652175,"[""CS200006"", ""CS200007"", ""CS200008"", ""CS300018"", ""CS300019""]",5,-5.718109818463468,5,-6.704775895380588,5
2025Q3,1123052,40대,E_의료건강,3,1,False,1463.4782608695652,1413.532608695652,1349.554347826087,2024Q3,expanding_prior_same_quarter_matched_industries,"[""2022Q3"", ""2023Q3"", ""2024Q3""]",True,-11.217655426967587,ready,5,0.476190476190476,21,115457.0,1254.9673913043478,"[""CS200006"", ""CS200007"", ""CS200008"", ""CS300018"", ""CS300019""]",5,-4.67594353385894,5,-7.008754902987302,5
2025Q3,1123052,50대,E_의료건강,3,1,False,1201.1195652173913,1160.06884057971,1130.195652173913,2024Q3,expanding_prior_same_quarter_matched_industries,"[""2022Q3"", ""2023Q3"", ""2024Q3""]",False,-2.474865622042655,ready,5,0.761904761904762,21,104085.0,1131.358695652174,"[""CS200006"", ""CS200007"", ""CS200008"", ""CS300018"", ""CS300019""]",5,2.78302148867664,5,-1.526045904369033,5
2025Q3,1123052,60대이상,E_의료건강,3,1,True,1016.4673913043479,951.4891304347826,882.4891304347826,2024Q3,expanding_prior_same_quarter_matched_industries,"[""2022Q3"", ""2023Q3"", ""2024Q3""]",False,18.732650193632416,ready,5,0.904761904761905,21,103935.0,1129.7282608695652,"[""CS200006"", ""CS200007"", ""CS200008"", ""CS300018"", ""CS300019""]",5,0.927019898813497,5,11.142597444260272,5
2025Q3,1123053,10대,A_외식카페,3,1,False,165.67391304347825,132.82246376811594,99.57608695652173,2024Q3,expanding_prior_same_quarter_matched_industries,"[""2022Q3"", ""2023Q3"", ""2024Q3""]",True,-25.570801167516844,ready,10,0.523809523809524,21,9095.0,98.8586956521739,"[""CS100001"", ""CS100002"", ""CS100003"", ""CS100004"", ""CS100005"", ""CS100006"", ""CS100007"", ""CS100008"", ""CS100009"", ""CS100010""]",10,0.571730624346856,10,-0.720445366226396,10
2025Q3,1123053,20대,A_외식카페,3,1,False,7125.445652173913,5909.833333333333,4791.29347826087,2024Q3,expanding_prior_same_quarter_matched_industries,"[""2022Q3"", ""2023Q3"", ""2024Q3""]",True,-31.64524368008612,ready,10,0.363636363636364,22,371648.0,4039.6521739130435,"[""CS100001"", ""CS100002"", ""CS100003"", ""CS100004"", ""CS100005"", ""CS100006"", ""CS100007"", ""CS100008"", ""CS100009"", ""CS100010""]",10,6.672493812232516,10,-15.687649019167472,10
2025Q3,1123053,30대,A_외식카페,3,1,False,9726.728260869566,9020.652173913044,8459.760869565218,2024Q3,expanding_prior_same_quarter_matched_industries,"[""2022Q3"", ""2023Q3"", ""2024Q3""]",True,-11.058079286661048,ready,10,0.363636363636364,22,738129.0,8023.141304347826,"[""CS100001"", ""CS100002"", ""CS100003"", ""CS100004"", ""CS100005"", ""CS100006"", ""CS100007"", ""CS100008"", ""CS100009"", ""CS100010""]",10,-0.743384255608259,10,-5.161133653176552,10
2025Q3,1123053,40대,A_외식카페,3,1,False,5807.076086956522,5504.380434782608,5112.836956521739,2024Q3,expanding_prior_same_quarter_matched_industries,"[""2022Q3"", ""2023Q3"", ""2024Q3""]",True,-8.160694150706039,ready,10,0.454545454545454,22,465077.0,5055.184782608696,"[""CS100001"", ""CS100002"", ""CS100003"", ""CS100004"", ""CS100005"", ""CS100006"", ""CS100007"", ""CS100008"", ""CS100009"", ""CS100010""]",10,2.446076995129887,10,-1.127596565337452,10
2025Q3,1123053,50대,A_외식카페,3,1,False,3759.4347826086955,3546.0942028985505,3353.108695652174,2024Q3,expanding_prior_same_quarter_matched_industries,"[""2022Q3"", ""2023Q3"", ""2024Q3""]",False,-3.079832679759931,ready,10,0.318181818181818,22,316193.0,3436.8804347826085,"[""CS100001"", ""CS100002"", ""CS100003"", ""CS100004"", ""CS100005"", ""CS100006"", ""CS100007"", ""CS100008"", ""CS100009"", ""CS100010""]",10,4.18813779722349,10,2.498330556329931,10
2025Q3,1123053,60대이상,A_외식카페,3,1,True,2147.782608695652,2116.8804347826085,2081.25,2024Q3,expanding_prior_same_quarter_matched_industries,"[""2022Q3"", ""2023Q3"", ""2024Q3""]",False,5.269751942203715,ready,10,0.181818181818182,22,205016.0,2228.4347826086955,"[""CS100001"", ""CS100002"", ""CS100003"", ""CS100004"", ""CS100005"", ""CS100006"", ""CS100007"", ""CS100008"", ""CS100009"", ""CS100010""]",10,3.712800835374619,10,5.035145603213298,10
2025Q3,1123053,10대,B_여가운동,3,1,False,64.8913043478261,41.68840579710145,13.445652173913043,2024Q3,expanding_prior_same_quarter_matched_industries,"[""2022Q3"", ""2023Q3"", ""2024Q3""]",False,-19.589779245610995,ready,6,0.578947368421053,19,3084.0,33.52173913043478,"[""CS200005"", ""CS200016"", ""CS200017"", ""CS200019"", ""CS200024"", ""CS200037""]",6,4.863467200741334,6,-28.26238660153525,6
2025Q3,1123053,20대,B_여가운동,3,1,False,378.1847826086956,282.53623188405794,161.08695652173913,2024Q3,expanding_prior_same_quarter_matched_industries,"[""2022Q3"", ""2023Q3"", ""2024Q3""]",False,-17.725057707104376,ready,6,0.75,20,21386.0,232.45652173913044,"[""CS200005"", ""CS200016"", ""CS200017"", ""CS200019"", ""CS200024"", ""CS200037""]",6,15.253042814976968,6,-24.609581556033422,6
2025Q3,1123053,30대,B_여가운동,3,1,False,257.7391304347826,237.6775362318841,198.3695652173913,2024Q3,expanding_prior_same_quarter_matched_industries,"[""2022Q3"", ""2023Q3"", ""2024Q3""]",False,-9.24861659476518,ready,6,0.714285714285714,21,19844.0,215.69565217391303,"[""CS200005"", ""CS200016"", ""CS200017"", ""CS200019"", ""CS200024"", ""CS200037""]",6,10.663045316716957,6,-16.046875661039895,6
2025Q3,1123053,40대,B_여가운동,3,1,False,137.42391304347825,114.09782608695652,90.54347826086956,2024Q3,expanding_prior_same_quarter_matched_industries,"[""2022Q3"", ""2023Q3"", ""2024Q3""]",False,-15.652091073640085,ready,6,0.333333333333333,21,8854.0,96.23913043478261,"[""CS200005"", ""CS200016"", ""CS200017"", ""CS200019"", ""CS200024"", ""CS200037""]",6,22.898693089604507,6,-15.820498193572918,6
2025Q3,1123053,50대,B_여가운동,3,1,False,94.23913043478261,80.44202898550725,60.59782608695652,2024Q3,expanding_prior_same_quarter_matched_industries,"[""2022Q3"", ""2023Q3"", ""2024Q3""]",False,7.16602107918205,ready,6,0.761904761904762,21,7931.0,86.20652173913044,"[""CS200005"", ""CS200016"", ""CS200017"", ""CS200019"", ""CS200024"", ""CS200037""]",6,2.198977048734618,6,-0.326756315194166,6
2025Q3,1123053,60대이상,B_여가운동,3,1,False,36.33695652173913,34.36594202898551,32.22826086956522,2024Q3,expanding_prior_same_quarter_matched_industries,"[""2022Q3"", ""2023Q3"", ""2024Q3""]",False,-1.507643647865042,ready,6,0.333333333333333,21,3114.0,33.84782608695652,"[""CS200005"", ""CS200016"", ""CS200017"", ""CS200019"", ""CS200024"", ""CS200037""]",6,7.06125039669947,6,-6.850134609632064,6
2025Q3,1123053,10대,C_대면생활서비스,3,1,False,4.891304347826087,4.014492753623188,3.141304347826087,2024Q3,expanding_prior_same_quarter_matched_industries,"[""2022Q3"", ""2023Q3"", ""2024Q3""]",True,-43.14079422382672,ready,4,0.2,20,210.0,2.282608695652174,"[""CS200028"", ""CS200029"", ""CS200030"", ""CS200031""]",4,-2.935798455912242,4,-53.333333333333336,4
2025Q3,1123053,20대,C_대면생활서비스,3,1,False,113.97826086956522,87.94927536231883,70.59782608695652,2024Q3,expanding_prior_same_quarter_matched_industries,"[""2022Q3"", ""2023Q3"", ""2024Q3""]",True,-24.993820548735258,ready,4,0.454545454545454,22,6069.0,65.96739130434783,"[""CS200028"", ""CS200029"", ""CS200030"", ""CS200031""]",4,18.100189035916834,4,-6.558891454965343,4
2025Q3,1123053,30대,C_대면생활서비스,3,1,False,176.15217391304347,152.65579710144928,137.8913043478261,2024Q3,expanding_prior_same_quarter_matched_industries,"[""2022Q3"", ""2023Q3"", ""2024Q3""]",False,-8.439940189400241,ready,4,0.454545454545454,22,12859.0,139.77173913043478,"[""CS200028"", ""CS200029"", ""CS200030"", ""CS200031""]",4,-7.731387298733672,4,1.363708024594046,4
2025Q3,1123053,40대,C_대면생활서비스,3,1,False,134.68478260869566,124.31159420289855,110.84782608695652,2024Q3,expanding_prior_same_quarter_matched_industries,"[""2022Q3"", ""2023Q3"", ""2024Q3""]",True,-11.031769163509185,ready,4,0.454545454545454,22,10175.0,110.59782608695652,"[""CS200028"", ""CS200029"", ""CS200030"", ""CS200031""]",4,1.190450170048685,4,-0.225534418513429,4
2025Q3,1123053,50대,C_대면생활서비스,3,1,False,105.1413043478261,89.81521739130436,77.6304347826087,2024Q3,expanding_prior_same_quarter_matched_industries,"[""2022Q3"", ""2023Q3"", ""2024Q3""]",False,11.158174996974445,ready,4,0.818181818181818,22,9185.0,99.83695652173913,"[""CS200028"", ""CS200029"", ""CS200030"", ""CS200031""]",4,-5.775118818935276,4,28.605432651918218,4
2025Q3,1123053,60대이상,C_대면생활서비스,3,1,True,56.05434782608695,52.4891304347826,46.5,2024Q3,expanding_prior_same_quarter_matched_industries,"[""2022Q3"", ""2023Q3"", ""2024Q3""]",False,25.823151791261132,ready,4,0.681818181818182,22,6076.0,66.04347826086956,"[""CS200028"", ""CS200029"", ""CS200030"", ""CS200031""]",4,-16.943663325882675,4,20.269200316706247,4
2025Q3,1123053,10대,D_생활필수,3,1,False,177.56521739130434,164.54347826086956,146.47826086956522,2024Q3,expanding_prior_same_quarter_matched_industries,"[""2022Q3"", ""2023Q3"", ""2024Q3""]",True,-27.117188532170687,ready,5,0.380952380952381,21,11033.0,119.92391304347827,"[""CS300001"", ""CS300002"", ""CS300006"", ""CS300007"", ""CS300010""]",5,1.70620770695733,5,-18.128524784802615,5
2025Q3,1123053,20대,D_생활필수,3,1,False,5309.858695652174,4543.782608695652,3794.4239130434785,2024Q3,expanding_prior_same_quarter_matched_industries,"[""2022Q3"", ""2023Q3"", ""2024Q3""]",True,-32.687762542222046,ready,5,0.333333333333333,21,281384.0,3058.521739130435,"[""CS300001"", ""CS300002"", ""CS300006"", ""CS300007"", ""CS300010""]",5,3.621189304826,5,-19.394305717485892,5
2025Q3,1123053,30대,D_생활필수,3,1,False,7275.380434782609,6799.409420289856,6297.663043478261,2024Q3,expanding_prior_same_quarter_matched_industries,"[""2022Q3"", ""2023Q3"", ""2024Q3""]",True,-9.266256606898416,ready,5,0.428571428571429,21,567581.0,6169.358695652174,"[""CS300001"", ""CS300002"", ""CS300006"", ""CS300007"", ""CS300010""]",5,1.001837084275192,5,-2.037332688971927,5
2025Q3,1123053,40대,D_생활필수,3,1,False,4614.815217391304,4448.615942028985,4338.70652173913,2024Q3,expanding_prior_same_quarter_matched_industries,"[""2022Q3"", ""2023Q3"", ""2024Q3""]",False,-2.285192105018818,ready,5,0.476190476190476,21,399920.0,4346.95652173913,"[""CS300001"", ""CS300002"", ""CS300006"", ""CS300007"", ""CS300010""]",5,3.359691540248178,5,0.190148837185999,5
2025Q3,1123053,50대,D_생활필수,3,1,True,2688.5108695652175,2578.018115942029,2499.304347826087,2024Q3,expanding_prior_same_quarter_matched_industries,"[""2022Q3"", ""2023Q3"", ""2024Q3""]",False,11.725106214328784,ready,5,0.714285714285714,21,264987.0,2880.2934782608695,"[""CS300001"", ""CS300002"", ""CS300006"", ""CS300007"", ""CS300010""]",5,10.855015213833097,5,7.133413923175502,5
2025Q3,1123053,60대이상,D_생활필수,3,1,True,1339.1630434782608,1277.141304347826,1192.7826086956522,2024Q3,expanding_prior_same_quarter_matched_industries,"[""2022Q3"", ""2023Q3"", ""2024Q3""]",False,17.41491272117588,ready,5,0.476190476190476,21,137959.0,1499.554347826087,"[""CS300001"", ""CS300002"", ""CS300006"", ""CS300007"", ""CS300010""]",5,9.32148116722258,5,11.976981080006176,5
2025Q3,1123053,10대,E_의료건강,3,1,False,16.793478260869566,16.282608695652176,15.5,2024Q3,expanding_prior_same_quarter_matched_industries,"[""2022Q3"", ""2023Q3"", ""2024Q3""]",True,-10.947930574098807,ready,5,0.476190476190476,21,1334.0,14.5,"[""CS200006"", ""CS200007"", ""CS200008"", ""CS300018"", ""CS300019""]",5,-21.83056872037915,5,-12.409717662508212,5
2025Q3,1123053,20대,E_의료건강,3,1,False,903.2826086956521,832.0326086956521,776.6521739130435,2024Q3,expanding_prior_same_quarter_matched_industries,"[""2022Q3"", ""2023Q3"", ""2024Q3""]",True,-22.246462957398716,ready,5,0.666666666666667,21,59518.0,646.9347826086956,"[""CS200006"", ""CS200007"", ""CS200008"", ""CS300018"", ""CS300019""]",5,0.782458344560033,5,-16.702121704081062,5
2025Q3,1123053,30대,E_의료건강,3,1,False,1479.4565217391305,1457.1666666666667,1428.4782608695652,2024Q3,expanding_prior_same_quarter_matched_industries,"[""2022Q3"", ""2023Q3"", ""2024Q3""]",True,-10.007757759002233,ready,5,0.523809523809524,21,120643.0,1311.3369565217392,"[""CS200006"", ""CS200007"", ""CS200008"", ""CS300018"", ""CS300019""]",5,-3.332121152352641,5,-11.363602968187491,5
2025Q3,1123053,40대,E_의료건강,3,1,False,1160.6195652173913,1118.4710144927537,1075.7065217391305,2024Q3,expanding_prior_same_quarter_matched_industries,"[""2022Q3"", ""2023Q3"", ""2024Q3""]",True,-13.49798184633526,ready,5,0.333333333333333,21,89010.0,967.5,"[""CS200006"", ""CS200007"", ""CS200008"", ""CS300018"", ""CS300019""]",5,-3.821784774035675,5,-13.545592291852838,5
2025Q3,1123053,50대,E_의료건강,3,1,False,852.9239130434783,823.4384057971014,779.0326086956521,2024Q3,expanding_prior_same_quarter_matched_industries,"[""2022Q3"", ""2023Q3"", ""2024Q3""]",True,-6.53058710162846,ready,5,0.238095238095238,21,70809.0,769.6630434782609,"[""CS200006"", ""CS200007"", ""CS200008"", ""CS300018"", ""CS300019""]",5,-5.022392692836275,5,-9.761816768405351,5
2025Q3,1123053,60대이상,E_의료건강,3,1,False,854.695652173913,755.3876811594204,646.3152173913044,2024Q3,expanding_prior_same_quarter_matched_industries,"[""2022Q3"", ""2023Q3"", ""2024Q3""]",False,3.951805148522447,ready,5,0.333333333333333,21,72242.0,785.2391304347826,"[""CS200006"", ""CS200007"", ""CS200008"", ""CS300018"", ""CS300019""]",5,-3.167248191499006,5,-8.126462508902222,5
2025Q3,1123058,10대,A_외식카페,3,1,False,417.9130434782609,337.97463768115944,238.77173913043478,2024Q3,expanding_prior_same_quarter_matched_industries,"[""2022Q3"", ""2023Q3"", ""2024Q3""]",True,-38.469784843644476,ready,10,0.095238095238095,21,19132.0,207.95652173913044,"[""CS100001"", ""CS100002"", ""CS100003"", ""CS100004"", ""CS100005"", ""CS100006"", ""CS100007"", ""CS100008"", ""CS100009"", ""CS100010""]",10,24.15722003845211,10,-12.905722219693171,10
2025Q3,1123058,20대,A_외식카페,3,1,False,8858.184782608696,7322.068840579711,5843.989130434783,2024Q3,expanding_prior_same_quarter_matched_industries,"[""2022Q3"", ""2023Q3"", ""2024Q3""]",True,-31.796568939146162,ready,10,0.318181818181818,22,459439.0,4993.902173913043,"[""CS100001"", ""CS100002"", ""CS100003"", ""CS100004"", ""CS100005"", ""CS100006"", ""CS100007"", ""CS100008"", ""CS100009"", ""CS100010""]",10,4.652015416698196,10,-14.546347324545671,10
2025Q3,1123058,30대,A_외식카페,3,1,False,12204.16304347826,11140.887681159418,10072.66304347826,2024Q3,expanding_prior_same_quarter_matched_industries,"[""2022Q3"", ""2023Q3"", ""2024Q3""]",True,-10.00804908151034,ready,10,0.5,22,922383.0,10025.902173913044,"[""CS100001"", ""CS100002"", ""CS100003"", ""CS100004"", ""CS100005"", ""CS100006"", ""CS100007"", ""CS100008"", ""CS100009"", ""CS100010""]",10,1.188173805414006,10,-0.464235419802828,10
2025Q3,1123058,40대,A_외식카페,3,1,False,7710.119565217391,7340.293478260869,6787.054347826087,2024Q3,expanding_prior_same_quarter_matched_industries,"[""2022Q3"", ""2023Q3"", ""2024Q3""]",False,-6.099596183661649,ready,10,0.545454545454545,22,634116.0,6892.565217391304,"[""CS100001"", ""CS100002"", ""CS100003"", ""CS100004"", ""CS100005"", ""CS100006"", ""CS100007"", ""CS100008"", ""CS100009"", ""CS100010""]",10,4.825684472207481,10,1.55459002032321,10
2025Q3,1123058,50대,A_외식카페,3,1,False,4699.869565217391,4517.934782608696,4331.358695652174,2024Q3,expanding_prior_same_quarter_matched_industries,"[""2022Q3"", ""2023Q3"", ""2024Q3""]",False,-1.961506074822583,ready,10,0.454545454545454,22,407497.0,4429.315217391304,"[""CS100001"", ""CS100002"", ""CS100003"", ""CS100004"", ""CS100005"", ""CS100006"", ""CS100007"", ""CS100008"", ""CS100009"", ""CS100010""]",10,4.779450242696237,10,2.261565680013034,10
2025Q3,1123058,60대이상,A_외식카페,3,1,True,2119.0760869565215,2029.0108695652173,1873.7391304347825,2024Q3,expanding_prior_same_quarter_matched_industries,"[""2022Q3"", ""2023Q3"", ""2024Q3""]",False,21.43366065067045,ready,10,0.681818181818182,22,226679.0,2463.9021739130435,"[""CS100001"", ""CS100002"", ""CS100003"", ""CS100004"", ""CS100005"", ""CS100006"", ""CS100007"", ""CS100008"", ""CS100009"", ""CS100010""]",10,6.410339344536964,10,16.272473134826004,10
2025Q3,1123058,10대,B_여가운동,3,1,False,69.46739130434783,53.90217391304348,30.217391304347824,2024Q3,expanding_prior_same_quarter_matched_industries,"[""2022Q3"", ""2023Q3"", ""2024Q3""]",False,-20.22585198628756,ready,6,0.526315789473684,19,3956.0,43.0,"[""CS200005"", ""CS200016"", ""CS200017"", ""CS200019"", ""CS200024"", ""CS200037""]",6,41.16161616161618,6,42.30215827338131,6
2025Q3,1123058,20대,B_여가운동,3,1,False,304.9347826086956,247.5724637681159,208.02173913043478,2024Q3,expanding_prior_same_quarter_matched_industries,"[""2022Q3"", ""2023Q3"", ""2024Q3""]",True,-22.376701302502553,ready,6,0.7,20,17680.0,192.17391304347825,"[""CS200005"", ""CS200016"", ""CS200017"", ""CS200019"", ""CS200024"", ""CS200037""]",6,14.975845410628018,6,-7.618350924861539,6
2025Q3,1123058,30대,B_여가운동,3,1,False,244.2173913043478,202.60507246376812,159.45652173913044,2024Q3,expanding_prior_same_quarter_matched_industries,"[""2022Q3"", ""2023Q3"", ""2024Q3""]",False,-14.311772385056965,ready,6,0.571428571428571,21,15972.0,173.6086956521739,"[""CS200005"", ""CS200016"", ""CS200017"", ""CS200019"", ""CS200024"", ""CS200037""]",6,-6.341052262581071,6,8.875255623721866,6
2025Q3,1123058,40대,B_여가운동,3,1,False,156.2608695652174,143.64492753623188,129.44565217391303,2024Q3,expanding_prior_same_quarter_matched_industries,"[""2022Q3"", ""2023Q3"", ""2024Q3""]",True,-14.425162689804761,ready,6,0.380952380952381,21,11309.0,122.92391304347827,"[""CS200005"", ""CS200016"", ""CS200017"", ""CS200019"", ""CS200024"", ""CS200037""]",6,-21.30240546674741,6,-5.038206398522115,6
2025Q3,1123058,50대,B_여가운동,3,1,True,135.7391304347826,128.29710144927537,119.3913043478261,2024Q3,expanding_prior_same_quarter_matched_industries,"[""2022Q3"", ""2023Q3"", ""2024Q3""]",False,8.198249082180165,ready,6,0.80952380952381,21,12771.0,138.81521739130434,"[""CS200005"", ""CS200016"", ""CS200017"", ""CS200019"", ""CS200024"", ""CS200037""]",6,17.32316135050336,6,16.269118718135456,6
2025Q3,1123058,60대이상,B_여가운동,3,1,True,89.3913043478261,74.22463768115942,64.6304347826087,2024Q3,expanding_prior_same_quarter_matched_industries,"[""2022Q3"", ""2023Q3"", ""2024Q3""]",False,49.1213511666504,ready,6,0.714285714285714,21,10183.0,110.68478260869566,"[""CS200005"", ""CS200016"", ""CS200017"", ""CS200019"", ""CS200024"", ""CS200037""]",6,18.931576542582395,6,23.820525291828787,6
2025Q3,1123058,10대,C_대면생활서비스,3,1,False,1.434782608695652,0.677536231884058,0.16304347826087,2024Q3,expanding_prior_same_quarter_matched_industries,"[""2022Q3"", ""2023Q3"", ""2024Q3""]",False,20.320855614973254,ready,4,0.7,20,75.0,0.815217391304348,"[""CS200028"", ""CS200029"", ""CS200030"", ""CS200031""]",4,111.95652173913042,4,400.0,4
2025Q3,1123058,20대,C_대면생활서비스,3,1,False,29.17391304347826,22.184782608695652,16.217391304347824,2024Q3,expanding_prior_same_quarter_matched_industries,"[""2022Q3"", ""2023Q3"", ""2024Q3""]",False,-22.733953944145036,ready,4,0.545454545454545,22,1577.0,17.141304347826086,"[""CS200028"", ""CS200029"", ""CS200030"", ""CS200031""]",4,-8.566313267750658,4,5.697050938337811,4
2025Q3,1123058,30대,C_대면생활서비스,3,1,False,62.53260869565217,48.083333333333336,37.98913043478261,2024Q3,expanding_prior_same_quarter_matched_industries,"[""2022Q3"", ""2023Q3"", ""2024Q3""]",True,-23.88667018310602,ready,4,0.272727272727273,22,3367.0,36.59782608695652,"[""CS200028"", ""CS200029"", ""CS200030"", ""CS200031""]",4,-11.378334914501242,4,-3.662374821173098,4
2025Q3,1123058,40대,C_대면생활서비스,3,1,False,69.29347826086956,60.88768115942029,52.72826086956522,2024Q3,expanding_prior_same_quarter_matched_industries,"[""2022Q3"", ""2023Q3"", ""2024Q3""]",True,-22.237429336506985,ready,4,0.227272727272727,22,4356.0,47.34782608695652,"[""CS200028"", ""CS200029"", ""CS200030"", ""CS200031""]",4,5.397558070279929,4,-10.204081632653061,4
2025Q3,1123058,50대,C_대면생활서비스,3,1,False,57.42391304347826,56.4891304347826,55.358695652173914,2024Q3,expanding_prior_same_quarter_matched_industries,"[""2022Q3"", ""2023Q3"", ""2024Q3""]",False,-1.866461420050025,ready,4,0.545454545454545,22,5100.0,55.43478260869565,"[""CS200028"", ""CS200029"", ""CS200030"", ""CS200031""]",4,5.933750890199585,4,0.13744354997054,4
2025Q3,1123058,60대이상,C_대면생활서비스,3,1,True,41.358695652173914,36.23913043478261,32.5,2024Q3,expanding_prior_same_quarter_matched_industries,"[""2022Q3"", ""2023Q3"", ""2024Q3""]",False,35.242951409718046,ready,4,0.772727272727273,22,4509.0,49.01086956521739,"[""CS200028"", ""CS200029"", ""CS200030"", ""CS200031""]",4,7.417849962302081,4,18.501971090670178,4
2025Q3,1123058,10대,D_생활필수,3,1,False,307.30434782608694,266.46376811594206,214.7608695652174,2024Q3,expanding_prior_same_quarter_matched_industries,"[""2022Q3"", ""2023Q3"", ""2024Q3""]",True,-39.75035352985968,ready,4,0.142857142857143,21,14770.0,160.54347826086956,"[""CS300001"", ""CS300002"", ""CS300007"", ""CS300010""]",4,7.763196295191621,4,-25.24547018929042,4
2025Q3,1123058,20대,D_생활필수,3,1,False,8523.902173913044,7317.721014492755,6356.913043478261,2024Q3,expanding_prior_same_quarter_matched_industries,"[""2022Q3"", ""2023Q3"", ""2024Q3""]",True,-37.602336198953225,ready,4,0.095238095238095,21,420080.0,4566.086956521739,"[""CS300001"", ""CS300002"", ""CS300007"", ""CS300010""]",4,-0.573349993185557,4,-28.171316403230996,4
2025Q3,1123058,30대,D_생활필수,3,1,False,10659.130434782608,10563.644927536232,10428.858695652174,2024Q3,expanding_prior_same_quarter_matched_industries,"[""2022Q3"", ""2023Q3"", ""2024Q3""]",True,-5.213979035288519,ready,4,0.666666666666667,21,921183.0,10012.858695652174,"[""CS300001"", ""CS300002"", ""CS300007"", ""CS300010""]",4,-1.837997082154352,4,-3.988931216159175,4
2025Q3,1123058,40대,D_생활필수,3,1,False,6700.565217391304,6203.568840579709,5626.554347826087,2024Q3,expanding_prior_same_quarter_matched_industries,"[""2022Q3"", ""2023Q3"", ""2024Q3""]",True,-20.10051483922589,ready,4,0.095238095238095,21,456009.0,4956.619565217391,"[""CS300001"", ""CS300002"", ""CS300007"", ""CS300010""]",4,-5.894104473624706,4,-11.906661540868901,4
2025Q3,1123058,50대,D_생활필수,3,1,False,3914.163043478261,3852.2789855072465,3740.391304347826,2024Q3,expanding_prior_same_quarter_matched_industries,"[""2022Q3"", ""2023Q3"", ""2024Q3""]",True,-7.008744118153287,ready,4,0.095238095238095,21,329570.0,3582.282608695652,"[""CS300001"", ""CS300002"", ""CS300007"", ""CS300010""]",4,-2.510387104777068,4,-8.200328681652325,4
2025Q3,1123058,60대이상,D_생활필수,3,1,False,1610.6195652173913,1310.304347826087,1127.4891304347825,2024Q3,expanding_prior_same_quarter_matched_industries,"[""2022Q3"", ""2023Q3"", ""2024Q3""]",False,18.058366791651448,ready,4,0.571428571428571,21,142317.0,1546.9239130434783,"[""CS300001"", ""CS300002"", ""CS300007"", ""CS300010""]",4,-7.560216119359008,4,-3.954729816368263,4
2025Q3,1123058,10대,E_의료건강,3,1,False,42.55434782608695,32.94202898550724,20.847826086956523,2024Q3,expanding_prior_same_quarter_matched_industries,"[""2022Q3"", ""2023Q3"", ""2024Q3""]",False,-26.25384953805542,ready,4,0.285714285714286,21,2235.0,24.293478260869566,"[""CS200006"", ""CS200007"", ""CS200008"", ""CS300018""]",4,33.9822134387352,4,16.527632950990622,4
2025Q3,1123058,20대,E_의료건강,3,1,False,1433.6521739130435,1277.054347826087,1164.054347826087,2024Q3,expanding_prior_same_quarter_matched_industries,"[""2022Q3"", ""2023Q3"", ""2024Q3""]",True,-26.65441020010384,ready,4,0.428571428571429,21,86173.0,936.6630434782609,"[""CS200006"", ""CS200007"", ""CS200008"", ""CS300018""]",4,15.201363657464961,4,-19.53442335166631,4
2025Q3,1123058,30대,E_의료건강,3,1,False,2245.782608695652,2144.3369565217395,2075.304347826087,2024Q3,expanding_prior_same_quarter_matched_industries,"[""2022Q3"", ""2023Q3"", ""2024Q3""]",True,-14.152038483568974,ready,4,0.380952380952381,21,169360.0,1840.8695652173913,"[""CS200006"", ""CS200007"", ""CS200008"", ""CS300018""]",4,-2.378698005965807,4,-11.296404927511949,4
2025Q3,1123058,40대,E_의료건강,3,1,False,1673.4565217391305,1642.7789855072463,1589.5108695652175,2024Q3,expanding_prior_same_quarter_matched_industries,"[""2022Q3"", ""2023Q3"", ""2024Q3""]",True,-13.404292390721794,ready,4,0.380952380952381,21,130877.0,1422.5760869565217,"[""CS200006"", ""CS200007"", ""CS200008"", ""CS300018""]",4,-1.572038204221748,4,-14.991750997025166,4
2025Q3,1123058,50대,E_의료건강,3,1,False,1296.391304347826,1267.304347826087,1211.9565217391305,2024Q3,expanding_prior_same_quarter_matched_industries,"[""2022Q3"", ""2023Q3"", ""2024Q3""]",True,-4.733600933168669,ready,4,0.476190476190476,21,111073.0,1207.3152173913043,"[""CS200006"", ""CS200007"", ""CS200008"", ""CS300018""]",4,3.581401173417431,4,-0.38295964125562,4
2025Q3,1123058,60대이상,E_의료건강,3,1,False,1229.1521739130435,1172.768115942029,1098.5217391304348,2024Q3,expanding_prior_same_quarter_matched_industries,"[""2022Q3"", ""2023Q3"", ""2024Q3""]",False,2.157042053360669,ready,4,0.285714285714286,21,110222.0,1198.0652173913043,"[""CS200006"", ""CS200007"", ""CS200008"", ""CS300018""]",4,-3.523764417279895,4,0.624440833318096,4
2025Q3,1123059,10대,A_외식카페,3,1,True,62.70652173913044,61.48550724637681,60.18478260869565,2024Q3,expanding_prior_same_quarter_matched_industries,"[""2022Q3"", ""2023Q3"", ""2024Q3""]",False,3.700648202710655,ready,10,0.857142857142857,21,5866.0,63.76086956521739,"[""CS100001"", ""CS100002"", ""CS100003"", ""CS100004"", ""CS100005"", ""CS100006"", ""CS100007"", ""CS100008"", ""CS100009"", ""CS100010""]",10,12.337640473083876,10,5.941845764854614,10
2025Q3,1123059,20대,A_외식카페,3,1,False,3092.413043478261,2485.5615942028985,1942.641304347826,2024Q3,expanding_prior_same_quarter_matched_industries,"[""2022Q3"", ""2023Q3"", ""2024Q3""]",True,-22.896438124530803,ready,10,0.772727272727273,22,176314.0,1916.4565217391305,"[""CS100001"", ""CS100002"", ""CS100003"", ""CS100004"", ""CS100005"", ""CS100006"", ""CS100007"", ""CS100008"", ""CS100009"", ""CS100010""]",10,10.037632566462573,10,-1.347895905955021,10
2025Q3,1123059,30대,A_외식카페,3,1,False,4560.771739130435,4342.583333333333,4209.304347826087,2024Q3,expanding_prior_same_quarter_matched_industries,"[""2022Q3"", ""2023Q3"", ""2024Q3""]",False,3.640473137191269,ready,10,0.909090909090909,22,414062.0,4500.673913043478,"[""CS100001"", ""CS100002"", ""CS100003"", ""CS100004"", ""CS100005"", ""CS100006"", ""CS100007"", ""CS100008"", ""CS100009"", ""CS100010""]",10,0.012289312608571,10,5.707341730787885,10
2025Q3,1123059,40대,A_외식카페,3,1,False,3271.163043478261,3095.967391304348,2942.521739130435,2024Q3,expanding_prior_same_quarter_matched_industries,"[""2022Q3"", ""2023Q3"", ""2024Q3""]",False,4.383331753438036,ready,10,0.772727272727273,22,297314.0,3231.6739130434785,"[""CS100001"", ""CS100002"", ""CS100003"", ""CS100004"", ""CS100005"", ""CS100006"", ""CS100007"", ""CS100008"", ""CS100009"", ""CS100010""]",10,4.66159143828706,10,9.82667927539229,10
2025Q3,1123059,50대,A_외식카페,3,1,True,2149.967391304348,2127.4384057971015,2089.891304347826,2024Q3,expanding_prior_same_quarter_matched_industries,"[""2022Q3"", ""2023Q3"", ""2024Q3""]",False,17.249601054544407,ready,10,0.954545454545455,22,229486.0,2494.413043478261,"[""CS100001"", ""CS100002"", ""CS100003"", ""CS100004"", ""CS100005"", ""CS100006"", ""CS100007"", ""CS100008"", ""CS100009"", ""CS100010""]",10,4.417717149300682,10,19.356113798304484,10
2025Q3,1123059,60대이상,A_외식카페,3,1,True,1266.641304347826,1215.855072463768,1190.0652173913043,2024Q3,expanding_prior_same_quarter_matched_industries,"[""2022Q3"", ""2023Q3"", ""2024Q3""]",False,18.778458531003416,ready,10,0.590909090909091,22,132864.0,1444.1739130434783,"[""CS100001"", ""CS100002"", ""CS100003"", ""CS100004"", ""CS100005"", ""CS100006"", ""CS100007"", ""CS100008"", ""CS100009"", ""CS100010""]",10,2.914553154283173,10,14.016012906436925,10
2025Q3,1123059,10대,B_여가운동,3,1,False,13.967391304347826,9.630434782608695,1.41304347826087,2024Q3,expanding_prior_same_quarter_matched_industries,"[""2022Q3"", ""2023Q3"", ""2024Q3""]",False,-15.575620767494359,ready,5,0.631578947368421,19,748.0,8.130434782608695,"[""CS200005"", ""CS200016"", ""CS200017"", ""CS200024"", ""CS200037""]",5,12.957185529372705,5,-39.82300884955752,5
2025Q3,1123059,20대,B_여가운동,3,1,True,119.44565217391305,95.35507246376812,52.5,2024Q3,expanding_prior_same_quarter_matched_industries,"[""2022Q3"", ""2023Q3"", ""2024Q3""]",False,36.868303062542736,ready,5,0.9,20,12007.0,130.5108695652174,"[""CS200005"", ""CS200016"", ""CS200017"", ""CS200024"", ""CS200037""]",5,20.39015844333283,5,14.36327269263742,5
2025Q3,1123059,30대,B_여가운동,3,1,True,156.27173913043478,122.30434782608695,86.27173913043478,2024Q3,expanding_prior_same_quarter_matched_industries,"[""2022Q3"", ""2023Q3"", ""2024Q3""]",False,28.87486669036616,ready,5,0.857142857142857,21,14501.0,157.6195652173913,"[""CS200005"", ""CS200016"", ""CS200017"", ""CS200024"", ""CS200037""]",5,2.746278186121853,5,0.862488697224739,5
2025Q3,1123059,40대,B_여가운동,3,1,True,144.55434782608697,112.82608695652175,74.6304347826087,2024Q3,expanding_prior_same_quarter_matched_industries,"[""2022Q3"", ""2023Q3"", ""2024Q3""]",False,29.05587668593448,ready,5,0.761904761904762,21,13396.0,145.6086956521739,"[""CS200005"", ""CS200016"", ""CS200017"", ""CS200024"", ""CS200037""]",5,8.98495891057598,5,0.729378148732973,5
2025Q3,1123059,50대,B_여가운동,3,1,True,160.04347826086956,122.51449275362319,81.95652173913044,2024Q3,expanding_prior_same_quarter_matched_industries,"[""2022Q3"", ""2023Q3"", ""2024Q3""]",False,43.82504288164666,ready,5,0.857142857142857,21,16211.0,176.20652173913044,"[""CS200005"", ""CS200016"", ""CS200017"", ""CS200024"", ""CS200037""]",5,-1.385033959035242,5,10.099157837544158,5
2025Q3,1123059,60대이상,B_여가운동,3,1,True,123.23913043478261,96.73550724637681,68.22826086956522,2024Q3,expanding_prior_same_quarter_matched_industries,"[""2022Q3"", ""2023Q3"", ""2024Q3""]",False,54.376568410801895,ready,5,0.80952380952381,21,13739.0,149.33695652173913,"[""CS200005"", ""CS200016"", ""CS200017"", ""CS200024"", ""CS200037""]",5,-5.212645299028662,5,21.17657435173752,5
2025Q3,1123059,10대,C_대면생활서비스,3,1,False,4.065217391304348,3.097826086956522,2.565217391304348,2024Q3,expanding_prior_same_quarter_matched_industries,"[""2022Q3"", ""2023Q3"", ""2024Q3""]",False,-3.859649122807018,ready,4,0.5,20,274.0,2.978260869565217,"[""CS200028"", ""CS200029"", ""CS200030"", ""CS200031""]",4,6.701472098596373,4,11.836734693877538,4
2025Q3,1123059,20대,C_대면생활서비스,3,1,False,73.47826086956522,58.28985507246377,50.608695652173914,2024Q3,expanding_prior_same_quarter_matched_industries,"[""2022Q3"", ""2023Q3"", ""2024Q3""]",True,-38.07185479860766,ready,4,0.227272727272727,22,3321.0,36.09782608695652,"[""CS200028"", ""CS200029"", ""CS200030"", ""CS200031""]",4,-2.46727512134669,4,-28.91695205479452,4
2025Q3,1123059,30대,C_대면생활서비스,3,1,False,154.20652173913044,118.35144927536231,95.55434782608695,2024Q3,expanding_prior_same_quarter_matched_industries,"[""2022Q3"", ""2023Q3"", ""2024Q3""]",True,-40.05510485228838,ready,4,0.090909090909091,22,6527.0,70.94565217391305,"[""CS200028"", ""CS200029"", ""CS200030"", ""CS200031""]",4,-13.608265116739105,4,-25.753611648276642,4
2025Q3,1123059,40대,C_대면생활서비스,3,1,False,193.6413043478261,171.71376811594203,137.15217391304347,2024Q3,expanding_prior_same_quarter_matched_industries,"[""2022Q3"", ""2023Q3"", ""2024Q3""]",True,-26.50180406389129,ready,4,0.181818181818182,22,11611.0,126.20652173913044,"[""CS200028"", ""CS200029"", ""CS200030"", ""CS200031""]",4,0.876534723415623,4,-7.980662545569817,4
2025Q3,1123059,50대,C_대면생활서비스,3,1,False,152.02173913043478,147.83333333333334,142.94565217391303,2024Q3,expanding_prior_same_quarter_matched_industries,"[""2022Q3"", ""2023Q3"", ""2024Q3""]",True,-10.313219940199014,ready,4,0.227272727272727,22,12198.0,132.58695652173913,"[""CS200028"", ""CS200029"", ""CS200030"", ""CS200031""]",4,-2.627608397399228,4,-10.735455543358952,4
2025Q3,1123059,60대이상,C_대면생활서비스,3,1,False,93.55434782608695,87.95289855072463,81.6195652173913,2024Q3,expanding_prior_same_quarter_matched_industries,"[""2022Q3"", ""2023Q3"", ""2024Q3""]",True,-17.27291452111225,ready,4,0.045454545454545,22,6694.0,72.76086956521739,"[""CS200028"", ""CS200029"", ""CS200030"", ""CS200031""]",4,-17.62578837478499,4,-17.955631817624717,4
2025Q3,1123059,10대,D_생활필수,3,1,False,275.30434782608694,249.86231884057972,231.1304347826087,2024Q3,expanding_prior_same_quarter_matched_industries,"[""2022Q3"", ""2023Q3"", ""2024Q3""]",True,-12.834604564832809,ready,4,0.714285714285714,21,20037.0,217.79347826086956,"[""CS300001"", ""CS300002"", ""CS300007"", ""CS300010""]",4,3.096163762687953,4,-5.770316027088029,4
2025Q3,1123059,20대,D_생활필수,3,1,False,4068.717391304348,3363.3659420289855,2752.413043478261,2024Q3,expanding_prior_same_quarter_matched_industries,"[""2022Q3"", ""2023Q3"", ""2024Q3""]",True,-23.775893067783848,ready,4,0.666666666666667,21,235860.0,2563.695652173913,"[""CS300001"", ""CS300002"", ""CS300007"", ""CS300010""]",4,12.48616410213408,4,-6.856434275062995,4
2025Q3,1123059,30대,D_생활필수,3,1,False,5534.673913043478,5394.123188405797,5227.630434782609,2024Q3,expanding_prior_same_quarter_matched_industries,"[""2022Q3"", ""2023Q3"", ""2024Q3""]",True,-4.309104513903339,ready,4,0.761904761904762,21,474875.0,5161.684782608696,"[""CS300001"", ""CS300002"", ""CS300007"", ""CS300010""]",4,5.180341040978509,4,-1.261482673586423,4
2025Q3,1123059,40대,D_생활필수,3,1,False,4157.271739130435,4042.7463768115945,3945.554347826087,2024Q3,expanding_prior_same_quarter_matched_industries,"[""2022Q3"", ""2023Q3"", ""2024Q3""]",False,-1.66634104022414,ready,4,0.571428571428571,21,365735.0,3975.3804347826085,"[""CS300001"", ""CS300002"", ""CS300007"", ""CS300010""]",4,5.088446116614542,4,0.755941607367672,4
2025Q3,1123059,50대,D_생활필수,3,1,True,2899.913043478261,2759.4855072463765,2589.2065217391305,2024Q3,expanding_prior_same_quarter_matched_industries,"[""2022Q3"", ""2023Q3"", ""2024Q3""]",False,16.042031569632044,ready,4,0.857142857142857,21,294599.0,3202.163043478261,"[""CS300001"", ""CS300002"", ""CS300007"", ""CS300010""]",4,11.377029846051023,4,10.422726318630238,4
2025Q3,1123059,60대이상,D_생활필수,3,1,True,1677.1847826086957,1487.909420289855,1389.25,2024Q3,expanding_prior_same_quarter_matched_industries,"[""2022Q3"", ""2023Q3"", ""2024Q3""]",False,37.98467356445552,ready,4,0.761904761904762,21,188884.0,2053.086956521739,"[""CS300001"", ""CS300002"", ""CS300007"", ""CS300010""]",4,18.19280525040852,4,22.412686891206146,4
2025Q3,1123059,10대,E_의료건강,3,1,False,17.380434782608695,15.304347826086955,13.967391304347826,2024Q3,expanding_prior_same_quarter_matched_industries,"[""2022Q3"", ""2023Q3"", ""2024Q3""]",True,-10.795454545454541,ready,5,0.523809523809524,21,1256.0,13.652173913043478,"[""CS200006"", ""CS200007"", ""CS200008"", ""CS300018"", ""CS300019""]",5,43.29271350483928,5,-2.256809338521404,5
2025Q3,1123059,20대,E_의료건강,3,1,False,714.554347826087,605.8260869565217,480.8695652173913,2024Q3,expanding_prior_same_quarter_matched_industries,"[""2022Q3"", ""2023Q3"", ""2024Q3""]",True,-24.398952203243862,ready,5,0.523809523809524,21,42137.0,458.0108695652174,"[""CS200006"", ""CS200007"", ""CS200008"", ""CS300018"", ""CS300019""]",5,4.62381487168908,5,-4.753616636528035,5
2025Q3,1123059,30대,E_의료건강,3,1,False,1008.2391304347826,976.1304347826086,927.3369565217391,2024Q3,expanding_prior_same_quarter_matched_industries,"[""2022Q3"", ""2023Q3"", ""2024Q3""]",True,-7.115495968999152,ready,5,0.714285714285714,21,83414.0,906.6739130434783,"[""CS200006"", ""CS200007"", ""CS200008"", ""CS300018"", ""CS300019""]",5,1.159027594905115,5,-2.228213092656628,5
2025Q3,1123059,40대,E_의료건강,3,1,False,833.4130434782609,791.7246376811594,756.8586956521739,2024Q3,expanding_prior_same_quarter_matched_industries,"[""2022Q3"", ""2023Q3"", ""2024Q3""]",True,-4.906276885903082,ready,5,0.761904761904762,21,69265.0,752.8804347826087,"[""CS200006"", ""CS200007"", ""CS200008"", ""CS300018"", ""CS300019""]",5,2.230955675750024,5,-4.079710847377815,5
2025Q3,1123059,50대,E_의료건강,3,1,False,578.054347826087,565.3586956521739,541.5326086956521,2024Q3,expanding_prior_same_quarter_matched_industries,"[""2022Q3"", ""2023Q3"", ""2024Q3""]",True,-5.563993616980356,ready,5,0.428571428571429,21,49119.0,533.9021739130435,"[""CS200006"", ""CS200007"", ""CS200008"", ""CS300018"", ""CS300019""]",5,2.243519068345212,5,-1.409044378876367,5
2025Q3,1123059,60대이상,E_의료건강,3,1,True,461.10869565217394,450.09420289855075,444.4891304347826,2024Q3,expanding_prior_same_quarter_matched_industries,"[""2022Q3"", ""2023Q3"", ""2024Q3""]",False,12.95220002253956,ready,5,0.761904761904762,21,46772.0,508.39130434782606,"[""CS200006"", ""CS200007"", ""CS200008"", ""CS300018"", ""CS300019""]",5,0.450774482482563,5,10.254113431709943,5
2025Q3,1123060,10대,A_외식카페,3,1,False,1175.3152173913043,1003.0724637681159,859.7065217391304,2024Q3,expanding_prior_same_quarter_matched_industries,"[""2022Q3"", ""2023Q3"", ""2024Q3""]",True,-29.93592151650002,ready,10,0.285714285714286,21,64657.0,702.7934782608696,"[""CS100001"", ""CS100002"", ""CS100003"", ""CS100004"", ""CS100005"", ""CS100006"", ""CS100007"", ""CS100008"", ""CS100009"", ""CS100010""]",10,13.736806903324084,10,-18.251931270782485,10
2025Q3,1123060,20대,A_외식카페,3,1,False,1468.1195652173913,1233.5797101449275,1097.9130434782608,2024Q3,expanding_prior_same_quarter_matched_industries,"[""2022Q3"", ""2023Q3"", ""2024Q3""]",True,-31.11775555999389,ready,10,0.409090909090909,22,78174.0,849.7173913043479,"[""CS100001"", ""CS100002"", ""CS100003"", ""CS100004"", ""CS100005"", ""CS100006"", ""CS100007"", ""CS100008"", ""CS100009"", ""CS100010""]",10,17.82029683325308,10,-25.115668675102732,10
2025Q3,1123060,30대,A_외식카페,3,1,False,1426.804347826087,1315.3478260869565,1258.0760869565217,2024Q3,expanding_prior_same_quarter_matched_industries,"[""2022Q3"", ""2023Q3"", ""2024Q3""]",True,-22.426701484150335,ready,10,0.090909090909091,22,93873.0,1020.3586956521739,"[""CS100001"", ""CS100002"", ""CS100003"", ""CS100004"", ""CS100005"", ""CS100006"", ""CS100007"", ""CS100008"", ""CS100009"", ""CS100010""]",10,1.174220979948593,10,-19.093831608160162,10
2025Q3,1123060,40대,A_외식카페,3,1,False,4148.489130434783,4038.7934782608695,3973.25,2024Q3,expanding_prior_same_quarter_matched_industries,"[""2022Q3"", ""2023Q3"", ""2024Q3""]",True,-15.748353603233856,ready,10,0.045454545454545,22,313053.0,3402.75,"[""CS100001"", ""CS100002"", ""CS100003"", ""CS100004"", ""CS100005"", ""CS100006"", ""CS100007"", ""CS100008"", ""CS100009"", ""CS100010""]",10,7.337062020770646,10,-17.976162091489577,10
2025Q3,1123060,50대,A_외식카페,3,1,False,3671.1521739130435,3526.9528985507245,3435.978260869565,2024Q3,expanding_prior_same_quarter_matched_industries,"[""2022Q3"", ""2023Q3"", ""2024Q3""]",True,-12.211756463425028,ready,10,0.136363636363636,22,284855.0,3096.25,"[""CS100001"", ""CS100002"", ""CS100003"", ""CS100004"", ""CS100005"", ""CS100006"", ""CS100007"", ""CS100008"", ""CS100009"", ""CS100010""]",10,10.18984916094061,10,-15.659993012500518,10
2025Q3,1123060,60대이상,A_외식카페,3,1,False,1270.6195652173913,1204.4963768115942,1140.804347826087,2024Q3,expanding_prior_same_quarter_matched_industries,"[""2022Q3"", ""2023Q3"", ""2024Q3""]",False,-3.047157239931308,ready,10,0.045454545454545,22,107437.0,1167.7934782608695,"[""CS100001"", ""CS100002"", ""CS100003"", ""CS100004"", ""CS100005"", ""CS100006"", ""CS100007"", ""CS100008"", ""CS100009"", ""CS100010""]",10,-5.472944333191787,10,-8.092594335183968,10
2025Q3,1123060,10대,B_여가운동,3,1,False,1184.3478260869565,1047.8840579710145,859.5108695652174,2024Q3,expanding_prior_same_quarter_matched_industries,"[""2022Q3"", ""2023Q3"", ""2024Q3""]",True,-51.00997178579332,ready,5,0.263157894736842,19,47229.0,513.3586956521739,"[""CS200005"", ""CS200016"", ""CS200017"", ""CS200019"", ""CS200024""]",5,30.999246527993662,5,-40.27315839392982,5
2025Q3,1123060,20대,B_여가운동,3,1,False,1662.7391304347825,1294.3369565217392,997.2173913043479,2024Q3,expanding_prior_same_quarter_matched_industries,"[""2022Q3"", ""2023Q3"", ""2024Q3""]",True,-58.73075857204042,ready,5,0.2,20,49143.0,534.1630434782609,"[""CS200005"", ""CS200016"", ""CS200017"", ""CS200019"", ""CS200024""]",5,12.045817385892498,5,-46.434644227415426,5
2025Q3,1123060,30대,B_여가운동,3,1,False,412.9347826086956,320.9710144927536,219.1195652173913,2024Q3,expanding_prior_same_quarter_matched_industries,"[""2022Q3"", ""2023Q3"", ""2024Q3""]",True,-54.34031697295345,ready,5,0.095238095238095,21,13483.0,146.55434782608697,"[""CS200005"", ""CS200016"", ""CS200017"", ""CS200019"", ""CS200024""]",5,-3.331069497144712,5,-33.11672205962597,5
2025Q3,1123060,40대,B_여가운동,3,1,False,685.75,542.5072463768116,453.85869565217394,2024Q3,expanding_prior_same_quarter_matched_industries,"[""2022Q3"", ""2023Q3"", ""2024Q3""]",False,-14.387038174872446,ready,5,0.428571428571429,21,42730.0,464.45652173913044,"[""CS200005"", ""CS200016"", ""CS200017"", ""CS200019"", ""CS200024""]",5,58.167590293619,5,2.335049694647351,5
2025Q3,1123060,50대,B_여가운동,3,1,False,668.6521739130435,617.9384057971015,549.0108695652174,2024Q3,expanding_prior_same_quarter_matched_industries,"[""2022Q3"", ""2023Q3"", ""2024Q3""]",True,-29.831545989176266,ready,5,0.047619047619048,21,39891.0,433.5978260869565,"[""CS200005"", ""CS200016"", ""CS200017"", ""CS200019"", ""CS200024""]",5,28.555052207060385,5,-21.021996079906557,5
2025Q3,1123060,60대이상,B_여가운동,3,1,False,128.59782608695653,116.0217391304348,100.84782608695652,2024Q3,expanding_prior_same_quarter_matched_industries,"[""2022Q3"", ""2023Q3"", ""2024Q3""]",True,-55.91156080194867,ready,5,0.095238095238095,21,4706.0,51.15217391304348,"[""CS200005"", ""CS200016"", ""CS200017"", ""CS200019"", ""CS200024""]",5,-27.71975425330814,5,-56.877119032346734,5
2025Q3,1123060,10대,C_대면생활서비스,3,1,True,3.91304347826087,2.858695652173913,2.097826086956522,2024Q3,expanding_prior_same_quarter_matched_industries,"[""2022Q3"", ""2023Q3"", ""2024Q3""]",False,37.64258555133082,ready,4,0.8,20,362.0,3.934782608695652,"[""CS200028"", ""CS200029"", ""CS200030"", ""CS200031""]",4,5.936454849498318,4,0.555555555555554,4
2025Q3,1123060,20대,C_대면생활서비스,3,1,True,12.33695652173913,11.641304347826088,10.521739130434783,2024Q3,expanding_prior_same_quarter_matched_industries,"[""2022Q3"", ""2023Q3"", ""2024Q3""]",False,15.126050420168058,ready,4,0.909090909090909,22,1233.0,13.402173913043478,"[""CS200028"", ""CS200029"", ""CS200030"", ""CS200031""]",4,23.56614246068456,4,27.376033057851235,4
2025Q3,1123060,30대,C_대면생활서비스,3,1,True,22.130434782608695,18.66304347826087,16.217391304347824,2024Q3,expanding_prior_same_quarter_matched_industries,"[""2022Q3"", ""2023Q3"", ""2024Q3""]",False,18.986604542807207,ready,4,0.954545454545455,22,2043.0,22.206521739130434,"[""CS200028"", ""CS200029"", ""CS200030"", ""CS200031""]",4,1.394554855036101,4,25.878003696857665,4
2025Q3,1123060,40대,C_대면생활서비스,3,1,True,61.02173913043478,57.416666666666664,54.65217391304348,2024Q3,expanding_prior_same_quarter_matched_industries,"[""2022Q3"", ""2023Q3"", ""2024Q3""]",False,33.198712690099086,ready,4,1.0,22,7036.0,76.47826086956522,"[""CS200028"", ""CS200029"", ""CS200030"", ""CS200031""]",4,-1.881830831376929,4,25.329533309583184,4
2025Q3,1123060,50대,C_대면생활서비스,3,1,True,56.59782608695652,54.93478260869565,53.30434782608695,2024Q3,expanding_prior_same_quarter_matched_industries,"[""2022Q3"", ""2023Q3"", ""2024Q3""]",False,23.308270676691745,ready,4,0.863636363636364,22,6232.0,67.73913043478261,"[""CS200028"", ""CS200029"", ""CS200030"", ""CS200031""]",4,-6.701061456557933,4,23.381508612156022,4
2025Q3,1123060,60대이상,C_대면생활서비스,3,1,True,30.217391304347824,26.08695652173913,22.869565217391305,2024Q3,expanding_prior_same_quarter_matched_industries,"[""2022Q3"", ""2023Q3"", ""2024Q3""]",False,43.166666666666686,ready,4,0.954545454545455,22,3436.0,37.34782608695652,"[""CS200028"", ""CS200029"", ""CS200030"", ""CS200031""]",4,-8.243731805803357,4,23.59712230215829,4
2025Q3,1123060,10대,D_생활필수,3,1,False,1192.391304347826,1056.2028985507247,922.3586956521739,2024Q3,expanding_prior_same_quarter_matched_industries,"[""2022Q3"", ""2023Q3"", ""2024Q3""]",False,7.488199456626132,ready,5,0.904761904761905,21,104447.0,1135.2934782608695,"[""CS300001"", ""CS300002"", ""CS300007"", ""CS300009"", ""CS300010""]",5,18.926794660687385,5,-4.788514129443932,5
2025Q3,1123060,20대,D_생활필수,3,1,False,891.554347826087,864.7644927536231,820.2065217391304,2024Q3,expanding_prior_same_quarter_matched_industries,"[""2022Q3"", ""2023Q3"", ""2024Q3""]",False,-0.943123494291398,ready,5,0.904761904761905,21,78808.0,856.6086956521739,"[""CS300001"", ""CS300002"", ""CS300007"", ""CS300009"", ""CS300010""]",5,18.768594006593965,5,-2.937445346273693,5
2025Q3,1123060,30대,D_생활필수,3,1,True,770.4130434782609,741.0326086956521,724.2282608695652,2024Q3,expanding_prior_same_quarter_matched_industries,"[""2022Q3"", ""2023Q3"", ""2024Q3""]",False,10.292629262926312,ready,5,0.952380952380952,21,75192.0,817.304347826087,"[""CS300001"", ""CS300002"", ""CS300007"", ""CS300009"", ""CS300010""]",5,5.866931877889803,5,6.086514856514014,5
2025Q3,1123060,40대,D_생활필수,3,1,True,3030.804347826087,2630.054347826087,2243.358695652174,2024Q3,expanding_prior_same_quarter_matched_industries,"[""2022Q3"", ""2023Q3"", ""2024Q3""]",False,17.25456161015022,ready,5,0.952380952380952,21,283715.0,3083.858695652174,"[""CS300001"", ""CS300002"", ""CS300007"", ""CS300009"", ""CS300010""]",5,8.898808805757042,5,1.750503884031351,5
2025Q3,1123060,50대,D_생활필수,3,1,True,2588.6521739130435,2245.4891304347825,1932.6739130434783,2024Q3,expanding_prior_same_quarter_matched_industries,"[""2022Q3"", ""2023Q3"", ""2024Q3""]",False,18.743374397947598,ready,5,0.904761904761905,21,245306.0,2666.3695652173915,"[""CS300001"", ""CS300002"", ""CS300007"", ""CS300009"", ""CS300010""]",5,14.311922790707033,5,3.002233829926615,5
2025Q3,1123060,60대이상,D_생활필수,3,1,True,687.304347826087,627.0072463768116,575.8804347826087,2024Q3,expanding_prior_same_quarter_matched_industries,"[""2022Q3"", ""2023Q3"", ""2024Q3""]",False,13.004033423093375,ready,5,0.285714285714286,21,65186.0,708.5434782608696,"[""CS300001"", ""CS300002"", ""CS300007"", ""CS300009"", ""CS300010""]",5,4.897679277887534,5,3.090207489878538,5
2025Q3,1123060,10대,E_의료건강,3,1,False,113.84782608695652,104.62318840579711,94.80434782608695,2024Q3,expanding_prior_same_quarter_matched_industries,"[""2022Q3"", ""2023Q3"", ""2024Q3""]",True,-18.693724892644415,ready,5,0.333333333333333,21,7826.0,85.06521739130434,"[""CS200006"", ""CS200007"", ""CS200008"", ""CS300018"", ""CS300019""]",5,14.105760356849872,5,-10.27287319422151,5
2025Q3,1123060,20대,E_의료건강,3,1,False,460.9130434782609,424.46014492753625,352.64130434782606,2024Q3,expanding_prior_same_quarter_matched_industries,"[""2022Q3"", ""2023Q3"", ""2024Q3""]",True,-17.977652772917008,ready,5,0.857142857142857,21,32030.0,348.1521739130435,"[""CS200006"", ""CS200007"", ""CS200008"", ""CS300018"", ""CS300019""]",5,15.71164290024456,5,-1.273001880220681,5
2025Q3,1123060,30대,E_의료건강,3,1,False,825.0,804.8876811594204,793.9891304347826,2024Q3,expanding_prior_same_quarter_matched_industries,"[""2022Q3"", ""2023Q3"", ""2024Q3""]",True,-9.852396364602145,ready,5,0.571428571428571,21,66754.0,725.5869565217391,"[""CS200006"", ""CS200007"", ""CS200008"", ""CS300018"", ""CS300019""]",5,0.231363536763407,5,-8.615001300532532,5
2025Q3,1123060,40대,E_의료건강,3,1,False,2376.032608695652,2162.4746376811595,1942.554347826087,2024Q3,expanding_prior_same_quarter_matched_industries,"[""2022Q3"", ""2023Q3"", ""2024Q3""]",False,-5.854638489519026,ready,5,0.714285714285714,21,187300.0,2035.8695652173913,"[""CS200006"", ""CS200007"", ""CS200008"", ""CS300018"", ""CS300019""]",5,0.793298605476766,5,-6.130815454085282,5
2025Q3,1123060,50대,E_의료건강,3,1,False,1999.7391304347825,1903.5579710144928,1758.7282608695652,2024Q3,expanding_prior_same_quarter_matched_industries,"[""2022Q3"", ""2023Q3"", ""2024Q3""]",False,-3.485083234674968,ready,5,0.619047619047619,21,169024.0,1837.2173913043478,"[""CS200006"", ""CS200007"", ""CS200008"", ""CS300018"", ""CS300019""]",5,1.786136392452886,5,-5.890213415143409,5
2025Q3,1123060,60대이상,E_의료건강,3,1,True,1988.6521739130435,1891.7210144927537,1746.6630434782608,2024Q3,expanding_prior_same_quarter_matched_industries,"[""2022Q3"", ""2023Q3"", ""2024Q3""]",False,10.434865882037482,ready,5,0.619047619047619,21,192199.0,2089.1195652173915,"[""CS200006"", ""CS200007"", ""CS200008"", ""CS300018"", ""CS300019""]",5,0.77706178557635,5,5.0520343689193,5
2025Q3,1123063,10대,A_외식카페,3,1,False,2065.0434782608695,1862.0108695652173,1722.9782608695652,2024Q3,expanding_prior_same_quarter_matched_industries,"[""2022Q3"", ""2023Q3"", ""2024Q3""]",True,-14.534893902688184,ready,10,0.666666666666667,21,146406.0,1591.3695652173913,"[""CS100001"", ""CS100002"", ""CS100003"", ""CS100004"", ""CS100005"", ""CS100006"", ""CS100007"", ""CS100008"", ""CS100009"", ""CS100010""]",10,27.11958430019539,10,-7.63844203035694,10
2025Q3,1123063,20대,A_외식카페,3,1,False,5407.79347826087,4735.18115942029,3999.2391304347825,2024Q3,expanding_prior_same_quarter_matched_industries,"[""2022Q3"", ""2023Q3"", ""2024Q3""]",True,-17.94928495458754,ready,10,0.863636363636364,22,357443.0,3885.25,"[""CS100001"", ""CS100002"", ""CS100003"", ""CS100004"", ""CS100005"", ""CS100006"", ""CS100007"", ""CS100008"", ""CS100009"", ""CS100010""]",10,8.597872627977111,10,-2.850270431875623,10
2025Q3,1123063,30대,A_외식카페,3,1,False,6677.445652173913,6497.869565217392,6228.684782608696,2024Q3,expanding_prior_same_quarter_matched_industries,"[""2022Q3"", ""2023Q3"", ""2024Q3""]",False,-0.771992157964829,ready,10,0.772727272727273,22,593189.0,6447.70652173913,"[""CS100001"", ""CS100002"", ""CS100003"", ""CS100004"", ""CS100005"", ""CS100006"", ""CS100007"", ""CS100008"", ""CS100009"", ""CS100010""]",10,4.147740839701664,10,3.51634007458479,10
2025Q3,1123063,40대,A_외식카페,3,1,False,9826.304347826086,9223.894927536232,8779.684782608696,2024Q3,expanding_prior_same_quarter_matched_industries,"[""2022Q3"", ""2023Q3"", ""2024Q3""]",False,-3.469525236713866,ready,10,0.590909090909091,22,819156.0,8903.869565217392,"[""CS100001"", ""CS100002"", ""CS100003"", ""CS100004"", ""CS100005"", ""CS100006"", ""CS100007"", ""CS100008"", ""CS100009"", ""CS100010""]",10,13.398103682861585,10,1.414456050343493,10
2025Q3,1123063,50대,A_외식카페,3,1,True,7826.978260869565,7402.510869565217,6772.826086956522,2024Q3,expanding_prior_same_quarter_matched_industries,"[""2022Q3"", ""2023Q3"", ""2024Q3""]",False,9.312204583932315,ready,10,0.727272727272727,22,744450.0,8091.847826086957,"[""CS100001"", ""CS100002"", ""CS100003"", ""CS100004"", ""CS100005"", ""CS100006"", ""CS100007"", ""CS100008"", ""CS100009"", ""CS100010""]",10,16.24658055141537,10,6.363523362256074,10
2025Q3,1123063,60대이상,A_외식카페,3,1,True,2304.1521739130435,2105.5760869565215,1897.3695652173913,2024Q3,expanding_prior_same_quarter_matched_industries,"[""2022Q3"", ""2023Q3"", ""2024Q3""]",False,22.816744358922758,ready,10,0.772727272727273,22,237912.0,2586.0,"[""CS100001"", ""CS100002"", ""CS100003"", ""CS100004"", ""CS100005"", ""CS100006"", ""CS100007"", ""CS100008"", ""CS100009"", ""CS100010""]",10,4.724311334609044,10,12.232170655999086,10
2025Q3,1123063,10대,B_여가운동,3,1,False,626.9782608695652,610.8876811594204,600.0326086956521,2024Q3,expanding_prior_same_quarter_matched_industries,"[""2022Q3"", ""2023Q3"", ""2024Q3""]",True,-50.00682067554343,ready,6,0.31578947368421,19,28097.0,305.4021739130435,"[""CS200005"", ""CS200016"", ""CS200017"", ""CS200019"", ""CS200024"", ""CS200037""]",6,27.431784245435175,6,-49.102403854862956,6
2025Q3,1123063,20대,B_여가운동,3,1,False,810.7934782608696,784.804347826087,757.304347826087,2024Q3,expanding_prior_same_quarter_matched_industries,"[""2022Q3"", ""2023Q3"", ""2024Q3""]",True,-40.196947452979146,ready,6,0.5,20,43179.0,469.3369565217391,"[""CS200005"", ""CS200016"", ""CS200017"", ""CS200019"", ""CS200024"", ""CS200037""]",6,6.235014908037351,6,-38.02531863589391,6
2025Q3,1123063,30대,B_여가운동,3,1,False,382.8478260869565,370.80797101449275,358.54347826086956,2024Q3,expanding_prior_same_quarter_matched_industries,"[""2022Q3"", ""2023Q3"", ""2024Q3""]",True,-11.07843233049648,ready,6,0.619047619047619,21,30335.0,329.7282608695652,"[""CS200005"", ""CS200016"", ""CS200017"", ""CS200019"", ""CS200024"", ""CS200037""]",6,-4.962397886955428,6,-8.036742860607538,6
2025Q3,1123063,40대,B_여가운동,3,1,False,314.8804347826087,284.8659420289855,263.9347826086956,2024Q3,expanding_prior_same_quarter_matched_industries,"[""2022Q3"", ""2023Q3"", ""2024Q3""]",True,-20.271421848568483,ready,6,0.285714285714286,21,20895.0,227.1195652173913,"[""CS200005"", ""CS200016"", ""CS200017"", ""CS200019"", ""CS200024"", ""CS200037""]",6,5.041067466876448,6,-27.87117263281438,6
2025Q3,1123063,50대,B_여가운동,3,1,False,314.1630434782609,266.25724637681157,211.27173913043478,2024Q3,expanding_prior_same_quarter_matched_industries,"[""2022Q3"", ""2023Q3"", ""2024Q3""]",False,5.541116115775591,ready,6,0.714285714285714,21,25853.0,281.0108695652174,"[""CS200005"", ""CS200016"", ""CS200017"", ""CS200019"", ""CS200024"", ""CS200037""]",6,29.066719479305412,6,2.807491947349572,6
2025Q3,1123063,60대이상,B_여가운동,3,1,True,40.79347826086956,38.688405797101446,36.58695652173913,2024Q3,expanding_prior_same_quarter_matched_industries,"[""2022Q3"", ""2023Q3"", ""2024Q3""]",False,88.40606855216335,ready,6,0.857142857142857,21,6706.0,72.8913043478261,"[""CS200005"", ""CS200016"", ""CS200017"", ""CS200019"", ""CS200024"", ""CS200037""]",6,6.744587957067494,6,78.68371969091396,6
2025Q3,1123063,10대,C_대면생활서비스,3,1,False,14.619565217391305,12.054347826086959,10.58695652173913,2024Q3,expanding_prior_same_quarter_matched_industries,"[""2022Q3"", ""2023Q3"", ""2024Q3""]",True,-40.21641118124438,ready,4,0.25,20,663.0,7.206521739130435,"[""CS200028"", ""CS200029"", ""CS200030"", ""CS200031""]",4,-10.65483947399597,4,-31.930184804928142,4
2025Q3,1123063,20대,C_대면생활서비스,3,1,False,111.16304347826087,89.93478260869564,70.28260869565217,2024Q3,expanding_prior_same_quarter_matched_industries,"[""2022Q3"", ""2023Q3"", ""2024Q3""]",False,-12.206913222141635,ready,4,0.636363636363636,22,7264.0,78.95652173913044,"[""CS200028"", ""CS200029"", ""CS200030"", ""CS200031""]",4,37.69726865199059,4,12.341478502938452,4
2025Q3,1123063,30대,C_대면생활서비스,3,1,False,135.47826086956522,119.39130434782608,104.8695652173913,2024Q3,expanding_prior_same_quarter_matched_industries,"[""2022Q3"", ""2023Q3"", ""2024Q3""]",False,-0.73743627093954,ready,4,0.772727272727273,22,10903.0,118.51086956521739,"[""CS200028"", ""CS200029"", ""CS200030"", ""CS200031""]",4,18.44578946111788,4,13.007877280265356,4
2025Q3,1123063,40대,C_대면생활서비스,3,1,False,207.44565217391303,186.68840579710147,161.16304347826087,2024Q3,expanding_prior_same_quarter_matched_industries,"[""2022Q3"", ""2023Q3"", ""2024Q3""]",False,-10.767379575360025,ready,4,0.5,22,15326.0,166.58695652173913,"[""CS200028"", ""CS200029"", ""CS200030"", ""CS200031""]",4,5.33953890263541,4,3.365481891144517,4
2025Q3,1123063,50대,C_대면생활서비스,3,1,False,192.72826086956522,177.98550724637684,166.70652173913044,2024Q3,expanding_prior_same_quarter_matched_industries,"[""2022Q3"", ""2023Q3"", ""2024Q3""]",False,-4.297288494422302,ready,4,0.409090909090909,22,15671.0,170.33695652173913,"[""CS200028"", ""CS200029"", ""CS200030"", ""CS200031""]",4,2.152781359419142,4,-2.397857498754363,4
2025Q3,1123063,60대이상,C_대면생활서비스,3,1,False,93.55434782608695,79.66666666666667,66.71739130434783,2024Q3,expanding_prior_same_quarter_matched_industries,"[""2022Q3"", ""2023Q3"", ""2024Q3""]",False,17.213934873567393,ready,4,0.545454545454545,22,8591.0,93.3804347826087,"[""CS200028"", ""CS200029"", ""CS200030"", ""CS200031""]",4,-10.907742029593292,4,18.611072759906122,4
2025Q3,1123063,10대,D_생활필수,3,1,False,2924.717391304348,2789.789855072464,2679.3695652173915,2024Q3,expanding_prior_same_quarter_matched_industries,"[""2022Q3"", ""2023Q3"", ""2024Q3""]",True,-4.63673176775562,ready,5,0.80952380952381,21,244760.0,2660.4347826086955,"[""CS300001"", ""CS300002"", ""CS300007"", ""CS300009"", ""CS300010""]",5,28.45250019492942,5,-9.036175921865375,5
2025Q3,1123063,20대,D_생활필수,3,1,False,5256.510869565217,4684.753623188405,4287.978260869565,2024Q3,expanding_prior_same_quarter_matched_industries,"[""2022Q3"", ""2023Q3"", ""2024Q3""]",True,-15.294371504232029,ready,5,0.857142857142857,21,365079.0,3968.25,"[""CS300001"", ""CS300002"", ""CS300007"", ""CS300009"", ""CS300010""]",5,13.790503770320806,5,-7.456387169386602,5
2025Q3,1123063,30대,D_생활필수,3,1,False,6043.771739130435,5965.347826086957,5885.521739130435,2024Q3,expanding_prior_same_quarter_matched_industries,"[""2022Q3"", ""2023Q3"", ""2024Q3""]",True,-7.026814282486549,ready,5,0.571428571428571,21,510248.0,5546.173913043478,"[""CS300001"", ""CS300002"", ""CS300007"", ""CS300009"", ""CS300010""]",5,1.433942782973263,5,-8.233233278240093,5
2025Q3,1123063,40대,D_생활필수,3,1,False,8870.782608695652,8299.97463768116,7777.5,2024Q3,expanding_prior_same_quarter_matched_industries,"[""2022Q3"", ""2023Q3"", ""2024Q3""]",False,0.544964123777203,ready,5,0.714285714285714,21,767759.0,8345.20652173913,"[""CS300001"", ""CS300002"", ""CS300007"", ""CS300009"", ""CS300010""]",5,14.918177667215593,5,-5.924799537318415,5
2025Q3,1123063,50대,D_생활필수,3,1,True,7497.489130434783,6560.195652173913,5755.510869565217,2024Q3,expanding_prior_same_quarter_matched_industries,"[""2022Q3"", ""2023Q3"", ""2024Q3""]",False,20.54617936235994,ready,5,0.952380952380952,21,727542.0,7908.065217391304,"[""CS300001"", ""CS300002"", ""CS300007"", ""CS300009"", ""CS300010""]",5,15.556879658967304,5,5.476181156300153,5
2025Q3,1123063,60대이상,D_생활필수,3,1,True,1721.2391304347825,1524.373188405797,1355.9891304347825,2024Q3,expanding_prior_same_quarter_matched_industries,"[""2022Q3"", ""2023Q3"", ""2024Q3""]",False,16.33719727994638,ready,5,0.428571428571429,21,163154.0,1773.4130434782608,"[""CS300001"", ""CS300002"", ""CS300007"", ""CS300009"", ""CS300010""]",5,0.989735202674447,5,3.031183298180018,5
2025Q3,1123063,10대,E_의료건강,3,1,False,119.6086956521739,104.48913043478261,95.91304347826087,2024Q3,expanding_prior_same_quarter_matched_industries,"[""2022Q3"", ""2023Q3"", ""2024Q3""]",True,-10.433787579319675,ready,5,0.619047619047619,21,8610.0,93.58695652173913,"[""CS200006"", ""CS200007"", ""CS200008"", ""CS300018"", ""CS300019""]",5,47.2918201915991,5,-2.425203989120595,5
2025Q3,1123063,20대,E_의료건강,3,1,False,683.7717391304348,639.0869565217391,596.2934782608696,2024Q3,expanding_prior_same_quarter_matched_industries,"[""2022Q3"", ""2023Q3"", ""2024Q3""]",True,-19.452003537655628,ready,5,0.80952380952381,21,47359.0,514.7717391304348,"[""CS200006"", ""CS200007"", ""CS200008"", ""CS300018"", ""CS300019""]",5,10.13878552823655,5,-13.671412165733987,5
2025Q3,1123063,30대,E_의료건강,3,1,False,1007.6195652173913,985.1304347826086,967.2282608695652,2024Q3,expanding_prior_same_quarter_matched_industries,"[""2022Q3"", ""2023Q3"", ""2024Q3""]",True,-6.324477005914019,ready,5,0.761904761904762,21,84900.0,922.8260869565217,"[""CS200006"", ""CS200007"", ""CS200008"", ""CS300018"", ""CS300019""]",5,0.945022794585326,5,-8.415227451699547,5
2025Q3,1123063,40대,E_의료건강,3,1,False,1620.141304347826,1535.0615942028987,1466.2173913043478,2024Q3,expanding_prior_same_quarter_matched_industries,"[""2022Q3"", ""2023Q3"", ""2024Q3""]",True,-15.124493423055785,ready,5,0.238095238095238,21,119866.0,1302.891304347826,"[""CS200006"", ""CS200007"", ""CS200008"", ""CS300018"", ""CS300019""]",5,-3.526441902038158,5,-11.13928179580702,5
2025Q3,1123063,50대,E_의료건강,3,1,False,1546.858695652174,1432.268115942029,1327.9565217391305,2024Q3,expanding_prior_same_quarter_matched_industries,"[""2022Q3"", ""2023Q3"", ""2024Q3""]",False,-3.335896748341793,ready,5,0.666666666666667,21,127373.0,1384.4891304347825,"[""CS200006"", ""CS200007"", ""CS200008"", ""CS300018"", ""CS300019""]",5,2.398880718454777,5,-10.496728994947691,5
2025Q3,1123063,60대이상,E_의료건강,3,1,True,1114.608695652174,1013.3188405797101,897.9673913043479,2024Q3,expanding_prior_same_quarter_matched_industries,"[""2022Q3"", ""2023Q3"", ""2024Q3""]",False,10.922639053762207,ready,5,0.714285714285714,21,103408.0,1124.0,"[""CS200006"", ""CS200007"", ""CS200008"", ""CS300018"", ""CS300019""]",5,-0.872228252442242,5,0.84256514276797,5
2025Q3,1123064,10대,A_외식카페,3,1,False,1338.3804347826087,1162.0652173913043,1068.7717391304348,2024Q3,expanding_prior_same_quarter_matched_industries,"[""2022Q3"", ""2023Q3"", ""2024Q3""]",False,-0.222617154616023,ready,10,0.714285714285714,21,106672.0,1159.4782608695652,"[""CS100001"", ""CS100002"", ""CS100003"", ""CS100004"", ""CS100005"", ""CS100006"", ""CS100007"", ""CS100008"", ""CS100009"", ""CS100010""]",10,26.71132669524492,10,7.454267064227582,10
2025Q3,1123064,20대,A_외식카페,3,1,False,29073.195652173912,25879.021739130432,23376.304347826088,2024Q3,expanding_prior_same_quarter_matched_industries,"[""2022Q3"", ""2023Q3"", ""2024Q3""]",True,-10.33647364198801,ready,10,0.909090909090909,22,2134772.0,23204.043478260868,"[""CS100001"", ""CS100002"", ""CS100003"", ""CS100004"", ""CS100005"", ""CS100006"", ""CS100007"", ""CS100008"", ""CS100009"", ""CS100010""]",10,12.141596927888564,10,-0.736903776585362,10
2025Q3,1123064,30대,A_외식카페,3,1,True,31601.17391304348,30402.0615942029,29793.369565217392,2024Q3,expanding_prior_same_quarter_matched_industries,"[""2022Q3"", ""2023Q3"", ""2024Q3""]",False,11.023971128960186,ready,10,0.954545454545455,22,3105329.0,33753.57608695652,"[""CS100001"", ""CS100002"", ""CS100003"", ""CS100004"", ""CS100005"", ""CS100006"", ""CS100007"", ""CS100008"", ""CS100009"", ""CS100010""]",10,4.340386361215187,10,6.811146256261802,10
2025Q3,1123064,40대,A_외식카페,3,1,True,17848.760869565216,16966.043478260868,16465.108695652172,2024Q3,expanding_prior_same_quarter_matched_industries,"[""2022Q3"", ""2023Q3"", ""2024Q3""]",False,5.834992657968985,ready,10,0.818181818181818,22,1651953.0,17956.010869565216,"[""CS100001"", ""CS100002"", ""CS100003"", ""CS100004"", ""CS100005"", ""CS100006"", ""CS100007"", ""CS100008"", ""CS100009"", ""CS100010""]",10,4.095203911695688,10,0.60088204880866,10
2025Q3,1123064,50대,A_외식카페,3,1,True,12682.108695652174,12030.826086956522,11419.54347826087,2024Q3,expanding_prior_same_quarter_matched_industries,"[""2022Q3"", ""2023Q3"", ""2024Q3""]",False,11.375759371758765,ready,10,0.772727272727273,22,1232747.0,13399.423913043478,"[""CS100001"", ""CS100002"", ""CS100003"", ""CS100004"", ""CS100005"", ""CS100006"", ""CS100007"", ""CS100008"", ""CS100009"", ""CS100010""]",10,8.886360587671982,10,5.656119456200703,10
2025Q3,1123064,60대이상,A_외식카페,3,1,True,6400.065217391304,5863.760869565217,5420.108695652174,2024Q3,expanding_prior_same_quarter_matched_industries,"[""2022Q3"", ""2023Q3"", ""2024Q3""]",False,20.618908327864972,ready,10,0.636363636363636,22,650698.0,7072.804347826087,"[""CS100001"", ""CS100002"", ""CS100003"", ""CS100004"", ""CS100005"", ""CS100006"", ""CS100007"", ""CS100008"", ""CS100009"", ""CS100010""]",10,7.41892502702457,10,10.511441799166455,10
2025Q3,1123064,10대,B_여가운동,3,1,False,459.9891304347826,378.4166666666667,295.35869565217394,2024Q3,expanding_prior_same_quarter_matched_industries,"[""2022Q3"", ""2023Q3"", ""2024Q3""]",True,-30.037436687954198,ready,6,0.421052631578947,19,24357.0,264.75,"[""CS200005"", ""CS200016"", ""CS200017"", ""CS200019"", ""CS200024"", ""CS200037""]",6,83.29465916007304,6,-10.363228204467678,6
2025Q3,1123064,20대,B_여가운동,3,1,False,2614.445652173913,2479.8442028985505,2226.4239130434785,2024Q3,expanding_prior_same_quarter_matched_industries,"[""2022Q3"", ""2023Q3"", ""2024Q3""]",True,-35.51619798462093,ready,6,0.55,20,147117.0,1599.0978260869565,"[""CS200005"", ""CS200016"", ""CS200017"", ""CS200019"", ""CS200024"", ""CS200037""]",6,31.820440229650092,6,-28.17639908021736,6
2025Q3,1123064,30대,B_여가운동,3,1,False,1452.3152173913043,1329.8840579710143,1220.195652173913,2024Q3,expanding_prior_same_quarter_matched_industries,"[""2022Q3"", ""2023Q3"", ""2024Q3""]",True,-30.749929164577917,ready,6,0.428571428571429,21,84727.0,920.945652173913,"[""CS200005"", ""CS200016"", ""CS200017"", ""CS200019"", ""CS200024"", ""CS200037""]",6,8.541599445449588,6,-30.0799656700529,6
2025Q3,1123064,40대,B_여가운동,3,1,False,628.3152173913044,569.5507246376811,497.9782608695652,2024Q3,expanding_prior_same_quarter_matched_industries,"[""2022Q3"", ""2023Q3"", ""2024Q3""]",True,-28.41230056744446,ready,6,0.19047619047619,21,37511.0,407.7282608695652,"[""CS200005"", ""CS200016"", ""CS200017"", ""CS200019"", ""CS200024"", ""CS200037""]",6,20.156973150459656,6,-18.12328109311564,6
2025Q3,1123064,50대,B_여가운동,3,1,False,539.75,509.481884057971,471.80434782608694,2024Q3,expanding_prior_same_quarter_matched_industries,"[""2022Q3"", ""2023Q3"", ""2024Q3""]",True,-7.92436191925584,ready,6,0.476190476190476,21,43158.0,469.10869565217394,"[""CS200005"", ""CS200016"", ""CS200017"", ""CS200019"", ""CS200024"", ""CS200037""]",6,29.10207253477235,6,-9.244227614921986,6
2025Q3,1123064,60대이상,B_여가운동,3,1,False,192.42391304347825,158.29347826086956,119.28260869565217,2024Q3,expanding_prior_same_quarter_matched_industries,"[""2022Q3"", ""2023Q3"", ""2024Q3""]",False,13.630433289844124,ready,6,0.428571428571429,21,16548.0,179.8695652173913,"[""CS200005"", ""CS200016"", ""CS200017"", ""CS200019"", ""CS200024"", ""CS200037""]",6,23.691758745428928,6,-6.524317912218258,6
2025Q3,1123064,10대,C_대면생활서비스,3,1,False,18.23913043478261,15.192028985507248,12.434782608695652,2024Q3,expanding_prior_same_quarter_matched_industries,"[""2022Q3"", ""2023Q3"", ""2024Q3""]",True,-20.152635344621995,ready,4,0.35,20,1116.0,12.130434782608695,"[""CS200028"", ""CS200029"", ""CS200030"", ""CS200031""]",4,44.108298331252115,4,-18.59956236323852,4
2025Q3,1123064,20대,C_대면생활서비스,3,1,False,496.95652173913044,401.9673913043478,313.1304347826087,2024Q3,expanding_prior_same_quarter_matched_industries,"[""2022Q3"", ""2023Q3"", ""2024Q3""]",True,-23.306562829561116,ready,4,0.5,22,28362.0,308.2826086956522,"[""CS200028"", ""CS200029"", ""CS200030"", ""CS200031""]",4,4.6546198287859,4,-1.548181060816434,4
2025Q3,1123064,30대,C_대면생활서비스,3,1,False,538.8152173913044,494.02898550724643,436.45652173913044,2024Q3,expanding_prior_same_quarter_matched_industries,"[""2022Q3"", ""2023Q3"", ""2024Q3""]",False,-6.349008448720972,ready,4,0.636363636363636,22,42565.0,462.6630434782609,"[""CS200028"", ""CS200029"", ""CS200030"", ""CS200031""]",4,0.091139588535905,4,6.004383124968871,4
2025Q3,1123064,40대,C_대면생활서비스,3,1,False,309.54347826086956,267.28985507246375,234.81521739130434,2024Q3,expanding_prior_same_quarter_matched_industries,"[""2022Q3"", ""2023Q3"", ""2024Q3""]",False,-8.58726888250284,ready,4,0.636363636363636,22,22479.0,244.33695652173913,"[""CS200028"", ""CS200029"", ""CS200030"", ""CS200031""]",4,-6.376424087421528,4,4.054992362171927,4
2025Q3,1123064,50대,C_대면생활서비스,3,1,False,227.1195652173913,220.27898550724638,211.66304347826087,2024Q3,expanding_prior_same_quarter_matched_industries,"[""2022Q3"", ""2023Q3"", ""2024Q3""]",False,-0.097044262052404,ready,4,0.636363636363636,22,20246.0,220.06521739130434,"[""CS200028"", ""CS200029"", ""CS200030"", ""CS200031""]",4,-2.626010003847634,4,3.969598931854357,4
2025Q3,1123064,60대이상,C_대면생활서비스,3,1,False,108.51086956521739,103.46376811594205,98.95652173913044,2024Q3,expanding_prior_same_quarter_matched_industries,"[""2022Q3"", ""2023Q3"", ""2024Q3""]",False,-0.826446280991755,ready,4,0.136363636363636,22,9440.0,102.6086956521739,"[""CS200028"", ""CS200029"", ""CS200030"", ""CS200031""]",4,-3.99556544984756,4,-5.439246719423019,4
2025Q3,1123064,10대,D_생활필수,3,1,False,1593.304347826087,1543.427536231884,1492.3695652173913,2024Q3,expanding_prior_same_quarter_matched_industries,"[""2022Q3"", ""2023Q3"", ""2024Q3""]",False,-2.6918725028522,ready,5,0.857142857142857,21,138173.0,1501.8804347826087,"[""CS300001"", ""CS300002"", ""CS300007"", ""CS300009"", ""CS300010""]",5,41.32056619296598,5,0.63729988783523,5
2025Q3,1123064,20대,D_생활필수,3,1,False,32323.445652173912,30108.742753623188,27141.902173913044,2024Q3,expanding_prior_same_quarter_matched_industries,"[""2022Q3"", ""2023Q3"", ""2024Q3""]",True,-16.244390953419696,ready,5,0.80952380952381,21,2320034.0,25217.760869565216,"[""CS300001"", ""CS300002"", ""CS300007"", ""CS300009"", ""CS300010""]",5,8.11895824014577,5,-7.089191067077028,5
2025Q3,1123064,30대,D_생활필수,3,1,True,37275.760869565216,35900.086956521736,33756.77173913043,2024Q3,expanding_prior_same_quarter_matched_industries,"[""2022Q3"", ""2023Q3"", ""2024Q3""]",False,4.444309205984753,ready,5,0.857142857142857,21,3449595.0,37495.59782608696,"[""CS300001"", ""CS300002"", ""CS300007"", ""CS300009"", ""CS300010""]",5,1.126478277376441,5,0.589758468756663,5
2025Q3,1123064,40대,D_생활필수,3,1,False,19175.043478260868,18631.260869565216,17752.152173913044,2024Q3,expanding_prior_same_quarter_matched_industries,"[""2022Q3"", ""2023Q3"", ""2024Q3""]",False,2.226914092490651,ready,5,0.761904761904762,21,1752247.0,19046.16304347826,"[""CS300001"", ""CS300002"", ""CS300007"", ""CS300009"", ""CS300010""]",5,4.154885966110711,5,0.419559339479148,5
2025Q3,1123064,50대,D_생활필수,3,1,False,14490.91304347826,13774.565217391304,13131.054347826086,2024Q3,expanding_prior_same_quarter_matched_industries,"[""2022Q3"", ""2023Q3"", ""2024Q3""]",False,1.673768603128023,ready,5,0.523809523809524,21,1288471.0,14005.119565217392,"[""CS300001"", ""CS300002"", ""CS300007"", ""CS300009"", ""CS300010""]",5,6.791866375857336,5,2.214255738922177,5
2025Q3,1123064,60대이상,D_생활필수,3,1,True,7343.369565217391,6760.340579710144,5888.95652173913,2024Q3,expanding_prior_same_quarter_matched_industries,"[""2022Q3"", ""2023Q3"", ""2024Q3""]",False,20.243170151576727,ready,5,0.619047619047619,21,747854.0,8128.847826086957,"[""CS300001"", ""CS300002"", ""CS300007"", ""CS300009"", ""CS300010""]",5,8.709092511115667,5,10.69642830710935,5
2025Q3,1123064,10대,E_의료건강,3,1,False,91.73913043478261,80.78985507246377,73.46739130434783,2024Q3,expanding_prior_same_quarter_matched_industries,"[""2022Q3"", ""2023Q3"", ""2024Q3""]",True,-10.53009238496726,ready,5,0.571428571428571,21,6650.0,72.28260869565217,"[""CS200006"", ""CS200007"", ""CS200008"", ""CS300018"", ""CS300019""]",5,31.870837836895504,5,-6.324834483730113,5
2025Q3,1123064,20대,E_의료건강,3,1,False,4299.978260869565,3898.315217391304,3410.108695652174,2024Q3,expanding_prior_same_quarter_matched_industries,"[""2022Q3"", ""2023Q3"", ""2024Q3""]",True,-19.4521044486888,ready,5,0.761904761904762,21,288881.0,3140.0108695652175,"[""CS200006"", ""CS200007"", ""CS200008"", ""CS300018"", ""CS300019""]",5,6.491822933056102,5,-7.920504892742164,5
2025Q3,1123064,30대,E_의료건강,3,1,False,5497.086956521739,5360.836956521739,5242.217391304348,2024Q3,expanding_prior_same_quarter_matched_industries,"[""2022Q3"", ""2023Q3"", ""2024Q3""]",True,-4.301729329253834,ready,5,0.904761904761905,21,471981.0,5130.228260869565,"[""CS200006"", ""CS200007"", ""CS200008"", ""CS300018"", ""CS300019""]",5,0.70467741318303,5,-3.985963484717492,5
2025Q3,1123064,40대,E_의료건강,3,1,False,3370.7608695652175,3247.9420289855075,3087.728260869565,2024Q3,expanding_prior_same_quarter_matched_industries,"[""2022Q3"", ""2023Q3"", ""2024Q3""]",False,-1.805714209220566,ready,5,0.80952380952381,21,293415.0,3189.2934782608695,"[""CS200006"", ""CS200007"", ""CS200008"", ""CS300018"", ""CS300019""]",5,2.534050697833656,5,-2.923398102901231,5
2025Q3,1123064,50대,E_의료건강,3,1,False,2921.4347826086955,2900.3478260869565,2873.0652173913045,2024Q3,expanding_prior_same_quarter_matched_industries,"[""2022Q3"", ""2023Q3"", ""2024Q3""]",True,-3.094456437009052,ready,5,0.714285714285714,21,258575.0,2810.5978260869565,"[""CS200006"", ""CS200007"", ""CS200008"", ""CS300018"", ""CS300019""]",5,2.936970371885628,5,-2.174242022987116,5
2025Q3,1123064,60대이상,E_의료건강,3,1,True,2381.25,2225.072463768116,2091.9347826086955,2024Q3,expanding_prior_same_quarter_matched_industries,"[""2022Q3"", ""2023Q3"", ""2024Q3""]",False,10.824431707158212,ready,5,0.666666666666667,21,226865.0,2465.9239130434785,"[""CS200006"", ""CS200007"", ""CS200008"", ""CS300018"", ""CS300019""]",5,-0.431255091845639,5,3.555859865342925,5
2025Q3,1123065,10대,A_외식카페,3,1,False,112.21739130434783,101.78260869565217,81.71739130434783,2024Q3,expanding_prior_same_quarter_matched_industries,"[""2022Q3"", ""2023Q3"", ""2024Q3""]",True,-27.52029047415634,ready,10,0.380952380952381,21,6787.0,73.77173913043478,"[""CS100001"", ""CS100002"", ""CS100003"", ""CS100004"", ""CS100005"", ""CS100006"", ""CS100007"", ""CS100008"", ""CS100009"", ""CS100010""]",10,21.96999020475228,10,-9.723330673051345,10
2025Q3,1123065,20대,A_외식카페,3,1,False,3712.7934782608695,3122.9710144927535,2458.445652173913,2024Q3,expanding_prior_same_quarter_matched_industries,"[""2022Q3"", ""2023Q3"", ""2024Q3""]",True,-27.91632828271109,ready,10,0.545454545454545,22,207106.0,2251.1521739130435,"[""CS100001"", ""CS100002"", ""CS100003"", ""CS100004"", ""CS100005"", ""CS100006"", ""CS100007"", ""CS100008"", ""CS100009"", ""CS100010""]",10,21.022536672822678,10,-8.431891836924176,10
2025Q3,1123065,30대,A_외식카페,3,1,False,5850.29347826087,5406.217391304348,4868.130434782609,2024Q3,expanding_prior_same_quarter_matched_industries,"[""2022Q3"", ""2023Q3"", ""2024Q3""]",False,-3.017258711789161,ready,10,0.727272727272727,22,482365.0,5243.097826086957,"[""CS100001"", ""CS100002"", ""CS100003"", ""CS100004"", ""CS100005"", ""CS100006"", ""CS100007"", ""CS100008"", ""CS100009"", ""CS100010""]",10,12.274543998002896,10,7.702492698741592,10
2025Q3,1123065,40대,A_외식카페,3,1,False,5292.95652173913,4722.728260869565,4193.489130434783,2024Q3,expanding_prior_same_quarter_matched_industries,"[""2022Q3"", ""2023Q3"", ""2024Q3""]",False,-7.664830802018907,ready,10,0.5,22,401188.0,4360.739130434783,"[""CS100001"", ""CS100002"", ""CS100003"", ""CS100004"", ""CS100005"", ""CS100006"", ""CS100007"", ""CS100008"", ""CS100009"", ""CS100010""]",10,8.978659135416244,10,3.988325587543828,10
2025Q3,1123065,50대,A_외식카페,3,1,False,3576.5978260869565,3210.5797101449275,2985.054347826087,2024Q3,expanding_prior_same_quarter_matched_industries,"[""2022Q3"", ""2023Q3"", ""2024Q3""]",False,-0.682977474834101,ready,10,0.5,22,293356.0,3188.6521739130435,"[""CS100001"", ""CS100002"", ""CS100003"", ""CS100004"", ""CS100005"", ""CS100006"", ""CS100007"", ""CS100008"", ""CS100009"", ""CS100010""]",10,9.12731492003962,10,6.820573509330896,10
2025Q3,1123065,60대이상,A_외식카페,3,1,False,1936.2934782608695,1665.894927536232,1520.9347826086957,2024Q3,expanding_prior_same_quarter_matched_industries,"[""2022Q3"", ""2023Q3"", ""2024Q3""]",False,0.985673801129638,ready,10,0.090909090909091,22,154773.0,1682.3152173913043,"[""CS100001"", ""CS100002"", ""CS100003"", ""CS100004"", ""CS100005"", ""CS100006"", ""CS100007"", ""CS100008"", ""CS100009"", ""CS100010""]",10,-1.101653283929382,10,9.208873710503651,10
2025Q3,1123065,10대,B_여가운동,3,1,False,4.380434782608695,2.33695652173913,0.815217391304348,2024Q3,expanding_prior_same_quarter_matched_industries,"[""2022Q3"", ""2023Q3"", ""2024Q3""]",True,-78.6046511627907,ready,5,0.105263157894737,19,46.0,0.5,"[""CS200005"", ""CS200016"", ""CS200017"", ""CS200024"", ""CS200037""]",5,184.375,5,-72.45508982035929,5
2025Q3,1123065,20대,B_여가운동,3,1,False,24.391304347826086,22.474637681159418,21.391304347826086,2024Q3,expanding_prior_same_quarter_matched_industries,"[""2022Q3"", ""2023Q3"", ""2024Q3""]",True,-44.720296630662574,ready,5,0.35,20,1143.0,12.423913043478262,"[""CS200005"", ""CS200016"", ""CS200017"", ""CS200024"", ""CS200037""]",5,65.28890160183067,5,-41.920731707317074,5
2025Q3,1123065,30대,B_여가운동,3,1,False,99.8804347826087,72.89130434782608,57.77173913043478,2024Q3,expanding_prior_same_quarter_matched_industries,"[""2022Q3"", ""2023Q3"", ""2024Q3""]",True,-44.28869668953176,ready,5,0.238095238095238,21,3736.0,40.608695652173914,"[""CS200005"", ""CS200016"", ""CS200017"", ""CS200024"", ""CS200037""]",5,20.371052258886845,5,-29.708372530573847,5
2025Q3,1123065,40대,B_여가운동,3,1,False,124.6086956521739,115.48550724637681,103.02173913043478,2024Q3,expanding_prior_same_quarter_matched_industries,"[""2022Q3"", ""2023Q3"", ""2024Q3""]",False,-4.156993160569744,ready,5,0.619047619047619,21,10183.0,110.68478260869566,"[""CS200005"", ""CS200016"", ""CS200017"", ""CS200024"", ""CS200037""]",5,-10.20491024880712,5,-11.174110258199576,5
2025Q3,1123065,50대,B_여가운동,3,1,False,75.70652173913044,72.73550724637681,70.46739130434783,2024Q3,expanding_prior_same_quarter_matched_industries,"[""2022Q3"", ""2023Q3"", ""2024Q3""]",False,-2.012453300124539,ready,5,0.666666666666667,21,6557.0,71.27173913043478,"[""CS200005"", ""CS200016"", ""CS200017"", ""CS200024"", ""CS200037""]",5,21.183263469162284,5,-1.056284895126003,5
2025Q3,1123065,60대이상,B_여가운동,3,1,True,29.217391304347824,25.445652173913043,20.5,2024Q3,expanding_prior_same_quarter_matched_industries,"[""2022Q3"", ""2023Q3"", ""2024Q3""]",False,19.478855190089696,ready,5,0.523809523809524,21,2797.0,30.402173913043477,"[""CS200005"", ""CS200016"", ""CS200017"", ""CS200024"", ""CS200037""]",5,15.708817485861836,5,14.209881584320128,5
2025Q3,1123065,10대,C_대면생활서비스,3,1,False,2.141304347826087,1.72463768115942,1.206521739130435,2024Q3,expanding_prior_same_quarter_matched_industries,"[""2022Q3"", ""2023Q3"", ""2024Q3""]",False,9.033613445378164,ready,4,0.65,20,173.0,1.880434782608696,"[""CS200028"", ""CS200029"", ""CS200030"", ""CS200031""]",4,-43.8952245188881,4,2.976190476190488,4
2025Q3,1123065,20대,C_대면생활서비스,3,1,False,46.91304347826087,35.927536231884055,30.01086956521739,2024Q3,expanding_prior_same_quarter_matched_industries,"[""2022Q3"", ""2023Q3"", ""2024Q3""]",True,-33.53166599435256,ready,4,0.318181818181818,22,2197.0,23.880434782608695,"[""CS200028"", ""CS200029"", ""CS200030"", ""CS200031""]",4,44.87463768115943,4,-20.427381383556686,4
2025Q3,1123065,30대,C_대면생활서비스,3,1,False,64.09782608695652,58.19565217391304,55.04347826086956,2024Q3,expanding_prior_same_quarter_matched_industries,"[""2022Q3"", ""2023Q3"", ""2024Q3""]",True,-15.353007097497196,ready,4,0.409090909090909,22,4532.0,49.26086956521739,"[""CS200028"", ""CS200029"", ""CS200030"", ""CS200031""]",4,15.35612790619616,4,-11.154675553812988,4
2025Q3,1123065,40대,C_대면생활서비스,3,1,False,106.17391304347827,93.17028985507245,81.56521739130434,2024Q3,expanding_prior_same_quarter_matched_industries,"[""2022Q3"", ""2023Q3"", ""2024Q3""]",False,-11.639121135524011,ready,4,0.409090909090909,22,7574.0,82.32608695652173,"[""CS200028"", ""CS200029"", ""CS200030"", ""CS200031""]",4,7.74735960079791,4,0.932835820895517,4
2025Q3,1123065,50대,C_대면생활서비스,3,1,False,81.40217391304348,72.89492753623189,68.52173913043478,2024Q3,expanding_prior_same_quarter_matched_industries,"[""2022Q3"", ""2023Q3"", ""2024Q3""]",False,-4.687111685471446,ready,4,0.363636363636364,22,6392.0,69.47826086956522,"[""CS200028"", ""CS200029"", ""CS200030"", ""CS200031""]",4,-15.008445501674483,4,1.395939086294429,4
2025Q3,1123065,60대이상,C_대면생활서비스,3,1,True,41.41304347826087,38.92028985507246,33.97826086956522,2024Q3,expanding_prior_same_quarter_matched_industries,"[""2022Q3"", ""2023Q3"", ""2024Q3""]",False,15.928132563768393,ready,4,0.363636363636364,22,4151.0,45.119565217391305,"[""CS200028"", ""CS200029"", ""CS200030"", ""CS200031""]",4,-0.148822111317892,4,32.78950735764554,4
2025Q3,1123065,10대,D_생활필수,3,1,False,336.8152173913044,298.61231884057975,253.91304347826087,2024Q3,expanding_prior_same_quarter_matched_industries,"[""2022Q3"", ""2023Q3"", ""2024Q3""]",True,-22.711333826759052,ready,7,0.571428571428571,21,21233.0,230.79347826086956,"[""CS300001"", ""CS300002"", ""CS300006"", ""CS300007"", ""CS300008"", ""CS300009"", ""CS300010""]",7,6.637250681589912,7,-9.105308219178088,7
2025Q3,1123065,20대,D_생활필수,3,1,False,6091.652173913043,5262.329710144927,4206.902173913043,2024Q3,expanding_prior_same_quarter_matched_industries,"[""2022Q3"", ""2023Q3"", ""2024Q3""]",True,-33.538900704556504,ready,7,0.238095238095238,21,321761.0,3497.4021739130435,"[""CS300001"", ""CS300002"", ""CS300006"", ""CS300007"", ""CS300008"", ""CS300009"", ""CS300010""]",7,6.160762999288494,7,-16.86514139548102,7
2025Q3,1123065,30대,D_생활필수,3,1,False,8762.989130434782,8352.315217391304,7750.04347826087,2024Q3,expanding_prior_same_quarter_matched_industries,"[""2022Q3"", ""2023Q3"", ""2024Q3""]",True,-22.960959796359504,ready,7,0.095238095238095,21,591978.0,6434.54347826087,"[""CS300001"", ""CS300002"", ""CS300006"", ""CS300007"", ""CS300008"", ""CS300009"", ""CS300010""]",7,-4.151470928910528,7,-16.97409832202905,7
2025Q3,1123065,40대,D_생활필수,3,1,False,6714.108695652174,6502.496376811595,6264.25,2024Q3,expanding_prior_same_quarter_matched_industries,"[""2022Q3"", ""2023Q3"", ""2024Q3""]",True,-7.948898109923242,ready,7,0.285714285714286,21,550677.0,5985.619565217391,"[""CS300001"", ""CS300002"", ""CS300006"", ""CS300007"", ""CS300008"", ""CS300009"", ""CS300010""]",7,11.170354463882347,7,-4.447945640461493,7
2025Q3,1123065,50대,D_생활필수,3,1,True,3848.7934782608695,3685.641304347826,3458.771739130435,2024Q3,expanding_prior_same_quarter_matched_industries,"[""2022Q3"", ""2023Q3"", ""2024Q3""]",False,5.169591747056002,ready,7,0.571428571428571,21,356608.0,3876.1739130434785,"[""CS300001"", ""CS300002"", ""CS300006"", ""CS300007"", ""CS300008"", ""CS300009"", ""CS300010""]",7,22.007784718046853,7,3.382317555755909,7
2025Q3,1123065,60대이상,D_생활필수,3,1,True,2178.978260869565,2030.5289855072463,1860.2934782608695,2024Q3,expanding_prior_same_quarter_matched_industries,"[""2022Q3"", ""2023Q3"", ""2024Q3""]",False,48.948121607491444,ready,7,1.0,21,278248.0,3024.4347826086955,"[""CS300001"", ""CS300002"", ""CS300006"", ""CS300007"", ""CS300008"", ""CS300009"", ""CS300010""]",7,56.92626762839899,7,38.8005946145481,7
2025Q3,1123065,10대,E_의료건강,3,1,False,35.78260869565217,31.52536231884058,25.565217391304348,2024Q3,expanding_prior_same_quarter_matched_industries,"[""2022Q3"", ""2023Q3"", ""2024Q3""]",False,-9.07941615906217,ready,5,0.714285714285714,21,2637.0,28.66304347826087,"[""CS200006"", ""CS200007"", ""CS200008"", ""CS300018""]",4,16.080861438439655,4,12.117346938775508,4
2025Q3,1123065,20대,E_의료건강,3,1,False,993.054347826087,909.804347826087,799.8804347826087,2024Q3,expanding_prior_same_quarter_matched_industries,"[""2022Q3"", ""2023Q3"", ""2024Q3""]",True,-27.397194810159853,ready,5,0.380952380952381,21,60770.0,660.5434782608696,"[""CS200006"", ""CS200007"", ""CS200008"", ""CS300018""]",4,9.081674116212945,4,-17.419723056435068,4
2025Q3,1123065,30대,E_의료건강,3,1,False,1625.8369565217392,1515.8876811594203,1395.75,2024Q3,expanding_prior_same_quarter_matched_industries,"[""2022Q3"", ""2023Q3"", ""2024Q3""]",True,-12.558767642243385,ready,5,0.428571428571429,21,121947.0,1325.5108695652175,"[""CS200006"", ""CS200007"", ""CS200008"", ""CS300018""]",4,3.981353180895986,4,-5.032357545031885,4
2025Q3,1123065,40대,E_의료건강,3,1,False,1873.9565217391305,1764.3079710144928,1656.1304347826087,2024Q3,expanding_prior_same_quarter_matched_industries,"[""2022Q3"", ""2023Q3"", ""2024Q3""]",True,-24.64467531507406,ready,5,0.142857142857143,21,122314.0,1329.5,"[""CS200006"", ""CS200007"", ""CS200008"", ""CS300018""]",4,-5.07520419291817,4,-19.72250662886247,4
2025Q3,1123065,50대,E_의료건강,3,1,False,1317.7826086956522,1236.8297101449277,1165.2608695652175,2024Q3,expanding_prior_same_quarter_matched_industries,"[""2022Q3"", ""2023Q3"", ""2024Q3""]",True,-6.222371947915006,ready,5,0.285714285714286,21,106708.0,1159.8695652173913,"[""CS200006"", ""CS200007"", ""CS200008"", ""CS300018""]",4,-2.952279411558956,4,-0.462669303384211,4
2025Q3,1123065,60대이상,E_의료건강,3,1,True,1096.7173913043478,1071.3804347826087,1023.6521739130435,2024Q3,expanding_prior_same_quarter_matched_industries,"[""2022Q3"", ""2023Q3"", ""2024Q3""]",False,4.610062191199882,ready,5,0.380952380952381,21,103111.0,1120.7717391304348,"[""CS200006"", ""CS200007"", ""CS200008"", ""CS300018""]",4,-1.70658700198576,4,2.468522364772885,4
2025Q3,1123066,10대,A_외식카페,3,1,False,67.70652173913044,55.05797101449275,34.380434782608695,2024Q3,expanding_prior_same_quarter_matched_industries,"[""2022Q3"", ""2023Q3"", ""2024Q3""]",False,-20.340879178731242,ready,10,0.571428571428571,21,4035.0,43.858695652173914,"[""CS100001"", ""CS100002"", ""CS100003"", ""CS100004"", ""CS100005"", ""CS100006"", ""CS100007"", ""CS100008"", ""CS100009"", ""CS100010""]",10,-5.423191840098907,10,27.568763831805242,10
2025Q3,1123066,20대,A_외식카페,3,1,False,975.8695652173913,837.909420289855,725.6195652173913,2024Q3,expanding_prior_same_quarter_matched_industries,"[""2022Q3"", ""2023Q3"", ""2024Q3""]",True,-18.630304026152032,ready,10,0.818181818181818,22,62726.0,681.804347826087,"[""CS100001"", ""CS100002"", ""CS100003"", ""CS100004"", ""CS100005"", ""CS100006"", ""CS100007"", ""CS100008"", ""CS100009"", ""CS100010""]",10,11.22220646094565,10,-6.038318079002936,10
2025Q3,1123066,30대,A_외식카페,3,1,True,1430.9782608695652,1409.967391304348,1374.4565217391305,2024Q3,expanding_prior_same_quarter_matched_industries,"[""2022Q3"", ""2023Q3"", ""2024Q3""]",False,2.058326973334235,ready,10,0.818181818181818,22,132387.0,1438.9891304347825,"[""CS100001"", ""CS100002"", ""CS100003"", ""CS100004"", ""CS100005"", ""CS100006"", ""CS100007"", ""CS100008"", ""CS100009"", ""CS100010""]",10,3.270487511585252,10,1.019450442957326,10
2025Q3,1123066,40대,A_외식카페,3,1,True,1393.1304347826087,1379.2028985507247,1366.4782608695652,2024Q3,expanding_prior_same_quarter_matched_industries,"[""2022Q3"", ""2023Q3"", ""2024Q3""]",False,2.348027110807549,ready,10,0.727272727272727,22,129866.0,1411.5869565217392,"[""CS100001"", ""CS100002"", ""CS100003"", ""CS100004"", ""CS100005"", ""CS100006"", ""CS100007"", ""CS100008"", ""CS100009"", ""CS100010""]",10,5.155179845181412,10,3.301091348754337,10
2025Q3,1123066,50대,A_외식카페,3,1,True,1163.5652173913043,1083.5797101449275,1004.8804347826087,2024Q3,expanding_prior_same_quarter_matched_industries,"[""2022Q3"", ""2023Q3"", ""2024Q3""]",False,14.72240426926319,ready,10,0.909090909090909,22,114366.0,1243.108695652174,"[""CS100001"", ""CS100002"", ""CS100003"", ""CS100004"", ""CS100005"", ""CS100006"", ""CS100007"", ""CS100008"", ""CS100009"", ""CS100010""]",10,10.57739956633088,10,6.836185636350067,10
2025Q3,1123066,60대이상,A_외식카페,3,1,True,897.945652173913,807.945652173913,701.2065217391304,2024Q3,expanding_prior_same_quarter_matched_industries,"[""2022Q3"", ""2023Q3"", ""2024Q3""]",False,42.076657114797335,ready,10,0.909090909090909,22,105607.0,1147.9021739130435,"[""CS100001"", ""CS100002"", ""CS100003"", ""CS100004"", ""CS100005"", ""CS100006"", ""CS100007"", ""CS100008"", ""CS100009"", ""CS100010""]",10,12.074564482685425,10,27.836486666424577,10
2025Q3,1123066,10대,B_여가운동,3,1,True,0.152173913043478,0.079710144927536,0.0,2024Q3,expanding_prior_same_quarter_matched_industries,"[""2022Q3"", ""2023Q3"", ""2024Q3""]",False,240.90909090909088,ready,3,0.947368421052632,19,25.0,0.271739130434783,"[""CS200005"", ""CS200017"", ""CS200024""]",3,,3,,3
2025Q3,1123066,20대,B_여가운동,3,1,False,11.16304347826087,7.594202898550724,5.141304347826087,2024Q3,expanding_prior_same_quarter_matched_industries,"[""2022Q3"", ""2023Q3"", ""2024Q3""]",False,-10.257633587786252,ready,3,0.8,20,627.0,6.815217391304348,"[""CS200005"", ""CS200017"", ""CS200024""]",3,39.36736687835855,3,32.558139534883715,3
2025Q3,1123066,30대,B_여가운동,3,1,False,36.141304347826086,25.007246376811594,16.032608695652176,2024Q3,expanding_prior_same_quarter_matched_industries,"[""2022Q3"", ""2023Q3"", ""2024Q3""]",False,-10.199942045783839,ready,3,0.666666666666667,21,2066.0,22.456521739130434,"[""CS200005"", ""CS200017"", ""CS200024""]",3,22.51459701803775,3,40.06779661016946,3
2025Q3,1123066,40대,B_여가운동,3,1,False,37.69565217391305,32.05434782608696,27.043478260869566,2024Q3,expanding_prior_same_quarter_matched_industries,"[""2022Q3"", ""2023Q3"", ""2024Q3""]",False,-12.817904374364208,ready,3,0.476190476190476,21,2571.0,27.945652173913043,"[""CS200005"", ""CS200017"", ""CS200024""]",3,28.049060817023495,3,3.336012861736326,3
2025Q3,1123066,50대,B_여가운동,3,1,False,35.52173913043478,32.02173913043478,25.72826086956522,2024Q3,expanding_prior_same_quarter_matched_industries,"[""2022Q3"", ""2023Q3"", ""2024Q3""]",True,-22.233536999321114,ready,3,0.238095238095238,21,2291.0,24.902173913043477,"[""CS200005"", ""CS200017"", ""CS200024""]",3,-2.742582571375263,3,-3.210815378115772,3
2025Q3,1123066,60대이상,B_여가운동,3,1,False,22.054347826086957,18.159420289855074,11.641304347826088,2024Q3,expanding_prior_same_quarter_matched_industries,"[""2022Q3"", ""2023Q3"", ""2024Q3""]",False,3.312051077414191,ready,3,0.380952380952381,21,1726.0,18.76086956521739,"[""CS200005"", ""CS200017"", ""CS200024""]",3,8.121540876173693,3,-9.728033472803354,3
2025Q3,1123066,10대,C_대면생활서비스,3,1,False,1.923913043478261,1.405797101449275,1.0,2024Q3,expanding_prior_same_quarter_matched_industries,"[""2022Q3"", ""2023Q3"", ""2024Q3""]",False,5.154639175257714,ready,4,0.6,20,136.0,1.478260869565217,"[""CS200028"", ""CS200029"", ""CS200030"", ""CS200031""]",4,30.603630223723076,4,47.82608695652173,4
2025Q3,1123066,20대,C_대면생활서비스,3,1,False,22.5,18.42753623188406,15.326086956521738,2024Q3,expanding_prior_same_quarter_matched_industries,"[""2022Q3"", ""2023Q3"", ""2024Q3""]",True,-37.18049547778215,ready,4,0.272727272727273,22,1065.0,11.576086956521738,"[""CS200028"", ""CS200029"", ""CS200030"", ""CS200031""]",4,6.72987974098056,4,-24.468085106382976,4
2025Q3,1123066,30대,C_대면생활서비스,3,1,False,58.22826086956522,47.80434782608696,35.48913043478261,2024Q3,expanding_prior_same_quarter_matched_industries,"[""2022Q3"", ""2023Q3"", ""2024Q3""]",True,-34.6293769895407,ready,4,0.136363636363636,22,2875.0,31.25,"[""CS200028"", ""CS200029"", ""CS200030"", ""CS200031""]",4,-2.040992077161563,4,-11.944869831546711,4
2025Q3,1123066,40대,C_대면생활서비스,3,1,False,110.48913043478261,101.5217391304348,87.40217391304348,2024Q3,expanding_prior_same_quarter_matched_industries,"[""2022Q3"", ""2023Q3"", ""2024Q3""]",True,-13.940042826552478,ready,4,0.363636363636364,22,8038.0,87.3695652173913,"[""CS200028"", ""CS200029"", ""CS200030"", ""CS200031""]",4,-10.415431720759349,4,-0.037308792438762,4
2025Q3,1123066,50대,C_대면생활서비스,3,1,False,109.22826086956522,101.60507246376812,95.02173913043478,2024Q3,expanding_prior_same_quarter_matched_industries,"[""2022Q3"", ""2023Q3"", ""2024Q3""]",False,1.693827336590226,ready,4,0.727272727272727,22,9506.0,103.32608695652173,"[""CS200028"", ""CS200029"", ""CS200030"", ""CS200031""]",4,-7.526810453939047,4,8.739418897277517,4
2025Q3,1123066,60대이상,C_대면생활서비스,3,1,True,58.81521739130435,54.663043478260875,52.06521739130435,2024Q3,expanding_prior_same_quarter_matched_industries,"[""2022Q3"", ""2023Q3"", ""2024Q3""]",False,10.101411811493332,ready,4,0.272727272727273,22,5537.0,60.18478260869565,"[""CS200028"", ""CS200029"", ""CS200030"", ""CS200031""]",4,-10.72835831473018,4,15.594989561586626,4
2025Q3,1123066,10대,D_생활필수,3,1,False,229.56521739130434,186.6594202898551,129.68478260869566,2024Q3,expanding_prior_same_quarter_matched_industries,"[""2022Q3"", ""2023Q3"", ""2024Q3""]",False,-12.896463372025323,ready,4,0.666666666666667,21,14958.0,162.58695652173913,"[""CS300001"", ""CS300002"", ""CS300009"", ""CS300010""]",4,7.618657575489252,4,25.37088257480513,4
2025Q3,1123066,20대,D_생활필수,3,1,False,2254.5760869565215,1855.3333333333333,1429.2065217391305,2024Q3,expanding_prior_same_quarter_matched_industries,"[""2022Q3"", ""2023Q3"", ""2024Q3""]",True,-29.26736865128341,ready,4,0.523809523809524,21,120734.0,1312.3260869565217,"[""CS300001"", ""CS300002"", ""CS300009"", ""CS300010""]",4,18.94352095878915,4,-8.177994782754194,4
2025Q3,1123066,30대,D_생활필수,3,1,False,3230.336956521739,3053.855072463768,2758.0760869565215,2024Q3,expanding_prior_same_quarter_matched_industries,"[""2022Q3"", ""2023Q3"", ""2024Q3""]",False,-8.709471516163935,ready,4,0.476190476190476,21,256485.0,2787.8804347826085,"[""CS300001"", ""CS300002"", ""CS300009"", ""CS300010""]",4,10.351554189107981,4,1.080620943237842,4
2025Q3,1123066,40대,D_생활필수,3,1,False,3444.8804347826085,3234.2717391304345,2843.532608695652,2024Q3,expanding_prior_same_quarter_matched_industries,"[""2022Q3"", ""2023Q3"", ""2024Q3""]",False,-6.671416520754281,ready,4,0.333333333333333,21,277702.0,3018.5,"[""CS300001"", ""CS300002"", ""CS300009"", ""CS300010""]",4,4.794632910619723,4,6.153169855316221,4
2025Q3,1123066,50대,D_생활필수,3,1,False,2968.6195652173915,2683.9528985507245,2414.4565217391305,2024Q3,expanding_prior_same_quarter_matched_industries,"[""2022Q3"", ""2023Q3"", ""2024Q3""]",False,-5.539228722506683,ready,4,0.142857142857143,21,233246.0,2535.282608695652,"[""CS300001"", ""CS300002"", ""CS300009"", ""CS300010""]",4,3.463288334486325,4,5.004276774861549,4
2025Q3,1123066,60대이상,D_생활필수,3,1,False,2228.5760869565215,2113.673913043478,2009.5978260869565,2024Q3,expanding_prior_same_quarter_matched_industries,"[""2022Q3"", ""2023Q3"", ""2024Q3""]",False,5.188781124973008,ready,4,0.095238095238095,21,204548.0,2223.3478260869565,"[""CS300001"", ""CS300002"", ""CS300009"", ""CS300010""]",4,-3.553888753020773,4,5.730324301413203,4
2025Q3,1123066,10대,E_의료건강,3,1,False,24.434782608695652,19.057971014492754,15.173913043478262,2024Q3,expanding_prior_same_quarter_matched_industries,"[""2022Q3"", ""2023Q3"", ""2024Q3""]",False,15.494296577946765,ready,5,0.904761904761905,21,2025.0,22.01086956521739,"[""CS200006"", ""CS200007"", ""CS200008"", ""CS300018"", ""CS300019""]",5,27.25470968454782,5,45.05730659025786,5
2025Q3,1123066,20대,E_의료건강,3,1,False,561.5978260869565,520.8731884057971,488.4673913043478,2024Q3,expanding_prior_same_quarter_matched_industries,"[""2022Q3"", ""2023Q3"", ""2024Q3""]",True,-14.16587252453726,ready,5,0.904761904761905,21,41132.0,447.0869565217391,"[""CS200006"", ""CS200007"", ""CS200008"", ""CS300018"", ""CS300019""]",5,0.236303046338326,5,-8.471483566612514,5
2025Q3,1123066,30대,E_의료건강,3,1,False,1070.8152173913043,1049.2282608695652,1021.4347826086956,2024Q3,expanding_prior_same_quarter_matched_industries,"[""2022Q3"", ""2023Q3"", ""2024Q3""]",True,-8.82118327134851,ready,5,0.666666666666667,21,88014.0,956.6739130434783,"[""CS200006"", ""CS200007"", ""CS200008"", ""CS300018"", ""CS300019""]",5,-9.40776489941879,5,-6.340186438513595,5
2025Q3,1123066,40대,E_의료건강,3,1,False,1416.304347826087,1345.1123188405797,1282.7934782608695,2024Q3,expanding_prior_same_quarter_matched_industries,"[""2022Q3"", ""2023Q3"", ""2024Q3""]",True,-10.565897465596063,ready,5,0.523809523809524,21,110675.0,1202.9891304347825,"[""CS200006"", ""CS200007"", ""CS200008"", ""CS300018"", ""CS300019""]",5,-9.703379466853734,5,-9.972017505328068,5
2025Q3,1123066,50대,E_의료건강,3,1,False,1237.0326086956522,1175.9528985507247,1118.9782608695652,2024Q3,expanding_prior_same_quarter_matched_industries,"[""2022Q3"", ""2023Q3"", ""2024Q3""]",False,-0.022799887849201,ready,5,0.857142857142857,21,108163.0,1175.6847826086957,"[""CS200006"", ""CS200007"", ""CS200008"", ""CS300018"", ""CS300019""]",5,-5.855832159420538,5,-4.9592731554298,5
2025Q3,1123066,60대이상,E_의료건강,3,1,True,1627.8152173913043,1576.8152173913043,1505.5326086956522,2024Q3,expanding_prior_same_quarter_matched_industries,"[""2022Q3"", ""2023Q3"", ""2024Q3""]",False,8.955172437563341,ready,5,0.571428571428571,21,158058.0,1718.0217391304348,"[""CS200006"", ""CS200007"", ""CS200008"", ""CS300018"", ""CS300019""]",5,-6.632599010505135,5,5.541570122663742,5
2025Q3,1123067,10대,A_외식카페,3,1,False,54.01086956521739,47.630434782608695,39.880434782608695,2024Q3,expanding_prior_same_quarter_matched_industries,"[""2022Q3"", ""2023Q3"", ""2024Q3""]",True,-17.571884984025566,ready,10,0.619047619047619,21,3612.0,39.26086956521739,"[""CS100001"", ""CS100002"", ""CS100003"", ""CS100004"", ""CS100005"", ""CS100006"", ""CS100007"", ""CS100008"", ""CS100009"", ""CS100010""]",10,-4.726956521739134,10,-1.553556827473424,10
2025Q3,1123067,20대,A_외식카페,3,1,False,1560.5326086956522,1335.376811594203,1174.695652173913,2024Q3,expanding_prior_same_quarter_matched_industries,"[""2022Q3"", ""2023Q3"", ""2024Q3""]",True,-23.649623945908992,ready,10,0.727272727272727,22,93800.0,1019.5652173913044,"[""CS100001"", ""CS100002"", ""CS100003"", ""CS100004"", ""CS100005"", ""CS100006"", ""CS100007"", ""CS100008"", ""CS100009"", ""CS100010""]",10,1.243367905859483,10,-13.206010807609736,10
2025Q3,1123067,30대,A_외식카페,3,1,False,2293.163043478261,2189.822463768116,2002.6195652173913,2024Q3,expanding_prior_same_quarter_matched_industries,"[""2022Q3"", ""2023Q3"", ""2024Q3""]",True,-11.534916966003795,ready,10,0.272727272727273,22,178225.0,1937.2282608695652,"[""CS100001"", ""CS100002"", ""CS100003"", ""CS100004"", ""CS100005"", ""CS100006"", ""CS100007"", ""CS100008"", ""CS100009"", ""CS100010""]",10,-7.689688207688805,10,-3.265288399433341,10
2025Q3,1123067,40대,A_외식카페,3,1,False,1850.2934782608695,1814.0471014492753,1742.0,2024Q3,expanding_prior_same_quarter_matched_industries,"[""2022Q3"", ""2023Q3"", ""2024Q3""]",True,-9.521907337465073,ready,10,0.363636363636364,22,151001.0,1641.3152173913043,"[""CS100001"", ""CS100002"", ""CS100003"", ""CS100004"", ""CS100005"", ""CS100006"", ""CS100007"", ""CS100008"", ""CS100009"", ""CS100010""]",10,-3.39209542922001,10,-5.779838266859683,10
2025Q3,1123067,50대,A_외식카페,3,1,True,1482.804347826087,1456.1992753623188,1422.3804347826087,2024Q3,expanding_prior_same_quarter_matched_industries,"[""2022Q3"", ""2023Q3"", ""2024Q3""]",False,5.814471363062967,ready,10,0.636363636363636,22,141760.0,1540.8695652173913,"[""CS100001"", ""CS100002"", ""CS100003"", ""CS100004"", ""CS100005"", ""CS100006"", ""CS100007"", ""CS100008"", ""CS100009"", ""CS100010""]",10,-1.589560628012554,10,5.292868071958057,10
2025Q3,1123067,60대이상,A_외식카페,3,1,True,1256.7826086956522,1210.9492753623188,1131.4021739130435,2024Q3,expanding_prior_same_quarter_matched_industries,"[""2022Q3"", ""2023Q3"", ""2024Q3""]",False,15.622550280950986,ready,10,0.5,22,128812.0,1400.1304347826087,"[""CS100001"", ""CS100002"", ""CS100003"", ""CS100004"", ""CS100005"", ""CS100006"", ""CS100007"", ""CS100008"", ""CS100009"", ""CS100010""]",10,-2.334951045380596,10,11.405936483774992,10
2025Q3,1123067,10대,B_여가운동,3,1,True,2.33695652173913,1.746376811594203,0.945652173913044,2024Q3,expanding_prior_same_quarter_matched_industries,"[""2022Q3"", ""2023Q3"", ""2024Q3""]",False,89.2116182572614,ready,5,0.842105263157895,19,304.0,3.304347826086957,"[""CS200005"", ""CS200016"", ""CS200017"", ""CS200024"", ""CS200037""]",5,342.1994884910486,5,249.42528735632186,5
2025Q3,1123067,20대,B_여가운동,3,1,False,57.08695652173913,36.91304347826087,19.347826086956523,2024Q3,expanding_prior_same_quarter_matched_industries,"[""2022Q3"", ""2023Q3"", ""2024Q3""]",True,-82.1849234393404,ready,5,0.1,20,605.0,6.576086956521739,"[""CS200005"", ""CS200016"", ""CS200017"", ""CS200024"", ""CS200037""]",5,-15.714941824862215,5,-66.01123595505618,5
2025Q3,1123067,30대,B_여가운동,3,1,False,110.73913043478261,100.68478260869564,94.19565217391305,2024Q3,expanding_prior_same_quarter_matched_industries,"[""2022Q3"", ""2023Q3"", ""2024Q3""]",True,-45.071790996437436,ready,5,0.142857142857143,21,5088.0,55.30434782608695,"[""CS200005"", ""CS200016"", ""CS200017"", ""CS200024"", ""CS200037""]",5,26.896007366967044,5,-41.287791368566815,5
2025Q3,1123067,40대,B_여가운동,3,1,False,95.26086956521739,63.21739130434782,39.65217391304348,2024Q3,expanding_prior_same_quarter_matched_industries,"[""2022Q3"", ""2023Q3"", ""2024Q3""]",False,16.127922971114184,ready,5,0.714285714285714,21,6754.0,73.41304347826087,"[""CS200005"", ""CS200016"", ""CS200017"", ""CS200024"", ""CS200037""]",5,29.795744249499514,5,85.14254385964915,5
2025Q3,1123067,50대,B_여가운동,3,1,False,113.25,89.93478260869567,77.1304347826087,2024Q3,expanding_prior_same_quarter_matched_industries,"[""2022Q3"", ""2023Q3"", ""2024Q3""]",False,-10.587382160986236,ready,5,0.428571428571429,21,7398.0,80.41304347826087,"[""CS200005"", ""CS200016"", ""CS200017"", ""CS200024"", ""CS200037""]",5,39.1970126787472,5,1.245381141371293,5
2025Q3,1123067,60대이상,B_여가운동,3,1,True,74.3804347826087,62.48550724637681,47.08695652173913,2024Q3,expanding_prior_same_quarter_matched_industries,"[""2022Q3"", ""2023Q3"", ""2024Q3""]",False,23.26336541806795,ready,5,0.571428571428571,21,7086.0,77.02173913043478,"[""CS200005"", ""CS200016"", ""CS200017"", ""CS200024"", ""CS200037""]",5,28.960041598336073,5,16.718827211332552,5
2025Q3,1123067,10대,C_대면생활서비스,3,1,False,1.934782608695652,1.380434782608696,0.891304347826087,2024Q3,expanding_prior_same_quarter_matched_industries,"[""2022Q3"", ""2023Q3"", ""2024Q3""]",True,-44.881889763779526,ready,3,0.15,20,70.0,0.760869565217391,"[""CS200028"", ""CS200030"", ""CS200031""]",3,-2.480097979179419,3,-42.14876033057852,3
2025Q3,1123067,20대,C_대면생활서비스,3,1,False,28.17391304347826,23.876811594202895,17.684782608695652,2024Q3,expanding_prior_same_quarter_matched_industries,"[""2022Q3"", ""2023Q3"", ""2024Q3""]",True,-42.86798179059179,ready,3,0.136363636363636,22,1255.0,13.641304347826088,"[""CS200028"", ""CS200030"", ""CS200031""]",3,-11.835319911067188,3,-22.864167178856786,3
2025Q3,1123067,30대,C_대면생활서비스,3,1,False,51.98913043478261,42.6268115942029,37.07608695652174,2024Q3,expanding_prior_same_quarter_matched_industries,"[""2022Q3"", ""2023Q3"", ""2024Q3""]",True,-18.657033574160653,ready,3,0.318181818181818,22,3190.0,34.67391304347826,"[""CS200028"", ""CS200030"", ""CS200031""]",3,-7.981158152332412,3,-6.479038405159788,3
2025Q3,1123067,40대,C_대면생활서비스,3,1,False,71.22826086956522,64.3840579710145,57.69565217391305,2024Q3,expanding_prior_same_quarter_matched_industries,"[""2022Q3"", ""2023Q3"", ""2024Q3""]",False,-5.239167135621847,ready,3,0.772727272727273,22,5613.0,61.01086956521739,"[""CS200028"", ""CS200030"", ""CS200031""]",3,-9.414437421524191,3,5.746043707611137,3
2025Q3,1123067,50대,C_대면생활서비스,3,1,False,84.82608695652173,79.77536231884058,73.73913043478261,2024Q3,expanding_prior_same_quarter_matched_industries,"[""2022Q3"", ""2023Q3"", ""2024Q3""]",False,-2.715959669361434,ready,3,0.5,22,7140.0,77.6086956521739,"[""CS200028"", ""CS200030"", ""CS200031""]",3,-8.565622678044715,3,5.247641509433953,3
2025Q3,1123067,60대이상,C_대면생활서비스,3,1,True,81.25,68.71739130434783,59.95652173913044,2024Q3,expanding_prior_same_quarter_matched_industries,"[""2022Q3"", ""2023Q3"", ""2024Q3""]",False,41.96456817462828,ready,3,0.909090909090909,22,8975.0,97.55434782608695,"[""CS200028"", ""CS200030"", ""CS200031""]",3,-5.849552951809178,3,20.06688963210701,3
2025Q3,1123067,10대,D_생활필수,3,1,False,103.3695652173913,82.90217391304348,62.32608695652174,2024Q3,expanding_prior_same_quarter_matched_industries,"[""2022Q3"", ""2023Q3"", ""2024Q3""]",True,-25.383505965648357,ready,3,0.476190476190476,21,5691.0,61.858695652173914,"[""CS300001"", ""CS300002"", ""CS300010""]",3,8.273539225770854,3,-0.749912800837116,3
2025Q3,1123067,20대,D_생활필수,3,1,False,1116.2608695652175,957.2971014492754,816.2391304347826,2024Q3,expanding_prior_same_quarter_matched_industries,"[""2022Q3"", ""2023Q3"", ""2024Q3""]",True,-35.883791169279455,ready,3,0.142857142857143,21,56468.0,613.7826086956521,"[""CS300001"", ""CS300002"", ""CS300010""]",3,6.474164839117669,3,-24.803579513676198,3
2025Q3,1123067,30대,D_생활필수,3,1,False,1809.9782608695652,1707.4130434782608,1580.5978260869565,2024Q3,expanding_prior_same_quarter_matched_industries,"[""2022Q3"", ""2023Q3"", ""2024Q3""]",True,-23.05165454985294,ready,3,0.047619047619048,21,120872.0,1313.8260869565217,"[""CS300001"", ""CS300002"", ""CS300010""]",3,0.409145730735006,3,-16.877901179383148,3
2025Q3,1123067,40대,D_생활필수,3,1,False,1977.2173913043478,1909.3297101449273,1855.6195652173913,2024Q3,expanding_prior_same_quarter_matched_industries,"[""2022Q3"", ""2023Q3"", ""2024Q3""]",True,-12.316144029602915,ready,3,0.142857142857143,21,154024.0,1674.1739130434783,"[""CS300001"", ""CS300002"", ""CS300010""]",3,2.764788154519393,3,-9.778170891006754,3
2025Q3,1123067,50대,D_생활필수,3,1,False,1484.2717391304348,1454.3478260869567,1412.8260869565217,2024Q3,expanding_prior_same_quarter_matched_industries,"[""2022Q3"", ""2023Q3"", ""2024Q3""]",True,-3.224962630792239,ready,3,0.285714285714286,21,129485.0,1407.445652173913,"[""CS300001"", ""CS300002"", ""CS300010""]",3,3.245886246645391,3,-3.990598144838986,3
2025Q3,1123067,60대이상,D_생활필수,3,1,True,1117.5760869565217,1009.2282608695651,865.5434782608696,2024Q3,expanding_prior_same_quarter_matched_industries,"[""2022Q3"", ""2023Q3"", ""2024Q3""]",False,25.62009283891049,ready,3,0.666666666666667,21,116637.0,1267.7934782608695,"[""CS300001"", ""CS300002"", ""CS300010""]",3,2.066835810550116,3,13.441356974041252,3
2025Q3,1123067,10대,E_의료건강,3,1,False,55.22826086956522,38.94202898550724,28.42391304347826,2024Q3,expanding_prior_same_quarter_matched_industries,"[""2022Q3"", ""2023Q3"", ""2024Q3""]",True,-30.247487904726455,ready,5,0.19047619047619,21,2499.0,27.16304347826087,"[""CS200006"", ""CS200007"", ""CS200008"", ""CS300018"", ""CS300019""]",5,-1.872292317517299,5,-4.435946462715101,5
2025Q3,1123067,20대,E_의료건강,3,1,False,412.3369565217391,387.95652173913044,362.0,2024Q3,expanding_prior_same_quarter_matched_industries,"[""2022Q3"", ""2023Q3"", ""2024Q3""]",True,-24.19589824050208,ready,5,0.571428571428571,21,27056.0,294.0869565217391,"[""CS200006"", ""CS200007"", ""CS200008"", ""CS300018"", ""CS300019""]",5,-4.326065195630402,5,-18.76050924813837,5
2025Q3,1123067,30대,E_의료건강,3,1,True,790.0326086956521,773.3659420289855,764.304347826087,2024Q3,expanding_prior_same_quarter_matched_industries,"[""2022Q3"", ""2023Q3"", ""2024Q3""]",False,9.778448247590754,ready,5,1.0,21,78107.0,848.9891304347826,"[""CS200006"", ""CS200007"", ""CS200008"", ""CS300018"", ""CS300019""]",5,6.253539175042588,5,11.07998179646168,5
2025Q3,1123067,40대,E_의료건강,3,1,False,1771.3260869565217,1634.6159420289857,1483.7608695652175,2024Q3,expanding_prior_same_quarter_matched_industries,"[""2022Q3"", ""2023Q3"", ""2024Q3""]",False,7.729733084489987,ready,5,1.0,21,162009.0,1760.9673913043478,"[""CS200006"", ""CS200007"", ""CS200008"", ""CS300018"", ""CS300019""]",5,-8.274548602953768,5,-0.584798910175388,5
2025Q3,1123067,50대,E_의료건강,3,1,False,1419.9347826086957,1368.355072463768,1265.7065217391305,2024Q3,expanding_prior_same_quarter_matched_industries,"[""2022Q3"", ""2023Q3"", ""2024Q3""]",False,-0.212621734548513,ready,5,0.80952380952381,21,125621.0,1365.445652173913,"[""CS200006"", ""CS200007"", ""CS200008"", ""CS300018"", ""CS300019""]",5,1.396685556066446,5,-3.802828765497335,5
2025Q3,1123067,60대이상,E_의료건강,3,1,False,1812.3804347826087,1680.804347826087,1538.304347826087,2024Q3,expanding_prior_same_quarter_matched_industries,"[""2022Q3"", ""2023Q3"", ""2024Q3""]",False,5.069389655573819,ready,5,0.428571428571429,21,162473.0,1766.0108695652175,"[""CS200006"", ""CS200007"", ""CS200008"", ""CS300018"", ""CS300019""]",5,-3.421280570652174,5,-2.558489615506865,5
2025Q3,1123068,10대,A_외식카페,3,1,False,0.0,0.0,0.0,2024Q3,expanding_prior_same_quarter_matched_industries,"[""2022Q3"", ""2023Q3"", ""2024Q3""]",False,,ready,1,,0,0.0,0.0,"[""CS100001""]",1,,1,,1
2025Q3,1123068,20대,A_외식카페,3,1,False,0.282608695652174,0.094202898550725,0.0,2024Q3,expanding_prior_same_quarter_matched_industries,"[""2022Q3"", ""2023Q3"", ""2024Q3""]",False,-100.0,ready,1,0.045454545454545,22,0.0,0.0,"[""CS100001""]",1,,1,-100.0,1
2025Q3,1123068,30대,A_외식카페,3,1,True,0.815217391304348,0.271739130434783,0.0,2024Q3,expanding_prior_same_quarter_matched_industries,"[""2022Q3"", ""2023Q3"", ""2024Q3""]",False,400.0,ready,1,1.0,22,125.0,1.358695652173913,"[""CS100001""]",1,627.3017902813299,1,66.66666666666667,1
2025Q3,1123068,40대,A_외식카페,3,1,True,1.923913043478261,0.793478260869565,0.228260869565217,2024Q3,expanding_prior_same_quarter_matched_industries,"[""2022Q3"", ""2023Q3"", ""2024Q3""]",False,346.5753424657534,ready,1,1.0,22,326.0,3.543478260869565,"[""CS100001""]",1,26.453537936913918,1,84.18079096045197,1
2025Q3,1123068,50대,A_외식카페,3,1,False,5.336956521739131,2.148550724637681,0.554347826086957,2024Q3,expanding_prior_same_quarter_matched_industries,"[""2022Q3"", ""2023Q3"", ""2024Q3""]",False,-41.31534569983136,ready,1,0.045454545454545,22,116.0,1.260869565217391,"[""CS100001""]",1,-20.869565217391294,1,-76.37474541751527,1
2025Q3,1123068,60대이상,A_외식카페,3,1,True,2.391304347826087,0.822463768115942,0.0,2024Q3,expanding_prior_same_quarter_matched_industries,"[""2022Q3"", ""2023Q3"", ""2024Q3""]",False,892.511013215859,ready,1,1.0,22,751.0,8.16304347826087,"[""CS100001""]",1,-15.39442408636229,1,241.36363636363635,1
2025Q3,1123068,10대,B_여가운동,0,0,,,,,,expanding_prior_same_quarter_matched_industries,[],,,insufficient_matched_same_quarter_history,0,,0,,,[],0,,0,,0
2025Q3,1123068,20대,B_여가운동,0,0,,,,,,expanding_prior_same_quarter_matched_industries,[],,,insufficient_matched_same_quarter_history,0,,0,,,[],0,,0,,0
2025Q3,1123068,30대,B_여가운동,0,0,,,,,,expanding_prior_same_quarter_matched_industries,[],,,insufficient_matched_same_quarter_history,0,,0,,,[],0,,0,,0
2025Q3,1123068,40대,B_여가운동,0,0,,,,,,expanding_prior_same_quarter_matched_industries,[],,,insufficient_matched_same_quarter_history,0,,0,,,[],0,,0,,0
2025Q3,1123068,50대,B_여가운동,0,0,,,,,,expanding_prior_same_quarter_matched_industries,[],,,insufficient_matched_same_quarter_history,0,,0,,,[],0,,0,,0
2025Q3,1123068,60대이상,B_여가운동,0,0,,,,,,expanding_prior_same_quarter_matched_industries,[],,,insufficient_matched_same_quarter_history,0,,0,,,[],0,,0,,0
2025Q3,1123068,10대,C_대면생활서비스,3,1,False,0.0,0.0,0.0,2024Q3,expanding_prior_same_quarter_matched_industries,"[""2022Q3"", ""2023Q3"", ""2024Q3""]",False,,ready,1,,0,0.0,0.0,"[""CS200028""]",1,-100.0,1,,1
2025Q3,1123068,20대,C_대면생활서비스,3,1,False,0.760869565217391,0.405797101449275,0.0,2024Q3,expanding_prior_same_quarter_matched_industries,"[""2022Q3"", ""2023Q3"", ""2024Q3""]",False,-25.0,ready,1,0.409090909090909,22,28.0,0.304347826086957,"[""CS200028""]",1,97.82608695652175,1,,1
2025Q3,1123068,30대,C_대면생활서비스,3,1,False,1.239130434782609,0.855072463768116,0.260869565217391,2024Q3,expanding_prior_same_quarter_matched_industries,"[""2022Q3"", ""2023Q3"", ""2024Q3""]",False,-51.69491525423729,ready,1,0.045454545454545,22,38.0,0.41304347826087,"[""CS200028""]",1,10.54987212276215,1,58.33333333333335,1
2025Q3,1123068,40대,C_대면생활서비스,3,1,False,3.08695652173913,1.894927536231884,0.923913043478261,2024Q3,expanding_prior_same_quarter_matched_industries,"[""2022Q3"", ""2023Q3"", ""2024Q3""]",False,-5.927342256214152,ready,1,0.727272727272727,22,164.0,1.782608695652174,"[""CS200028""]",1,-24.197480698902897,1,92.94117647058823,1
2025Q3,1123068,50대,C_대면생활서비스,3,1,True,3.206521739130435,2.648550724637681,1.847826086956522,2024Q3,expanding_prior_same_quarter_matched_industries,"[""2022Q3"", ""2023Q3"", ""2024Q3""]",False,104.37756497948017,ready,1,1.0,22,498.0,5.413043478260869,"[""CS200028""]",1,23.455377574370683,1,68.8135593220339,1
2025Q3,1123068,60대이상,C_대면생활서비스,3,1,False,6.184782608695652,4.474637681159421,2.434782608695652,2024Q3,expanding_prior_same_quarter_matched_industries,"[""2022Q3"", ""2023Q3"", ""2024Q3""]",False,4.210526315789442,ready,1,0.227272727272727,22,429.0,4.663043478260869,"[""CS200028""]",1,-19.4806534114347,1,-24.604569420035162,1
2025Q3,1123068,10대,D_생활필수,0,0,,,,,,expanding_prior_same_quarter_matched_industries,[],,,insufficient_matched_same_quarter_history,1,,0,,,[],0,,1,,0
2025Q3,1123068,20대,D_생활필수,0,0,,,,,,expanding_prior_same_quarter_matched_industries,[],,,insufficient_matched_same_quarter_history,1,,0,,,[],0,,1,,0
2025Q3,1123068,30대,D_생활필수,0,0,,,,,,expanding_prior_same_quarter_matched_industries,[],,,insufficient_matched_same_quarter_history,1,,0,,,[],0,,1,,0
2025Q3,1123068,40대,D_생활필수,0,0,,,,,,expanding_prior_same_quarter_matched_industries,[],,,insufficient_matched_same_quarter_history,1,,0,,,[],0,,1,,0
2025Q3,1123068,50대,D_생활필수,0,0,,,,,,expanding_prior_same_quarter_matched_industries,[],,,insufficient_matched_same_quarter_history,1,,0,,,[],0,,1,,0
2025Q3,1123068,60대이상,D_생활필수,0,0,,,,,,expanding_prior_same_quarter_matched_industries,[],,,insufficient_matched_same_quarter_history,1,,0,,,[],0,317.03877790834315,1,,0
2025Q3,1123068,10대,E_의료건강,0,0,,,,,,expanding_prior_same_quarter_matched_industries,[],,,insufficient_matched_same_quarter_history,0,,0,,,[],0,,0,,0
2025Q3,1123068,20대,E_의료건강,0,0,,,,,,expanding_prior_same_quarter_matched_industries,[],,,insufficient_matched_same_quarter_history,0,,0,,,[],0,,0,,0
2025Q3,1123068,30대,E_의료건강,0,0,,,,,,expanding_prior_same_quarter_matched_industries,[],,,insufficient_matched_same_quarter_history,0,,0,,,[],0,,0,,0
2025Q3,1123068,40대,E_의료건강,0,0,,,,,,expanding_prior_same_quarter_matched_industries,[],,,insufficient_matched_same_quarter_history,0,,0,,,[],0,,0,,0
2025Q3,1123068,50대,E_의료건강,0,0,,,,,,expanding_prior_same_quarter_matched_industries,[],,,insufficient_matched_same_quarter_history,0,,0,,,[],0,,0,,0
2025Q3,1123068,60대이상,E_의료건강,0,0,,,,,,expanding_prior_same_quarter_matched_industries,[],,,insufficient_matched_same_quarter_history,0,,0,,,[],0,,0,,0
2025Q3,1123071,10대,A_외식카페,3,1,False,61.70652173913044,48.92391304347826,35.47826086956522,2024Q3,expanding_prior_same_quarter_matched_industries,"[""2022Q3"", ""2023Q3"", ""2024Q3""]",True,-27.63830259942235,ready,10,0.333333333333333,21,3257.0,35.40217391304348,"[""CS100001"", ""CS100002"", ""CS100003"", ""CS100004"", ""CS100005"", ""CS100006"", ""CS100007"", ""CS100008"", ""CS100009"", ""CS100010""]",10,14.241057662658019,10,-0.21446078431373,10
2025Q3,1123071,20대,A_외식카페,3,1,False,661.0869565217391,531.1521739130435,435.2608695652174,2024Q3,expanding_prior_same_quarter_matched_industries,"[""2022Q3"", ""2023Q3"", ""2024Q3""]",True,-26.54606474849589,ready,10,0.590909090909091,22,35894.0,390.1521739130435,"[""CS100001"", ""CS100002"", ""CS100003"", ""CS100004"", ""CS100005"", ""CS100006"", ""CS100007"", ""CS100008"", ""CS100009"", ""CS100010""]",10,6.656596449432106,10,-10.363600039956044,10
2025Q3,1123071,30대,A_외식카페,3,1,False,1126.108695652174,980.6884057971015,901.1739130434783,2024Q3,expanding_prior_same_quarter_matched_industries,"[""2022Q3"", ""2023Q3"", ""2024Q3""]",False,-5.57431558724647,ready,10,0.636363636363636,22,85194.0,926.0217391304348,"[""CS100001"", ""CS100002"", ""CS100003"", ""CS100004"", ""CS100005"", ""CS100006"", ""CS100007"", ""CS100008"", ""CS100009"", ""CS100010""]",10,-2.308190147266298,10,1.228612167300391,10
2025Q3,1123071,40대,A_외식카페,3,1,False,1250.1847826086957,1122.9347826086957,1027.5434782608695,2024Q3,expanding_prior_same_quarter_matched_industries,"[""2022Q3"", ""2023Q3"", ""2024Q3""]",False,-1.88461910754042,ready,10,0.636363636363636,22,101363.0,1101.7717391304348,"[""CS100001"", ""CS100002"", ""CS100003"", ""CS100004"", ""CS100005"", ""CS100006"", ""CS100007"", ""CS100008"", ""CS100009"", ""CS100010""]",10,10.396754270438535,10,7.22385596716526,10
2025Q3,1123071,50대,A_외식카페,3,1,True,1152.2826086956522,1112.5036231884058,1090.358695652174,2024Q3,expanding_prior_same_quarter_matched_industries,"[""2022Q3"", ""2023Q3"", ""2024Q3""]",False,14.575103158758651,ready,10,0.863636363636364,22,117268.0,1274.6521739130435,"[""CS100001"", ""CS100002"", ""CS100003"", ""CS100004"", ""CS100005"", ""CS100006"", ""CS100007"", ""CS100008"", ""CS100009"", ""CS100010""]",10,7.663428372877434,10,16.902096438148597,10
2025Q3,1123071,60대이상,A_외식카페,3,1,True,930.7282608695652,843.5942028985506,798.6304347826087,2024Q3,expanding_prior_same_quarter_matched_industries,"[""2022Q3"", ""2023Q3"", ""2024Q3""]",False,37.34967702034086,ready,10,0.863636363636364,22,106598.0,1158.6739130434783,"[""CS100001"", ""CS100002"", ""CS100003"", ""CS100004"", ""CS100005"", ""CS100006"", ""CS100007"", ""CS100008"", ""CS100009"", ""CS100010""]",10,2.612355687758772,10,24.491106777067984,10
2025Q3,1123071,10대,B_여가운동,3,1,True,0.782608695652174,0.681159420289855,0.630434782608696,2024Q3,expanding_prior_same_quarter_matched_industries,"[""2022Q3"", ""2023Q3"", ""2024Q3""]",False,113.82978723404253,ready,5,0.894736842105263,19,134.0,1.456521739130435,"[""CS200005"", ""CS200016"", ""CS200017"", ""CS200024"", ""CS200037""]",5,452.26449275362313,5,131.0344827586207,5
2025Q3,1123071,20대,B_여가운동,3,1,False,9.23913043478261,8.5,8.021739130434783,2024Q3,expanding_prior_same_quarter_matched_industries,"[""2022Q3"", ""2023Q3"", ""2024Q3""]",True,-50.127877237851656,ready,5,0.25,20,390.0,4.239130434782608,"[""CS200005"", ""CS200016"", ""CS200017"", ""CS200024"", ""CS200037""]",5,4.826323251417763,5,-47.15447154471546,5
2025Q3,1123071,30대,B_여가운동,3,1,False,30.48913043478261,23.807971014492754,16.52173913043478,2024Q3,expanding_prior_same_quarter_matched_industries,"[""2022Q3"", ""2023Q3"", ""2024Q3""]",True,-44.300715264038956,ready,5,0.19047619047619,21,1220.0,13.26086956521739,"[""CS200005"", ""CS200016"", ""CS200017"", ""CS200024"", ""CS200037""]",5,-10.212862318840587,5,-19.736842105263154,5
2025Q3,1123071,40대,B_여가운동,3,1,False,29.880434782608695,26.007246376811594,18.641304347826086,2024Q3,expanding_prior_same_quarter_matched_industries,"[""2022Q3"", ""2023Q3"", ""2024Q3""]",True,-41.404290888826964,ready,5,0.095238095238095,21,1402.0,15.23913043478261,"[""CS200005"", ""CS200016"", ""CS200017"", ""CS200024"", ""CS200037""]",5,-14.765773228935618,5,-18.25072886297375,5
2025Q3,1123071,50대,B_여가운동,3,1,False,38.68478260869565,31.56159420289855,24.847826086956523,2024Q3,expanding_prior_same_quarter_matched_industries,"[""2022Q3"", ""2023Q3"", ""2024Q3""]",False,-16.347147285041906,ready,5,0.380952380952381,21,2429.0,26.402173913043477,"[""CS200005"", ""CS200016"", ""CS200017"", ""CS200024"", ""CS200037""]",5,13.490686163767428,5,6.255468066491665,5
2025Q3,1123071,60대이상,B_여가운동,3,1,False,32.29347826086956,26.239130434782606,18.83695652173913,2024Q3,expanding_prior_same_quarter_matched_industries,"[""2022Q3"", ""2023Q3"", ""2024Q3""]",False,-27.671913835956907,ready,5,0.142857142857143,21,1746.0,18.97826086956522,"[""CS200005"", ""CS200016"", ""CS200017"", ""CS200024"", ""CS200037""]",5,-0.574453705789579,5,0.750144258511276,5
2025Q3,1123071,10대,C_대면생활서비스,3,1,False,5.0,2.978260869565217,0.934782608695652,2024Q3,expanding_prior_same_quarter_matched_industries,"[""2022Q3"", ""2023Q3"", ""2024Q3""]",False,-2.189781021897808,ready,4,0.55,20,268.0,2.91304347826087,"[""CS200028"", ""CS200029"", ""CS200031""]",3,14.756258234519116,3,-2.898550724637683,3
2025Q3,1123071,20대,C_대면생활서비스,3,1,False,31.619565217391305,21.01086956521739,14.380434782608695,2024Q3,expanding_prior_same_quarter_matched_industries,"[""2022Q3"", ""2023Q3"", ""2024Q3""]",True,-42.73150543197103,ready,4,0.181818181818182,22,1107.0,12.032608695652174,"[""CS200028"", ""CS200029"", ""CS200031""]",3,-35.51428790904902,3,-16.326530612244895,3
2025Q3,1123071,30대,C_대면생활서비스,3,1,False,68.16304347826087,52.8731884057971,44.92391304347826,2024Q3,expanding_prior_same_quarter_matched_industries,"[""2022Q3"", ""2023Q3"", ""2024Q3""]",True,-15.918591105324465,ready,4,0.363636363636364,22,4090.0,44.45652173913044,"[""CS200028"", ""CS200029"", ""CS200031""]",3,-8.699086475719486,3,-2.363332537598462,3
2025Q3,1123071,40대,C_대면생활서비스,3,1,False,94.8804347826087,81.47101449275362,57.72826086956522,2024Q3,expanding_prior_same_quarter_matched_industries,"[""2022Q3"", ""2023Q3"", ""2024Q3""]",True,-29.716267900026683,ready,4,0.090909090909091,22,5268.0,57.26086956521739,"[""CS200028"", ""CS200029"", ""CS200031""]",3,0.477036838310507,3,-0.809640369045384,3
2025Q3,1123071,50대,C_대면생활서비스,3,1,False,125.47826086956522,117.6159420289855,107.41304347826087,2024Q3,expanding_prior_same_quarter_matched_industries,"[""2022Q3"", ""2023Q3"", ""2024Q3""]",True,-13.027539892797735,ready,4,0.181818181818182,22,9411.0,102.29347826086956,"[""CS200028"", ""CS200029"", ""CS200031""]",3,-9.97382474140106,3,-4.766241651487557,3
2025Q3,1123071,60대이상,C_대면생활서비스,3,1,True,75.03260869565217,65.2572463768116,54.91304347826087,2024Q3,expanding_prior_same_quarter_matched_industries,"[""2022Q3"", ""2023Q3"", ""2024Q3""]",False,21.825551052134816,ready,4,0.636363636363636,22,7314.0,79.5,"[""CS200028"", ""CS200029"", ""CS200031""]",3,-0.584031881269753,3,5.953933072577144,3
2025Q3,1123071,10대,D_생활필수,3,1,False,184.79347826086956,136.92391304347825,102.1413043478261,2024Q3,expanding_prior_same_quarter_matched_industries,"[""2022Q3"", ""2023Q3"", ""2024Q3""]",False,-21.147892355322682,ready,6,0.619047619047619,21,9933.0,107.96739130434783,"[""CS300001"", ""CS300002"", ""CS300007"", ""CS300009"", ""CS300010""]",5,31.5970078850208,6,5.703948068532516,5
2025Q3,1123071,20대,D_생활필수,3,1,False,1063.391304347826,905.1268115942029,785.2826086956521,2024Q3,expanding_prior_same_quarter_matched_industries,"[""2022Q3"", ""2023Q3"", ""2024Q3""]",True,-32.4091827952685,ready,6,0.428571428571429,21,56284.0,611.7826086956521,"[""CS300001"", ""CS300002"", ""CS300007"", ""CS300009"", ""CS300010""]",5,-9.075409705687921,6,-22.093956758851707,5
2025Q3,1123071,30대,D_생활필수,3,1,False,1874.4021739130435,1711.6123188405797,1609.2717391304348,2024Q3,expanding_prior_same_quarter_matched_industries,"[""2022Q3"", ""2023Q3"", ""2024Q3""]",True,-16.343180110286724,ready,6,0.19047619047619,21,131733.0,1431.8804347826087,"[""CS300001"", ""CS300002"", ""CS300007"", ""CS300009"", ""CS300010""]",5,-0.202106563613991,6,-11.023079572855664,5
2025Q3,1123071,40대,D_생활필수,3,1,False,2506.1304347826085,2311.072463768116,2195.608695652174,2024Q3,expanding_prior_same_quarter_matched_industries,"[""2022Q3"", ""2023Q3"", ""2024Q3""]",True,-23.215114383183668,ready,6,0.047619047619048,21,163259.0,1774.554347826087,"[""CS300001"", ""CS300002"", ""CS300007"", ""CS300009"", ""CS300010""]",5,-4.968341904362506,6,-19.177112418067686,5
2025Q3,1123071,50대,D_생활필수,3,1,False,2650.695652173913,2586.0978260869565,2524.891304347826,2024Q3,expanding_prior_same_quarter_matched_industries,"[""2022Q3"", ""2023Q3"", ""2024Q3""]",True,-9.084948365213663,ready,6,0.047619047619048,21,216306.0,2351.1521739130435,"[""CS300001"", ""CS300002"", ""CS300007"", ""CS300009"", ""CS300010""]",5,-4.299297684282555,6,-11.300560968408623,5
2025Q3,1123071,60대이상,D_생활필수,3,1,True,2305.4347826086955,2200.5869565217395,2081.1521739130435,2024Q3,expanding_prior_same_quarter_matched_industries,"[""2022Q3"", ""2023Q3"", ""2024Q3""]",False,11.473717486441348,ready,6,0.238095238095238,21,225683.0,2453.0760869565215,"[""CS300001"", ""CS300002"", ""CS300007"", ""CS300009"", ""CS300010""]",5,-6.971900662100527,6,6.404054691183392,5
2025Q3,1123071,10대,E_의료건강,3,1,False,44.43478260869565,32.507246376811594,20.695652173913043,2024Q3,expanding_prior_same_quarter_matched_industries,"[""2022Q3"", ""2023Q3"", ""2024Q3""]",False,-6.876950512706204,ready,5,0.761904761904762,21,2785.0,30.27173913043478,"[""CS200006"", ""CS200007"", ""CS200008"", ""CS300018"", ""CS300019""]",5,12.667822530452554,5,46.271008403361336,5
2025Q3,1123071,20대,E_의료건강,3,1,False,389.1521739130435,337.0,266.69565217391306,2024Q3,expanding_prior_same_quarter_matched_industries,"[""2022Q3"", ""2023Q3"", ""2024Q3""]",True,-31.270158689201388,ready,5,0.333333333333333,21,21309.0,231.6195652173913,"[""CS200006"", ""CS200007"", ""CS200008"", ""CS300018"", ""CS300019""]",5,13.300975298514285,5,-13.152103032279106,5
2025Q3,1123071,30대,E_의료건강,3,1,False,1009.6304347826087,841.195652173913,680.0652173913044,2024Q3,expanding_prior_same_quarter_matched_industries,"[""2022Q3"", ""2023Q3"", ""2024Q3""]",True,-28.23362191497609,ready,5,0.19047619047619,21,55540.0,603.695652173913,"[""CS200006"", ""CS200007"", ""CS200008"", ""CS300018"", ""CS300019""]",5,-2.382315425793691,5,-11.22974139308891,5
2025Q3,1123071,40대,E_의료건강,3,1,False,1228.1739130434783,1120.7572463768117,1053.4021739130435,2024Q3,expanding_prior_same_quarter_matched_industries,"[""2022Q3"", ""2023Q3"", ""2024Q3""]",True,-32.428255999275855,ready,5,0.047619047619048,21,69673.0,757.3152173913044,"[""CS200006"", ""CS200007"", ""CS200008"", ""CS300018"", ""CS300019""]",5,-8.763242493402135,5,-28.107684211612472,5
2025Q3,1123071,50대,E_의료건강,3,1,False,1043.8478260869565,968.7246376811594,911.5434782608696,2024Q3,expanding_prior_same_quarter_matched_industries,"[""2022Q3"", ""2023Q3"", ""2024Q3""]",True,-18.289024864606073,ready,5,0.142857142857143,21,72823.0,791.554347826087,"[""CS200006"", ""CS200007"", ""CS200008"", ""CS300018"", ""CS300019""]",5,-6.263978590443209,5,-13.163292075075717,5
2025Q3,1123071,60대이상,E_의료건강,3,1,False,1167.2173913043478,1095.4855072463768,1055.9565217391305,2024Q3,expanding_prior_same_quarter_matched_industries,"[""2022Q3"", ""2023Q3"", ""2024Q3""]",True,-9.149870681386718,ready,5,0.142857142857143,21,91563.0,995.25,"[""CS200006"", ""CS200007"", ""CS200008"", ""CS300018"", ""CS300019""]",5,-6.746550658978578,5,-5.748960349157994,5
2025Q3,1123072,10대,A_외식카페,3,1,False,9.597826086956522,4.123188405797102,1.054347826086957,2024Q3,expanding_prior_same_quarter_matched_industries,"[""2022Q3"", ""2023Q3"", ""2024Q3""]",False,30.228471001757473,ready,4,0.952380952380952,21,494.0,5.369565217391305,"[""CS100001"", ""CS100006"", ""CS100007"", ""CS100010""]",4,542.9347826086957,4,409.27835051546396,4
2025Q3,1123072,20대,A_외식카페,3,1,False,106.29347826086956,91.61956521739131,78.17391304347827,2024Q3,expanding_prior_same_quarter_matched_industries,"[""2022Q3"", ""2023Q3"", ""2024Q3""]",False,-5.836991339423426,ready,4,0.954545454545455,22,7937.0,86.27173913043478,"[""CS100001"", ""CS100006"", ""CS100007"", ""CS100010""]",4,9.250323697043772,4,10.358731924360388,4
2025Q3,1123072,30대,A_외식카페,3,1,False,217.19565217391303,199.46014492753622,176.7391304347826,2024Q3,expanding_prior_same_quarter_matched_industries,"[""2022Q3"", ""2023Q3"", ""2024Q3""]",True,-16.268550980000352,ready,4,0.136363636363636,22,15365.0,167.0108695652174,"[""CS100001"", ""CS100006"", ""CS100007"", ""CS100010""]",4,2.869833020406021,4,-5.504305043050417,4
2025Q3,1123072,40대,A_외식카페,3,1,False,351.17391304347825,299.94565217391306,272.60869565217394,2024Q3,expanding_prior_same_quarter_matched_industries,"[""2022Q3"", ""2023Q3"", ""2024Q3""]",True,-9.885848885667702,ready,4,0.318181818181818,22,24867.0,270.29347826086956,"[""CS100001"", ""CS100006"", ""CS100007"", ""CS100010""]",4,-16.91985907674414,4,-2.086860652833011,4
2025Q3,1123072,50대,A_외식카페,3,1,False,264.57608695652175,237.5253623188406,201.32608695652175,2024Q3,expanding_prior_same_quarter_matched_industries,"[""2022Q3"", ""2023Q3"", ""2024Q3""]",False,7.704745488658715,ready,4,0.681818181818182,22,23536.0,255.82608695652175,"[""CS100001"", ""CS100006"", ""CS100007"", ""CS100010""]",4,1.669027482939467,4,3.710231779324946,4
2025Q3,1123072,60대이상,A_외식카페,3,1,False,320.19565217391306,267.036231884058,177.5108695652174,2024Q3,expanding_prior_same_quarter_matched_industries,"[""2022Q3"", ""2023Q3"", ""2024Q3""]",False,14.660389134623198,ready,4,0.409090909090909,22,28169.0,306.1847826086956,"[""CS100001"", ""CS100006"", ""CS100007"", ""CS100010""]",4,-2.218581444494472,4,0.917135384946066,4
2025Q3,1123072,10대,B_여가운동,3,1,False,0.0,0.0,0.0,2024Q3,expanding_prior_same_quarter_matched_industries,"[""2022Q3"", ""2023Q3"", ""2024Q3""]",False,,ready,2,,0,0.0,0.0,"[""CS200017""]",1,47.032902467685076,2,52.77777777777777,2
2025Q3,1123072,20대,B_여가운동,3,1,False,0.130434782608696,0.08695652173913,0.065217391304348,2024Q3,expanding_prior_same_quarter_matched_industries,"[""2022Q3"", ""2023Q3"", ""2024Q3""]",True,-100.0,ready,2,0.05,20,0.0,0.0,"[""CS200017""]",1,42.60469458522272,2,-48.80174291938998,2
2025Q3,1123072,30대,B_여가운동,3,1,False,0.978260869565217,0.673913043478261,0.326086956521739,2024Q3,expanding_prior_same_quarter_matched_industries,"[""2022Q3"", ""2023Q3"", ""2024Q3""]",True,-61.29032258064516,ready,2,0.047619047619048,21,24.0,0.260869565217391,"[""CS200017""]",1,10.543230097280132,2,1.345755693581796,2
2025Q3,1123072,40대,B_여가운동,3,1,True,0.58695652173913,0.456521739130435,0.326086956521739,2024Q3,expanding_prior_same_quarter_matched_industries,"[""2022Q3"", ""2023Q3"", ""2024Q3""]",False,99.99999999999997,ready,2,0.952380952380952,21,84.0,0.91304347826087,"[""CS200017""]",1,8.5162515829464,2,-2.164502164502169,2
2025Q3,1123072,50대,B_여가운동,3,1,False,1.173913043478261,0.717391304347826,0.456521739130435,2024Q3,expanding_prior_same_quarter_matched_industries,"[""2022Q3"", ""2023Q3"", ""2024Q3""]",False,-18.181818181818187,ready,2,0.333333333333333,21,54.0,0.58695652173913,"[""CS200017""]",1,-1.535264506189438,2,2.070130967469352,2
2025Q3,1123072,60대이상,B_여가운동,3,1,False,0.130434782608696,0.065217391304348,0.0,2024Q3,expanding_prior_same_quarter_matched_industries,"[""2022Q3"", ""2023Q3"", ""2024Q3""]",False,-100.0,ready,2,0.047619047619048,21,0.0,0.0,"[""CS200017""]",1,-3.756581916654134,2,8.112264513648594,2
2025Q3,1123072,10대,C_대면생활서비스,3,1,False,1.619565217391304,1.032608695652174,0.445652173913043,2024Q3,expanding_prior_same_quarter_matched_industries,"[""2022Q3"", ""2023Q3"", ""2024Q3""]",False,51.57894736842108,ready,3,0.9,20,144.0,1.565217391304348,"[""CS200028"", ""CS200031""]",2,27.173913043478247,3,-3.355704697986583,3
2025Q3,1123072,20대,C_대면생활서비스,3,1,True,4.771739130434782,3.445652173913043,2.152173913043478,2024Q3,expanding_prior_same_quarter_matched_industries,"[""2022Q3"", ""2023Q3"", ""2024Q3""]",False,42.586750788643535,ready,3,1.0,22,452.0,4.913043478260869,"[""CS200028"", ""CS200031""]",2,51.55490051584375,3,2.961275626423698,3
2025Q3,1123072,30대,C_대면생활서비스,3,1,False,12.891304347826088,11.014492753623188,9.16304347826087,2024Q3,expanding_prior_same_quarter_matched_industries,"[""2022Q3"", ""2023Q3"", ""2024Q3""]",False,-7.039473684210518,ready,3,0.590909090909091,22,942.0,10.23913043478261,"[""CS200028"", ""CS200031""]",2,0.081726054266107,3,-20.573355817875218,3
2025Q3,1123072,40대,C_대면생활서비스,3,1,True,29.532608695652176,27.42753623188406,25.83695652173913,2024Q3,expanding_prior_same_quarter_matched_industries,"[""2022Q3"", ""2023Q3"", ""2024Q3""]",False,16.869220607661806,ready,3,0.909090909090909,22,2949.0,32.05434782608695,"[""CS200028"", ""CS200031""]",2,6.186590905493738,3,8.53882959146115,3
2025Q3,1123072,50대,C_대면생활서비스,3,1,True,25.282608695652176,24.210144927536234,22.72826086956522,2024Q3,expanding_prior_same_quarter_matched_industries,"[""2022Q3"", ""2023Q3"", ""2024Q3""]",False,32.175995211014666,ready,3,0.954545454545455,22,2944.0,32.0,"[""CS200028"", ""CS200031""]",2,3.334710680562569,3,26.29787234042553,3
2025Q3,1123072,60대이상,C_대면생활서비스,3,1,True,18.75,17.68840579710145,17.065217391304348,2024Q3,expanding_prior_same_quarter_matched_industries,"[""2022Q3"", ""2023Q3"", ""2024Q3""]",False,39.06185989348629,ready,3,0.818181818181818,22,2263.0,24.597826086956523,"[""CS200028"", ""CS200031""]",2,9.671836056494065,3,42.596093257718984,3
2025Q3,1123072,10대,D_생활필수,3,1,False,70.41304347826087,52.717391304347835,38.56521739130435,2024Q3,expanding_prior_same_quarter_matched_industries,"[""2022Q3"", ""2023Q3"", ""2024Q3""]",False,25.257731958762864,ready,2,0.952380952380952,21,6075.0,66.03260869565217,"[""CS300001"", ""CS300002""]",2,18.19369377073854,2,34.283819628647215,2
2025Q3,1123072,20대,D_생활필수,3,1,False,2608.5652173913045,2055.7210144927535,1602.2065217391305,2024Q3,expanding_prior_same_quarter_matched_industries,"[""2022Q3"", ""2023Q3"", ""2024Q3""]",False,-21.471009677834385,ready,2,0.761904761904762,21,148519.0,1614.3369565217392,"[""CS300001"", ""CS300002""]",2,12.288396248110711,2,0.757108064286349,2
2025Q3,1123072,30대,D_생활필수,3,1,False,4599.184782608696,3856.4528985507245,3317.021739130435,2024Q3,expanding_prior_same_quarter_matched_industries,"[""2022Q3"", ""2023Q3"", ""2024Q3""]",False,-6.223523343614734,ready,2,0.619047619047619,21,332713.0,3616.445652173913,"[""CS300001"", ""CS300002""]",2,16.047828126051655,2,9.02689028266581,2
2025Q3,1123072,40대,D_생활필수,3,1,False,4021.4891304347825,3642.0797101449275,3272.5652173913045,2024Q3,expanding_prior_same_quarter_matched_industries,"[""2022Q3"", ""2023Q3"", ""2024Q3""]",False,-0.362111948301558,ready,2,0.666666666666667,21,333858.0,3628.891304347826,"[""CS300001"", ""CS300002""]",2,16.555700982854262,2,10.88828069988972,2
2025Q3,1123072,50대,D_생활필수,3,1,True,2963.358695652174,2791.36231884058,2587.217391304348,2024Q3,expanding_prior_same_quarter_matched_industries,"[""2022Q3"", ""2023Q3"", ""2024Q3""]",False,7.139130028452145,ready,2,0.619047619047619,21,275139.0,2990.641304347826,"[""CS300001"", ""CS300002""]",2,12.55613725010325,2,15.592965415252236,2
2025Q3,1123072,60대이상,D_생활필수,3,1,True,2579.5,2456.93115942029,2227.3804347826085,2024Q3,expanding_prior_same_quarter_matched_industries,"[""2022Q3"", ""2023Q3"", ""2024Q3""]",False,14.918015139069741,ready,2,0.380952380952381,21,259758.0,2823.4565217391305,"[""CS300001"", ""CS300002""]",2,13.803668989795304,2,26.761305686637172,2
2025Q3,1123072,10대,E_의료건강,3,1,False,1.217391304347826,0.666666666666667,0.08695652173913,2024Q3,expanding_prior_same_quarter_matched_industries,"[""2022Q3"", ""2023Q3"", ""2024Q3""]",False,-72.28260869565217,ready,2,0.095238095238095,21,17.0,0.184782608695652,"[""CS200007"", ""CS300019""]",2,,2,112.5,2
2025Q3,1123072,20대,E_의료건강,3,1,False,8.456521739130435,6.865942028985508,4.695652173913044,2024Q3,expanding_prior_same_quarter_matched_industries,"[""2022Q3"", ""2023Q3"", ""2024Q3""]",True,-56.93931398416887,ready,2,0.047619047619048,21,272.0,2.956521739130435,"[""CS200007"", ""CS300019""]",2,8.049589662999823,2,-37.037037037037045,2
2025Q3,1123072,30대,E_의료건강,3,1,False,28.543478260869566,24.518115942028984,17.391304347826086,2024Q3,expanding_prior_same_quarter_matched_industries,"[""2022Q3"", ""2023Q3"", ""2024Q3""]",True,-36.51544258903502,ready,2,0.047619047619048,21,1432.0,15.565217391304348,"[""CS200007"", ""CS300019""]",2,20.342802260721804,2,-10.499999999999998,2
2025Q3,1123072,40대,E_의료건강,3,1,False,51.20652173913044,43.96014492753623,35.891304347826086,2024Q3,expanding_prior_same_quarter_matched_industries,"[""2022Q3"", ""2023Q3"", ""2024Q3""]",False,-11.505810599192278,ready,2,0.428571428571429,21,3579.0,38.90217391304348,"[""CS200007"", ""CS300019""]",2,35.221460125552184,2,8.388855239248949,2
2025Q3,1123072,50대,E_의료건강,3,1,False,60.891304347826086,49.46014492753623,34.18478260869565,2024Q3,expanding_prior_same_quarter_matched_industries,"[""2022Q3"", ""2023Q3"", ""2024Q3""]",False,-28.444802578565664,ready,2,0.047619047619048,21,3256.0,35.391304347826086,"[""CS200007"", ""CS300019""]",2,-7.639555616513516,2,3.529411764705892,2
2025Q3,1123072,60대이상,E_의료건강,3,1,False,81.45652173913044,73.54347826086956,62.32608695652174,2024Q3,expanding_prior_same_quarter_matched_industries,"[""2022Q3"", ""2023Q3"", ""2024Q3""]",False,-8.690511380431554,ready,2,0.19047619047619,21,6178.0,67.15217391304348,"[""CS200007"", ""CS300019""]",2,16.308485460353197,2,7.743285664457633,2
2025Q3,1123073,10대,A_외식카페,3,1,False,55.31521739130435,53.666666666666664,50.44565217391305,2024Q3,expanding_prior_same_quarter_matched_industries,"[""2022Q3"", ""2023Q3"", ""2024Q3""]",False,1.471779638131254,ready,10,0.761904761904762,21,5010.0,54.45652173913044,"[""CS100001"", ""CS100002"", ""CS100003"", ""CS100004"", ""CS100005"", ""CS100006"", ""CS100007"", ""CS100008"", ""CS100009"", ""CS100010""]",10,5.146265186948229,10,-1.416765053128688,10
2025Q3,1123073,20대,A_외식카페,3,1,False,756.3369565217391,668.5978260869565,551.5,2024Q3,expanding_prior_same_quarter_matched_industries,"[""2022Q3"", ""2023Q3"", ""2024Q3""]",True,-25.091447058249738,ready,10,0.681818181818182,22,46077.0,500.8369565217391,"[""CS100001"", ""CS100002"", ""CS100003"", ""CS100004"", ""CS100005"", ""CS100006"", ""CS100007"", ""CS100008"", ""CS100009"", ""CS100010""]",10,1.438155004402986,10,-9.186408608932162,10
2025Q3,1123073,30대,A_외식카페,3,1,False,1135.608695652174,1071.7246376811593,1009.445652173913,2024Q3,expanding_prior_same_quarter_matched_industries,"[""2022Q3"", ""2023Q3"", ""2024Q3""]",True,-7.699563212484273,ready,10,0.590909090909091,22,91007.0,989.2065217391304,"[""CS100001"", ""CS100002"", ""CS100003"", ""CS100004"", ""CS100005"", ""CS100006"", ""CS100007"", ""CS100008"", ""CS100009"", ""CS100010""]",10,-14.554400548394542,10,-7.561121776315128,10
2025Q3,1123073,40대,A_외식카페,3,1,False,1263.891304347826,1171.5797101449275,1075.6739130434783,2024Q3,expanding_prior_same_quarter_matched_industries,"[""2022Q3"", ""2023Q3"", ""2024Q3""]",False,0.900555424980531,ready,10,0.681818181818182,22,108756.0,1182.1304347826087,"[""CS100001"", ""CS100002"", ""CS100003"", ""CS100004"", ""CS100005"", ""CS100006"", ""CS100007"", ""CS100008"", ""CS100009"", ""CS100010""]",10,-3.553197983433853,10,0.591956787154535,10
2025Q3,1123073,50대,A_외식카페,3,1,False,1153.7934782608695,1077.3007246376812,1002.5326086956521,2024Q3,expanding_prior_same_quarter_matched_industries,"[""2022Q3"", ""2023Q3"", ""2024Q3""]",False,0.66423394487698,ready,10,0.545454545454545,22,99770.0,1084.4565217391305,"[""CS100001"", ""CS100002"", ""CS100003"", ""CS100004"", ""CS100005"", ""CS100006"", ""CS100007"", ""CS100008"", ""CS100009"", ""CS100010""]",10,-1.072083125396339,10,0.825644497892952,10
2025Q3,1123073,60대이상,A_외식카페,3,1,False,1180.8478260869565,1094.3333333333333,956.8913043478261,2024Q3,expanding_prior_same_quarter_matched_industries,"[""2022Q3"", ""2023Q3"", ""2024Q3""]",False,6.24495093300137,ready,10,0.227272727272727,22,106966.0,1162.6739130434783,"[""CS100001"", ""CS100002"", ""CS100003"", ""CS100004"", ""CS100005"", ""CS100006"", ""CS100007"", ""CS100008"", ""CS100009"", ""CS100010""]",10,-5.214536222535903,10,-1.539056315469722,10
2025Q3,1123073,10대,B_여가운동,3,1,False,175.1413043478261,156.03623188405797,143.33695652173913,2024Q3,expanding_prior_same_quarter_matched_industries,"[""2022Q3"", ""2023Q3"", ""2024Q3""]",True,-23.666001021687645,ready,5,0.473684210526316,19,10958.0,119.1086956521739,"[""CS200005"", ""CS200016"", ""CS200019"", ""CS200037""]",4,66.13873857062885,4,-31.99280084403898,4
2025Q3,1123073,20대,B_여가운동,3,1,False,483.82608695652175,437.8659420289855,406.57608695652175,2024Q3,expanding_prior_same_quarter_matched_industries,"[""2022Q3"", ""2023Q3"", ""2024Q3""]",True,-27.025014273775138,ready,5,0.65,20,29397.0,319.5326086956522,"[""CS200005"", ""CS200016"", ""CS200019"", ""CS200037""]",4,2.892665928182403,4,-21.408902553134602,4
2025Q3,1123073,30대,B_여가운동,3,1,True,237.2826086956522,211.18478260869566,192.2608695652174,2024Q3,expanding_prior_same_quarter_matched_industries,"[""2022Q3"", ""2023Q3"", ""2024Q3""]",False,14.452622368624212,ready,5,0.761904761904762,21,22237.0,241.70652173913044,"[""CS200005"", ""CS200016"", ""CS200019"", ""CS200037""]",4,15.032129482040002,4,18.47727635995524,4
2025Q3,1123073,40대,B_여가운동,3,1,False,197.65217391304347,155.24637681159422,96.48913043478261,2024Q3,expanding_prior_same_quarter_matched_industries,"[""2022Q3"", ""2023Q3"", ""2024Q3""]",False,-4.996732636295764,ready,5,0.571428571428571,21,13569.0,147.4891304347826,"[""CS200005"", ""CS200016"", ""CS200019"", ""CS200037""]",4,11.604114997216165,4,-14.049534427060252,4
2025Q3,1123073,50대,B_여가운동,3,1,False,153.56521739130434,117.46014492753623,89.34782608695652,2024Q3,expanding_prior_same_quarter_matched_industries,"[""2022Q3"", ""2023Q3"", ""2024Q3""]",False,-2.658934575403316,ready,5,0.619047619047619,21,10519.0,114.33695652173913,"[""CS200005"", ""CS200016"", ""CS200019"", ""CS200037""]",4,1.311227297743534,4,-25.545016987542468,4
2025Q3,1123073,60대이상,B_여가운동,3,1,True,37.68478260869565,28.550724637681157,20.23913043478261,2024Q3,expanding_prior_same_quarter_matched_industries,"[""2022Q3"", ""2023Q3"", ""2024Q3""]",False,44.28934010152288,ready,5,0.666666666666667,21,3790.0,41.19565217391305,"[""CS200005"", ""CS200016"", ""CS200019"", ""CS200037""]",4,8.440970431764171,4,9.316411883472764,4
2025Q3,1123073,10대,C_대면생활서비스,3,1,False,3.315217391304348,2.471014492753623,1.739130434782609,2024Q3,expanding_prior_same_quarter_matched_industries,"[""2022Q3"", ""2023Q3"", ""2024Q3""]",True,-47.65395894428153,ready,3,0.1,20,119.0,1.293478260869565,"[""CS200028"", ""CS200030"", ""CS200031""]",3,-44.73872218820168,3,-60.983606557377044,3
2025Q3,1123073,20대,C_대면생활서비스,3,1,False,28.434782608695652,25.25,22.67391304347826,2024Q3,expanding_prior_same_quarter_matched_industries,"[""2022Q3"", ""2023Q3"", ""2024Q3""]",True,-26.17305208781748,ready,3,0.363636363636364,22,1715.0,18.641304347826086,"[""CS200028"", ""CS200030"", ""CS200031""]",3,14.541437923846988,3,-24.34936038817821,3
2025Q3,1123073,30대,C_대면생활서비스,3,1,False,41.141304347826086,40.89492753623188,40.56521739130435,2024Q3,expanding_prior_same_quarter_matched_industries,"[""2022Q3"", ""2023Q3"", ""2024Q3""]",True,-7.583946132719066,ready,3,0.545454545454545,22,3477.0,37.79347826086956,"[""CS200028"", ""CS200030"", ""CS200031""]",3,-3.986417595222502,3,-8.137384412153237,3
2025Q3,1123073,40대,C_대면생활서비스,3,1,False,63.119565217391305,59.46376811594203,54.68478260869565,2024Q3,expanding_prior_same_quarter_matched_industries,"[""2022Q3"", ""2023Q3"", ""2024Q3""]",False,-7.9088471849866,ready,3,0.681818181818182,22,5038.0,54.76086956521739,"[""CS200028"", ""CS200030"", ""CS200031""]",3,3.55858542050671,3,0.139137348439688,3
2025Q3,1123073,50대,C_대면생활서비스,3,1,False,61.76086956521739,56.34782608695652,52.32608695652174,2024Q3,expanding_prior_same_quarter_matched_industries,"[""2022Q3"", ""2023Q3"", ""2024Q3""]",True,-22.395833333333336,ready,3,0.090909090909091,22,4023.0,43.72826086956522,"[""CS200028"", ""CS200030"", ""CS200031""]",3,-19.104050841015763,3,-16.431242210220198,3
2025Q3,1123073,60대이상,C_대면생활서비스,3,1,True,31.684782608695652,27.72826086956522,23.92391304347826,2024Q3,expanding_prior_same_quarter_matched_industries,"[""2022Q3"", ""2023Q3"", ""2024Q3""]",False,30.223441787534288,ready,3,0.727272727272727,22,3322.0,36.108695652173914,"[""CS200028"", ""CS200030"", ""CS200031""]",3,0.088068971910626,3,13.962264150943394,3
2025Q3,1123073,10대,D_생활필수,3,1,False,60.02173913043478,51.53260869565218,40.56521739130435,2024Q3,expanding_prior_same_quarter_matched_industries,"[""2022Q3"", ""2023Q3"", ""2024Q3""]",True,-54.355621176966885,ready,5,0.095238095238095,21,2164.0,23.52173913043478,"[""CS300001"", ""CS300002"", ""CS300007"", ""CS300009"", ""CS300010""]",5,4.668863612203689,5,-42.015005359056815,5
2025Q3,1123073,20대,D_생활필수,3,1,False,623.3586956521739,575.2717391304348,518.1195652173913,2024Q3,expanding_prior_same_quarter_matched_industries,"[""2022Q3"", ""2023Q3"", ""2024Q3""]",True,-26.9022201228153,ready,5,0.571428571428571,21,38687.0,420.5108695652174,"[""CS300001"", ""CS300002"", ""CS300007"", ""CS300009"", ""CS300010""]",5,-3.343043368439547,5,-18.839029097698614,5
2025Q3,1123073,30대,D_생활필수,3,1,False,804.3152173913044,773.322463768116,715.054347826087,2024Q3,expanding_prior_same_quarter_matched_industries,"[""2022Q3"", ""2023Q3"", ""2024Q3""]",True,-7.870706578522013,ready,5,0.523809523809524,21,65546.0,712.4565217391304,"[""CS300001"", ""CS300002"", ""CS300007"", ""CS300009"", ""CS300010""]",5,-1.261698580212511,5,-11.42073327297054,5
2025Q3,1123073,40대,D_생활필수,3,1,True,718.4021739130435,679.1376811594204,623.2391304347826,2024Q3,expanding_prior_same_quarter_matched_industries,"[""2022Q3"", ""2023Q3"", ""2024Q3""]",False,5.834338088582047,ready,5,0.904761904761905,21,66126.0,718.7608695652174,"[""CS300001"", ""CS300002"", ""CS300007"", ""CS300009"", ""CS300010""]",5,5.855798168662352,5,0.049929644591717,5
2025Q3,1123073,50대,D_생활필수,3,1,True,575.7934782608696,485.822463768116,427.5652173913044,2024Q3,expanding_prior_same_quarter_matched_industries,"[""2022Q3"", ""2023Q3"", ""2024Q3""]",False,23.358714864229935,ready,5,1.0,21,55136.0,599.304347826087,"[""CS300001"", ""CS300002"", ""CS300007"", ""CS300009"", ""CS300010""]",5,5.421587512900938,5,4.083212202442743,5
2025Q3,1123073,60대이상,D_생활필수,3,1,False,458.2173913043478,360.5978260869565,254.66304347826087,2024Q3,expanding_prior_same_quarter_matched_industries,"[""2022Q3"", ""2023Q3"", ""2024Q3""]",False,10.185380557648838,ready,5,0.19047619047619,21,36554.0,397.32608695652175,"[""CS300001"", ""CS300002"", ""CS300007"", ""CS300009"", ""CS300010""]",5,2.227017764266659,5,-13.288737071828438,5
2025Q3,1123073,10대,E_의료건강,3,1,False,24.706521739130434,20.268115942028984,13.456521739130435,2024Q3,expanding_prior_same_quarter_matched_industries,"[""2022Q3"", ""2023Q3"", ""2024Q3""]",False,-30.121558813013937,ready,5,0.238095238095238,21,1303.0,14.16304347826087,"[""CS200006"", ""CS200007"", ""CS200008"", ""CS300018"", ""CS300019""]",5,-8.980440923605993,5,-42.674879014518254,5
2025Q3,1123073,20대,E_의료건강,3,1,False,303.6630434782609,265.09420289855075,237.6086956521739,2024Q3,expanding_prior_same_quarter_matched_industries,"[""2022Q3"", ""2023Q3"", ""2024Q3""]",True,-35.32241751633273,ready,5,0.142857142857143,21,15774.0,171.45652173913044,"[""CS200006"", ""CS200007"", ""CS200008"", ""CS300018"", ""CS300019""]",5,2.858088722136398,5,-27.840805123513267,5
2025Q3,1123073,30대,E_의료건강,3,1,False,673.0434782608696,632.6340579710145,604.9782608695652,2024Q3,expanding_prior_same_quarter_matched_industries,"[""2022Q3"", ""2023Q3"", ""2024Q3""]",True,-14.529199860257602,ready,5,0.333333333333333,21,49746.0,540.7173913043479,"[""CS200006"", ""CS200007"", ""CS200008"", ""CS300018"", ""CS300019""]",5,-0.460658651719181,5,-10.62201300801322,5
2025Q3,1123073,40대,E_의료건강,3,1,False,867.445652173913,857.1195652173914,844.2391304347826,2024Q3,expanding_prior_same_quarter_matched_industries,"[""2022Q3"", ""2023Q3"", ""2024Q3""]",False,-1.290977109885238,ready,5,0.857142857142857,21,77837.0,846.054347826087,"[""CS200006"", ""CS200007"", ""CS200008"", ""CS300018"", ""CS300019""]",5,-6.065072042929753,5,-1.584271083575672,5
2025Q3,1123073,50대,E_의료건강,3,1,False,779.7608695652174,763.2608695652174,742.7608695652174,2024Q3,expanding_prior_same_quarter_matched_industries,"[""2022Q3"", ""2023Q3"", ""2024Q3""]",True,-4.692395328966114,ready,5,0.523809523809524,21,66925.0,727.445652173913,"[""CS200006"", ""CS200007"", ""CS200008"", ""CS300018"", ""CS300019""]",5,0.886299603490137,5,-6.709136022749451,5
2025Q3,1123073,60대이상,E_의료건강,3,1,True,1237.858695652174,1120.8260869565217,1041.054347826087,2024Q3,expanding_prior_same_quarter_matched_industries,"[""2022Q3"", ""2023Q3"", ""2024Q3""]",False,13.62155242639358,ready,5,0.80952380952381,21,117162.0,1273.5,"[""CS200006"", ""CS200007"", ""CS200008"", ""CS300018"", ""CS300019""]",5,-4.911219784367471,5,2.879270830589276,5
2025Q3,1123074,10대,A_외식카페,3,1,False,4.771739130434782,3.108695652173913,1.695652173913044,2024Q3,expanding_prior_same_quarter_matched_industries,"[""2022Q3"", ""2023Q3"", ""2024Q3""]",True,-47.90209790209789,ready,5,0.047619047619048,21,149.0,1.619565217391304,"[""CS100001"", ""CS100002"", ""CS100003"", ""CS100008"", ""CS100010""]",5,-37.01690821256038,5,-4.487179487179482,5
2025Q3,1123074,20대,A_외식카페,3,1,False,97.58695652173913,73.6304347826087,56.09782608695652,2024Q3,expanding_prior_same_quarter_matched_industries,"[""2022Q3"", ""2023Q3"", ""2024Q3""]",True,-34.337171538234436,ready,5,0.272727272727273,22,4448.0,48.34782608695652,"[""CS100001"", ""CS100002"", ""CS100003"", ""CS100008"", ""CS100010""]",5,28.45699777848303,5,-13.815152102305749,5
2025Q3,1123074,30대,A_외식카페,3,1,False,181.17391304347825,164.7355072463768,150.30434782608697,2024Q3,expanding_prior_same_quarter_matched_industries,"[""2022Q3"", ""2023Q3"", ""2024Q3""]",True,-10.937603096751502,ready,5,0.409090909090909,22,13498.0,146.7173913043478,"[""CS100001"", ""CS100002"", ""CS100003"", ""CS100008"", ""CS100010""]",5,7.671633941093958,5,-2.386462250506238,5
2025Q3,1123074,40대,A_외식카페,3,1,False,161.3913043478261,128.18115942028984,101.97826086956522,2024Q3,expanding_prior_same_quarter_matched_industries,"[""2022Q3"", ""2023Q3"", ""2024Q3""]",False,-14.073718129911228,ready,5,0.090909090909091,22,10133.0,110.1413043478261,"[""CS100001"", ""CS100002"", ""CS100003"", ""CS100008"", ""CS100010""]",5,-1.262351535295303,5,8.004689831592415,5
2025Q3,1123074,50대,A_외식카페,3,1,False,126.59782608695652,107.25,94.65217391304348,2024Q3,expanding_prior_same_quarter_matched_industries,"[""2022Q3"", ""2023Q3"", ""2024Q3""]",True,-17.837235228539583,ready,5,0.090909090909091,22,8107.0,88.1195652173913,"[""CS100001"", ""CS100002"", ""CS100003"", ""CS100008"", ""CS100010""]",5,9.577486127119528,5,-6.901699586587062,5
2025Q3,1123074,60대이상,A_외식카페,3,1,True,58.41304347826087,55.96376811594203,53.40217391304348,2024Q3,expanding_prior_same_quarter_matched_industries,"[""2022Q3"", ""2023Q3"", ""2024Q3""]",False,15.602745047261424,ready,5,0.454545454545454,22,5952.0,64.69565217391305,"[""CS100001"", ""CS100002"", ""CS100003"", ""CS100008"", ""CS100010""]",5,11.018373521140612,5,15.371195968210882,5
2025Q3,1123074,10대,B_여가운동,3,1,False,0.0,0.0,0.0,2024Q3,expanding_prior_same_quarter_matched_industries,"[""2022Q3"", ""2023Q3"", ""2024Q3""]",False,,ready,1,,0,0.0,0.0,"[""CS200005""]",1,,1,,1
2025Q3,1123074,20대,B_여가운동,3,1,False,0.0,0.0,0.0,2024Q3,expanding_prior_same_quarter_matched_industries,"[""2022Q3"", ""2023Q3"", ""2024Q3""]",False,,ready,1,,0,0.0,0.0,"[""CS200005""]",1,,1,,1
2025Q3,1123074,30대,B_여가운동,3,1,False,1.141304347826087,0.88768115942029,0.608695652173913,2024Q3,expanding_prior_same_quarter_matched_industries,"[""2022Q3"", ""2023Q3"", ""2024Q3""]",True,-37.55102040816327,ready,1,0.380952380952381,21,51.0,0.554347826086957,"[""CS200005""]",1,44.130434782608695,1,-8.92857142857143,1
2025Q3,1123074,40대,B_여가운동,3,1,False,6.184782608695652,4.08695652173913,2.260869565217391,2024Q3,expanding_prior_same_quarter_matched_industries,"[""2022Q3"", ""2023Q3"", ""2024Q3""]",False,14.361702127659592,ready,1,0.666666666666667,21,430.0,4.673913043478261,"[""CS200005""]",1,-0.158195550112272,1,22.507122507122503,1
2025Q3,1123074,50대,B_여가운동,3,1,False,0.869565217391304,0.702898550724638,0.510869565217391,2024Q3,expanding_prior_same_quarter_matched_industries,"[""2022Q3"", ""2023Q3"", ""2024Q3""]",False,-24.226804123711332,ready,1,0.19047619047619,21,49.0,0.532608695652174,"[""CS200005""]",1,79.50885668276975,1,4.255319148936176,1
2025Q3,1123074,60대이상,B_여가운동,3,1,False,0.054347826086957,0.018115942028986,0.0,2024Q3,expanding_prior_same_quarter_matched_industries,"[""2022Q3"", ""2023Q3"", ""2024Q3""]",False,200.0,ready,1,0.952380952380952,21,5.0,0.054347826086957,"[""CS200005""]",1,-1.086956521739135,1,0.0,1
2025Q3,1123074,10대,C_대면생활서비스,3,1,False,0.0,0.0,0.0,2024Q3,expanding_prior_same_quarter_matched_industries,"[""2022Q3"", ""2023Q3"", ""2024Q3""]",False,,ready,2,,0,0.0,0.0,"[""CS200028"", ""CS200031""]",2,,2,,2
2025Q3,1123074,20대,C_대면생활서비스,3,1,False,2.032608695652174,1.210144927536232,0.684782608695652,2024Q3,expanding_prior_same_quarter_matched_industries,"[""2022Q3"", ""2023Q3"", ""2024Q3""]",False,28.44311377245512,ready,2,0.954545454545455,22,143.0,1.554347826086957,"[""CS200028"", ""CS200031""]",2,-9.907227914705075,2,-23.529411764705877,2
2025Q3,1123074,30대,C_대면생활서비스,3,1,False,4.326086956521739,4.065217391304348,3.83695652173913,2024Q3,expanding_prior_same_quarter_matched_industries,"[""2022Q3"", ""2023Q3"", ""2024Q3""]",False,-1.336898395721919,ready,2,0.727272727272727,22,369.0,4.010869565217392,"[""CS200028"", ""CS200031""]",2,37.21395881006866,2,4.532577903682733,2
2025Q3,1123074,40대,C_대면생활서비스,3,1,False,9.554347826086957,7.416666666666667,3.760869565217391,2024Q3,expanding_prior_same_quarter_matched_industries,"[""2022Q3"", ""2023Q3"", ""2024Q3""]",False,-28.480703468490486,ready,2,0.136363636363636,22,488.0,5.304347826086956,"[""CS200028"", ""CS200031""]",2,-2.682328190743344,2,41.04046242774566,2
2025Q3,1123074,50대,C_대면생활서비스,3,1,False,10.054347826086957,9.52536231884058,9.08695652173913,2024Q3,expanding_prior_same_quarter_matched_industries,"[""2022Q3"", ""2023Q3"", ""2024Q3""]",True,-23.54507417268924,ready,2,0.045454545454545,22,670.0,7.282608695652174,"[""CS200028"", ""CS200031""]",2,-1.819645732689212,2,-27.567567567567576,2
2025Q3,1123074,60대이상,C_대면생활서비스,3,1,True,4.608695652173913,4.503623188405797,4.413043478260869,2024Q3,expanding_prior_same_quarter_matched_industries,"[""2022Q3"", ""2023Q3"", ""2024Q3""]",False,41.914722445695894,ready,2,0.863636363636364,22,588.0,6.391304347826087,"[""CS200028"", ""CS200031""]",2,15.398550724637694,2,44.827586206896555,2
2025Q3,1123074,10대,D_생활필수,3,1,False,79.44565217391305,61.05797101449275,48.05434782608695,2024Q3,expanding_prior_same_quarter_matched_industries,"[""2022Q3"", ""2023Q3"", ""2024Q3""]",True,-38.76097792546879,ready,3,0.19047619047619,21,3440.0,37.391304347826086,"[""CS300001"", ""CS300002"", ""CS300007""]",3,-9.6732493853949,3,-32.83873486919172,3
2025Q3,1123074,20대,D_생활필수,3,1,False,405.32608695652175,357.07246376811594,311.54347826086956,2024Q3,expanding_prior_same_quarter_matched_industries,"[""2022Q3"", ""2023Q3"", ""2024Q3""]",True,-29.43522201477393,ready,3,0.476190476190476,21,23181.0,251.9673913043478,"[""CS300001"", ""CS300002"", ""CS300007""]",3,-2.896571343346255,3,-19.12288046891355,3
2025Q3,1123074,30대,D_생활필수,3,1,False,842.304347826087,799.8007246376811,739.7826086956521,2024Q3,expanding_prior_same_quarter_matched_industries,"[""2022Q3"", ""2023Q3"", ""2024Q3""]",False,-4.617545131260059,ready,3,0.714285714285714,21,70184.0,762.8695652173913,"[""CS300001"", ""CS300002"", ""CS300007""]",3,4.31111076268571,3,-6.661524344021396,3
2025Q3,1123074,40대,D_생활필수,3,1,False,811.8369565217391,756.195652173913,710.8586956521739,2024Q3,expanding_prior_same_quarter_matched_industries,"[""2022Q3"", ""2023Q3"", ""2024Q3""]",False,4.835417565042399,ready,3,0.857142857142857,21,72934.0,792.7608695652174,"[""CS300001"", ""CS300002"", ""CS300007""]",3,3.27283534526488,3,6.283699105243201,3
2025Q3,1123074,50대,D_생활필수,3,1,False,581.6847826086956,520.2246376811594,474.05434782608694,2024Q3,expanding_prior_same_quarter_matched_industries,"[""2022Q3"", ""2023Q3"", ""2024Q3""]",False,-1.50367037650958,ready,3,0.380952380952381,21,47141.0,512.4021739130435,"[""CS300001"", ""CS300002"", ""CS300007""]",3,3.455875898220495,3,-11.910679248808743,3
2025Q3,1123074,60대이상,D_생활필수,3,1,True,412.9673913043478,320.213768115942,226.07608695652175,2024Q3,expanding_prior_same_quarter_matched_industries,"[""2022Q3"", ""2023Q3"", ""2024Q3""]",False,41.58001335158807,ready,3,0.904761904761905,21,41709.0,453.35869565217394,"[""CS300001"", ""CS300002"", ""CS300007""]",3,3.275943886519217,3,9.780749085357844,3
2025Q3,1123074,10대,E_의료건강,3,1,False,0.391304347826087,0.16304347826087,0.0,2024Q3,expanding_prior_same_quarter_matched_industries,"[""2022Q3"", ""2023Q3"", ""2024Q3""]",False,-100.0,ready,2,0.047619047619048,21,0.0,0.0,"[""CS200007"", ""CS200008""]",2,,2,-100.0,2
2025Q3,1123074,20대,E_의료건강,3,1,False,3.891304347826087,2.80072463768116,1.75,2024Q3,expanding_prior_same_quarter_matched_industries,"[""2022Q3"", ""2023Q3"", ""2024Q3""]",True,-56.53298835705045,ready,2,0.095238095238095,21,112.0,1.217391304347826,"[""CS200007"", ""CS200008""]",2,51.75699821322215,2,-30.43478260869564,2
2025Q3,1123074,30대,E_의료건강,3,1,False,11.282608695652174,8.402173913043478,6.347826086956522,2024Q3,expanding_prior_same_quarter_matched_industries,"[""2022Q3"", ""2023Q3"", ""2024Q3""]",True,-31.306597671410096,ready,2,0.142857142857143,21,531.0,5.771739130434782,"[""CS200007"", ""CS200008""]",2,13.440229129495718,2,-48.84393063583815,2
2025Q3,1123074,40대,E_의료건강,3,1,False,19.5,15.16304347826087,12.26086956521739,2024Q3,expanding_prior_same_quarter_matched_industries,"[""2022Q3"", ""2023Q3"", ""2024Q3""]",False,4.587813620071679,ready,2,0.952380952380952,21,1459.0,15.858695652173912,"[""CS200007"", ""CS200008""]",2,15.821934538348792,2,-18.673355629877374,2
2025Q3,1123074,50대,E_의료건강,3,1,False,21.695652173913043,16.6268115942029,12.467391304347826,2024Q3,expanding_prior_same_quarter_matched_industries,"[""2022Q3"", ""2023Q3"", ""2024Q3""]",False,-5.992590978426671,ready,2,0.333333333333333,21,1438.0,15.630434782608695,"[""CS200007"", ""CS200008""]",2,-15.335144927536227,2,25.370531822144727,2
2025Q3,1123074,60대이상,E_의료건강,3,1,False,30.83695652173913,22.626811594202895,15.706521739130435,2024Q3,expanding_prior_same_quarter_matched_industries,"[""2022Q3"", ""2023Q3"", ""2024Q3""]",False,-13.674939951961552,ready,2,0.047619047619048,21,1797.0,19.532608695652176,"[""CS200007"", ""CS200008""]",2,-33.42818759159745,2,-8.45644421803361,2
2025Q3,1123075,10대,A_외식카페,3,1,False,109.81521739130434,96.81884057971014,89.05434782608695,2024Q3,expanding_prior_same_quarter_matched_industries,"[""2022Q3"", ""2023Q3"", ""2024Q3""]",False,12.42421974403114,ready,9,0.904761904761905,21,10014.0,108.84782608695652,"[""CS100001"", ""CS100002"", ""CS100003"", ""CS100005"", ""CS100006"", ""CS100007"", ""CS100008"", ""CS100009"", ""CS100010""]",9,8.740280754342344,9,22.226290735994137,9
2025Q3,1123075,20대,A_외식카페,3,1,False,1703.445652173913,1536.2065217391303,1297.891304347826,2024Q3,expanding_prior_same_quarter_matched_industries,"[""2022Q3"", ""2023Q3"", ""2024Q3""]",True,-25.85066262886414,ready,9,0.636363636363636,22,104796.0,1139.0869565217392,"[""CS100001"", ""CS100002"", ""CS100003"", ""CS100005"", ""CS100006"", ""CS100007"", ""CS100008"", ""CS100009"", ""CS100010""]",9,-0.143620750748241,9,-12.23556605195717,9
2025Q3,1123075,30대,A_외식카페,3,1,False,3028.858695652174,2953.1521739130435,2845.8804347826085,2024Q3,expanding_prior_same_quarter_matched_industries,"[""2022Q3"", ""2023Q3"", ""2024Q3""]",True,-4.650520814163195,ready,9,0.681818181818182,22,259055.0,2815.8152173913045,"[""CS100001"", ""CS100002"", ""CS100003"", ""CS100005"", ""CS100006"", ""CS100007"", ""CS100008"", ""CS100009"", ""CS100010""]",9,1.77348923344296,9,-1.056446961855606,9
2025Q3,1123075,40대,A_외식카페,3,1,True,2577.695652173913,2418.8260869565215,2271.695652173913,2024Q3,expanding_prior_same_quarter_matched_industries,"[""2022Q3"", ""2023Q3"", ""2024Q3""]",False,7.103697445760626,ready,9,0.863636363636364,22,238340.0,2590.6521739130435,"[""CS100001"", ""CS100002"", ""CS100003"", ""CS100005"", ""CS100006"", ""CS100007"", ""CS100008"", ""CS100009"", ""CS100010""]",9,3.250301244738685,9,7.626031826309987,9
2025Q3,1123075,50대,A_외식카페,3,1,True,1947.9891304347825,1828.1666666666667,1680.6195652173913,2024Q3,expanding_prior_same_quarter_matched_industries,"[""2022Q3"", ""2023Q3"", ""2024Q3""]",False,11.625252192938994,ready,9,0.818181818181818,22,187744.0,2040.695652173913,"[""CS100001"", ""CS100002"", ""CS100003"", ""CS100005"", ""CS100006"", ""CS100007"", ""CS100008"", ""CS100009"", ""CS100010""]",9,2.960293821286997,9,9.957713977814485,9
2025Q3,1123075,60대이상,A_외식카페,3,1,True,1841.0,1671.3260869565217,1385.141304347826,2024Q3,expanding_prior_same_quarter_matched_industries,"[""2022Q3"", ""2023Q3"", ""2024Q3""]",False,22.46718955268532,ready,9,0.727272727272727,22,188308.0,2046.8260869565217,"[""CS100001"", ""CS100002"", ""CS100003"", ""CS100005"", ""CS100006"", ""CS100007"", ""CS100008"", ""CS100009"", ""CS100010""]",9,-0.546667425024161,9,11.180124223602483,9
2025Q3,1123075,10대,B_여가운동,3,1,True,1.989130434782609,1.565217391304348,1.16304347826087,2024Q3,expanding_prior_same_quarter_matched_industries,"[""2022Q3"", ""2023Q3"", ""2024Q3""]",False,252.0833333333334,ready,4,1.0,19,507.0,5.510869565217392,"[""CS200005"", ""CS200016"", ""CS200024"", ""CS200037""]",4,-5.735125858123558,4,257.0422535211268,4
2025Q3,1123075,20대,B_여가운동,3,1,True,11.01086956521739,8.960144927536232,6.782608695652174,2024Q3,expanding_prior_same_quarter_matched_industries,"[""2022Q3"", ""2023Q3"", ""2024Q3""]",False,257.7436312171451,ready,4,1.0,20,2949.0,32.05434782608695,"[""CS200005"", ""CS200016"", ""CS200024"", ""CS200037""]",4,7.083173721509284,4,372.5961538461538,4
2025Q3,1123075,30대,B_여가운동,3,1,True,14.434782608695652,13.811594202898553,13.380434782608695,2024Q3,expanding_prior_same_quarter_matched_industries,"[""2022Q3"", ""2023Q3"", ""2024Q3""]",False,227.15110178384043,ready,4,1.0,21,4157.0,45.18478260869565,"[""CS200005"", ""CS200016"", ""CS200024"", ""CS200037""]",4,24.979185938945413,4,231.76376695929767,4
2025Q3,1123075,40대,B_여가운동,3,1,True,12.402173913043478,11.449275362318842,10.945652173913043,2024Q3,expanding_prior_same_quarter_matched_industries,"[""2022Q3"", ""2023Q3"", ""2024Q3""]",False,71.26582278481013,ready,4,0.857142857142857,21,1804.0,19.608695652173914,"[""CS200005"", ""CS200016"", ""CS200024"", ""CS200037""]",4,37.684514224369316,4,78.2608695652174,4
2025Q3,1123075,50대,B_여가운동,3,1,True,11.445652173913043,9.079710144927537,7.706521739130435,2024Q3,expanding_prior_same_quarter_matched_industries,"[""2022Q3"", ""2023Q3"", ""2024Q3""]",False,61.97126895450917,ready,4,0.952380952380952,21,1353.0,14.706521739130435,"[""CS200005"", ""CS200016"", ""CS200024"", ""CS200037""]",4,34.637170851194135,4,90.83215796897039,4
2025Q3,1123075,60대이상,B_여가운동,3,1,True,9.434782608695652,7.873188405797102,5.989130434782608,2024Q3,expanding_prior_same_quarter_matched_industries,"[""2022Q3"", ""2023Q3"", ""2024Q3""]",False,35.434882650713284,ready,4,0.619047619047619,21,981.0,10.66304347826087,"[""CS200005"", ""CS200016"", ""CS200024"", ""CS200037""]",4,-0.273694088207688,4,13.018433179723488,4
2025Q3,1123075,10대,C_대면생활서비스,3,1,False,3.173913043478261,2.184782608695652,1.239130434782609,2024Q3,expanding_prior_same_quarter_matched_industries,"[""2022Q3"", ""2023Q3"", ""2024Q3""]",True,-59.20398009950249,ready,4,0.05,20,82.0,0.891304347826087,"[""CS200028"", ""CS200029"", ""CS200030"", ""CS200031""]",4,138.55498721227622,4,-71.91780821917808,4
2025Q3,1123075,20대,C_대면생활서비스,3,1,False,30.554347826086957,25.32246376811594,21.869565217391305,2024Q3,expanding_prior_same_quarter_matched_industries,"[""2022Q3"", ""2023Q3"", ""2024Q3""]",False,4.220918586349986,ready,4,0.863636363636364,22,2428.0,26.391304347826086,"[""CS200028"", ""CS200029"", ""CS200030"", ""CS200031""]",4,25.607149354193194,4,12.096029547553089,4
2025Q3,1123075,30대,C_대면생활서비스,3,1,False,75.25,67.60869565217392,62.858695652173914,2024Q3,expanding_prior_same_quarter_matched_industries,"[""2022Q3"", ""2023Q3"", ""2024Q3""]",True,-26.414790996784575,ready,4,0.227272727272727,22,4577.0,49.75,"[""CS200028"", ""CS200029"", ""CS200030"", ""CS200031""]",4,-3.614008941877789,4,-23.127309371850856,4
2025Q3,1123075,40대,C_대면생활서비스,3,1,False,70.97826086956522,70.42028985507245,69.31521739130434,2024Q3,expanding_prior_same_quarter_matched_industries,"[""2022Q3"", ""2023Q3"", ""2024Q3""]",True,-19.1191603210537,ready,4,0.318181818181818,22,5240.0,56.95652173913044,"[""CS200028"", ""CS200029"", ""CS200030"", ""CS200031""]",4,-10.094649119499222,4,-17.82970048612199,4
2025Q3,1123075,50대,C_대면생활서비스,3,1,False,86.8804347826087,75.0,64.21739130434783,2024Q3,expanding_prior_same_quarter_matched_industries,"[""2022Q3"", ""2023Q3"", ""2024Q3""]",False,-8.405797101449275,ready,4,0.272727272727273,22,6320.0,68.69565217391305,"[""CS200028"", ""CS200029"", ""CS200030"", ""CS200031""]",4,-2.216418773250628,4,-20.930814462654823,4
2025Q3,1123075,60대이상,C_대면생활서비스,3,1,False,64.02173913043478,49.76449275362319,38.16304347826087,2024Q3,expanding_prior_same_quarter_matched_industries,"[""2022Q3"", ""2023Q3"", ""2024Q3""]",False,16.527120495085555,ready,4,0.454545454545454,22,5335.0,57.98913043478261,"[""CS200028"", ""CS200029"", ""CS200030"", ""CS200031""]",4,-15.106002741872304,4,-9.422750424448212,4
2025Q3,1123075,10대,D_생활필수,3,1,True,321.5652173913044,283.4311594202898,256.80434782608694,2024Q3,expanding_prior_same_quarter_matched_industries,"[""2022Q3"", ""2023Q3"", ""2024Q3""]",False,53.48025617753463,ready,3,1.0,21,40021.0,435.0108695652174,"[""CS300001"", ""CS300002"", ""CS300010""]",3,49.65215912004681,3,69.39388808939304,3
2025Q3,1123075,20대,D_생활필수,3,1,False,4889.836956521739,4403.706521739131,3809.5108695652175,2024Q3,expanding_prior_same_quarter_matched_industries,"[""2022Q3"", ""2023Q3"", ""2024Q3""]",False,2.877763544050094,ready,3,1.0,21,416800.0,4530.434782608696,"[""CS300001"", ""CS300002"", ""CS300010""]",3,42.58919493841593,3,18.92431699835937,3
2025Q3,1123075,30대,D_생활필수,3,1,True,7500.086956521739,7127.666666666667,6677.195652173913,2024Q3,expanding_prior_same_quarter_matched_industries,"[""2022Q3"", ""2023Q3"", ""2024Q3""]",False,38.26998895912843,ready,3,1.0,21,906699.0,9855.423913043478,"[""CS300001"", ""CS300002"", ""CS300010""]",3,48.82035993378355,3,47.598249720821364,3
2025Q3,1123075,40대,D_생활필수,3,1,True,6519.20652173913,6194.105072463768,5745.79347826087,2024Q3,expanding_prior_same_quarter_matched_industries,"[""2022Q3"", ""2023Q3"", ""2024Q3""]",False,37.855651674423974,ready,3,1.0,21,785581.0,8538.923913043478,"[""CS300001"", ""CS300002"", ""CS300010""]",3,49.103999893878346,3,48.61174431956836,3
2025Q3,1123075,50대,D_생활필수,3,1,True,5404.478260869565,5182.963768115942,5031.413043478261,2024Q3,expanding_prior_same_quarter_matched_industries,"[""2022Q3"", ""2023Q3"", ""2024Q3""]",False,15.103900879274224,ready,3,0.80952380952381,21,548853.0,5965.79347826087,"[""CS300001"", ""CS300002"", ""CS300010""]",3,26.363921429009494,3,18.570934779321234,3
2025Q3,1123075,60대이상,D_생활필수,3,1,True,4428.29347826087,4089.5833333333335,3846.6304347826085,2024Q3,expanding_prior_same_quarter_matched_industries,"[""2022Q3"", ""2023Q3"", ""2024Q3""]",False,38.917096724179935,ready,3,0.80952380952381,21,522664.0,5681.130434782609,"[""CS300001"", ""CS300002"", ""CS300010""]",3,27.576065632341095,3,42.247817283197996,3
2025Q3,1123075,10대,E_의료건강,3,1,False,24.641304347826086,20.112318840579707,12.23913043478261,2024Q3,expanding_prior_same_quarter_matched_industries,"[""2022Q3"", ""2023Q3"", ""2024Q3""]",False,-33.957845433255265,ready,5,0.142857142857143,21,1222.0,13.282608695652174,"[""CS200006"", ""CS200007"", ""CS200008"", ""CS300018"", ""CS300019""]",5,-5.272931715960205,5,8.525754884547055,5
2025Q3,1123075,20대,E_의료건강,3,1,False,777.0326086956521,653.1123188405796,503.4347826086956,2024Q3,expanding_prior_same_quarter_matched_industries,"[""2022Q3"", ""2023Q3"", ""2024Q3""]",True,-34.45264868883107,ready,5,0.19047619047619,21,39385.0,428.0978260869565,"[""CS200006"", ""CS200007"", ""CS200008"", ""CS300018"", ""CS300019""]",5,13.12841843975212,5,-14.964591070040589,5
2025Q3,1123075,30대,E_의료건강,3,1,False,1454.7826086956522,1196.8840579710145,1035.8695652173913,2024Q3,expanding_prior_same_quarter_matched_industries,"[""2022Q3"", ""2023Q3"", ""2024Q3""]",True,-32.67572803777925,ready,5,0.095238095238095,21,74133.0,805.7934782608696,"[""CS200006"", ""CS200007"", ""CS200008"", ""CS300018"", ""CS300019""]",5,-13.289966982310697,5,-22.21091290661069,5
2025Q3,1123075,40대,E_의료건강,3,1,False,1309.1304347826087,1083.2826086956522,951.3260869565217,2024Q3,expanding_prior_same_quarter_matched_industries,"[""2022Q3"", ""2023Q3"", ""2024Q3""]",True,-28.084927053440634,ready,5,0.095238095238095,21,71672.0,779.0434782608696,"[""CS200006"", ""CS200007"", ""CS200008"", ""CS300018"", ""CS300019""]",5,-12.135049673120902,5,-21.260326946739315,5
2025Q3,1123075,50대,E_의료건강,3,1,False,1184.0326086956522,1009.5797101449276,890.2391304347826,2024Q3,expanding_prior_same_quarter_matched_industries,"[""2022Q3"", ""2023Q3"", ""2024Q3""]",True,-22.483886249120744,ready,5,0.095238095238095,21,71998.0,782.5869565217391,"[""CS200006"", ""CS200007"", ""CS200008"", ""CS300018"", ""CS300019""]",5,-7.863049637770225,5,-18.0079944426097,5
2025Q3,1123075,60대이상,E_의료건강,3,1,False,1633.9239130434783,1409.7971014492753,1212.2717391304348,2024Q3,expanding_prior_same_quarter_matched_industries,"[""2022Q3"", ""2023Q3"", ""2024Q3""]",False,-10.350189152514488,ready,5,0.095238095238095,21,116277.0,1263.8804347826087,"[""CS200006"", ""CS200007"", ""CS200008"", ""CS300018"", ""CS300019""]",5,-10.791369029352182,5,-8.626054976660846,5
2025Q3,1123076,10대,A_외식카페,3,1,False,26.597826086956523,25.242753623188406,23.141304347826086,2024Q3,expanding_prior_same_quarter_matched_industries,"[""2022Q3"", ""2023Q3"", ""2024Q3""]",False,3.085976747524044,ready,10,0.80952380952381,21,2394.0,26.02173913043478,"[""CS100001"", ""CS100002"", ""CS100003"", ""CS100004"", ""CS100005"", ""CS100006"", ""CS100007"", ""CS100008"", ""CS100009"", ""CS100010""]",10,17.052805777042266,10,0.125470514429105,10
2025Q3,1123076,20대,A_외식카페,3,1,False,769.8913043478261,686.141304347826,531.6195652173913,2024Q3,expanding_prior_same_quarter_matched_industries,"[""2022Q3"", ""2023Q3"", ""2024Q3""]",True,-29.498613861386126,ready,10,0.454545454545454,22,44504.0,483.7391304347826,"[""CS100001"", ""CS100002"", ""CS100003"", ""CS100004"", ""CS100005"", ""CS100006"", ""CS100007"", ""CS100008"", ""CS100009"", ""CS100010""]",10,12.122108121456954,10,-9.006522316955968,10
2025Q3,1123076,30대,A_외식카페,3,1,False,1448.2608695652175,1397.003623188406,1328.054347826087,2024Q3,expanding_prior_same_quarter_matched_industries,"[""2022Q3"", ""2023Q3"", ""2024Q3""]",True,-11.412884200916572,ready,10,0.318181818181818,22,113856.0,1237.5652173913043,"[""CS100001"", ""CS100002"", ""CS100003"", ""CS100004"", ""CS100005"", ""CS100006"", ""CS100007"", ""CS100008"", ""CS100009"", ""CS100010""]",10,0.343423754696648,10,-6.81366169862746,10
2025Q3,1123076,40대,A_외식카페,3,1,False,1391.2065217391305,1330.8876811594203,1248.3369565217392,2024Q3,expanding_prior_same_quarter_matched_industries,"[""2022Q3"", ""2023Q3"", ""2024Q3""]",True,-10.063295446811404,ready,10,0.272727272727273,22,110120.0,1196.9565217391305,"[""CS100001"", ""CS100002"", ""CS100003"", ""CS100004"", ""CS100005"", ""CS100006"", ""CS100007"", ""CS100008"", ""CS100009"", ""CS100010""]",10,1.4596701425732,10,-11.540964116735076,10
2025Q3,1123076,50대,A_외식카페,3,1,False,848.4673913043479,815.5615942028986,759.5,2024Q3,expanding_prior_same_quarter_matched_industries,"[""2022Q3"", ""2023Q3"", ""2024Q3""]",False,-2.40920500233236,ready,10,0.363636363636364,22,73224.0,795.9130434782609,"[""CS100001"", ""CS100002"", ""CS100003"", ""CS100004"", ""CS100005"", ""CS100006"", ""CS100007"", ""CS100008"", ""CS100009"", ""CS100010""]",10,-2.290576914278741,10,-5.103548378735656,10
2025Q3,1123076,60대이상,A_외식카페,3,1,True,701.5978260869565,632.7826086956521,543.804347826087,2024Q3,expanding_prior_same_quarter_matched_industries,"[""2022Q3"", ""2023Q3"", ""2024Q3""]",False,13.118386697815044,ready,10,0.363636363636364,22,65853.0,715.7934782608696,"[""CS100001"", ""CS100002"", ""CS100003"", ""CS100004"", ""CS100005"", ""CS100006"", ""CS100007"", ""CS100008"", ""CS100009"", ""CS100010""]",10,-3.608963949125232,10,2.023331835716613,10
2025Q3,1123076,10대,B_여가운동,3,1,False,0.076086956521739,0.050724637681159,0.0,2024Q3,expanding_prior_same_quarter_matched_industries,"[""2022Q3"", ""2023Q3"", ""2024Q3""]",False,-100.0,ready,3,0.052631578947368,19,0.0,0.0,"[""CS200005"", ""CS200017"", ""CS200024""]",3,,3,-100.0,3
2025Q3,1123076,20대,B_여가운동,3,1,False,7.793478260869565,4.394927536231884,2.673913043478261,2024Q3,expanding_prior_same_quarter_matched_industries,"[""2022Q3"", ""2023Q3"", ""2024Q3""]",True,-76.5045342126958,ready,3,0.15,20,95.0,1.032608695652174,"[""CS200005"", ""CS200017"", ""CS200024""]",3,-14.575098814229248,3,-62.000000000000014,3
2025Q3,1123076,30대,B_여가운동,3,1,False,23.532608695652176,18.166666666666668,13.728260869565217,2024Q3,expanding_prior_same_quarter_matched_industries,"[""2022Q3"", ""2023Q3"", ""2024Q3""]",False,-18.328679696848827,ready,3,0.476190476190476,21,1365.0,14.83695652173913,"[""CS200005"", ""CS200017"", ""CS200024""]",3,13.173767265570913,3,8.076009501187652,3
2025Q3,1123076,40대,B_여가운동,3,1,False,35.82608695652174,32.23550724637681,26.77173913043478,2024Q3,expanding_prior_same_quarter_matched_industries,"[""2022Q3"", ""2023Q3"", ""2024Q3""]",True,-22.816679779701023,ready,3,0.238095238095238,21,2289.0,24.880434782608695,"[""CS200005"", ""CS200017"", ""CS200024""]",3,14.755173097688346,3,-7.064555420219243,3
2025Q3,1123076,50대,B_여가운동,3,1,False,11.98913043478261,10.778985507246377,8.717391304347826,2024Q3,expanding_prior_same_quarter_matched_industries,"[""2022Q3"", ""2023Q3"", ""2024Q3""]",True,-20.840336134453786,ready,3,0.285714285714286,21,785.0,8.532608695652174,"[""CS200005"", ""CS200017"", ""CS200024""]",3,-0.960791925465832,3,-26.635514018691588,3
2025Q3,1123076,60대이상,B_여가운동,3,1,False,7.543478260869565,4.768115942028985,2.717391304347826,2024Q3,expanding_prior_same_quarter_matched_industries,"[""2022Q3"", ""2023Q3"", ""2024Q3""]",False,-17.021276595744684,ready,3,0.238095238095238,21,364.0,3.956521739130435,"[""CS200005"", ""CS200017"", ""CS200024""]",3,-37.816324998122695,3,-47.55043227665706,3
2025Q3,1123076,10대,C_대면생활서비스,3,1,True,1.271739130434783,1.141304347826087,1.054347826086957,2024Q3,expanding_prior_same_quarter_matched_industries,"[""2022Q3"", ""2023Q3"", ""2024Q3""]",False,73.33333333333334,ready,2,1.0,20,182.0,1.978260869565217,"[""CS200028"", ""CS200031""]",2,-6.238677536231895,2,87.62886597938142,2
2025Q3,1123076,20대,C_대면생활서비스,3,1,False,53.15217391304348,49.61231884057971,43.119565217391305,2024Q3,expanding_prior_same_quarter_matched_industries,"[""2022Q3"", ""2023Q3"", ""2024Q3""]",True,-44.416855327539615,ready,2,0.090909090909091,22,2537.0,27.57608695652174,"[""CS200028"", ""CS200031""]",2,-10.024241196002937,2,-36.047390975548275,2
2025Q3,1123076,30대,C_대면생활서비스,3,1,True,89.03260869565217,85.31884057971014,82.3804347826087,2024Q3,expanding_prior_same_quarter_matched_industries,"[""2022Q3"", ""2023Q3"", ""2024Q3""]",False,5.142687277051139,ready,2,0.863636363636364,22,8253.0,89.70652173913044,"[""CS200028"", ""CS200031""]",2,-10.332892374111713,2,0.756928335978513,2
2025Q3,1123076,40대,C_대면생활서비스,3,1,False,84.20652173913044,79.60507246376811,73.31521739130434,2024Q3,expanding_prior_same_quarter_matched_industries,"[""2022Q3"", ""2023Q3"", ""2024Q3""]",True,-20.27217696053888,ready,2,0.272727272727273,22,5839.0,63.46739130434783,"[""CS200028"", ""CS200031""]",2,-10.830128011492167,2,-24.6288886020395,2
2025Q3,1123076,50대,C_대면생활서비스,3,1,False,48.51086956521739,48.166666666666664,47.608695652173914,2024Q3,expanding_prior_same_quarter_matched_industries,"[""2022Q3"", ""2023Q3"", ""2024Q3""]",False,0.218143523394021,ready,2,0.681818181818182,22,4441.0,48.27173913043478,"[""CS200028"", ""CS200031""]",2,-8.484827898550718,2,1.392694063926947,2
2025Q3,1123076,60대이상,C_대면생활서비스,3,1,True,29.0,27.09782608695652,24.869565217391305,2024Q3,expanding_prior_same_quarter_matched_industries,"[""2022Q3"", ""2023Q3"", ""2024Q3""]",False,16.205375050140415,ready,2,0.409090909090909,22,2897.0,31.48913043478261,"[""CS200028"", ""CS200031""]",2,-14.640724767196378,2,8.58320839580211,2
2025Q3,1123076,10대,D_생활필수,3,1,False,39.52173913043478,31.355072463768114,18.695652173913043,2024Q3,expanding_prior_same_quarter_matched_industries,"[""2022Q3"", ""2023Q3"", ""2024Q3""]",True,-55.55812341113935,ready,5,0.047619047619048,21,1282.0,13.934782608695652,"[""CS300001"", ""CS300002"", ""CS300007"", ""CS300008"", ""CS300010""]",5,-2.830251540896222,5,-61.12795633717405,5
2025Q3,1123076,20대,D_생활필수,3,1,False,1016.195652173913,955.3115942028985,915.8478260869565,2024Q3,expanding_prior_same_quarter_matched_industries,"[""2022Q3"", ""2023Q3"", ""2024Q3""]",False,-0.388749402653354,ready,5,0.952380952380952,21,87547.0,951.5978260869565,"[""CS300001"", ""CS300002"", ""CS300007"", ""CS300008"", ""CS300010""]",5,21.164983662725145,5,-6.356829607444647,5
2025Q3,1123076,30대,D_생활필수,3,1,False,2180.608695652174,1851.5217391304348,1655.4782608695652,2024Q3,expanding_prior_same_quarter_matched_industries,"[""2022Q3"", ""2023Q3"", ""2024Q3""]",False,6.231067277210278,ready,5,0.904761904761905,21,180954.0,1966.891304347826,"[""CS300001"", ""CS300002"", ""CS300007"", ""CS300008"", ""CS300010""]",5,1.215870375346872,5,-9.800813494437143,5
2025Q3,1123076,40대,D_생활필수,3,1,False,1811.5978260869565,1578.9202898550727,1460.0326086956522,2024Q3,expanding_prior_same_quarter_matched_industries,"[""2022Q3"", ""2023Q3"", ""2024Q3""]",False,2.549439857543434,ready,5,0.80952380952381,21,148964.0,1619.1739130434783,"[""CS300001"", ""CS300002"", ""CS300007"", ""CS300008"", ""CS300010""]",5,-2.282157437058796,5,-10.62177875644249,5
2025Q3,1123076,50대,D_생활필수,3,1,False,1319.9239130434783,1127.4710144927537,998.6847826086956,2024Q3,expanding_prior_same_quarter_matched_industries,"[""2022Q3"", ""2023Q3"", ""2024Q3""]",False,12.048576074451578,ready,5,0.761904761904762,21,116225.0,1263.3152173913043,"[""CS300001"", ""CS300002"", ""CS300007"", ""CS300008"", ""CS300010""]",5,0.971125617102908,5,-4.288784761967513,5
2025Q3,1123076,60대이상,D_생활필수,3,1,True,1321.6521739130435,1067.0253623188407,927.4347826086956,2024Q3,expanding_prior_same_quarter_matched_industries,"[""2022Q3"", ""2023Q3"", ""2024Q3""]",False,42.21983775836249,ready,5,0.952380952380952,21,139612.0,1517.5217391304348,"[""CS300001"", ""CS300002"", ""CS300007"", ""CS300008"", ""CS300010""]",5,-0.96210572530081,5,14.82005395091781,5
2025Q3,1123076,10대,E_의료건강,3,1,True,17.77173913043478,13.699275362318838,10.282608695652174,2024Q3,expanding_prior_same_quarter_matched_industries,"[""2022Q3"", ""2023Q3"", ""2024Q3""]",False,30.04496165035706,ready,4,1.0,21,1639.0,17.815217391304348,"[""CS200006"", ""CS200007"", ""CS200008"", ""CS300018""]",4,86.77244039270688,4,0.244648318042828,4
2025Q3,1123076,20대,E_의료건강,3,1,False,270.4021739130435,255.67028985507247,246.20652173913044,2024Q3,expanding_prior_same_quarter_matched_industries,"[""2022Q3"", ""2023Q3"", ""2024Q3""]",True,-31.361156380641965,ready,4,0.285714285714286,21,16145.0,175.4891304347826,"[""CS200006"", ""CS200007"", ""CS200008"", ""CS300018""]",4,-6.315200812124743,4,-29.91708989885836,4
2025Q3,1123076,30대,E_의료건강,3,1,False,917.7934782608696,845.5579710144929,793.7391304347826,2024Q3,expanding_prior_same_quarter_matched_industries,"[""2022Q3"", ""2023Q3"", ""2024Q3""]",True,-19.080960175512274,ready,4,0.285714285714286,21,62948.0,684.2173913043479,"[""CS200006"", ""CS200007"", ""CS200008"", ""CS300018""]",4,5.590894243722166,4,-13.798203330411917,4
2025Q3,1123076,40대,E_의료건강,3,1,False,1377.858695652174,1235.2536231884058,1121.8369565217392,2024Q3,expanding_prior_same_quarter_matched_industries,"[""2022Q3"", ""2023Q3"", ""2024Q3""]",True,-18.511717947965856,ready,4,0.19047619047619,21,92606.0,1006.5869565217391,"[""CS200006"", ""CS200007"", ""CS200008"", ""CS300018""]",4,-12.700938715401078,4,-16.539591557165767,4
2025Q3,1123076,50대,E_의료건강,3,1,False,742.5760869565217,697.0507246376811,654.1086956521739,2024Q3,expanding_prior_same_quarter_matched_industries,"[""2022Q3"", ""2023Q3"", ""2024Q3""]",True,-8.493341511336583,ready,4,0.19047619047619,21,58682.0,637.8478260869565,"[""CS200006"", ""CS200007"", ""CS200008"", ""CS300018""]",4,-11.312565435287492,4,-8.152947989544701,4
2025Q3,1123076,60대이상,E_의료건강,3,1,True,822.7282608695652,717.2608695652174,540.1195652173913,2024Q3,expanding_prior_same_quarter_matched_industries,"[""2022Q3"", ""2023Q3"", ""2024Q3""]",False,19.636903679456875,ready,4,0.952380952380952,21,78946.0,858.1086956521739,"[""CS200006"", ""CS200007"", ""CS200008"", ""CS300018""]",4,6.824842069450776,4,4.300379173217417,4
2025Q3,1123077,10대,A_외식카페,3,1,False,487.8152173913044,433.1014492753623,381.9891304347826,2024Q3,expanding_prior_same_quarter_matched_industries,"[""2022Q3"", ""2023Q3"", ""2024Q3""]",True,-31.891647704457238,ready,10,0.19047619047619,21,27138.0,294.9782608695652,"[""CS100001"", ""CS100002"", ""CS100003"", ""CS100004"", ""CS100005"", ""CS100006"", ""CS100007"", ""CS100008"", ""CS100009"", ""CS100010""]",10,36.73792338205102,10,-22.778362689582575,10
2025Q3,1123077,20대,A_외식카페,3,1,False,7628.630434782609,6430.235507246377,4989.097826086957,2024Q3,expanding_prior_same_quarter_matched_industries,"[""2022Q3"", ""2023Q3"", ""2024Q3""]",True,-41.976903724197,ready,10,0.090909090909091,22,343254.0,3731.021739130435,"[""CS100001"", ""CS100002"", ""CS100003"", ""CS100004"", ""CS100005"", ""CS100006"", ""CS100007"", ""CS100008"", ""CS100009"", ""CS100010""]",10,-2.26882794983676,10,-25.216504683037144,10
2025Q3,1123077,30대,A_외식카페,3,1,False,7667.521739130435,7353.192028985507,6750.695652173913,2024Q3,expanding_prior_same_quarter_matched_industries,"[""2022Q3"", ""2023Q3"", ""2024Q3""]",True,-22.43297670685265,ready,10,0.045454545454545,22,524736.0,5703.652173913043,"[""CS100001"", ""CS100002"", ""CS100003"", ""CS100004"", ""CS100005"", ""CS100006"", ""CS100007"", ""CS100008"", ""CS100009"", ""CS100010""]",10,-11.660534152208957,10,-15.51015676323214,10
2025Q3,1123077,40대,A_외식카페,3,1,False,4223.989130434783,4188.188405797101,4147.54347826087,2024Q3,expanding_prior_same_quarter_matched_industries,"[""2022Q3"", ""2023Q3"", ""2024Q3""]",True,-13.741630188418075,ready,10,0.136363636363636,22,332365.0,3612.663043478261,"[""CS100001"", ""CS100002"", ""CS100003"", ""CS100004"", ""CS100005"", ""CS100006"", ""CS100007"", ""CS100008"", ""CS100009"", ""CS100010""]",10,-4.175628586933078,10,-12.896318931583394,10
2025Q3,1123077,50대,A_외식카페,3,1,False,3150.8152173913045,3061.355072463768,2990.478260869565,2024Q3,expanding_prior_same_quarter_matched_industries,"[""2022Q3"", ""2023Q3"", ""2024Q3""]",True,-7.186596822947111,ready,10,0.181818181818182,22,261404.0,2841.3478260869565,"[""CS100001"", ""CS100002"", ""CS100003"", ""CS100004"", ""CS100005"", ""CS100006"", ""CS100007"", ""CS100008"", ""CS100009"", ""CS100010""]",10,0.81004821877031,10,-9.821819749892203,10
2025Q3,1123077,60대이상,A_외식카페,3,1,True,2061.271739130435,1897.6847826086957,1793.9782608695652,2024Q3,expanding_prior_same_quarter_matched_industries,"[""2022Q3"", ""2023Q3"", ""2024Q3""]",False,9.909099761150575,ready,10,0.318181818181818,22,191887.0,2085.728260869565,"[""CS100001"", ""CS100002"", ""CS100003"", ""CS100004"", ""CS100005"", ""CS100006"", ""CS100007"", ""CS100008"", ""CS100009"", ""CS100010""]",10,-0.534389957535908,10,1.18647732246342,10
2025Q3,1123077,10대,B_여가운동,3,1,False,227.5,177.91666666666666,94.68478260869566,2024Q3,expanding_prior_same_quarter_matched_industries,"[""2022Q3"", ""2023Q3"", ""2024Q3""]",False,-34.599327970675084,ready,6,0.368421052631579,19,10705.0,116.3586956521739,"[""CS200005"", ""CS200016"", ""CS200017"", ""CS200019"", ""CS200024"", ""CS200037""]",6,47.94804113941351,6,22.890598094363448,6
2025Q3,1123077,20대,B_여가운동,3,1,False,774.5869565217391,510.6485507246377,265.54347826086956,2024Q3,expanding_prior_same_quarter_matched_industries,"[""2022Q3"", ""2023Q3"", ""2024Q3""]",False,-45.5572978380718,ready,6,0.3,20,25577.0,278.0108695652174,"[""CS200005"", ""CS200016"", ""CS200017"", ""CS200019"", ""CS200024"", ""CS200037""]",6,32.956638272202966,6,4.695047073270575,6
2025Q3,1123077,30대,B_여가운동,3,1,False,270.04347826086956,235.1884057971014,166.29347826086956,2024Q3,expanding_prior_same_quarter_matched_industries,"[""2022Q3"", ""2023Q3"", ""2024Q3""]",False,-16.704153315257564,ready,6,0.523809523809524,21,18023.0,195.90217391304347,"[""CS200005"", ""CS200016"", ""CS200017"", ""CS200019"", ""CS200024"", ""CS200037""]",6,-3.922943540355928,6,17.80508529969278,6
2025Q3,1123077,40대,B_여가운동,3,1,False,199.6086956521739,161.29710144927535,85.54347826086956,2024Q3,expanding_prior_same_quarter_matched_industries,"[""2022Q3"", ""2023Q3"", ""2024Q3""]",False,-28.898423109753345,ready,6,0.142857142857143,21,10551.0,114.68478260869566,"[""CS200005"", ""CS200016"", ""CS200017"", ""CS200019"", ""CS200024"", ""CS200037""]",6,34.749066719061375,6,34.066073697585786,6
2025Q3,1123077,50대,B_여가운동,3,1,False,179.3695652173913,153.97826086956522,104.17391304347827,2024Q3,expanding_prior_same_quarter_matched_industries,"[""2022Q3"", ""2023Q3"", ""2024Q3""]",False,-26.034166313708873,ready,6,0.142857142857143,21,10478.0,113.8913043478261,"[""CS200005"", ""CS200016"", ""CS200017"", ""CS200019"", ""CS200024"", ""CS200037""]",6,10.350390711799129,6,9.32804674457428,6
2025Q3,1123077,60대이상,B_여가운동,3,1,False,49.91304347826087,38.58695652173913,29.358695652173914,2024Q3,expanding_prior_same_quarter_matched_industries,"[""2022Q3"", ""2023Q3"", ""2024Q3""]",False,-1.802816901408455,ready,6,0.285714285714286,21,3486.0,37.891304347826086,"[""CS200005"", ""CS200016"", ""CS200017"", ""CS200019"", ""CS200024"", ""CS200037""]",6,68.94212129603989,6,29.063309885227696,6
2025Q3,1123077,10대,C_대면생활서비스,3,1,True,6.684782608695652,5.514492753623188,4.739130434782608,2024Q3,expanding_prior_same_quarter_matched_industries,"[""2022Q3"", ""2023Q3"", ""2024Q3""]",False,43.692509855453345,ready,4,0.85,20,729.0,7.923913043478261,"[""CS200028"", ""CS200029"", ""CS200030"", ""CS200031""]",4,47.76149322879544,4,54.777070063694254,4
2025Q3,1123077,20대,C_대면생활서비스,3,1,False,162.54347826086956,143.22101449275362,116.22826086956522,2024Q3,expanding_prior_same_quarter_matched_industries,"[""2022Q3"", ""2023Q3"", ""2024Q3""]",False,2.646158516532182,ready,4,0.818181818181818,22,13525.0,147.0108695652174,"[""CS200028"", ""CS200029"", ""CS200030"", ""CS200031""]",4,21.640199403844186,4,26.484616103993286,4
2025Q3,1123077,30대,C_대면생활서비스,3,1,False,297.05434782608694,249.54347826086953,210.4673913043478,2024Q3,expanding_prior_same_quarter_matched_industries,"[""2022Q3"", ""2023Q3"", ""2024Q3""]",False,2.299851903475925,ready,4,0.818181818181818,22,23486.0,255.2826086956522,"[""CS200028"", ""CS200029"", ""CS200030"", ""CS200031""]",4,13.061358793518995,4,21.293188039043542,4
2025Q3,1123077,40대,C_대면생활서비스,3,1,False,202.91304347826087,177.93840579710147,145.2608695652174,2024Q3,expanding_prior_same_quarter_matched_industries,"[""2022Q3"", ""2023Q3"", ""2024Q3""]",False,-10.692105638248062,ready,4,0.545454545454545,22,14620.0,158.91304347826087,"[""CS200028"", ""CS200029"", ""CS200030"", ""CS200031""]",4,6.004155963361235,4,9.398383717449853,4
2025Q3,1123077,50대,C_대면생활서비스,3,1,False,150.79347826086956,140.69565217391303,124.91304347826087,2024Q3,expanding_prior_same_quarter_matched_industries,"[""2022Q3"", ""2023Q3"", ""2024Q3""]",False,-0.185414091470937,ready,4,0.590909090909091,22,12920.0,140.43478260869566,"[""CS200028"", ""CS200029"", ""CS200030"", ""CS200031""]",4,11.446456940710782,4,12.426035502958577,4
2025Q3,1123077,60대이상,C_대면생활서비스,3,1,True,98.25,96.96376811594205,94.91304347826087,2024Q3,expanding_prior_same_quarter_matched_industries,"[""2022Q3"", ""2023Q3"", ""2024Q3""]",False,10.52985576563783,ready,4,0.318181818181818,22,9860.0,107.17391304347827,"[""CS200028"", ""CS200029"", ""CS200030"", ""CS200031""]",4,-9.662596452792505,4,12.918002748511226,4
2025Q3,1123077,10대,D_생활필수,3,1,False,443.5326086956522,403.213768115942,356.55434782608694,2024Q3,expanding_prior_same_quarter_matched_industries,"[""2022Q3"", ""2023Q3"", ""2024Q3""]",True,-27.86488987932102,ready,6,0.333333333333333,21,26759.0,290.85869565217394,"[""CS300001"", ""CS300002"", ""CS300006"", ""CS300007"", ""CS300008"", ""CS300010""]",6,27.822192033359872,6,-18.42514404170349,6
2025Q3,1123077,20대,D_생활필수,3,1,False,2983.6521739130435,2623.713768115942,2226.5760869565215,2024Q3,expanding_prior_same_quarter_matched_industries,"[""2022Q3"", ""2023Q3"", ""2024Q3""]",True,-38.31304503932223,ready,6,0.047619047619048,21,148901.0,1618.4891304347825,"[""CS300001"", ""CS300002"", ""CS300006"", ""CS300007"", ""CS300008"", ""CS300010""]",6,8.214802772600848,6,-27.31040542849471,6
2025Q3,1123077,30대,D_생활필수,3,1,False,3178.9565217391305,3115.3297101449275,3011.5434782608695,2024Q3,expanding_prior_same_quarter_matched_industries,"[""2022Q3"", ""2023Q3"", ""2024Q3""]",True,-19.342754564559783,ready,6,0.142857142857143,21,231172.0,2512.7391304347825,"[""CS300001"", ""CS300002"", ""CS300006"", ""CS300007"", ""CS300008"", ""CS300010""]",6,-0.460019820314994,6,-16.563079743884046,6
2025Q3,1123077,40대,D_생활필수,3,1,False,2415.945652173913,2291.7608695652175,2210.271739130435,2024Q3,expanding_prior_same_quarter_matched_industries,"[""2022Q3"", ""2023Q3"", ""2024Q3""]",True,-11.153849802221572,ready,6,0.238095238095238,21,187325.0,2036.141304347826,"[""CS300001"", ""CS300002"", ""CS300006"", ""CS300007"", ""CS300008"", ""CS300010""]",6,6.162650441837458,6,-7.878236494627366,6
2025Q3,1123077,50대,D_생활필수,3,1,False,1795.3260869565217,1630.9601449275362,1472.554347826087,2024Q3,expanding_prior_same_quarter_matched_industries,"[""2022Q3"", ""2023Q3"", ""2024Q3""]",False,-0.729320552266499,ready,6,0.428571428571429,21,148954.0,1619.0652173913043,"[""CS300001"", ""CS300002"", ""CS300006"", ""CS300007"", ""CS300008"", ""CS300010""]",6,12.193642179230203,6,-9.817763516377076,6
2025Q3,1123077,60대이상,D_생활필수,3,1,False,987.8152173913044,908.3333333333334,759.7934782608696,2024Q3,expanding_prior_same_quarter_matched_industries,"[""2022Q3"", ""2023Q3"", ""2024Q3""]",False,2.169924212205832,ready,6,0.047619047619048,21,85380.0,928.0434782608696,"[""CS300001"", ""CS300002"", ""CS300006"", ""CS300007"", ""CS300008"", ""CS300010""]",6,7.472584018502326,6,-5.048932384341631,6
2025Q3,1123077,10대,E_의료건강,3,1,False,36.41304347826087,31.46014492753623,22.91304347826087,2024Q3,expanding_prior_same_quarter_matched_industries,"[""2022Q3"", ""2023Q3"", ""2024Q3""]",False,-14.729932051134398,ready,5,0.380952380952381,21,2468.0,26.82608695652174,"[""CS200006"", ""CS200007"", ""CS200008"", ""CS300018""]",4,51.719944875293855,4,17.077798861480066,4
2025Q3,1123077,20대,E_의료건강,3,1,False,950.1086956521739,814.8369565217391,691.6630434782609,2024Q3,expanding_prior_same_quarter_matched_industries,"[""2022Q3"", ""2023Q3"", ""2024Q3""]",True,-24.16594410725005,ready,5,0.619047619047619,21,56849.0,617.9239130434783,"[""CS200006"", ""CS200007"", ""CS200008"", ""CS300018""]",4,7.625463829418955,4,-10.661134945704276,4
2025Q3,1123077,30대,E_의료건강,3,1,False,1290.195652173913,1258.6014492753623,1217.4130434782608,2024Q3,expanding_prior_same_quarter_matched_industries,"[""2022Q3"", ""2023Q3"", ""2024Q3""]",True,-5.729559494953573,ready,5,0.80952380952381,21,109157.0,1186.4891304347825,"[""CS200006"", ""CS200007"", ""CS200008"", ""CS300018""]",4,-1.613334241928521,4,-2.540133211906925,4
2025Q3,1123077,40대,E_의료건강,3,1,False,1167.304347826087,1115.5289855072463,1085.0869565217392,2024Q3,expanding_prior_same_quarter_matched_industries,"[""2022Q3"", ""2023Q3"", ""2024Q3""]",True,-8.493403402558087,ready,5,0.619047619047619,21,93912.0,1020.7826086956521,"[""CS200006"", ""CS200007"", ""CS200008"", ""CS300018""]",4,1.400770010593333,4,-6.709315955734807,4
2025Q3,1123077,50대,E_의료건강,3,1,False,1034.4239130434783,1005.0144927536231,966.8804347826087,2024Q3,expanding_prior_same_quarter_matched_industries,"[""2022Q3"", ""2023Q3"", ""2024Q3""]",False,0.575015141464541,ready,5,0.904761904761905,21,92993.0,1010.7934782608696,"[""CS200006"", ""CS200007"", ""CS200008"", ""CS300018""]",4,3.735430835388676,4,-0.290572997083549,4
2025Q3,1123077,60대이상,E_의료건강,3,1,True,1194.1847826086957,1137.5,1095.1304347826087,2024Q3,expanding_prior_same_quarter_matched_industries,"[""2022Q3"", ""2023Q3"", ""2024Q3""]",False,6.344003822264677,ready,5,0.476190476190476,21,111289.0,1209.6630434782608,"[""CS200006"", ""CS200007"", ""CS200008"", ""CS300018""]",4,1.332330212572463,4,1.29613616711417,4
2025Q3,1123078,10대,A_외식카페,3,1,False,83.09782608695652,72.55797101449275,55.52173913043478,2024Q3,expanding_prior_same_quarter_matched_industries,"[""2022Q3"", ""2023Q3"", ""2024Q3""]",True,-33.84600019974033,ready,10,0.142857142857143,21,4416.0,48.0,"[""CS100001"", ""CS100002"", ""CS100003"", ""CS100004"", ""CS100005"", ""CS100006"", ""CS100007"", ""CS100008"", ""CS100009"", ""CS100010""]",10,-2.260013425822327,10,-13.547376664056376,10
2025Q3,1123078,20대,A_외식카페,3,1,False,2660.3695652173915,2171.6159420289855,1739.3478260869565,2024Q3,expanding_prior_same_quarter_matched_industries,"[""2022Q3"", ""2023Q3"", ""2024Q3""]",True,-34.8116176092738,ready,10,0.227272727272727,22,130239.0,1415.641304347826,"[""CS100001"", ""CS100002"", ""CS100003"", ""CS100004"", ""CS100005"", ""CS100006"", ""CS100007"", ""CS100008"", ""CS100009"", ""CS100010""]",10,6.650681923712365,10,-18.610798650168736,10
2025Q3,1123078,30대,A_외식카페,3,1,False,4003.782608695652,3579.7282608695655,3276.7608695652175,2024Q3,expanding_prior_same_quarter_matched_industries,"[""2022Q3"", ""2023Q3"", ""2024Q3""]",True,-12.998922070232444,ready,10,0.227272727272727,22,286525.0,3114.4021739130435,"[""CS100001"", ""CS100002"", ""CS100003"", ""CS100004"", ""CS100005"", ""CS100006"", ""CS100007"", ""CS100008"", ""CS100009"", ""CS100010""]",10,2.018184700755565,10,-4.95485334801733,10
2025Q3,1123078,40대,A_외식카페,3,1,False,2688.3152173913045,2478.1159420289855,2265.771739130435,2024Q3,expanding_prior_same_quarter_matched_industries,"[""2022Q3"", ""2023Q3"", ""2024Q3""]",True,-10.118866600385989,ready,10,0.227272727272727,22,204917.0,2227.358695652174,"[""CS100001"", ""CS100002"", ""CS100003"", ""CS100004"", ""CS100005"", ""CS100006"", ""CS100007"", ""CS100008"", ""CS100009"", ""CS100010""]",10,3.840098212213405,10,-1.695362459283001,10
2025Q3,1123078,50대,A_외식카페,3,1,False,1915.0217391304348,1802.626811594203,1699.8478260869565,2024Q3,expanding_prior_same_quarter_matched_industries,"[""2022Q3"", ""2023Q3"", ""2024Q3""]",False,-4.332244610823577,ready,10,0.272727272727273,22,158657.0,1724.5326086956522,"[""CS100001"", ""CS100002"", ""CS100003"", ""CS100004"", ""CS100005"", ""CS100006"", ""CS100007"", ""CS100008"", ""CS100009"", ""CS100010""]",10,0.280181598850016,10,1.452176025986995,10
2025Q3,1123078,60대이상,A_외식카페,3,1,True,1286.141304347826,1203.8840579710145,1141.054347826087,2024Q3,expanding_prior_same_quarter_matched_industries,"[""2022Q3"", ""2023Q3"", ""2024Q3""]",False,9.483495449511237,ready,10,0.272727272727273,22,121261.0,1318.054347826087,"[""CS100001"", ""CS100002"", ""CS100003"", ""CS100004"", ""CS100005"", ""CS100006"", ""CS100007"", ""CS100008"", ""CS100009"", ""CS100010""]",10,-5.819255263145317,10,2.481301500105659,10
2025Q3,1123078,10대,B_여가운동,3,1,False,172.02173913043478,116.56159420289855,52.34782608695652,2024Q3,expanding_prior_same_quarter_matched_industries,"[""2022Q3"", ""2023Q3"", ""2024Q3""]",True,-58.17661869385471,ready,5,0.157894736842105,19,4485.0,48.75,"[""CS200005"", ""CS200017"", ""CS200019"", ""CS200024"", ""CS200037""]",5,54.51933124346917,5,-6.872923588039869,5
2025Q3,1123078,20대,B_여가운동,3,1,False,423.2173913043478,347.3369565217392,267.1195652173913,2024Q3,expanding_prior_same_quarter_matched_industries,"[""2022Q3"", ""2023Q3"", ""2024Q3""]",True,-42.60053199812237,ready,5,0.45,20,18342.0,199.3695652173913,"[""CS200005"", ""CS200017"", ""CS200019"", ""CS200024"", ""CS200037""]",5,-3.31665102700448,5,-25.363173957273656,5
2025Q3,1123078,30대,B_여가운동,3,1,False,317.9021739130435,272.37681159420293,234.5326086956522,2024Q3,expanding_prior_same_quarter_matched_industries,"[""2022Q3"", ""2023Q3"", ""2024Q3""]",True,-43.616313717143775,ready,5,0.285714285714286,21,14129.0,153.57608695652175,"[""CS200005"", ""CS200017"", ""CS200019"", ""CS200024"", ""CS200037""]",5,-12.115306797613645,5,-34.518237011632756,5
2025Q3,1123078,40대,B_여가운동,3,1,False,416.04347826086956,331.02536231884056,245.2173913043478,2024Q3,expanding_prior_same_quarter_matched_industries,"[""2022Q3"", ""2023Q3"", ""2024Q3""]",True,-43.79453389227586,ready,5,0.047619047619048,21,17117.0,186.05434782608697,"[""CS200005"", ""CS200017"", ""CS200019"", ""CS200024"", ""CS200037""]",5,3.017618814565948,5,-24.12677304964538,5
2025Q3,1123078,50대,B_여가운동,3,1,False,436.9130434782609,373.6014492753623,313.92391304347825,2024Q3,expanding_prior_same_quarter_matched_industries,"[""2022Q3"", ""2023Q3"", ""2024Q3""]",True,-27.30570048683981,ready,5,0.095238095238095,21,24986.0,271.5869565217391,"[""CS200005"", ""CS200017"", ""CS200019"", ""CS200024"", ""CS200037""]",5,19.92630552930057,5,-13.48637512551505,5
2025Q3,1123078,60대이상,B_여가운동,3,1,False,130.32608695652175,114.44202898550725,84.27173913043478,2024Q3,expanding_prior_same_quarter_matched_industries,"[""2022Q3"", ""2023Q3"", ""2024Q3""]",False,-25.96403469891724,ready,5,0.19047619047619,21,7795.0,84.72826086956522,"[""CS200005"", ""CS200017"", ""CS200019"", ""CS200024"", ""CS200037""]",5,-13.309290092979143,5,0.541725783567659,5
2025Q3,1123078,10대,C_대면생활서비스,3,1,False,7.836956521739131,7.115942028985508,6.130434782608695,2024Q3,expanding_prior_same_quarter_matched_industries,"[""2022Q3"", ""2023Q3"", ""2024Q3""]",False,-5.142566191446041,ready,4,0.45,20,621.0,6.75,"[""CS200028"", ""CS200029"", ""CS200030"", ""CS200031""]",4,12.29433272394882,4,10.106382978723417,4
2025Q3,1123078,20대,C_대면생활서비스,3,1,False,253.8913043478261,238.73913043478262,226.5,2024Q3,expanding_prior_same_quarter_matched_industries,"[""2022Q3"", ""2023Q3"", ""2024Q3""]",True,-17.974867965762154,ready,4,0.590909090909091,22,18016.0,195.82608695652175,"[""CS200028"", ""CS200029"", ""CS200030"", ""CS200031""]",4,-8.167101710675196,4,-13.542566465111816,4
2025Q3,1123078,30대,C_대면생활서비스,3,1,False,487.85869565217394,470.07608695652175,458.60869565217394,2024Q3,expanding_prior_same_quarter_matched_industries,"[""2022Q3"", ""2023Q3"", ""2024Q3""]",True,-7.73926515133998,ready,4,0.5,22,39900.0,433.69565217391306,"[""CS200028"", ""CS200029"", ""CS200030"", ""CS200031""]",4,-10.495068835156518,4,-6.482913795528045,4
2025Q3,1123078,40대,C_대면생활서비스,3,1,False,347.7282608695652,329.8876811594203,319.6521739130435,2024Q3,expanding_prior_same_quarter_matched_industries,"[""2022Q3"", ""2023Q3"", ""2024Q3""]",True,-10.216476842139954,ready,4,0.590909090909091,22,27249.0,296.1847826086956,"[""CS200028"", ""CS200029"", ""CS200030"", ""CS200031""]",4,-2.454434449019927,4,-7.3415397170838,4
2025Q3,1123078,50대,C_대면생활서비스,3,1,False,260.67391304347825,253.68478260869566,244.7173913043478,2024Q3,expanding_prior_same_quarter_matched_industries,"[""2022Q3"", ""2023Q3"", ""2024Q3""]",False,-2.802176614250818,ready,4,0.454545454545454,22,22685.0,246.57608695652175,"[""CS200028"", ""CS200029"", ""CS200030"", ""CS200031""]",4,-0.907861185994174,4,-3.554270651758007,4
2025Q3,1123078,60대이상,C_대면생활서비스,3,1,True,159.18478260869566,154.35507246376812,148.25,2024Q3,expanding_prior_same_quarter_matched_industries,"[""2022Q3"", ""2023Q3"", ""2024Q3""]",False,21.564715271583502,ready,4,0.590909090909091,22,17263.0,187.6413043478261,"[""CS200028"", ""CS200029"", ""CS200030"", ""CS200031""]",4,-0.828442933835671,4,17.876408330488225,4
2025Q3,1123078,10대,D_생활필수,3,1,False,257.1304347826087,231.94202898550725,189.15217391304347,2024Q3,expanding_prior_same_quarter_matched_industries,"[""2022Q3"", ""2023Q3"", ""2024Q3""]",True,-24.409522619345157,ready,6,0.523809523809524,21,16130.0,175.32608695652175,"[""CS300001"", ""CS300002"", ""CS300007"", ""CS300008"", ""CS300009"", ""CS300010""]",6,-2.851647609794317,6,-7.309504654637388,6
2025Q3,1123078,20대,D_생활필수,3,1,False,3568.6847826086955,3078.4746376811595,2541.0434782608695,2024Q3,expanding_prior_same_quarter_matched_industries,"[""2022Q3"", ""2023Q3"", ""2024Q3""]",True,-23.97314687421659,ready,6,0.619047619047619,21,215323.0,2340.467391304348,"[""CS300001"", ""CS300002"", ""CS300007"", ""CS300008"", ""CS300009"", ""CS300010""]",6,2.453078226067373,6,-7.893453562384501,6
2025Q3,1123078,30대,D_생활필수,3,1,False,4162.20652173913,4037.7971014492746,3804.782608695652,2024Q3,expanding_prior_same_quarter_matched_industries,"[""2022Q3"", ""2023Q3"", ""2024Q3""]",True,-10.325349595130062,ready,6,0.380952380952381,21,333121.0,3620.8804347826085,"[""CS300001"", ""CS300002"", ""CS300007"", ""CS300008"", ""CS300009"", ""CS300010""]",6,0.906819572920048,6,-4.833447605987884,6
2025Q3,1123078,40대,D_생활필수,3,1,False,3083.9347826086955,2979.2028985507245,2870.163043478261,2024Q3,expanding_prior_same_quarter_matched_industries,"[""2022Q3"", ""2023Q3"", ""2024Q3""]",True,-5.055213679371484,ready,6,0.380952380952381,21,260231.0,2828.5978260869565,"[""CS300001"", ""CS300002"", ""CS300007"", ""CS300008"", ""CS300009"", ""CS300010""]",6,1.190531333356804,6,-1.448183143663262,6
2025Q3,1123078,50대,D_생활필수,3,1,True,2225.836956521739,2138.0253623188405,2050.7934782608695,2024Q3,expanding_prior_same_quarter_matched_industries,"[""2022Q3"", ""2023Q3"", ""2024Q3""]",False,8.982621442310123,ready,6,0.666666666666667,21,214367.0,2330.0760869565215,"[""CS300001"", ""CS300002"", ""CS300007"", ""CS300008"", ""CS300009"", ""CS300010""]",6,11.45759246900937,6,9.012179307889845,6
2025Q3,1123078,60대이상,D_생활필수,3,1,True,1265.3695652173913,1148.0,979.7717391304348,2024Q3,expanding_prior_same_quarter_matched_industries,"[""2022Q3"", ""2023Q3"", ""2024Q3""]",False,35.737009544008494,ready,6,0.714285714285714,21,143360.0,1558.2608695652175,"[""CS300001"", ""CS300002"", ""CS300007"", ""CS300008"", ""CS300009"", ""CS300010""]",6,11.413662644222967,6,23.14670056866015,6
2025Q3,1123078,10대,E_의료건강,3,1,True,29.25,26.23913043478261,23.97826086956522,2024Q3,expanding_prior_same_quarter_matched_industries,"[""2022Q3"", ""2023Q3"", ""2024Q3""]",False,14.95443247721624,ready,5,0.857142857142857,21,2775.0,30.16304347826087,"[""CS200006"", ""CS200007"", ""CS200008"", ""CS300018"", ""CS300019""]",5,-37.61734189723319,5,18.336886993603407,5
2025Q3,1123078,20대,E_의료건강,3,1,False,818.6847826086956,735.5797101449275,684.0326086956521,2024Q3,expanding_prior_same_quarter_matched_industries,"[""2022Q3"", ""2023Q3"", ""2024Q3""]",False,5.908777460348746,ready,5,1.0,21,71672.0,779.0434782608696,"[""CS200006"", ""CS200007"", ""CS200008"", ""CS300018"", ""CS300019""]",5,1.030292891177331,5,-4.842071721610742,5
2025Q3,1123078,30대,E_의료건강,3,1,False,2318.0434782608695,2138.677536231884,2023.7934782608695,2024Q3,expanding_prior_same_quarter_matched_industries,"[""2022Q3"", ""2023Q3"", ""2024Q3""]",False,-5.276693066790905,ready,5,0.857142857142857,21,186376.0,2025.8260869565217,"[""CS200006"", ""CS200007"", ""CS200008"", ""CS300018"", ""CS300019""]",5,-8.333205419427536,5,-12.606208384132046,5
2025Q3,1123078,40대,E_의료건강,3,1,False,2865.8478260869565,2544.5434782608695,2077.0434782608695,2024Q3,expanding_prior_same_quarter_matched_industries,"[""2022Q3"", ""2023Q3"", ""2024Q3""]",False,-6.483182257003484,ready,5,0.666666666666667,21,218921.0,2379.5760869565215,"[""CS200006"", ""CS200007"", ""CS200008"", ""CS300018"", ""CS300019""]",5,-9.738678263044342,5,-16.96781436557966,5
2025Q3,1123078,50대,E_의료건강,3,1,True,1581.1630434782608,1421.960144927536,1244.0652173913043,2024Q3,expanding_prior_same_quarter_matched_industries,"[""2022Q3"", ""2023Q3"", ""2024Q3""]",False,15.677736131743035,ready,5,1.0,21,151330.0,1644.891304347826,"[""CS200006"", ""CS200007"", ""CS200008"", ""CS300018"", ""CS300019""]",5,-6.460837939526465,5,4.030467391229631,5
2025Q3,1123078,60대이상,E_의료건강,3,1,True,1837.4782608695652,1520.6014492753623,1248.304347826087,2024Q3,expanding_prior_same_quarter_matched_industries,"[""2022Q3"", ""2023Q3"", ""2024Q3""]",False,26.304427595869306,ready,5,1.0,21,176694.0,1920.5869565217392,"[""CS200006"", ""CS200007"", ""CS200008"", ""CS300018"", ""CS300019""]",5,-3.778738338841614,5,4.522975722871614,5
2025Q3,1123079,10대,A_외식카페,3,1,True,578.4891304347826,527.0507246376811,475.6847826086956,2024Q3,expanding_prior_same_quarter_matched_industries,"[""2022Q3"", ""2023Q3"", ""2024Q3""]",False,176.26455666616258,ready,10,1.0,21,133957.0,1456.054347826087,"[""CS100001"", ""CS100002"", ""CS100003"", ""CS100004"", ""CS100005"", ""CS100006"", ""CS100007"", ""CS100008"", ""CS100009"", ""CS100010""]",10,50.29428619477309,10,151.69951710790852,10
2025Q3,1123079,20대,A_외식카페,3,1,False,3267.6739130434785,2817.7210144927535,2383.5,2024Q3,expanding_prior_same_quarter_matched_industries,"[""2022Q3"", ""2023Q3"", ""2024Q3""]",False,6.213650408709892,ready,10,1.0,22,275338.0,2992.804347826087,"[""CS100001"", ""CS100002"", ""CS100003"", ""CS100004"", ""CS100005"", ""CS100006"", ""CS100007"", ""CS100008"", ""CS100009"", ""CS100010""]",10,24.633983622331513,10,25.563429738875065,10
2025Q3,1123079,30대,A_외식카페,3,1,False,5994.728260869565,5557.311594202899,5024.282608695652,2024Q3,expanding_prior_same_quarter_matched_industries,"[""2022Q3"", ""2023Q3"", ""2024Q3""]",False,2.725225548272348,ready,10,0.863636363636364,22,525206.0,5708.760869565217,"[""CS100001"", ""CS100002"", ""CS100003"", ""CS100004"", ""CS100005"", ""CS100006"", ""CS100007"", ""CS100008"", ""CS100009"", ""CS100010""]",10,10.595096136375393,10,13.62340286521544,10
2025Q3,1123079,40대,A_외식카페,3,1,True,5303.304347826087,5163.003623188405,4954.260869565217,2024Q3,expanding_prior_same_quarter_matched_industries,"[""2022Q3"", ""2023Q3"", ""2024Q3""]",False,44.77206490716772,ready,10,0.954545454545455,22,687662.0,7474.586956521739,"[""CS100001"", ""CS100002"", ""CS100003"", ""CS100004"", ""CS100005"", ""CS100006"", ""CS100007"", ""CS100008"", ""CS100009"", ""CS100010""]",10,21.92426162818655,10,42.878038949247134,10
2025Q3,1123079,50대,A_외식카페,3,1,True,3341.217391304348,3163.4565217391305,2986.021739130435,2024Q3,expanding_prior_same_quarter_matched_industries,"[""2022Q3"", ""2023Q3"", ""2024Q3""]",False,91.71414042152573,ready,10,1.0,22,557961.0,6064.79347826087,"[""CS100001"", ""CS100002"", ""CS100003"", ""CS100004"", ""CS100005"", ""CS100006"", ""CS100007"", ""CS100008"", ""CS100009"", ""CS100010""]",10,28.792739232404752,10,81.51448313554029,10
2025Q3,1123079,60대이상,A_외식카페,3,1,True,1153.3260869565217,1049.5144927536232,983.7391304347826,2024Q3,expanding_prior_same_quarter_matched_industries,"[""2022Q3"", ""2023Q3"", ""2024Q3""]",False,69.27599373071054,ready,10,0.954545454545455,22,163445.0,1776.5760869565217,"[""CS100001"", ""CS100002"", ""CS100003"", ""CS100004"", ""CS100005"", ""CS100006"", ""CS100007"", ""CS100008"", ""CS100009"", ""CS100010""]",10,26.139868540052326,10,54.03935686954555,10
2025Q3,1123079,10대,B_여가운동,3,1,False,62.73913043478261,50.57608695652174,41.69565217391305,2024Q3,expanding_prior_same_quarter_matched_industries,"[""2022Q3"", ""2023Q3"", ""2024Q3""]",False,5.802707930367501,ready,6,0.68421052631579,19,4923.0,53.51086956521739,"[""CS200005"", ""CS200016"", ""CS200017"", ""CS200019"", ""CS200024"", ""CS200037""]",6,81.02190075965734,6,-14.708939708939706,6
2025Q3,1123079,20대,B_여가운동,3,1,False,118.76086956521739,102.44565217391305,91.94565217391305,2024Q3,expanding_prior_same_quarter_matched_industries,"[""2022Q3"", ""2023Q3"", ""2024Q3""]",True,-42.6631299734748,ready,6,0.4,20,5404.0,58.73913043478261,"[""CS200005"", ""CS200016"", ""CS200017"", ""CS200019"", ""CS200024"", ""CS200037""]",6,-1.90381960790571,6,-39.21259842519685,6
2025Q3,1123079,30대,B_여가운동,3,1,False,138.77173913043478,123.27536231884058,103.33695652173913,2024Q3,expanding_prior_same_quarter_matched_industries,"[""2022Q3"", ""2023Q3"", ""2024Q3""]",True,-39.804255819421584,ready,6,0.333333333333333,21,6827.0,74.20652173913044,"[""CS200005"", ""CS200016"", ""CS200017"", ""CS200019"", ""CS200024"", ""CS200037""]",6,-23.74894446408231,6,-28.189754917429255,6
2025Q3,1123079,40대,B_여가운동,3,1,False,320.92391304347825,273.6050724637681,244.70652173913044,2024Q3,expanding_prior_same_quarter_matched_industries,"[""2022Q3"", ""2023Q3"", ""2024Q3""]",False,-5.715420777329017,ready,6,0.523809523809524,21,23733.0,257.9673913043478,"[""CS200005"", ""CS200016"", ""CS200017"", ""CS200019"", ""CS200024"", ""CS200037""]",6,5.264484142844039,6,1.090428930442555,6
2025Q3,1123079,50대,B_여가운동,3,1,False,152.44565217391303,146.06159420289853,139.4673913043478,2024Q3,expanding_prior_same_quarter_matched_industries,"[""2022Q3"", ""2023Q3"", ""2024Q3""]",False,-4.217001959665612,ready,6,0.571428571428571,21,12871.0,139.90217391304347,"[""CS200005"", ""CS200016"", ""CS200017"", ""CS200019"", ""CS200024"", ""CS200037""]",6,-6.519584212593033,6,-4.354610983131457,6
2025Q3,1123079,60대이상,B_여가운동,3,1,True,49.33695652173913,46.95289855072463,44.83695652173913,2024Q3,expanding_prior_same_quarter_matched_industries,"[""2022Q3"", ""2023Q3"", ""2024Q3""]",False,19.453661547958955,ready,6,0.476190476190476,21,5160.0,56.08695652173913,"[""CS200005"", ""CS200016"", ""CS200017"", ""CS200019"", ""CS200024"", ""CS200037""]",6,-13.065695052320548,6,20.13969732246801,6
2025Q3,1123079,10대,C_대면생활서비스,3,1,True,2.804347826086956,1.945652173913044,1.326086956521739,2024Q3,expanding_prior_same_quarter_matched_industries,"[""2022Q3"", ""2023Q3"", ""2024Q3""]",False,64.24581005586589,ready,3,0.95,20,294.0,3.195652173913043,"[""CS200028"", ""CS200030"", ""CS200031""]",3,69.07229524772498,3,13.953488372093027,3
2025Q3,1123079,20대,C_대면생활서비스,3,1,False,9.021739130434783,8.101449275362318,6.934782608695652,2024Q3,expanding_prior_same_quarter_matched_industries,"[""2022Q3"", ""2023Q3"", ""2024Q3""]",False,-1.788908765652952,ready,3,0.727272727272727,22,732.0,7.956521739130435,"[""CS200028"", ""CS200030"", ""CS200031""]",3,21.892841458058854,3,-4.6875,3
2025Q3,1123079,30대,C_대면생활서비스,3,1,True,16.597826086956523,15.26449275362319,12.83695652173913,2024Q3,expanding_prior_same_quarter_matched_industries,"[""2022Q3"", ""2023Q3"", ""2024Q3""]",False,17.92072157607405,ready,3,0.909090909090909,22,1656.0,18.0,"[""CS200028"", ""CS200030"", ""CS200031""]",3,4.865556978233032,3,8.447937131630635,3
2025Q3,1123079,40대,C_대면생활서비스,3,1,False,51.45652173913044,42.9891304347826,33.27173913043478,2024Q3,expanding_prior_same_quarter_matched_industries,"[""2022Q3"", ""2023Q3"", ""2024Q3""]",False,-3.28697850821742,ready,3,0.818181818181818,22,3825.0,41.57608695652174,"[""CS200028"", ""CS200030"", ""CS200031""]",3,18.3429437924141,3,-6.019656019656017,3
2025Q3,1123079,50대,C_대면생활서비스,3,1,False,48.858695652173914,44.528985507246375,40.32608695652174,2024Q3,expanding_prior_same_quarter_matched_industries,"[""2022Q3"", ""2023Q3"", ""2024Q3""]",False,-7.144019528071599,ready,3,0.318181818181818,22,3804.0,41.34782608695652,"[""CS200028"", ""CS200030"", ""CS200031""]",3,3.22776883163356,3,-6.878824969400244,3
2025Q3,1123079,60대이상,C_대면생활서비스,3,1,False,32.56521739130435,29.42753623188406,24.32608695652174,2024Q3,expanding_prior_same_quarter_matched_industries,"[""2022Q3"", ""2023Q3"", ""2024Q3""]",False,3.053435114503822,ready,3,0.181818181818182,22,2790.0,30.32608695652174,"[""CS200028"", ""CS200030"", ""CS200031""]",3,9.859630296316801,3,-3.393351800554012,3
2025Q3,1123079,10대,D_생활필수,3,1,False,1041.25,1013.6521739130435,976.2065217391304,2024Q3,expanding_prior_same_quarter_matched_industries,"[""2022Q3"", ""2023Q3"", ""2024Q3""]",True,-29.614180320837256,ready,5,0.285714285714286,21,65639.0,713.4673913043479,"[""CS300001"", ""CS300002"", ""CS300007"", ""CS300010""]",4,7.074234132686286,5,-27.706371496227767,5
2025Q3,1123079,20대,D_생활필수,3,1,False,3470.2391304347825,2809.63768115942,2171.282608695652,2024Q3,expanding_prior_same_quarter_matched_industries,"[""2022Q3"", ""2023Q3"", ""2024Q3""]",True,-32.633275733113244,ready,5,0.380952380952381,21,174134.0,1892.7608695652175,"[""CS300001"", ""CS300002"", ""CS300007"", ""CS300010""]",4,13.453721487016246,5,-13.376979475054151,5
2025Q3,1123079,30대,D_생활필수,3,1,False,4454.75,4069.4963768115945,3666.467391304348,2024Q3,expanding_prior_same_quarter_matched_industries,"[""2022Q3"", ""2023Q3"", ""2024Q3""]",True,-15.791844769453899,ready,5,0.238095238095238,21,315270.0,3426.8478260869565,"[""CS300001"", ""CS300002"", ""CS300007"", ""CS300010""]",4,5.561763152299926,5,-7.32269653608525,5
2025Q3,1123079,40대,D_생활필수,3,1,False,5470.326086956522,5079.702898550725,4853.010869565217,2024Q3,expanding_prior_same_quarter_matched_industries,"[""2022Q3"", ""2023Q3"", ""2024Q3""]",True,-4.949079813237967,ready,5,0.428571428571429,21,444204.0,4828.304347826087,"[""CS300001"", ""CS300002"", ""CS300007"", ""CS300010""]",4,11.407522604272536,5,0.432930845225044,5
2025Q3,1123079,50대,D_생활필수,3,1,False,3875.032608695652,3668.5036231884055,3504.4021739130435,2024Q3,expanding_prior_same_quarter_matched_industries,"[""2022Q3"", ""2023Q3"", ""2024Q3""]",False,-4.138736818609634,ready,5,0.19047619047619,21,323534.0,3516.6739130434785,"[""CS300001"", ""CS300002"", ""CS300007"", ""CS300010""]",4,24.744663631960083,5,0.032783334357811,5
2025Q3,1123079,60대이상,D_생활필수,3,1,True,1188.1739130434783,1124.0253623188405,1054.4891304347825,2024Q3,expanding_prior_same_quarter_matched_industries,"[""2022Q3"", ""2023Q3"", ""2024Q3""]",False,40.34961045156673,ready,5,0.857142857142857,21,145136.0,1577.5652173913043,"[""CS300001"", ""CS300002"", ""CS300007"", ""CS300010""]",4,41.80849984803914,5,54.764956493483055,5
2025Q3,1123079,10대,E_의료건강,3,1,True,18.72826086956522,16.53985507246377,14.793478260869565,2024Q3,expanding_prior_same_quarter_matched_industries,"[""2022Q3"", ""2023Q3"", ""2024Q3""]",False,22.431544359255184,ready,5,0.952380952380952,21,1863.0,20.25,"[""CS200006"", ""CS200007"", ""CS200008"", ""CS300018"", ""CS300019""]",5,26.388888888888886,5,8.125362739408004,5
2025Q3,1123079,20대,E_의료건강,3,1,False,275.5217391304348,242.4021739130435,191.15217391304347,2024Q3,expanding_prior_same_quarter_matched_industries,"[""2022Q3"", ""2023Q3"", ""2024Q3""]",True,-31.80126451728623,ready,5,0.238095238095238,21,15209.0,165.31521739130434,"[""CS200006"", ""CS200007"", ""CS200008"", ""CS300018"", ""CS300019""]",5,7.263349608618142,5,-13.516433526668937,5
2025Q3,1123079,30대,E_의료건강,3,1,False,526.5217391304348,488.78985507246375,458.8695652173913,2024Q3,expanding_prior_same_quarter_matched_industries,"[""2022Q3"", ""2023Q3"", ""2024Q3""]",True,-20.680325560019565,ready,5,0.238095238095238,21,35669.0,387.70652173913044,"[""CS200006"", ""CS200007"", ""CS200008"", ""CS300018"", ""CS300019""]",5,-6.72740052275983,5,-15.508338070873606,5
2025Q3,1123079,40대,E_의료건강,3,1,False,586.8913043478261,517.5434782608696,458.1304347826087,2024Q3,expanding_prior_same_quarter_matched_industries,"[""2022Q3"", ""2023Q3"", ""2024Q3""]",True,-14.457932540849338,ready,5,0.285714285714286,21,40730.0,442.7173913043478,"[""CS200006"", ""CS200007"", ""CS200008"", ""CS300018"", ""CS300019""]",5,-2.694774270715516,5,-12.783725910064248,5
2025Q3,1123079,50대,E_의료건강,3,1,False,341.95652173913044,337.4673913043478,334.35869565217394,2024Q3,expanding_prior_same_quarter_matched_industries,"[""2022Q3"", ""2023Q3"", ""2024Q3""]",True,-4.441652977743427,ready,5,0.571428571428571,21,29668.0,322.4782608695652,"[""CS200006"", ""CS200007"", ""CS200008"", ""CS300018"", ""CS300019""]",5,3.45680147763241,5,-4.049159120310486,5
2025Q3,1123079,60대이상,E_의료건강,3,1,False,265.6630434782609,257.6630434782609,245.0,2024Q3,expanding_prior_same_quarter_matched_industries,"[""2022Q3"", ""2023Q3"", ""2024Q3""]",False,-0.223581522885474,ready,5,0.238095238095238,21,23652.0,257.0869565217391,"[""CS200006"", ""CS200007"", ""CS200008"", ""CS300018"", ""CS300019""]",5,-7.726934434494526,5,-3.22818215293974,5
2025Q3,1123080,10대,A_외식카페,3,1,False,145.27173913043478,131.69927536231884,113.1304347826087,2024Q3,expanding_prior_same_quarter_matched_industries,"[""2022Q3"", ""2023Q3"", ""2024Q3""]",True,-25.769622272964867,ready,10,0.476190476190476,21,8994.0,97.76086956521739,"[""CS100001"", ""CS100003"", ""CS100004"", ""CS100005"", ""CS100006"", ""CS100007"", ""CS100008"", ""CS100009"", ""CS100010""]",9,-11.686517511306228,10,-15.402512796649603,10
2025Q3,1123080,20대,A_외식카페,3,1,False,845.2391304347826,706.1304347826086,539.75,2024Q3,expanding_prior_same_quarter_matched_industries,"[""2022Q3"", ""2023Q3"", ""2024Q3""]",True,-38.52749214949818,ready,10,0.136363636363636,22,39935.0,434.07608695652175,"[""CS100001"", ""CS100003"", ""CS100004"", ""CS100005"", ""CS100006"", ""CS100007"", ""CS100008"", ""CS100009"", ""CS100010""]",9,-6.308943696245184,10,-19.562656015976042,10
2025Q3,1123080,30대,A_외식카페,3,1,False,1015.6630434782609,945.8369565217391,889.8152173913044,2024Q3,expanding_prior_same_quarter_matched_industries,"[""2022Q3"", ""2023Q3"", ""2024Q3""]",True,-10.021030373375318,ready,10,0.454545454545454,22,78297.0,851.054347826087,"[""CS100001"", ""CS100003"", ""CS100004"", ""CS100005"", ""CS100006"", ""CS100007"", ""CS100008"", ""CS100009"", ""CS100010""]",9,-3.55688577808636,10,-8.631846544950317,10
2025Q3,1123080,40대,A_외식카페,3,1,False,1625.8152173913043,1504.2608695652173,1303.641304347826,2024Q3,expanding_prior_same_quarter_matched_industries,"[""2022Q3"", ""2023Q3"", ""2024Q3""]",False,7.501156136192844,ready,10,0.909090909090909,22,148773.0,1617.0978260869565,"[""CS100001"", ""CS100003"", ""CS100004"", ""CS100005"", ""CS100006"", ""CS100007"", ""CS100008"", ""CS100009"", ""CS100010""]",9,7.758015600789303,10,1.996944491597352,10
2025Q3,1123080,50대,A_외식카페,3,1,False,1644.304347826087,1508.1123188405797,1367.6847826086957,2024Q3,expanding_prior_same_quarter_matched_industries,"[""2022Q3"", ""2023Q3"", ""2024Q3""]",False,2.828663340052229,ready,10,0.590909090909091,22,142671.0,1550.7717391304348,"[""CS100001"", ""CS100003"", ""CS100004"", ""CS100005"", ""CS100006"", ""CS100007"", ""CS100008"", ""CS100009"", ""CS100010""]",9,3.621544304421809,10,2.636809894627357,10
2025Q3,1123080,60대이상,A_외식카페,3,1,True,1099.0326086956522,1008.1340579710145,864.5217391304348,2024Q3,expanding_prior_same_quarter_matched_industries,"[""2022Q3"", ""2023Q3"", ""2024Q3""]",False,31.09561717191682,ready,10,0.818181818181818,22,121589.0,1321.6195652173913,"[""CS100001"", ""CS100003"", ""CS100004"", ""CS100005"", ""CS100006"", ""CS100007"", ""CS100008"", ""CS100009"", ""CS100010""]",9,1.72461938023869,10,20.263649432312715,10
2025Q3,1123080,10대,B_여가운동,3,1,False,12.478260869565217,9.996376811594203,8.728260869565217,2024Q3,expanding_prior_same_quarter_matched_industries,"[""2022Q3"", ""2023Q3"", ""2024Q3""]",True,-51.50416817687569,ready,5,0.210526315789474,19,446.0,4.847826086956522,"[""CS200005"", ""CS200016"", ""CS200017"", ""CS200037""]",4,-14.83548766157462,5,-44.458281444582816,5
2025Q3,1123080,20대,B_여가운동,3,1,False,18.32608695652174,16.43840579710145,13.195652173913043,2024Q3,expanding_prior_same_quarter_matched_industries,"[""2022Q3"", ""2023Q3"", ""2024Q3""]",True,-32.35618249944897,ready,5,0.6,20,1023.0,11.119565217391305,"[""CS200005"", ""CS200016"", ""CS200017"", ""CS200037""]",4,-28.29493157321061,5,-19.11421911421912,5
2025Q3,1123080,30대,B_여가운동,3,1,True,13.978260869565217,11.822463768115943,8.554347826086957,2024Q3,expanding_prior_same_quarter_matched_industries,"[""2022Q3"", ""2023Q3"", ""2024Q3""]",False,47.01195219123504,ready,5,0.904761904761905,21,1599.0,17.380434782608695,"[""CS200005"", ""CS200016"", ""CS200017"", ""CS200037""]",4,10.479488078541376,5,28.339768339768344,5
2025Q3,1123080,40대,B_여가운동,3,1,True,18.793478260869566,15.768115942028986,10.16304347826087,2024Q3,expanding_prior_same_quarter_matched_industries,"[""2022Q3"", ""2023Q3"", ""2024Q3""]",False,53.86029411764706,ready,5,0.80952380952381,21,2232.0,24.26086956521739,"[""CS200005"", ""CS200016"", ""CS200017"", ""CS200037""]",4,41.035708381550684,5,27.478753541076472,5
2025Q3,1123080,50대,B_여가운동,3,1,False,12.956521739130435,12.268115942028984,11.902173913043478,2024Q3,expanding_prior_same_quarter_matched_industries,"[""2022Q3"", ""2023Q3"", ""2024Q3""]",True,-7.32427643236857,ready,5,0.523809523809524,21,1046.0,11.369565217391305,"[""CS200005"", ""CS200016"", ""CS200017"", ""CS200037""]",4,5.592647709447762,5,-1.535836177474414,5
2025Q3,1123080,60대이상,B_여가운동,3,1,True,9.728260869565217,6.916666666666667,5.043478260869565,2024Q3,expanding_prior_same_quarter_matched_industries,"[""2022Q3"", ""2023Q3"", ""2024Q3""]",False,130.69669984284963,ready,5,0.904761904761905,21,1468.0,15.956521739130435,"[""CS200005"", ""CS200016"", ""CS200017"", ""CS200037""]",4,95.34346103038307,5,178.9179104477612,5
2025Q3,1123080,10대,C_대면생활서비스,3,1,False,4.847826086956522,3.952898550724637,2.804347826086956,2024Q3,expanding_prior_same_quarter_matched_industries,"[""2022Q3"", ""2023Q3"", ""2024Q3""]",False,-12.007332722273134,ready,4,0.4,20,320.0,3.478260869565217,"[""CS200028"", ""CS200029"", ""CS200031""]",3,14.267775859362741,3,-17.312661498708003,4
2025Q3,1123080,20대,C_대면생활서비스,3,1,False,19.73913043478261,16.014492753623188,14.108695652173912,2024Q3,expanding_prior_same_quarter_matched_industries,"[""2022Q3"", ""2023Q3"", ""2024Q3""]",False,-8.371040723981892,ready,4,0.681818181818182,22,1350.0,14.673913043478262,"[""CS200028"", ""CS200029"", ""CS200031""]",3,7.861557912481576,3,4.006163328197232,4
2025Q3,1123080,30대,C_대면생활서비스,3,1,True,26.358695652173914,24.844202898550723,22.554347826086957,2024Q3,expanding_prior_same_quarter_matched_industries,"[""2022Q3"", ""2023Q3"", ""2024Q3""]",False,23.465072189003955,ready,4,1.0,22,2822.0,30.67391304347826,"[""CS200028"", ""CS200029"", ""CS200031""]",3,-2.977890616735435,3,16.324013157894733,4
2025Q3,1123080,40대,C_대면생활서비스,3,1,True,73.15217391304348,62.80434782608696,56.67391304347826,2024Q3,expanding_prior_same_quarter_matched_industries,"[""2022Q3"", ""2023Q3"", ""2024Q3""]",False,18.414676358601568,ready,4,0.954545454545455,22,6842.0,74.3695652173913,"[""CS200028"", ""CS200029"", ""CS200031""]",3,-4.154787781013914,3,1.558557221315104,4
2025Q3,1123080,50대,C_대면생활서비스,3,1,True,76.45652173913044,62.275362318840585,49.30434782608695,2024Q3,expanding_prior_same_quarter_matched_industries,"[""2022Q3"", ""2023Q3"", ""2024Q3""]",False,26.38468699092389,ready,4,0.909090909090909,22,7241.0,78.70652173913044,"[""CS200028"", ""CS200029"", ""CS200031""]",3,-1.765279409396936,3,3.141882286039221,4
2025Q3,1123080,60대이상,C_대면생활서비스,3,1,True,72.84782608695652,51.72826086956522,37.119565217391305,2024Q3,expanding_prior_same_quarter_matched_industries,"[""2022Q3"", ""2023Q3"", ""2024Q3""]",False,57.47005673460812,ready,4,1.0,22,7494.0,81.45652173913044,"[""CS200028"", ""CS200029"", ""CS200031""]",3,-5.752784764642471,3,11.81736794986572,4
2025Q3,1123080,10대,D_생활필수,3,1,False,110.33695652173913,90.92753623188405,79.83695652173913,2024Q3,expanding_prior_same_quarter_matched_industries,"[""2022Q3"", ""2023Q3"", ""2024Q3""]",False,-5.550685368186148,ready,5,0.761904761904762,21,7901.0,85.8804347826087,"[""CS300001"", ""CS300002"", ""CS300007"", ""CS300009"", ""CS300010""]",5,-18.634882194509196,5,3.960526315789492,5
2025Q3,1123080,20대,D_생활필수,3,1,False,362.14130434782606,330.05434782608694,293.29347826086956,2024Q3,expanding_prior_same_quarter_matched_industries,"[""2022Q3"", ""2023Q3"", ""2024Q3""]",True,-33.36407047587683,ready,5,0.285714285714286,21,20234.0,219.93478260869566,"[""CS300001"", ""CS300002"", ""CS300007"", ""CS300009"", ""CS300010""]",5,-1.997526112078618,5,-25.012044620687103,5
2025Q3,1123080,30대,D_생활필수,3,1,False,513.1304347826087,452.2210144927537,396.5869565217391,2024Q3,expanding_prior_same_quarter_matched_industries,"[""2022Q3"", ""2023Q3"", ""2024Q3""]",True,-14.057029315856528,ready,5,0.285714285714286,21,35756.0,388.6521739130435,"[""CS300001"", ""CS300002"", ""CS300007"", ""CS300009"", ""CS300010""]",5,-5.932901148766002,5,-13.042632359736373,5
2025Q3,1123080,40대,D_생활필수,3,1,False,834.8478260869565,718.3840579710145,593.4347826086956,2024Q3,expanding_prior_same_quarter_matched_industries,"[""2022Q3"", ""2023Q3"", ""2024Q3""]",False,-0.651119158336455,ready,5,0.619047619047619,21,65661.0,713.7065217391304,"[""CS300001"", ""CS300002"", ""CS300007"", ""CS300009"", ""CS300010""]",5,-6.522411839173181,5,-1.810922359133871,5
2025Q3,1123080,50대,D_생활필수,3,1,False,966.1739130434783,830.1521739130435,708.8695652173913,2024Q3,expanding_prior_same_quarter_matched_industries,"[""2022Q3"", ""2023Q3"", ""2024Q3""]",False,-0.028805614476135,ready,5,0.476190476190476,21,76352.0,829.9130434782609,"[""CS300001"", ""CS300002"", ""CS300007"", ""CS300009"", ""CS300010""]",5,-2.296225006763852,5,1.778239889093292,5
2025Q3,1123080,60대이상,D_생활필수,3,1,True,809.2934782608696,750.1304347826086,644.4130434782609,2024Q3,expanding_prior_same_quarter_matched_industries,"[""2022Q3"", ""2023Q3"", ""2024Q3""]",False,13.997565640758136,ready,5,0.333333333333333,21,78672.0,855.1304347826087,"[""CS300001"", ""CS300002"", ""CS300007"", ""CS300009"", ""CS300010""]",5,-2.693639487792587,5,5.663823786179578,5
2025Q3,1123080,10대,E_의료건강,3,1,False,17.065217391304348,12.931159420289854,9.097826086956522,2024Q3,expanding_prior_same_quarter_matched_industries,"[""2022Q3"", ""2023Q3"", ""2024Q3""]",False,1.120762118240415,ready,4,0.80952380952381,21,1203.0,13.076086956521738,"[""CS200006"", ""CS200007"", ""CS200008"", ""CS300018""]",4,6.624006545114525,4,-23.375796178343954,4
2025Q3,1123080,20대,E_의료건강,3,1,False,137.2173913043478,111.1340579710145,91.92391304347827,2024Q3,expanding_prior_same_quarter_matched_industries,"[""2022Q3"", ""2023Q3"", ""2024Q3""]",False,-7.191992957976067,ready,4,0.952380952380952,21,9489.0,103.1413043478261,"[""CS200006"", ""CS200007"", ""CS200008"", ""CS300018""]",4,-9.690573504741906,4,-24.833650190114053,4
2025Q3,1123080,30대,E_의료건강,3,1,False,341.6630434782609,267.4673913043478,187.69565217391303,2024Q3,expanding_prior_same_quarter_matched_industries,"[""2022Q3"", ""2023Q3"", ""2024Q3""]",False,0.711179745600843,ready,4,0.952380952380952,21,24782.0,269.3695652173913,"[""CS200006"", ""CS200007"", ""CS200008"", ""CS300018""]",4,-12.716741081104521,4,-21.159291190786757,4
2025Q3,1123080,40대,E_의료건강,3,1,False,716.4673913043479,525.6195652173914,302.7391304347826,2024Q3,expanding_prior_same_quarter_matched_industries,"[""2022Q3"", ""2023Q3"", ""2024Q3""]",False,0.12614512893685,ready,4,0.904761904761905,21,48418.0,526.2826086956521,"[""CS200006"", ""CS200007"", ""CS200008"", ""CS300018""]",4,-17.011701136210387,4,-26.544792535841623,4
2025Q3,1123080,50대,E_의료건강,3,1,False,544.5978260869565,430.5688405797102,341.7282608695652,2024Q3,expanding_prior_same_quarter_matched_industries,"[""2022Q3"", ""2023Q3"", ""2024Q3""]",False,13.20211718572497,ready,4,0.952380952380952,21,44842.0,487.4130434782609,"[""CS200006"", ""CS200007"", ""CS200008"", ""CS300018""]",4,-17.433754734695196,4,-10.500369239366902,4
2025Q3,1123080,60대이상,E_의료건강,3,1,False,846.6521739130435,655.5869565217391,508.69565217391306,2024Q3,expanding_prior_same_quarter_matched_industries,"[""2022Q3"", ""2023Q3"", ""2024Q3""]",False,15.286666445601348,ready,4,0.857142857142857,21,69534.0,755.804347826087,"[""CS200006"", ""CS200007"", ""CS200008"", ""CS300018""]",4,-16.22223293196512,4,-10.730241873363111,4
2025Q4,1123051,10대,A_외식카페,3,1,False,461.79347826086956,400.3152173913043,345.2173913043478,2024Q4,expanding_prior_same_quarter_matched_industries,"[""2022Q4"", ""2023Q4"", ""2024Q4""]",True,-34.49184066903798,ready,10,0.318181818181818,22,24126.0,262.2391304347826,"[""CS100001"", ""CS100002"", ""CS100003"", ""CS100004"", ""CS100005"", ""CS100006"", ""CS100007"", ""CS100008"", ""CS100009"", ""CS100010""]",10,-18.002922883458517,10,-24.03652392947102,10
2025Q4,1123051,20대,A_외식카페,3,1,False,8002.95652173913,6491.166666666667,5033.652173913043,2024Q4,expanding_prior_same_quarter_matched_industries,"[""2022Q4"", ""2023Q4"", ""2024Q4""]",True,-38.965383280065105,ready,10,0.136363636363636,22,364491.0,3961.858695652174,"[""CS100001"", ""CS100002"", ""CS100003"", ""CS100004"", ""CS100005"", ""CS100006"", ""CS100007"", ""CS100008"", ""CS100009"", ""CS100010""]",10,-5.852040697719463,10,-21.292561369564833,10
2025Q4,1123051,30대,A_외식카페,3,1,False,6894.173913043478,6339.384057971015,5693.402173913043,2024Q4,expanding_prior_same_quarter_matched_industries,"[""2022Q4"", ""2023Q4"", ""2024Q4""]",True,-17.42820074642647,ready,10,0.272727272727273,22,481578.0,5234.54347826087,"[""CS100001"", ""CS100002"", ""CS100003"", ""CS100004"", ""CS100005"", ""CS100006"", ""CS100007"", ""CS100008"", ""CS100009"", ""CS100010""]",10,-5.281542628203228,10,-8.059481512734978,10
2025Q4,1123051,40대,A_외식카페,3,1,False,3717.086956521739,3481.5942028985505,3222.021739130435,2024Q4,expanding_prior_same_quarter_matched_industries,"[""2022Q4"", ""2023Q4"", ""2024Q4""]",True,-11.170753028347825,ready,10,0.409090909090909,22,284526.0,3092.6739130434785,"[""CS100001"", ""CS100002"", ""CS100003"", ""CS100004"", ""CS100005"", ""CS100006"", ""CS100007"", ""CS100008"", ""CS100009"", ""CS100010""]",10,-5.641743329198967,10,-4.014492655839907,10
2025Q4,1123051,50대,A_외식카페,3,1,False,2870.021739130435,2757.7789855072465,2572.836956521739,2024Q4,expanding_prior_same_quarter_matched_industries,"[""2022Q4"", ""2023Q4"", ""2024Q4""]",False,-4.687399411677373,ready,10,0.318181818181818,22,241823.0,2628.5108695652175,"[""CS100001"", ""CS100002"", ""CS100003"", ""CS100004"", ""CS100005"", ""CS100006"", ""CS100007"", ""CS100008"", ""CS100009"", ""CS100010""]",10,-4.445357663599037,10,2.163911432566823,10
2025Q4,1123051,60대이상,A_외식카페,3,1,True,1586.3695652173913,1551.6304347826087,1519.7173913043478,2024Q4,expanding_prior_same_quarter_matched_industries,"[""2022Q4"", ""2023Q4"", ""2024Q4""]",False,2.594746059544639,ready,10,0.272727272727273,22,146454.0,1591.891304347826,"[""CS100001"", ""CS100002"", ""CS100003"", ""CS100004"", ""CS100005"", ""CS100006"", ""CS100007"", ""CS100008"", ""CS100009"", ""CS100010""]",10,-4.475723342638737,10,4.749166750110856,10
2025Q4,1123051,10대,B_여가운동,3,1,False,367.0217391304348,245.4021739130435,183.7826086956522,2024Q4,expanding_prior_same_quarter_matched_industries,"[""2022Q4"", ""2023Q4"", ""2024Q4""]",False,9.7488594587412,ready,6,0.666666666666667,18,24778.0,269.32608695652175,"[""CS200005"", ""CS200016"", ""CS200017"", ""CS200019"", ""CS200024"", ""CS200037""]",6,-26.824370219426473,6,46.54601372131535,6
2025Q4,1123051,20대,B_여가운동,3,1,False,1874.2934782608695,1615.3478260869567,1348.891304347826,2024Q4,expanding_prior_same_quarter_matched_industries,"[""2022Q4"", ""2023Q4"", ""2024Q4""]",False,-11.715743008639956,ready,6,0.736842105263158,19,131201.0,1426.0978260869565,"[""CS200005"", ""CS200016"", ""CS200017"", ""CS200019"", ""CS200024"", ""CS200037""]",6,-15.002137887249123,6,5.723702235330142,6
2025Q4,1123051,30대,B_여가운동,3,1,False,812.9673913043479,743.8297101449275,643.4347826086956,2024Q4,expanding_prior_same_quarter_matched_industries,"[""2022Q4"", ""2023Q4"", ""2024Q4""]",False,-1.393103649834138,ready,6,0.619047619047619,21,67479.0,733.4673913043479,"[""CS200005"", ""CS200016"", ""CS200017"", ""CS200019"", ""CS200024"", ""CS200037""]",6,-11.94524552085916,6,-5.369663992819874,6
2025Q4,1123051,40대,B_여가운동,3,1,True,263.9021739130435,223.4275362318841,201.75,2024Q4,expanding_prior_same_quarter_matched_industries,"[""2022Q4"", ""2023Q4"", ""2024Q4""]",False,51.590828008951426,ready,6,0.857142857142857,21,31160.0,338.69565217391306,"[""CS200005"", ""CS200016"", ""CS200017"", ""CS200019"", ""CS200024"", ""CS200037""]",6,-27.328700032650776,6,28.34136496560813,6
2025Q4,1123051,50대,B_여가운동,3,1,True,283.5978260869565,258.73913043478257,233.7826086956522,2024Q4,expanding_prior_same_quarter_matched_industries,"[""2022Q4"", ""2023Q4"", ""2024Q4""]",False,45.24869769786595,ready,6,0.904761904761905,21,34575.0,375.8152173913044,"[""CS200005"", ""CS200016"", ""CS200017"", ""CS200019"", ""CS200024"", ""CS200037""]",6,-21.885590348380102,6,45.193801704951085,6
2025Q4,1123051,60대이상,B_여가운동,3,1,True,62.608695652173914,56.80797101449275,46.53260869565217,2024Q4,expanding_prior_same_quarter_matched_industries,"[""2022Q4"", ""2023Q4"", ""2024Q4""]",False,21.480961796032915,ready,6,0.523809523809524,21,6349.0,69.01086956521739,"[""CS200005"", ""CS200016"", ""CS200017"", ""CS200019"", ""CS200024"", ""CS200037""]",6,-3.686286407767003,6,12.610854913089753,6
2025Q4,1123051,10대,C_대면생활서비스,3,1,True,8.728260869565217,8.119565217391305,7.293478260869565,2024Q4,expanding_prior_same_quarter_matched_industries,"[""2022Q4"", ""2023Q4"", ""2024Q4""]",False,17.53681392235609,ready,4,0.80952380952381,21,878.0,9.543478260869565,"[""CS200028"", ""CS200029"", ""CS200030"", ""CS200031""]",4,7.073170731707323,4,9.339975093399744,4
2025Q4,1123051,20대,C_대면생활서비스,3,1,False,139.3913043478261,125.5,113.48913043478261,2024Q4,expanding_prior_same_quarter_matched_industries,"[""2022Q4"", ""2023Q4"", ""2024Q4""]",False,9.899532305560355,ready,4,0.863636363636364,22,12689.0,137.92391304347825,"[""CS200028"", ""CS200029"", ""CS200030"", ""CS200031""]",4,5.111000662690524,4,21.530504740925196,4
2025Q4,1123051,30대,C_대면생활서비스,3,1,False,162.1195652173913,148.58333333333334,139.2608695652174,2024Q4,expanding_prior_same_quarter_matched_industries,"[""2022Q4"", ""2023Q4"", ""2024Q4""]",False,6.381526006486382,ready,4,0.863636363636364,22,14542.0,158.06521739130434,"[""CS200028"", ""CS200029"", ""CS200030"", ""CS200031""]",4,6.456808199121511,4,13.502965969403679,4
2025Q4,1123051,40대,C_대면생활서비스,3,1,False,136.0,116.64130434782608,101.22826086956522,2024Q4,expanding_prior_same_quarter_matched_industries,"[""2022Q4"", ""2023Q4"", ""2024Q4""]",False,-10.520920697045943,ready,4,0.727272727272727,22,9602.0,104.3695652173913,"[""CS200028"", ""CS200029"", ""CS200030"", ""CS200031""]",4,-11.567507828329349,4,-7.388117283950624,4
2025Q4,1123051,50대,C_대면생활서비스,3,1,True,99.1086956521739,97.51086956521739,95.17391304347827,2024Q4,expanding_prior_same_quarter_matched_industries,"[""2022Q4"", ""2023Q4"", ""2024Q4""]",False,13.086612417790654,ready,4,0.818181818181818,22,10145.0,110.27173913043478,"[""CS200028"", ""CS200029"", ""CS200030"", ""CS200031""]",4,-0.304638364779874,4,11.26343496380786,4
2025Q4,1123051,60대이상,C_대면생활서비스,3,1,True,71.55434782608695,67.30434782608695,63.40217391304348,2024Q4,expanding_prior_same_quarter_matched_industries,"[""2022Q4"", ""2023Q4"", ""2024Q4""]",False,20.36498708010337,ready,4,0.681818181818182,22,7453.0,81.01086956521739,"[""CS200028"", ""CS200029"", ""CS200030"", ""CS200031""]",4,2.743314033636612,4,13.215859030837018,4
2025Q4,1123051,10대,D_생활필수,3,1,False,268.5108695652174,250.8840579710145,228.15217391304347,2024Q4,expanding_prior_same_quarter_matched_industries,"[""2022Q4"", ""2023Q4"", ""2024Q4""]",True,-20.034948876436943,ready,7,0.476190476190476,21,18457.0,200.6195652173913,"[""CS300001"", ""CS300002"", ""CS300006"", ""CS300007"", ""CS300008"", ""CS300010""]",6,-15.56338350336246,7,-12.06765126250595,6
2025Q4,1123051,20대,D_생활필수,3,1,False,2941.4347826086955,2548.6340579710145,2026.6521739130435,2024Q4,expanding_prior_same_quarter_matched_industries,"[""2022Q4"", ""2023Q4"", ""2024Q4""]",True,-32.14822375725559,ready,7,0.428571428571429,21,159095.0,1729.2934782608695,"[""CS300001"", ""CS300002"", ""CS300006"", ""CS300007"", ""CS300008"", ""CS300010""]",6,-11.806974714725992,7,-14.672408984618023,6
2025Q4,1123051,30대,D_생활필수,3,1,False,2776.5652173913045,2698.536231884058,2562.7608695652175,2024Q4,expanding_prior_same_quarter_matched_industries,"[""2022Q4"", ""2023Q4"", ""2024Q4""]",True,-16.055940150054504,ready,7,0.476190476190476,21,208404.0,2265.2608695652175,"[""CS300001"", ""CS300002"", ""CS300006"", ""CS300007"", ""CS300008"", ""CS300010""]",6,-13.829761215688507,7,-11.608574312689267,6
2025Q4,1123051,40대,D_생활필수,3,1,False,1803.8478260869565,1742.5217391304348,1678.2608695652175,2024Q4,expanding_prior_same_quarter_matched_industries,"[""2022Q4"", ""2023Q4"", ""2024Q4""]",True,-11.05531713159339,ready,7,0.380952380952381,21,142589.0,1549.8804347826087,"[""CS300001"", ""CS300002"", ""CS300006"", ""CS300007"", ""CS300008"", ""CS300010""]",6,-12.48162606327864,7,-7.64961139896373,6
2025Q4,1123051,50대,D_생활필수,3,1,False,1378.8695652173913,1344.1847826086957,1311.3478260869565,2024Q4,expanding_prior_same_quarter_matched_industries,"[""2022Q4"", ""2023Q4"", ""2024Q4""]",False,-2.305421905955618,ready,7,0.428571428571429,21,120814.0,1313.195652173913,"[""CS300001"", ""CS300002"", ""CS300006"", ""CS300007"", ""CS300008"", ""CS300010""]",6,-10.837831294415889,7,0.14091044726634,6
2025Q4,1123051,60대이상,D_생활필수,3,1,False,850.6195652173913,780.9311594202899,717.4565217391304,2024Q4,expanding_prior_same_quarter_matched_industries,"[""2022Q4"", ""2023Q4"", ""2024Q4""]",False,2.709047634512873,ready,7,0.142857142857143,21,73792.0,802.0869565217391,"[""CS300001"", ""CS300002"", ""CS300006"", ""CS300007"", ""CS300008"", ""CS300010""]",6,-9.949729900748771,7,3.532845076746072,6
2025Q4,1123051,10대,E_의료건강,3,1,False,47.01086956521739,41.82971014492754,36.108695652173914,2024Q4,expanding_prior_same_quarter_matched_industries,"[""2022Q4"", ""2023Q4"", ""2024Q4""]",True,-33.2178432221741,ready,4,0.3,20,2570.0,27.934782608695652,"[""CS200006"", ""CS200007"", ""CS200008"", ""CS300018""]",4,-19.182389937106926,4,-34.068753206772705,4
2025Q4,1123051,20대,E_의료건강,3,1,False,1207.391304347826,1055.6449275362318,916.9673913043479,2024Q4,expanding_prior_same_quarter_matched_industries,"[""2022Q4"", ""2023Q4"", ""2024Q4""]",True,-22.83410786729727,ready,4,0.761904761904762,21,74943.0,814.5978260869565,"[""CS200006"", ""CS200007"", ""CS200008"", ""CS300018""]",4,-6.330616938306177,4,-11.163926458908746,4
2025Q4,1123051,30대,E_의료건강,3,1,False,1543.9673913043478,1457.1739130434783,1399.608695652174,2024Q4,expanding_prior_same_quarter_matched_industries,"[""2022Q4"", ""2023Q4"", ""2024Q4""]",True,-12.927047590631059,ready,4,0.571428571428571,21,116730.0,1268.804347826087,"[""CS200006"", ""CS200007"", ""CS200008"", ""CS300018""]",4,-4.707092476489027,4,-9.345779876362958,4
2025Q4,1123051,40대,E_의료건강,3,1,False,1326.1195652173913,1256.3659420289855,1197.641304347826,2024Q4,expanding_prior_same_quarter_matched_industries,"[""2022Q4"", ""2023Q4"", ""2024Q4""]",True,-9.865986843812824,ready,4,0.619047619047619,21,104182.0,1132.4130434782608,"[""CS200006"", ""CS200007"", ""CS200008"", ""CS300018""]",4,1.939334637964762,4,-5.446393726799958,4
2025Q4,1123051,50대,E_의료건강,3,1,False,1203.054347826087,1192.4963768115942,1181.2717391304348,2024Q4,expanding_prior_same_quarter_matched_industries,"[""2022Q4"", ""2023Q4"", ""2024Q4""]",True,-4.563560184608473,ready,4,0.571428571428571,21,104703.0,1138.0760869565217,"[""CS200006"", ""CS200007"", ""CS200008"", ""CS300018""]",4,2.316968299261224,4,-4.616884240828623,4
2025Q4,1123051,60대이상,E_의료건강,3,1,True,1193.6304347826087,1167.1376811594203,1138.6739130434783,2024Q4,expanding_prior_same_quarter_matched_industries,"[""2022Q4"", ""2023Q4"", ""2024Q4""]",False,5.337596622481611,ready,4,0.666666666666667,21,113108.0,1229.4347826086957,"[""CS200006"", ""CS200007"", ""CS200008"", ""CS300018""]",4,3.421538686611925,4,2.999617535104826,4
2025Q4,1123052,10대,A_외식카페,3,1,False,219.72826086956522,172.07971014492753,119.52173913043478,2024Q4,expanding_prior_same_quarter_matched_industries,"[""2022Q4"", ""2023Q4"", ""2024Q4""]",False,-19.002400303196197,ready,10,0.636363636363636,22,12823.0,139.3804347826087,"[""CS100001"", ""CS100002"", ""CS100003"", ""CS100004"", ""CS100005"", ""CS100006"", ""CS100007"", ""CS100008"", ""CS100009"", ""CS100010""]",10,9.93655692729767,10,16.615132775554752,10
2025Q4,1123052,20대,A_외식카페,3,1,False,6913.782608695652,5867.5,4664.402173913043,2024Q4,expanding_prior_same_quarter_matched_industries,"[""2022Q4"", ""2023Q4"", ""2024Q4""]",True,-31.605564920990727,ready,10,0.5,22,369200.0,4013.0434782608695,"[""CS100001"", ""CS100002"", ""CS100003"", ""CS100004"", ""CS100005"", ""CS100006"", ""CS100007"", ""CS100008"", ""CS100009"", ""CS100010""]",10,-8.260300216428174,10,-13.964462569181467,10
2025Q4,1123052,30대,A_외식카페,3,1,False,8069.728260869565,7787.318840579711,7348.434782608696,2024Q4,expanding_prior_same_quarter_matched_industries,"[""2022Q4"", ""2023Q4"", ""2024Q4""]",True,-10.726236449076454,ready,10,0.454545454545454,22,639587.0,6952.032608695652,"[""CS100001"", ""CS100002"", ""CS100003"", ""CS100004"", ""CS100005"", ""CS100006"", ""CS100007"", ""CS100008"", ""CS100009"", ""CS100010""]",10,-5.284396931009916,10,-5.394375613854486,10
2025Q4,1123052,40대,A_외식카페,3,1,False,4580.04347826087,4339.253623188406,3935.978260869565,2024Q4,expanding_prior_same_quarter_matched_industries,"[""2022Q4"", ""2023Q4"", ""2024Q4""]",False,-5.151740849040709,ready,10,0.681818181818182,22,378645.0,4115.70652173913,"[""CS100001"", ""CS100002"", ""CS100003"", ""CS100004"", ""CS100005"", ""CS100006"", ""CS100007"", ""CS100008"", ""CS100009"", ""CS100010""]",10,-3.926469095706908,10,4.566292010714967,10
2025Q4,1123052,50대,A_외식카페,3,1,False,3218.0978260869565,3044.6920289855075,2938.7934782608695,2024Q4,expanding_prior_same_quarter_matched_industries,"[""2022Q4"", ""2023Q4"", ""2024Q4""]",True,-3.707688005378818,ready,10,0.363636363636364,22,269726.0,2931.804347826087,"[""CS100001"", ""CS100002"", ""CS100003"", ""CS100004"", ""CS100005"", ""CS100006"", ""CS100007"", ""CS100008"", ""CS100009"", ""CS100010""]",10,-9.82139872016904,10,-1.524273368844942,10
2025Q4,1123052,60대이상,A_외식카페,3,1,True,1872.6739130434783,1798.981884057971,1683.3152173913043,2024Q4,expanding_prior_same_quarter_matched_industries,"[""2022Q4"", ""2023Q4"", ""2024Q4""]",False,17.509702549147143,ready,10,0.590909090909091,22,194486.0,2113.978260869565,"[""CS100001"", ""CS100002"", ""CS100003"", ""CS100004"", ""CS100005"", ""CS100006"", ""CS100007"", ""CS100008"", ""CS100009"", ""CS100010""]",10,-6.589178934223494,10,14.830428416229724,10
2025Q4,1123052,10대,B_여가운동,3,1,True,24.41304347826087,23.126811594202902,20.72826086956522,2024Q4,expanding_prior_same_quarter_matched_industries,"[""2022Q4"", ""2023Q4"", ""2024Q4""]",False,300.10966630111227,ready,6,1.0,18,8513.0,92.53260869565217,"[""CS200005"", ""CS200016"", ""CS200017"", ""CS200019"", ""CS200024"", ""CS200037""]",6,82.56487239974265,6,281.7488789237668,6
2025Q4,1123052,20대,B_여가운동,3,1,True,614.554347826087,523.0036231884059,430.25,2024Q4,expanding_prior_same_quarter_matched_industries,"[""2022Q4"", ""2023Q4"", ""2024Q4""]",False,164.40709668927389,ready,6,0.947368421052632,19,127223.0,1382.858695652174,"[""CS200005"", ""CS200016"", ""CS200017"", ""CS200019"", ""CS200024"", ""CS200037""]",6,1.131964483024506,6,221.4081802794129,6
2025Q4,1123052,30대,B_여가운동,3,1,True,528.5760869565217,458.9855072463768,396.9021739130435,2024Q4,expanding_prior_same_quarter_matched_industries,"[""2022Q4"", ""2023Q4"", ""2024Q4""]",False,173.33912219766341,ready,6,0.952380952380952,21,115422.0,1254.5869565217392,"[""CS200005"", ""CS200016"", ""CS200017"", ""CS200019"", ""CS200024"", ""CS200037""]",6,-11.066764263975026,6,137.3521972485554,6
2025Q4,1123052,40대,B_여가운동,3,1,True,147.8804347826087,130.9891304347826,101.8695652173913,2024Q4,expanding_prior_same_quarter_matched_industries,"[""2022Q4"", ""2023Q4"", ""2024Q4""]",False,154.90000829806655,ready,6,0.952380952380952,21,30718.0,333.89130434782606,"[""CS200005"", ""CS200016"", ""CS200017"", ""CS200019"", ""CS200024"", ""CS200037""]",6,1.681562396557412,6,125.78463800073503,6
2025Q4,1123052,50대,B_여가운동,3,1,True,99.80434782608695,89.62681159420289,79.20652173913044,2024Q4,expanding_prior_same_quarter_matched_industries,"[""2022Q4"", ""2023Q4"", ""2024Q4""]",False,170.32380644378867,ready,6,1.0,21,22290.0,242.2826086956522,"[""CS200005"", ""CS200016"", ""CS200017"", ""CS200019"", ""CS200024"", ""CS200037""]",6,2.501609491400725,6,142.75756915704642,6
2025Q4,1123052,60대이상,B_여가운동,3,1,True,90.58695652173913,50.85144927536231,27.065217391304348,2024Q4,expanding_prior_same_quarter_matched_industries,"[""2022Q4"", ""2023Q4"", ""2024Q4""]",False,157.59173494834343,ready,6,1.0,21,12051.0,130.9891304347826,"[""CS200005"", ""CS200016"", ""CS200017"", ""CS200019"", ""CS200024"", ""CS200037""]",6,10.579922921636985,6,44.600431965442766,6
2025Q4,1123052,10대,C_대면생활서비스,3,1,False,14.456521739130435,9.543478260869565,4.326086956521739,2024Q4,expanding_prior_same_quarter_matched_industries,"[""2022Q4"", ""2023Q4"", ""2024Q4""]",False,-33.71298405466969,ready,4,0.238095238095238,21,582.0,6.326086956521739,"[""CS200028"", ""CS200029"", ""CS200030"", ""CS200031""]",4,17.338709677419352,4,46.231155778894475,4
2025Q4,1123052,20대,C_대면생활서비스,3,1,False,325.5326086956522,283.5833333333333,211.2608695652174,2024Q4,expanding_prior_same_quarter_matched_industries,"[""2022Q4"", ""2023Q4"", ""2024Q4""]",True,-36.51126244106862,ready,4,0.136363636363636,22,16564.0,180.04347826086956,"[""CS200028"", ""CS200029"", ""CS200030"", ""CS200031""]",4,17.366966626514557,4,-14.776703025313854,4
2025Q4,1123052,30대,C_대면생활서비스,3,1,False,396.95652173913044,326.7210144927536,257.92391304347825,2024Q4,expanding_prior_same_quarter_matched_industries,"[""2022Q4"", ""2023Q4"", ""2024Q4""]",True,-29.087884668699747,ready,4,0.227272727272727,22,21315.0,231.68478260869566,"[""CS200028"", ""CS200029"", ""CS200030"", ""CS200031""]",4,-8.428921252738764,4,-10.173205781954564,4
2025Q4,1123052,40대,C_대면생활서비스,3,1,False,197.83695652173913,172.81884057971013,128.2173913043478,2024Q4,expanding_prior_same_quarter_matched_industries,"[""2022Q4"", ""2023Q4"", ""2024Q4""]",True,-38.12948131997148,ready,4,0.090909090909091,22,9837.0,106.92391304347827,"[""CS200028"", ""CS200029"", ""CS200030"", ""CS200031""]",4,-3.198189332808499,4,-16.607324516785336,4
2025Q4,1123052,50대,C_대면생활서비스,3,1,False,132.5108695652174,130.20289855072465,126.3804347826087,2024Q4,expanding_prior_same_quarter_matched_industries,"[""2022Q4"", ""2023Q4"", ""2024Q4""]",True,-15.432991985752464,ready,4,0.136363636363636,22,10130.0,110.1086956521739,"[""CS200028"", ""CS200029"", ""CS200030"", ""CS200031""]",4,3.44123353415704,4,-12.87520426593275,4
2025Q4,1123052,60대이상,C_대면생활서비스,3,1,False,75.72826086956522,65.10507246376811,56.880434782608695,2024Q4,expanding_prior_same_quarter_matched_industries,"[""2022Q4"", ""2023Q4"", ""2024Q4""]",False,-3.700818075574586,ready,4,0.090909090909091,22,5768.0,62.69565217391305,"[""CS200028"", ""CS200029"", ""CS200030"", ""CS200031""]",4,0.225890529973949,4,-0.017334026694404,4
2025Q4,1123052,10대,D_생활필수,3,1,False,246.5108695652174,220.94202898550725,180.2826086956522,2024Q4,expanding_prior_same_quarter_matched_industries,"[""2022Q4"", ""2023Q4"", ""2024Q4""]",True,-28.940636274188257,ready,7,0.285714285714286,21,14444.0,157.0,"[""CS300001"", ""CS300002"", ""CS300006"", ""CS300007"", ""CS300008"", ""CS300009"", ""CS300010""]",7,-9.220036452768522,7,-12.914506210056675,7
2025Q4,1123052,20대,D_생활필수,3,1,False,6576.554347826087,5785.105072463768,5039.826086956522,2024Q4,expanding_prior_same_quarter_matched_industries,"[""2022Q4"", ""2023Q4"", ""2024Q4""]",True,-23.135814175459345,ready,7,0.80952380952381,21,409094.0,4446.673913043478,"[""CS300001"", ""CS300002"", ""CS300006"", ""CS300007"", ""CS300008"", ""CS300009"", ""CS300010""]",7,-5.926206983776582,7,-11.76929845750372,7
2025Q4,1123052,30대,D_생활필수,3,1,False,7737.673913043478,7641.007246376812,7473.576086956522,2024Q4,expanding_prior_same_quarter_matched_industries,"[""2022Q4"", ""2023Q4"", ""2024Q4""]",False,0.620839691253994,ready,7,0.857142857142857,21,707337.0,7688.445652173913,"[""CS300001"", ""CS300002"", ""CS300006"", ""CS300007"", ""CS300008"", ""CS300009"", ""CS300010""]",7,-5.648394919445843,7,2.87505690337988,7
2025Q4,1123052,40대,D_생활필수,3,1,False,5819.554347826087,5460.528985507247,5161.532608695652,2024Q4,expanding_prior_same_quarter_matched_industries,"[""2022Q4"", ""2023Q4"", ""2024Q4""]",False,1.165943205056563,ready,7,0.857142857142857,21,508226.0,5524.195652173913,"[""CS300001"", ""CS300002"", ""CS300006"", ""CS300007"", ""CS300008"", ""CS300009"", ""CS300010""]",7,-5.316851881177042,7,7.026266633814959,7
2025Q4,1123052,50대,D_생활필수,3,1,False,4910.836956521739,4770.010869565217,4648.271739130435,2024Q4,expanding_prior_same_quarter_matched_industries,"[""2022Q4"", ""2023Q4"", ""2024Q4""]",False,2.298554601780589,ready,7,0.571428571428571,21,448928.0,4879.652173913043,"[""CS300001"", ""CS300002"", ""CS300006"", ""CS300007"", ""CS300008"", ""CS300009"", ""CS300010""]",7,-4.253408720095719,7,-0.635019710179574,7
2025Q4,1123052,60대이상,D_생활필수,3,1,True,4715.173913043478,4310.36231884058,4036.336956521739,2024Q4,expanding_prior_same_quarter_matched_industries,"[""2022Q4"", ""2023Q4"", ""2024Q4""]",False,20.59815409444714,ready,7,0.619047619047619,21,478236.0,5198.217391304348,"[""CS300001"", ""CS300002"", ""CS300006"", ""CS300007"", ""CS300008"", ""CS300009"", ""CS300010""]",7,-4.569046540539146,7,10.24444669844813,7
2025Q4,1123052,10대,E_의료건강,3,1,False,38.08695652173913,35.22826086956522,32.95652173913044,2024Q4,expanding_prior_same_quarter_matched_industries,"[""2022Q4"", ""2023Q4"", ""2024Q4""]",True,-19.037334156124665,ready,5,0.7,20,2624.0,28.52173913043478,"[""CS200006"", ""CS200007"", ""CS200008"", ""CS300018"", ""CS300019""]",5,4.959999999999987,5,-13.456464379947242,5
2025Q4,1123052,20대,E_의료건강,3,1,False,1861.6521739130435,1673.3007246376812,1453.4347826086957,2024Q4,expanding_prior_same_quarter_matched_industries,"[""2022Q4"", ""2023Q4"", ""2024Q4""]",True,-28.558931730438196,ready,5,0.428571428571429,21,109979.0,1195.4239130434783,"[""CS200006"", ""CS200007"", ""CS200008"", ""CS300018"", ""CS300019""]",5,-5.880188275566978,5,-17.751802327320597,5
2025Q4,1123052,30대,E_의료건강,3,1,False,2194.728260869565,2125.746376811594,1988.3695652173913,2024Q4,expanding_prior_same_quarter_matched_industries,"[""2022Q4"", ""2023Q4"", ""2024Q4""]",True,-12.69664874741352,ready,5,0.619047619047619,21,170738.0,1855.8478260869565,"[""CS200006"", ""CS200007"", ""CS200008"", ""CS300018"", ""CS300019""]",5,-2.593505396955809,5,-6.664844476029086,5
2025Q4,1123052,40대,E_의료건강,3,1,False,1512.7717391304348,1474.6557971014493,1426.1304347826087,2024Q4,expanding_prior_same_quarter_matched_industries,"[""2022Q4"", ""2023Q4"", ""2024Q4""]",True,-12.629574575250924,ready,5,0.523809523809524,21,118534.0,1288.4130434782608,"[""CS200006"", ""CS200007"", ""CS200008"", ""CS300018"", ""CS300019""]",5,2.665061451449446,5,-9.656717782994429,5
2025Q4,1123052,50대,E_의료건강,3,1,False,1240.2173913043478,1191.4130434782608,1137.8152173913043,2024Q4,expanding_prior_same_quarter_matched_industries,"[""2022Q4"", ""2023Q4"", ""2024Q4""]",True,-5.160113128364186,ready,5,0.523809523809524,21,103954.0,1129.9347826086957,"[""CS200006"", ""CS200007"", ""CS200008"", ""CS300018"", ""CS300019""]",5,-0.125858673199786,5,-5.540158653715088,5
2025Q4,1123052,60대이상,E_의료건강,3,1,True,1065.3478260869565,976.4202898550725,843.6739130434783,2024Q4,expanding_prior_same_quarter_matched_industries,"[""2022Q4"", ""2023Q4"", ""2024Q4""]",False,17.694773870838464,ready,5,0.952380952380952,21,105726.0,1149.195652173913,"[""CS200006"", ""CS200007"", ""CS200008"", ""CS300018"", ""CS300019""]",5,1.723192379852789,5,7.870464841039881,5
2025Q4,1123053,10대,A_외식카페,3,1,False,171.29347826086956,145.70652173913044,125.27173913043478,2024Q4,expanding_prior_same_quarter_matched_industries,"[""2022Q4"", ""2023Q4"", ""2024Q4""]",True,-28.079074972025364,ready,10,0.454545454545454,22,9641.0,104.79347826086956,"[""CS100001"", ""CS100002"", ""CS100003"", ""CS100004"", ""CS100005"", ""CS100006"", ""CS100007"", ""CS100008"", ""CS100009"", ""CS100010""]",10,6.003298515667943,10,-16.347071583514104,10
2025Q4,1123053,20대,A_외식카페,3,1,False,7120.630434782609,5840.47463768116,4621.413043478261,2024Q4,expanding_prior_same_quarter_matched_industries,"[""2022Q4"", ""2023Q4"", ""2024Q4""]",True,-36.55630281189922,ready,10,0.272727272727273,22,340898.0,3705.413043478261,"[""CS100001"", ""CS100002"", ""CS100003"", ""CS100004"", ""CS100005"", ""CS100006"", ""CS100007"", ""CS100008"", ""CS100009"", ""CS100010""]",10,-8.27395815395212,10,-19.82077757132441,10
2025Q4,1123053,30대,A_외식카페,3,1,False,9397.010869565218,8708.65579710145,8116.826086956522,2024Q4,expanding_prior_same_quarter_matched_industries,"[""2022Q4"", ""2023Q4"", ""2024Q4""]",True,-17.755240184573996,ready,10,0.181818181818182,22,658942.0,7162.413043478261,"[""CS100001"", ""CS100002"", ""CS100003"", ""CS100004"", ""CS100005"", ""CS100006"", ""CS100007"", ""CS100008"", ""CS100009"", ""CS100010""]",10,-10.728070567610803,10,-11.758451311553564,10
2025Q4,1123053,40대,A_외식카페,3,1,False,5683.5,5306.242753623188,4902.967391304348,2024Q4,expanding_prior_same_quarter_matched_industries,"[""2022Q4"", ""2023Q4"", ""2024Q4""]",True,-15.778038310084575,ready,10,0.227272727272727,22,411150.0,4469.021739130435,"[""CS100001"", ""CS100002"", ""CS100003"", ""CS100004"", ""CS100005"", ""CS100006"", ""CS100007"", ""CS100008"", ""CS100009"", ""CS100010""]",10,-11.595284221752532,10,-8.85067383771585,10
2025Q4,1123053,50대,A_외식카페,3,1,False,3718.1739130434785,3443.5688405797105,3198.663043478261,2024Q4,expanding_prior_same_quarter_matched_industries,"[""2022Q4"", ""2023Q4"", ""2024Q4""]",True,-10.901649262172185,ready,10,0.136363636363636,22,282271.0,3068.163043478261,"[""CS100001"", ""CS100002"", ""CS100003"", ""CS100004"", ""CS100005"", ""CS100006"", ""CS100007"", ""CS100008"", ""CS100009"", ""CS100010""]",10,-10.728257741316217,10,-4.0798295483507,10
2025Q4,1123053,60대이상,A_외식카페,3,1,True,2079.217391304348,2037.6847826086957,1977.8152173913043,2024Q4,expanding_prior_same_quarter_matched_industries,"[""2022Q4"", ""2023Q4"", ""2024Q4""]",False,3.31311644182708,ready,10,0.318181818181818,22,193678.0,2105.195652173913,"[""CS100001"", ""CS100002"", ""CS100003"", ""CS100004"", ""CS100005"", ""CS100006"", ""CS100007"", ""CS100008"", ""CS100009"", ""CS100010""]",10,-5.530300074140548,10,2.391701999429019,10
2025Q4,1123053,10대,B_여가운동,3,1,False,57.869565217391305,44.34782608695652,20.57608695652174,2024Q4,expanding_prior_same_quarter_matched_industries,"[""2022Q4"", ""2023Q4"", ""2024Q4""]",False,5.784313725490198,ready,6,0.611111111111111,18,4316.0,46.91304347826087,"[""CS200005"", ""CS200016"", ""CS200017"", ""CS200019"", ""CS200024"", ""CS200037""]",6,39.948119325551225,6,-14.075253832371104,6
2025Q4,1123053,20대,B_여가운동,3,1,False,337.6195652173913,232.55434782608697,143.20652173913044,2024Q4,expanding_prior_same_quarter_matched_industries,"[""2022Q4"", ""2023Q4"", ""2024Q4""]",False,-1.416218742696895,ready,6,0.789473684210526,19,21092.0,229.2608695652174,"[""CS200005"", ""CS200016"", ""CS200017"", ""CS200019"", ""CS200024"", ""CS200037""]",6,-1.374731132516593,6,5.729610506792326,6
2025Q4,1123053,30대,B_여가운동,3,1,False,230.65217391304347,189.41666666666666,166.7608695652174,2024Q4,expanding_prior_same_quarter_matched_industries,"[""2022Q4"", ""2023Q4"", ""2024Q4""]",False,8.668872778744818,ready,6,0.761904761904762,21,18937.0,205.83695652173913,"[""CS200005"", ""CS200016"", ""CS200017"", ""CS200019"", ""CS200024"", ""CS200037""]",6,-4.570651078411602,6,20.487370363300883,6
2025Q4,1123053,40대,B_여가운동,3,1,False,125.16304347826087,100.65942028985508,78.07608695652173,2024Q4,expanding_prior_same_quarter_matched_industries,"[""2022Q4"", ""2023Q4"", ""2024Q4""]",False,8.663883089770351,ready,6,0.714285714285714,21,10063.0,109.3804347826087,"[""CS200005"", ""CS200016"", ""CS200017"", ""CS200019"", ""CS200024"", ""CS200037""]",6,13.654845267675642,6,10.777190664905344,6
2025Q4,1123053,50대,B_여가운동,3,1,False,94.73913043478261,75.05434782608695,57.47826086956522,2024Q4,expanding_prior_same_quarter_matched_industries,"[""2022Q4"", ""2023Q4"", ""2024Q4""]",False,1.433743664011589,ready,6,0.619047619047619,21,7004.0,76.1304347826087,"[""CS200005"", ""CS200016"", ""CS200017"", ""CS200019"", ""CS200024"", ""CS200037""]",6,-11.688311688311682,6,4.365966323945769,6
2025Q4,1123053,60대이상,B_여가운동,3,1,True,33.05434782608695,29.46376811594203,25.47826086956522,2024Q4,expanding_prior_same_quarter_matched_industries,"[""2022Q4"", ""2023Q4"", ""2024Q4""]",False,13.551401869158886,ready,6,0.428571428571429,21,3078.0,33.45652173913044,"[""CS200005"", ""CS200016"", ""CS200017"", ""CS200019"", ""CS200024"", ""CS200037""]",6,-1.156069364161849,6,31.313993174061427,6
2025Q4,1123053,10대,C_대면생활서비스,3,1,False,5.445652173913044,4.202898550724638,3.369565217391304,2024Q4,expanding_prior_same_quarter_matched_industries,"[""2022Q4"", ""2023Q4"", ""2024Q4""]",True,-33.27586206896551,ready,4,0.285714285714286,21,258.0,2.804347826086956,"[""CS200028"", ""CS200029"", ""CS200030"", ""CS200031""]",4,22.857142857142865,4,-48.50299401197605,4
2025Q4,1123053,20대,C_대면생활서비스,3,1,False,113.83695652173913,87.9963768115942,71.75,2024Q4,expanding_prior_same_quarter_matched_industries,"[""2022Q4"", ""2023Q4"", ""2024Q4""]",True,-33.53234240540207,ready,4,0.272727272727273,22,5381.0,58.48913043478261,"[""CS200028"", ""CS200029"", ""CS200030"", ""CS200031""]",4,-11.336299225572589,4,-18.482048174519015,4
2025Q4,1123053,30대,C_대면생활서비스,3,1,False,177.84782608695653,156.71376811594203,146.05434782608697,2024Q4,expanding_prior_same_quarter_matched_industries,"[""2022Q4"", ""2023Q4"", ""2024Q4""]",True,-10.942593577324121,ready,4,0.545454545454545,22,12840.0,139.56521739130434,"[""CS200028"", ""CS200029"", ""CS200030"", ""CS200031""]",4,-0.14775643518159,4,-4.563698528318705,4
2025Q4,1123053,40대,C_대면생활서비스,3,1,False,140.67391304347825,134.56521739130434,122.80434782608695,2024Q4,expanding_prior_same_quarter_matched_industries,"[""2022Q4"", ""2023Q4"", ""2024Q4""]",True,-33.38449111470112,ready,4,0.181818181818182,22,8247.0,89.6413043478261,"[""CS200028"", ""CS200029"", ""CS200030"", ""CS200031""]",4,-18.948402948402943,4,-27.004779607010086,4
2025Q4,1123053,50대,C_대면생활서비스,3,1,False,106.3913043478261,99.67753623188406,89.28260869565217,2024Q4,expanding_prior_same_quarter_matched_industries,"[""2022Q4"", ""2023Q4"", ""2024Q4""]",False,-5.31423794118716,ready,4,0.454545454545454,22,8683.0,94.3804347826087,"[""CS200028"", ""CS200029"", ""CS200030"", ""CS200031""]",4,-5.465432770821977,4,5.709763817871938,4
2025Q4,1123053,60대이상,C_대면생활서비스,3,1,False,69.34782608695652,63.094202898550726,57.32608695652174,2024Q4,expanding_prior_same_quarter_matched_industries,"[""2022Q4"", ""2023Q4"", ""2024Q4""]",False,3.347881015275056,ready,4,0.181818181818182,22,5999.0,65.20652173913044,"[""CS200028"", ""CS200029"", ""CS200030"", ""CS200031""]",4,-1.267281105990781,4,-5.971786833855786,4
2025Q4,1123053,10대,D_생활필수,3,1,False,226.22826086956522,174.2065217391304,139.0,2024Q4,expanding_prior_same_quarter_matched_industries,"[""2022Q4"", ""2023Q4"", ""2024Q4""]",False,-15.136956386098444,ready,6,0.666666666666667,21,13601.0,147.83695652173913,"[""CS300001"", ""CS300002"", ""CS300006"", ""CS300007"", ""CS300010""]",5,23.275627662467137,5,6.357522677510152,6
2025Q4,1123053,20대,D_생활필수,3,1,False,5264.79347826087,4482.108695652174,3671.521739130435,2024Q4,expanding_prior_same_quarter_matched_industries,"[""2022Q4"", ""2023Q4"", ""2024Q4""]",True,-41.2497514271718,ready,6,0.238095238095238,21,242259.0,2633.25,"[""CS300001"", ""CS300002"", ""CS300006"", ""CS300007"", ""CS300010""]",5,-13.904486395814974,5,-28.27905737462254,6
2025Q4,1123053,30대,D_생활필수,3,1,False,7042.141304347826,6503.909420289855,6107.804347826087,2024Q4,expanding_prior_same_quarter_matched_industries,"[""2022Q4"", ""2023Q4"", ""2024Q4""]",True,-18.394065107998024,ready,6,0.333333333333333,21,488297.0,5307.576086956522,"[""CS300001"", ""CS300002"", ""CS300006"", ""CS300007"", ""CS300010""]",5,-13.968755120414533,5,-13.101733704917795,6
2025Q4,1123053,40대,D_생활필수,3,1,False,4437.521739130435,4198.25,3980.1195652173915,2024Q4,expanding_prior_same_quarter_matched_industries,"[""2022Q4"", ""2023Q4"", ""2024Q4""]",True,-13.630938356820522,ready,6,0.285714285714286,21,333591.0,3625.9891304347825,"[""CS300001"", ""CS300002"", ""CS300006"", ""CS300007"", ""CS300010""]",5,-16.585567113422684,5,-13.190097866296213,6
2025Q4,1123053,50대,D_생활필수,3,1,False,2507.391304347826,2476.8007246376815,2417.141304347826,2024Q4,expanding_prior_same_quarter_matched_industries,"[""2022Q4"", ""2023Q4"", ""2024Q4""]",False,-2.223971140891501,ready,6,0.476190476190476,21,222798.0,2421.717391304348,"[""CS300001"", ""CS300002"", ""CS300006"", ""CS300007"", ""CS300010""]",5,-15.92115839644963,5,-3.358202481131256,6
2025Q4,1123053,60대이상,D_생활필수,3,1,False,1239.3152173913043,1187.7971014492753,1120.9565217391305,2024Q4,expanding_prior_same_quarter_matched_industries,"[""2022Q4"", ""2023Q4"", ""2024Q4""]",False,2.260914126747848,ready,6,0.095238095238095,21,111748.0,1214.6521739130435,"[""CS300001"", ""CS300002"", ""CS300006"", ""CS300007"", ""CS300010""]",5,-18.999122927826384,5,-1.990054114737272,6
2025Q4,1123053,10대,E_의료건강,3,1,False,19.652173913043477,19.22826086956522,18.97826086956522,2024Q4,expanding_prior_same_quarter_matched_industries,"[""2022Q4"", ""2023Q4"", ""2024Q4""]",True,-26.116449971735445,ready,5,0.45,20,1307.0,14.206521739130435,"[""CS200006"", ""CS200007"", ""CS200008"", ""CS300018"", ""CS300019""]",5,-2.023988005997002,5,-25.143184421534936,5
2025Q4,1123053,20대,E_의료건강,3,1,False,1018.6086956521739,914.0797101449275,796.2391304347826,2024Q4,expanding_prior_same_quarter_matched_industries,"[""2022Q4"", ""2023Q4"", ""2024Q4""]",True,-30.946227693966378,ready,5,0.238095238095238,21,58071.0,631.2065217391304,"[""CS200006"", ""CS200007"", ""CS200008"", ""CS300018"", ""CS300019""]",5,-2.431197284855002,5,-20.726513227946608,5
2025Q4,1123053,30대,E_의료건강,3,1,False,1659.0108695652175,1562.3985507246377,1497.9782608695652,2024Q4,expanding_prior_same_quarter_matched_industries,"[""2022Q4"", ""2023Q4"", ""2024Q4""]",True,-18.610367745615953,ready,5,0.380952380952381,21,116990.0,1271.6304347826087,"[""CS200006"", ""CS200007"", ""CS200008"", ""CS300018"", ""CS300019""]",5,-3.027941944414514,5,-16.898116906640904,5
2025Q4,1123053,40대,E_의료건강,3,1,False,1301.2934782608695,1203.9601449275362,1128.2826086956522,2024Q4,expanding_prior_same_quarter_matched_industries,"[""2022Q4"", ""2023Q4"", ""2024Q4""]",True,-18.68050184626219,ready,5,0.285714285714286,21,90073.0,979.054347826087,"[""CS200006"", ""CS200007"", ""CS200008"", ""CS300018"", ""CS300019""]",5,1.194247837321649,5,-17.19100503806127,5
2025Q4,1123053,50대,E_의료건강,3,1,False,934.5434782608696,890.3985507246376,839.6195652173913,2024Q4,expanding_prior_same_quarter_matched_industries,"[""2022Q4"", ""2023Q4"", ""2024Q4""]",True,-13.576805696846383,ready,5,0.19047619047619,21,70795.0,769.5108695652174,"[""CS200006"", ""CS200007"", ""CS200008"", ""CS300018"", ""CS300019""]",5,-0.01977149797342,5,-14.215953566711503,5
2025Q4,1123053,60대이상,E_의료건강,3,1,False,906.5978260869565,826.9166666666666,729.9673913043479,2024Q4,expanding_prior_same_quarter_matched_industries,"[""2022Q4"", ""2023Q4"", ""2024Q4""]",False,-4.775904902532102,ready,5,0.19047619047619,21,72443.0,787.4239130434783,"[""CS200006"", ""CS200007"", ""CS200008"", ""CS300018"", ""CS300019""]",5,0.278231499681625,5,-13.145179661179519,5
2025Q4,1123058,10대,A_외식카페,3,1,False,416.0326086956522,344.5471014492753,263.2282608695652,2024Q4,expanding_prior_same_quarter_matched_industries,"[""2022Q4"", ""2023Q4"", ""2024Q4""]",True,-24.47552447552447,ready,10,0.545454545454545,22,23940.0,260.2173913043478,"[""CS100001"", ""CS100002"", ""CS100003"", ""CS100004"", ""CS100005"", ""CS100006"", ""CS100007"", ""CS100008"", ""CS100009"", ""CS100010""]",10,25.13067112690779,10,-1.143824586034603,10
2025Q4,1123058,20대,A_외식카페,3,1,False,8264.521739130434,6906.731884057971,5467.032608695652,2024Q4,expanding_prior_same_quarter_matched_industries,"[""2022Q4"", ""2023Q4"", ""2024Q4""]",True,-25.838580087270447,ready,10,0.818181818181818,22,471236.0,5122.130434782609,"[""CS100001"", ""CS100002"", ""CS100003"", ""CS100004"", ""CS100005"", ""CS100006"", ""CS100007"", ""CS100008"", ""CS100009"", ""CS100010""]",10,2.567696690964438,10,-6.308763795636684,10
2025Q4,1123058,30대,A_외식카페,3,1,False,11395.923913043478,10572.65579710145,9474.467391304348,2024Q4,expanding_prior_same_quarter_matched_industries,"[""2022Q4"", ""2023Q4"", ""2024Q4""]",False,-7.736357084672562,ready,10,0.727272727272727,22,897434.0,9754.717391304348,"[""CS100001"", ""CS100002"", ""CS100003"", ""CS100004"", ""CS100005"", ""CS100006"", ""CS100007"", ""CS100008"", ""CS100009"", ""CS100010""]",10,-2.704841698079863,10,2.957949913440117,10
2025Q4,1123058,40대,A_외식카페,3,1,False,7323.652173913043,6983.86231884058,6393.54347826087,2024Q4,expanding_prior_same_quarter_matched_industries,"[""2022Q4"", ""2023Q4"", ""2024Q4""]",False,-2.626759620782071,ready,10,0.727272727272727,22,625638.0,6800.413043478261,"[""CS100001"", ""CS100002"", ""CS100003"", ""CS100004"", ""CS100005"", ""CS100006"", ""CS100007"", ""CS100008"", ""CS100009"", ""CS100010""]",10,-1.33697935393523,10,6.363756915094365,10
2025Q4,1123058,50대,A_외식카페,3,1,False,4438.891304347826,4268.373188405797,4068.1304347826085,2024Q4,expanding_prior_same_quarter_matched_industries,"[""2022Q4"", ""2023Q4"", ""2024Q4""]",False,3.623380933746767,ready,10,0.681818181818182,22,406919.0,4423.032608695652,"[""CS100001"", ""CS100002"", ""CS100003"", ""CS100004"", ""CS100005"", ""CS100006"", ""CS100007"", ""CS100008"", ""CS100009"", ""CS100010""]",10,-0.141841535029708,10,8.723962508149242,10
2025Q4,1123058,60대이상,A_외식카페,3,1,True,2026.5326086956522,1946.159420289855,1804.3478260869565,2024Q4,expanding_prior_same_quarter_matched_industries,"[""2022Q4"", ""2023Q4"", ""2024Q4""]",False,24.981382879696156,ready,10,0.772727272727273,22,223775.0,2432.336956521739,"[""CS100001"", ""CS100002"", ""CS100003"", ""CS100004"", ""CS100005"", ""CS100006"", ""CS100007"", ""CS100008"", ""CS100009"", ""CS100010""]",10,-1.28110676330847,10,20.02456541211428,10
2025Q4,1123058,10대,B_여가운동,3,1,False,98.05434782608695,82.23550724637681,72.31521739130434,2024Q4,expanding_prior_same_quarter_matched_industries,"[""2022Q4"", ""2023Q4"", ""2024Q4""]",True,-44.72397233114508,ready,6,0.277777777777778,18,4182.0,45.45652173913044,"[""CS200005"", ""CS200016"", ""CS200017"", ""CS200019"", ""CS200024"", ""CS200037""]",6,5.712841253791723,6,-37.14113933563805,6
2025Q4,1123058,20대,B_여가운동,3,1,False,279.7608695652174,218.05434782608697,181.5108695652174,2024Q4,expanding_prior_same_quarter_matched_industries,"[""2022Q4"", ""2023Q4"", ""2024Q4""]",True,-22.705747470215844,ready,6,0.631578947368421,19,15506.0,168.54347826086956,"[""CS200005"", ""CS200016"", ""CS200017"", ""CS200019"", ""CS200024"", ""CS200037""]",6,-12.296380090497738,6,-7.144140367686691,6
2025Q4,1123058,30대,B_여가운동,3,1,False,211.30434782608697,172.18478260869566,145.3804347826087,2024Q4,expanding_prior_same_quarter_matched_industries,"[""2022Q4"", ""2023Q4"", ""2024Q4""]",False,-13.572375481345878,ready,6,0.571428571428571,21,13691.0,148.81521739130434,"[""CS200005"", ""CS200016"", ""CS200017"", ""CS200019"", ""CS200024"", ""CS200037""]",6,-14.281242173804154,6,2.362616822429908,6
2025Q4,1123058,40대,B_여가운동,3,1,False,168.43478260869566,147.55072463768116,127.08695652173913,2024Q4,expanding_prior_same_quarter_matched_industries,"[""2022Q4"", ""2023Q4"", ""2024Q4""]",False,-9.861506728219227,ready,6,0.619047619047619,21,12236.0,133.0,"[""CS200005"", ""CS200016"", ""CS200017"", ""CS200019"", ""CS200024"", ""CS200037""]",6,8.197011229993812,6,4.652754019842642,6
2025Q4,1123058,50대,B_여가운동,3,1,False,131.4673913043478,124.12681159420289,117.41304347826087,2024Q4,expanding_prior_same_quarter_matched_industries,"[""2022Q4"", ""2023Q4"", ""2024Q4""]",False,1.955690475495486,ready,6,0.666666666666667,21,11643.0,126.55434782608695,"[""CS200005"", ""CS200016"", ""CS200017"", ""CS200019"", ""CS200024"", ""CS200037""]",6,-8.832511158092549,6,7.785595260137002,6
2025Q4,1123058,60대이상,B_여가운동,3,1,True,76.83695652173913,63.42391304347826,52.82608695652174,2024Q4,expanding_prior_same_quarter_matched_industries,"[""2022Q4"", ""2023Q4"", ""2024Q4""]",False,61.25107112253643,ready,6,0.761904761904762,21,9409.0,102.27173913043478,"[""CS200005"", ""CS200016"", ""CS200017"", ""CS200019"", ""CS200024"", ""CS200037""]",6,-7.600903466561926,6,33.10227754986561,6
2025Q4,1123058,10대,C_대면생활서비스,3,1,False,1.33695652173913,0.778985507246377,0.33695652173913,2024Q4,expanding_prior_same_quarter_matched_industries,"[""2022Q4"", ""2023Q4"", ""2024Q4""]",False,-41.39534883720931,ready,4,0.142857142857143,21,42.0,0.456521739130435,"[""CS200028"", ""CS200029"", ""CS200030"", ""CS200031""]",4,-44.00000000000001,4,35.48387096774193,4
2025Q4,1123058,20대,C_대면생활서비스,3,1,False,21.706521739130434,20.282608695652176,18.91304347826087,2024Q4,expanding_prior_same_quarter_matched_industries,"[""2022Q4"", ""2023Q4"", ""2024Q4""]",False,-2.411575562700963,ready,4,0.727272727272727,22,1821.0,19.793478260869566,"[""CS200028"", ""CS200029"", ""CS200030"", ""CS200031""]",4,15.47241597970832,4,-2.149382052659865,4
2025Q4,1123058,30대,C_대면생활서비스,3,1,False,55.51086956521739,44.04347826086956,33.77173913043478,2024Q4,expanding_prior_same_quarter_matched_industries,"[""2022Q4"", ""2023Q4"", ""2024Q4""]",False,-13.499506416584396,ready,4,0.454545454545454,22,3505.0,38.09782608695652,"[""CS200028"", ""CS200029"", ""CS200030"", ""CS200031""]",4,4.098604098604097,4,12.80978435790152,4
2025Q4,1123058,40대,C_대면생활서비스,3,1,False,65.68478260869566,54.275362318840585,41.891304347826086,2024Q4,expanding_prior_same_quarter_matched_industries,"[""2022Q4"", ""2023Q4"", ""2024Q4""]",False,-21.3551401869159,ready,4,0.318181818181818,22,3927.0,42.68478260869565,"[""CS200028"", ""CS200029"", ""CS200030"", ""CS200031""]",4,-9.848484848484862,4,1.894135962636212,4
2025Q4,1123058,50대,C_대면생활서비스,3,1,False,57.84782608695652,55.02173913043478,51.82608695652174,2024Q4,expanding_prior_same_quarter_matched_industries,"[""2022Q4"", ""2023Q4"", ""2024Q4""]",True,-20.268668510470167,ready,4,0.045454545454545,22,4036.0,43.869565217391305,"[""CS200028"", ""CS200029"", ""CS200030"", ""CS200031""]",4,-20.862745098039216,4,-24.163848177376924,4
2025Q4,1123058,60대이상,C_대면생활서비스,3,1,True,46.48913043478261,39.15217391304348,32.130434782608695,2024Q4,expanding_prior_same_quarter_matched_industries,"[""2022Q4"", ""2023Q4"", ""2024Q4""]",False,19.739033870072188,ready,4,0.590909090909091,22,4313.0,46.880434782608695,"[""CS200028"", ""CS200029"", ""CS200030"", ""CS200031""]",4,-4.346861831891768,4,0.841711480009355,4
2025Q4,1123058,10대,D_생활필수,3,1,False,344.89130434782606,290.62318840579707,225.8586956521739,2024Q4,expanding_prior_same_quarter_matched_industries,"[""2022Q4"", ""2023Q4"", ""2024Q4""]",True,-43.96973021493042,ready,4,0.095238095238095,21,14981.0,162.83695652173913,"[""CS300001"", ""CS300002"", ""CS300007"", ""CS300010""]",4,1.428571428571424,4,-27.903171471196885,4
2025Q4,1123058,20대,D_생활필수,3,1,False,7445.771739130435,6626.630434782608,6060.413043478261,2024Q4,expanding_prior_same_quarter_matched_industries,"[""2022Q4"", ""2023Q4"", ""2024Q4""]",True,-42.3864512425162,ready,4,0.19047619047619,21,351241.0,3817.836956521739,"[""CS300001"", ""CS300002"", ""CS300007"", ""CS300010""]",4,-16.387116739668638,4,-37.003683921672724,4
2025Q4,1123058,30대,D_생활필수,3,1,False,9731.619565217392,9410.95652173913,9243.304347826086,2024Q4,expanding_prior_same_quarter_matched_industries,"[""2022Q4"", ""2023Q4"", ""2024Q4""]",True,-12.622197993088523,ready,4,0.523809523809524,21,756524.0,8223.08695652174,"[""CS300001"", ""CS300002"", ""CS300007"", ""CS300010""]",4,-17.87473281638935,4,-11.178059739518698,4
2025Q4,1123058,40대,D_생활필수,3,1,False,5899.804347826087,5585.717391304348,5060.576086956522,2024Q4,expanding_prior_same_quarter_matched_industries,"[""2022Q4"", ""2023Q4"", ""2024Q4""]",True,-22.389596136108004,ready,4,0.095238095238095,21,398829.0,4335.097826086957,"[""CS300001"", ""CS300002"", ""CS300007"", ""CS300010""]",4,-12.53922619948289,4,-14.335882879806173,4
2025Q4,1123058,50대,D_생활필수,3,1,False,3611.728260869565,3435.6557971014495,3102.108695652174,2024Q4,expanding_prior_same_quarter_matched_industries,"[""2022Q4"", ""2023Q4"", ""2024Q4""]",True,-12.048941144709001,ready,4,0.095238095238095,21,277996.0,3021.695652173913,"[""CS300001"", ""CS300002"", ""CS300007"", ""CS300010""]",4,-15.648875807870855,4,-2.592205862772168,4
2025Q4,1123058,60대이상,D_생활필수,3,1,False,1520.945652173913,1274.0253623188407,925.695652173913,2024Q4,expanding_prior_same_quarter_matched_industries,"[""2022Q4"", ""2023Q4"", ""2024Q4""]",False,1.15319752809051,ready,4,0.047619047619048,21,118562.0,1288.7173913043478,"[""CS300001"", ""CS300002"", ""CS300007"", ""CS300010""]",4,-16.69161098111962,4,-15.268675809529253,4
2025Q4,1123058,10대,E_의료건강,3,1,False,34.76086956521739,30.887681159420293,27.858695652173914,2024Q4,expanding_prior_same_quarter_matched_industries,"[""2022Q4"", ""2023Q4"", ""2024Q4""]",True,-27.04985337243402,ready,4,0.4,20,2073.0,22.532608695652176,"[""CS200006"", ""CS200007"", ""CS200008"", ""CS300018""]",4,-7.248322147650999,4,-19.118220834959033,4
2025Q4,1123058,20대,E_의료건강,3,1,False,1387.7065217391305,1257.2644927536232,1063.9021739130435,2024Q4,expanding_prior_same_quarter_matched_industries,"[""2022Q4"", ""2023Q4"", ""2024Q4""]",True,-27.714874425440563,ready,4,0.523809523809524,21,83611.0,908.8152173913044,"[""CS200006"", ""CS200007"", ""CS200008"", ""CS300018""]",4,-2.973089018602115,4,-14.577182030874859,4
2025Q4,1123058,30대,E_의료건강,3,1,False,2321.3804347826085,2198.9528985507245,2106.6847826086955,2024Q4,expanding_prior_same_quarter_matched_industries,"[""2022Q4"", ""2023Q4"", ""2024Q4""]",True,-15.766232610712272,ready,4,0.476190476190476,21,170408.0,1852.2608695652175,"[""CS200006"", ""CS200007"", ""CS200008"", ""CS300018""]",4,0.618800188946622,4,-12.076980625854539,4
2025Q4,1123058,40대,E_의료건강,3,1,False,1773.608695652174,1649.981884057971,1578.804347826087,2024Q4,expanding_prior_same_quarter_matched_industries,"[""2022Q4"", ""2023Q4"", ""2024Q4""]",True,-15.551773734889485,ready,4,0.380952380952381,21,128191.0,1393.3804347826087,"[""CS200006"", ""CS200007"", ""CS200008"", ""CS300018""]",4,-2.052308656219193,4,-12.779217951596555,4
2025Q4,1123058,50대,E_의료건강,3,1,False,1303.6739130434783,1286.4782608695652,1267.25,2024Q4,expanding_prior_same_quarter_matched_industries,"[""2022Q4"", ""2023Q4"", ""2024Q4""]",True,-9.791645543952143,ready,4,0.285714285714286,21,106767.0,1160.5108695652175,"[""CS200006"", ""CS200007"", ""CS200008"", ""CS300018""]",4,-3.876729718293359,4,-8.42289449080943,4
2025Q4,1123058,60대이상,E_의료건강,3,1,False,1222.6847826086957,1193.4963768115942,1156.0217391304348,2024Q4,expanding_prior_same_quarter_matched_industries,"[""2022Q4"", ""2023Q4"", ""2024Q4""]",False,1.768036307888465,ready,4,0.380952380952381,21,111743.0,1214.5978260869565,"[""CS200006"", ""CS200007"", ""CS200008"", ""CS300018""]",4,1.379942298270764,4,-0.66140976290594,4
2025Q4,1123059,10대,A_외식카페,3,1,False,84.3913043478261,74.39855072463769,60.48913043478261,2024Q4,expanding_prior_same_quarter_matched_industries,"[""2022Q4"", ""2023Q4"", ""2024Q4""]",False,-13.056394272913218,ready,10,0.818181818181818,22,5951.0,64.68478260869566,"[""CS100001"", ""CS100002"", ""CS100003"", ""CS100004"", ""CS100005"", ""CS100006"", ""CS100007"", ""CS100008"", ""CS100009"", ""CS100010""]",10,1.449028298670307,10,6.936208445642422,10
2025Q4,1123059,20대,A_외식카페,3,1,False,2921.271739130435,2375.786231884058,1906.9130434782608,2024Q4,expanding_prior_same_quarter_matched_industries,"[""2022Q4"", ""2023Q4"", ""2024Q4""]",True,-23.69574069301238,ready,10,0.909090909090909,22,166780.0,1812.8260869565217,"[""CS100001"", ""CS100002"", ""CS100003"", ""CS100004"", ""CS100005"", ""CS100006"", ""CS100007"", ""CS100008"", ""CS100009"", ""CS100010""]",10,-5.407398164638089,10,-4.933993023096739,10
2025Q4,1123059,30대,A_외식카페,3,1,False,4324.032608695652,4117.235507246377,3884.6521739130435,2024Q4,expanding_prior_same_quarter_matched_industries,"[""2022Q4"", ""2023Q4"", ""2024Q4""]",False,-0.620843625726775,ready,10,0.909090909090909,22,376434.0,4091.6739130434785,"[""CS100001"", ""CS100002"", ""CS100003"", ""CS100004"", ""CS100005"", ""CS100006"", ""CS100007"", ""CS100008"", ""CS100009"", ""CS100010""]",10,-9.08752795475073,10,-1.239381044081456,10
2025Q4,1123059,40대,A_외식카페,3,1,False,3090.1195652173915,2996.0217391304345,2943.3804347826085,2024Q4,expanding_prior_same_quarter_matched_industries,"[""2022Q4"", ""2023Q4"", ""2024Q4""]",False,0.226749965534023,ready,10,0.818181818181818,22,276259.0,3002.8152173913045,"[""CS100001"", ""CS100002"", ""CS100003"", ""CS100004"", ""CS100005"", ""CS100006"", ""CS100007"", ""CS100008"", ""CS100009"", ""CS100010""]",10,-7.081738498691625,10,2.019269473505414,10
2025Q4,1123059,50대,A_외식카페,3,1,True,2133.6521739130435,2085.322463768116,2031.4130434782608,2024Q4,expanding_prior_same_quarter_matched_industries,"[""2022Q4"", ""2023Q4"", ""2024Q4""]",False,9.80889550672488,ready,10,0.909090909090909,22,210668.0,2289.8695652173915,"[""CS100001"", ""CS100002"", ""CS100003"", ""CS100004"", ""CS100005"", ""CS100006"", ""CS100007"", ""CS100008"", ""CS100009"", ""CS100010""]",10,-8.200064491951576,10,7.321595957125981,10
2025Q4,1123059,60대이상,A_외식카페,3,1,True,1320.1521739130435,1194.9384057971013,1123.945652173913,2024Q4,expanding_prior_same_quarter_matched_industries,"[""2022Q4"", ""2023Q4"", ""2024Q4""]",False,13.042937753749984,ready,10,0.5,22,124273.0,1350.7934782608695,"[""CS100001"", ""CS100002"", ""CS100003"", ""CS100004"", ""CS100005"", ""CS100006"", ""CS100007"", ""CS100008"", ""CS100009"", ""CS100010""]",10,-6.466010356454721,10,2.321043357979136,10
2025Q4,1123059,10대,B_여가운동,3,1,False,11.554347826086957,9.003623188405797,6.076086956521739,2024Q4,expanding_prior_same_quarter_matched_industries,"[""2022Q4"", ""2023Q4"", ""2024Q4""]",False,12.273641851106643,ready,5,0.722222222222222,18,930.0,10.108695652173912,"[""CS200005"", ""CS200016"", ""CS200017"", ""CS200024"", ""CS200037""]",5,24.331550802139024,5,-12.51175917215429,5
2025Q4,1123059,20대,B_여가운동,3,1,False,117.68478260869566,83.34782608695652,58.619565217391305,2024Q4,expanding_prior_same_quarter_matched_industries,"[""2022Q4"", ""2023Q4"", ""2024Q4""]",False,40.25821596244133,ready,5,0.894736842105263,19,10755.0,116.90217391304348,"[""CS200005"", ""CS200016"", ""CS200017"", ""CS200024"", ""CS200037""]",5,-10.427250770383944,5,-0.665004156275972,5
2025Q4,1123059,30대,B_여가운동,3,1,True,142.70652173913044,106.69202898550725,84.1413043478261,2024Q4,expanding_prior_same_quarter_matched_industries,"[""2022Q4"", ""2023Q4"", ""2024Q4""]",False,40.377627602132634,ready,5,0.904761904761905,21,13779.0,149.77173913043478,"[""CS200005"", ""CS200016"", ""CS200017"", ""CS200024"", ""CS200037""]",5,-4.978966967795328,5,4.950872115164895,5
2025Q4,1123059,40대,B_여가운동,3,1,True,138.67391304347825,109.23913043478261,88.54347826086956,2024Q4,expanding_prior_same_quarter_matched_industries,"[""2022Q4"", ""2023Q4"", ""2024Q4""]",False,47.124378109452714,ready,5,0.761904761904762,21,14786.0,160.7173913043478,"[""CS200005"", ""CS200016"", ""CS200017"", ""CS200024"", ""CS200037""]",5,10.376231710958495,5,15.895908449600249,5
2025Q4,1123059,50대,B_여가운동,3,1,True,173.07608695652175,121.60144927536233,91.70652173913044,2024Q4,expanding_prior_same_quarter_matched_industries,"[""2022Q4"", ""2023Q4"", ""2024Q4""]",False,56.87384542041593,ready,5,0.952380952380952,21,17550.0,190.7608695652174,"[""CS200005"", ""CS200016"", ""CS200017"", ""CS200024"", ""CS200037""]",5,8.259823576583813,5,10.217923758085789,5
2025Q4,1123059,60대이상,B_여가운동,3,1,True,149.82608695652175,97.46739130434783,67.33695652173913,2024Q4,expanding_prior_same_quarter_matched_industries,"[""2022Q4"", ""2023Q4"", ""2024Q4""]",False,65.64068250250918,ready,5,0.80952380952381,21,14853.0,161.44565217391303,"[""CS200005"", ""CS200016"", ""CS200017"", ""CS200024"", ""CS200037""]",5,8.108304825678726,5,7.755368543238528,5
2025Q4,1123059,10대,C_대면생활서비스,3,1,False,3.847826086956522,3.681159420289855,3.369565217391304,2024Q4,expanding_prior_same_quarter_matched_industries,"[""2022Q4"", ""2023Q4"", ""2024Q4""]",True,-32.381889763779526,ready,4,0.333333333333333,21,229.0,2.489130434782609,"[""CS200028"", ""CS200029"", ""CS200030"", ""CS200031""]",4,-16.423357664233574,4,-35.31073446327684,4
2025Q4,1123059,20대,C_대면생활서비스,3,1,False,62.55434782608695,50.94565217391304,41.79347826086956,2024Q4,expanding_prior_same_quarter_matched_industries,"[""2022Q4"", ""2023Q4"", ""2024Q4""]",True,-35.56646042244505,ready,4,0.227272727272727,22,3020.0,32.82608695652174,"[""CS200028"", ""CS200029"", ""CS200030"", ""CS200031""]",4,-9.063535079795237,4,-32.302174400358666,4
2025Q4,1123059,30대,C_대면생활서비스,3,1,False,135.3804347826087,112.92028985507245,94.15217391304348,2024Q4,expanding_prior_same_quarter_matched_industries,"[""2022Q4"", ""2023Q4"", ""2024Q4""]",True,-39.41474683950458,ready,4,0.136363636363636,22,6294.0,68.41304347826087,"[""CS200028"", ""CS200029"", ""CS200030"", ""CS200031""]",4,-3.569787038455641,4,-27.337797275456012,4
2025Q4,1123059,40대,C_대면생활서비스,3,1,False,204.1304347826087,169.82971014492753,132.0108695652174,2024Q4,expanding_prior_same_quarter_matched_industries,"[""2022Q4"", ""2023Q4"", ""2024Q4""]",True,-33.50756298935421,ready,4,0.136363636363636,22,10389.0,112.92391304347827,"[""CS200028"", ""CS200029"", ""CS200030"", ""CS200031""]",4,-10.524502626819398,4,-14.458624948538501,4
2025Q4,1123059,50대,C_대면생활서비스,3,1,False,152.3695652173913,142.96376811594203,132.68478260869566,2024Q4,expanding_prior_same_quarter_matched_industries,"[""2022Q4"", ""2023Q4"", ""2024Q4""]",True,-8.543261189112473,ready,4,0.272727272727273,22,12029.0,130.75,"[""CS200028"", ""CS200029"", ""CS200030"", ""CS200031""]",4,-1.385473028365303,4,-9.098465956321311,4
2025Q4,1123059,60대이상,C_대면생활서비스,3,1,False,95.02173913043478,87.32608695652175,83.31521739130434,2024Q4,expanding_prior_same_quarter_matched_industries,"[""2022Q4"", ""2023Q4"", ""2024Q4""]",True,-19.031615633557387,ready,4,0.045454545454545,22,6505.0,70.70652173913044,"[""CS200028"", ""CS200029"", ""CS200030"", ""CS200031""]",4,-2.823423961756788,4,-15.133724722765807,4
2025Q4,1123059,10대,D_생활필수,3,1,False,263.9782608695652,239.84420289855072,208.59782608695653,2024Q4,expanding_prior_same_quarter_matched_industries,"[""2022Q4"", ""2023Q4"", ""2024Q4""]",False,-3.651222865084525,ready,4,0.857142857142857,21,21260.0,231.08695652173913,"[""CS300001"", ""CS300002"", ""CS300007"", ""CS300010""]",4,6.1037081399411,4,10.781095305090926,4
2025Q4,1123059,20대,D_생활필수,3,1,False,3677.663043478261,3139.6666666666665,2653.8260869565215,2024Q4,expanding_prior_same_quarter_matched_industries,"[""2022Q4"", ""2023Q4"", ""2024Q4""]",True,-26.246670697987874,ready,4,0.619047619047619,21,213036.0,2315.608695652174,"[""CS300001"", ""CS300002"", ""CS300007"", ""CS300010""]",4,-9.676926990587631,4,-12.744519807333122,4
2025Q4,1123059,30대,D_생활필수,3,1,False,5049.217391304348,4949.684782608696,4874.836956521739,2024Q4,expanding_prior_same_quarter_matched_industries,"[""2022Q4"", ""2023Q4"", ""2024Q4""]",True,-5.831728414852955,ready,4,0.761904761904762,21,428815.0,4661.032608695652,"[""CS300001"", ""CS300002"", ""CS300007"", ""CS300010""]",4,-9.699394577520405,4,-4.38587689666321,4
2025Q4,1123059,40대,D_생활필수,3,1,False,3783.5652173913045,3751.934782608696,3701.3804347826085,2024Q4,expanding_prior_same_quarter_matched_industries,"[""2022Q4"", ""2023Q4"", ""2024Q4""]",True,-5.311752197416997,ready,4,0.619047619047619,21,326843.0,3552.641304347826,"[""CS300001"", ""CS300002"", ""CS300007"", ""CS300010""]",4,-10.633928937618764,4,-4.018477242626872,4
2025Q4,1123059,50대,D_생활필수,3,1,True,2662.1304347826085,2525.101449275362,2403.336956521739,2024Q4,expanding_prior_same_quarter_matched_industries,"[""2022Q4"", ""2023Q4"", ""2024Q4""]",False,12.612780660269074,ready,4,0.761904761904762,21,261610.0,2843.586956521739,"[""CS300001"", ""CS300002"", ""CS300007"", ""CS300010""]",4,-11.197933462095943,4,6.816214538862298,4
2025Q4,1123059,60대이상,D_생활필수,3,1,True,1503.1195652173913,1331.7173913043478,1222.3152173913043,2024Q4,expanding_prior_same_quarter_matched_industries,"[""2022Q4"", ""2023Q4"", ""2024Q4""]",False,25.226497331004417,ready,4,0.714285714285714,21,153425.0,1667.6630434782608,"[""CS300001"", ""CS300002"", ""CS300007"", ""CS300010""]",4,-18.77289765146862,4,10.94679904835596,4
2025Q4,1123059,10대,E_의료건강,3,1,False,21.902173913043477,18.340579710144926,14.684782608695652,2024Q4,expanding_prior_same_quarter_matched_industries,"[""2022Q4"", ""2023Q4"", ""2024Q4""]",True,-23.962860529435005,ready,5,0.5,20,1283.0,13.945652173913043,"[""CS200006"", ""CS200007"", ""CS200008"", ""CS300018"", ""CS300019""]",5,2.149681528662417,5,-5.033308660251667,5
2025Q4,1123059,20대,E_의료건강,3,1,False,704.7826086956521,600.445652173913,482.20652173913044,2024Q4,expanding_prior_same_quarter_matched_industries,"[""2022Q4"", ""2023Q4"", ""2024Q4""]",True,-28.578410962871782,ready,5,0.380952380952381,21,39454.0,428.8478260869565,"[""CS200006"", ""CS200007"", ""CS200008"", ""CS300018"", ""CS300019""]",5,-6.367325628307663,5,-11.065527579289046,5
2025Q4,1123059,30대,E_의료건강,3,1,False,1066.0434782608695,998.0217391304349,953.9673913043479,2024Q4,expanding_prior_same_quarter_matched_industries,"[""2022Q4"", ""2023Q4"", ""2024Q4""]",True,-11.270121326972927,ready,5,0.714285714285714,21,81470.0,885.5434782608696,"[""CS200006"", ""CS200007"", ""CS200008"", ""CS300018"", ""CS300019""]",5,-2.330544033375681,5,-9.086851238101612,5
2025Q4,1123059,40대,E_의료건강,3,1,False,863.0652173913044,816.731884057971,793.0434782608696,2024Q4,expanding_prior_same_quarter_matched_industries,"[""2022Q4"", ""2023Q4"", ""2024Q4""]",True,-9.702419505097193,ready,5,0.666666666666667,21,67849.0,737.4891304347826,"[""CS200006"", ""CS200007"", ""CS200008"", ""CS300018"", ""CS300019""]",5,-2.044322529416021,5,-7.005208333333335,5
2025Q4,1123059,50대,E_의료건강,3,1,False,576.3913043478261,552.6557971014493,533.3695652173913,2024Q4,expanding_prior_same_quarter_matched_industries,"[""2022Q4"", ""2023Q4"", ""2024Q4""]",True,-3.609710685556578,ready,5,0.619047619047619,21,49009.0,532.7065217391304,"[""CS200006"", ""CS200007"", ""CS200008"", ""CS300018"", ""CS300019""]",5,-0.223945927237945,5,-0.124312207051147,5
2025Q4,1123059,60대이상,E_의료건강,3,1,False,510.3152173913044,486.1050724637682,472.6304347826087,2024Q4,expanding_prior_same_quarter_matched_industries,"[""2022Q4"", ""2023Q4"", ""2024Q4""]",False,2.129467446800559,ready,5,0.428571428571429,21,45674.0,496.45652173913044,"[""CS200006"", ""CS200007"", ""CS200008"", ""CS300018"", ""CS300019""]",5,-2.34755836825451,5,-2.715712794734715,5
2025Q4,1123060,10대,A_외식카페,3,1,False,879.6847826086956,741.8188405797101,606.4782608695652,2024Q4,expanding_prior_same_quarter_matched_industries,"[""2022Q4"", ""2023Q4"", ""2024Q4""]",True,-32.29479051684558,ready,10,0.363636363636364,22,46207.0,502.25,"[""CS100001"", ""CS100002"", ""CS100003"", ""CS100004"", ""CS100005"", ""CS100006"", ""CS100007"", ""CS100008"", ""CS100009"", ""CS100010""]",10,-28.535193405199756,10,-17.18581977202668,10
2025Q4,1123060,20대,A_외식카페,3,1,False,1303.358695652174,1041.7826086956522,879.3152173913044,2024Q4,expanding_prior_same_quarter_matched_industries,"[""2022Q4"", ""2023Q4"", ""2024Q4""]",True,-32.76365761028339,ready,10,0.454545454545454,22,64442.0,700.4565217391304,"[""CS100001"", ""CS100002"", ""CS100003"", ""CS100004"", ""CS100005"", ""CS100006"", ""CS100007"", ""CS100008"", ""CS100009"", ""CS100010""]",10,-17.56594264077571,10,-20.340680124108445,10
2025Q4,1123060,30대,A_외식카페,3,1,False,1420.1195652173913,1238.177536231884,1136.0869565217392,2024Q4,expanding_prior_same_quarter_matched_industries,"[""2022Q4"", ""2023Q4"", ""2024Q4""]",True,-27.152751970082257,ready,10,0.090909090909091,22,82982.0,901.9782608695652,"[""CS100001"", ""CS100002"", ""CS100003"", ""CS100004"", ""CS100005"", ""CS100006"", ""CS100007"", ""CS100008"", ""CS100009"", ""CS100010""]",10,-11.601845045966353,10,-20.60658247225412,10
2025Q4,1123060,40대,A_외식카페,3,1,False,3768.913043478261,3627.0905797101454,3408.163043478261,2024Q4,expanding_prior_same_quarter_matched_industries,"[""2022Q4"", ""2023Q4"", ""2024Q4""]",True,-19.592099309044166,ready,10,0.090909090909091,22,268315.0,2916.467391304348,"[""CS100001"", ""CS100002"", ""CS100003"", ""CS100004"", ""CS100005"", ""CS100006"", ""CS100007"", ""CS100008"", ""CS100009"", ""CS100010""]",10,-14.290870874899774,10,-14.42699911657115,10
2025Q4,1123060,50대,A_외식카페,3,1,False,3040.782608695652,2879.4891304347825,2728.554347826087,2024Q4,expanding_prior_same_quarter_matched_industries,"[""2022Q4"", ""2023Q4"", ""2024Q4""]",True,-14.015167243585624,ready,10,0.090909090909091,22,227785.0,2475.9239130434785,"[""CS100001"", ""CS100002"", ""CS100003"", ""CS100004"", ""CS100005"", ""CS100006"", ""CS100007"", ""CS100008"", ""CS100009"", ""CS100010""]",10,-20.034754524231623,10,-9.258764993407077,10
2025Q4,1123060,60대이상,A_외식카페,3,1,False,1156.8804347826087,1121.373188405797,1073.3478260869565,2024Q4,expanding_prior_same_quarter_matched_industries,"[""2022Q4"", ""2023Q4"", ""2024Q4""]",False,-3.707927973919134,ready,10,0.090909090909091,22,99341.0,1079.7934782608695,"[""CS100001"", ""CS100002"", ""CS100003"", ""CS100004"", ""CS100005"", ""CS100006"", ""CS100007"", ""CS100008"", ""CS100009"", ""CS100010""]",10,-7.535578990478142,10,-6.663346894290312,10
2025Q4,1123060,10대,B_여가운동,3,1,False,1225.5217391304348,989.2789855072464,762.5434782608696,2024Q4,expanding_prior_same_quarter_matched_industries,"[""2022Q4"", ""2023Q4"", ""2024Q4""]",True,-55.983533608505674,ready,5,0.222222222222222,18,40061.0,435.44565217391306,"[""CS200005"", ""CS200016"", ""CS200017"", ""CS200019"", ""CS200024""]",5,-15.177115755150428,5,-42.895629614847344,5
2025Q4,1123060,20대,B_여가운동,3,1,False,1144.4782608695652,912.3876811594204,791.8913043478261,2024Q4,expanding_prior_same_quarter_matched_industries,"[""2022Q4"", ""2023Q4"", ""2024Q4""]",True,-60.832582132404625,ready,5,0.105263157894737,19,32877.0,357.35869565217394,"[""CS200005"", ""CS200016"", ""CS200017"", ""CS200019"", ""CS200024""]",5,-33.09932238569073,5,-55.374424823205246,5
2025Q4,1123060,30대,B_여가운동,3,1,False,395.14130434782606,261.7210144927536,188.5326086956522,2024Q4,expanding_prior_same_quarter_matched_industries,"[""2022Q4"", ""2023Q4"", ""2024Q4""]",True,-60.54544196026856,ready,5,0.095238095238095,21,9500.0,103.26086956521739,"[""CS200005"", ""CS200016"", ""CS200017"", ""CS200019"", ""CS200024""]",5,-29.54090335978641,5,-45.22917267223985,5
2025Q4,1123060,40대,B_여가운동,3,1,False,677.6847826086956,589.1086956521739,503.3804347826087,2024Q4,expanding_prior_same_quarter_matched_industries,"[""2022Q4"", ""2023Q4"", ""2024Q4""]",False,-11.611129561976464,ready,5,0.571428571428571,21,47905.0,520.7065217391304,"[""CS200005"", ""CS200016"", ""CS200017"", ""CS200019"", ""CS200024""]",5,12.11092908963256,5,3.441946837684351,5
2025Q4,1123060,50대,B_여가운동,3,1,False,612.195652173913,576.3586956521739,551.7173913043479,2024Q4,expanding_prior_same_quarter_matched_industries,"[""2022Q4"", ""2023Q4"", ""2024Q4""]",True,-25.065535124941064,ready,5,0.095238095238095,21,39734.0,431.89130434782606,"[""CS200005"", ""CS200016"", ""CS200017"", ""CS200019"", ""CS200024""]",5,-0.393572485021687,5,-21.718743843335055,5
2025Q4,1123060,60대이상,B_여가운동,3,1,False,107.80434782608695,98.21376811594202,93.3695652173913,2024Q4,expanding_prior_same_quarter_matched_industries,"[""2022Q4"", ""2023Q4"", ""2024Q4""]",True,-37.63603497251632,ready,5,0.047619047619048,21,5635.0,61.25,"[""CS200005"", ""CS200016"", ""CS200017"", ""CS200019"", ""CS200024""]",5,19.740756481087974,5,-43.1841096995362,5
2025Q4,1123060,10대,C_대면생활서비스,3,1,False,3.739130434782609,3.170289855072463,2.271739130434783,2024Q4,expanding_prior_same_quarter_matched_industries,"[""2022Q4"", ""2023Q4"", ""2024Q4""]",False,-6.399999999999984,ready,4,0.619047619047619,21,273.0,2.967391304347826,"[""CS200028"", ""CS200029"", ""CS200030"", ""CS200031""]",4,-24.58563535911602,4,-20.639534883720934,4
2025Q4,1123060,20대,C_대면생활서비스,3,1,False,13.108695652173912,10.88768115942029,9.58695652173913,2024Q4,expanding_prior_same_quarter_matched_industries,"[""2022Q4"", ""2023Q4"", ""2024Q4""]",False,-4.459234608985019,ready,4,0.681818181818182,22,957.0,10.402173913043478,"[""CS200028"", ""CS200029"", ""CS200030"", ""CS200031""]",4,-22.384428223844278,4,8.503401360544217,4
2025Q4,1123060,30대,C_대면생활서비스,3,1,False,20.77173913043478,17.94927536231884,15.01086956521739,2024Q4,expanding_prior_same_quarter_matched_industries,"[""2022Q4"", ""2023Q4"", ""2024Q4""]",False,11.970125151392818,ready,4,0.909090909090909,22,1849.0,20.097826086956523,"[""CS200028"", ""CS200029"", ""CS200030"", ""CS200031""]",4,-9.49583945178658,4,11.25150421179304,4
2025Q4,1123060,40대,C_대면생활서비스,3,1,True,66.70652173913044,60.57971014492754,56.52173913043478,2024Q4,expanding_prior_same_quarter_matched_industries,"[""2022Q4"", ""2023Q4"", ""2024Q4""]",False,23.73205741626794,ready,4,0.954545454545455,22,6896.0,74.95652173913044,"[""CS200028"", ""CS200029"", ""CS200030"", ""CS200031""]",4,-1.989766913018764,4,12.367606322307312,4
2025Q4,1123060,50대,C_대면생활서비스,3,1,True,57.41304347826087,56.31884057971015,54.80434782608695,2024Q4,expanding_prior_same_quarter_matched_industries,"[""2022Q4"", ""2023Q4"", ""2024Q4""]",False,21.32012352032937,ready,4,0.909090909090909,22,6286.0,68.32608695652173,"[""CS200028"", ""CS200029"", ""CS200030"", ""CS200031""]",4,0.866495507060328,4,19.007951533510024,4
2025Q4,1123060,60대이상,C_대면생활서비스,3,1,True,34.68478260869565,30.518115942028984,28.347826086956523,2024Q4,expanding_prior_same_quarter_matched_industries,"[""2022Q4"", ""2023Q4"", ""2024Q4""]",False,20.669595156120167,ready,4,0.727272727272727,22,3388.0,36.82608695652174,"[""CS200028"", ""CS200029"", ""CS200030"", ""CS200031""]",4,-1.396973224679854,4,6.173613287370738,4
2025Q4,1123060,10대,D_생활필수,3,1,False,854.2173913043479,790.4021739130435,691.3804347826087,2024Q4,expanding_prior_same_quarter_matched_industries,"[""2022Q4"", ""2023Q4"", ""2024Q4""]",False,3.315593327557509,ready,5,0.952380952380952,21,75128.0,816.6086956521739,"[""CS300001"", ""CS300002"", ""CS300007"", ""CS300009"", ""CS300010""]",5,-28.070696142541195,5,-1.090104797514346,5
2025Q4,1123060,20대,D_생활필수,3,1,False,770.9782608695652,733.5,709.9565217391304,2024Q4,expanding_prior_same_quarter_matched_industries,"[""2022Q4"", ""2023Q4"", ""2024Q4""]",True,-13.699949616193951,ready,5,0.904761904761905,21,58237.0,633.0108695652174,"[""CS300001"", ""CS300002"", ""CS300007"", ""CS300009"", ""CS300010""]",5,-26.102679930971473,5,-10.83807949047706,5
2025Q4,1123060,30대,D_생활필수,3,1,False,757.7934782608696,695.963768115942,646.0760869565217,2024Q4,expanding_prior_same_quarter_matched_industries,"[""2022Q4"", ""2023Q4"", ""2024Q4""]",False,4.796809762293974,ready,5,0.904761904761905,21,67100.0,729.3478260869565,"[""CS300001"", ""CS300002"", ""CS300007"", ""CS300009"", ""CS300010""]",5,-10.761783168422179,5,6.62641029715556,5
2025Q4,1123060,40대,D_생활필수,3,1,False,2651.0108695652175,2420.2971014492755,2106.445652173913,2024Q4,expanding_prior_same_quarter_matched_industries,"[""2022Q4"", ""2023Q4"", ""2024Q4""]",False,9.24278669824341,ready,5,0.952380952380952,21,243248.0,2644.0,"[""CS300001"", ""CS300002"", ""CS300007"", ""CS300009"", ""CS300010""]",5,-14.263257141850094,5,5.614894319109398,5
2025Q4,1123060,50대,D_생활필수,3,1,True,1908.108695652174,1805.039855072464,1642.3369565217392,2024Q4,expanding_prior_same_quarter_matched_industries,"[""2022Q4"", ""2023Q4"", ""2024Q4""]",False,19.23679873783348,ready,5,1.0,21,198009.0,2152.271739130435,"[""CS300001"", ""CS300002"", ""CS300007"", ""CS300009"", ""CS300010""]",5,-19.280816612720443,5,12.796076242124578,5
2025Q4,1123060,60대이상,D_생활필수,3,1,True,609.1521739130435,575.0,535.4673913043479,2024Q4,expanding_prior_same_quarter_matched_industries,"[""2022Q4"", ""2023Q4"", ""2024Q4""]",False,9.249527410207925,ready,5,0.285714285714286,21,57793.0,628.1847826086956,"[""CS300001"", ""CS300002"", ""CS300007"", ""CS300009"", ""CS300010""]",5,-11.341392323505062,5,3.124442382498827,5
2025Q4,1123060,10대,E_의료건강,3,1,False,95.3586956521739,89.6123188405797,85.48913043478261,2024Q4,expanding_prior_same_quarter_matched_industries,"[""2022Q4"", ""2023Q4"", ""2024Q4""]",True,-22.55286459386244,ready,5,0.55,20,6385.0,69.40217391304348,"[""CS200006"", ""CS200007"", ""CS200008"", ""CS300018"", ""CS300019""]",5,-18.412982366470732,5,-21.124150710315003,5
2025Q4,1123060,20대,E_의료건강,3,1,False,436.8695652173913,415.231884057971,374.5652173913044,2024Q4,expanding_prior_same_quarter_matched_industries,"[""2022Q4"", ""2023Q4"", ""2024Q4""]",True,-24.769641548288014,ready,5,0.571428571428571,21,28739.0,312.3804347826087,"[""CS200006"", ""CS200007"", ""CS200008"", ""CS300018"", ""CS300019""]",5,-10.27474242897285,5,-16.601857225769013,5
2025Q4,1123060,30대,E_의료건강,3,1,False,856.1304347826087,836.3333333333334,805.0978260869565,2024Q4,expanding_prior_same_quarter_matched_industries,"[""2022Q4"", ""2023Q4"", ""2024Q4""]",True,-14.836588282184138,ready,5,0.523809523809524,21,65527.0,712.25,"[""CS200006"", ""CS200007"", ""CS200008"", ""CS300018"", ""CS300019""]",5,-1.838092099349853,5,-11.53248997556332,5
2025Q4,1123060,40대,E_의료건강,3,1,False,2454.978260869565,2306.340579710145,2125.6195652173915,2024Q4,expanding_prior_same_quarter_matched_industries,"[""2022Q4"", ""2023Q4"", ""2024Q4""]",True,-9.39156389914383,ready,5,0.714285714285714,21,192256.0,2089.7391304347825,"[""CS200006"", ""CS200007"", ""CS200008"", ""CS300018"", ""CS300019""]",5,2.646022423918848,5,-10.634717735375476,5
2025Q4,1123060,50대,E_의료건강,3,1,False,1932.8804347826087,1831.1884057971013,1708.4782608695652,2024Q4,expanding_prior_same_quarter_matched_industries,"[""2022Q4"", ""2023Q4"", ""2024Q4""]",False,-2.449901861466375,ready,5,0.761904761904762,21,164342.0,1786.3260869565217,"[""CS200006"", ""CS200007"", ""CS200008"", ""CS300018"", ""CS300019""]",5,-2.770020825444908,5,-3.556862261814642,5
2025Q4,1123060,60대이상,E_의료건강,3,1,False,2088.0652173913045,1987.076086956522,1837.9782608695652,2024Q4,expanding_prior_same_quarter_matched_industries,"[""2022Q4"", ""2023Q4"", ""2024Q4""]",False,2.621286465256456,ready,5,0.476190476190476,21,187603.0,2039.1630434782608,"[""CS200006"", ""CS200007"", ""CS200008"", ""CS300018"", ""CS300019""]",5,-2.391271546678198,5,-2.341984987142254,5
2025Q4,1123063,10대,A_외식카페,3,1,False,1600.195652173913,1488.858695652174,1418.25,2024Q4,expanding_prior_same_quarter_matched_industries,"[""2022Q4"", ""2023Q4"", ""2024Q4""]",True,-18.382186530388765,ready,10,0.681818181818182,22,111796.0,1215.1739130434783,"[""CS100001"", ""CS100002"", ""CS100003"", ""CS100004"", ""CS100005"", ""CS100006"", ""CS100007"", ""CS100008"", ""CS100009"", ""CS100010""]",10,-23.63974154064724,10,-14.318779267161762,10
2025Q4,1123063,20대,A_외식카페,3,1,False,5295.217391304348,4553.076086956522,3905.9239130434785,2024Q4,expanding_prior_same_quarter_matched_industries,"[""2022Q4"", ""2023Q4"", ""2024Q4""]",True,-24.19267432672131,ready,10,0.863636363636364,22,317544.0,3451.5652173913045,"[""CS100001"", ""CS100002"", ""CS100003"", ""CS100004"", ""CS100005"", ""CS100006"", ""CS100007"", ""CS100008"", ""CS100009"", ""CS100010""]",10,-11.162339170161395,10,-11.63255367404583,10
2025Q4,1123063,30대,A_외식카페,3,1,False,6795.782608695652,6406.202898550725,6105.228260869565,2024Q4,expanding_prior_same_quarter_matched_industries,"[""2022Q4"", ""2023Q4"", ""2024Q4""]",True,-10.45143067859955,ready,10,0.545454545454545,22,527773.0,5736.663043478261,"[""CS100001"", ""CS100002"", ""CS100003"", ""CS100004"", ""CS100005"", ""CS100006"", ""CS100007"", ""CS100008"", ""CS100009"", ""CS100010""]",10,-11.027851157051117,10,-6.036878584107342,10
2025Q4,1123063,40대,A_외식카페,3,1,False,8800.760869565218,8634.90579710145,8329.315217391304,2024Q4,expanding_prior_same_quarter_matched_industries,"[""2022Q4"", ""2023Q4"", ""2024Q4""]",True,-10.119610579573813,ready,10,0.5,22,714020.0,7761.086956521739,"[""CS100001"", ""CS100002"", ""CS100003"", ""CS100004"", ""CS100005"", ""CS100006"", ""CS100007"", ""CS100008"", ""CS100009"", ""CS100010""]",10,-12.834673737358948,10,-6.822028534628222,10
2025Q4,1123063,50대,A_외식카페,3,1,False,7058.478260869565,6738.057971014493,6344.54347826087,2024Q4,expanding_prior_same_quarter_matched_industries,"[""2022Q4"", ""2023Q4"", ""2024Q4""]",False,4.386934694983702,ready,10,0.727272727272727,22,647096.0,7033.652173913043,"[""CS100001"", ""CS100002"", ""CS100003"", ""CS100004"", ""CS100005"", ""CS100006"", ""CS100007"", ""CS100008"", ""CS100009"", ""CS100010""]",10,-13.077305393243343,10,-0.351720102251385,10
2025Q4,1123063,60대이상,A_외식카페,3,1,True,2294.7608695652175,2073.4166666666665,1929.5434782608695,2024Q4,expanding_prior_same_quarter_matched_industries,"[""2022Q4"", ""2023Q4"", ""2024Q4""]",False,11.065891032619636,ready,10,0.454545454545454,22,211863.0,2302.858695652174,"[""CS100001"", ""CS100002"", ""CS100003"", ""CS100004"", ""CS100005"", ""CS100006"", ""CS100007"", ""CS100008"", ""CS100009"", ""CS100010""]",10,-10.949006355291024,10,0.352883221705391,10
2025Q4,1123063,10대,B_여가운동,3,1,False,545.445652173913,478.3152173913043,435.5326086956522,2024Q4,expanding_prior_same_quarter_matched_industries,"[""2022Q4"", ""2023Q4"", ""2024Q4""]",True,-44.18134302920122,ready,6,0.333333333333333,18,24563.0,266.9891304347826,"[""CS200005"", ""CS200016"", ""CS200017"", ""CS200019"", ""CS200024"", ""CS200037""]",6,-12.577855287041317,6,-38.69824552646685,6
2025Q4,1123063,20대,B_여가운동,3,1,False,626.8260869565217,600.5036231884059,579.7826086956521,2024Q4,expanding_prior_same_quarter_matched_industries,"[""2022Q4"", ""2023Q4"", ""2024Q4""]",True,-32.06245965041421,ready,6,0.473684210526316,19,37533.0,407.9673913043478,"[""CS200005"", ""CS200016"", ""CS200017"", ""CS200019"", ""CS200024"", ""CS200037""]",6,-13.075800736469123,6,-34.91537767912881,6
2025Q4,1123063,30대,B_여가운동,3,1,False,371.20652173913044,343.55797101449275,310.5978260869565,2024Q4,expanding_prior_same_quarter_matched_industries,"[""2022Q4"", ""2023Q4"", ""2024Q4""]",True,-17.908291324798043,ready,6,0.523809523809524,21,25947.0,282.0326086956522,"[""CS200005"", ""CS200016"", ""CS200017"", ""CS200019"", ""CS200024"", ""CS200037""]",6,-14.465139278061635,6,-24.022722614271906,6
2025Q4,1123063,40대,B_여가운동,3,1,False,327.3152173913044,293.39130434782606,275.2826086956522,2024Q4,expanding_prior_same_quarter_matched_industries,"[""2022Q4"", ""2023Q4"", ""2024Q4""]",True,-32.13174273858921,ready,6,0.285714285714286,21,18319.0,199.1195652173913,"[""CS200005"", ""CS200016"", ""CS200017"", ""CS200019"", ""CS200024"", ""CS200037""]",6,-12.328308207705197,6,-27.667219458264235,6
2025Q4,1123063,50대,B_여가운동,3,1,True,333.8804347826087,293.4347826086957,218.91304347826087,2024Q4,expanding_prior_same_quarter_matched_industries,"[""2022Q4"", ""2023Q4"", ""2024Q4""]",False,14.483627204030203,ready,6,0.714285714285714,21,30906.0,335.9347826086956,"[""CS200005"", ""CS200016"", ""CS200017"", ""CS200019"", ""CS200024"", ""CS200037""]",6,19.545120488918123,6,0.615294462349825,6
2025Q4,1123063,60대이상,B_여가운동,3,1,True,42.92391304347826,41.05434782608696,38.0,2024Q4,expanding_prior_same_quarter_matched_industries,"[""2022Q4"", ""2023Q4"", ""2024Q4""]",False,94.5194598888006,ready,6,0.904761904761905,21,7347.0,79.8586956521739,"[""CS200005"", ""CS200016"", ""CS200017"", ""CS200019"", ""CS200024"", ""CS200037""]",6,9.558604235013402,6,89.0633041688111,6
2025Q4,1123063,10대,C_대면생활서비스,3,1,False,14.66304347826087,12.655797101449275,9.347826086956522,2024Q4,expanding_prior_same_quarter_matched_industries,"[""2022Q4"", ""2023Q4"", ""2024Q4""]",False,-5.18179215574005,ready,4,0.666666666666667,21,1104.0,12.0,"[""CS200028"", ""CS200029"", ""CS200030"", ""CS200031""]",4,66.5158371040724,4,28.372093023255808,4
2025Q4,1123063,20대,C_대면생활서비스,3,1,False,98.3913043478261,82.42391304347827,61.48913043478261,2024Q4,expanding_prior_same_quarter_matched_industries,"[""2022Q4"", ""2023Q4"", ""2024Q4""]",False,-18.409600421996576,ready,4,0.5,22,6187.0,67.25,"[""CS200028"", ""CS200029"", ""CS200030"", ""CS200031""]",4,-14.826541850220265,4,9.368923457663069,4
2025Q4,1123063,30대,C_대면생활서비스,3,1,False,128.80434782608697,118.71376811594205,112.26086956521739,2024Q4,expanding_prior_same_quarter_matched_industries,"[""2022Q4"", ""2023Q4"", ""2024Q4""]",False,2.475202197466797,ready,4,0.772727272727273,22,11192.0,121.65217391304348,"[""CS200028"", ""CS200029"", ""CS200030"", ""CS200031""]",4,2.650646611024499,4,8.365608055770736,4
2025Q4,1123063,40대,C_대면생활서비스,3,1,False,206.97826086956522,184.36231884057972,160.27173913043478,2024Q4,expanding_prior_same_quarter_matched_industries,"[""2022Q4"", ""2023Q4"", ""2024Q4""]",False,-6.334014621492024,ready,4,0.818181818181818,22,15887.0,172.68478260869566,"[""CS200028"", ""CS200029"", ""CS200030"", ""CS200031""]",4,3.660446300404541,4,7.744998304510009,4
2025Q4,1123063,50대,C_대면생활서비스,3,1,False,183.7826086956522,171.92028985507247,161.72826086956522,2024Q4,expanding_prior_same_quarter_matched_industries,"[""2022Q4"", ""2023Q4"", ""2024Q4""]",False,-3.589041095890411,ready,4,0.5,22,15249.0,165.75,"[""CS200028"", ""CS200029"", ""CS200030"", ""CS200031""]",4,-2.692872184289452,4,-2.643171806167399,4
2025Q4,1123063,60대이상,C_대면생활서비스,3,1,True,87.71739130434783,79.58695652173913,75.3586956521739,2024Q4,expanding_prior_same_quarter_matched_industries,"[""2022Q4"", ""2023Q4"", ""2024Q4""]",False,17.57716470909587,ready,4,0.5,22,8609.0,93.57608695652173,"[""CS200028"", ""CS200029"", ""CS200030"", ""CS200031""]",4,0.209521592364092,4,23.639235961510828,4
2025Q4,1123063,10대,D_생활필수,3,1,False,2179.358695652174,2141.1485507246375,2070.445652173913,2024Q4,expanding_prior_same_quarter_matched_industries,"[""2022Q4"", ""2023Q4"", ""2024Q4""]",True,-12.4037789551524,ready,5,0.714285714285714,21,172552.0,1875.5652173913043,"[""CS300001"", ""CS300002"", ""CS300007"", ""CS300009"", ""CS300010""]",5,-29.501552541264907,5,-13.939581348721465,5
2025Q4,1123063,20대,D_생활필수,3,1,False,4762.945652173913,4327.286231884058,4005.5978260869565,2024Q4,expanding_prior_same_quarter_matched_industries,"[""2022Q4"", ""2023Q4"", ""2024Q4""]",True,-24.20618739696114,ready,5,0.714285714285714,21,301743.0,3279.8152173913045,"[""CS300001"", ""CS300002"", ""CS300007"", ""CS300009"", ""CS300010""]",5,-17.348573870313,5,-18.11920817334437,5
2025Q4,1123063,30대,D_생활필수,3,1,False,5923.869565217391,5802.905797101449,5726.978260869565,2024Q4,expanding_prior_same_quarter_matched_industries,"[""2022Q4"", ""2023Q4"", ""2024Q4""]",True,-17.22662683987658,ready,5,0.428571428571429,21,441900.0,4803.260869565217,"[""CS300001"", ""CS300002"", ""CS300007"", ""CS300009"", ""CS300010""]",5,-13.395054953669593,5,-16.129228176327914,5
2025Q4,1123063,40대,D_생활필수,3,1,False,7722.489130434783,7558.253623188405,7260.380434782609,2024Q4,expanding_prior_same_quarter_matched_industries,"[""2022Q4"", ""2023Q4"", ""2024Q4""]",True,-6.447074366346794,ready,5,0.571428571428571,21,650529.0,7070.967391304348,"[""CS300001"", ""CS300002"", ""CS300007"", ""CS300009"", ""CS300010""]",5,-15.269114396574956,5,-8.436680558898423,5
2025Q4,1123063,50대,D_생활필수,3,1,False,6318.978260869565,5644.427536231884,4932.086956521739,2024Q4,expanding_prior_same_quarter_matched_industries,"[""2022Q4"", ""2023Q4"", ""2024Q4""]",False,11.886996409181316,ready,5,0.714285714285714,21,581015.0,6315.380434782609,"[""CS300001"", ""CS300002"", ""CS300007"", ""CS300009"", ""CS300010""]",5,-20.140005662903306,5,-0.05693683279836,5
2025Q4,1123063,60대이상,D_생활필수,3,1,False,1573.6739130434783,1410.8623188405797,1261.0434782608695,2024Q4,expanding_prior_same_quarter_matched_industries,"[""2022Q4"", ""2023Q4"", ""2024Q4""]",False,5.636906198799174,ready,5,0.238095238095238,21,137116.0,1490.391304347826,"[""CS300001"", ""CS300002"", ""CS300007"", ""CS300009"", ""CS300010""]",5,-15.959155154026261,5,-5.292240533782766,5
2025Q4,1123063,10대,E_의료건강,3,1,False,108.6413043478261,101.14855072463769,93.1304347826087,2024Q4,expanding_prior_same_quarter_matched_industries,"[""2022Q4"", ""2023Q4"", ""2024Q4""]",True,-19.65110864347889,ready,5,0.65,20,7477.0,81.27173913043478,"[""CS200006"", ""CS200007"", ""CS200008"", ""CS300018"", ""CS300019""]",5,-13.159117305458768,5,-25.192596298149084,5
2025Q4,1123063,20대,E_의료건강,3,1,False,707.5760869565217,670.2101449275361,611.7065217391304,2024Q4,expanding_prior_same_quarter_matched_industries,"[""2022Q4"", ""2023Q4"", ""2024Q4""]",True,-30.677161608407477,ready,5,0.333333333333333,21,42744.0,464.60869565217394,"[""CS200006"", ""CS200007"", ""CS200008"", ""CS300018"", ""CS300019""]",5,-9.74471589349436,5,-24.047124047124036,5
2025Q4,1123063,30대,E_의료건강,3,1,False,1093.5326086956522,1066.0579710144928,1044.0869565217392,2024Q4,expanding_prior_same_quarter_matched_industries,"[""2022Q4"", ""2023Q4"", ""2024Q4""]",True,-18.61218358302291,ready,5,0.333333333333333,21,79823.0,867.6413043478261,"[""CS200006"", ""CS200007"", ""CS200008"", ""CS300018"", ""CS300019""]",5,-5.979976442873969,5,-18.189830994865275,5
2025Q4,1123063,40대,E_의료건강,3,1,False,1767.2173913043478,1626.2971014492753,1548.4130434782608,2024Q4,expanding_prior_same_quarter_matched_industries,"[""2022Q4"", ""2023Q4"", ""2024Q4""]",True,-17.842168347227847,ready,5,0.333333333333333,21,122924.0,1336.1304347826087,"[""CS200006"", ""CS200007"", ""CS200008"", ""CS300018"", ""CS300019""]",5,2.551182153404641,5,-13.709688741628867,5
2025Q4,1123063,50대,E_의료건강,3,1,False,1535.4673913043478,1470.746376811594,1355.2934782608695,2024Q4,expanding_prior_same_quarter_matched_industries,"[""2022Q4"", ""2023Q4"", ""2024Q4""]",False,-5.747352965811492,ready,5,0.476190476190476,21,127532.0,1386.2173913043478,"[""CS200006"", ""CS200007"", ""CS200008"", ""CS300018"", ""CS300019""]",5,0.124830223045702,5,-9.720167347429975,5
2025Q4,1123063,60대이상,E_의료건강,3,1,False,1126.9673913043478,1032.1014492753623,933.054347826087,2024Q4,expanding_prior_same_quarter_matched_industries,"[""2022Q4"", ""2023Q4"", ""2024Q4""]",False,7.71712420136208,ready,5,0.714285714285714,21,102281.0,1111.75,"[""CS200006"", ""CS200007"", ""CS200008"", ""CS300018"", ""CS300019""]",5,-1.089857651245552,5,-1.350295618290709,5
2025Q4,1123064,10대,A_외식카페,3,1,False,1202.0,1101.4057971014493,1035.1521739130435,2024Q4,expanding_prior_same_quarter_matched_industries,"[""2022Q4"", ""2023Q4"", ""2024Q4""]",False,8.330920957406196,ready,10,0.909090909090909,22,109771.0,1193.1630434782608,"[""CS100001"", ""CS100002"", ""CS100003"", ""CS100004"", ""CS100005"", ""CS100006"", ""CS100007"", ""CS100008"", ""CS100009"", ""CS100010""]",10,2.905167241637896,10,11.817255780788427,10
2025Q4,1123064,20대,A_외식카페,3,1,False,28007.83695652174,24586.873188405796,22201.793478260868,2024Q4,expanding_prior_same_quarter_matched_industries,"[""2022Q4"", ""2023Q4"", ""2024Q4""]",True,-15.059791685117697,ready,10,0.954545454545455,22,1921341.0,20884.141304347828,"[""CS100001"", ""CS100002"", ""CS100003"", ""CS100004"", ""CS100005"", ""CS100006"", ""CS100007"", ""CS100008"", ""CS100009"", ""CS100010""]",10,-9.997835834459124,10,-5.934890688913185,10
2025Q4,1123064,30대,A_외식카페,3,1,False,30593.771739130436,29687.402173913044,29072.097826086956,2024Q4,expanding_prior_same_quarter_matched_industries,"[""2022Q4"", ""2023Q4"", ""2024Q4""]",False,2.134011608642372,ready,10,0.954545454545455,22,2789526.0,30320.934782608696,"[""CS100001"", ""CS100002"", ""CS100003"", ""CS100004"", ""CS100005"", ""CS100006"", ""CS100007"", ""CS100008"", ""CS100009"", ""CS100010""]",10,-10.169711486286959,10,-0.891805557183956,10
2025Q4,1123064,40대,A_외식카페,3,1,False,17048.728260869564,16426.340579710144,16067.880434782608,2024Q4,expanding_prior_same_quarter_matched_industries,"[""2022Q4"", ""2023Q4"", ""2024Q4""]",False,-1.021512372978173,ready,10,0.772727272727273,22,1495786.0,16258.54347826087,"[""CS100001"", ""CS100002"", ""CS100003"", ""CS100004"", ""CS100005"", ""CS100006"", ""CS100007"", ""CS100008"", ""CS100009"", ""CS100010""]",10,-9.453477187304959,10,-4.634860562722065,10
2025Q4,1123064,50대,A_외식카페,3,1,True,12130.119565217392,11460.960144927536,10951.217391304348,2024Q4,expanding_prior_same_quarter_matched_industries,"[""2022Q4"", ""2023Q4"", ""2024Q4""]",False,7.047902061977895,ready,10,0.863636363636364,22,1128722.0,12268.717391304348,"[""CS100001"", ""CS100002"", ""CS100003"", ""CS100004"", ""CS100005"", ""CS100006"", ""CS100007"", ""CS100008"", ""CS100009"", ""CS100010""]",10,-8.438471154259553,10,1.14259241503587,10
2025Q4,1123064,60대이상,A_외식카페,3,1,True,6114.315217391304,5707.521739130435,5343.565217391304,2024Q4,expanding_prior_same_quarter_matched_industries,"[""2022Q4"", ""2023Q4"", ""2024Q4""]",False,16.606232812535705,ready,10,0.545454545454545,22,612290.0,6655.326086956522,"[""CS100001"", ""CS100002"", ""CS100003"", ""CS100004"", ""CS100005"", ""CS100006"", ""CS100007"", ""CS100008"", ""CS100009"", ""CS100010""]",10,-5.902584609142791,10,8.84826591907446,10
2025Q4,1123064,10대,B_여가운동,3,1,False,400.07608695652175,327.82971014492756,245.66304347826087,2024Q4,expanding_prior_same_quarter_matched_industries,"[""2022Q4"", ""2023Q4"", ""2024Q4""]",False,-19.254871188426304,ready,6,0.555555555555556,18,24353.0,264.70652173913044,"[""CS200005"", ""CS200016"", ""CS200017"", ""CS200019"", ""CS200024"", ""CS200037""]",6,-0.016422383708992,6,7.751869386310339,6
2025Q4,1123064,20대,B_여가운동,3,1,False,2246.1739130434785,2067.2572463768115,1847.445652173913,2024Q4,expanding_prior_same_quarter_matched_industries,"[""2022Q4"", ""2023Q4"", ""2024Q4""]",True,-35.155101189526825,ready,6,0.421052631578947,19,123327.0,1340.5108695652175,"[""CS200005"", ""CS200016"", ""CS200017"", ""CS200019"", ""CS200024"", ""CS200037""]",6,-16.170802830400287,6,-27.439767010855164,6
2025Q4,1123064,30대,B_여가운동,3,1,False,1230.1521739130435,1167.8333333333333,1065.8695652173913,2024Q4,expanding_prior_same_quarter_matched_industries,"[""2022Q4"", ""2023Q4"", ""2024Q4""]",True,-24.434571639540582,ready,6,0.428571428571429,21,81188.0,882.4782608695652,"[""CS200005"", ""CS200016"", ""CS200017"", ""CS200019"", ""CS200024"", ""CS200037""]",6,-4.176944775573299,6,-28.262675172742856,6
2025Q4,1123064,40대,B_여가운동,3,1,False,600.2282608695652,557.0760869565217,492.20652173913044,2024Q4,expanding_prior_same_quarter_matched_industries,"[""2022Q4"", ""2023Q4"", ""2024Q4""]",True,-29.53113109988097,ready,6,0.333333333333333,21,36116.0,392.5652173913044,"[""CS200005"", ""CS200016"", ""CS200017"", ""CS200019"", ""CS200024"", ""CS200037""]",6,-3.718909119991454,6,-20.243800101583375,6
2025Q4,1123064,50대,B_여가운동,3,1,False,461.6304347826087,453.5507246376812,440.79347826086956,2024Q4,expanding_prior_same_quarter_matched_industries,"[""2022Q4"", ""2023Q4"", ""2024Q4""]",True,-2.882249560632699,ready,6,0.476190476190476,21,40524.0,440.4782608695652,"[""CS200005"", ""CS200016"", ""CS200017"", ""CS200019"", ""CS200024"", ""CS200037""]",6,-6.103155845961361,6,-3.873615295206012,6
2025Q4,1123064,60대이상,B_여가운동,3,1,True,162.79347826086956,138.41666666666666,104.94565217391305,2024Q4,expanding_prior_same_quarter_matched_industries,"[""2022Q4"", ""2023Q4"", ""2024Q4""]",False,23.296599743475667,ready,6,0.571428571428571,21,15701.0,170.66304347826087,"[""CS200005"", ""CS200016"", ""CS200017"", ""CS200019"", ""CS200024"", ""CS200037""]",6,-5.118443316412858,6,15.695232481025712,6
2025Q4,1123064,10대,C_대면생활서비스,3,1,False,14.706521739130435,14.264492753623188,13.717391304347826,2024Q4,expanding_prior_same_quarter_matched_industries,"[""2022Q4"", ""2023Q4"", ""2024Q4""]",True,-16.256032512065023,ready,4,0.571428571428571,21,1099.0,11.945652173913043,"[""CS200028"", ""CS200029"", ""CS200030"", ""CS200031""]",4,-1.523297491039433,4,-18.77309682187732,4
2025Q4,1123064,20대,C_대면생활서비스,3,1,False,464.30434782608694,380.8840579710145,316.9782608695652,2024Q4,expanding_prior_same_quarter_matched_industries,"[""2022Q4"", ""2023Q4"", ""2024Q4""]",True,-19.349530078764133,ready,4,0.454545454545454,22,28261.0,307.1847826086956,"[""CS200028"", ""CS200029"", ""CS200030"", ""CS200031""]",4,-0.356110288414091,4,-3.089637199094708,4
2025Q4,1123064,30대,C_대면생활서비스,3,1,False,516.9891304347826,471.9057971014493,429.6630434782609,2024Q4,expanding_prior_same_quarter_matched_industries,"[""2022Q4"", ""2023Q4"", ""2024Q4""]",True,-12.447983047464039,ready,4,0.5,22,38011.0,413.1630434782609,"[""CS200028"", ""CS200029"", ""CS200030"", ""CS200031""]",4,-10.698931046634563,4,-3.840218573705378,4
2025Q4,1123064,40대,C_대면생활서비스,3,1,False,288.85869565217394,256.40942028985506,228.20652173913044,2024Q4,expanding_prior_same_quarter_matched_industries,"[""2022Q4"", ""2023Q4"", ""2024Q4""]",False,-9.12970368381636,ready,4,0.772727272727273,22,21436.0,233.0,"[""CS200028"", ""CS200029"", ""CS200030"", ""CS200031""]",4,-4.639886115930425,4,2.100500119075965,4
2025Q4,1123064,50대,C_대면생활서비스,3,1,False,211.5108695652174,208.3768115942029,206.15217391304347,2024Q4,expanding_prior_same_quarter_matched_industries,"[""2022Q4"", ""2023Q4"", ""2024Q4""]",True,-1.2814716928641,ready,4,0.636363636363636,22,18925.0,205.70652173913044,"[""CS200028"", ""CS200029"", ""CS200030"", ""CS200031""]",4,-6.524745628766171,4,-2.744231461020608,4
2025Q4,1123064,60대이상,C_대면생활서비스,3,1,True,98.70652173913044,98.17028985507245,97.3804347826087,2024Q4,expanding_prior_same_quarter_matched_industries,"[""2022Q4"", ""2023Q4"", ""2024Q4""]",False,1.121978224764719,ready,4,0.136363636363636,22,9133.0,99.27173913043478,"[""CS200028"", ""CS200029"", ""CS200030"", ""CS200031""]",4,-3.252118644067792,4,1.942181046991842,4
2025Q4,1123064,10대,D_생활필수,3,1,False,1258.7608695652175,1196.322463768116,1118.6847826086957,2024Q4,expanding_prior_same_quarter_matched_industries,"[""2022Q4"", ""2023Q4"", ""2024Q4""]",False,-1.422535851113771,ready,5,0.904761904761905,21,108496.0,1179.304347826087,"[""CS300001"", ""CS300002"", ""CS300007"", ""CS300009"", ""CS300010""]",5,-21.4781469606942,5,-2.659249955140852,5
2025Q4,1123064,20대,D_생활필수,3,1,False,31081.619565217392,28499.119565217392,25975.608695652172,2024Q4,expanding_prior_same_quarter_matched_industries,"[""2022Q4"", ""2023Q4"", ""2024Q4""]",True,-23.671135530884058,ready,5,0.761904761904762,21,2001281.0,21753.054347826088,"[""CS300001"", ""CS300002"", ""CS300007"", ""CS300009"", ""CS300010""]",5,-13.739152098633035,5,-16.255843692828886,5
2025Q4,1123064,30대,D_생활필수,3,1,False,34942.52173913043,33493.061594202896,32071.891304347828,2024Q4,expanding_prior_same_quarter_matched_industries,"[""2022Q4"", ""2023Q4"", ""2024Q4""]",True,-4.309804593964683,ready,5,0.80952380952381,21,2948561.0,32049.57608695652,"[""CS300001"", ""CS300002"", ""CS300007"", ""CS300009"", ""CS300010""]",5,-14.524429679426143,5,-4.22891171410299,5
2025Q4,1123064,40대,D_생활필수,3,1,False,17710.391304347828,17280.72463768116,16984.369565217392,2024Q4,expanding_prior_same_quarter_matched_industries,"[""2022Q4"", ""2023Q4"", ""2024Q4""]",True,-8.535437825507186,ready,5,0.476190476190476,21,1454128.0,15805.739130434782,"[""CS300001"", ""CS300002"", ""CS300007"", ""CS300009"", ""CS300010""]",5,-17.013526061108962,5,-7.824351752894653,5
2025Q4,1123064,50대,D_생활필수,3,1,False,12306.271739130434,11941.69927536232,11552.141304347826,2024Q4,expanding_prior_same_quarter_matched_industries,"[""2022Q4"", ""2023Q4"", ""2024Q4""]",True,-3.434014713391664,ready,5,0.380952380952381,21,1060909.0,11531.619565217392,"[""CS300001"", ""CS300002"", ""CS300007"", ""CS300009"", ""CS300010""]",5,-17.6613986655501,5,-6.294775463553837,5
2025Q4,1123064,60대이상,D_생활필수,3,1,True,6569.130434782609,6207.855072463768,5791.576086956522,2024Q4,expanding_prior_same_quarter_matched_industries,"[""2022Q4"", ""2023Q4"", ""2024Q4""]",False,11.514922655261461,ready,5,0.428571428571429,21,636887.0,6922.684782608696,"[""CS300001"", ""CS300002"", ""CS300007"", ""CS300009"", ""CS300010""]",5,-14.838056626025942,5,5.382057052088163,5
2025Q4,1123064,10대,E_의료건강,3,1,False,87.76086956521739,83.91304347826087,80.17391304347827,2024Q4,expanding_prior_same_quarter_matched_industries,"[""2022Q4"", ""2023Q4"", ""2024Q4""]",True,-8.005181347150259,ready,5,0.8,20,7102.0,77.19565217391305,"[""CS200006"", ""CS200007"", ""CS200008"", ""CS300018"", ""CS300019""]",5,6.796992481203024,5,-7.885862516212705,5
2025Q4,1123064,20대,E_의료건강,3,1,False,4237.663043478261,3841.1920289855075,3301.445652173913,2024Q4,expanding_prior_same_quarter_matched_industries,"[""2022Q4"", ""2023Q4"", ""2024Q4""]",True,-22.834755590853916,ready,5,0.714285714285714,21,272694.0,2964.0652173913045,"[""CS200006"", ""CS200007"", ""CS200008"", ""CS300018"", ""CS300019""]",5,-5.603345322122255,5,-10.219172760286167,5
2025Q4,1123064,30대,E_의료건강,3,1,False,5574.70652173913,5352.489130434783,5220.771739130435,2024Q4,expanding_prior_same_quarter_matched_industries,"[""2022Q4"", ""2023Q4"", ""2024Q4""]",True,-6.948209792680782,ready,5,0.857142857142857,21,458214.0,4980.586956521739,"[""CS200006"", ""CS200007"", ""CS200008"", ""CS300018"", ""CS300019""]",5,-2.916854703896976,5,-5.347828871128668,5
2025Q4,1123064,40대,E_의료건강,3,1,False,3443.1304347826085,3344.3985507246375,3245.663043478261,2024Q4,expanding_prior_same_quarter_matched_industries,"[""2022Q4"", ""2023Q4"", ""2024Q4""]",True,-4.423901526887919,ready,5,0.904761904761905,21,294073.0,3196.445652173913,"[""CS200006"", ""CS200007"", ""CS200008"", ""CS300018"", ""CS300019""]",5,0.224255746979529,5,-4.424005070120418,5
2025Q4,1123064,50대,E_의료건강,3,1,False,2921.478260869565,2872.213768115942,2832.9891304347825,2024Q4,expanding_prior_same_quarter_matched_industries,"[""2022Q4"", ""2023Q4"", ""2024Q4""]",False,-1.286943490288639,ready,5,0.857142857142857,21,260843.0,2835.25,"[""CS200006"", ""CS200007"", ""CS200008"", ""CS300018"", ""CS300019""]",5,0.877114956975733,5,0.079805091411367,5
2025Q4,1123064,60대이상,E_의료건강,3,1,True,2322.9239130434785,2225.5652173913045,2110.532608695652,2024Q4,expanding_prior_same_quarter_matched_industries,"[""2022Q4"", ""2023Q4"", ""2024Q4""]",False,13.797179026334284,ready,5,0.904761904761905,21,233002.0,2532.6304347826085,"[""CS200006"", ""CS200007"", ""CS200008"", ""CS300018"", ""CS300019""]",5,2.705133008617433,5,9.027696540622987,5
2025Q4,1123065,10대,A_외식카페,3,1,False,98.05434782608695,86.01449275362319,76.8913043478261,2024Q4,expanding_prior_same_quarter_matched_industries,"[""2022Q4"", ""2023Q4"", ""2024Q4""]",True,-18.13816343723672,ready,10,0.727272727272727,22,6478.0,70.41304347826087,"[""CS100001"", ""CS100002"", ""CS100003"", ""CS100004"", ""CS100005"", ""CS100006"", ""CS100007"", ""CS100008"", ""CS100009"", ""CS100010""]",10,-4.552821570649767,10,-8.425219112242011,10
2025Q4,1123065,20대,A_외식카페,3,1,False,3518.717391304348,2947.5434782608695,2366.3695652173915,2024Q4,expanding_prior_same_quarter_matched_industries,"[""2022Q4"", ""2023Q4"", ""2024Q4""]",True,-30.5394322464543,ready,10,0.545454545454545,22,188359.0,2047.3804347826087,"[""CS100001"", ""CS100002"", ""CS100003"", ""CS100004"", ""CS100005"", ""CS100006"", ""CS100007"", ""CS100008"", ""CS100009"", ""CS100010""]",10,-9.051886473593228,10,-13.480106198267395,10
2025Q4,1123065,30대,A_외식카페,3,1,False,5272.815217391304,5023.815217391304,4582.728260869565,2024Q4,expanding_prior_same_quarter_matched_industries,"[""2022Q4"", ""2023Q4"", ""2024Q4""]",False,-5.083179897488266,ready,10,0.863636363636364,22,438697.0,4768.445652173913,"[""CS100001"", ""CS100002"", ""CS100003"", ""CS100004"", ""CS100005"", ""CS100006"", ""CS100007"", ""CS100008"", ""CS100009"", ""CS100010""]",10,-9.052895628828795,10,4.052550811055688,10
2025Q4,1123065,40대,A_외식카페,3,1,False,4759.130434782609,4430.586956521739,4036.086956521739,2024Q4,expanding_prior_same_quarter_matched_industries,"[""2022Q4"", ""2023Q4"", ""2024Q4""]",True,-12.673264411919117,ready,10,0.318181818181818,22,355956.0,3869.086956521739,"[""CS100001"", ""CS100002"", ""CS100003"", ""CS100004"", ""CS100005"", ""CS100006"", ""CS100007"", ""CS100008"", ""CS100009"", ""CS100010""]",10,-11.274514691366655,10,-4.137671011526445,10
2025Q4,1123065,50대,A_외식카페,3,1,False,3107.086956521739,2894.6992753623185,2745.467391304348,2024Q4,expanding_prior_same_quarter_matched_industries,"[""2022Q4"", ""2023Q4"", ""2024Q4""]",False,3.14355199471299,ready,10,0.636363636363636,22,274684.0,2985.695652173913,"[""CS100001"", ""CS100002"", ""CS100003"", ""CS100004"", ""CS100005"", ""CS100006"", ""CS100007"", ""CS100008"", ""CS100009"", ""CS100010""]",10,-6.364962707427157,10,8.749995051131698,10
2025Q4,1123065,60대이상,A_외식카페,3,1,False,1780.9130434782608,1566.108695652174,1429.0434782608695,2024Q4,expanding_prior_same_quarter_matched_industries,"[""2022Q4"", ""2023Q4"", ""2024Q4""]",False,1.792729140350624,ready,10,0.181818181818182,22,146665.0,1594.1847826086957,"[""CS100001"", ""CS100002"", ""CS100003"", ""CS100004"", ""CS100005"", ""CS100006"", ""CS100007"", ""CS100008"", ""CS100009"", ""CS100010""]",10,-5.238639814437906,10,7.109471992989125,10
2025Q4,1123065,10대,B_여가운동,3,1,False,5.217391304347826,2.431159420289855,0.91304347826087,2024Q4,expanding_prior_same_quarter_matched_industries,"[""2022Q4"", ""2023Q4"", ""2024Q4""]",True,-97.7645305514158,ready,5,0.111111111111111,18,5.0,0.054347826086957,"[""CS200005"", ""CS200016"", ""CS200017"", ""CS200024"", ""CS200037""]",5,-89.13043478260869,5,-95.32710280373831,5
2025Q4,1123065,20대,B_여가운동,3,1,False,23.73913043478261,18.42753623188406,11.83695652173913,2024Q4,expanding_prior_same_quarter_matched_industries,"[""2022Q4"", ""2023Q4"", ""2024Q4""]",True,-44.78961856075501,ready,5,0.31578947368421,19,936.0,10.173913043478262,"[""CS200005"", ""CS200016"", ""CS200017"", ""CS200024"", ""CS200037""]",5,-18.11023622047244,5,-14.049586776859503,5
2025Q4,1123065,30대,B_여가운동,3,1,False,67.6086956521739,55.54710144927535,44.30434782608695,2024Q4,expanding_prior_same_quarter_matched_industries,"[""2022Q4"", ""2023Q4"", ""2024Q4""]",True,-42.19555149696692,ready,5,0.238095238095238,21,2954.0,32.108695652173914,"[""CS200005"", ""CS200016"", ""CS200017"", ""CS200024"", ""CS200037""]",5,-20.93147751605996,5,-27.526987242394497,5
2025Q4,1123065,40대,B_여가운동,3,1,False,119.08695652173913,108.21739130434783,96.94565217391305,2024Q4,expanding_prior_same_quarter_matched_industries,"[""2022Q4"", ""2023Q4"", ""2024Q4""]",True,-18.511450381679385,ready,5,0.428571428571429,21,8113.0,88.18478260869566,"[""CS200005"", ""CS200016"", ""CS200017"", ""CS200024"", ""CS200037""]",5,-20.3279976431307,5,-18.813169218452906,5
2025Q4,1123065,50대,B_여가운동,3,1,False,74.6413043478261,66.55072463768117,53.21739130434783,2024Q4,expanding_prior_same_quarter_matched_industries,"[""2022Q4"", ""2023Q4"", ""2024Q4""]",False,0.822081881533077,ready,5,0.571428571428571,21,6173.0,67.09782608695652,"[""CS200005"", ""CS200016"", ""CS200017"", ""CS200024"", ""CS200037""]",5,-5.856336739362522,5,26.082516339869265,5
2025Q4,1123065,60대이상,B_여가운동,3,1,False,44.07608695652174,29.82246376811594,19.98913043478261,2024Q4,expanding_prior_same_quarter_matched_industries,"[""2022Q4"", ""2023Q4"", ""2024Q4""]",False,-13.837929777669789,ready,5,0.380952380952381,21,2364.0,25.695652173913043,"[""CS200005"", ""CS200016"", ""CS200017"", ""CS200024"", ""CS200037""]",5,-15.480872363246334,5,1.155327342747126,5
2025Q4,1123065,10대,C_대면생활서비스,3,1,False,4.043478260869565,2.304347826086957,1.271739130434783,2024Q4,expanding_prior_same_quarter_matched_industries,"[""2022Q4"", ""2023Q4"", ""2024Q4""]",False,22.64150943396226,ready,4,0.857142857142857,21,260.0,2.826086956521739,"[""CS200028"", ""CS200029"", ""CS200030"", ""CS200031""]",4,50.28901734104048,4,76.87074829931974,4
2025Q4,1123065,20대,C_대면생활서비스,3,1,False,33.04347826086956,29.69927536231884,25.065217391304348,2024Q4,expanding_prior_same_quarter_matched_industries,"[""2022Q4"", ""2023Q4"", ""2024Q4""]",True,-20.800292790045138,ready,4,0.409090909090909,22,2164.0,23.52173913043478,"[""CS200028"", ""CS200029"", ""CS200030"", ""CS200031""]",4,-1.502048247610377,4,-28.815789473684205,4
2025Q4,1123065,30대,C_대면생활서비스,3,1,False,59.95652173913044,57.07246376811594,52.52173913043478,2024Q4,expanding_prior_same_quarter_matched_industries,"[""2022Q4"", ""2023Q4"", ""2024Q4""]",False,-2.317166074149313,ready,4,0.681818181818182,22,5129.0,55.75,"[""CS200028"", ""CS200029"", ""CS200030"", ""CS200031""]",4,13.17299205648721,4,-5.088823094004447,4
2025Q4,1123065,40대,C_대면생활서비스,3,1,False,99.41304347826087,89.32971014492755,82.72826086956522,2024Q4,expanding_prior_same_quarter_matched_industries,"[""2022Q4"", ""2023Q4"", ""2024Q4""]",True,-12.987223686878934,ready,4,0.681818181818182,22,7151.0,77.72826086956522,"[""CS200028"", ""CS200029"", ""CS200030"", ""CS200031""]",4,-5.584895695801418,4,-6.043883852319009,4
2025Q4,1123065,50대,C_대면생활서비스,3,1,False,87.23913043478261,76.82608695652173,70.6195652173913,2024Q4,expanding_prior_same_quarter_matched_industries,"[""2022Q4"", ""2023Q4"", ""2024Q4""]",True,-19.156762874929257,ready,4,0.090909090909091,22,5714.0,62.108695652173914,"[""CS200028"", ""CS200029"", ""CS200030"", ""CS200031""]",4,-10.607008760951187,4,-14.473881155515633,4
2025Q4,1123065,60대이상,C_대면생활서비스,3,1,True,43.21739130434783,42.2608695652174,40.98913043478261,2024Q4,expanding_prior_same_quarter_matched_industries,"[""2022Q4"", ""2023Q4"", ""2024Q4""]",False,3.703703703703698,ready,4,0.272727272727273,22,4032.0,43.82608695652174,"[""CS200028"", ""CS200029"", ""CS200030"", ""CS200031""]",4,-2.866779089376048,4,6.921241050119331,4
2025Q4,1123065,10대,D_생활필수,3,1,False,309.54347826086956,273.42753623188406,226.7391304347826,2024Q4,expanding_prior_same_quarter_matched_industries,"[""2022Q4"", ""2023Q4"", ""2024Q4""]",True,-18.00148411205046,ready,7,0.571428571428571,21,20627.0,224.20652173913044,"[""CS300001"", ""CS300002"", ""CS300006"", ""CS300007"", ""CS300008"", ""CS300009"", ""CS300010""]",7,-2.854047944237736,7,-1.116970278044094,7
2025Q4,1123065,20대,D_생활필수,3,1,False,5893.836956521739,4907.793478260869,3928.4021739130435,2024Q4,expanding_prior_same_quarter_matched_industries,"[""2022Q4"", ""2023Q4"", ""2024Q4""]",True,-45.68930959410166,ready,7,0.095238095238095,21,245222.0,2665.4565217391305,"[""CS300001"", ""CS300002"", ""CS300006"", ""CS300007"", ""CS300008"", ""CS300009"", ""CS300010""]",7,-23.787531739396627,7,-32.14909258936453,7
2025Q4,1123065,30대,D_생활필수,3,1,False,8210.130434782608,7662.471014492753,6922.630434782609,2024Q4,expanding_prior_same_quarter_matched_industries,"[""2022Q4"", ""2023Q4"", ""2024Q4""]",True,-32.113084570856834,ready,7,0.047619047619048,21,478567.0,5201.815217391304,"[""CS300001"", ""CS300002"", ""CS300006"", ""CS300007"", ""CS300008"", ""CS300009"", ""CS300010""]",7,-19.157975465304467,7,-24.857822956214815,7
2025Q4,1123065,40대,D_생활필수,3,1,False,6482.478260869565,6076.923913043479,5501.04347826087,2024Q4,expanding_prior_same_quarter_matched_industries,"[""2022Q4"", ""2023Q4"", ""2024Q4""]",True,-19.98454595699699,ready,7,0.142857142857143,21,447348.0,4862.478260869565,"[""CS300001"", ""CS300002"", ""CS300006"", ""CS300007"", ""CS300008"", ""CS300009"", ""CS300010""]",7,-18.76399413812453,7,-11.608074357434173,7
2025Q4,1123065,50대,D_생활필수,3,1,False,3643.5652173913045,3316.0543478260865,3145.7391304347825,2024Q4,expanding_prior_same_quarter_matched_industries,"[""2022Q4"", ""2023Q4"", ""2024Q4""]",False,-4.802066363573765,ready,7,0.333333333333333,21,290427.0,3156.8152173913045,"[""CS300001"", ""CS300002"", ""CS300006"", ""CS300007"", ""CS300008"", ""CS300009"", ""CS300010""]",7,-18.55847316941852,7,-0.064690397949174,7
2025Q4,1123065,60대이상,D_생활필수,3,1,True,2036.0760869565217,1831.105072463768,1683.9673913043478,2024Q4,expanding_prior_same_quarter_matched_industries,"[""2022Q4"", ""2023Q4"", ""2024Q4""]",False,35.819029057055516,ready,7,0.80952380952381,21,228803.0,2486.9891304347825,"[""CS300001"", ""CS300002"", ""CS300006"", ""CS300007"", ""CS300008"", ""CS300009"", ""CS300010""]",7,-17.77011874299186,7,40.248619292513844,7
2025Q4,1123065,10대,E_의료건강,3,1,False,34.51086956521739,33.92391304347826,33.130434782608695,2024Q4,expanding_prior_same_quarter_matched_industries,"[""2022Q4"", ""2023Q4"", ""2024Q4""]",True,-41.813521307273305,ready,5,0.15,20,1816.0,19.73913043478261,"[""CS200006"", ""CS200007"", ""CS200008"", ""CS300018"", ""CS300019""]",5,-31.133864239666288,5,-42.1656050955414,5
2025Q4,1123065,20대,E_의료건강,3,1,False,1045.9565217391305,886.8369565217391,719.0217391304348,2024Q4,expanding_prior_same_quarter_matched_industries,"[""2022Q4"", ""2023Q4"", ""2024Q4""]",True,-28.5418377477356,ready,5,0.476190476190476,21,58302.0,633.7173913043479,"[""CS200006"", ""CS200007"", ""CS200008"", ""CS300018"", ""CS300019""]",5,-4.061214415007408,5,-11.863945578231283,5
2025Q4,1123065,30대,E_의료건강,3,1,False,1741.9782608695652,1572.9528985507247,1324.6739130434783,2024Q4,expanding_prior_same_quarter_matched_industries,"[""2022Q4"", ""2023Q4"", ""2024Q4""]",True,-24.504359243092587,ready,5,0.19047619047619,21,109251.0,1187.5108695652175,"[""CS200006"", ""CS200007"", ""CS200008"", ""CS300018"", ""CS300019""]",5,-10.411080223375723,5,-10.354476081069986,5
2025Q4,1123065,40대,E_의료건강,3,1,False,2117.391304347826,1917.9347826086957,1726.2065217391305,2024Q4,expanding_prior_same_quarter_matched_industries,"[""2022Q4"", ""2023Q4"", ""2024Q4""]",True,-26.496457920090677,ready,5,0.142857142857143,21,129697.0,1409.75,"[""CS200006"", ""CS200007"", ""CS200008"", ""CS300018"", ""CS300019""]",5,5.970259008088896,5,-18.332483266272494,5
2025Q4,1123065,50대,E_의료건강,3,1,False,1386.0217391304348,1301.6340579710145,1243.3478260869565,2024Q4,expanding_prior_same_quarter_matched_industries,"[""2022Q4"", ""2023Q4"", ""2024Q4""]",True,-8.695870018455064,ready,5,0.333333333333333,21,109337.0,1188.445652173913,"[""CS200006"", ""CS200007"", ""CS200008"", ""CS300018"", ""CS300019""]",5,2.463732803538621,5,-4.415672972689444,5
2025Q4,1123065,60대이상,E_의료건강,3,1,True,1146.304347826087,1130.6014492753623,1120.1847826086957,2024Q4,expanding_prior_same_quarter_matched_industries,"[""2022Q4"", ""2023Q4"", ""2024Q4""]",False,3.880838081564897,ready,5,0.619047619047619,21,108052.0,1174.4782608695652,"[""CS200006"", ""CS200007"", ""CS200008"", ""CS300018"", ""CS300019""]",5,4.714741198019134,5,4.368824194187138,5
2025Q4,1123066,10대,A_외식카페,3,1,False,74.70652173913044,64.14492753623189,46.65217391304348,2024Q4,expanding_prior_same_quarter_matched_industries,"[""2022Q4"", ""2023Q4"", ""2024Q4""]",True,-35.33664708540444,ready,10,0.272727272727273,22,3816.0,41.47826086956522,"[""CS100001"", ""CS100002"", ""CS100003"", ""CS100004"", ""CS100005"", ""CS100006"", ""CS100007"", ""CS100008"", ""CS100009"", ""CS100010""]",10,-5.427509293680299,10,-11.09040074557316,10
2025Q4,1123066,20대,A_외식카페,3,1,False,1034.195652173913,838.1014492753624,722.8260869565217,2024Q4,expanding_prior_same_quarter_matched_industries,"[""2022Q4"", ""2023Q4"", ""2024Q4""]",True,-26.123138909543663,ready,10,0.772727272727273,22,56963.0,619.1630434782609,"[""CS100001"", ""CS100002"", ""CS100003"", ""CS100004"", ""CS100005"", ""CS100006"", ""CS100007"", ""CS100008"", ""CS100009"", ""CS100010""]",10,-9.187577718968221,10,-14.341353383458644,10
2025Q4,1123066,30대,A_외식카페,3,1,False,1500.3804347826087,1436.7427536231883,1324.5434782608695,2024Q4,expanding_prior_same_quarter_matched_industries,"[""2022Q4"", ""2023Q4"", ""2024Q4""]",True,-9.023530984185735,ready,10,0.681818181818182,22,120253.0,1307.0978260869565,"[""CS100001"", ""CS100002"", ""CS100003"", ""CS100004"", ""CS100005"", ""CS100006"", ""CS100007"", ""CS100008"", ""CS100009"", ""CS100010""]",10,-9.16555250893214,10,-11.997980211931392,10
2025Q4,1123066,40대,A_외식카페,3,1,False,1492.6304347826087,1443.5108695652173,1407.4239130434783,2024Q4,expanding_prior_same_quarter_matched_industries,"[""2022Q4"", ""2023Q4"", ""2024Q4""]",True,-9.471171584979254,ready,10,0.545454545454545,22,120225.0,1306.7934782608695,"[""CS100001"", ""CS100002"", ""CS100003"", ""CS100004"", ""CS100005"", ""CS100006"", ""CS100007"", ""CS100008"", ""CS100009"", ""CS100010""]",10,-7.423806077033257,10,-12.450299296543898,10
2025Q4,1123066,50대,A_외식카페,3,1,False,1223.1739130434783,1119.4855072463768,1063.0,2024Q4,expanding_prior_same_quarter_matched_industries,"[""2022Q4"", ""2023Q4"", ""2024Q4""]",False,5.641501983960029,ready,10,0.818181818181818,22,108803.0,1182.641304347826,"[""CS100001"", ""CS100002"", ""CS100003"", ""CS100004"", ""CS100005"", ""CS100006"", ""CS100007"", ""CS100008"", ""CS100009"", ""CS100010""]",10,-4.864207893954509,10,-3.313724096257076,10
2025Q4,1123066,60대이상,A_외식카페,3,1,True,958.9673913043479,835.4384057971015,739.5978260869565,2024Q4,expanding_prior_same_quarter_matched_industries,"[""2022Q4"", ""2023Q4"", ""2024Q4""]",False,31.368152623156288,ready,10,0.863636363636364,22,100970.0,1097.5,"[""CS100001"", ""CS100002"", ""CS100003"", ""CS100004"", ""CS100005"", ""CS100006"", ""CS100007"", ""CS100008"", ""CS100009"", ""CS100010""]",10,-4.390807427537946,10,14.446018702181917,10
2025Q4,1123066,10대,B_여가운동,3,1,True,0.0,0.0,0.0,2024Q4,expanding_prior_same_quarter_matched_industries,"[""2022Q4"", ""2023Q4"", ""2024Q4""]",False,,ready,4,,0,14.0,0.152173913043478,"[""CS200005"", ""CS200017"", ""CS200024""]",3,-43.99999999999999,3,,3
2025Q4,1123066,20대,B_여가운동,3,1,False,9.641304347826088,7.862318840579711,4.869565217391305,2024Q4,expanding_prior_same_quarter_matched_industries,"[""2022Q4"", ""2023Q4"", ""2024Q4""]",False,12.534562211981548,ready,4,0.842105263157895,19,814.0,8.847826086956522,"[""CS200005"", ""CS200017"", ""CS200024""]",3,29.824561403508774,3,81.69642857142856,3
2025Q4,1123066,30대,B_여가운동,3,1,False,31.054347826086957,21.51086956521739,15.804347826086957,2024Q4,expanding_prior_same_quarter_matched_industries,"[""2022Q4"", ""2023Q4"", ""2024Q4""]",False,1.667508842849918,ready,4,0.714285714285714,21,2012.0,21.869565217391305,"[""CS200005"", ""CS200017"", ""CS200024""]",3,-2.613746369796699,3,23.739237392373912,3
2025Q4,1123066,40대,B_여가운동,3,1,False,40.18478260869565,33.98913043478261,28.815217391304348,2024Q4,expanding_prior_same_quarter_matched_industries,"[""2022Q4"", ""2023Q4"", ""2024Q4""]",True,-41.829229293252325,ready,4,0.142857142857143,21,1819.0,19.77173913043478,"[""CS200005"", ""CS200017"", ""CS200024""]",3,-29.24931933099961,3,-31.384383251603175,3
2025Q4,1123066,50대,B_여가운동,3,1,False,37.73913043478261,35.221014492753625,30.5,2024Q4,expanding_prior_same_quarter_matched_industries,"[""2022Q4"", ""2023Q4"", ""2024Q4""]",True,-24.4522168501183,ready,4,0.142857142857143,21,2448.0,26.608695652173914,"[""CS200005"", ""CS200017"", ""CS200024""]",3,6.852902662592775,3,-12.758374910905202,3
2025Q4,1123066,60대이상,B_여가운동,3,1,True,24.684782608695652,19.52173913043478,13.380434782608695,2024Q4,expanding_prior_same_quarter_matched_industries,"[""2022Q4"", ""2023Q4"", ""2024Q4""]",False,34.79955456570156,ready,4,0.619047619047619,21,2421.0,26.315217391304348,"[""CS200005"", ""CS200017"", ""CS200024""]",3,40.26651216685979,3,6.605019815059454,3
2025Q4,1123066,10대,C_대면생활서비스,3,1,False,1.771739130434783,1.481884057971014,1.184782608695652,2024Q4,expanding_prior_same_quarter_matched_industries,"[""2022Q4"", ""2023Q4"", ""2024Q4""]",True,-30.317848410757954,ready,4,0.380952380952381,21,95.0,1.032608695652174,"[""CS200028"", ""CS200029"", ""CS200030"", ""CS200031""]",4,-30.147058823529417,4,-30.65693430656935,4
2025Q4,1123066,20대,C_대면생활서비스,3,1,False,23.380434782608695,18.365942028985508,12.217391304347826,2024Q4,expanding_prior_same_quarter_matched_industries,"[""2022Q4"", ""2023Q4"", ""2024Q4""]",True,-36.4371670941014,ready,4,0.181818181818182,22,1074.0,11.673913043478262,"[""CS200028"", ""CS200029"", ""CS200030"", ""CS200031""]",4,0.845070422535232,4,-4.448398576512447,4
2025Q4,1123066,30대,C_대면생활서비스,3,1,False,63.45652173913044,49.39492753623188,35.94565217391305,2024Q4,expanding_prior_same_quarter_matched_industries,"[""2022Q4"", ""2023Q4"", ""2024Q4""]",True,-35.370057947627075,ready,4,0.181818181818182,22,2937.0,31.92391304347826,"[""CS200028"", ""CS200029"", ""CS200030"", ""CS200031""]",4,2.156521739130435,4,-11.188388267311765,4
2025Q4,1123066,40대,C_대면생활서비스,3,1,False,114.45652173913044,101.46739130434783,91.8913043478261,2024Q4,expanding_prior_same_quarter_matched_industries,"[""2022Q4"", ""2023Q4"", ""2024Q4""]",True,-20.214247455811464,ready,4,0.409090909090909,22,7448.0,80.95652173913044,"[""CS200028"", ""CS200029"", ""CS200030"", ""CS200031""]",4,-7.340134361781525,4,-11.899692453276556,4
2025Q4,1123066,50대,C_대면생활서비스,3,1,False,114.66304347826087,105.85507246376812,97.57608695652173,2024Q4,expanding_prior_same_quarter_matched_industries,"[""2022Q4"", ""2023Q4"", ""2024Q4""]",False,-0.458652792990155,ready,4,0.681818181818182,22,9694.0,105.3695652173913,"[""CS200028"", ""CS200029"", ""CS200030"", ""CS200031""]",4,1.977698295813157,4,7.987078088448252,4
2025Q4,1123066,60대이상,C_대면생활서비스,3,1,True,61.858695652173914,60.51449275362319,58.858695652173914,2024Q4,expanding_prior_same_quarter_matched_industries,"[""2022Q4"", ""2023Q4"", ""2024Q4""]",False,5.885522691893175,ready,4,0.318181818181818,22,5895.0,64.07608695652173,"[""CS200028"", ""CS200029"", ""CS200030"", ""CS200031""]",4,6.465595087592568,4,3.584607274644158,4
2025Q4,1123066,10대,D_생활필수,3,1,False,204.67391304347825,168.01086956521738,121.04347826086956,2024Q4,expanding_prior_same_quarter_matched_industries,"[""2022Q4"", ""2023Q4"", ""2024Q4""]",False,-19.615708093420448,ready,4,0.523809523809524,21,12425.0,135.05434782608697,"[""CS300001"", ""CS300002"", ""CS300009"", ""CS300010""]",4,-16.93408209653696,4,11.575071839080465,4
2025Q4,1123066,20대,D_생활필수,3,1,False,2019.9130434782608,1652.9710144927537,1339.1630434782608,2024Q4,expanding_prior_same_quarter_matched_industries,"[""2022Q4"", ""2023Q4"", ""2024Q4""]",True,-28.064968655473244,ready,4,0.523809523809524,21,109394.0,1189.0652173913043,"[""CS300001"", ""CS300002"", ""CS300009"", ""CS300010""]",4,-9.392548909172238,4,-11.20833096596674,4
2025Q4,1123066,30대,D_생활필수,3,1,False,2925.6739130434785,2747.963768115942,2505.8695652173915,2024Q4,expanding_prior_same_quarter_matched_industries,"[""2022Q4"", ""2023Q4"", ""2024Q4""]",True,-9.684509478691739,ready,4,0.619047619047619,21,228329.0,2481.836956521739,"[""CS300001"", ""CS300002"", ""CS300009"", ""CS300010""]",4,-10.977640017934775,4,-0.959052658974591,4
2025Q4,1123066,40대,D_생활필수,3,1,False,3120.8695652173915,2955.9855072463765,2785.228260869565,2024Q4,expanding_prior_same_quarter_matched_industries,"[""2022Q4"", ""2023Q4"", ""2024Q4""]",True,-11.352304094370048,ready,4,0.333333333333333,21,241078.0,2620.413043478261,"[""CS300001"", ""CS300002"", ""CS300009"", ""CS300010""]",4,-13.188237751258535,4,-5.917476125990751,4
2025Q4,1123066,50대,D_생활필수,3,1,False,2633.086956521739,2557.123188405797,2517.641304347826,2024Q4,expanding_prior_same_quarter_matched_industries,"[""2022Q4"", ""2023Q4"", ""2024Q4""]",True,-8.439482774744034,ready,4,0.142857142857143,21,215401.0,2341.3152173913045,"[""CS300001"", ""CS300002"", ""CS300009"", ""CS300010""]",4,-7.650720698318503,4,-7.114304072031352,4
2025Q4,1123066,60대이상,D_생활필수,3,1,True,2353.9565217391305,2178.1268115942025,1994.5434782608695,2024Q4,expanding_prior_same_quarter_matched_industries,"[""2022Q4"", ""2023Q4"", ""2024Q4""]",False,16.440798918097087,ready,4,0.571428571428571,21,233333.0,2536.228260869565,"[""CS300001"", ""CS300002"", ""CS300009"", ""CS300010""]",4,14.072491542327459,4,16.02776714188392,4
2025Q4,1123066,10대,E_의료건강,3,1,False,27.956521739130434,23.3804347826087,18.956521739130434,2024Q4,expanding_prior_same_quarter_matched_industries,"[""2022Q4"", ""2023Q4"", ""2024Q4""]",False,0.325430032542995,ready,5,0.9,20,2158.0,23.456521739130434,"[""CS200006"", ""CS200007"", ""CS200008"", ""CS300018"", ""CS300019""]",5,6.567901234567897,5,23.738532110091736,5
2025Q4,1123066,20대,E_의료건강,3,1,False,575.2173913043479,546.0289855072464,497.35869565217394,2024Q4,expanding_prior_same_quarter_matched_industries,"[""2022Q4"", ""2023Q4"", ""2024Q4""]",True,-20.622544856141843,ready,5,0.80952380952381,21,39875.0,433.42391304347825,"[""CS200006"", ""CS200007"", ""CS200008"", ""CS300018"", ""CS300019""]",5,-3.056014781678495,5,-12.854863736696032,5
2025Q4,1123066,30대,E_의료건강,3,1,False,1153.0760869565217,1088.927536231884,1013.2934782608696,2024Q4,expanding_prior_same_quarter_matched_industries,"[""2022Q4"", ""2023Q4"", ""2024Q4""]",True,-12.2730781516184,ready,5,0.666666666666667,21,87886.0,955.2826086956521,"[""CS200006"", ""CS200007"", ""CS200008"", ""CS300018"", ""CS300019""]",5,-0.14543140863954,5,-5.724982032331082,5
2025Q4,1123066,40대,E_의료건강,3,1,False,1571.5108695652175,1478.5108695652173,1399.9130434782608,2024Q4,expanding_prior_same_quarter_matched_industries,"[""2022Q4"", ""2023Q4"", ""2024Q4""]",True,-13.891033134102315,ready,5,0.476190476190476,21,117128.0,1273.1304347826087,"[""CS200006"", ""CS200007"", ""CS200008"", ""CS300018"", ""CS300019""]",5,5.830585046306758,5,-13.04399471410117,5
2025Q4,1123066,50대,E_의료건강,3,1,False,1263.445652173913,1204.5,1155.2608695652175,2024Q4,expanding_prior_same_quarter_matched_industries,"[""2022Q4"", ""2023Q4"", ""2024Q4""]",False,-1.895067410255025,ready,5,0.80952380952381,21,108714.0,1181.6739130434783,"[""CS200006"", ""CS200007"", ""CS200008"", ""CS300018"", ""CS300019""]",5,0.509416343851399,5,-6.472121613599802,5
2025Q4,1123066,60대이상,E_의료건강,3,1,False,1682.6739130434783,1610.7101449275362,1564.1521739130435,2024Q4,expanding_prior_same_quarter_matched_industries,"[""2022Q4"", ""2023Q4"", ""2024Q4""]",False,3.795022449365204,ready,5,0.571428571428571,21,153809.0,1671.8369565217392,"[""CS200006"", ""CS200007"", ""CS200008"", ""CS300018"", ""CS300019""]",5,-2.688253679029207,5,-0.644031885069052,5
2025Q4,1123067,10대,A_외식카페,3,1,False,61.20652173913044,54.31884057971015,48.48913043478261,2024Q4,expanding_prior_same_quarter_matched_industries,"[""2022Q4"", ""2023Q4"", ""2024Q4""]",True,-24.279615795090727,ready,10,0.590909090909091,22,3784.0,41.130434782608695,"[""CS100001"", ""CS100002"", ""CS100003"", ""CS100004"", ""CS100005"", ""CS100006"", ""CS100007"", ""CS100008"", ""CS100009"", ""CS100010""]",10,4.761904761904767,10,-22.775510204081627,10
2025Q4,1123067,20대,A_외식카페,3,1,False,1531.1847826086957,1321.8079710144928,1149.8260869565217,2024Q4,expanding_prior_same_quarter_matched_industries,"[""2022Q4"", ""2023Q4"", ""2024Q4""]",True,-27.840107011970318,ready,10,0.727272727272727,22,87751.0,953.8152173913044,"[""CS100001"", ""CS100002"", ""CS100003"", ""CS100004"", ""CS100005"", ""CS100006"", ""CS100007"", ""CS100008"", ""CS100009"", ""CS100010""]",10,-6.44882729211087,10,-17.047001436890262,10
2025Q4,1123067,30대,A_외식카페,3,1,False,2228.8260869565215,2134.673913043478,2025.3478260869565,2024Q4,expanding_prior_same_quarter_matched_industries,"[""2022Q4"", ""2023Q4"", ""2024Q4""]",True,-12.207342532715504,ready,10,0.409090909090909,22,172416.0,1874.0869565217392,"[""CS100001"", ""CS100002"", ""CS100003"", ""CS100004"", ""CS100005"", ""CS100006"", ""CS100007"", ""CS100008"", ""CS100009"", ""CS100010""]",10,-3.259363164539197,10,-7.468389755919535,10
2025Q4,1123067,40대,A_외식카페,3,1,False,1787.9021739130435,1766.3442028985507,1726.804347826087,2024Q4,expanding_prior_same_quarter_matched_industries,"[""2022Q4"", ""2023Q4"", ""2024Q4""]",True,-6.755334751420994,ready,10,0.590909090909091,22,151526.0,1647.0217391304348,"[""CS100001"", ""CS100002"", ""CS100003"", ""CS100004"", ""CS100005"", ""CS100006"", ""CS100007"", ""CS100008"", ""CS100009"", ""CS100010""]",10,0.34767981668995,10,-4.620245993478789,10
2025Q4,1123067,50대,A_외식카페,3,1,False,1484.6521739130435,1443.7717391304348,1375.5326086956522,2024Q4,expanding_prior_same_quarter_matched_industries,"[""2022Q4"", ""2023Q4"", ""2024Q4""]",False,0.217576245793394,ready,10,0.5,22,133116.0,1446.9130434782608,"[""CS100001"", ""CS100002"", ""CS100003"", ""CS100004"", ""CS100005"", ""CS100006"", ""CS100007"", ""CS100008"", ""CS100009"", ""CS100010""]",10,-6.097629796839732,10,-2.541950976659746,10
2025Q4,1123067,60대이상,A_외식카페,3,1,True,1264.0869565217392,1181.8659420289855,1093.3152173913043,2024Q4,expanding_prior_same_quarter_matched_industries,"[""2022Q4"", ""2023Q4"", ""2024Q4""]",False,20.062539278652338,ready,10,0.681818181818182,22,130546.0,1418.9782608695652,"[""CS100001"", ""CS100002"", ""CS100003"", ""CS100004"", ""CS100005"", ""CS100006"", ""CS100007"", ""CS100008"", ""CS100009"", ""CS100010""]",10,1.346147874421644,10,12.25321593176032,10
2025Q4,1123067,10대,B_여가운동,3,1,True,1.228260869565217,0.967391304347826,0.619565217391304,2024Q4,expanding_prior_same_quarter_matched_industries,"[""2022Q4"", ""2023Q4"", ""2024Q4""]",False,148.31460674157304,ready,5,0.888888888888889,18,221.0,2.402173913043478,"[""CS200005"", ""CS200016"", ""CS200017"", ""CS200024"", ""CS200037""]",5,-27.302631578947377,5,127.83505154639174,5
2025Q4,1123067,20대,B_여가운동,3,1,False,34.0,26.6195652173913,20.956521739130434,2024Q4,expanding_prior_same_quarter_matched_industries,"[""2022Q4"", ""2023Q4"", ""2024Q4""]",True,-82.15598203348306,ready,5,0.052631578947368,19,437.0,4.75,"[""CS200005"", ""CS200016"", ""CS200017"", ""CS200024"", ""CS200037""]",5,-27.76859504132232,5,-77.33402489626556,5
2025Q4,1123067,30대,B_여가운동,3,1,False,62.82608695652174,58.06521739130435,51.65217391304348,2024Q4,expanding_prior_same_quarter_matched_industries,"[""2022Q4"", ""2023Q4"", ""2024Q4""]",True,-27.798577311868222,ready,5,0.380952380952381,21,3857.0,41.92391304347826,"[""CS200005"", ""CS200016"", ""CS200017"", ""CS200024"", ""CS200037""]",5,-24.1941823899371,5,-18.834175084175087,5
2025Q4,1123067,40대,B_여가운동,3,1,False,52.25,45.5108695652174,37.358695652173914,2024Q4,expanding_prior_same_quarter_matched_industries,"[""2022Q4"", ""2023Q4"", ""2024Q4""]",False,-15.786959636971588,ready,5,0.476190476190476,21,3526.0,38.32608695652174,"[""CS200005"", ""CS200016"", ""CS200017"", ""CS200024"", ""CS200037""]",5,-47.79389991116375,5,2.589467558917668,5
2025Q4,1123067,50대,B_여가운동,3,1,False,57.04347826086956,54.86231884057971,53.72826086956522,2024Q4,expanding_prior_same_quarter_matched_industries,"[""2022Q4"", ""2023Q4"", ""2024Q4""]",True,-9.833575485404833,ready,5,0.380952380952381,21,4551.0,49.46739130434783,"[""CS200005"", ""CS200016"", ""CS200017"", ""CS200024"", ""CS200037""]",5,-38.48337388483374,5,-7.93040663564637,5
2025Q4,1123067,60대이상,B_여가운동,3,1,False,64.18478260869566,46.83695652173913,36.369565217391305,2024Q4,expanding_prior_same_quarter_matched_industries,"[""2022Q4"", ""2023Q4"", ""2024Q4""]",True,-23.57855650963101,ready,5,0.142857142857143,21,3293.0,35.79347826086956,"[""CS200005"", ""CS200016"", ""CS200017"", ""CS200024"", ""CS200037""]",5,-53.52808354501835,5,-44.233700254022025,5
2025Q4,1123067,10대,C_대면생활서비스,3,1,False,2.402173913043478,2.003623188405797,1.304347826086957,2024Q4,expanding_prior_same_quarter_matched_industries,"[""2022Q4"", ""2023Q4"", ""2024Q4""]",False,-25.678119349005424,ready,3,0.476190476190476,21,137.0,1.489130434782609,"[""CS200028"", ""CS200030"", ""CS200031""]",3,95.71428571428568,3,14.16666666666666,3
2025Q4,1123067,20대,C_대면생활서비스,3,1,False,29.32608695652174,23.094202898550723,17.17391304347826,2024Q4,expanding_prior_same_quarter_matched_industries,"[""2022Q4"", ""2023Q4"", ""2024Q4""]",True,-50.815814245371826,ready,3,0.045454545454545,22,1045.0,11.358695652173912,"[""CS200028"", ""CS200030"", ""CS200031""]",3,-16.733067729083672,3,-33.86075949367089,3
2025Q4,1123067,30대,C_대면생활서비스,3,1,False,47.19565217391305,40.92391304347826,37.18478260869565,2024Q4,expanding_prior_same_quarter_matched_industries,"[""2022Q4"", ""2023Q4"", ""2024Q4""]",True,-25.790172642762276,ready,3,0.318181818181818,22,2794.0,30.369565217391305,"[""CS200028"", ""CS200030"", ""CS200031""]",3,-12.413793103448267,3,-20.89467723669309,3
2025Q4,1123067,40대,C_대면생활서비스,3,1,False,71.82608695652173,66.93478260869564,61.18478260869565,2024Q4,expanding_prior_same_quarter_matched_industries,"[""2022Q4"", ""2023Q4"", ""2024Q4""]",True,-15.55699902565767,ready,3,0.454545454545454,22,5200.0,56.52173913043478,"[""CS200028"", ""CS200030"", ""CS200031""]",3,-7.357919116337075,3,-7.621247113163965,3
2025Q4,1123067,50대,C_대면생활서비스,3,1,False,83.19565217391305,77.07246376811594,71.32608695652173,2024Q4,expanding_prior_same_quarter_matched_industries,"[""2022Q4"", ""2023Q4"", ""2024Q4""]",True,-10.770026325686343,ready,3,0.181818181818182,22,6327.0,68.77173913043478,"[""CS200028"", ""CS200030"", ""CS200031""]",3,-11.386554621848733,3,-3.581225236208474,3
2025Q4,1123067,60대이상,C_대면생활서비스,3,1,True,88.51086956521739,70.62681159420289,55.43478260869565,2024Q4,expanding_prior_same_quarter_matched_industries,"[""2022Q4"", ""2023Q4"", ""2024Q4""]",False,49.59216128866775,ready,3,0.954545454545455,22,9720.0,105.65217391304348,"[""CS200028"", ""CS200030"", ""CS200031""]",3,8.300835654596117,3,19.366326906545517,3
2025Q4,1123067,10대,D_생활필수,3,1,False,95.05434782608695,70.6123188405797,55.31521739130435,2024Q4,expanding_prior_same_quarter_matched_industries,"[""2022Q4"", ""2023Q4"", ""2024Q4""]",False,-3.991995484632349,ready,3,0.80952380952381,21,6237.0,67.79347826086956,"[""CS300001"", ""CS300002"", ""CS300010""]",3,9.594095940959413,3,22.558459422283338,3
2025Q4,1123067,20대,D_생활필수,3,1,False,1161.1630434782608,932.445652173913,795.2717391304348,2024Q4,expanding_prior_same_quarter_matched_industries,"[""2022Q4"", ""2023Q4"", ""2024Q4""]",True,-46.227195896718534,ready,3,0.047619047619048,21,46129.0,501.4021739130435,"[""CS300001"", ""CS300002"", ""CS300010""]",3,-18.30948501806332,3,-36.952094580742155,3
2025Q4,1123067,30대,D_생활필수,3,1,False,1794.5326086956522,1606.072463768116,1375.0326086956522,2024Q4,expanding_prior_same_quarter_matched_industries,"[""2022Q4"", ""2023Q4"", ""2024Q4""]",True,-29.890406879686694,ready,3,0.095238095238095,21,103593.0,1126.0108695652175,"[""CS300001"", ""CS300002"", ""CS300010""]",3,-14.295287576940884,3,-18.110242444843205,3
2025Q4,1123067,40대,D_생활필수,3,1,False,1852.6304347826087,1764.4710144927537,1719.695652173913,2024Q4,expanding_prior_same_quarter_matched_industries,"[""2022Q4"", ""2023Q4"", ""2024Q4""]",True,-15.860975699905955,ready,3,0.238095238095238,21,136584.0,1484.608695652174,"[""CS300001"", ""CS300002"", ""CS300010""]",3,-11.322910715213208,3,-13.670265213763798,3
2025Q4,1123067,50대,D_생활필수,3,1,False,1392.5434782608695,1365.894927536232,1332.391304347826,2024Q4,expanding_prior_same_quarter_matched_industries,"[""2022Q4"", ""2023Q4"", ""2024Q4""]",True,-5.822216681211834,ready,3,0.285714285714286,21,118346.0,1286.3695652173913,"[""CS300001"", ""CS300002"", ""CS300010""]",3,-8.60254083484574,3,-3.454070810899002,3
2025Q4,1123067,60대이상,D_생활필수,3,1,True,1103.9565217391305,964.5217391304349,842.5760869565217,2024Q4,expanding_prior_same_quarter_matched_industries,"[""2022Q4"", ""2023Q4"", ""2024Q4""]",False,21.51888748647672,ready,3,0.666666666666667,21,107831.0,1172.0760869565217,"[""CS300001"", ""CS300002"", ""CS300010""]",3,-7.549919836758489,3,6.170493481942407,3
2025Q4,1123067,10대,E_의료건강,3,1,False,54.26086956521739,44.492753623188406,38.33695652173913,2024Q4,expanding_prior_same_quarter_matched_industries,"[""2022Q4"", ""2023Q4"", ""2024Q4""]",True,-41.490228013029316,ready,5,0.2,20,2395.0,26.032608695652176,"[""CS200006"", ""CS200007"", ""CS200008"", ""CS300018"", ""CS300019""]",5,-4.161664665866349,5,-32.095265097816835,5
2025Q4,1123067,20대,E_의료건강,3,1,False,443.04347826086956,395.6702898550725,364.57608695652175,2024Q4,expanding_prior_same_quarter_matched_industries,"[""2022Q4"", ""2023Q4"", ""2024Q4""]",True,-30.854814340002758,ready,5,0.285714285714286,21,25170.0,273.5869565217391,"[""CS200006"", ""CS200007"", ""CS200008"", ""CS300018"", ""CS300019""]",5,-6.970727380248376,5,-27.88792115516846,5
2025Q4,1123067,30대,E_의료건강,3,1,False,903.8913043478261,848.8442028985506,766.6304347826087,2024Q4,expanding_prior_same_quarter_matched_industries,"[""2022Q4"", ""2023Q4"", ""2024Q4""]",False,-3.433910560395415,ready,5,0.952380952380952,21,75412.0,819.695652173913,"[""CS200006"", ""CS200007"", ""CS200008"", ""CS300018"", ""CS300019""]",5,-3.450394971001325,5,-9.314798335698315,5
2025Q4,1123067,40대,E_의료건강,3,1,False,2350.6739130434785,2005.7608695652173,1604.6630434782608,2024Q4,expanding_prior_same_quarter_matched_industries,"[""2022Q4"", ""2023Q4"", ""2024Q4""]",False,0.141982333495916,ready,5,1.0,21,184792.0,2008.608695652174,"[""CS200006"", ""CS200007"", ""CS200008"", ""CS300018"", ""CS300019""]",5,14.062798980303581,5,-14.55179365769299,5
2025Q4,1123067,50대,E_의료건강,3,1,False,1502.0217391304348,1447.6630434782608,1346.7717391304348,2024Q4,expanding_prior_same_quarter_matched_industries,"[""2022Q4"", ""2023Q4"", ""2024Q4""]",False,-6.275481473138866,ready,5,0.428571428571429,21,124827.0,1356.8152173913043,"[""CS200006"", ""CS200007"", ""CS200008"", ""CS300018"", ""CS300019""]",5,-0.63205992628621,5,-9.194273493081928,5
2025Q4,1123067,60대이상,E_의료건강,3,1,True,1923.1521739130435,1774.945652173913,1549.8152173913043,2024Q4,expanding_prior_same_quarter_matched_industries,"[""2022Q4"", ""2023Q4"", ""2024Q4""]",False,12.530695979668716,ready,5,0.80952380952381,21,183757.0,1997.358695652174,"[""CS200006"", ""CS200007"", ""CS200008"", ""CS300018"", ""CS300019""]",5,13.100022773014587,5,3.858588142203123,5
2025Q4,1123068,10대,A_외식카페,3,1,False,0.08695652173913,0.028985507246377,0.0,2024Q4,expanding_prior_same_quarter_matched_industries,"[""2022Q4"", ""2023Q4"", ""2024Q4""]",False,-100.0,ready,1,0.045454545454545,22,0.0,0.0,"[""CS100001""]",1,,1,-100.0,1
2025Q4,1123068,20대,A_외식카페,3,1,False,0.08695652173913,0.028985507246377,0.0,2024Q4,expanding_prior_same_quarter_matched_industries,"[""2022Q4"", ""2023Q4"", ""2024Q4""]",False,-100.0,ready,1,0.045454545454545,22,0.0,0.0,"[""CS100001""]",1,,1,-100.0,1
2025Q4,1123068,30대,A_외식카페,3,1,False,1.16304347826087,0.38768115942029,0.0,2024Q4,expanding_prior_same_quarter_matched_industries,"[""2022Q4"", ""2023Q4"", ""2024Q4""]",False,115.88785046728974,ready,1,1.0,22,77.0,0.83695652173913,"[""CS100001""]",1,-38.4,1,-28.037383177570096,1
2025Q4,1123068,40대,A_외식카페,3,1,True,2.402173913043478,1.007246376811594,0.228260869565217,2024Q4,expanding_prior_same_quarter_matched_industries,"[""2022Q4"", ""2023Q4"", ""2024Q4""]",False,278.7769784172662,ready,1,1.0,22,351.0,3.815217391304348,"[""CS100001""]",1,7.668711656441718,1,58.82352941176472,1
2025Q4,1123068,50대,A_외식카페,3,1,False,2.630434782608696,1.557971014492754,1.021739130434783,2024Q4,expanding_prior_same_quarter_matched_industries,"[""2022Q4"", ""2023Q4"", ""2024Q4""]",False,20.697674418604617,ready,1,0.954545454545455,22,173.0,1.880434782608696,"[""CS100001""]",1,49.13793103448274,1,-28.512396694214882,1
2025Q4,1123068,60대이상,A_외식카페,3,1,True,2.891304347826087,0.989130434782609,0.0,2024Q4,expanding_prior_same_quarter_matched_industries,"[""2022Q4"", ""2023Q4"", ""2024Q4""]",False,606.5934065934065,ready,1,1.0,22,643.0,6.989130434782608,"[""CS100001""]",1,-14.380825565912115,1,141.7293233082707,1
2025Q4,1123068,10대,B_여가운동,0,0,,,,,,expanding_prior_same_quarter_matched_industries,[],,,insufficient_matched_same_quarter_history,0,,0,,,[],0,,0,,0
2025Q4,1123068,20대,B_여가운동,0,0,,,,,,expanding_prior_same_quarter_matched_industries,[],,,insufficient_matched_same_quarter_history,0,,0,,,[],0,,0,,0
2025Q4,1123068,30대,B_여가운동,0,0,,,,,,expanding_prior_same_quarter_matched_industries,[],,,insufficient_matched_same_quarter_history,0,,0,,,[],0,,0,,0
2025Q4,1123068,40대,B_여가운동,0,0,,,,,,expanding_prior_same_quarter_matched_industries,[],,,insufficient_matched_same_quarter_history,0,,0,,,[],0,,0,,0
2025Q4,1123068,50대,B_여가운동,0,0,,,,,,expanding_prior_same_quarter_matched_industries,[],,,insufficient_matched_same_quarter_history,0,,0,,,[],0,,0,,0
2025Q4,1123068,60대이상,B_여가운동,0,0,,,,,,expanding_prior_same_quarter_matched_industries,[],,,insufficient_matched_same_quarter_history,0,,0,,,[],0,,0,,0
2025Q4,1123068,10대,C_대면생활서비스,3,1,False,0.108695652173913,0.036231884057971,0.0,2024Q4,expanding_prior_same_quarter_matched_industries,"[""2022Q4"", ""2023Q4"", ""2024Q4""]",False,-100.0,ready,1,0.047619047619048,21,0.0,0.0,"[""CS200028""]",1,,1,-100.0,1
2025Q4,1123068,20대,C_대면생활서비스,3,1,False,0.923913043478261,0.445652173913043,0.108695652173913,2024Q4,expanding_prior_same_quarter_matched_industries,"[""2022Q4"", ""2023Q4"", ""2024Q4""]",False,2.439024390243905,ready,1,0.818181818181818,22,42.0,0.456521739130435,"[""CS200028""]",1,49.99999999999998,1,320.0,1
2025Q4,1123068,30대,C_대면생활서비스,3,1,False,1.402173913043478,1.003623188405797,0.673913043478261,2024Q4,expanding_prior_same_quarter_matched_industries,"[""2022Q4"", ""2023Q4"", ""2024Q4""]",True,-89.16967509025271,ready,1,0.045454545454545,22,10.0,0.108695652173913,"[""CS200028""]",1,-73.6842105263158,1,-83.87096774193549,1
2025Q4,1123068,40대,C_대면생활서비스,3,1,False,3.228260869565217,2.420289855072463,1.108695652173913,2024Q4,expanding_prior_same_quarter_matched_industries,"[""2022Q4"", ""2023Q4"", ""2024Q4""]",False,-40.7185628742515,ready,1,0.045454545454545,22,132.0,1.434782608695652,"[""CS200028""]",1,-19.512195121951216,1,29.411764705882337,1
2025Q4,1123068,50대,C_대면생활서비스,3,1,True,3.456521739130435,2.644927536231884,1.847826086956522,2024Q4,expanding_prior_same_quarter_matched_industries,"[""2022Q4"", ""2023Q4"", ""2024Q4""]",False,104.65753424657534,ready,1,1.0,22,498.0,5.413043478260869,"[""CS200028""]",1,0.0,1,56.603773584905646,1
2025Q4,1123068,60대이상,C_대면생활서비스,3,1,True,4.934782608695652,4.789855072463768,4.630434782608695,2024Q4,expanding_prior_same_quarter_matched_industries,"[""2022Q4"", ""2023Q4"", ""2024Q4""]",False,27.76096822995462,ready,1,0.818181818181818,22,563.0,6.119565217391305,"[""CS200028""]",1,31.235431235431243,1,27.37556561085974,1
2025Q4,1123068,10대,D_생활필수,0,0,,,,,,expanding_prior_same_quarter_matched_industries,[],,,insufficient_matched_same_quarter_history,1,,0,,,[],0,,1,,0
2025Q4,1123068,20대,D_생활필수,0,0,,,,,,expanding_prior_same_quarter_matched_industries,[],,,insufficient_matched_same_quarter_history,1,,0,,,[],0,,1,,0
2025Q4,1123068,30대,D_생활필수,0,0,,,,,,expanding_prior_same_quarter_matched_industries,[],,,insufficient_matched_same_quarter_history,1,,0,,,[],0,-100.0,1,,0
2025Q4,1123068,40대,D_생활필수,0,0,,,,,,expanding_prior_same_quarter_matched_industries,[],,,insufficient_matched_same_quarter_history,1,,0,,,[],0,,1,,0
2025Q4,1123068,50대,D_생활필수,0,0,,,,,,expanding_prior_same_quarter_matched_industries,[],,,insufficient_matched_same_quarter_history,1,,0,,,[],0,0.0,1,,0
2025Q4,1123068,60대이상,D_생활필수,0,0,,,,,,expanding_prior_same_quarter_matched_industries,[],,,insufficient_matched_same_quarter_history,1,,0,,,[],0,-76.28205128205127,1,,0
2025Q4,1123068,10대,E_의료건강,0,0,,,,,,expanding_prior_same_quarter_matched_industries,[],,,insufficient_matched_same_quarter_history,0,,0,,,[],0,,0,,0
2025Q4,1123068,20대,E_의료건강,0,0,,,,,,expanding_prior_same_quarter_matched_industries,[],,,insufficient_matched_same_quarter_history,0,,0,,,[],0,,0,,0
2025Q4,1123068,30대,E_의료건강,0,0,,,,,,expanding_prior_same_quarter_matched_industries,[],,,insufficient_matched_same_quarter_history,0,,0,,,[],0,,0,,0
2025Q4,1123068,40대,E_의료건강,0,0,,,,,,expanding_prior_same_quarter_matched_industries,[],,,insufficient_matched_same_quarter_history,0,,0,,,[],0,,0,,0
2025Q4,1123068,50대,E_의료건강,0,0,,,,,,expanding_prior_same_quarter_matched_industries,[],,,insufficient_matched_same_quarter_history,0,,0,,,[],0,,0,,0
2025Q4,1123068,60대이상,E_의료건강,0,0,,,,,,expanding_prior_same_quarter_matched_industries,[],,,insufficient_matched_same_quarter_history,0,,0,,,[],0,,0,,0
2025Q4,1123071,10대,A_외식카페,3,1,False,60.16304347826087,49.30072463768116,42.94565217391305,2024Q4,expanding_prior_same_quarter_matched_industries,"[""2022Q4"", ""2023Q4"", ""2024Q4""]",True,-41.46395237745277,ready,10,0.181818181818182,22,2655.0,28.858695652173914,"[""CS100001"", ""CS100002"", ""CS100003"", ""CS100004"", ""CS100005"", ""CS100006"", ""CS100007"", ""CS100008"", ""CS100009"", ""CS100010""]",10,-18.483266809947796,10,-32.80182232346242,10
2025Q4,1123071,20대,A_외식카페,3,1,False,656.1413043478261,527.9927536231884,424.9891304347826,2024Q4,expanding_prior_same_quarter_matched_industries,"[""2022Q4"", ""2023Q4"", ""2024Q4""]",True,-34.39674457543609,ready,10,0.363636363636364,22,31867.0,346.3804347826087,"[""CS100001"", ""CS100002"", ""CS100003"", ""CS100004"", ""CS100005"", ""CS100006"", ""CS100007"", ""CS100008"", ""CS100009"", ""CS100010""]",10,-11.219145261046426,10,-18.496636742627693,10
2025Q4,1123071,30대,A_외식카페,3,1,False,1105.25,976.2101449275364,889.6630434782609,2024Q4,expanding_prior_same_quarter_matched_industries,"[""2022Q4"", ""2023Q4"", ""2024Q4""]",False,-7.417029773525252,ready,10,0.772727272727273,22,83150.0,903.804347826087,"[""CS100001"", ""CS100002"", ""CS100003"", ""CS100004"", ""CS100005"", ""CS100006"", ""CS100007"", ""CS100008"", ""CS100009"", ""CS100010""]",10,-2.399229992722485,10,1.58951239477576,10
2025Q4,1123071,40대,A_외식카페,3,1,False,1213.5,1125.391304347826,1048.2826086956522,2024Q4,expanding_prior_same_quarter_matched_industries,"[""2022Q4"", ""2023Q4"", ""2024Q4""]",True,-12.059573481687524,ready,10,0.363636363636364,22,91050.0,989.6739130434783,"[""CS100001"", ""CS100002"", ""CS100003"", ""CS100004"", ""CS100005"", ""CS100006"", ""CS100007"", ""CS100008"", ""CS100009"", ""CS100010""]",10,-10.174323964365694,10,-5.590925115613532,10
2025Q4,1123071,50대,A_외식카페,3,1,False,1169.358695652174,1136.7427536231883,1098.3478260869565,2024Q4,expanding_prior_same_quarter_matched_industries,"[""2022Q4"", ""2023Q4"", ""2024Q4""]",False,2.119582713129642,ready,10,0.590909090909091,22,106797.0,1160.8369565217392,"[""CS100001"", ""CS100002"", ""CS100003"", ""CS100004"", ""CS100005"", ""CS100006"", ""CS100007"", ""CS100008"", ""CS100009"", ""CS100010""]",10,-8.929119623426674,10,-0.728753218505129,10
2025Q4,1123071,60대이상,A_외식카페,3,1,True,975.6630434782609,884.6557971014494,825.7173913043479,2024Q4,expanding_prior_same_quarter_matched_industries,"[""2022Q4"", ""2023Q4"", ""2024Q4""]",False,26.25765363586099,ready,10,0.818181818181818,22,102759.0,1116.945652173913,"[""CS100001"", ""CS100002"", ""CS100003"", ""CS100004"", ""CS100005"", ""CS100006"", ""CS100007"", ""CS100008"", ""CS100009"", ""CS100010""]",10,-3.601380888947259,10,14.480676463051868,10
2025Q4,1123071,10대,B_여가운동,3,1,True,1.347826086956522,1.065217391304348,0.804347826086956,2024Q4,expanding_prior_same_quarter_matched_industries,"[""2022Q4"", ""2023Q4"", ""2024Q4""]",False,82.65306122448979,ready,5,0.833333333333333,18,179.0,1.945652173913044,"[""CS200005"", ""CS200016"", ""CS200017"", ""CS200024"", ""CS200037""]",5,33.582089552238806,5,44.35483870967742,5
2025Q4,1123071,20대,B_여가운동,3,1,False,7.184782608695652,5.554347826086957,3.826086956521739,2024Q4,expanding_prior_same_quarter_matched_industries,"[""2022Q4"", ""2023Q4"", ""2024Q4""]",False,-26.223091976516642,ready,5,0.578947368421053,19,377.0,4.097826086956522,"[""CS200005"", ""CS200016"", ""CS200017"", ""CS200024"", ""CS200037""]",5,-3.333333333333333,5,7.102272727272707,5
2025Q4,1123071,30대,B_여가운동,3,1,False,30.445652173913043,22.445652173913043,14.945652173913043,2024Q4,expanding_prior_same_quarter_matched_industries,"[""2022Q4"", ""2023Q4"", ""2024Q4""]",False,-30.750605326876514,ready,5,0.333333333333333,21,1430.0,15.543478260869565,"[""CS200005"", ""CS200016"", ""CS200017"", ""CS200024"", ""CS200037""]",5,17.21311475409837,5,4.000000000000004,5
2025Q4,1123071,40대,B_여가운동,3,1,False,43.0,29.27536231884058,15.293478260869565,2024Q4,expanding_prior_same_quarter_matched_industries,"[""2022Q4"", ""2023Q4"", ""2024Q4""]",False,-37.17821782178218,ready,5,0.19047619047619,21,1692.0,18.391304347826086,"[""CS200005"", ""CS200016"", ""CS200017"", ""CS200024"", ""CS200037""]",5,20.684736091298127,5,20.255863539445617,5
2025Q4,1123071,50대,B_여가운동,3,1,False,40.5,32.32971014492754,19.282608695652176,2024Q4,expanding_prior_same_quarter_matched_industries,"[""2022Q4"", ""2023Q4"", ""2024Q4""]",False,-15.174268743696073,ready,5,0.238095238095238,21,2523.0,27.42391304347826,"[""CS200005"", ""CS200016"", ""CS200017"", ""CS200024"", ""CS200037""]",5,3.869905310827515,5,42.220969560315666,5
2025Q4,1123071,60대이상,B_여가운동,3,1,False,33.34782608695652,24.47826086956522,14.119565217391305,2024Q4,expanding_prior_same_quarter_matched_industries,"[""2022Q4"", ""2023Q4"", ""2024Q4""]",False,-22.557726465364127,ready,5,0.19047619047619,21,1744.0,18.956521739130434,"[""CS200005"", ""CS200016"", ""CS200017"", ""CS200024"", ""CS200037""]",5,-0.11454753722796,5,34.257120862201674,5
2025Q4,1123071,10대,C_대면생활서비스,3,1,False,3.902173913043478,2.934782608695652,1.423913043478261,2024Q4,expanding_prior_same_quarter_matched_industries,"[""2022Q4"", ""2023Q4"", ""2024Q4""]",False,-26.296296296296294,ready,4,0.428571428571429,21,199.0,2.16304347826087,"[""CS200028"", ""CS200029"", ""CS200031""]",3,-25.74626865671642,4,51.908396946564885,3
2025Q4,1123071,20대,C_대면생활서비스,3,1,False,28.554347826086957,19.735507246376812,14.380434782608695,2024Q4,expanding_prior_same_quarter_matched_industries,"[""2022Q4"", ""2023Q4"", ""2024Q4""]",True,-43.271525610427766,ready,4,0.090909090909091,22,1030.0,11.195652173913043,"[""CS200028"", ""CS200029"", ""CS200031""]",3,-6.955736224028907,4,-22.146636432350718,3
2025Q4,1123071,30대,C_대면생활서비스,3,1,False,60.07608695652174,48.13768115942029,41.72826086956522,2024Q4,expanding_prior_same_quarter_matched_industries,"[""2022Q4"", ""2023Q4"", ""2024Q4""]",False,-8.843895830197201,ready,4,0.590909090909091,22,4037.0,43.880434782608695,"[""CS200028"", ""CS200029"", ""CS200031""]",3,-1.000488042947767,4,5.157593123209159,3
2025Q4,1123071,40대,C_대면생활서비스,3,1,False,88.81521739130434,77.42391304347827,59.119565217391305,2024Q4,expanding_prior_same_quarter_matched_industries,"[""2022Q4"", ""2023Q4"", ""2024Q4""]",False,-14.29173101221397,ready,4,0.545454545454545,22,6105.0,66.3586956521739,"[""CS200028"", ""CS200029"", ""CS200031""]",3,15.840272520817567,4,12.244897959183664,3
2025Q4,1123071,50대,C_대면생활서비스,3,1,False,119.6413043478261,115.05434782608695,110.07608695652173,2024Q4,expanding_prior_same_quarter_matched_industries,"[""2022Q4"", ""2023Q4"", ""2024Q4""]",True,-8.710439300897498,ready,4,0.227272727272727,22,9663.0,105.03260869565217,"[""CS200028"", ""CS200029"", ""CS200031""]",3,2.719065321295799,4,-4.581811000296232,3
2025Q4,1123071,60대이상,C_대면생활서비스,3,1,True,71.76086956521739,64.3876811594203,55.29347826086956,2024Q4,expanding_prior_same_quarter_matched_industries,"[""2022Q4"", ""2023Q4"", ""2024Q4""]",False,36.233188903269365,ready,4,0.863636363636364,22,8070.0,87.71739130434783,"[""CS200028"", ""CS200029"", ""CS200031""]",3,10.27603170265101,4,22.23568615571039,3
2025Q4,1123071,10대,D_생활필수,3,1,False,162.0326086956522,112.6376811594203,84.3913043478261,2024Q4,expanding_prior_same_quarter_matched_industries,"[""2022Q4"", ""2023Q4"", ""2024Q4""]",True,-44.888703036541436,ready,6,0.047619047619048,21,5711.0,62.07608695652174,"[""CS300001"", ""CS300002"", ""CS300007"", ""CS300009"", ""CS300010""]",5,-42.504782039665756,6,-32.149221812997496,6
2025Q4,1123071,20대,D_생활필수,3,1,False,1076.1630434782608,854.4782608695651,672.1630434782609,2024Q4,expanding_prior_same_quarter_matched_industries,"[""2022Q4"", ""2023Q4"", ""2024Q4""]",True,-36.52368595125425,ready,6,0.380952380952381,21,49900.0,542.3913043478261,"[""CS300001"", ""CS300002"", ""CS300007"", ""CS300009"", ""CS300010""]",5,-11.342477435860976,6,-19.30658645838387,6
2025Q4,1123071,30대,D_생활필수,3,1,False,1707.7391304347825,1576.2173913043478,1442.141304347826,2024Q4,expanding_prior_same_quarter_matched_industries,"[""2022Q4"", ""2023Q4"", ""2024Q4""]",True,-20.30797451245414,ready,6,0.19047619047619,21,115563.0,1256.1195652173913,"[""CS300001"", ""CS300002"", ""CS300007"", ""CS300009"", ""CS300010""]",5,-12.274828630639256,6,-12.89899530438584,6
2025Q4,1123071,40대,D_생활필수,3,1,False,2249.358695652174,2074.1304347826085,1957.4782608695652,2024Q4,expanding_prior_same_quarter_matched_industries,"[""2022Q4"", ""2023Q4"", ""2024Q4""]",True,-27.400691751388738,ready,6,0.047619047619048,21,138534.0,1505.804347826087,"[""CS300001"", ""CS300002"", ""CS300007"", ""CS300009"", ""CS300010""]",5,-15.083395096135598,6,-23.061469132239665,6
2025Q4,1123071,50대,D_생활필수,3,1,False,2495.4565217391305,2416.090579710145,2319.5978260869565,2024Q4,expanding_prior_same_quarter_matched_industries,"[""2022Q4"", ""2023Q4"", ""2024Q4""]",True,-16.507233358476757,ready,6,0.047619047619048,21,185588.0,2017.2608695652175,"[""CS300001"", ""CS300002"", ""CS300007"", ""CS300009"", ""CS300010""]",5,-14.194615676090304,6,-17.05024658709171,6
2025Q4,1123071,60대이상,D_생활필수,3,1,True,2263.7934782608695,2072.2572463768115,1957.6847826086957,2024Q4,expanding_prior_same_quarter_matched_industries,"[""2022Q4"", ""2023Q4"", ""2024Q4""]",False,9.687154139485932,ready,6,0.333333333333333,21,209116.0,2273.0,"[""CS300001"", ""CS300002"", ""CS300007"", ""CS300009"", ""CS300010""]",5,-7.293286031277812,6,0.358154855227766,6
2025Q4,1123071,10대,E_의료건강,3,1,False,45.09782608695652,32.934782608695656,25.17391304347826,2024Q4,expanding_prior_same_quarter_matched_industries,"[""2022Q4"", ""2023Q4"", ""2024Q4""]",True,-55.742574257425744,ready,5,0.1,20,1341.0,14.576086956521738,"[""CS200006"", ""CS200007"", ""CS200008"", ""CS300018"", ""CS300019""]",5,-51.8491921005386,5,-48.91428571428572,5
2025Q4,1123071,20대,E_의료건강,3,1,False,428.7173913043478,337.5869565217391,246.66304347826087,2024Q4,expanding_prior_same_quarter_matched_industries,"[""2022Q4"", ""2023Q4"", ""2024Q4""]",True,-38.94970699980681,ready,5,0.142857142857143,21,18961.0,206.09782608695653,"[""CS200006"", ""CS200007"", ""CS200008"", ""CS300018"", ""CS300019""]",5,-11.018818339668679,5,-16.445599964746837,5
2025Q4,1123071,30대,E_의료건강,3,1,False,1055.8260869565217,871.4927536231884,734.3586956521739,2024Q4,expanding_prior_same_quarter_matched_industries,"[""2022Q4"", ""2023Q4"", ""2024Q4""]",True,-24.30778441122179,ready,5,0.238095238095238,21,60688.0,659.6521739130435,"[""CS200006"", ""CS200007"", ""CS200008"", ""CS300018"", ""CS300019""]",5,9.268995318689232,5,-10.173028818401143,5
2025Q4,1123071,40대,E_의료건강,3,1,False,1407.6847826086957,1243.4166666666667,1092.4347826086957,2024Q4,expanding_prior_same_quarter_matched_industries,"[""2022Q4"", ""2023Q4"", ""2024Q4""]",True,-27.56371964811778,ready,5,0.047619047619048,21,82863.0,900.6847826086956,"[""CS200006"", ""CS200007"", ""CS200008"", ""CS300018"", ""CS300019""]",5,18.931293327400844,5,-17.552535222478717,5
2025Q4,1123071,50대,E_의료건강,3,1,False,1050.5760869565217,989.9565217391304,926.5869565217391,2024Q4,expanding_prior_same_quarter_matched_industries,"[""2022Q4"", ""2023Q4"", ""2024Q4""]",True,-15.602354077912949,ready,5,0.142857142857143,21,76866.0,835.5,"[""CS200006"", ""CS200007"", ""CS200008"", ""CS300018"", ""CS300019""]",5,5.551817420320493,5,-9.83037327264622,5
2025Q4,1123071,60대이상,E_의료건강,3,1,False,1160.2391304347825,1127.9021739130435,1107.9347826086957,2024Q4,expanding_prior_same_quarter_matched_industries,"[""2022Q4"", ""2023Q4"", ""2024Q4""]",False,-1.433981901760672,ready,5,0.238095238095238,21,102279.0,1111.7282608695652,"[""CS200006"", ""CS200007"", ""CS200008"", ""CS300018"", ""CS300019""]",5,11.703417319222842,5,-0.341034210603242,5
2025Q4,1123072,10대,A_외식카페,3,1,True,7.271739130434782,5.456521739130435,4.510869565217392,2024Q4,expanding_prior_same_quarter_matched_industries,"[""2022Q4"", ""2023Q4"", ""2024Q4""]",False,44.42231075697212,ready,4,0.954545454545455,22,725.0,7.880434782608695,"[""CS100001"", ""CS100006"", ""CS100007"", ""CS100010""]",4,46.76113360323886,4,74.69879518072287,4
2025Q4,1123072,20대,A_외식카페,3,1,False,96.19565217391305,93.6195652173913,91.56521739130434,2024Q4,expanding_prior_same_quarter_matched_industries,"[""2022Q4"", ""2023Q4"", ""2024Q4""]",True,-28.22477650063856,ready,4,0.681818181818182,22,6182.0,67.19565217391305,"[""CS100001"", ""CS100006"", ""CS100007"", ""CS100010""]",4,-22.111629078997098,4,-27.82253356684179,4
2025Q4,1123072,30대,A_외식카페,3,1,False,194.17391304347825,182.94202898550725,170.0326086956522,2024Q4,expanding_prior_same_quarter_matched_industries,"[""2022Q4"", ""2023Q4"", ""2024Q4""]",True,-7.395230927671714,ready,4,0.818181818181818,22,15586.0,169.41304347826087,"[""CS100001"", ""CS100006"", ""CS100007"", ""CS100010""]",4,1.4383338756915,4,-0.364380233970474,4
2025Q4,1123072,40대,A_외식카페,3,1,False,343.8478260869565,297.81159420289856,268.10869565217394,2024Q4,expanding_prior_same_quarter_matched_industries,"[""2022Q4"", ""2023Q4"", ""2024Q4""]",True,-22.5874738430094,ready,4,0.045454545454545,22,21210.0,230.54347826086956,"[""CS100001"", ""CS100006"", ""CS100007"", ""CS100010""]",4,-14.706237181807214,4,-14.01118949160789,4
2025Q4,1123072,50대,A_외식카페,3,1,False,282.92391304347825,260.6268115942029,234.40217391304347,2024Q4,expanding_prior_same_quarter_matched_industries,"[""2022Q4"", ""2023Q4"", ""2024Q4""]",False,-1.454130927390762,ready,4,0.454545454545454,22,23629.0,256.8369565217391,"[""CS100001"", ""CS100006"", ""CS100007"", ""CS100010""]",4,0.395139360978924,4,-2.917128887793252,4
2025Q4,1123072,60대이상,A_외식카페,3,1,False,289.5217391304348,257.8152173913043,205.4891304347826,2024Q4,expanding_prior_same_quarter_matched_industries,"[""2022Q4"", ""2023Q4"", ""2024Q4""]",False,2.07007040769005,ready,4,0.227272727272727,22,24210.0,263.1521739130435,"[""CS100001"", ""CS100006"", ""CS100007"", ""CS100010""]",4,-14.054457027228494,4,-5.488757026858194,4
2025Q4,1123072,10대,B_여가운동,3,1,False,0.0,0.0,0.0,2024Q4,expanding_prior_same_quarter_matched_industries,"[""2022Q4"", ""2023Q4"", ""2024Q4""]",False,,ready,2,,0,0.0,0.0,"[""CS200017""]",1,72.7272727272727,2,-17.748917748917748,2
2025Q4,1123072,20대,B_여가운동,3,1,True,0.0,0.0,0.0,2024Q4,expanding_prior_same_quarter_matched_industries,"[""2022Q4"", ""2023Q4"", ""2024Q4""]",False,,ready,2,,0,12.0,0.130434782608696,"[""CS200017""]",1,-26.38297872340426,2,-48.20359281437126,2
2025Q4,1123072,30대,B_여가운동,3,1,False,0.652173913043478,0.391304347826087,0.260869565217391,2024Q4,expanding_prior_same_quarter_matched_industries,"[""2022Q4"", ""2023Q4"", ""2024Q4""]",False,2.2e-14,ready,2,0.666666666666667,21,36.0,0.391304347826087,"[""CS200017""]",1,-63.432073544433095,2,-48.56321839080459,2
2025Q4,1123072,40대,B_여가운동,3,1,True,0.130434782608696,0.108695652173913,0.065217391304348,2024Q4,expanding_prior_same_quarter_matched_industries,"[""2022Q4"", ""2023Q4"", ""2024Q4""]",False,200.0,ready,2,1.0,21,30.0,0.326086956521739,"[""CS200017""]",1,-44.24778761061947,2,-36.292134831460686,2
2025Q4,1123072,50대,B_여가운동,3,1,False,1.043478260869565,0.760869565217391,0.260869565217391,2024Q4,expanding_prior_same_quarter_matched_industries,"[""2022Q4"", ""2023Q4"", ""2024Q4""]",False,19.999999999999996,ready,2,0.761904761904762,21,84.0,0.91304347826087,"[""CS200017""]",1,-27.06953642384107,2,-3.768432550518841,2
2025Q4,1123072,60대이상,B_여가운동,3,1,False,0.130434782608696,0.08695652173913,0.065217391304348,2024Q4,expanding_prior_same_quarter_matched_industries,"[""2022Q4"", ""2023Q4"", ""2024Q4""]",False,50.0,ready,2,0.666666666666667,21,12.0,0.130434782608696,"[""CS200017""]",1,-44.31009957325747,2,-33.41836734693878,2
2025Q4,1123072,10대,C_대면생활서비스,3,1,False,1.369565217391304,1.061594202898551,0.75,2024Q4,expanding_prior_same_quarter_matched_industries,"[""2022Q4"", ""2023Q4"", ""2024Q4""]",False,4.436860068259385,ready,3,0.761904761904762,21,102.0,1.108695652173913,"[""CS200028"", ""CS200031""]",2,-29.166666666666664,3,-19.047619047619047,3
2025Q4,1123072,20대,C_대면생활서비스,3,1,False,4.684782608695652,4.126811594202898,3.16304347826087,2024Q4,expanding_prior_same_quarter_matched_industries,"[""2022Q4"", ""2023Q4"", ""2024Q4""]",False,-9.657594381035995,ready,3,0.636363636363636,22,343.0,3.728260869565217,"[""CS200028"", ""CS200031""]",2,-24.11504424778761,3,-20.417633410672853,3
2025Q4,1123072,30대,C_대면생활서비스,3,1,False,11.41304347826087,10.344202898550725,9.271739130434783,2024Q4,expanding_prior_same_quarter_matched_industries,"[""2022Q4"", ""2023Q4"", ""2024Q4""]",True,-14.676007005253943,ready,3,0.409090909090909,22,812.0,8.826086956521738,"[""CS200028"", ""CS200031""]",2,-11.25265392781316,3,-1.992966002344665,3
2025Q4,1123072,40대,C_대면생활서비스,3,1,False,32.83695652173913,28.666666666666668,24.217391304347824,2024Q4,expanding_prior_same_quarter_matched_industries,"[""2022Q4"", ""2023Q4"", ""2024Q4""]",False,-14.30738119312437,ready,3,0.5,22,2260.0,24.565217391304348,"[""CS200028"", ""CS200031""]",2,-23.36385215327229,3,-25.190334326382,3
2025Q4,1123072,50대,C_대면생활서비스,3,1,True,28.141304347826086,26.659420289855074,23.97826086956522,2024Q4,expanding_prior_same_quarter_matched_industries,"[""2022Q4"", ""2023Q4"", ""2024Q4""]",False,22.682794237564565,ready,3,0.954545454545455,22,3009.0,32.70652173913044,"[""CS200028"", ""CS200031""]",2,1.381401617250688,3,15.154994259471888,3
2025Q4,1123072,60대이상,C_대면생활서비스,3,1,True,21.16304347826087,20.159420289855074,18.293478260869566,2024Q4,expanding_prior_same_quarter_matched_industries,"[""2022Q4"", ""2023Q4"", ""2024Q4""]",False,20.129403306973394,ready,3,0.636363636363636,22,2228.0,24.217391304347824,"[""CS200028"", ""CS200031""]",2,-1.546619531595239,3,30.521382542472164,3
2025Q4,1123072,10대,D_생활필수,3,1,False,72.04347826086956,56.666666666666664,37.108695652173914,2024Q4,expanding_prior_same_quarter_matched_industries,"[""2022Q4"", ""2023Q4"", ""2024Q4""]",False,-6.163682864450126,ready,2,0.761904761904762,21,4892.0,53.17391304347826,"[""CS300001"", ""CS300002""]",2,-19.473251028806583,2,-12.611647016791716,2
2025Q4,1123072,20대,D_생활필수,3,1,False,2651.978260869565,1997.4492753623188,1552.7717391304348,2024Q4,expanding_prior_same_quarter_matched_industries,"[""2022Q4"", ""2023Q4"", ""2024Q4""]",False,-16.37486939865336,ready,2,0.857142857142857,21,153674.0,1670.3695652173913,"[""CS300001"", ""CS300002""]",2,3.470936378510481,2,7.573413601204026,2
2025Q4,1123072,30대,D_생활필수,3,1,False,4249.630434782609,3595.7463768115945,3224.358695652174,2024Q4,expanding_prior_same_quarter_matched_industries,"[""2022Q4"", ""2023Q4"", ""2024Q4""]",False,-8.079191798683238,ready,2,0.714285714285714,21,304082.0,3305.2391304347825,"[""CS300001"", ""CS300002""]",2,-8.605314490266391,2,-0.241782828498227,2
2025Q4,1123072,40대,D_생활필수,3,1,False,3785.804347826087,3413.572463768116,3110.782608695652,2024Q4,expanding_prior_same_quarter_matched_industries,"[""2022Q4"", ""2023Q4"", ""2024Q4""]",False,-1.878265152110181,ready,2,0.761904761904762,21,308150.0,3349.4565217391305,"[""CS300001"", ""CS300002""]",2,-7.70027975965829,2,7.672471627438937,2
2025Q4,1123072,50대,D_생활필수,3,1,True,2697.0652173913045,2534.7717391304345,2412.913043478261,2024Q4,expanding_prior_same_quarter_matched_industries,"[""2022Q4"", ""2023Q4"", ""2024Q4""]",False,13.779218607283926,ready,2,0.80952380952381,21,265332.0,2884.0434782608695,"[""CS300001"", ""CS300002""]",2,-3.56438018601507,2,19.525379750256768,2
2025Q4,1123072,60대이상,D_생활필수,3,1,True,2385.445652173913,2282.963768115942,2224.9347826086955,2024Q4,expanding_prior_same_quarter_matched_industries,"[""2022Q4"", ""2023Q4"", ""2024Q4""]",False,16.283816168278587,ready,2,0.523809523809524,21,244234.0,2654.717391304348,"[""CS300001"", ""CS300002""]",2,-5.976331816536929,2,18.593008745138228,2
2025Q4,1123072,10대,E_의료건강,3,1,False,0.804347826086956,0.268115942028986,0.0,2024Q4,expanding_prior_same_quarter_matched_industries,"[""2022Q4"", ""2023Q4"", ""2024Q4""]",False,-67.56756756756756,ready,2,0.05,20,8.0,0.08695652173913,"[""CS200007"", ""CS300019""]",2,-52.94117647058824,2,,2
2025Q4,1123072,20대,E_의료건강,3,1,False,6.619565217391305,5.094202898550725,3.66304347826087,2024Q4,expanding_prior_same_quarter_matched_industries,"[""2022Q4"", ""2023Q4"", ""2024Q4""]",False,-16.99857752489331,ready,2,0.857142857142857,21,389.0,4.228260869565218,"[""CS200007"", ""CS300019""]",2,43.01470588235296,2,15.43026706231454,2
2025Q4,1123072,30대,E_의료건강,3,1,False,28.032608695652176,22.07246376811594,16.945652173913043,2024Q4,expanding_prior_same_quarter_matched_industries,"[""2022Q4"", ""2023Q4"", ""2024Q4""]",True,-35.390676296782665,ready,2,0.047619047619048,21,1312.0,14.26086956521739,"[""CS200007"", ""CS300019""]",2,-8.379888268156432,2,-15.843489416292499,2
2025Q4,1123072,40대,E_의료건강,3,1,False,47.48913043478261,41.072463768115945,33.34782608695652,2024Q4,expanding_prior_same_quarter_matched_industries,"[""2022Q4"", ""2023Q4"", ""2024Q4""]",True,-19.918842625264656,ready,2,0.19047619047619,21,3026.0,32.891304347826086,"[""CS200007"", ""CS300019""]",2,-15.45124336406818,2,-1.368970013037818,2
2025Q4,1123072,50대,E_의료건강,3,1,False,50.891304347826086,44.641304347826086,36.71739130434783,2024Q4,expanding_prior_same_quarter_matched_industries,"[""2022Q4"", ""2023Q4"", ""2024Q4""]",False,-10.689067445824197,ready,2,0.238095238095238,21,3668.0,39.869565217391305,"[""CS200007"", ""CS300019""]",2,12.653562653562656,2,8.584961515689749,2
2025Q4,1123072,60대이상,E_의료건강,3,1,False,75.53260869565217,68.52536231884058,58.76086956521739,2024Q4,expanding_prior_same_quarter_matched_industries,"[""2022Q4"", ""2023Q4"", ""2024Q4""]",False,-6.905303230582138,ready,2,0.142857142857143,21,5869.0,63.79347826086956,"[""CS200007"", ""CS300019""]",2,-5.001618646811279,2,8.564557898631154,2
2025Q4,1123073,10대,A_외식카페,3,1,False,77.1304347826087,68.40942028985508,56.58695652173913,2024Q4,expanding_prior_same_quarter_matched_industries,"[""2022Q4"", ""2023Q4"", ""2024Q4""]",False,-10.354324453153962,ready,10,0.863636363636364,22,5642.0,61.32608695652174,"[""CS100001"", ""CS100002"", ""CS100003"", ""CS100004"", ""CS100005"", ""CS100006"", ""CS100007"", ""CS100008"", ""CS100009"", ""CS100010""]",10,12.614770459081836,10,8.374951978486367,10
2025Q4,1123073,20대,A_외식카페,3,1,False,765.3804347826087,690.822463768116,573.9891304347826,2024Q4,expanding_prior_same_quarter_matched_industries,"[""2022Q4"", ""2023Q4"", ""2024Q4""]",True,-34.08927606769918,ready,10,0.409090909090909,22,41890.0,455.32608695652175,"[""CS100001"", ""CS100002"", ""CS100003"", ""CS100004"", ""CS100005"", ""CS100006"", ""CS100007"", ""CS100008"", ""CS100009"", ""CS100010""]",10,-9.086963126939684,10,-20.673395572556675,10
2025Q4,1123073,30대,A_외식카페,3,1,False,1207.6195652173913,1104.8876811594203,1001.3369565217391,2024Q4,expanding_prior_same_quarter_matched_industries,"[""2022Q4"", ""2023Q4"", ""2024Q4""]",True,-17.522602140029974,ready,10,0.227272727272727,22,83838.0,911.2826086956521,"[""CS100001"", ""CS100002"", ""CS100003"", ""CS100004"", ""CS100005"", ""CS100006"", ""CS100007"", ""CS100008"", ""CS100009"", ""CS100010""]",10,-7.877416022943285,10,-17.583681494224635,10
2025Q4,1123073,40대,A_외식카페,3,1,False,1317.5108695652175,1192.9746376811593,1113.1630434782608,2024Q4,expanding_prior_same_quarter_matched_industries,"[""2022Q4"", ""2023Q4"", ""2024Q4""]",True,-10.699111039570408,ready,10,0.454545454545454,22,98011.0,1065.3369565217392,"[""CS100001"", ""CS100002"", ""CS100003"", ""CS100004"", ""CS100005"", ""CS100006"", ""CS100007"", ""CS100008"", ""CS100009"", ""CS100010""]",10,-9.879914671374445,10,-7.220818069084323,10
2025Q4,1123073,50대,A_외식카페,3,1,False,1180.8804347826087,1079.6159420289855,1009.8152173913044,2024Q4,expanding_prior_same_quarter_matched_industries,"[""2022Q4"", ""2023Q4"", ""2024Q4""]",True,-8.866545403290216,ready,10,0.181818181818182,22,90518.0,983.8913043478261,"[""CS100001"", ""CS100002"", ""CS100003"", ""CS100004"", ""CS100005"", ""CS100006"", ""CS100007"", ""CS100008"", ""CS100009"", ""CS100010""]",10,-9.273328655908596,10,-6.130872135227627,10
2025Q4,1123073,60대이상,A_외식카페,3,1,False,1126.304347826087,1091.4963768115942,1025.1847826086957,2024Q4,expanding_prior_same_quarter_matched_industries,"[""2022Q4"", ""2023Q4"", ""2024Q4""]",False,-0.455763096135153,ready,10,0.136363636363636,22,99960.0,1086.5217391304348,"[""CS100001"", ""CS100002"", ""CS100003"", ""CS100004"", ""CS100005"", ""CS100006"", ""CS100007"", ""CS100008"", ""CS100009"", ""CS100010""]",10,-6.549744778714739,10,-3.248286809400291,10
2025Q4,1123073,10대,B_여가운동,3,1,False,197.1304347826087,156.46014492753622,132.77173913043478,2024Q4,expanding_prior_same_quarter_matched_industries,"[""2022Q4"", ""2023Q4"", ""2024Q4""]",True,-32.23722298126577,ready,5,0.5,18,9754.0,106.02173913043478,"[""CS200005"", ""CS200016"", ""CS200019"", ""CS200037""]",4,-10.987406461033034,5,-20.14735980352026,4
2025Q4,1123073,20대,B_여가운동,3,1,False,434.5869565217391,362.04347826086956,282.2826086956522,2024Q4,expanding_prior_same_quarter_matched_industries,"[""2022Q4"", ""2023Q4"", ""2024Q4""]",True,-31.800168127777106,ready,5,0.526315789473684,19,22716.0,246.91304347826087,"[""CS200005"", ""CS200016"", ""CS200019"", ""CS200037""]",4,-22.642342709607277,5,-12.529842125529456,4
2025Q4,1123073,30대,B_여가운동,3,1,True,208.17391304347825,193.14492753623188,164.1086956521739,2024Q4,expanding_prior_same_quarter_matched_industries,"[""2022Q4"", ""2023Q4"", ""2024Q4""]",False,23.876341262099498,ready,5,0.80952380952381,21,22012.0,239.2608695652174,"[""CS200005"", ""CS200016"", ""CS200019"", ""CS200037""]",4,-1.011827134955245,5,15.500052471403091,4
2025Q4,1123073,40대,B_여가운동,3,1,False,218.3913043478261,170.78260869565216,137.67391304347825,2024Q4,expanding_prior_same_quarter_matched_industries,"[""2022Q4"", ""2023Q4"", ""2024Q4""]",False,1.992107942973531,ready,5,0.666666666666667,21,16025.0,174.18478260869566,"[""CS200005"", ""CS200016"", ""CS200019"", ""CS200037""]",4,18.10008106713834,5,11.455000695507023,4
2025Q4,1123073,50대,B_여가운동,3,1,False,166.5108695652174,149.1086956521739,123.72826086956522,2024Q4,expanding_prior_same_quarter_matched_industries,"[""2022Q4"", ""2023Q4"", ""2024Q4""]",False,-10.796034407348,ready,5,0.333333333333333,21,12237.0,133.0108695652174,"[""CS200005"", ""CS200016"", ""CS200019"", ""CS200037""]",4,15.628838703581227,5,-20.118806710620795,4
2025Q4,1123073,60대이상,B_여가운동,3,1,True,55.67391304347826,33.992753623188406,21.66304347826087,2024Q4,expanding_prior_same_quarter_matched_industries,"[""2022Q4"", ""2023Q4"", ""2024Q4""]",False,119.86783201875934,ready,5,0.952380952380952,21,6876.0,74.73913043478261,"[""CS200005"", ""CS200016"", ""CS200019"", ""CS200037""]",4,81.42480211081792,5,34.244435767278425,4
2025Q4,1123073,10대,C_대면생활서비스,3,1,False,1.782608695652174,1.641304347826087,1.5,2024Q4,expanding_prior_same_quarter_matched_industries,"[""2022Q4"", ""2023Q4"", ""2024Q4""]",True,-37.086092715231786,ready,3,0.19047619047619,21,95.0,1.032608695652174,"[""CS200028"", ""CS200031""]",2,-20.168067226890763,3,-31.159420289855078,3
2025Q4,1123073,20대,C_대면생활서비스,3,1,False,23.83695652173913,22.855072463768114,22.32608695652174,2024Q4,expanding_prior_same_quarter_matched_industries,"[""2022Q4"", ""2023Q4"", ""2024Q4""]",True,-25.903614457831313,ready,3,0.363636363636364,22,1558.0,16.934782608695652,"[""CS200028"", ""CS200031""]",2,-9.154518950437307,3,-28.955768353853163,3
2025Q4,1123073,30대,C_대면생활서비스,3,1,False,49.619565217391305,44.44202898550725,41.68478260869565,2024Q4,expanding_prior_same_quarter_matched_industries,"[""2022Q4"", ""2023Q4"", ""2024Q4""]",True,-28.460785912277842,ready,3,0.272727272727273,22,2925.0,31.793478260869566,"[""CS200028"", ""CS200031""]",2,-15.875754961173417,3,-35.92552026286966,3
2025Q4,1123073,40대,C_대면생활서비스,3,1,False,63.55434782608695,57.369565217391305,46.93478260869565,2024Q4,expanding_prior_same_quarter_matched_industries,"[""2022Q4"", ""2023Q4"", ""2024Q4""]",False,-13.186813186813195,ready,3,0.636363636363636,22,4582.0,49.80434782608695,"[""CS200028"", ""CS200031""]",2,-8.277094084954339,3,7.017137563686893,3
2025Q4,1123073,50대,C_대면생활서비스,3,1,False,58.73913043478261,53.64855072463769,47.98913043478261,2024Q4,expanding_prior_same_quarter_matched_industries,"[""2022Q4"", ""2023Q4"", ""2024Q4""]",False,-8.01647869251031,ready,3,0.318181818181818,22,4540.0,49.34782608695652,"[""CS200028"", ""CS200031""]",2,12.851106139696732,3,2.83125707814269,3
2025Q4,1123073,60대이상,C_대면생활서비스,3,1,True,30.152173913043477,28.90217391304348,26.793478260869566,2024Q4,expanding_prior_same_quarter_matched_industries,"[""2022Q4"", ""2023Q4"", ""2024Q4""]",False,19.02971041745016,ready,3,0.545454545454545,22,3165.0,34.40217391304348,"[""CS200028"", ""CS200031""]",2,-0.692354003612283,3,19.659049691693873,3
2025Q4,1123073,10대,D_생활필수,3,1,False,49.65217391304348,41.79710144927537,36.76086956521739,2024Q4,expanding_prior_same_quarter_matched_industries,"[""2022Q4"", ""2023Q4"", ""2024Q4""]",True,-29.75901525658807,ready,5,0.238095238095238,21,2701.0,29.358695652173914,"[""CS300001"", ""CS300002"", ""CS300007"", ""CS300009"", ""CS300010""]",5,24.815157116451037,5,-20.136014192785336,5
2025Q4,1123073,20대,D_생활필수,3,1,False,652.5978260869565,594.1739130434783,512.5217391304348,2024Q4,expanding_prior_same_quarter_matched_industries,"[""2022Q4"", ""2023Q4"", ""2024Q4""]",True,-39.55070979072149,ready,5,0.285714285714286,21,33044.0,359.17391304347825,"[""CS300001"", ""CS300002"", ""CS300007"", ""CS300009"", ""CS300010""]",5,-14.586295137901617,5,-29.92025788937903,5
2025Q4,1123073,30대,D_생활필수,3,1,False,859.945652173913,786.7753623188405,713.8695652173913,2024Q4,expanding_prior_same_quarter_matched_industries,"[""2022Q4"", ""2023Q4"", ""2024Q4""]",True,-20.089339166474772,ready,5,0.285714285714286,21,57842.0,628.7173913043479,"[""CS300001"", ""CS300002"", ""CS300007"", ""CS300009"", ""CS300010""]",5,-11.753577640130587,5,-20.062466313796477,5
2025Q4,1123073,40대,D_생활필수,3,1,False,742.695652173913,672.5797101449275,619.6521739130435,2024Q4,expanding_prior_same_quarter_matched_industries,"[""2022Q4"", ""2023Q4"", ""2024Q4""]",False,-7.76751853128771,ready,5,0.523809523809524,21,57071.0,620.3369565217391,"[""CS300001"", ""CS300002"", ""CS300007"", ""CS300009"", ""CS300010""]",5,-13.693554728850977,5,-5.348613506700284,5
2025Q4,1123073,50대,D_생활필수,3,1,False,576.1195652173913,482.8659420289855,380.6630434782609,2024Q4,expanding_prior_same_quarter_matched_industries,"[""2022Q4"", ""2023Q4"", ""2024Q4""]",False,14.605578107765393,ready,5,0.904761904761905,21,50912.0,553.3913043478261,"[""CS300001"", ""CS300002"", ""CS300007"", ""CS300009"", ""CS300010""]",5,-7.661056297156121,5,-3.945059713601107,5
2025Q4,1123073,60대이상,D_생활필수,3,1,True,422.2826086956522,366.5797101449275,257.2391304347826,2024Q4,expanding_prior_same_quarter_matched_industries,"[""2022Q4"", ""2023Q4"", ""2024Q4""]",False,15.832806199098615,ready,5,0.476190476190476,21,39065.0,424.6195652173913,"[""CS300001"", ""CS300002"", ""CS300007"", ""CS300009"", ""CS300010""]",5,6.869289270668055,5,0.55341055341056,5
2025Q4,1123073,10대,E_의료건강,3,1,False,22.554347826086957,20.268115942028984,17.82608695652174,2024Q4,expanding_prior_same_quarter_matched_industries,"[""2022Q4"", ""2023Q4"", ""2024Q4""]",True,-22.07722559885592,ready,5,0.6,20,1453.0,15.793478260869565,"[""CS200006"", ""CS200007"", ""CS200008"", ""CS300018"", ""CS300019""]",5,11.511895625479651,5,-22.671633847791384,5
2025Q4,1123073,20대,E_의료건강,3,1,False,308.0978260869565,274.6630434782609,242.7391304347826,2024Q4,expanding_prior_same_quarter_matched_industries,"[""2022Q4"", ""2023Q4"", ""2024Q4""]",True,-24.14420831849301,ready,5,0.619047619047619,21,19168.0,208.34782608695653,"[""CS200006"", ""CS200007"", ""CS200008"", ""CS300018"", ""CS300019""]",5,21.516419424369214,5,-14.168010030449574,5
2025Q4,1123073,30대,E_의료건강,3,1,False,751.1521739130435,670.268115942029,621.9021739130435,2024Q4,expanding_prior_same_quarter_matched_industries,"[""2022Q4"", ""2023Q4"", ""2024Q4""]",True,-16.054034184892487,ready,5,0.428571428571429,21,51765.0,562.6630434782609,"[""CS200006"", ""CS200007"", ""CS200008"", ""CS300018"", ""CS300019""]",5,4.058617778313822,5,-9.525474088962682,5
2025Q4,1123073,40대,E_의료건강,3,1,False,1059.358695652174,971.1050724637681,906.5760869565217,2024Q4,expanding_prior_same_quarter_matched_industries,"[""2022Q4"", ""2023Q4"", ""2024Q4""]",False,-2.93218916145882,ready,5,0.952380952380952,21,86722.0,942.6304347826087,"[""CS200006"", ""CS200007"", ""CS200008"", ""CS300018"", ""CS300019""]",5,11.414879812942424,5,3.976979797374258,5
2025Q4,1123073,50대,E_의료건강,3,1,False,851.2065217391304,818.072463768116,789.9347826086956,2024Q4,expanding_prior_same_quarter_matched_industries,"[""2022Q4"", ""2023Q4"", ""2024Q4""]",True,-8.32905203110884,ready,5,0.380952380952381,21,68994.0,749.9347826086956,"[""CS200006"", ""CS200007"", ""CS200008"", ""CS300018"", ""CS300019""]",5,3.091520358610378,5,-7.76573132093633,5
2025Q4,1123073,60대이상,E_의료건강,3,1,True,1255.7282608695652,1173.6920289855072,1104.2065217391305,2024Q4,expanding_prior_same_quarter_matched_industries,"[""2022Q4"", ""2023Q4"", ""2024Q4""]",False,18.455635165880004,ready,5,1.0,21,127908.0,1390.304347826087,"[""CS200006"", ""CS200007"", ""CS200008"", ""CS300018"", ""CS300019""]",5,9.171915808880016,5,10.716975252538363,5
2025Q4,1123074,10대,A_외식카페,3,1,False,10.184782608695652,5.130434782608696,2.130434782608696,2024Q4,expanding_prior_same_quarter_matched_industries,"[""2022Q4"", ""2023Q4"", ""2024Q4""]",True,-61.228813559322035,ready,6,0.090909090909091,22,183.0,1.989130434782609,"[""CS100001"", ""CS100002"", ""CS100003"", ""CS100008"", ""CS100010""]",5,22.818791946308714,5,-35.335689045936405,5
2025Q4,1123074,20대,A_외식카페,3,1,False,90.1304347826087,63.86231884057971,40.58695652173913,2024Q4,expanding_prior_same_quarter_matched_industries,"[""2022Q4"", ""2023Q4"", ""2024Q4""]",False,-35.20367638715533,ready,6,0.318181818181818,22,3807.0,41.380434782608695,"[""CS100001"", ""CS100002"", ""CS100003"", ""CS100008"", ""CS100010""]",5,-14.410971223021585,5,1.955008034279593,5
2025Q4,1123074,30대,A_외식카페,3,1,False,154.84782608695653,147.2644927536232,142.6304347826087,2024Q4,expanding_prior_same_quarter_matched_industries,"[""2022Q4"", ""2023Q4"", ""2024Q4""]",True,-21.37778324517161,ready,6,0.136363636363636,22,10652.0,115.78260869565217,"[""CS100001"", ""CS100002"", ""CS100003"", ""CS100008"", ""CS100010""]",5,-21.084605126685428,5,-19.77103261278903,5
2025Q4,1123074,40대,A_외식카페,3,1,False,139.29347826086956,108.92391304347825,92.68478260869566,2024Q4,expanding_prior_same_quarter_matched_industries,"[""2022Q4"", ""2023Q4"", ""2024Q4""]",True,-17.153976649037016,ready,6,0.181818181818182,22,8302.0,90.23913043478261,"[""CS100001"", ""CS100002"", ""CS100003"", ""CS100008"", ""CS100010""]",5,-18.069673344517913,5,-2.638677143192214,5
2025Q4,1123074,50대,A_외식카페,3,1,False,122.8586956521739,100.48913043478261,88.26086956521739,2024Q4,expanding_prior_same_quarter_matched_industries,"[""2022Q4"", ""2023Q4"", ""2024Q4""]",True,-26.782044348296385,ready,6,0.045454545454545,22,6769.0,73.57608695652173,"[""CS100001"", ""CS100002"", ""CS100003"", ""CS100008"", ""CS100010""]",5,-16.50425558159615,5,-18.56352261790183,5
2025Q4,1123074,60대이상,A_외식카페,3,1,False,78.70652173913044,62.52173913043478,46.28260869565217,2024Q4,expanding_prior_same_quarter_matched_industries,"[""2022Q4"", ""2023Q4"", ""2024Q4""]",False,-12.343532684283732,ready,6,0.045454545454545,22,5042.0,54.80434782608695,"[""CS100001"", ""CS100002"", ""CS100003"", ""CS100008"", ""CS100010""]",5,-15.288978494623661,5,-12.41966301893348,5
2025Q4,1123074,10대,B_여가운동,3,1,False,0.0,0.0,0.0,2024Q4,expanding_prior_same_quarter_matched_industries,"[""2022Q4"", ""2023Q4"", ""2024Q4""]",False,,ready,1,,0,0.0,0.0,"[""CS200005""]",1,,1,,1
2025Q4,1123074,20대,B_여가운동,3,1,False,0.0,0.0,0.0,2024Q4,expanding_prior_same_quarter_matched_industries,"[""2022Q4"", ""2023Q4"", ""2024Q4""]",False,,ready,1,,0,0.0,0.0,"[""CS200005""]",1,,1,,1
2025Q4,1123074,30대,B_여가운동,3,1,False,1.391304347826087,1.021739130434782,0.641304347826087,2024Q4,expanding_prior_same_quarter_matched_industries,"[""2022Q4"", ""2023Q4"", ""2024Q4""]",True,-79.7872340425532,ready,1,0.047619047619048,21,19.0,0.206521739130435,"[""CS200005""]",1,-62.745098039215684,1,-67.79661016949152,1
2025Q4,1123074,40대,B_여가운동,3,1,False,5.967391304347826,4.460144927536232,3.380434782608696,2024Q4,expanding_prior_same_quarter_matched_industries,"[""2022Q4"", ""2023Q4"", ""2024Q4""]",True,-24.695369618196583,ready,1,0.380952380952381,21,309.0,3.358695652173913,"[""CS200005""]",1,-28.13953488372093,1,-16.71159029649596,1
2025Q4,1123074,50대,B_여가운동,3,1,False,0.478260869565217,0.36231884057971,0.260869565217391,2024Q4,expanding_prior_same_quarter_matched_industries,"[""2022Q4"", ""2023Q4"", ""2024Q4""]",False,-15.999999999999993,ready,1,0.19047619047619,21,28.0,0.304347826086957,"[""CS200005""]",1,-42.85714285714286,1,16.666666666666675,1
2025Q4,1123074,60대이상,B_여가운동,3,1,False,0.173913043478261,0.076086956521739,0.0,2024Q4,expanding_prior_same_quarter_matched_industries,"[""2022Q4"", ""2023Q4"", ""2024Q4""]",False,-28.57142857142857,ready,1,0.095238095238095,21,5.0,0.054347826086957,"[""CS200005""]",1,0.0,1,-68.75,1
2025Q4,1123074,10대,C_대면생활서비스,3,1,True,0.0,0.0,0.0,2024Q4,expanding_prior_same_quarter_matched_industries,"[""2022Q4"", ""2023Q4"", ""2024Q4""]",False,,ready,2,,0,7.0,0.076086956521739,"[""CS200028"", ""CS200031""]",2,,2,,2
2025Q4,1123074,20대,C_대면생활서비스,3,1,True,2.141304347826087,1.97463768115942,1.706521739130435,2024Q4,expanding_prior_same_quarter_matched_industries,"[""2022Q4"", ""2023Q4"", ""2024Q4""]",False,16.697247706422026,ready,2,0.954545454545455,22,212.0,2.304347826086957,"[""CS200028"", ""CS200031""]",2,48.25174825174825,2,35.03184713375796,2
2025Q4,1123074,30대,C_대면생활서비스,3,1,False,5.152173913043478,3.782608695652174,2.206521739130435,2024Q4,expanding_prior_same_quarter_matched_industries,"[""2022Q4"", ""2023Q4"", ""2024Q4""]",False,-20.114942528735625,ready,2,0.363636363636364,22,278.0,3.021739130434783,"[""CS200028"", ""CS200031""]",2,-24.661246612466126,2,36.94581280788179,2
2025Q4,1123074,40대,C_대면생활서비스,3,1,False,9.434782608695652,7.123188405797102,4.586956521739131,2024Q4,expanding_prior_same_quarter_matched_industries,"[""2022Q4"", ""2023Q4"", ""2024Q4""]",False,-23.09257375381485,ready,2,0.272727272727273,22,504.0,5.478260869565218,"[""CS200028"", ""CS200031""]",2,3.27868852459019,2,19.43127962085307,2
2025Q4,1123074,50대,C_대면생활서비스,3,1,False,10.75,8.684782608695652,6.423913043478261,2024Q4,expanding_prior_same_quarter_matched_industries,"[""2022Q4"", ""2023Q4"", ""2024Q4""]",False,7.88485607008762,ready,2,0.772727272727273,22,862.0,9.369565217391305,"[""CS200028"", ""CS200031""]",2,28.656716417910456,2,-12.841253791708795,2
2025Q4,1123074,60대이상,C_대면생활서비스,3,1,True,5.260869565217392,4.583333333333333,3.760869565217391,2024Q4,expanding_prior_same_quarter_matched_industries,"[""2022Q4"", ""2023Q4"", ""2024Q4""]",False,42.05533596837947,ready,2,0.909090909090909,22,599.0,6.510869565217392,"[""CS200028"", ""CS200031""]",2,1.870748299319724,2,23.760330578512388,2
2025Q4,1123074,10대,D_생활필수,3,1,False,78.32608695652173,59.221014492753625,42.67391304347826,2024Q4,expanding_prior_same_quarter_matched_industries,"[""2022Q4"", ""2023Q4"", ""2024Q4""]",True,-40.99112878556133,ready,3,0.142857142857143,21,3215.0,34.94565217391305,"[""CS300001"", ""CS300002"", ""CS300007""]",3,-6.540697674418594,3,-18.110035659704526,3
2025Q4,1123074,20대,D_생활필수,3,1,False,370.10869565217394,322.5217391304348,295.5978260869565,2024Q4,expanding_prior_same_quarter_matched_industries,"[""2022Q4"", ""2023Q4"", ""2024Q4""]",True,-30.23726071717444,ready,3,0.476190476190476,21,20700.0,225.0,"[""CS300001"", ""CS300002"", ""CS300007""]",3,-10.702730684612394,3,-23.883066740209593,3
2025Q4,1123074,30대,D_생활필수,3,1,False,745.0760869565217,731.376811594203,708.1630434782609,2024Q4,expanding_prior_same_quarter_matched_industries,"[""2022Q4"", ""2023Q4"", ""2024Q4""]",True,-10.395323491528796,ready,3,0.571428571428571,21,60292.0,655.3478260869565,"[""CS300001"", ""CS300002"", ""CS300007""]",3,-14.09438048558076,3,-11.546022710601223,3
2025Q4,1123074,40대,D_생활필수,3,1,False,701.8478260869565,685.7210144927536,666.9239130434783,2024Q4,expanding_prior_same_quarter_matched_industries,"[""2022Q4"", ""2023Q4"", ""2024Q4""]",False,-1.969259057693418,ready,3,0.714285714285714,21,61844.0,672.2173913043479,"[""CS300001"", ""CS300002"", ""CS300007""]",3,-15.20552828584747,3,-4.221774818026935,3
2025Q4,1123074,50대,D_생활필수,3,1,False,504.7608695652174,458.7536231884058,435.70652173913044,2024Q4,expanding_prior_same_quarter_matched_industries,"[""2022Q4"", ""2023Q4"", ""2024Q4""]",False,2.830605926581153,ready,3,0.619047619047619,21,43400.0,471.7391304347826,"[""CS300001"", ""CS300002"", ""CS300007""]",3,-7.93576716658535,3,-6.542056074766345,3
2025Q4,1123074,60대이상,D_생활필수,3,1,True,355.69565217391306,283.2789855072464,220.58695652173913,2024Q4,expanding_prior_same_quarter_matched_industries,"[""2022Q4"", ""2023Q4"", ""2024Q4""]",False,42.1167743173243,ready,3,0.857142857142857,21,37038.0,402.5869565217391,"[""CS300001"", ""CS300002"", ""CS300007""]",3,-11.199021793857444,3,13.182984965163168,3
2025Q4,1123074,10대,E_의료건강,3,1,True,0.0,0.0,0.0,2024Q4,expanding_prior_same_quarter_matched_industries,"[""2022Q4"", ""2023Q4"", ""2024Q4""]",False,,ready,2,,0,18.0,0.195652173913044,"[""CS200007"", ""CS200008""]",2,,2,,2
2025Q4,1123074,20대,E_의료건강,3,1,False,4.358695652173913,2.735507246376812,1.880434782608696,2024Q4,expanding_prior_same_quarter_matched_industries,"[""2022Q4"", ""2023Q4"", ""2024Q4""]",True,-41.589403973509945,ready,2,0.095238095238095,21,147.0,1.597826086956522,"[""CS200007"", ""CS200008""]",2,31.25,2,-18.78453038674034,2
2025Q4,1123074,30대,E_의료건강,3,1,False,10.51086956521739,7.590579710144927,5.391304347826087,2024Q4,expanding_prior_same_quarter_matched_industries,"[""2022Q4"", ""2023Q4"", ""2024Q4""]",False,-11.217183770883054,ready,2,0.761904761904762,21,620.0,6.739130434782608,"[""CS200007"", ""CS200008""]",2,16.7608286252354,2,-1.8987341772152,2
2025Q4,1123074,40대,E_의료건강,3,1,False,17.804347826086957,13.960144927536232,12.01086956521739,2024Q4,expanding_prior_same_quarter_matched_industries,"[""2022Q4"", ""2023Q4"", ""2024Q4""]",False,-5.242668050869459,ready,2,0.857142857142857,21,1217.0,13.228260869565217,"[""CS200007"", ""CS200008""]",2,-16.586703221384514,2,10.13574660633485,2
2025Q4,1123074,50대,E_의료건강,3,1,False,13.902173913043478,12.71376811594203,10.934782608695652,2024Q4,expanding_prior_same_quarter_matched_industries,"[""2022Q4"", ""2023Q4"", ""2024Q4""]",True,-19.29324593901397,ready,2,0.095238095238095,21,944.0,10.26086956521739,"[""CS200007"", ""CS200008""]",2,-34.35326842837274,2,-26.192337763878037,2
2025Q4,1123074,60대이상,E_의료건강,3,1,False,24.717391304347824,23.27536231884058,22.27173913043478,2024Q4,expanding_prior_same_quarter_matched_industries,"[""2022Q4"", ""2023Q4"", ""2024Q4""]",True,-53.53362391033624,ready,2,0.047619047619048,21,995.0,10.815217391304348,"[""CS200007"", ""CS200008""]",2,-44.62993878686701,2,-51.43972669594924,2
2025Q4,1123075,10대,A_외식카페,3,1,False,119.1086956521739,99.21014492753623,83.32608695652173,2024Q4,expanding_prior_same_quarter_matched_industries,"[""2022Q4"", ""2023Q4"", ""2024Q4""]",False,-14.947775911182525,ready,9,0.772727272727273,22,7763.0,84.3804347826087,"[""CS100001"", ""CS100002"", ""CS100003"", ""CS100005"", ""CS100006"", ""CS100007"", ""CS100008"", ""CS100009"", ""CS100010""]",9,-22.4785300579189,9,1.265327419775653,9
2025Q4,1123075,20대,A_외식카페,3,1,False,1725.5326086956522,1455.6702898550727,1201.945652173913,2024Q4,expanding_prior_same_quarter_matched_industries,"[""2022Q4"", ""2023Q4"", ""2024Q4""]",True,-28.863639192065015,ready,9,0.590909090909091,22,95267.0,1035.5108695652175,"[""CS100001"", ""CS100002"", ""CS100003"", ""CS100005"", ""CS100006"", ""CS100007"", ""CS100008"", ""CS100009"", ""CS100010""]",9,-9.092904309324778,9,-13.84711382812287,9
2025Q4,1123075,30대,A_외식카페,3,1,False,2908.282608695652,2713.2427536231885,2549.086956521739,2024Q4,expanding_prior_same_quarter_matched_industries,"[""2022Q4"", ""2023Q4"", ""2024Q4""]",True,-9.388867003625535,ready,9,0.636363636363636,22,226182.0,2458.5,"[""CS100001"", ""CS100002"", ""CS100003"", ""CS100005"", ""CS100006"", ""CS100007"", ""CS100008"", ""CS100009"", ""CS100010""]",9,-12.689583293123086,9,-8.345591363862926,9
2025Q4,1123075,40대,A_외식카페,3,1,False,2293.75,2261.6376811594205,2235.0434782608695,2024Q4,expanding_prior_same_quarter_matched_industries,"[""2022Q4"", ""2023Q4"", ""2024Q4""]",False,1.152653265236814,ready,9,0.909090909090909,22,210469.0,2287.7065217391305,"[""CS100001"", ""CS100002"", ""CS100003"", ""CS100005"", ""CS100006"", ""CS100007"", ""CS100008"", ""CS100009"", ""CS100010""]",9,-11.693798774859443,9,-0.263475891482046,9
2025Q4,1123075,50대,A_외식카페,3,1,False,1842.8152173913043,1726.731884057971,1642.1847826086957,2024Q4,expanding_prior_same_quarter_matched_industries,"[""2022Q4"", ""2023Q4"", ""2024Q4""]",False,5.032544515273485,ready,9,0.772727272727273,22,166854.0,1813.6304347826087,"[""CS100001"", ""CS100002"", ""CS100003"", ""CS100005"", ""CS100006"", ""CS100007"", ""CS100008"", ""CS100009"", ""CS100010""]",9,-11.126853587864327,9,-1.583706403836282,9
2025Q4,1123075,60대이상,A_외식카페,3,1,True,1793.4021739130435,1560.7391304347827,1373.9782608695652,2024Q4,expanding_prior_same_quarter_matched_industries,"[""2022Q4"", ""2023Q4"", ""2024Q4""]",False,21.271276151210404,ready,9,0.727272727272727,22,174131.0,1892.7282608695652,"[""CS100001"", ""CS100002"", ""CS100003"", ""CS100005"", ""CS100006"", ""CS100007"", ""CS100008"", ""CS100009"", ""CS100010""]",9,-7.528623319242945,9,5.53841678131799,9
2025Q4,1123075,10대,B_여가운동,3,1,True,3.065217391304348,2.318840579710145,1.565217391304348,2024Q4,expanding_prior_same_quarter_matched_industries,"[""2022Q4"", ""2023Q4"", ""2024Q4""]",False,155.93750000000003,ready,4,0.944444444444444,18,546.0,5.934782608695652,"[""CS200005"", ""CS200016"", ""CS200024"", ""CS200037""]",4,7.692307692307687,4,279.16666666666663,4
2025Q4,1123075,20대,B_여가운동,3,1,True,9.347826086956522,7.307971014492753,5.913043478260869,2024Q4,expanding_prior_same_quarter_matched_industries,"[""2022Q4"", ""2023Q4"", ""2024Q4""]",False,398.71095686663375,ready,4,1.0,19,3353.0,36.44565217391305,"[""CS200005"", ""CS200016"", ""CS200024"", ""CS200037""]",4,13.699559172600907,4,516.3602941176472,4
2025Q4,1123075,30대,B_여가운동,3,1,True,13.347826086956522,11.619565217391305,10.391304347826088,2024Q4,expanding_prior_same_quarter_matched_industries,"[""2022Q4"", ""2023Q4"", ""2024Q4""]",False,257.99812909260993,ready,4,1.0,21,3827.0,41.59782608695652,"[""CS200005"", ""CS200016"", ""CS200024"", ""CS200037""]",4,-7.938417127736342,4,274.09579667644186,4
2025Q4,1123075,40대,B_여가운동,3,1,True,13.565217391304348,11.579710144927537,10.402173913043478,2024Q4,expanding_prior_same_quarter_matched_industries,"[""2022Q4"", ""2023Q4"", ""2024Q4""]",False,51.03254067584479,ready,4,0.80952380952381,21,1609.0,17.48913043478261,"[""CS200005"", ""CS200016"", ""CS200024"", ""CS200037""]",4,-10.809312638580938,4,68.12957157784744,4
2025Q4,1123075,50대,B_여가운동,3,1,True,11.08695652173913,9.815217391304348,9.01086956521739,2024Q4,expanding_prior_same_quarter_matched_industries,"[""2022Q4"", ""2023Q4"", ""2024Q4""]",False,32.66888150609082,ready,4,0.857142857142857,21,1198.0,13.021739130434783,"[""CS200005"", ""CS200016"", ""CS200024"", ""CS200037""]",4,-11.456023651145609,4,44.51145958986733,4
2025Q4,1123075,60대이상,B_여가운동,3,1,True,11.641304347826088,10.199275362318842,8.521739130434783,2024Q4,expanding_prior_same_quarter_matched_industries,"[""2022Q4"", ""2023Q4"", ""2024Q4""]",False,57.30017761989341,ready,4,0.714285714285714,21,1476.0,16.043478260869566,"[""CS200005"", ""CS200016"", ""CS200024"", ""CS200037""]",4,50.458715596330286,4,37.81512605042017,4
2025Q4,1123075,10대,C_대면생활서비스,3,1,False,2.619565217391304,1.52536231884058,0.804347826086956,2024Q4,expanding_prior_same_quarter_matched_industries,"[""2022Q4"", ""2023Q4"", ""2024Q4""]",True,-68.64608076009502,ready,4,0.095238095238095,21,44.0,0.478260869565217,"[""CS200028"", ""CS200029"", ""CS200030"", ""CS200031""]",4,-46.34146341463414,4,-40.54054054054054,4
2025Q4,1123075,20대,C_대면생활서비스,3,1,False,28.380434782608695,25.692028985507246,23.065217391304348,2024Q4,expanding_prior_same_quarter_matched_industries,"[""2022Q4"", ""2023Q4"", ""2024Q4""]",False,-0.366661965872228,ready,4,0.772727272727273,22,2355.0,25.597826086956523,"[""CS200028"", ""CS200029"", ""CS200030"", ""CS200031""]",4,-3.006589785831948,4,10.980207351555137,4
2025Q4,1123075,30대,C_대면생활서비스,3,1,False,70.98913043478261,66.47101449275362,63.21739130434783,2024Q4,expanding_prior_same_quarter_matched_industries,"[""2022Q4"", ""2023Q4"", ""2024Q4""]",True,-40.134089174752,ready,4,0.090909090909091,22,3661.0,39.79347826086956,"[""CS200028"", ""CS200029"", ""CS200030"", ""CS200031""]",4,-20.013109023377762,4,-38.973162193698954,4
2025Q4,1123075,40대,C_대면생활서비스,3,1,False,72.97826086956522,67.64130434782608,63.84782608695652,2024Q4,expanding_prior_same_quarter_matched_industries,"[""2022Q4"", ""2023Q4"", ""2024Q4""]",True,-21.147356580427434,ready,4,0.363636363636364,22,4907.0,53.33695652173913,"[""CS200028"", ""CS200029"", ""CS200030"", ""CS200031""]",4,-6.354961832061068,4,-26.91391123026512,4
2025Q4,1123075,50대,C_대면생활서비스,3,1,False,81.90217391304348,77.46376811594203,70.97826086956522,2024Q4,expanding_prior_same_quarter_matched_industries,"[""2022Q4"", ""2023Q4"", ""2024Q4""]",False,-6.211412535079508,ready,4,0.363636363636364,22,6684.0,72.65217391304348,"[""CS200028"", ""CS200029"", ""CS200030"", ""CS200031""]",4,5.759493670886084,4,-8.626110731373881,4
2025Q4,1123075,60대이상,C_대면생활서비스,3,1,False,63.22826086956522,49.721014492753625,42.26086956521739,2024Q4,expanding_prior_same_quarter_matched_industries,"[""2022Q4"", ""2023Q4"", ""2024Q4""]",False,14.836406033666115,ready,4,0.409090909090909,22,5253.0,57.09782608695652,"[""CS200028"", ""CS200029"", ""CS200030"", ""CS200031""]",4,-1.537019681349572,4,-9.695719443011864,4
2025Q4,1123075,10대,D_생활필수,3,1,False,299.8152173913044,258.0507246376812,233.69565217391303,2024Q4,expanding_prior_same_quarter_matched_industries,"[""2022Q4"", ""2023Q4"", ""2024Q4""]",False,14.621886495745695,ready,3,1.0,21,27212.0,295.7826086956522,"[""CS300001"", ""CS300002"", ""CS300010""]",3,-32.00569700907023,3,26.567441860465134,3
2025Q4,1123075,20대,D_생활필수,3,1,False,4782.760869565217,4119.786231884058,3540.2934782608695,2024Q4,expanding_prior_same_quarter_matched_industries,"[""2022Q4"", ""2023Q4"", ""2024Q4""]",False,-0.590029910444567,ready,3,1.0,21,376784.0,4095.478260869565,"[""CS300001"", ""CS300002"", ""CS300010""]",3,-9.600767754318628,3,15.68188586674526,3
2025Q4,1123075,30대,D_생활필수,3,1,True,7392.532608695652,6769.967391304348,6267.163043478261,2024Q4,expanding_prior_same_quarter_matched_industries,"[""2022Q4"", ""2023Q4"", ""2024Q4""]",False,38.107080985875896,ready,3,1.0,21,860182.0,9349.804347826086,"[""CS300001"", ""CS300002"", ""CS300010""]",3,-5.130368512593487,3,49.187188572598004,3
2025Q4,1123075,40대,D_생활필수,3,1,True,6449.304347826087,5894.989130434783,5313.684782608696,2024Q4,expanding_prior_same_quarter_matched_industries,"[""2022Q4"", ""2023Q4"", ""2024Q4""]",False,38.555958542535194,ready,3,1.0,21,751443.0,8167.858695652174,"[""CS300001"", ""CS300002"", ""CS300010""]",3,-4.34557353092806,3,53.713647493449024,3
2025Q4,1123075,50대,D_생활필수,3,1,True,5052.79347826087,4978.297101449276,4870.663043478261,2024Q4,expanding_prior_same_quarter_matched_industries,"[""2022Q4"", ""2023Q4"", ""2024Q4""]",False,18.834942977125337,ready,3,0.952380952380952,21,544268.0,5915.95652173913,"[""CS300001"", ""CS300002"", ""CS300010""]",3,-0.835378507542106,3,21.461009906248798,3
2025Q4,1123075,60대이상,D_생활필수,3,1,True,3741.858695652174,3644.0471014492755,3464.5760869565215,2024Q4,expanding_prior_same_quarter_matched_industries,"[""2022Q4"", ""2023Q4"", ""2024Q4""]",False,44.702945144801376,ready,3,0.952380952380952,21,485120.0,5273.04347826087,"[""CS300001"", ""CS300002"", ""CS300010""]",3,-7.183199914285277,3,40.920433056113126,3
2025Q4,1123075,10대,E_의료건강,3,1,False,31.706521739130434,24.85869565217391,18.684782608695652,2024Q4,expanding_prior_same_quarter_matched_industries,"[""2022Q4"", ""2023Q4"", ""2024Q4""]",False,-14.429383471797108,ready,5,0.75,20,1957.0,21.27173913043478,"[""CS200006"", ""CS200007"", ""CS200008"", ""CS300018"", ""CS300019""]",5,60.14729950900164,5,13.845258871436883,5
2025Q4,1123075,20대,E_의료건강,3,1,False,794.6847826086956,683.5579710144926,490.55434782608694,2024Q4,expanding_prior_same_quarter_matched_industries,"[""2022Q4"", ""2023Q4"", ""2024Q4""]",True,-41.70050142583032,ready,5,0.047619047619048,21,36663.0,398.5108695652174,"[""CS200006"", ""CS200007"", ""CS200008"", ""CS300018"", ""CS300019""]",5,-6.911260632220384,5,-18.76315614544326,5
2025Q4,1123075,30대,E_의료건강,3,1,False,1466.0652173913043,1273.159420289855,1043.3804347826087,2024Q4,expanding_prior_same_quarter_matched_industries,"[""2022Q4"", ""2023Q4"", ""2024Q4""]",True,-30.430687095892907,ready,5,0.095238095238095,21,81487.0,885.7282608695652,"[""CS200006"", ""CS200007"", ""CS200008"", ""CS300018"", ""CS300019""]",5,9.920008633132337,5,-15.10974987238387,5
2025Q4,1123075,40대,E_의료건강,3,1,False,1359.3152173913043,1151.5797101449275,996.7608695652174,2024Q4,expanding_prior_same_quarter_matched_industries,"[""2022Q4"", ""2023Q4"", ""2024Q4""]",True,-27.549428006896637,ready,5,0.095238095238095,21,76758.0,834.3260869565217,"[""CS200006"", ""CS200007"", ""CS200008"", ""CS300018"", ""CS300019""]",5,7.096216095546382,5,-16.296263985518312,5
2025Q4,1123075,50대,E_의료건강,3,1,False,1265.5760869565217,1106.4782608695652,974.3260869565217,2024Q4,expanding_prior_same_quarter_matched_industries,"[""2022Q4"", ""2023Q4"", ""2024Q4""]",True,-22.77496168808204,ready,5,0.047619047619048,21,78612.0,854.4782608695652,"[""CS200006"", ""CS200007"", ""CS200008"", ""CS300018"", ""CS300019""]",5,9.186366287952442,5,-12.30058680470336,5
2025Q4,1123075,60대이상,E_의료건강,3,1,False,1626.7391304347825,1524.5797101449273,1463.8152173913043,2024Q4,expanding_prior_same_quarter_matched_industries,"[""2022Q4"", ""2023Q4"", ""2024Q4""]",True,-15.579727366059526,ready,5,0.095238095238095,21,118409.0,1287.054347826087,"[""CS200006"", ""CS200007"", ""CS200008"", ""CS300018"", ""CS300019""]",5,1.833552637236946,5,-12.075354010885775,5
2025Q4,1123076,10대,A_외식카페,3,1,False,45.83695652173913,34.981884057971016,28.67391304347826,2024Q4,expanding_prior_same_quarter_matched_industries,"[""2022Q4"", ""2023Q4"", ""2024Q4""]",True,-28.503366131538066,ready,10,0.409090909090909,22,2301.0,25.01086956521739,"[""CS100001"", ""CS100002"", ""CS100003"", ""CS100004"", ""CS100005"", ""CS100006"", ""CS100007"", ""CS100008"", ""CS100009"", ""CS100010""]",10,-3.884711779448624,10,-17.821428571428577,10
2025Q4,1123076,20대,A_외식카페,3,1,False,722.8695652173913,647.1159420289855,501.5978260869565,2024Q4,expanding_prior_same_quarter_matched_industries,"[""2022Q4"", ""2023Q4"", ""2024Q4""]",True,-28.308996439049515,ready,10,0.636363636363636,22,42681.0,463.92391304347825,"[""CS100001"", ""CS100002"", ""CS100003"", ""CS100004"", ""CS100005"", ""CS100006"", ""CS100007"", ""CS100008"", ""CS100009"", ""CS100010""]",10,-4.096261010246272,10,-7.510780765813596,10
2025Q4,1123076,30대,A_외식카페,3,1,False,1375.5326086956522,1277.2391304347827,1184.5869565217392,2024Q4,expanding_prior_same_quarter_matched_industries,"[""2022Q4"", ""2023Q4"", ""2024Q4""]",True,-9.423348594965365,ready,10,0.590909090909091,22,106433.0,1156.8804347826087,"[""CS100001"", ""CS100002"", ""CS100003"", ""CS100004"", ""CS100005"", ""CS100006"", ""CS100007"", ""CS100008"", ""CS100009"", ""CS100010""]",10,-6.519638842046083,10,-2.338918353489572,10
2025Q4,1123076,40대,A_외식카페,3,1,False,1260.6195652173913,1215.2173913043478,1176.4673913043478,2024Q4,expanding_prior_same_quarter_matched_industries,"[""2022Q4"", ""2023Q4"", ""2024Q4""]",True,-5.572450805008944,ready,10,0.636363636363636,22,105570.0,1147.5,"[""CS100001"", ""CS100002"", ""CS100003"", ""CS100004"", ""CS100005"", ""CS100006"", ""CS100007"", ""CS100008"", ""CS100009"", ""CS100010""]",10,-4.131856156919733,10,-5.052703529157821,10
2025Q4,1123076,50대,A_외식카페,3,1,False,782.8260869565217,759.7826086956521,726.6847826086956,2024Q4,expanding_prior_same_quarter_matched_industries,"[""2022Q4"", ""2023Q4"", ""2024Q4""]",False,-2.107296137339054,ready,10,0.409090909090909,22,68427.0,743.7717391304348,"[""CS100001"", ""CS100002"", ""CS100003"", ""CS100004"", ""CS100005"", ""CS100006"", ""CS100007"", ""CS100008"", ""CS100009"", ""CS100010""]",10,-6.5511307767945,10,-4.988891974451548,10
2025Q4,1123076,60대이상,A_외식카페,3,1,True,660.1847826086956,607.5507246376811,527.9891304347826,2024Q4,expanding_prior_same_quarter_matched_industries,"[""2022Q4"", ""2023Q4"", ""2024Q4""]",False,19.03282364447414,ready,10,0.636363636363636,22,66533.0,723.1847826086956,"[""CS100001"", ""CS100002"", ""CS100003"", ""CS100004"", ""CS100005"", ""CS100006"", ""CS100007"", ""CS100008"", ""CS100009"", ""CS100010""]",10,1.032602918621772,10,9.542782817722317,10
2025Q4,1123076,10대,B_여가운동,3,1,False,0.423913043478261,0.141304347826087,0.0,2024Q4,expanding_prior_same_quarter_matched_industries,"[""2022Q4"", ""2023Q4"", ""2024Q4""]",False,-100.0,ready,3,0.055555555555556,18,0.0,0.0,"[""CS200005"", ""CS200017"", ""CS200024""]",3,,3,,3
2025Q4,1123076,20대,B_여가운동,3,1,False,5.021739130434782,3.431159420289855,1.66304347826087,2024Q4,expanding_prior_same_quarter_matched_industries,"[""2022Q4"", ""2023Q4"", ""2024Q4""]",True,-52.798310454065465,ready,3,0.157894736842105,19,149.0,1.619565217391304,"[""CS200005"", ""CS200017"", ""CS200024""]",3,56.84210526315792,3,-2.614379084967322,3
2025Q4,1123076,30대,B_여가운동,3,1,False,18.097826086956523,15.257246376811594,10.217391304347826,2024Q4,expanding_prior_same_quarter_matched_industries,"[""2022Q4"", ""2023Q4"", ""2024Q4""]",True,-42.22274994063168,ready,3,0.19047619047619,21,811.0,8.815217391304348,"[""CS200005"", ""CS200017"", ""CS200024""]",3,-40.586080586080584,3,-13.72340425531915,3
2025Q4,1123076,40대,B_여가운동,3,1,False,35.20652173913044,30.11594202898551,26.097826086956523,2024Q4,expanding_prior_same_quarter_matched_industries,"[""2022Q4"", ""2023Q4"", ""2024Q4""]",True,-42.649181905678546,ready,3,0.095238095238095,21,1589.0,17.27173913043478,"[""CS200005"", ""CS200017"", ""CS200024""]",3,-30.58103975535169,3,-33.8192419825073,3
2025Q4,1123076,50대,B_여가운동,3,1,False,11.554347826086957,10.41304347826087,8.25,2024Q4,expanding_prior_same_quarter_matched_industries,"[""2022Q4"", ""2023Q4"", ""2024Q4""]",False,-6.367432150313146,ready,3,0.428571428571429,21,897.0,9.75,"[""CS200005"", ""CS200017"", ""CS200024""]",3,14.267515923566876,3,18.181818181818187,3
2025Q4,1123076,60대이상,B_여가운동,3,1,False,12.326086956521738,6.264492753623188,2.478260869565217,2024Q4,expanding_prior_same_quarter_matched_industries,"[""2022Q4"", ""2023Q4"", ""2024Q4""]",False,-21.052631578947356,ready,3,0.238095238095238,21,455.0,4.945652173913044,"[""CS200005"", ""CS200017"", ""CS200024""]",3,25.00000000000002,3,-59.876543209876544,3
2025Q4,1123076,10대,C_대면생활서비스,3,1,True,1.33695652173913,1.253623188405797,1.16304347826087,2024Q4,expanding_prior_same_quarter_matched_industries,"[""2022Q4"", ""2023Q4"", ""2024Q4""]",False,24.855491329479772,ready,3,0.952380952380952,21,144.0,1.565217391304348,"[""CS200028"", ""CS200031""]",2,-20.879120879120872,2,17.073170731707332,2
2025Q4,1123076,20대,C_대면생활서비스,3,1,False,56.46739130434783,50.163043478260875,42.47826086956522,2024Q4,expanding_prior_same_quarter_matched_industries,"[""2022Q4"", ""2023Q4"", ""2024Q4""]",True,-30.83423618634886,ready,3,0.318181818181818,22,3192.0,34.69565217391305,"[""CS200028"", ""CS200031""]",2,25.817895151754055,2,-18.32139201637666,2
2025Q4,1123076,30대,C_대면생활서비스,3,1,False,92.44565217391305,90.8695652173913,87.8695652173913,2024Q4,expanding_prior_same_quarter_matched_industries,"[""2022Q4"", ""2023Q4"", ""2024Q4""]",False,-1.004784688995208,ready,3,0.727272727272727,22,8276.0,89.95652173913044,"[""CS200028"", ""CS200031""]",2,0.278686538228512,2,-2.532092804145558,2
2025Q4,1123076,40대,C_대면생활서비스,3,1,False,83.6086956521739,78.69565217391305,75.76086956521739,2024Q4,expanding_prior_same_quarter_matched_industries,"[""2022Q4"", ""2023Q4"", ""2024Q4""]",True,-25.428176795580114,ready,3,0.227272727272727,22,5399.0,58.68478260869565,"[""CS200028"", ""CS200031""]",2,-7.535536907004636,2,-22.539454806312776,2
2025Q4,1123076,50대,C_대면생활서비스,3,1,True,51.40217391304348,48.54347826086956,45.97826086956522,2024Q4,expanding_prior_same_quarter_matched_industries,"[""2022Q4"", ""2023Q4"", ""2024Q4""]",False,6.381549484997762,ready,3,0.727272727272727,22,4751.0,51.641304347826086,"[""CS200028"", ""CS200031""]",2,6.980409817608657,2,12.31678486997636,2
2025Q4,1123076,60대이상,C_대면생활서비스,3,1,True,30.51086956521739,28.934782608695652,27.22826086956522,2024Q4,expanding_prior_same_quarter_matched_industries,"[""2022Q4"", ""2023Q4"", ""2024Q4""]",False,17.017280240420728,ready,3,0.454545454545454,22,3115.0,33.858695652173914,"[""CS200028"", ""CS200031""]",2,7.525025888850534,2,16.492146596858646,2
2025Q4,1123076,10대,D_생활필수,3,1,False,31.717391304347824,30.855072463768114,29.793478260869566,2024Q4,expanding_prior_same_quarter_matched_industries,"[""2022Q4"", ""2023Q4"", ""2024Q4""]",True,-27.148896195396887,ready,5,0.380952380952381,21,2068.0,22.47826086956522,"[""CS300001"", ""CS300002"", ""CS300007"", ""CS300008"", ""CS300010""]",5,61.31045241809674,5,-29.12954078135709,5
2025Q4,1123076,20대,D_생활필수,3,1,False,1055.7391304347825,990.086956521739,913.5326086956521,2024Q4,expanding_prior_same_quarter_matched_industries,"[""2022Q4"", ""2023Q4"", ""2024Q4""]",False,-5.831723168803782,ready,5,0.952380952380952,21,85776.0,932.3478260869565,"[""CS300001"", ""CS300002"", ""CS300007"", ""CS300008"", ""CS300010""]",5,-2.022913406513072,5,-6.857347623546273,5
2025Q4,1123076,30대,D_생활필수,3,1,False,1999.695652173913,1764.1268115942028,1633.7391304347825,2024Q4,expanding_prior_same_quarter_matched_industries,"[""2022Q4"", ""2023Q4"", ""2024Q4""]",False,11.278109012341385,ready,5,0.952380952380952,21,180604.0,1963.0869565217392,"[""CS300001"", ""CS300002"", ""CS300007"", ""CS300008"", ""CS300010""]",5,-0.193419322037636,5,-1.830713369425774,5
2025Q4,1123076,40대,D_생활필수,3,1,False,1626.5108695652175,1492.981884057971,1272.1195652173913,2024Q4,expanding_prior_same_quarter_matched_industries,"[""2022Q4"", ""2023Q4"", ""2024Q4""]",False,-1.007855594896889,ready,5,0.80952380952381,21,135970.0,1477.9347826086957,"[""CS300001"", ""CS300002"", ""CS300007"", ""CS300008"", ""CS300010""]",5,-8.722912918557501,5,-9.134650726080773,5
2025Q4,1123076,50대,D_생활필수,3,1,False,1237.3152173913043,1068.0579710144928,874.0760869565217,2024Q4,expanding_prior_same_quarter_matched_industries,"[""2022Q4"", ""2023Q4"", ""2024Q4""]",False,14.476362353452021,ready,5,0.857142857142857,21,112486.0,1222.6739130434783,"[""CS300001"", ""CS300002"", ""CS300007"", ""CS300008"", ""CS300010""]",5,-3.217035921703582,5,-1.183312396229563,5
2025Q4,1123076,60대이상,D_생활필수,3,1,True,1242.8478260869565,1013.9673913043479,772.8369565217391,2024Q4,expanding_prior_same_quarter_matched_industries,"[""2022Q4"", ""2023Q4"", ""2024Q4""]",False,42.704614889853666,ready,5,0.904761904761905,21,133122.0,1446.9782608695652,"[""CS300001"", ""CS300002"", ""CS300007"", ""CS300008"", ""CS300010""]",5,-4.648597541758582,5,16.424410977593528,5
2025Q4,1123076,10대,E_의료건강,3,1,False,18.98913043478261,16.80072463768116,14.652173913043478,2024Q4,expanding_prior_same_quarter_matched_industries,"[""2022Q4"", ""2023Q4"", ""2024Q4""]",False,-4.701315505714909,ready,4,0.85,20,1473.0,16.01086956521739,"[""CS200006"", ""CS200007"", ""CS200008"", ""CS300018""]",4,-10.128126906650403,4,-4.47470817120622,4
2025Q4,1123076,20대,E_의료건강,3,1,False,269.29347826086956,249.9746376811594,221.6413043478261,2024Q4,expanding_prior_same_quarter_matched_industries,"[""2022Q4"", ""2023Q4"", ""2024Q4""]",True,-15.613178148507822,ready,4,0.904761904761905,21,19407.0,210.94565217391303,"[""CS200006"", ""CS200007"", ""CS200008"", ""CS300018""]",4,20.20439764633013,4,-4.825658378696495,4
2025Q4,1123076,30대,E_의료건강,3,1,False,978.8152173913044,894.981884057971,814.2608695652174,2024Q4,expanding_prior_same_quarter_matched_industries,"[""2022Q4"", ""2023Q4"", ""2024Q4""]",True,-27.331538570532153,ready,4,0.142857142857143,21,59834.0,650.3695652173913,"[""CS200006"", ""CS200007"", ""CS200008"", ""CS300018""]",4,-4.946940331702376,4,-20.127616403246485,4
2025Q4,1123076,40대,E_의료건강,3,1,False,1400.2065217391305,1256.2753623188407,1150.0978260869565,2024Q4,expanding_prior_same_quarter_matched_industries,"[""2022Q4"", ""2023Q4"", ""2024Q4""]",True,-19.702248422412705,ready,4,0.238095238095238,21,92806.0,1008.7608695652174,"[""CS200006"", ""CS200007"", ""CS200008"", ""CS300018""]",4,0.215968727728222,4,-17.21437236851495,4
2025Q4,1123076,50대,E_의료건강,3,1,False,657.695652173913,638.6702898550725,621.3804347826087,2024Q4,expanding_prior_same_quarter_matched_industries,"[""2022Q4"", ""2023Q4"", ""2024Q4""]",False,-2.635684421323747,ready,4,0.714285714285714,21,57209.0,621.8369565217391,"[""CS200006"", ""CS200007"", ""CS200008"", ""CS300018""]",4,-2.510139395385291,4,-2.370388067852147,4
2025Q4,1123076,60대이상,E_의료건강,3,1,True,822.2717391304348,742.590579710145,670.1413043478261,2024Q4,expanding_prior_same_quarter_matched_industries,"[""2022Q4"", ""2023Q4"", ""2024Q4""]",False,11.584982069234684,ready,4,0.761904761904762,21,76233.0,828.6195652173913,"[""CS200006"", ""CS200007"", ""CS200008"", ""CS300018""]",4,-3.436526233121373,4,0.77198641092413,4
2025Q4,1123077,10대,A_외식카페,3,1,False,415.1304347826087,342.8188405797102,279.89130434782606,2024Q4,expanding_prior_same_quarter_matched_industries,"[""2022Q4"", ""2023Q4"", ""2024Q4""]",True,-43.213764822761,ready,10,0.136363636363636,22,17910.0,194.67391304347825,"[""CS100001"", ""CS100002"", ""CS100003"", ""CS100004"", ""CS100005"", ""CS100006"", ""CS100007"", ""CS100008"", ""CS100009"", ""CS100010""]",10,-34.003979659518016,10,-30.446601941747574,10
2025Q4,1123077,20대,A_외식카페,3,1,False,7545.369565217391,6247.583333333333,4958.695652173913,2024Q4,expanding_prior_same_quarter_matched_industries,"[""2022Q4"", ""2023Q4"", ""2024Q4""]",True,-46.319939362060566,ready,10,0.090909090909091,22,308541.0,3353.7065217391305,"[""CS100001"", ""CS100002"", ""CS100003"", ""CS100004"", ""CS100005"", ""CS100006"", ""CS100007"", ""CS100008"", ""CS100009"", ""CS100010""]",10,-10.11291929591498,10,-32.367163524769836,10
2025Q4,1123077,30대,A_외식카페,3,1,False,7573.391304347826,7186.996376811595,6695.75,2024Q4,expanding_prior_same_quarter_matched_industries,"[""2022Q4"", ""2023Q4"", ""2024Q4""]",True,-27.270971979889215,ready,10,0.045454545454545,22,480887.0,5227.032608695652,"[""CS100001"", ""CS100002"", ""CS100003"", ""CS100004"", ""CS100005"", ""CS100006"", ""CS100007"", ""CS100008"", ""CS100009"", ""CS100010""]",10,-8.356392547871682,10,-21.935069130483487,10
2025Q4,1123077,40대,A_외식카페,3,1,False,4080.1304347826085,3896.3695652173915,3793.6304347826085,2024Q4,expanding_prior_same_quarter_matched_industries,"[""2022Q4"", ""2023Q4"", ""2024Q4""]",True,-19.300575228892004,ready,10,0.136363636363636,22,289280.0,3144.3478260869565,"[""CS100001"", ""CS100002"", ""CS100003"", ""CS100004"", ""CS100005"", ""CS100006"", ""CS100007"", ""CS100008"", ""CS100009"", ""CS100010""]",10,-12.96315797391422,10,-17.115072747798077,10
2025Q4,1123077,50대,A_외식카페,3,1,False,2838.5434782608695,2783.3442028985505,2702.336956521739,2024Q4,expanding_prior_same_quarter_matched_industries,"[""2022Q4"", ""2023Q4"", ""2024Q4""]",True,-7.252640252641552,ready,10,0.272727272727273,22,237496.0,2581.478260869565,"[""CS100001"", ""CS100002"", ""CS100003"", ""CS100004"", ""CS100005"", ""CS100006"", ""CS100007"", ""CS100008"", ""CS100009"", ""CS100010""]",10,-9.145996235711774,10,-8.10471982108172,10
2025Q4,1123077,60대이상,A_외식카페,3,1,False,2022.7608695652175,1850.93115942029,1760.391304347826,2024Q4,expanding_prior_same_quarter_matched_industries,"[""2022Q4"", ""2023Q4"", ""2024Q4""]",False,6.920919161330863,ready,10,0.363636363636364,22,182071.0,1979.0326086956522,"[""CS100001"", ""CS100002"", ""CS100003"", ""CS100004"", ""CS100005"", ""CS100006"", ""CS100007"", ""CS100008"", ""CS100009"", ""CS100010""]",10,-5.11551069118803,10,-2.161810697819388,10
2025Q4,1123077,10대,B_여가운동,3,1,False,219.2826086956522,181.56159420289853,109.76086956521739,2024Q4,expanding_prior_same_quarter_matched_industries,"[""2022Q4"", ""2023Q4"", ""2024Q4""]",True,-41.92293109297359,ready,6,0.388888888888889,18,9701.0,105.44565217391305,"[""CS200005"", ""CS200016"", ""CS200017"", ""CS200019"", ""CS200024"", ""CS200037""]",6,-9.3787949556282,6,-3.931471578530399,6
2025Q4,1123077,20대,B_여가운동,3,1,False,615.7934782608696,424.05797101449275,267.1304347826087,2024Q4,expanding_prior_same_quarter_matched_industries,"[""2022Q4"", ""2023Q4"", ""2024Q4""]",True,-49.39935064935065,ready,6,0.210526315789474,19,19741.0,214.57608695652175,"[""CS200005"", ""CS200016"", ""CS200017"", ""CS200019"", ""CS200024"", ""CS200037""]",6,-22.81737498533838,6,-19.673665364583325,6
2025Q4,1123077,30대,B_여가운동,3,1,False,262.6304347826087,221.40579710144928,166.5326086956522,2024Q4,expanding_prior_same_quarter_matched_industries,"[""2022Q4"", ""2023Q4"", ""2024Q4""]",False,-20.98415919355895,ready,6,0.476190476190476,21,16095.0,174.94565217391303,"[""CS200005"", ""CS200016"", ""CS200017"", ""CS200019"", ""CS200024"", ""CS200037""]",6,-10.69744215724352,6,5.051889563344414,6
2025Q4,1123077,40대,B_여가운동,3,1,False,193.0326086956522,149.40217391304347,97.30434782608695,2024Q4,expanding_prior_same_quarter_matched_industries,"[""2022Q4"", ""2023Q4"", ""2024Q4""]",False,-33.85958530374682,ready,6,0.238095238095238,21,9091.0,98.81521739130434,"[""CS200005"", ""CS200016"", ""CS200017"", ""CS200019"", ""CS200024"", ""CS200037""]",6,-13.837550943038579,6,1.5527256478999,6
2025Q4,1123077,50대,B_여가운동,3,1,False,162.06521739130434,145.26086956521738,112.27173913043478,2024Q4,expanding_prior_same_quarter_matched_industries,"[""2022Q4"", ""2023Q4"", ""2024Q4""]",False,-13.439090092786577,ready,6,0.285714285714286,21,11568.0,125.73913043478261,"[""CS200005"", ""CS200016"", ""CS200017"", ""CS200019"", ""CS200024"", ""CS200037""]",6,10.402748616148116,6,11.995352889921573,6
2025Q4,1123077,60대이상,B_여가운동,3,1,False,44.21739130434783,33.22826086956522,25.08695652173913,2024Q4,expanding_prior_same_quarter_matched_industries,"[""2022Q4"", ""2023Q4"", ""2024Q4""]",False,-18.449460255152104,ready,6,0.333333333333333,21,2493.0,27.097826086956523,"[""CS200005"", ""CS200016"", ""CS200017"", ""CS200019"", ""CS200024"", ""CS200037""]",6,-28.485370051635105,6,8.015597920277306,6
2025Q4,1123077,10대,C_대면생활서비스,3,1,True,7.206521739130435,6.076086956521739,4.804347826086956,2024Q4,expanding_prior_same_quarter_matched_industries,"[""2022Q4"", ""2023Q4"", ""2024Q4""]",False,71.37745974955277,ready,4,1.0,21,958.0,10.41304347826087,"[""CS200028"", ""CS200029"", ""CS200030"", ""CS200031""]",4,31.412894375857327,4,67.48251748251748,4
2025Q4,1123077,20대,C_대면생활서비스,3,1,True,169.04347826086956,141.2355072463768,112.48913043478261,2024Q4,expanding_prior_same_quarter_matched_industries,"[""2022Q4"", ""2023Q4"", ""2024Q4""]",False,23.15230496908751,ready,4,1.0,22,16002.0,173.93478260869566,"[""CS200028"", ""CS200029"", ""CS200030"", ""CS200031""]",4,18.314232902033268,4,54.62363513382935,4
2025Q4,1123077,30대,C_대면생활서비스,3,1,False,288.85869565217394,244.57971014492753,210.3804347826087,2024Q4,expanding_prior_same_quarter_matched_industries,"[""2022Q4"", ""2023Q4"", ""2024Q4""]",False,5.073773406020399,ready,4,0.818181818181818,22,23643.0,256.9891304347826,"[""CS200028"", ""CS200029"", ""CS200030"", ""CS200031""]",4,0.668483351784044,4,22.15448204598296,4
2025Q4,1123077,40대,C_대면생활서비스,3,1,False,187.80434782608697,166.38043478260872,149.65217391304347,2024Q4,expanding_prior_same_quarter_matched_industries,"[""2022Q4"", ""2023Q4"", ""2024Q4""]",True,-13.301104070033333,ready,4,0.590909090909091,22,13271.0,144.25,"[""CS200028"", ""CS200029"", ""CS200030"", ""CS200031""]",4,-9.22708618331054,4,-3.609819872167341,4
2025Q4,1123077,50대,C_대면생활서비스,3,1,False,146.69565217391303,137.7572463768116,122.1413043478261,2024Q4,expanding_prior_same_quarter_matched_industries,"[""2022Q4"", ""2023Q4"", ""2024Q4""]",False,-2.34870203308698,ready,4,0.590909090909091,22,12376.0,134.52173913043478,"[""CS200028"", ""CS200029"", ""CS200030"", ""CS200031""]",4,-4.210526315789476,4,10.136157337367614,4
2025Q4,1123077,60대이상,C_대면생활서비스,3,1,True,102.93478260869566,100.31521739130436,95.92391304347827,2024Q4,expanding_prior_same_quarter_matched_industries,"[""2022Q4"", ""2023Q4"", ""2024Q4""]",False,3.586520749810385,ready,4,0.227272727272727,22,9560.0,103.91304347826087,"[""CS200028"", ""CS200029"", ""CS200030"", ""CS200031""]",4,-3.042596348884385,4,8.328611898016991,4
2025Q4,1123077,10대,D_생활필수,3,1,False,306.89130434782606,276.40579710144925,218.6086956521739,2024Q4,expanding_prior_same_quarter_matched_industries,"[""2022Q4"", ""2023Q4"", ""2024Q4""]",True,-38.047923657718115,ready,6,0.19047619047619,21,15754.0,171.2391304347826,"[""CS300001"", ""CS300002"", ""CS300006"", ""CS300007"", ""CS300008"", ""CS300010""]",6,-41.126350013079715,6,-21.668655529037395,6
2025Q4,1123077,20대,D_생활필수,3,1,False,2703.5,2427.0471014492755,2063.782608695652,2024Q4,expanding_prior_same_quarter_matched_industries,"[""2022Q4"", ""2023Q4"", ""2024Q4""]",True,-38.66181991893889,ready,6,0.333333333333333,21,136961.0,1488.7065217391305,"[""CS300001"", ""CS300002"", ""CS300006"", ""CS300007"", ""CS300008"", ""CS300010""]",6,-8.018750713561351,6,-27.86514841890154,6
2025Q4,1123077,30대,D_생활필수,3,1,False,2939.1195652173915,2807.7717391304345,2648.3260869565215,2024Q4,expanding_prior_same_quarter_matched_industries,"[""2022Q4"", ""2023Q4"", ""2024Q4""]",True,-22.79464994289917,ready,6,0.142857142857143,21,199433.0,2167.75,"[""CS300001"", ""CS300002"", ""CS300006"", ""CS300007"", ""CS300008"", ""CS300010""]",6,-13.72960393127195,6,-18.146409134564077,6
2025Q4,1123077,40대,D_생활필수,3,1,False,2041.304347826087,1972.4963768115942,1893.5108695652175,2024Q4,expanding_prior_same_quarter_matched_industries,"[""2022Q4"", ""2023Q4"", ""2024Q4""]",True,-17.804995876262154,ready,6,0.19047619047619,21,149159.0,1621.2934782608695,"[""CS300001"", ""CS300002"", ""CS300006"", ""CS300007"", ""CS300008"", ""CS300010""]",6,-20.374215934872552,6,-14.37633106203683,6
2025Q4,1123077,50대,D_생활필수,3,1,False,1431.75,1351.5434782608697,1233.3695652173913,2024Q4,expanding_prior_same_quarter_matched_industries,"[""2022Q4"", ""2023Q4"", ""2024Q4""]",False,-8.261890592076703,ready,6,0.19047619047619,21,114069.0,1239.8804347826087,"[""CS300001"", ""CS300002"", ""CS300006"", ""CS300007"", ""CS300008"", ""CS300010""]",6,-23.41998200786819,6,-13.401052224018951,6
2025Q4,1123077,60대이상,D_생활필수,3,1,False,880.0217391304348,826.3478260869565,777.1630434782609,2024Q4,expanding_prior_same_quarter_matched_industries,"[""2022Q4"", ""2023Q4"", ""2024Q4""]",False,3.984268125854995,ready,6,0.19047619047619,21,79053.0,859.2717391304348,"[""CS300001"", ""CS300002"", ""CS300006"", ""CS300007"", ""CS300008"", ""CS300010""]",6,-7.410400562192566,6,4.552247688828337,6
2025Q4,1123077,10대,E_의료건강,3,1,False,41.46739130434783,34.17391304347826,27.630434782608695,2024Q4,expanding_prior_same_quarter_matched_industries,"[""2022Q4"", ""2023Q4"", ""2024Q4""]",True,-29.262086513994902,ready,5,0.35,20,2224.0,24.17391304347826,"[""CS200006"", ""CS200007"", ""CS200008"", ""CS300018""]",4,-9.886547811993507,5,-12.509834775767104,4
2025Q4,1123077,20대,E_의료건강,3,1,False,896.5652173913044,800.4130434782609,685.3913043478261,2024Q4,expanding_prior_same_quarter_matched_industries,"[""2022Q4"", ""2023Q4"", ""2024Q4""]",True,-22.951465276080295,ready,5,0.666666666666667,21,56737.0,616.7065217391304,"[""CS200006"", ""CS200007"", ""CS200008"", ""CS300018""]",4,-0.197013140072833,5,-10.021250951535155,4
2025Q4,1123077,30대,E_의료건강,3,1,False,1340.9130434782608,1295.9855072463768,1259.3260869565217,2024Q4,expanding_prior_same_quarter_matched_industries,"[""2022Q4"", ""2023Q4"", ""2024Q4""]",True,-8.536114869776224,ready,5,0.80952380952381,21,109053.0,1185.358695652174,"[""CS200006"", ""CS200007"", ""CS200008"", ""CS300018""]",4,-0.095275612191603,5,-5.873569369400466,4
2025Q4,1123077,40대,E_의료건강,3,1,False,1227.0760869565217,1178.4130434782608,1149.7717391304348,2024Q4,expanding_prior_same_quarter_matched_industries,"[""2022Q4"", ""2023Q4"", ""2024Q4""]",True,-11.43948198572139,ready,5,0.571428571428571,21,96012.0,1043.608695652174,"[""CS200006"", ""CS200007"", ""CS200008"", ""CS300018""]",4,2.232617478205401,5,-9.908794054723558,4
2025Q4,1123077,50대,E_의료건강,3,1,True,993.0869565217391,976.5652173913044,949.2065217391304,2024Q4,expanding_prior_same_quarter_matched_industries,"[""2022Q4"", ""2023Q4"", ""2024Q4""]",False,4.060371310271149,ready,5,0.904761904761905,21,93492.0,1016.2173913043479,"[""CS200006"", ""CS200007"", ""CS200008"", ""CS300018""]",4,0.536599528996806,5,2.91828579606126,4
2025Q4,1123077,60대이상,E_의료건강,3,1,False,1224.7065217391305,1174.9891304347827,1105.608695652174,2024Q4,expanding_prior_same_quarter_matched_industries,"[""2022Q4"", ""2023Q4"", ""2024Q4""]",False,3.247948639672882,ready,5,0.523809523809524,21,111610.0,1213.1521739130435,"[""CS200006"", ""CS200007"", ""CS200008"", ""CS300018""]",4,0.288438210425124,5,-0.94343809075822,4
2025Q4,1123078,10대,A_외식카페,3,1,False,86.06521739130434,76.42028985507245,62.79347826086956,2024Q4,expanding_prior_same_quarter_matched_industries,"[""2022Q4"", ""2023Q4"", ""2024Q4""]",True,-39.29451924900435,ready,10,0.227272727272727,22,4268.0,46.391304347826086,"[""CS100001"", ""CS100002"", ""CS100003"", ""CS100004"", ""CS100005"", ""CS100006"", ""CS100007"", ""CS100008"", ""CS100009"", ""CS100010""]",10,-3.351449275362317,10,-26.12082395707114,10
2025Q4,1123078,20대,A_외식카페,3,1,False,2684.1304347826085,2138.836956521739,1639.2282608695652,2024Q4,expanding_prior_same_quarter_matched_industries,"[""2022Q4"", ""2023Q4"", ""2024Q4""]",True,-37.371997174409074,ready,10,0.227272727272727,22,123235.0,1339.5108695652175,"[""CS100001"", ""CS100002"", ""CS100003"", ""CS100004"", ""CS100005"", ""CS100006"", ""CS100007"", ""CS100008"", ""CS100009"", ""CS100010""]",10,-5.377805419267645,10,-18.2840546651725,10
2025Q4,1123078,30대,A_외식카페,3,1,False,4037.0,3515.2318840579705,3162.108695652174,2024Q4,expanding_prior_same_quarter_matched_industries,"[""2022Q4"", ""2023Q4"", ""2024Q4""]",True,-17.335220221726555,ready,10,0.318181818181818,22,267339.0,2905.858695652174,"[""CS100001"", ""CS100002"", ""CS100003"", ""CS100004"", ""CS100005"", ""CS100006"", ""CS100007"", ""CS100008"", ""CS100009"", ""CS100010""]",10,-6.696099816769918,10,-8.1037694988897,10
2025Q4,1123078,40대,A_외식카페,3,1,False,2675.9021739130435,2435.018115942029,2243.467391304348,2024Q4,expanding_prior_same_quarter_matched_industries,"[""2022Q4"", ""2023Q4"", ""2024Q4""]",True,-14.262757322580399,ready,10,0.272727272727273,22,192070.0,2087.717391304348,"[""CS100001"", ""CS100002"", ""CS100003"", ""CS100004"", ""CS100005"", ""CS100006"", ""CS100007"", ""CS100008"", ""CS100009"", ""CS100010""]",10,-6.269367597612685,10,-6.942378596795528,10
2025Q4,1123078,50대,A_외식카페,3,1,False,1877.2717391304348,1775.4166666666667,1687.858695652174,2024Q4,expanding_prior_same_quarter_matched_industries,"[""2022Q4"", ""2023Q4"", ""2024Q4""]",True,-7.732620429986836,ready,10,0.227272727272727,22,150708.0,1638.1304347826087,"[""CS100001"", ""CS100002"", ""CS100003"", ""CS100004"", ""CS100005"", ""CS100006"", ""CS100007"", ""CS100008"", ""CS100009"", ""CS100010""]",10,-5.010179191589403,10,-2.946233650818186,10
2025Q4,1123078,60대이상,A_외식카페,3,1,True,1284.4021739130435,1228.3369565217392,1175.5108695652175,2024Q4,expanding_prior_same_quarter_matched_industries,"[""2022Q4"", ""2023Q4"", ""2024Q4""]",False,8.816268018795292,ready,10,0.409090909090909,22,122970.0,1336.6304347826087,"[""CS100001"", ""CS100002"", ""CS100003"", ""CS100004"", ""CS100005"", ""CS100006"", ""CS100007"", ""CS100008"", ""CS100009"", ""CS100010""]",10,1.409356676920037,10,4.066347903355472,10
2025Q4,1123078,10대,B_여가운동,3,1,False,163.55434782608697,116.81521739130436,70.27173913043478,2024Q4,expanding_prior_same_quarter_matched_industries,"[""2022Q4"", ""2023Q4"", ""2024Q4""]",True,-64.55755094444962,ready,5,0.166666666666667,18,3809.0,41.40217391304348,"[""CS200005"", ""CS200017"", ""CS200019"", ""CS200024"", ""CS200037""]",5,-15.07246376811594,5,-41.082753286929616,5
2025Q4,1123078,20대,B_여가운동,3,1,False,344.1521739130435,298.07971014492756,214.79347826086956,2024Q4,expanding_prior_same_quarter_matched_industries,"[""2022Q4"", ""2023Q4"", ""2024Q4""]",True,-49.31688343259998,ready,5,0.263157894736842,19,13899.0,151.07608695652175,"[""CS200005"", ""CS200017"", ""CS200019"", ""CS200024"", ""CS200037""]",5,-24.2230945371279,5,-29.664490663427955,5
2025Q4,1123078,30대,B_여가운동,3,1,False,266.04347826086956,229.42391304347825,200.75,2024Q4,expanding_prior_same_quarter_matched_industries,"[""2022Q4"", ""2023Q4"", ""2024Q4""]",True,-40.95323826218791,ready,5,0.285714285714286,21,12463.0,135.4673913043478,"[""CS200005"", ""CS200017"", ""CS200019"", ""CS200024"", ""CS200037""]",5,-11.791351121806226,5,-32.51935675997618,5
2025Q4,1123078,40대,B_여가운동,3,1,False,352.6195652173913,276.4311594202899,198.3913043478261,2024Q4,expanding_prior_same_quarter_matched_industries,"[""2022Q4"", ""2023Q4"", ""2024Q4""]",True,-43.49957402188872,ready,5,0.047619047619048,21,14369.0,156.18478260869566,"[""CS200005"", ""CS200017"", ""CS200019"", ""CS200024"", ""CS200037""]",5,-16.054215107787584,5,-21.27438088976551,5
2025Q4,1123078,50대,B_여가운동,3,1,False,373.0217391304348,301.1195652173913,226.70652173913044,2024Q4,expanding_prior_same_quarter_matched_industries,"[""2022Q4"", ""2023Q4"", ""2024Q4""]",True,-33.25993574703101,ready,5,0.047619047619048,21,18489.0,200.9673913043478,"[""CS200005"", ""CS200017"", ""CS200019"", ""CS200024"", ""CS200037""]",5,-26.00256143440327,5,-11.353502421249463,5
2025Q4,1123078,60대이상,B_여가운동,3,1,False,125.75,110.7282608695652,83.31521739130434,2024Q4,expanding_prior_same_quarter_matched_industries,"[""2022Q4"", ""2023Q4"", ""2024Q4""]",False,-19.063512319623044,ready,5,0.285714285714286,21,8245.0,89.6195652173913,"[""CS200005"", ""CS200017"", ""CS200019"", ""CS200024"", ""CS200037""]",5,5.772931366260403,5,7.566862361382909,5
2025Q4,1123078,10대,C_대면생활서비스,3,1,False,9.576086956521738,7.775362318840579,6.804347826086956,2024Q4,expanding_prior_same_quarter_matched_industries,"[""2022Q4"", ""2023Q4"", ""2024Q4""]",True,-21.435228331780053,ready,4,0.523809523809524,21,562.0,6.108695652173913,"[""CS200028"", ""CS200029"", ""CS200030"", ""CS200031""]",4,-9.500805152979064,4,-10.22364217252395,4
2025Q4,1123078,20대,C_대면생활서비스,3,1,False,251.15217391304347,244.76086956521738,232.65217391304347,2024Q4,expanding_prior_same_quarter_matched_industries,"[""2022Q4"", ""2023Q4"", ""2024Q4""]",True,-18.056665778488313,ready,4,0.545454545454545,22,18452.0,200.56521739130434,"[""CS200028"", ""CS200029"", ""CS200030"", ""CS200031""]",4,2.420071047957362,4,-13.791814614090825,4
2025Q4,1123078,30대,C_대면생활서비스,3,1,False,472.04347826086956,463.3623188405797,458.94565217391306,2024Q4,expanding_prior_same_quarter_matched_industries,"[""2022Q4"", ""2023Q4"", ""2024Q4""]",True,-6.423589390716877,ready,4,0.636363636363636,22,39891.0,433.5978260869565,"[""CS200028"", ""CS200029"", ""CS200030"", ""CS200031""]",4,-0.022556390977457,4,-5.554371759357912,4
2025Q4,1123078,40대,C_대면생활서비스,3,1,False,330.8369565217391,318.6050724637681,306.45652173913044,2024Q4,expanding_prior_same_quarter_matched_industries,"[""2022Q4"", ""2023Q4"", ""2024Q4""]",False,-2.571217376471258,ready,4,0.909090909090909,22,28558.0,310.4130434782609,"[""CS200028"", ""CS200029"", ""CS200030"", ""CS200031""]",4,4.803846012697721,4,1.291054834361916,4
2025Q4,1123078,50대,C_대면생활서비스,3,1,False,265.54347826086956,255.8731884057971,242.41304347826087,2024Q4,expanding_prior_same_quarter_matched_industries,"[""2022Q4"", ""2023Q4"", ""2024Q4""]",True,-6.042112119624465,ready,4,0.409090909090909,22,22118.0,240.41304347826087,"[""CS200028"", ""CS200029"", ""CS200030"", ""CS200031""]",4,-2.499448975093677,4,-7.413453890912136,4
2025Q4,1123078,60대이상,C_대면생활서비스,3,1,True,172.2608695652174,157.11231884057972,141.22826086956522,2024Q4,expanding_prior_same_quarter_matched_industries,"[""2022Q4"", ""2023Q4"", ""2024Q4""]",False,23.395521527569585,ready,4,0.772727272727273,22,17836.0,193.8695652173913,"[""CS200028"", ""CS200029"", ""CS200030"", ""CS200031""]",4,3.319237675954345,4,12.54416961130742,4
2025Q4,1123078,10대,D_생활필수,3,1,False,248.22826086956522,222.34420289855075,194.75,2024Q4,expanding_prior_same_quarter_matched_industries,"[""2022Q4"", ""2023Q4"", ""2024Q4""]",True,-25.60007821793473,ready,6,0.428571428571429,21,15219.0,165.42391304347825,"[""CS300001"", ""CS300002"", ""CS300007"", ""CS300008"", ""CS300009"", ""CS300010""]",6,-5.64786112833231,6,-15.058324496288444,6
2025Q4,1123078,20대,D_생활필수,3,1,False,3373.3478260869565,2900.7246376811595,2520.75,2024Q4,expanding_prior_same_quarter_matched_industries,"[""2022Q4"", ""2023Q4"", ""2024Q4""]",True,-28.020234823882095,ready,6,0.571428571428571,21,192090.0,2087.9347826086955,"[""CS300001"", ""CS300002"", ""CS300007"", ""CS300008"", ""CS300009"", ""CS300010""]",6,-10.789836663988527,6,-17.170096891453124,6
2025Q4,1123078,30대,D_생활필수,3,1,False,3956.9565217391305,3817.6702898550725,3679.2065217391305,2024Q4,expanding_prior_same_quarter_matched_industries,"[""2022Q4"", ""2023Q4"", ""2024Q4""]",True,-17.54959062407171,ready,6,0.380952380952381,21,289587.0,3147.6847826086955,"[""CS300001"", ""CS300002"", ""CS300007"", ""CS300008"", ""CS300009"", ""CS300010""]",6,-13.068524650202173,6,-14.446640491363038,6
2025Q4,1123078,40대,D_생활필수,3,1,False,2882.2391304347825,2835.4166666666665,2795.728260869565,2024Q4,expanding_prior_same_quarter_matched_industries,"[""2022Q4"", ""2023Q4"", ""2024Q4""]",True,-9.214707855477112,ready,6,0.428571428571429,21,236821.0,2574.141304347826,"[""CS300001"", ""CS300002"", ""CS300007"", ""CS300008"", ""CS300009"", ""CS300010""]",6,-8.995853683842437,6,-8.985711101375083,6
2025Q4,1123078,50대,D_생활필수,3,1,False,2031.554347826087,1979.8260869565217,1880.75,2024Q4,expanding_prior_same_quarter_matched_industries,"[""2022Q4"", ""2023Q4"", ""2024Q4""]",False,1.909478215038662,ready,6,0.523809523809524,21,185622.0,2017.6304347826087,"[""CS300001"", ""CS300002"", ""CS300007"", ""CS300008"", ""CS300009"", ""CS300010""]",6,-13.409246759062722,6,-0.685382257106626,6
2025Q4,1123078,60대이상,D_생활필수,3,1,True,1236.7065217391305,1070.25,927.9565217391304,2024Q4,expanding_prior_same_quarter_matched_industries,"[""2022Q4"", ""2023Q4"", ""2024Q4""]",False,29.52784294608126,ready,6,0.761904761904762,21,127537.0,1386.2717391304348,"[""CS300001"", ""CS300002"", ""CS300007"", ""CS300008"", ""CS300009"", ""CS300010""]",6,-11.037248883928575,6,12.093832672684268,6
2025Q4,1123078,10대,E_의료건강,3,1,False,38.42391304347826,32.47826086956521,26.217391304347824,2024Q4,expanding_prior_same_quarter_matched_industries,"[""2022Q4"", ""2023Q4"", ""2024Q4""]",False,1.47255689424366,ready,5,0.95,20,3032.0,32.95652173913044,"[""CS200006"", ""CS200007"", ""CS200008"", ""CS300018"", ""CS300019""]",5,9.261261261261255,5,0.497182631753423,5
2025Q4,1123078,20대,E_의료건강,3,1,False,882.6304347826087,792.5289855072464,735.554347826087,2024Q4,expanding_prior_same_quarter_matched_industries,"[""2022Q4"", ""2023Q4"", ""2024Q4""]",False,-5.515731148680148,ready,5,1.0,21,68891.0,748.8152173913044,"[""CS200006"", ""CS200007"", ""CS200008"", ""CS300018"", ""CS300019""]",5,-3.880176358968634,5,-15.160956626684074,5
2025Q4,1123078,30대,E_의료건강,3,1,False,2315.663043478261,2203.0471014492755,2078.978260869565,2024Q4,expanding_prior_same_quarter_matched_industries,"[""2022Q4"", ""2023Q4"", ""2024Q4""]",True,-5.903549267236919,ready,5,0.904761904761905,21,190715.0,2072.9891304347825,"[""CS200006"", ""CS200007"", ""CS200008"", ""CS300018"", ""CS300019""]",5,2.328089453577698,5,-10.479672926807526,5
2025Q4,1123078,40대,E_의료건강,3,1,False,3241.1521739130435,2943.684782608696,2422.728260869565,2024Q4,expanding_prior_same_quarter_matched_industries,"[""2022Q4"", ""2023Q4"", ""2024Q4""]",False,-8.494972657014465,ready,5,0.761904761904762,21,247813.0,2693.6195652173915,"[""CS200006"", ""CS200007"", ""CS200008"", ""CS300018"", ""CS300019""]",5,13.197454789627328,5,-16.89314723025226,5
2025Q4,1123078,50대,E_의료건강,3,1,False,1713.358695652174,1571.5434782608697,1395.4673913043478,2024Q4,expanding_prior_same_quarter_matched_industries,"[""2022Q4"", ""2023Q4"", ""2024Q4""]",False,4.081420923766443,ready,5,0.952380952380952,21,150483.0,1635.6847826086957,"[""CS200006"", ""CS200007"", ""CS200008"", ""CS300018"", ""CS300019""]",5,-0.559703958236957,5,-4.533429762289931,5
2025Q4,1123078,60대이상,E_의료건강,3,1,False,1961.2391304347825,1645.9384057971013,1381.554347826087,2024Q4,expanding_prior_same_quarter_matched_industries,"[""2022Q4"", ""2023Q4"", ""2024Q4""]",False,13.685642523647367,ready,5,0.857142857142857,21,172150.0,1871.195652173913,"[""CS200006"", ""CS200007"", ""CS200008"", ""CS300018"", ""CS300019""]",5,-2.571677589505028,5,-4.59115244355276,5
2025Q4,1123079,10대,A_외식카페,3,1,True,502.3152173913044,405.6702898550725,345.10869565217394,2024Q4,expanding_prior_same_quarter_matched_industries,"[""2022Q4"", ""2023Q4"", ""2024Q4""]",False,121.41294154423252,ready,10,1.0,22,82635.0,898.2065217391304,"[""CS100001"", ""CS100002"", ""CS100003"", ""CS100004"", ""CS100005"", ""CS100006"", ""CS100007"", ""CS100008"", ""CS100009"", ""CS100010""]",10,-38.31229424367522,10,78.81332092701186,10
2025Q4,1123079,20대,A_외식카페,3,1,False,3097.6847826086955,2728.713768115942,2330.1195652173915,2024Q4,expanding_prior_same_quarter_matched_industries,"[""2022Q4"", ""2023Q4"", ""2024Q4""]",False,-12.07395850622407,ready,10,1.0,22,220731.0,2399.25,"[""CS100001"", ""CS100002"", ""CS100003"", ""CS100004"", ""CS100005"", ""CS100006"", ""CS100007"", ""CS100008"", ""CS100009"", ""CS100010""]",10,-19.832714699750852,10,2.966819205956028,10
2025Q4,1123079,30대,A_외식카페,3,1,False,5597.260869565217,5344.097826086956,4955.858695652174,2024Q4,expanding_prior_same_quarter_matched_industries,"[""2022Q4"", ""2023Q4"", ""2024Q4""]",True,-12.605535973249637,ready,10,0.363636363636364,22,429681.0,4670.445652173913,"[""CS100001"", ""CS100002"", ""CS100003"", ""CS100004"", ""CS100005"", ""CS100006"", ""CS100007"", ""CS100008"", ""CS100009"", ""CS100010""]",10,-18.188101430676717,10,-5.759103739754668,10
2025Q4,1123079,40대,A_외식카페,3,1,True,5398.010869565217,4994.764492753623,4749.402173913043,2024Q4,expanding_prior_same_quarter_matched_industries,"[""2022Q4"", ""2023Q4"", ""2024Q4""]",False,22.813380677593575,ready,10,0.954545454545455,22,564350.0,6134.239130434783,"[""CS100001"", ""CS100002"", ""CS100003"", ""CS100004"", ""CS100005"", ""CS100006"", ""CS100007"", ""CS100008"", ""CS100009"", ""CS100010""]",10,-17.932065462392856,10,13.638880666590158,10
2025Q4,1123079,50대,A_외식카페,3,1,True,3289.663043478261,2948.391304347826,2764.1739130434785,2024Q4,expanding_prior_same_quarter_matched_industries,"[""2022Q4"", ""2023Q4"", ""2024Q4""]",False,60.570244643357476,ready,10,1.0,22,435550.0,4734.239130434783,"[""CS100001"", ""CS100002"", ""CS100003"", ""CS100004"", ""CS100005"", ""CS100006"", ""CS100007"", ""CS100008"", ""CS100009"", ""CS100010""]",10,-21.938988567301298,10,43.91258520596466,10
2025Q4,1123079,60대이상,A_외식카페,3,1,True,1174.0978260869565,1061.9311594202898,991.9239130434783,2024Q4,expanding_prior_same_quarter_matched_industries,"[""2022Q4"", ""2023Q4"", ""2024Q4""]",False,51.978041099582754,ready,10,0.954545454545455,22,148479.0,1613.9021739130435,"[""CS100001"", ""CS100002"", ""CS100003"", ""CS100004"", ""CS100005"", ""CS100006"", ""CS100007"", ""CS100008"", ""CS100009"", ""CS100010""]",10,-9.156597020404423,10,37.45891850356888,10
2025Q4,1123079,10대,B_여가운동,3,1,True,34.56521739130435,29.427536231884062,23.934782608695652,2024Q4,expanding_prior_same_quarter_matched_industries,"[""2022Q4"", ""2023Q4"", ""2024Q4""]",False,22.223590248707215,ready,5,0.777777777777778,18,3309.0,35.96739130434783,"[""CS200005"", ""CS200016"", ""CS200017"", ""CS200024"", ""CS200037""]",5,-15.908513341804309,5,4.056603773584899,5
2025Q4,1123079,20대,B_여가운동,3,1,False,24.77173913043478,22.07246376811594,16.76086956521739,2024Q4,expanding_prior_same_quarter_matched_industries,"[""2022Q4"", ""2023Q4"", ""2024Q4""]",True,-39.77347340774787,ready,5,0.368421052631579,19,1223.0,13.293478260869565,"[""CS200005"", ""CS200016"", ""CS200017"", ""CS200024"", ""CS200037""]",5,-3.700787401574812,5,-20.68741893644618,5
2025Q4,1123079,30대,B_여가운동,3,1,False,79.03260869565217,67.8876811594203,53.5,2024Q4,expanding_prior_same_quarter_matched_industries,"[""2022Q4"", ""2023Q4"", ""2024Q4""]",True,-55.761327853978756,ready,5,0.142857142857143,21,2763.0,30.032608695652176,"[""CS200005"", ""CS200016"", ""CS200017"", ""CS200024"", ""CS200037""]",5,-12.34137055837563,5,-43.864282811865095,5
2025Q4,1123079,40대,B_여가운동,3,1,False,258.8478260869565,240.68840579710147,217.34782608695653,2024Q4,expanding_prior_same_quarter_matched_industries,"[""2022Q4"", ""2023Q4"", ""2024Q4""]",True,-14.87279843444227,ready,5,0.523809523809524,21,18850.0,204.8913043478261,"[""CS200005"", ""CS200016"", ""CS200017"", ""CS200024"", ""CS200037""]",5,-11.792232101076273,5,-5.731146229245853,5
2025Q4,1123079,50대,B_여가운동,3,1,False,132.79347826086956,123.84057971014492,117.94565217391305,2024Q4,expanding_prior_same_quarter_matched_industries,"[""2022Q4"", ""2023Q4"", ""2024Q4""]",False,0.21650087770626,ready,5,0.523809523809524,21,11418.0,124.1086956521739,"[""CS200005"", ""CS200016"", ""CS200017"", ""CS200024"", ""CS200037""]",5,-4.834139023170536,5,5.225324854852076,5
2025Q4,1123079,60대이상,B_여가운동,3,1,True,44.44565217391305,42.73188405797102,41.57608695652174,2024Q4,expanding_prior_same_quarter_matched_industries,"[""2022Q4"", ""2023Q4"", ""2024Q4""]",False,15.355265389180905,ready,5,0.476190476190476,21,4535.0,49.29347826086956,"[""CS200005"", ""CS200016"", ""CS200017"", ""CS200024"", ""CS200037""]",5,-11.130707427003728,5,16.881443298969078,5
2025Q4,1123079,10대,C_대면생활서비스,3,1,False,2.815217391304348,2.311594202898551,1.630434782608696,2024Q4,expanding_prior_same_quarter_matched_industries,"[""2022Q4"", ""2023Q4"", ""2024Q4""]",False,-0.313479623824453,ready,3,0.714285714285714,21,212.0,2.304347826086957,"[""CS200028"", ""CS200030"", ""CS200031""]",3,-27.89115646258503,3,-18.146718146718143,3
2025Q4,1123079,20대,C_대면생활서비스,3,1,False,11.206521739130435,8.105072463768115,6.119565217391305,2024Q4,expanding_prior_same_quarter_matched_industries,"[""2022Q4"", ""2023Q4"", ""2024Q4""]",False,16.271792579347366,ready,3,0.909090909090909,22,867.0,9.423913043478262,"[""CS200028"", ""CS200030"", ""CS200031""]",3,18.442622950819686,3,34.83670295489893,3
2025Q4,1123079,30대,C_대면생활서비스,3,1,True,19.380434782608695,17.753623188405797,15.326086956521738,2024Q4,expanding_prior_same_quarter_matched_industries,"[""2022Q4"", ""2023Q4"", ""2024Q4""]",False,21.224489795918355,ready,3,1.0,22,1980.0,21.52173913043478,"[""CS200028"", ""CS200030"", ""CS200031""]",3,19.565217391304344,3,15.992970123022832,3
2025Q4,1123079,40대,C_대면생활서비스,3,1,False,52.02173913043478,45.630434782608695,38.16304347826087,2024Q4,expanding_prior_same_quarter_matched_industries,"[""2022Q4"", ""2023Q4"", ""2024Q4""]",False,-3.716055264411633,ready,3,0.863636363636364,22,4042.0,43.93478260869565,"[""CS200028"", ""CS200030"", ""CS200031""]",3,5.673202614379069,3,-5.934372818245304,3
2025Q4,1123079,50대,C_대면생활서비스,3,1,False,44.26086956521739,42.61231884057971,41.641304347826086,2024Q4,expanding_prior_same_quarter_matched_industries,"[""2022Q4"", ""2023Q4"", ""2024Q4""]",True,-3.273531162316123,ready,3,0.545454545454545,22,3792.0,41.21739130434783,"[""CS200028"", ""CS200030"", ""CS200031""]",3,-0.315457413249209,3,-1.018010963194982,3
2025Q4,1123079,60대이상,C_대면생활서비스,3,1,True,32.53260869565217,30.894927536231886,28.130434782608695,2024Q4,expanding_prior_same_quarter_matched_industries,"[""2022Q4"", ""2023Q4"", ""2024Q4""]",False,11.49290489034831,ready,3,0.363636363636364,22,3169.0,34.44565217391305,"[""CS200028"", ""CS200030"", ""CS200031""]",3,13.584229390681024,3,5.880387570999024,3
2025Q4,1123079,10대,D_생활필수,3,1,False,938.3152173913044,862.8623188405796,821.4021739130435,2024Q4,expanding_prior_same_quarter_matched_industries,"[""2022Q4"", ""2023Q4"", ""2024Q4""]",True,-28.56183077892084,ready,5,0.333333333333333,21,56710.0,616.4130434782609,"[""CS300001"", ""CS300002"", ""CS300007"", ""CS300009"", ""CS300010""]",5,-13.603193223540888,5,-25.632081409987407,5
2025Q4,1123079,20대,D_생활필수,3,1,False,3233.9347826086955,2500.1847826086955,1835.3804347826087,2024Q4,expanding_prior_same_quarter_matched_industries,"[""2022Q4"", ""2023Q4"", ""2024Q4""]",False,-24.428194437802418,ready,5,0.666666666666667,21,173828.0,1889.4347826086957,"[""CS300001"", ""CS300002"", ""CS300007"", ""CS300009"", ""CS300010""]",5,-0.31997981489339,5,2.94513043735749,5
2025Q4,1123079,30대,D_생활필수,3,1,False,4033.6195652173915,3704.9963768115945,3312.1739130434785,2024Q4,expanding_prior_same_quarter_matched_industries,"[""2022Q4"", ""2023Q4"", ""2024Q4""]",False,-8.66915905763761,ready,5,0.666666666666667,21,311310.0,3383.804347826087,"[""CS300001"", ""CS300002"", ""CS300007"", ""CS300009"", ""CS300010""]",5,-1.966897177190796,5,2.162641113153052,5
2025Q4,1123079,40대,D_생활필수,3,1,False,4922.391304347826,4785.876811594203,4668.597826086957,2024Q4,expanding_prior_same_quarter_matched_industries,"[""2022Q4"", ""2023Q4"", ""2024Q4""]",False,1.718901175106091,ready,5,0.904761904761905,21,447869.0,4868.141304347826,"[""CS300001"", ""CS300002"", ""CS300007"", ""CS300009"", ""CS300010""]",5,-2.0991448656967,5,4.274162943440318,5
2025Q4,1123079,50대,D_생활필수,3,1,True,3224.8152173913045,3160.0905797101454,3090.195652173913,2024Q4,expanding_prior_same_quarter_matched_industries,"[""2022Q4"", ""2023Q4"", ""2024Q4""]",False,11.325578862282626,ready,5,0.666666666666667,21,323655.0,3517.9891304347825,"[""CS300001"", ""CS300002"", ""CS300007"", ""CS300009"", ""CS300010""]",5,-5.294529025688455,5,9.091184867349988,5
2025Q4,1123079,60대이상,D_생활필수,3,1,True,1133.9782608695652,1039.1702898550725,957.945652173913,2024Q4,expanding_prior_same_quarter_matched_industries,"[""2022Q4"", ""2023Q4"", ""2024Q4""]",False,67.96845309280329,ready,5,1.0,21,160584.0,1745.4782608695652,"[""CS300001"", ""CS300002"", ""CS300007"", ""CS300009"", ""CS300010""]",5,-6.343716646934294,5,53.92519602016754,5
2025Q4,1123079,10대,E_의료건강,3,1,False,16.22826086956522,12.996376811594203,10.369565217391305,2024Q4,expanding_prior_same_quarter_matched_industries,"[""2022Q4"", ""2023Q4"", ""2024Q4""]",False,9.980485085029267,ready,5,1.0,20,1315.0,14.293478260869565,"[""CS200006"", ""CS200007"", ""CS200008"", ""CS300018"", ""CS300019""]",5,-29.414922168545367,5,-11.922304085733437,5
2025Q4,1123079,20대,E_의료건강,3,1,False,290.2717391304348,265.34057971014494,219.69565217391303,2024Q4,expanding_prior_same_quarter_matched_industries,"[""2022Q4"", ""2023Q4"", ""2024Q4""]",True,-35.43982303301745,ready,5,0.19047619047619,21,15760.0,171.30434782608697,"[""CS200006"", ""CS200007"", ""CS200008"", ""CS300018"", ""CS300019""]",5,3.622854888552829,5,-22.02651889966356,5
2025Q4,1123079,30대,E_의료건강,3,1,False,586.3913043478261,533.8188405797101,488.69565217391306,2024Q4,expanding_prior_same_quarter_matched_industries,"[""2022Q4"", ""2023Q4"", ""2024Q4""]",True,-22.42116551508817,ready,5,0.285714285714286,21,38100.0,414.1304347826087,"[""CS200006"", ""CS200007"", ""CS200008"", ""CS300018"", ""CS300019""]",5,6.81544198043118,5,-15.258007117437721,5
2025Q4,1123079,40대,E_의료건강,3,1,False,704.5,604.75,531.2608695652174,2024Q4,expanding_prior_same_quarter_matched_industries,"[""2022Q4"", ""2023Q4"", ""2024Q4""]",True,-15.0834876071679,ready,5,0.428571428571429,21,47245.0,513.5326086956521,"[""CS200006"", ""CS200007"", ""CS200008"", ""CS300018"", ""CS300019""]",5,15.995580653081266,5,-11.228650344788726,5
2025Q4,1123079,50대,E_의료건강,3,1,False,366.5,347.34057971014494,332.9021739130435,2024Q4,expanding_prior_same_quarter_matched_industries,"[""2022Q4"", ""2023Q4"", ""2024Q4""]",False,-2.767404502117554,ready,5,0.666666666666667,21,31071.0,337.7282608695652,"[""CS200006"", ""CS200007"", ""CS200008"", ""CS300018"", ""CS300019""]",5,4.729000943777817,5,-1.427619682116699,5
2025Q4,1123079,60대이상,E_의료건강,3,1,False,271.04347826086956,260.50724637681157,247.5108695652174,2024Q4,expanding_prior_same_quarter_matched_industries,"[""2022Q4"", ""2023Q4"", ""2024Q4""]",False,-1.095966620305966,ready,5,0.285714285714286,21,23704.0,257.6521739130435,"[""CS200006"", ""CS200007"", ""CS200008"", ""CS300018"", ""CS300019""]",5,0.219854557754107,5,-2.021245814905126,5
2025Q4,1123080,10대,A_외식카페,3,1,False,154.70652173913044,135.93840579710147,100.54347826086956,2024Q4,expanding_prior_same_quarter_matched_industries,"[""2022Q4"", ""2023Q4"", ""2024Q4""]",False,-24.71814280764414,ready,10,0.5,22,9415.0,102.33695652173913,"[""CS100001"", ""CS100003"", ""CS100004"", ""CS100005"", ""CS100006"", ""CS100007"", ""CS100008"", ""CS100009"", ""CS100010""]",9,5.390539053905408,10,-0.229118933555494,10
2025Q4,1123080,20대,A_외식카페,3,1,False,828.0326086956521,680.9927536231884,493.94565217391306,2024Q4,expanding_prior_same_quarter_matched_industries,"[""2022Q4"", ""2023Q4"", ""2024Q4""]",True,-38.184875022611905,ready,10,0.181818181818182,22,38728.0,420.95652173913044,"[""CS100001"", ""CS100003"", ""CS100004"", ""CS100005"", ""CS100006"", ""CS100007"", ""CS100008"", ""CS100009"", ""CS100010""]",9,-2.837706993718825,10,-14.85880868467998,10
2025Q4,1123080,30대,A_외식카페,3,1,False,1038.5652173913043,959.5942028985506,912.6521739130435,2024Q4,expanding_prior_same_quarter_matched_industries,"[""2022Q4"", ""2023Q4"", ""2024Q4""]",True,-10.51357759922672,ready,10,0.5,22,79001.0,858.7065217391304,"[""CS100001"", ""CS100003"", ""CS100004"", ""CS100005"", ""CS100006"", ""CS100007"", ""CS100008"", ""CS100009"", ""CS100010""]",9,0.701909700265602,10,-6.101487045837805,10
2025Q4,1123080,40대,A_외식카페,3,1,False,1660.2717391304348,1560.56884057971,1479.0,2024Q4,expanding_prior_same_quarter_matched_industries,"[""2022Q4"", ""2023Q4"", ""2024Q4""]",False,0.348720853832107,ready,10,0.863636363636364,22,144073.0,1566.0108695652175,"[""CS100001"", ""CS100003"", ""CS100004"", ""CS100005"", ""CS100006"", ""CS100007"", ""CS100008"", ""CS100009"", ""CS100010""]",9,-3.269957927251432,10,1.233862596058044,10
2025Q4,1123080,50대,A_외식카페,3,1,False,1793.0760869565217,1535.6231884057972,1398.5869565217392,2024Q4,expanding_prior_same_quarter_matched_industries,"[""2022Q4"", ""2023Q4"", ""2024Q4""]",False,1.046641121953962,ready,10,0.545454545454545,22,142756.0,1551.695652173913,"[""CS100001"", ""CS100003"", ""CS100004"", ""CS100005"", ""CS100006"", ""CS100007"", ""CS100008"", ""CS100009"", ""CS100010""]",9,0.113841454949326,10,10.965438709875986,10
2025Q4,1123080,60대이상,A_외식카페,3,1,True,1116.7391304347825,1024.836956521739,888.9565217391304,2024Q4,expanding_prior_same_quarter_matched_industries,"[""2022Q4"", ""2023Q4"", ""2024Q4""]",False,31.844938219228936,ready,10,0.909090909090909,22,124310.0,1351.195652173913,"[""CS100001"", ""CS100003"", ""CS100004"", ""CS100005"", ""CS100006"", ""CS100007"", ""CS100008"", ""CS100009"", ""CS100010""]",9,1.996292019710855,10,20.85850556438793,10
2025Q4,1123080,10대,B_여가운동,3,1,False,10.369565217391305,8.380434782608695,6.826086956521739,2024Q4,expanding_prior_same_quarter_matched_industries,"[""2022Q4"", ""2023Q4"", ""2024Q4""]",True,-34.50064850843061,ready,4,0.444444444444444,18,505.0,5.489130434782608,"[""CS200005"", ""CS200016"", ""CS200037""]",3,13.228699551569512,4,-19.5859872611465,4
2025Q4,1123080,20대,B_여가운동,3,1,False,13.391304347826088,12.869565217391305,12.271739130434783,2024Q4,expanding_prior_same_quarter_matched_industries,"[""2022Q4"", ""2023Q4"", ""2024Q4""]",True,-13.51351351351352,ready,4,0.68421052631579,19,1024.0,11.130434782608695,"[""CS200005"", ""CS200016"", ""CS200037""]",3,1.825168107588859,4,-8.304498269896188,4
2025Q4,1123080,30대,B_여가운동,3,1,True,12.793478260869565,10.891304347826086,8.0,2024Q4,expanding_prior_same_quarter_matched_industries,"[""2022Q4"", ""2023Q4"", ""2024Q4""]",False,33.83233532934131,ready,4,0.857142857142857,21,1341.0,14.576086956521738,"[""CS200005"", ""CS200016"", ""CS200037""]",3,-16.60649819494585,4,15.116279069767447,4
2025Q4,1123080,40대,B_여가운동,3,1,True,18.467391304347824,15.862318840579709,11.282608695652174,2024Q4,expanding_prior_same_quarter_matched_industries,"[""2022Q4"", ""2023Q4"", ""2024Q4""]",False,77.2727272727273,ready,4,0.904761904761905,21,2587.0,28.119565217391305,"[""CS200005"", ""CS200016"", ""CS200037""]",3,16.03563474387528,4,49.36926605504588,4
2025Q4,1123080,50대,B_여가운동,3,1,True,13.445652173913043,12.159420289855072,10.728260869565217,2024Q4,expanding_prior_same_quarter_matched_industries,"[""2022Q4"", ""2023Q4"", ""2024Q4""]",False,27.02622169249105,ready,4,0.80952380952381,21,1421.0,15.445652173913043,"[""CS200005"", ""CS200016"", ""CS200037""]",3,27.700348432055755,4,42.05426356589148,4
2025Q4,1123080,60대이상,B_여가운동,3,1,True,10.119565217391305,7.960144927536232,6.510869565217392,2024Q4,expanding_prior_same_quarter_matched_industries,"[""2022Q4"", ""2023Q4"", ""2024Q4""]",False,77.51479289940828,ready,4,0.857142857142857,21,1300.0,14.130434782608695,"[""CS200005"", ""CS200016"", ""CS200037""]",3,-10.879785090664873,4,38.51774530271399,4
2025Q4,1123080,10대,C_대면생활서비스,3,1,True,3.391304347826087,2.902173913043478,2.467391304347826,2024Q4,expanding_prior_same_quarter_matched_industries,"[""2022Q4"", ""2023Q4"", ""2024Q4""]",False,24.7191011235955,ready,4,0.904761904761905,21,333.0,3.619565217391304,"[""CS200028"", ""CS200029"", ""CS200030"", ""CS200031""]",4,4.062499999999991,4,6.730769230769229,4
2025Q4,1123080,20대,C_대면생활서비스,3,1,False,15.902173913043478,14.706521739130435,14.065217391304348,2024Q4,expanding_prior_same_quarter_matched_industries,"[""2022Q4"", ""2023Q4"", ""2024Q4""]",True,-17.2209903917221,ready,4,0.590909090909091,22,1120.0,12.173913043478262,"[""CS200028"", ""CS200029"", ""CS200030"", ""CS200031""]",4,-17.037037037037038,4,-13.978494623655912,4
2025Q4,1123080,30대,C_대면생활서비스,3,1,False,31.67391304347826,24.23913043478261,19.032608695652176,2024Q4,expanding_prior_same_quarter_matched_industries,"[""2022Q4"", ""2023Q4"", ""2024Q4""]",False,19.103139013452907,ready,4,0.954545454545455,22,2656.0,28.869565217391305,"[""CS200028"", ""CS200029"", ""CS200030"", ""CS200031""]",4,-6.115235065394131,4,-8.8538091969801,4
2025Q4,1123080,40대,C_대면생활서비스,3,1,True,65.3913043478261,53.166666666666664,44.68478260869565,2024Q4,expanding_prior_same_quarter_matched_industries,"[""2022Q4"", ""2023Q4"", ""2024Q4""]",False,30.455226931988545,ready,4,1.0,22,6381.0,69.3586956521739,"[""CS200028"", ""CS200029"", ""CS200030"", ""CS200031""]",4,-6.737795966091786,4,6.06715425531914,4
2025Q4,1123080,50대,C_대면생활서비스,3,1,True,71.80434782608695,60.2391304347826,52.01086956521739,2024Q4,expanding_prior_same_quarter_matched_industries,"[""2022Q4"", ""2023Q4"", ""2024Q4""]",False,19.57776975821004,ready,4,0.863636363636364,22,6627.0,72.03260869565217,"[""CS200028"", ""CS200029"", ""CS200030"", ""CS200031""]",4,-8.656099241902126,4,0.317892824704824,4
2025Q4,1123080,60대이상,C_대면생활서비스,3,1,True,70.46739130434783,50.3768115942029,37.70652173913044,2024Q4,expanding_prior_same_quarter_matched_industries,"[""2022Q4"", ""2023Q4"", ""2024Q4""]",False,61.00402761795165,ready,4,1.0,22,7462.0,81.1086956521739,"[""CS200028"", ""CS200029"", ""CS200030"", ""CS200031""]",4,-0.427008273285301,4,15.101033472157944,4
2025Q4,1123080,10대,D_생활필수,3,1,False,116.33695652173913,90.51449275362319,67.34782608695652,2024Q4,expanding_prior_same_quarter_matched_industries,"[""2022Q4"", ""2023Q4"", ""2024Q4""]",False,-16.023536946601556,ready,5,0.619047619047619,21,6993.0,76.01086956521739,"[""CS300001"", ""CS300002"", ""CS300007"", ""CS300009"", ""CS300010""]",5,-11.492216175167712,5,-13.485092168749224,5
2025Q4,1123080,20대,D_생활필수,3,1,False,372.82608695652175,312.89130434782606,256.5326086956522,2024Q4,expanding_prior_same_quarter_matched_industries,"[""2022Q4"", ""2023Q4"", ""2024Q4""]",True,-43.02786076564996,ready,5,0.142857142857143,21,16400.0,178.2608695652174,"[""CS300001"", ""CS300002"", ""CS300007"", ""CS300009"", ""CS300010""]",5,-18.94830483344865,5,-30.51141900766916,5
2025Q4,1123080,30대,D_생활필수,3,1,False,515.8260869565217,439.8840579710145,392.25,2024Q4,expanding_prior_same_quarter_matched_industries,"[""2022Q4"", ""2023Q4"", ""2024Q4""]",True,-20.22354375329468,ready,5,0.238095238095238,21,32285.0,350.92391304347825,"[""CS300001"", ""CS300002"", ""CS300007"", ""CS300009"", ""CS300010""]",5,-9.707461684752216,5,-14.736564109335804,5
2025Q4,1123080,40대,D_생활필수,3,1,False,816.2391304347826,713.9782608695651,632.4565217391304,2024Q4,expanding_prior_same_quarter_matched_industries,"[""2022Q4"", ""2023Q4"", ""2024Q4""]",False,-4.317510580641216,ready,5,0.666666666666667,21,62850.0,683.1521739130435,"[""CS300001"", ""CS300002"", ""CS300007"", ""CS300009"", ""CS300010""]",5,-4.281080093206002,5,-1.455047194957504,5
2025Q4,1123080,50대,D_생활필수,3,1,False,1002.7065217391304,839.4420289855074,728.2934782608696,2024Q4,expanding_prior_same_quarter_matched_industries,"[""2022Q4"", ""2023Q4"", ""2024Q4""]",False,-7.865818392134194,ready,5,0.238095238095238,21,71154.0,773.4130434782609,"[""CS300001"", ""CS300002"", ""CS300007"", ""CS300009"", ""CS300010""]",5,-6.807942162615255,5,-1.767125935334235,5
2025Q4,1123080,60대이상,D_생활필수,3,1,True,799.8369565217391,750.894927536232,661.054347826087,2024Q4,expanding_prior_same_quarter_matched_industries,"[""2022Q4"", ""2023Q4"", ""2024Q4""]",False,10.445024535940185,ready,5,0.380952380952381,21,76298.0,829.3260869565217,"[""CS300001"", ""CS300002"", ""CS300007"", ""CS300009"", ""CS300010""]",5,-3.017592027659144,5,4.740201798338939,5
2025Q4,1123080,10대,E_의료건강,3,1,False,15.826086956521738,14.355072463768115,12.315217391304348,2024Q4,expanding_prior_same_quarter_matched_industries,"[""2022Q4"", ""2023Q4"", ""2024Q4""]",True,-35.18425037859666,ready,4,0.25,20,856.0,9.304347826086957,"[""CS200006"", ""CS200007"", ""CS200008"", ""CS300018""]",4,-28.844555278470484,4,-37.65477057538238,4
2025Q4,1123080,20대,E_의료건강,3,1,False,129.57608695652175,115.35507246376812,93.16304347826087,2024Q4,expanding_prior_same_quarter_matched_industries,"[""2022Q4"", ""2023Q4"", ""2024Q4""]",False,-6.008543250204157,ready,4,0.952380952380952,21,9975.0,108.42391304347827,"[""CS200006"", ""CS200007"", ""CS200008"", ""CS300018""]",4,5.121719886183995,4,-16.324133881385794,4
2025Q4,1123080,30대,E_의료건강,3,1,False,356.80434782608694,288.3840579710145,187.3695652173913,2024Q4,expanding_prior_same_quarter_matched_industries,"[""2022Q4"", ""2023Q4"", ""2024Q4""]",False,-2.699952257707872,ready,4,1.0,21,25815.0,280.5978260869565,"[""CS200006"", ""CS200007"", ""CS200008"", ""CS300018""]",4,4.168347994512134,4,-21.35806982270152,4
2025Q4,1123080,40대,E_의료건강,3,1,False,758.9673913043479,594.6666666666666,378.4130434782609,2024Q4,expanding_prior_same_quarter_matched_industries,"[""2022Q4"", ""2023Q4"", ""2024Q4""]",False,-5.480478650809117,ready,4,0.80952380952381,21,51711.0,562.0760869565217,"[""CS200006"", ""CS200007"", ""CS200008"", ""CS300018""]",4,6.801189640216454,4,-25.941997851772292,4
2025Q4,1123080,50대,E_의료건강,3,1,False,547.9130434782609,443.1702898550725,329.57608695652175,2024Q4,expanding_prior_same_quarter_matched_industries,"[""2022Q4"", ""2023Q4"", ""2024Q4""]",False,10.115684911907774,ready,4,1.0,21,44896.0,488.0,"[""CS200006"", ""CS200007"", ""CS200008"", ""CS300018""]",4,0.120422817893928,4,-10.934772258371684,4
2025Q4,1123080,60대이상,E_의료건강,3,1,False,855.6304347826087,689.8550724637681,549.4565217391304,2024Q4,expanding_prior_same_quarter_matched_industries,"[""2022Q4"", ""2023Q4"", ""2024Q4""]",False,1.491071428571433,ready,4,0.333333333333333,21,64413.0,700.1413043478261,"[""CS200006"", ""CS200007"", ""CS200008"", ""CS300018""]",4,-7.364742428164639,4,-18.172463731293988,4
