adm_cd,year,available_from,payload_json,adm_nm,all_65plus_denominator_status,beneficiary_share_among_living_alone_elderly,beneficiary_total,economic_vulnerability_share_among_living_alone_elderly,economic_vulnerability_total,elderly_living_alone_total,female,female_share,general_total,interpretation,low_income_share_among_living_alone_elderly,low_income_total,male,missing_cells,previous_total,previous_year,rate_among_all_65plus_residents,reference_precision,source_age_minimum,version,yoy_count_change,yoy_count_change_pct
1123051,2022,,"{""adm_cd"": ""1123051"", ""adm_nm"": ""신사동"", ""all_65plus_denominator_status"": ""not_added_reference_population_and_date_unverified"", ""beneficiary_share_among_living_alone_elderly"": 0.10498220640569395, ""beneficiary_total"": 59, ""economic_vulnerability_share_among_living_alone_elderly"": 0.11743772241992882, ""economic_vulnerability_total"": 66, ""elderly_living_alone_total"": 562, ""female"": 392, ""female_share"": 0.697508896797153, ""general_total"": 496, ""interpretation"": ""annual_structural_living_arrangement_and_economic_context_not_isolation_cases"", ""low_income_share_among_living_alone_elderly"": 0.012455516014234875, ""low_income_total"": 7, ""male"": 170, ""missing_cells"": 0, ""previous_total"": null, ""previous_year"": null, ""rate_among_all_65plus_residents"": null, ""reference_precision"": ""year"", ""source_age_minimum"": 65, ""version"": ""a1_elder_context_v1"", ""year"": 2022, ""yoy_count_change"": null, ""yoy_count_change_pct"": null}",신사동,not_added_reference_population_and_date_unverified,0.10498220640569395,59,0.11743772241992882,66,562,392,0.697508896797153,496,annual_structural_living_arrangement_and_economic_context_not_isolation_cases,0.012455516014234875,7,170,0,,,,year,65,a1_elder_context_v1,,
1123051,2023,,"{""adm_cd"": ""1123051"", ""adm_nm"": ""신사동"", ""all_65plus_denominator_status"": ""not_added_reference_population_and_date_unverified"", ""beneficiary_share_among_living_alone_elderly"": 0.09342560553633218, ""beneficiary_total"": 54, ""economic_vulnerability_share_among_living_alone_elderly"": 0.11072664359861592, ""economic_vulnerability_total"": 64, ""elderly_living_alone_total"": 578, ""female"": 400, ""female_share"": 0.6920415224913494, ""general_total"": 514, ""interpretation"": ""annual_structural_living_arrangement_and_economic_context_not_isolation_cases"", ""low_income_share_among_living_alone_elderly"": 0.01730103806228374, ""low_income_total"": 10, ""male"": 178, ""missing_cells"": 0, ""previous_total"": 562, ""previous_year"": 2022, ""rate_among_all_65plus_residents"": null, ""reference_precision"": ""year"", ""source_age_minimum"": 65, ""version"": ""a1_elder_context_v1"", ""year"": 2023, ""yoy_count_change"": 16, ""yoy_count_change_pct"": 2.8469750889679624}",신사동,not_added_reference_population_and_date_unverified,0.09342560553633218,54,0.11072664359861592,64,578,400,0.6920415224913494,514,annual_structural_living_arrangement_and_economic_context_not_isolation_cases,0.01730103806228374,10,178,0,562.0,2022.0,,year,65,a1_elder_context_v1,16.0,2.8469750889679624
1123051,2024,,"{""adm_cd"": ""1123051"", ""adm_nm"": ""신사동"", ""all_65plus_denominator_status"": ""not_added_reference_population_and_date_unverified"", ""beneficiary_share_among_living_alone_elderly"": 0.10909090909090909, ""beneficiary_total"": 66, ""economic_vulnerability_share_among_living_alone_elderly"": 0.1305785123966942, ""economic_vulnerability_total"": 79, ""elderly_living_alone_total"": 605, ""female"": 429, ""female_share"": 0.7090909090909091, ""general_total"": 526, ""interpretation"": ""annual_structural_living_arrangement_and_economic_context_not_isolation_cases"", ""low_income_share_among_living_alone_elderly"": 0.021487603305785124, ""low_income_total"": 13, ""male"": 176, ""missing_cells"": 0, ""previous_total"": 578, ""previous_year"": 2023, ""rate_among_all_65plus_residents"": null, ""reference_precision"": ""year"", ""source_age_minimum"": 65, ""version"": ""a1_elder_context_v1"", ""year"": 2024, ""yoy_count_change"": 27, ""yoy_count_change_pct"": 4.671280276816603}",신사동,not_added_reference_population_and_date_unverified,0.10909090909090909,66,0.1305785123966942,79,605,429,0.7090909090909091,526,annual_structural_living_arrangement_and_economic_context_not_isolation_cases,0.021487603305785124,13,176,0,578.0,2023.0,,year,65,a1_elder_context_v1,27.0,4.671280276816603
1123051,2025,,"{""adm_cd"": ""1123051"", ""adm_nm"": ""신사동"", ""all_65plus_denominator_status"": ""not_added_reference_population_and_date_unverified"", ""beneficiary_share_among_living_alone_elderly"": 0.13836477987421383, ""beneficiary_total"": 88, ""economic_vulnerability_share_among_living_alone_elderly"": 0.16352201257861634, ""economic_vulnerability_total"": 104, ""elderly_living_alone_total"": 636, ""female"": 434, ""female_share"": 0.6823899371069182, ""general_total"": 532, ""interpretation"": ""annual_structural_living_arrangement_and_economic_context_not_isolation_cases"", ""low_income_share_among_living_alone_elderly"": 0.025157232704402517, ""low_income_total"": 16, ""male"": 202, ""missing_cells"": 0, ""previous_total"": 605, ""previous_year"": 2024, ""rate_among_all_65plus_residents"": null, ""reference_precision"": ""year"", ""source_age_minimum"": 65, ""version"": ""a1_elder_context_v1"", ""year"": 2025, ""yoy_count_change"": 31, ""yoy_count_change_pct"": 5.123966942148761}",신사동,not_added_reference_population_and_date_unverified,0.13836477987421383,88,0.16352201257861634,104,636,434,0.6823899371069182,532,annual_structural_living_arrangement_and_economic_context_not_isolation_cases,0.025157232704402517,16,202,0,605.0,2024.0,,year,65,a1_elder_context_v1,31.0,5.123966942148761
1123052,2022,,"{""adm_cd"": ""1123052"", ""adm_nm"": ""논현1동"", ""all_65plus_denominator_status"": ""not_added_reference_population_and_date_unverified"", ""beneficiary_share_among_living_alone_elderly"": 0.18912237330037082, ""beneficiary_total"": 153, ""economic_vulnerability_share_among_living_alone_elderly"": 0.19406674907292953, ""economic_vulnerability_total"": 157, ""elderly_living_alone_total"": 809, ""female"": 502, ""female_share"": 0.6205191594561187, ""general_total"": 652, ""interpretation"": ""annual_structural_living_arrangement_and_economic_context_not_isolation_cases"", ""low_income_share_among_living_alone_elderly"": 0.004944375772558714, ""low_income_total"": 4, ""male"": 307, ""missing_cells"": 1, ""previous_total"": null, ""previous_year"": null, ""rate_among_all_65plus_residents"": null, ""reference_precision"": ""year"", ""source_age_minimum"": 65, ""version"": ""a1_elder_context_v1"", ""year"": 2022, ""yoy_count_change"": null, ""yoy_count_change_pct"": null}",논현1동,not_added_reference_population_and_date_unverified,0.18912237330037082,153,0.19406674907292953,157,809,502,0.6205191594561187,652,annual_structural_living_arrangement_and_economic_context_not_isolation_cases,0.004944375772558714,4,307,1,,,,year,65,a1_elder_context_v1,,
1123052,2023,,"{""adm_cd"": ""1123052"", ""adm_nm"": ""논현1동"", ""all_65plus_denominator_status"": ""not_added_reference_population_and_date_unverified"", ""beneficiary_share_among_living_alone_elderly"": 0.17790055248618786, ""beneficiary_total"": 161, ""economic_vulnerability_share_among_living_alone_elderly"": 0.18453038674033148, ""economic_vulnerability_total"": 167, ""elderly_living_alone_total"": 905, ""female"": 562, ""female_share"": 0.6209944751381216, ""general_total"": 738, ""interpretation"": ""annual_structural_living_arrangement_and_economic_context_not_isolation_cases"", ""low_income_share_among_living_alone_elderly"": 0.0066298342541436465, ""low_income_total"": 6, ""male"": 343, ""missing_cells"": 0, ""previous_total"": 809, ""previous_year"": 2022, ""rate_among_all_65plus_residents"": null, ""reference_precision"": ""year"", ""source_age_minimum"": 65, ""version"": ""a1_elder_context_v1"", ""year"": 2023, ""yoy_count_change"": 96, ""yoy_count_change_pct"": 11.86650185414091}",논현1동,not_added_reference_population_and_date_unverified,0.17790055248618786,161,0.18453038674033148,167,905,562,0.6209944751381216,738,annual_structural_living_arrangement_and_economic_context_not_isolation_cases,0.0066298342541436465,6,343,0,809.0,2022.0,,year,65,a1_elder_context_v1,96.0,11.86650185414091
1123052,2024,,"{""adm_cd"": ""1123052"", ""adm_nm"": ""논현1동"", ""all_65plus_denominator_status"": ""not_added_reference_population_and_date_unverified"", ""beneficiary_share_among_living_alone_elderly"": 0.21840242669362994, ""beneficiary_total"": 216, ""economic_vulnerability_share_among_living_alone_elderly"": 0.24064711830131447, ""economic_vulnerability_total"": 238, ""elderly_living_alone_total"": 989, ""female"": 621, ""female_share"": 0.627906976744186, ""general_total"": 751, ""interpretation"": ""annual_structural_living_arrangement_and_economic_context_not_isolation_cases"", ""low_income_share_among_living_alone_elderly"": 0.022244691607684528, ""low_income_total"": 22, ""male"": 368, ""missing_cells"": 0, ""previous_total"": 905, ""previous_year"": 2023, ""rate_among_all_65plus_residents"": null, ""reference_precision"": ""year"", ""source_age_minimum"": 65, ""version"": ""a1_elder_context_v1"", ""year"": 2024, ""yoy_count_change"": 84, ""yoy_count_change_pct"": 9.281767955801111}",논현1동,not_added_reference_population_and_date_unverified,0.21840242669362994,216,0.24064711830131447,238,989,621,0.627906976744186,751,annual_structural_living_arrangement_and_economic_context_not_isolation_cases,0.022244691607684528,22,368,0,905.0,2023.0,,year,65,a1_elder_context_v1,84.0,9.281767955801111
1123052,2025,,"{""adm_cd"": ""1123052"", ""adm_nm"": ""논현1동"", ""all_65plus_denominator_status"": ""not_added_reference_population_and_date_unverified"", ""beneficiary_share_among_living_alone_elderly"": 0.21814671814671815, ""beneficiary_total"": 226, ""economic_vulnerability_share_among_living_alone_elderly"": 0.23938223938223938, ""economic_vulnerability_total"": 248, ""elderly_living_alone_total"": 1036, ""female"": 652, ""female_share"": 0.6293436293436293, ""general_total"": 788, ""interpretation"": ""annual_structural_living_arrangement_and_economic_context_not_isolation_cases"", ""low_income_share_among_living_alone_elderly"": 0.021235521235521235, ""low_income_total"": 22, ""male"": 384, ""missing_cells"": 0, ""previous_total"": 989, ""previous_year"": 2024, ""rate_among_all_65plus_residents"": null, ""reference_precision"": ""year"", ""source_age_minimum"": 65, ""version"": ""a1_elder_context_v1"", ""year"": 2025, ""yoy_count_change"": 47, ""yoy_count_change_pct"": 4.752275025278063}",논현1동,not_added_reference_population_and_date_unverified,0.21814671814671815,226,0.23938223938223938,248,1036,652,0.6293436293436293,788,annual_structural_living_arrangement_and_economic_context_not_isolation_cases,0.021235521235521235,22,384,0,989.0,2024.0,,year,65,a1_elder_context_v1,47.0,4.752275025278063
1123053,2022,,"{""adm_cd"": ""1123053"", ""adm_nm"": ""논현2동"", ""all_65plus_denominator_status"": ""not_added_reference_population_and_date_unverified"", ""beneficiary_share_among_living_alone_elderly"": 0.1199400299850075, ""beneficiary_total"": 80, ""economic_vulnerability_share_among_living_alone_elderly"": 0.12443778110944528, ""economic_vulnerability_total"": 83, ""elderly_living_alone_total"": 667, ""female"": 479, ""female_share"": 0.7181409295352323, ""general_total"": 584, ""interpretation"": ""annual_structural_living_arrangement_and_economic_context_not_isolation_cases"", ""low_income_share_among_living_alone_elderly"": 0.004497751124437781, ""low_income_total"": 3, ""male"": 188, ""missing_cells"": 0, ""previous_total"": null, ""previous_year"": null, ""rate_among_all_65plus_residents"": null, ""reference_precision"": ""year"", ""source_age_minimum"": 65, ""version"": ""a1_elder_context_v1"", ""year"": 2022, ""yoy_count_change"": null, ""yoy_count_change_pct"": null}",논현2동,not_added_reference_population_and_date_unverified,0.1199400299850075,80,0.12443778110944528,83,667,479,0.7181409295352323,584,annual_structural_living_arrangement_and_economic_context_not_isolation_cases,0.004497751124437781,3,188,0,,,,year,65,a1_elder_context_v1,,
1123053,2023,,"{""adm_cd"": ""1123053"", ""adm_nm"": ""논현2동"", ""all_65plus_denominator_status"": ""not_added_reference_population_and_date_unverified"", ""beneficiary_share_among_living_alone_elderly"": 0.1012311901504788, ""beneficiary_total"": 74, ""economic_vulnerability_share_among_living_alone_elderly"": 0.11491108071135431, ""economic_vulnerability_total"": 84, ""elderly_living_alone_total"": 731, ""female"": 508, ""female_share"": 0.6949384404924761, ""general_total"": 647, ""interpretation"": ""annual_structural_living_arrangement_and_economic_context_not_isolation_cases"", ""low_income_share_among_living_alone_elderly"": 0.013679890560875513, ""low_income_total"": 10, ""male"": 223, ""missing_cells"": 0, ""previous_total"": 667, ""previous_year"": 2022, ""rate_among_all_65plus_residents"": null, ""reference_precision"": ""year"", ""source_age_minimum"": 65, ""version"": ""a1_elder_context_v1"", ""year"": 2023, ""yoy_count_change"": 64, ""yoy_count_change_pct"": 9.595202398800605}",논현2동,not_added_reference_population_and_date_unverified,0.1012311901504788,74,0.11491108071135431,84,731,508,0.6949384404924761,647,annual_structural_living_arrangement_and_economic_context_not_isolation_cases,0.013679890560875513,10,223,0,667.0,2022.0,,year,65,a1_elder_context_v1,64.0,9.595202398800605
1123053,2024,,"{""adm_cd"": ""1123053"", ""adm_nm"": ""논현2동"", ""all_65plus_denominator_status"": ""not_added_reference_population_and_date_unverified"", ""beneficiary_share_among_living_alone_elderly"": 0.1514762516046213, ""beneficiary_total"": 118, ""economic_vulnerability_share_among_living_alone_elderly"": 0.18485237483953787, ""economic_vulnerability_total"": 144, ""elderly_living_alone_total"": 779, ""female"": 565, ""female_share"": 0.7252888318356868, ""general_total"": 635, ""interpretation"": ""annual_structural_living_arrangement_and_economic_context_not_isolation_cases"", ""low_income_share_among_living_alone_elderly"": 0.03337612323491656, ""low_income_total"": 26, ""male"": 214, ""missing_cells"": 0, ""previous_total"": 731, ""previous_year"": 2023, ""rate_among_all_65plus_residents"": null, ""reference_precision"": ""year"", ""source_age_minimum"": 65, ""version"": ""a1_elder_context_v1"", ""year"": 2024, ""yoy_count_change"": 48, ""yoy_count_change_pct"": 6.566347469220246}",논현2동,not_added_reference_population_and_date_unverified,0.1514762516046213,118,0.18485237483953787,144,779,565,0.7252888318356868,635,annual_structural_living_arrangement_and_economic_context_not_isolation_cases,0.03337612323491656,26,214,0,731.0,2023.0,,year,65,a1_elder_context_v1,48.0,6.566347469220246
1123053,2025,,"{""adm_cd"": ""1123053"", ""adm_nm"": ""논현2동"", ""all_65plus_denominator_status"": ""not_added_reference_population_and_date_unverified"", ""beneficiary_share_among_living_alone_elderly"": 0.15943877551020408, ""beneficiary_total"": 125, ""economic_vulnerability_share_among_living_alone_elderly"": 0.1913265306122449, ""economic_vulnerability_total"": 150, ""elderly_living_alone_total"": 784, ""female"": 560, ""female_share"": 0.7142857142857143, ""general_total"": 634, ""interpretation"": ""annual_structural_living_arrangement_and_economic_context_not_isolation_cases"", ""low_income_share_among_living_alone_elderly"": 0.03188775510204082, ""low_income_total"": 25, ""male"": 224, ""missing_cells"": 0, ""previous_total"": 779, ""previous_year"": 2024, ""rate_among_all_65plus_residents"": null, ""reference_precision"": ""year"", ""source_age_minimum"": 65, ""version"": ""a1_elder_context_v1"", ""year"": 2025, ""yoy_count_change"": 5, ""yoy_count_change_pct"": 0.6418485237484006}",논현2동,not_added_reference_population_and_date_unverified,0.15943877551020408,125,0.1913265306122449,150,784,560,0.7142857142857143,634,annual_structural_living_arrangement_and_economic_context_not_isolation_cases,0.03188775510204082,25,224,0,779.0,2024.0,,year,65,a1_elder_context_v1,5.0,0.6418485237484006
1123058,2022,,"{""adm_cd"": ""1123058"", ""adm_nm"": ""삼성1동"", ""all_65plus_denominator_status"": ""not_added_reference_population_and_date_unverified"", ""beneficiary_share_among_living_alone_elderly"": 0.05965909090909091, ""beneficiary_total"": 21, ""economic_vulnerability_share_among_living_alone_elderly"": 0.06818181818181818, ""economic_vulnerability_total"": 24, ""elderly_living_alone_total"": 352, ""female"": 242, ""female_share"": 0.6875, ""general_total"": 328, ""interpretation"": ""annual_structural_living_arrangement_and_economic_context_not_isolation_cases"", ""low_income_share_among_living_alone_elderly"": 0.008522727272727272, ""low_income_total"": 3, ""male"": 110, ""missing_cells"": 0, ""previous_total"": null, ""previous_year"": null, ""rate_among_all_65plus_residents"": null, ""reference_precision"": ""year"", ""source_age_minimum"": 65, ""version"": ""a1_elder_context_v1"", ""year"": 2022, ""yoy_count_change"": null, ""yoy_count_change_pct"": null}",삼성1동,not_added_reference_population_and_date_unverified,0.05965909090909091,21,0.06818181818181818,24,352,242,0.6875,328,annual_structural_living_arrangement_and_economic_context_not_isolation_cases,0.008522727272727272,3,110,0,,,,year,65,a1_elder_context_v1,,
1123058,2023,,"{""adm_cd"": ""1123058"", ""adm_nm"": ""삼성1동"", ""all_65plus_denominator_status"": ""not_added_reference_population_and_date_unverified"", ""beneficiary_share_among_living_alone_elderly"": 0.061855670103092786, ""beneficiary_total"": 24, ""economic_vulnerability_share_among_living_alone_elderly"": 0.06701030927835051, ""economic_vulnerability_total"": 26, ""elderly_living_alone_total"": 388, ""female"": 267, ""female_share"": 0.6881443298969072, ""general_total"": 362, ""interpretation"": ""annual_structural_living_arrangement_and_economic_context_not_isolation_cases"", ""low_income_share_among_living_alone_elderly"": 0.005154639175257732, ""low_income_total"": 2, ""male"": 121, ""missing_cells"": 1, ""previous_total"": 352, ""previous_year"": 2022, ""rate_among_all_65plus_residents"": null, ""reference_precision"": ""year"", ""source_age_minimum"": 65, ""version"": ""a1_elder_context_v1"", ""year"": 2023, ""yoy_count_change"": 36, ""yoy_count_change_pct"": 10.22727272727273}",삼성1동,not_added_reference_population_and_date_unverified,0.061855670103092786,24,0.06701030927835051,26,388,267,0.6881443298969072,362,annual_structural_living_arrangement_and_economic_context_not_isolation_cases,0.005154639175257732,2,121,1,352.0,2022.0,,year,65,a1_elder_context_v1,36.0,10.22727272727273
1123058,2024,,"{""adm_cd"": ""1123058"", ""adm_nm"": ""삼성1동"", ""all_65plus_denominator_status"": ""not_added_reference_population_and_date_unverified"", ""beneficiary_share_among_living_alone_elderly"": 0.07425742574257425, ""beneficiary_total"": 30, ""economic_vulnerability_share_among_living_alone_elderly"": 0.0891089108910891, ""economic_vulnerability_total"": 36, ""elderly_living_alone_total"": 404, ""female"": 276, ""female_share"": 0.6831683168316832, ""general_total"": 368, ""interpretation"": ""annual_structural_living_arrangement_and_economic_context_not_isolation_cases"", ""low_income_share_among_living_alone_elderly"": 0.01485148514851485, ""low_income_total"": 6, ""male"": 128, ""missing_cells"": 0, ""previous_total"": 388, ""previous_year"": 2023, ""rate_among_all_65plus_residents"": null, ""reference_precision"": ""year"", ""source_age_minimum"": 65, ""version"": ""a1_elder_context_v1"", ""year"": 2024, ""yoy_count_change"": 16, ""yoy_count_change_pct"": 4.123711340206193}",삼성1동,not_added_reference_population_and_date_unverified,0.07425742574257425,30,0.0891089108910891,36,404,276,0.6831683168316832,368,annual_structural_living_arrangement_and_economic_context_not_isolation_cases,0.01485148514851485,6,128,0,388.0,2023.0,,year,65,a1_elder_context_v1,16.0,4.123711340206193
1123058,2025,,"{""adm_cd"": ""1123058"", ""adm_nm"": ""삼성1동"", ""all_65plus_denominator_status"": ""not_added_reference_population_and_date_unverified"", ""beneficiary_share_among_living_alone_elderly"": 0.0876068376068376, ""beneficiary_total"": 41, ""economic_vulnerability_share_among_living_alone_elderly"": 0.1047008547008547, ""economic_vulnerability_total"": 49, ""elderly_living_alone_total"": 468, ""female"": 327, ""female_share"": 0.6987179487179487, ""general_total"": 419, ""interpretation"": ""annual_structural_living_arrangement_and_economic_context_not_isolation_cases"", ""low_income_share_among_living_alone_elderly"": 0.017094017094017096, ""low_income_total"": 8, ""male"": 141, ""missing_cells"": 0, ""previous_total"": 404, ""previous_year"": 2024, ""rate_among_all_65plus_residents"": null, ""reference_precision"": ""year"", ""source_age_minimum"": 65, ""version"": ""a1_elder_context_v1"", ""year"": 2025, ""yoy_count_change"": 64, ""yoy_count_change_pct"": 15.841584158415834}",삼성1동,not_added_reference_population_and_date_unverified,0.0876068376068376,41,0.1047008547008547,49,468,327,0.6987179487179487,419,annual_structural_living_arrangement_and_economic_context_not_isolation_cases,0.017094017094017096,8,141,0,404.0,2024.0,,year,65,a1_elder_context_v1,64.0,15.841584158415834
1123059,2022,,"{""adm_cd"": ""1123059"", ""adm_nm"": ""삼성2동"", ""all_65plus_denominator_status"": ""not_added_reference_population_and_date_unverified"", ""beneficiary_share_among_living_alone_elderly"": 0.12435233160621761, ""beneficiary_total"": 96, ""economic_vulnerability_share_among_living_alone_elderly"": 0.1411917098445596, ""economic_vulnerability_total"": 109, ""elderly_living_alone_total"": 772, ""female"": 527, ""female_share"": 0.6826424870466321, ""general_total"": 663, ""interpretation"": ""annual_structural_living_arrangement_and_economic_context_not_isolation_cases"", ""low_income_share_among_living_alone_elderly"": 0.01683937823834197, ""low_income_total"": 13, ""male"": 245, ""missing_cells"": 0, ""previous_total"": null, ""previous_year"": null, ""rate_among_all_65plus_residents"": null, ""reference_precision"": ""year"", ""source_age_minimum"": 65, ""version"": ""a1_elder_context_v1"", ""year"": 2022, ""yoy_count_change"": null, ""yoy_count_change_pct"": null}",삼성2동,not_added_reference_population_and_date_unverified,0.12435233160621761,96,0.1411917098445596,109,772,527,0.6826424870466321,663,annual_structural_living_arrangement_and_economic_context_not_isolation_cases,0.01683937823834197,13,245,0,,,,year,65,a1_elder_context_v1,,
1123059,2023,,"{""adm_cd"": ""1123059"", ""adm_nm"": ""삼성2동"", ""all_65plus_denominator_status"": ""not_added_reference_population_and_date_unverified"", ""beneficiary_share_among_living_alone_elderly"": 0.11515151515151516, ""beneficiary_total"": 95, ""economic_vulnerability_share_among_living_alone_elderly"": 0.13575757575757577, ""economic_vulnerability_total"": 112, ""elderly_living_alone_total"": 825, ""female"": 569, ""female_share"": 0.6896969696969697, ""general_total"": 713, ""interpretation"": ""annual_structural_living_arrangement_and_economic_context_not_isolation_cases"", ""low_income_share_among_living_alone_elderly"": 0.020606060606060607, ""low_income_total"": 17, ""male"": 256, ""missing_cells"": 0, ""previous_total"": 772, ""previous_year"": 2022, ""rate_among_all_65plus_residents"": null, ""reference_precision"": ""year"", ""source_age_minimum"": 65, ""version"": ""a1_elder_context_v1"", ""year"": 2023, ""yoy_count_change"": 53, ""yoy_count_change_pct"": 6.865284974093266}",삼성2동,not_added_reference_population_and_date_unverified,0.11515151515151516,95,0.13575757575757577,112,825,569,0.6896969696969697,713,annual_structural_living_arrangement_and_economic_context_not_isolation_cases,0.020606060606060607,17,256,0,772.0,2022.0,,year,65,a1_elder_context_v1,53.0,6.865284974093266
1123059,2024,,"{""adm_cd"": ""1123059"", ""adm_nm"": ""삼성2동"", ""all_65plus_denominator_status"": ""not_added_reference_population_and_date_unverified"", ""beneficiary_share_among_living_alone_elderly"": 0.15340253748558247, ""beneficiary_total"": 133, ""economic_vulnerability_share_among_living_alone_elderly"": 0.1776239907727797, ""economic_vulnerability_total"": 154, ""elderly_living_alone_total"": 867, ""female"": 591, ""female_share"": 0.6816608996539792, ""general_total"": 713, ""interpretation"": ""annual_structural_living_arrangement_and_economic_context_not_isolation_cases"", ""low_income_share_among_living_alone_elderly"": 0.02422145328719723, ""low_income_total"": 21, ""male"": 276, ""missing_cells"": 0, ""previous_total"": 825, ""previous_year"": 2023, ""rate_among_all_65plus_residents"": null, ""reference_precision"": ""year"", ""source_age_minimum"": 65, ""version"": ""a1_elder_context_v1"", ""year"": 2024, ""yoy_count_change"": 42, ""yoy_count_change_pct"": 5.0909090909091015}",삼성2동,not_added_reference_population_and_date_unverified,0.15340253748558247,133,0.1776239907727797,154,867,591,0.6816608996539792,713,annual_structural_living_arrangement_and_economic_context_not_isolation_cases,0.02422145328719723,21,276,0,825.0,2023.0,,year,65,a1_elder_context_v1,42.0,5.0909090909091015
1123059,2025,,"{""adm_cd"": ""1123059"", ""adm_nm"": ""삼성2동"", ""all_65plus_denominator_status"": ""not_added_reference_population_and_date_unverified"", ""beneficiary_share_among_living_alone_elderly"": 0.15587266739846323, ""beneficiary_total"": 142, ""economic_vulnerability_share_among_living_alone_elderly"": 0.18660812294182216, ""economic_vulnerability_total"": 170, ""elderly_living_alone_total"": 911, ""female"": 622, ""female_share"": 0.6827661909989023, ""general_total"": 741, ""interpretation"": ""annual_structural_living_arrangement_and_economic_context_not_isolation_cases"", ""low_income_share_among_living_alone_elderly"": 0.030735455543358946, ""low_income_total"": 28, ""male"": 289, ""missing_cells"": 0, ""previous_total"": 867, ""previous_year"": 2024, ""rate_among_all_65plus_residents"": null, ""reference_precision"": ""year"", ""source_age_minimum"": 65, ""version"": ""a1_elder_context_v1"", ""year"": 2025, ""yoy_count_change"": 44, ""yoy_count_change_pct"": 5.074971164936559}",삼성2동,not_added_reference_population_and_date_unverified,0.15587266739846323,142,0.18660812294182216,170,911,622,0.6827661909989023,741,annual_structural_living_arrangement_and_economic_context_not_isolation_cases,0.030735455543358946,28,289,0,867.0,2024.0,,year,65,a1_elder_context_v1,44.0,5.074971164936559
1123060,2022,,"{""adm_cd"": ""1123060"", ""adm_nm"": ""대치1동"", ""all_65plus_denominator_status"": ""not_added_reference_population_and_date_unverified"", ""beneficiary_share_among_living_alone_elderly"": 0.009433962264150943, ""beneficiary_total"": 2, ""economic_vulnerability_share_among_living_alone_elderly"": 0.018867924528301886, ""economic_vulnerability_total"": 4, ""elderly_living_alone_total"": 212, ""female"": 164, ""female_share"": 0.7735849056603774, ""general_total"": 208, ""interpretation"": ""annual_structural_living_arrangement_and_economic_context_not_isolation_cases"", ""low_income_share_among_living_alone_elderly"": 0.009433962264150943, ""low_income_total"": 2, ""male"": 48, ""missing_cells"": 2, ""previous_total"": null, ""previous_year"": null, ""rate_among_all_65plus_residents"": null, ""reference_precision"": ""year"", ""source_age_minimum"": 65, ""version"": ""a1_elder_context_v1"", ""year"": 2022, ""yoy_count_change"": null, ""yoy_count_change_pct"": null}",대치1동,not_added_reference_population_and_date_unverified,0.009433962264150943,2,0.018867924528301886,4,212,164,0.7735849056603774,208,annual_structural_living_arrangement_and_economic_context_not_isolation_cases,0.009433962264150943,2,48,2,,,,year,65,a1_elder_context_v1,,
1123060,2023,,"{""adm_cd"": ""1123060"", ""adm_nm"": ""대치1동"", ""all_65plus_denominator_status"": ""not_added_reference_population_and_date_unverified"", ""beneficiary_share_among_living_alone_elderly"": 0.008333333333333333, ""beneficiary_total"": 2, ""economic_vulnerability_share_among_living_alone_elderly"": 0.0125, ""economic_vulnerability_total"": 3, ""elderly_living_alone_total"": 240, ""female"": 186, ""female_share"": 0.775, ""general_total"": 237, ""interpretation"": ""annual_structural_living_arrangement_and_economic_context_not_isolation_cases"", ""low_income_share_among_living_alone_elderly"": 0.004166666666666667, ""low_income_total"": 1, ""male"": 54, ""missing_cells"": 2, ""previous_total"": 212, ""previous_year"": 2022, ""rate_among_all_65plus_residents"": null, ""reference_precision"": ""year"", ""source_age_minimum"": 65, ""version"": ""a1_elder_context_v1"", ""year"": 2023, ""yoy_count_change"": 28, ""yoy_count_change_pct"": 13.207547169811317}",대치1동,not_added_reference_population_and_date_unverified,0.008333333333333333,2,0.0125,3,240,186,0.775,237,annual_structural_living_arrangement_and_economic_context_not_isolation_cases,0.004166666666666667,1,54,2,212.0,2022.0,,year,65,a1_elder_context_v1,28.0,13.207547169811317
1123060,2024,,"{""adm_cd"": ""1123060"", ""adm_nm"": ""대치1동"", ""all_65plus_denominator_status"": ""not_added_reference_population_and_date_unverified"", ""beneficiary_share_among_living_alone_elderly"": 0.013100436681222707, ""beneficiary_total"": 3, ""economic_vulnerability_share_among_living_alone_elderly"": 0.021834061135371178, ""economic_vulnerability_total"": 5, ""elderly_living_alone_total"": 229, ""female"": 177, ""female_share"": 0.7729257641921398, ""general_total"": 224, ""interpretation"": ""annual_structural_living_arrangement_and_economic_context_not_isolation_cases"", ""low_income_share_among_living_alone_elderly"": 0.008733624454148471, ""low_income_total"": 2, ""male"": 52, ""missing_cells"": 1, ""previous_total"": 240, ""previous_year"": 2023, ""rate_among_all_65plus_residents"": null, ""reference_precision"": ""year"", ""source_age_minimum"": 65, ""version"": ""a1_elder_context_v1"", ""year"": 2024, ""yoy_count_change"": -11, ""yoy_count_change_pct"": -4.583333333333329}",대치1동,not_added_reference_population_and_date_unverified,0.013100436681222707,3,0.021834061135371178,5,229,177,0.7729257641921398,224,annual_structural_living_arrangement_and_economic_context_not_isolation_cases,0.008733624454148471,2,52,1,240.0,2023.0,,year,65,a1_elder_context_v1,-11.0,-4.583333333333329
1123060,2025,,"{""adm_cd"": ""1123060"", ""adm_nm"": ""대치1동"", ""all_65plus_denominator_status"": ""not_added_reference_population_and_date_unverified"", ""beneficiary_share_among_living_alone_elderly"": 0.0163265306122449, ""beneficiary_total"": 4, ""economic_vulnerability_share_among_living_alone_elderly"": 0.0326530612244898, ""economic_vulnerability_total"": 8, ""elderly_living_alone_total"": 245, ""female"": 186, ""female_share"": 0.7591836734693878, ""general_total"": 237, ""interpretation"": ""annual_structural_living_arrangement_and_economic_context_not_isolation_cases"", ""low_income_share_among_living_alone_elderly"": 0.0163265306122449, ""low_income_total"": 4, ""male"": 59, ""missing_cells"": 0, ""previous_total"": 229, ""previous_year"": 2024, ""rate_among_all_65plus_residents"": null, ""reference_precision"": ""year"", ""source_age_minimum"": 65, ""version"": ""a1_elder_context_v1"", ""year"": 2025, ""yoy_count_change"": 16, ""yoy_count_change_pct"": 6.986899563318771}",대치1동,not_added_reference_population_and_date_unverified,0.0163265306122449,4,0.0326530612244898,8,245,186,0.7591836734693878,237,annual_structural_living_arrangement_and_economic_context_not_isolation_cases,0.0163265306122449,4,59,0,229.0,2024.0,,year,65,a1_elder_context_v1,16.0,6.986899563318771
1123063,2022,,"{""adm_cd"": ""1123063"", ""adm_nm"": ""대치4동"", ""all_65plus_denominator_status"": ""not_added_reference_population_and_date_unverified"", ""beneficiary_share_among_living_alone_elderly"": 0.18716577540106952, ""beneficiary_total"": 105, ""economic_vulnerability_share_among_living_alone_elderly"": 0.19964349376114082, ""economic_vulnerability_total"": 112, ""elderly_living_alone_total"": 561, ""female"": 364, ""female_share"": 0.6488413547237076, ""general_total"": 449, ""interpretation"": ""annual_structural_living_arrangement_and_economic_context_not_isolation_cases"", ""low_income_share_among_living_alone_elderly"": 0.012477718360071301, ""low_income_total"": 7, ""male"": 197, ""missing_cells"": 0, ""previous_total"": null, ""previous_year"": null, ""rate_among_all_65plus_residents"": null, ""reference_precision"": ""year"", ""source_age_minimum"": 65, ""version"": ""a1_elder_context_v1"", ""year"": 2022, ""yoy_count_change"": null, ""yoy_count_change_pct"": null}",대치4동,not_added_reference_population_and_date_unverified,0.18716577540106952,105,0.19964349376114082,112,561,364,0.6488413547237076,449,annual_structural_living_arrangement_and_economic_context_not_isolation_cases,0.012477718360071301,7,197,0,,,,year,65,a1_elder_context_v1,,
1123063,2023,,"{""adm_cd"": ""1123063"", ""adm_nm"": ""대치4동"", ""all_65plus_denominator_status"": ""not_added_reference_population_and_date_unverified"", ""beneficiary_share_among_living_alone_elderly"": 0.1731748726655348, ""beneficiary_total"": 102, ""economic_vulnerability_share_among_living_alone_elderly"": 0.18166383701188454, ""economic_vulnerability_total"": 107, ""elderly_living_alone_total"": 589, ""female"": 374, ""female_share"": 0.634974533106961, ""general_total"": 482, ""interpretation"": ""annual_structural_living_arrangement_and_economic_context_not_isolation_cases"", ""low_income_share_among_living_alone_elderly"": 0.008488964346349746, ""low_income_total"": 5, ""male"": 215, ""missing_cells"": 0, ""previous_total"": 561, ""previous_year"": 2022, ""rate_among_all_65plus_residents"": null, ""reference_precision"": ""year"", ""source_age_minimum"": 65, ""version"": ""a1_elder_context_v1"", ""year"": 2023, ""yoy_count_change"": 28, ""yoy_count_change_pct"": 4.991087344028511}",대치4동,not_added_reference_population_and_date_unverified,0.1731748726655348,102,0.18166383701188454,107,589,374,0.634974533106961,482,annual_structural_living_arrangement_and_economic_context_not_isolation_cases,0.008488964346349746,5,215,0,561.0,2022.0,,year,65,a1_elder_context_v1,28.0,4.991087344028511
1123063,2024,,"{""adm_cd"": ""1123063"", ""adm_nm"": ""대치4동"", ""all_65plus_denominator_status"": ""not_added_reference_population_and_date_unverified"", ""beneficiary_share_among_living_alone_elderly"": 0.20904836193447737, ""beneficiary_total"": 134, ""economic_vulnerability_share_among_living_alone_elderly"": 0.23244929797191888, ""economic_vulnerability_total"": 149, ""elderly_living_alone_total"": 641, ""female"": 424, ""female_share"": 0.6614664586583463, ""general_total"": 492, ""interpretation"": ""annual_structural_living_arrangement_and_economic_context_not_isolation_cases"", ""low_income_share_among_living_alone_elderly"": 0.0234009360374415, ""low_income_total"": 15, ""male"": 217, ""missing_cells"": 0, ""previous_total"": 589, ""previous_year"": 2023, ""rate_among_all_65plus_residents"": null, ""reference_precision"": ""year"", ""source_age_minimum"": 65, ""version"": ""a1_elder_context_v1"", ""year"": 2024, ""yoy_count_change"": 52, ""yoy_count_change_pct"": 8.82852292020373}",대치4동,not_added_reference_population_and_date_unverified,0.20904836193447737,134,0.23244929797191888,149,641,424,0.6614664586583463,492,annual_structural_living_arrangement_and_economic_context_not_isolation_cases,0.0234009360374415,15,217,0,589.0,2023.0,,year,65,a1_elder_context_v1,52.0,8.82852292020373
1123063,2025,,"{""adm_cd"": ""1123063"", ""adm_nm"": ""대치4동"", ""all_65plus_denominator_status"": ""not_added_reference_population_and_date_unverified"", ""beneficiary_share_among_living_alone_elderly"": 0.22033898305084745, ""beneficiary_total"": 156, ""economic_vulnerability_share_among_living_alone_elderly"": 0.24858757062146894, ""economic_vulnerability_total"": 176, ""elderly_living_alone_total"": 708, ""female"": 474, ""female_share"": 0.6694915254237288, ""general_total"": 532, ""interpretation"": ""annual_structural_living_arrangement_and_economic_context_not_isolation_cases"", ""low_income_share_among_living_alone_elderly"": 0.02824858757062147, ""low_income_total"": 20, ""male"": 234, ""missing_cells"": 0, ""previous_total"": 641, ""previous_year"": 2024, ""rate_among_all_65plus_residents"": null, ""reference_precision"": ""year"", ""source_age_minimum"": 65, ""version"": ""a1_elder_context_v1"", ""year"": 2025, ""yoy_count_change"": 67, ""yoy_count_change_pct"": 10.452418096723859}",대치4동,not_added_reference_population_and_date_unverified,0.22033898305084745,156,0.24858757062146894,176,708,474,0.6694915254237288,532,annual_structural_living_arrangement_and_economic_context_not_isolation_cases,0.02824858757062147,20,234,0,641.0,2024.0,,year,65,a1_elder_context_v1,67.0,10.452418096723859
1123064,2022,,"{""adm_cd"": ""1123064"", ""adm_nm"": ""역삼1동"", ""all_65plus_denominator_status"": ""not_added_reference_population_and_date_unverified"", ""beneficiary_share_among_living_alone_elderly"": 0.1819021237303786, ""beneficiary_total"": 197, ""economic_vulnerability_share_among_living_alone_elderly"": 0.18928901200369344, ""economic_vulnerability_total"": 205, ""elderly_living_alone_total"": 1083, ""female"": 586, ""female_share"": 0.541089566020314, ""general_total"": 878, ""interpretation"": ""annual_structural_living_arrangement_and_economic_context_not_isolation_cases"", ""low_income_share_among_living_alone_elderly"": 0.007386888273314866, ""low_income_total"": 8, ""male"": 497, ""missing_cells"": 0, ""previous_total"": null, ""previous_year"": null, ""rate_among_all_65plus_residents"": null, ""reference_precision"": ""year"", ""source_age_minimum"": 65, ""version"": ""a1_elder_context_v1"", ""year"": 2022, ""yoy_count_change"": null, ""yoy_count_change_pct"": null}",역삼1동,not_added_reference_population_and_date_unverified,0.1819021237303786,197,0.18928901200369344,205,1083,586,0.541089566020314,878,annual_structural_living_arrangement_and_economic_context_not_isolation_cases,0.007386888273314866,8,497,0,,,,year,65,a1_elder_context_v1,,
1123064,2023,,"{""adm_cd"": ""1123064"", ""adm_nm"": ""역삼1동"", ""all_65plus_denominator_status"": ""not_added_reference_population_and_date_unverified"", ""beneficiary_share_among_living_alone_elderly"": 0.16042345276872963, ""beneficiary_total"": 197, ""economic_vulnerability_share_among_living_alone_elderly"": 0.1750814332247557, ""economic_vulnerability_total"": 215, ""elderly_living_alone_total"": 1228, ""female"": 682, ""female_share"": 0.5553745928338762, ""general_total"": 1013, ""interpretation"": ""annual_structural_living_arrangement_and_economic_context_not_isolation_cases"", ""low_income_share_among_living_alone_elderly"": 0.014657980456026058, ""low_income_total"": 18, ""male"": 546, ""missing_cells"": 0, ""previous_total"": 1083, ""previous_year"": 2022, ""rate_among_all_65plus_residents"": null, ""reference_precision"": ""year"", ""source_age_minimum"": 65, ""version"": ""a1_elder_context_v1"", ""year"": 2023, ""yoy_count_change"": 145, ""yoy_count_change_pct"": 13.3887349953832}",역삼1동,not_added_reference_population_and_date_unverified,0.16042345276872963,197,0.1750814332247557,215,1228,682,0.5553745928338762,1013,annual_structural_living_arrangement_and_economic_context_not_isolation_cases,0.014657980456026058,18,546,0,1083.0,2022.0,,year,65,a1_elder_context_v1,145.0,13.3887349953832
1123064,2024,,"{""adm_cd"": ""1123064"", ""adm_nm"": ""역삼1동"", ""all_65plus_denominator_status"": ""not_added_reference_population_and_date_unverified"", ""beneficiary_share_among_living_alone_elderly"": 0.19656203288490284, ""beneficiary_total"": 263, ""economic_vulnerability_share_among_living_alone_elderly"": 0.22047832585949179, ""economic_vulnerability_total"": 295, ""elderly_living_alone_total"": 1338, ""female"": 746, ""female_share"": 0.5575485799701047, ""general_total"": 1043, ""interpretation"": ""annual_structural_living_arrangement_and_economic_context_not_isolation_cases"", ""low_income_share_among_living_alone_elderly"": 0.02391629297458894, ""low_income_total"": 32, ""male"": 592, ""missing_cells"": 0, ""previous_total"": 1228, ""previous_year"": 2023, ""rate_among_all_65plus_residents"": null, ""reference_precision"": ""year"", ""source_age_minimum"": 65, ""version"": ""a1_elder_context_v1"", ""year"": 2024, ""yoy_count_change"": 110, ""yoy_count_change_pct"": 8.957654723127039}",역삼1동,not_added_reference_population_and_date_unverified,0.19656203288490284,263,0.22047832585949179,295,1338,746,0.5575485799701047,1043,annual_structural_living_arrangement_and_economic_context_not_isolation_cases,0.02391629297458894,32,592,0,1228.0,2023.0,,year,65,a1_elder_context_v1,110.0,8.957654723127039
1123064,2025,,"{""adm_cd"": ""1123064"", ""adm_nm"": ""역삼1동"", ""all_65plus_denominator_status"": ""not_added_reference_population_and_date_unverified"", ""beneficiary_share_among_living_alone_elderly"": 0.21920668058455114, ""beneficiary_total"": 315, ""economic_vulnerability_share_among_living_alone_elderly"": 0.24147529575504523, ""economic_vulnerability_total"": 347, ""elderly_living_alone_total"": 1437, ""female"": 787, ""female_share"": 0.5476687543493389, ""general_total"": 1090, ""interpretation"": ""annual_structural_living_arrangement_and_economic_context_not_isolation_cases"", ""low_income_share_among_living_alone_elderly"": 0.022268615170494086, ""low_income_total"": 32, ""male"": 650, ""missing_cells"": 0, ""previous_total"": 1338, ""previous_year"": 2024, ""rate_among_all_65plus_residents"": null, ""reference_precision"": ""year"", ""source_age_minimum"": 65, ""version"": ""a1_elder_context_v1"", ""year"": 2025, ""yoy_count_change"": 99, ""yoy_count_change_pct"": 7.399103139013463}",역삼1동,not_added_reference_population_and_date_unverified,0.21920668058455114,315,0.24147529575504523,347,1437,787,0.5476687543493389,1090,annual_structural_living_arrangement_and_economic_context_not_isolation_cases,0.022268615170494086,32,650,0,1338.0,2024.0,,year,65,a1_elder_context_v1,99.0,7.399103139013463
1123065,2022,,"{""adm_cd"": ""1123065"", ""adm_nm"": ""역삼2동"", ""all_65plus_denominator_status"": ""not_added_reference_population_and_date_unverified"", ""beneficiary_share_among_living_alone_elderly"": 0.11080711354309165, ""beneficiary_total"": 81, ""economic_vulnerability_share_among_living_alone_elderly"": 0.11901504787961696, ""economic_vulnerability_total"": 87, ""elderly_living_alone_total"": 731, ""female"": 528, ""female_share"": 0.7222982216142271, ""general_total"": 644, ""interpretation"": ""annual_structural_living_arrangement_and_economic_context_not_isolation_cases"", ""low_income_share_among_living_alone_elderly"": 0.008207934336525308, ""low_income_total"": 6, ""male"": 203, ""missing_cells"": 1, ""previous_total"": null, ""previous_year"": null, ""rate_among_all_65plus_residents"": null, ""reference_precision"": ""year"", ""source_age_minimum"": 65, ""version"": ""a1_elder_context_v1"", ""year"": 2022, ""yoy_count_change"": null, ""yoy_count_change_pct"": null}",역삼2동,not_added_reference_population_and_date_unverified,0.11080711354309165,81,0.11901504787961696,87,731,528,0.7222982216142271,644,annual_structural_living_arrangement_and_economic_context_not_isolation_cases,0.008207934336525308,6,203,1,,,,year,65,a1_elder_context_v1,,
1123065,2023,,"{""adm_cd"": ""1123065"", ""adm_nm"": ""역삼2동"", ""all_65plus_denominator_status"": ""not_added_reference_population_and_date_unverified"", ""beneficiary_share_among_living_alone_elderly"": 0.10897435897435898, ""beneficiary_total"": 85, ""economic_vulnerability_share_among_living_alone_elderly"": 0.12564102564102564, ""economic_vulnerability_total"": 98, ""elderly_living_alone_total"": 780, ""female"": 536, ""female_share"": 0.6871794871794872, ""general_total"": 682, ""interpretation"": ""annual_structural_living_arrangement_and_economic_context_not_isolation_cases"", ""low_income_share_among_living_alone_elderly"": 0.016666666666666666, ""low_income_total"": 13, ""male"": 244, ""missing_cells"": 0, ""previous_total"": 731, ""previous_year"": 2022, ""rate_among_all_65plus_residents"": null, ""reference_precision"": ""year"", ""source_age_minimum"": 65, ""version"": ""a1_elder_context_v1"", ""year"": 2023, ""yoy_count_change"": 49, ""yoy_count_change_pct"": 6.703146374829005}",역삼2동,not_added_reference_population_and_date_unverified,0.10897435897435898,85,0.12564102564102564,98,780,536,0.6871794871794872,682,annual_structural_living_arrangement_and_economic_context_not_isolation_cases,0.016666666666666666,13,244,0,731.0,2022.0,,year,65,a1_elder_context_v1,49.0,6.703146374829005
1123065,2024,,"{""adm_cd"": ""1123065"", ""adm_nm"": ""역삼2동"", ""all_65plus_denominator_status"": ""not_added_reference_population_and_date_unverified"", ""beneficiary_share_among_living_alone_elderly"": 0.15468940316686966, ""beneficiary_total"": 127, ""economic_vulnerability_share_among_living_alone_elderly"": 0.18026796589524968, ""economic_vulnerability_total"": 148, ""elderly_living_alone_total"": 821, ""female"": 559, ""female_share"": 0.6808769792935444, ""general_total"": 673, ""interpretation"": ""annual_structural_living_arrangement_and_economic_context_not_isolation_cases"", ""low_income_share_among_living_alone_elderly"": 0.025578562728380026, ""low_income_total"": 21, ""male"": 262, ""missing_cells"": 0, ""previous_total"": 780, ""previous_year"": 2023, ""rate_among_all_65plus_residents"": null, ""reference_precision"": ""year"", ""source_age_minimum"": 65, ""version"": ""a1_elder_context_v1"", ""year"": 2024, ""yoy_count_change"": 41, ""yoy_count_change_pct"": 5.25641025641026}",역삼2동,not_added_reference_population_and_date_unverified,0.15468940316686966,127,0.18026796589524968,148,821,559,0.6808769792935444,673,annual_structural_living_arrangement_and_economic_context_not_isolation_cases,0.025578562728380026,21,262,0,780.0,2023.0,,year,65,a1_elder_context_v1,41.0,5.25641025641026
1123065,2025,,"{""adm_cd"": ""1123065"", ""adm_nm"": ""역삼2동"", ""all_65plus_denominator_status"": ""not_added_reference_population_and_date_unverified"", ""beneficiary_share_among_living_alone_elderly"": 0.15831435079726652, ""beneficiary_total"": 139, ""economic_vulnerability_share_among_living_alone_elderly"": 0.18223234624145787, ""economic_vulnerability_total"": 160, ""elderly_living_alone_total"": 878, ""female"": 586, ""female_share"": 0.6674259681093394, ""general_total"": 718, ""interpretation"": ""annual_structural_living_arrangement_and_economic_context_not_isolation_cases"", ""low_income_share_among_living_alone_elderly"": 0.023917995444191344, ""low_income_total"": 21, ""male"": 292, ""missing_cells"": 0, ""previous_total"": 821, ""previous_year"": 2024, ""rate_among_all_65plus_residents"": null, ""reference_precision"": ""year"", ""source_age_minimum"": 65, ""version"": ""a1_elder_context_v1"", ""year"": 2025, ""yoy_count_change"": 57, ""yoy_count_change_pct"": 6.942752740560287}",역삼2동,not_added_reference_population_and_date_unverified,0.15831435079726652,139,0.18223234624145787,160,878,586,0.6674259681093394,718,annual_structural_living_arrangement_and_economic_context_not_isolation_cases,0.023917995444191344,21,292,0,821.0,2024.0,,year,65,a1_elder_context_v1,57.0,6.942752740560287
1123066,2022,,"{""adm_cd"": ""1123066"", ""adm_nm"": ""도곡1동"", ""all_65plus_denominator_status"": ""not_added_reference_population_and_date_unverified"", ""beneficiary_share_among_living_alone_elderly"": 0.06918238993710692, ""beneficiary_total"": 33, ""economic_vulnerability_share_among_living_alone_elderly"": 0.08385744234800839, ""economic_vulnerability_total"": 40, ""elderly_living_alone_total"": 477, ""female"": 332, ""female_share"": 0.6960167714884696, ""general_total"": 437, ""interpretation"": ""annual_structural_living_arrangement_and_economic_context_not_isolation_cases"", ""low_income_share_among_living_alone_elderly"": 0.014675052410901468, ""low_income_total"": 7, ""male"": 145, ""missing_cells"": 0, ""previous_total"": null, ""previous_year"": null, ""rate_among_all_65plus_residents"": null, ""reference_precision"": ""year"", ""source_age_minimum"": 65, ""version"": ""a1_elder_context_v1"", ""year"": 2022, ""yoy_count_change"": null, ""yoy_count_change_pct"": null}",도곡1동,not_added_reference_population_and_date_unverified,0.06918238993710692,33,0.08385744234800839,40,477,332,0.6960167714884696,437,annual_structural_living_arrangement_and_economic_context_not_isolation_cases,0.014675052410901468,7,145,0,,,,year,65,a1_elder_context_v1,,
1123066,2023,,"{""adm_cd"": ""1123066"", ""adm_nm"": ""도곡1동"", ""all_65plus_denominator_status"": ""not_added_reference_population_and_date_unverified"", ""beneficiary_share_among_living_alone_elderly"": 0.06274509803921569, ""beneficiary_total"": 32, ""economic_vulnerability_share_among_living_alone_elderly"": 0.0784313725490196, ""economic_vulnerability_total"": 40, ""elderly_living_alone_total"": 510, ""female"": 345, ""female_share"": 0.6764705882352942, ""general_total"": 470, ""interpretation"": ""annual_structural_living_arrangement_and_economic_context_not_isolation_cases"", ""low_income_share_among_living_alone_elderly"": 0.01568627450980392, ""low_income_total"": 8, ""male"": 165, ""missing_cells"": 0, ""previous_total"": 477, ""previous_year"": 2022, ""rate_among_all_65plus_residents"": null, ""reference_precision"": ""year"", ""source_age_minimum"": 65, ""version"": ""a1_elder_context_v1"", ""year"": 2023, ""yoy_count_change"": 33, ""yoy_count_change_pct"": 6.91823899371069}",도곡1동,not_added_reference_population_and_date_unverified,0.06274509803921569,32,0.0784313725490196,40,510,345,0.6764705882352942,470,annual_structural_living_arrangement_and_economic_context_not_isolation_cases,0.01568627450980392,8,165,0,477.0,2022.0,,year,65,a1_elder_context_v1,33.0,6.91823899371069
1123066,2024,,"{""adm_cd"": ""1123066"", ""adm_nm"": ""도곡1동"", ""all_65plus_denominator_status"": ""not_added_reference_population_and_date_unverified"", ""beneficiary_share_among_living_alone_elderly"": 0.08365758754863813, ""beneficiary_total"": 43, ""economic_vulnerability_share_among_living_alone_elderly"": 0.09922178988326848, ""economic_vulnerability_total"": 51, ""elderly_living_alone_total"": 514, ""female"": 352, ""female_share"": 0.6848249027237354, ""general_total"": 463, ""interpretation"": ""annual_structural_living_arrangement_and_economic_context_not_isolation_cases"", ""low_income_share_among_living_alone_elderly"": 0.01556420233463035, ""low_income_total"": 8, ""male"": 162, ""missing_cells"": 0, ""previous_total"": 510, ""previous_year"": 2023, ""rate_among_all_65plus_residents"": null, ""reference_precision"": ""year"", ""source_age_minimum"": 65, ""version"": ""a1_elder_context_v1"", ""year"": 2024, ""yoy_count_change"": 4, ""yoy_count_change_pct"": 0.7843137254901933}",도곡1동,not_added_reference_population_and_date_unverified,0.08365758754863813,43,0.09922178988326848,51,514,352,0.6848249027237354,463,annual_structural_living_arrangement_and_economic_context_not_isolation_cases,0.01556420233463035,8,162,0,510.0,2023.0,,year,65,a1_elder_context_v1,4.0,0.7843137254901933
1123066,2025,,"{""adm_cd"": ""1123066"", ""adm_nm"": ""도곡1동"", ""all_65plus_denominator_status"": ""not_added_reference_population_and_date_unverified"", ""beneficiary_share_among_living_alone_elderly"": 0.1044776119402985, ""beneficiary_total"": 56, ""economic_vulnerability_share_among_living_alone_elderly"": 0.12126865671641791, ""economic_vulnerability_total"": 65, ""elderly_living_alone_total"": 536, ""female"": 377, ""female_share"": 0.7033582089552238, ""general_total"": 471, ""interpretation"": ""annual_structural_living_arrangement_and_economic_context_not_isolation_cases"", ""low_income_share_among_living_alone_elderly"": 0.016791044776119403, ""low_income_total"": 9, ""male"": 159, ""missing_cells"": 0, ""previous_total"": 514, ""previous_year"": 2024, ""rate_among_all_65plus_residents"": null, ""reference_precision"": ""year"", ""source_age_minimum"": 65, ""version"": ""a1_elder_context_v1"", ""year"": 2025, ""yoy_count_change"": 22, ""yoy_count_change_pct"": 4.280155642023353}",도곡1동,not_added_reference_population_and_date_unverified,0.1044776119402985,56,0.12126865671641791,65,536,377,0.7033582089552238,471,annual_structural_living_arrangement_and_economic_context_not_isolation_cases,0.016791044776119403,9,159,0,514.0,2024.0,,year,65,a1_elder_context_v1,22.0,4.280155642023353
1123067,2022,,"{""adm_cd"": ""1123067"", ""adm_nm"": ""도곡2동"", ""all_65plus_denominator_status"": ""not_added_reference_population_and_date_unverified"", ""beneficiary_share_among_living_alone_elderly"": 0.024205748865355523, ""beneficiary_total"": 16, ""economic_vulnerability_share_among_living_alone_elderly"": 0.02723146747352496, ""economic_vulnerability_total"": 18, ""elderly_living_alone_total"": 661, ""female"": 463, ""female_share"": 0.7004538577912254, ""general_total"": 643, ""interpretation"": ""annual_structural_living_arrangement_and_economic_context_not_isolation_cases"", ""low_income_share_among_living_alone_elderly"": 0.0030257186081694403, ""low_income_total"": 2, ""male"": 198, ""missing_cells"": 0, ""previous_total"": null, ""previous_year"": null, ""rate_among_all_65plus_residents"": null, ""reference_precision"": ""year"", ""source_age_minimum"": 65, ""version"": ""a1_elder_context_v1"", ""year"": 2022, ""yoy_count_change"": null, ""yoy_count_change_pct"": null}",도곡2동,not_added_reference_population_and_date_unverified,0.024205748865355523,16,0.02723146747352496,18,661,463,0.7004538577912254,643,annual_structural_living_arrangement_and_economic_context_not_isolation_cases,0.0030257186081694403,2,198,0,,,,year,65,a1_elder_context_v1,,
1123067,2023,,"{""adm_cd"": ""1123067"", ""adm_nm"": ""도곡2동"", ""all_65plus_denominator_status"": ""not_added_reference_population_and_date_unverified"", ""beneficiary_share_among_living_alone_elderly"": 0.028050490883590462, ""beneficiary_total"": 20, ""economic_vulnerability_share_among_living_alone_elderly"": 0.033660589060308554, ""economic_vulnerability_total"": 24, ""elderly_living_alone_total"": 713, ""female"": 499, ""female_share"": 0.699859747545582, ""general_total"": 689, ""interpretation"": ""annual_structural_living_arrangement_and_economic_context_not_isolation_cases"", ""low_income_share_among_living_alone_elderly"": 0.005610098176718092, ""low_income_total"": 4, ""male"": 214, ""missing_cells"": 0, ""previous_total"": 661, ""previous_year"": 2022, ""rate_among_all_65plus_residents"": null, ""reference_precision"": ""year"", ""source_age_minimum"": 65, ""version"": ""a1_elder_context_v1"", ""year"": 2023, ""yoy_count_change"": 52, ""yoy_count_change_pct"": 7.866868381240555}",도곡2동,not_added_reference_population_and_date_unverified,0.028050490883590462,20,0.033660589060308554,24,713,499,0.699859747545582,689,annual_structural_living_arrangement_and_economic_context_not_isolation_cases,0.005610098176718092,4,214,0,661.0,2022.0,,year,65,a1_elder_context_v1,52.0,7.866868381240555
1123067,2024,,"{""adm_cd"": ""1123067"", ""adm_nm"": ""도곡2동"", ""all_65plus_denominator_status"": ""not_added_reference_population_and_date_unverified"", ""beneficiary_share_among_living_alone_elderly"": 0.03804347826086957, ""beneficiary_total"": 28, ""economic_vulnerability_share_among_living_alone_elderly"": 0.04755434782608696, ""economic_vulnerability_total"": 35, ""elderly_living_alone_total"": 736, ""female"": 503, ""female_share"": 0.6834239130434783, ""general_total"": 701, ""interpretation"": ""annual_structural_living_arrangement_and_economic_context_not_isolation_cases"", ""low_income_share_among_living_alone_elderly"": 0.009510869565217392, ""low_income_total"": 7, ""male"": 233, ""missing_cells"": 0, ""previous_total"": 713, ""previous_year"": 2023, ""rate_among_all_65plus_residents"": null, ""reference_precision"": ""year"", ""source_age_minimum"": 65, ""version"": ""a1_elder_context_v1"", ""year"": 2024, ""yoy_count_change"": 23, ""yoy_count_change_pct"": 3.2258064516129004}",도곡2동,not_added_reference_population_and_date_unverified,0.03804347826086957,28,0.04755434782608696,35,736,503,0.6834239130434783,701,annual_structural_living_arrangement_and_economic_context_not_isolation_cases,0.009510869565217392,7,233,0,713.0,2023.0,,year,65,a1_elder_context_v1,23.0,3.2258064516129004
1123067,2025,,"{""adm_cd"": ""1123067"", ""adm_nm"": ""도곡2동"", ""all_65plus_denominator_status"": ""not_added_reference_population_and_date_unverified"", ""beneficiary_share_among_living_alone_elderly"": 0.04798962386511025, ""beneficiary_total"": 37, ""economic_vulnerability_share_among_living_alone_elderly"": 0.058365758754863814, ""economic_vulnerability_total"": 45, ""elderly_living_alone_total"": 771, ""female"": 543, ""female_share"": 0.7042801556420234, ""general_total"": 726, ""interpretation"": ""annual_structural_living_arrangement_and_economic_context_not_isolation_cases"", ""low_income_share_among_living_alone_elderly"": 0.010376134889753566, ""low_income_total"": 8, ""male"": 228, ""missing_cells"": 0, ""previous_total"": 736, ""previous_year"": 2024, ""rate_among_all_65plus_residents"": null, ""reference_precision"": ""year"", ""source_age_minimum"": 65, ""version"": ""a1_elder_context_v1"", ""year"": 2025, ""yoy_count_change"": 35, ""yoy_count_change_pct"": 4.755434782608692}",도곡2동,not_added_reference_population_and_date_unverified,0.04798962386511025,37,0.058365758754863814,45,771,543,0.7042801556420234,726,annual_structural_living_arrangement_and_economic_context_not_isolation_cases,0.010376134889753566,8,228,0,736.0,2024.0,,year,65,a1_elder_context_v1,35.0,4.755434782608692
1123068,2022,,"{""adm_cd"": ""1123068"", ""adm_nm"": ""개포1동"", ""all_65plus_denominator_status"": ""not_added_reference_population_and_date_unverified"", ""beneficiary_share_among_living_alone_elderly"": 0.14004914004914004, ""beneficiary_total"": 57, ""economic_vulnerability_share_among_living_alone_elderly"": 0.1769041769041769, ""economic_vulnerability_total"": 72, ""elderly_living_alone_total"": 407, ""female"": 265, ""female_share"": 0.6511056511056511, ""general_total"": 335, ""interpretation"": ""annual_structural_living_arrangement_and_economic_context_not_isolation_cases"", ""low_income_share_among_living_alone_elderly"": 0.036855036855036855, ""low_income_total"": 15, ""male"": 142, ""missing_cells"": 0, ""previous_total"": null, ""previous_year"": null, ""rate_among_all_65plus_residents"": null, ""reference_precision"": ""year"", ""source_age_minimum"": 65, ""version"": ""a1_elder_context_v1"", ""year"": 2022, ""yoy_count_change"": null, ""yoy_count_change_pct"": null}",개포1동,not_added_reference_population_and_date_unverified,0.14004914004914004,57,0.1769041769041769,72,407,265,0.6511056511056511,335,annual_structural_living_arrangement_and_economic_context_not_isolation_cases,0.036855036855036855,15,142,0,,,,year,65,a1_elder_context_v1,,
1123068,2023,,"{""adm_cd"": ""1123068"", ""adm_nm"": ""개포1동"", ""all_65plus_denominator_status"": ""not_added_reference_population_and_date_unverified"", ""beneficiary_share_among_living_alone_elderly"": 0.08013355592654424, ""beneficiary_total"": 48, ""economic_vulnerability_share_among_living_alone_elderly"": 0.11352253756260434, ""economic_vulnerability_total"": 68, ""elderly_living_alone_total"": 599, ""female"": 406, ""female_share"": 0.67779632721202, ""general_total"": 531, ""interpretation"": ""annual_structural_living_arrangement_and_economic_context_not_isolation_cases"", ""low_income_share_among_living_alone_elderly"": 0.0333889816360601, ""low_income_total"": 20, ""male"": 193, ""missing_cells"": 0, ""previous_total"": 407, ""previous_year"": 2022, ""rate_among_all_65plus_residents"": null, ""reference_precision"": ""year"", ""source_age_minimum"": 65, ""version"": ""a1_elder_context_v1"", ""year"": 2023, ""yoy_count_change"": 192, ""yoy_count_change_pct"": 47.17444717444717}",개포1동,not_added_reference_population_and_date_unverified,0.08013355592654424,48,0.11352253756260434,68,599,406,0.67779632721202,531,annual_structural_living_arrangement_and_economic_context_not_isolation_cases,0.0333889816360601,20,193,0,407.0,2022.0,,year,65,a1_elder_context_v1,192.0,47.17444717444717
1123068,2024,,"{""adm_cd"": ""1123068"", ""adm_nm"": ""개포1동"", ""all_65plus_denominator_status"": ""not_added_reference_population_and_date_unverified"", ""beneficiary_share_among_living_alone_elderly"": 0.10044313146233383, ""beneficiary_total"": 68, ""economic_vulnerability_share_among_living_alone_elderly"": 0.16395864106351551, ""economic_vulnerability_total"": 111, ""elderly_living_alone_total"": 677, ""female"": 476, ""female_share"": 0.7031019202363368, ""general_total"": 566, ""interpretation"": ""annual_structural_living_arrangement_and_economic_context_not_isolation_cases"", ""low_income_share_among_living_alone_elderly"": 0.06351550960118169, ""low_income_total"": 43, ""male"": 201, ""missing_cells"": 0, ""previous_total"": 599, ""previous_year"": 2023, ""rate_among_all_65plus_residents"": null, ""reference_precision"": ""year"", ""source_age_minimum"": 65, ""version"": ""a1_elder_context_v1"", ""year"": 2024, ""yoy_count_change"": 78, ""yoy_count_change_pct"": 13.021702838063431}",개포1동,not_added_reference_population_and_date_unverified,0.10044313146233383,68,0.16395864106351551,111,677,476,0.7031019202363368,566,annual_structural_living_arrangement_and_economic_context_not_isolation_cases,0.06351550960118169,43,201,0,599.0,2023.0,,year,65,a1_elder_context_v1,78.0,13.021702838063431
1123068,2025,,"{""adm_cd"": ""1123068"", ""adm_nm"": ""개포1동"", ""all_65plus_denominator_status"": ""not_added_reference_population_and_date_unverified"", ""beneficiary_share_among_living_alone_elderly"": 0.13696612665684832, ""beneficiary_total"": 93, ""economic_vulnerability_share_among_living_alone_elderly"": 0.19145802650957292, ""economic_vulnerability_total"": 130, ""elderly_living_alone_total"": 679, ""female"": 486, ""female_share"": 0.7157584683357879, ""general_total"": 549, ""interpretation"": ""annual_structural_living_arrangement_and_economic_context_not_isolation_cases"", ""low_income_share_among_living_alone_elderly"": 0.054491899852724596, ""low_income_total"": 37, ""male"": 193, ""missing_cells"": 0, ""previous_total"": 677, ""previous_year"": 2024, ""rate_among_all_65plus_residents"": null, ""reference_precision"": ""year"", ""source_age_minimum"": 65, ""version"": ""a1_elder_context_v1"", ""year"": 2025, ""yoy_count_change"": 2, ""yoy_count_change_pct"": 0.2954209748892156}",개포1동,not_added_reference_population_and_date_unverified,0.13696612665684832,93,0.19145802650957292,130,679,486,0.7157584683357879,549,annual_structural_living_arrangement_and_economic_context_not_isolation_cases,0.054491899852724596,37,193,0,677.0,2024.0,,year,65,a1_elder_context_v1,2.0,0.2954209748892156
1123071,2022,,"{""adm_cd"": ""1123071"", ""adm_nm"": ""개포4동"", ""all_65plus_denominator_status"": ""not_added_reference_population_and_date_unverified"", ""beneficiary_share_among_living_alone_elderly"": 0.18380462724935734, ""beneficiary_total"": 143, ""economic_vulnerability_share_among_living_alone_elderly"": 0.20179948586118251, ""economic_vulnerability_total"": 157, ""elderly_living_alone_total"": 778, ""female"": 536, ""female_share"": 0.6889460154241646, ""general_total"": 621, ""interpretation"": ""annual_structural_living_arrangement_and_economic_context_not_isolation_cases"", ""low_income_share_among_living_alone_elderly"": 0.017994858611825194, ""low_income_total"": 14, ""male"": 242, ""missing_cells"": 0, ""previous_total"": null, ""previous_year"": null, ""rate_among_all_65plus_residents"": null, ""reference_precision"": ""year"", ""source_age_minimum"": 65, ""version"": ""a1_elder_context_v1"", ""year"": 2022, ""yoy_count_change"": null, ""yoy_count_change_pct"": null}",개포4동,not_added_reference_population_and_date_unverified,0.18380462724935734,143,0.20179948586118251,157,778,536,0.6889460154241646,621,annual_structural_living_arrangement_and_economic_context_not_isolation_cases,0.017994858611825194,14,242,0,,,,year,65,a1_elder_context_v1,,
1123071,2023,,"{""adm_cd"": ""1123071"", ""adm_nm"": ""개포4동"", ""all_65plus_denominator_status"": ""not_added_reference_population_and_date_unverified"", ""beneficiary_share_among_living_alone_elderly"": 0.17680826636050517, ""beneficiary_total"": 154, ""economic_vulnerability_share_among_living_alone_elderly"": 0.19517795637198623, ""economic_vulnerability_total"": 170, ""elderly_living_alone_total"": 871, ""female"": 589, ""female_share"": 0.6762342135476463, ""general_total"": 701, ""interpretation"": ""annual_structural_living_arrangement_and_economic_context_not_isolation_cases"", ""low_income_share_among_living_alone_elderly"": 0.018369690011481057, ""low_income_total"": 16, ""male"": 282, ""missing_cells"": 0, ""previous_total"": 778, ""previous_year"": 2022, ""rate_among_all_65plus_residents"": null, ""reference_precision"": ""year"", ""source_age_minimum"": 65, ""version"": ""a1_elder_context_v1"", ""year"": 2023, ""yoy_count_change"": 93, ""yoy_count_change_pct"": 11.953727506426738}",개포4동,not_added_reference_population_and_date_unverified,0.17680826636050517,154,0.19517795637198623,170,871,589,0.6762342135476463,701,annual_structural_living_arrangement_and_economic_context_not_isolation_cases,0.018369690011481057,16,282,0,778.0,2022.0,,year,65,a1_elder_context_v1,93.0,11.953727506426738
1123071,2024,,"{""adm_cd"": ""1123071"", ""adm_nm"": ""개포4동"", ""all_65plus_denominator_status"": ""not_added_reference_population_and_date_unverified"", ""beneficiary_share_among_living_alone_elderly"": 0.2225705329153605, ""beneficiary_total"": 213, ""economic_vulnerability_share_among_living_alone_elderly"": 0.24660397074190177, ""economic_vulnerability_total"": 236, ""elderly_living_alone_total"": 957, ""female"": 642, ""female_share"": 0.670846394984326, ""general_total"": 721, ""interpretation"": ""annual_structural_living_arrangement_and_economic_context_not_isolation_cases"", ""low_income_share_among_living_alone_elderly"": 0.024033437826541274, ""low_income_total"": 23, ""male"": 315, ""missing_cells"": 0, ""previous_total"": 871, ""previous_year"": 2023, ""rate_among_all_65plus_residents"": null, ""reference_precision"": ""year"", ""source_age_minimum"": 65, ""version"": ""a1_elder_context_v1"", ""year"": 2024, ""yoy_count_change"": 86, ""yoy_count_change_pct"": 9.873708381171076}",개포4동,not_added_reference_population_and_date_unverified,0.2225705329153605,213,0.24660397074190177,236,957,642,0.670846394984326,721,annual_structural_living_arrangement_and_economic_context_not_isolation_cases,0.024033437826541274,23,315,0,871.0,2023.0,,year,65,a1_elder_context_v1,86.0,9.873708381171076
1123071,2025,,"{""adm_cd"": ""1123071"", ""adm_nm"": ""개포4동"", ""all_65plus_denominator_status"": ""not_added_reference_population_and_date_unverified"", ""beneficiary_share_among_living_alone_elderly"": 0.23512747875354106, ""beneficiary_total"": 249, ""economic_vulnerability_share_among_living_alone_elderly"": 0.2559017941454202, ""economic_vulnerability_total"": 271, ""elderly_living_alone_total"": 1059, ""female"": 700, ""female_share"": 0.6610009442870632, ""general_total"": 788, ""interpretation"": ""annual_structural_living_arrangement_and_economic_context_not_isolation_cases"", ""low_income_share_among_living_alone_elderly"": 0.02077431539187913, ""low_income_total"": 22, ""male"": 359, ""missing_cells"": 0, ""previous_total"": 957, ""previous_year"": 2024, ""rate_among_all_65plus_residents"": null, ""reference_precision"": ""year"", ""source_age_minimum"": 65, ""version"": ""a1_elder_context_v1"", ""year"": 2025, ""yoy_count_change"": 102, ""yoy_count_change_pct"": 10.658307210031337}",개포4동,not_added_reference_population_and_date_unverified,0.23512747875354106,249,0.2559017941454202,271,1059,700,0.6610009442870632,788,annual_structural_living_arrangement_and_economic_context_not_isolation_cases,0.02077431539187913,22,359,0,957.0,2024.0,,year,65,a1_elder_context_v1,102.0,10.658307210031337
1123072,2022,,"{""adm_cd"": ""1123072"", ""adm_nm"": ""일원본동"", ""all_65plus_denominator_status"": ""not_added_reference_population_and_date_unverified"", ""beneficiary_share_among_living_alone_elderly"": 0.0437375745526839, ""beneficiary_total"": 22, ""economic_vulnerability_share_among_living_alone_elderly"": 0.05168986083499006, ""economic_vulnerability_total"": 26, ""elderly_living_alone_total"": 503, ""female"": 385, ""female_share"": 0.7654075546719682, ""general_total"": 477, ""interpretation"": ""annual_structural_living_arrangement_and_economic_context_not_isolation_cases"", ""low_income_share_among_living_alone_elderly"": 0.007952286282306162, ""low_income_total"": 4, ""male"": 118, ""missing_cells"": 1, ""previous_total"": null, ""previous_year"": null, ""rate_among_all_65plus_residents"": null, ""reference_precision"": ""year"", ""source_age_minimum"": 65, ""version"": ""a1_elder_context_v1"", ""year"": 2022, ""yoy_count_change"": null, ""yoy_count_change_pct"": null}",일원본동,not_added_reference_population_and_date_unverified,0.0437375745526839,22,0.05168986083499006,26,503,385,0.7654075546719682,477,annual_structural_living_arrangement_and_economic_context_not_isolation_cases,0.007952286282306162,4,118,1,,,,year,65,a1_elder_context_v1,,
1123072,2023,,"{""adm_cd"": ""1123072"", ""adm_nm"": ""일원본동"", ""all_65plus_denominator_status"": ""not_added_reference_population_and_date_unverified"", ""beneficiary_share_among_living_alone_elderly"": 0.05649717514124294, ""beneficiary_total"": 30, ""economic_vulnerability_share_among_living_alone_elderly"": 0.06591337099811675, ""economic_vulnerability_total"": 35, ""elderly_living_alone_total"": 531, ""female"": 398, ""female_share"": 0.7495291902071564, ""general_total"": 496, ""interpretation"": ""annual_structural_living_arrangement_and_economic_context_not_isolation_cases"", ""low_income_share_among_living_alone_elderly"": 0.009416195856873822, ""low_income_total"": 5, ""male"": 133, ""missing_cells"": 0, ""previous_total"": 503, ""previous_year"": 2022, ""rate_among_all_65plus_residents"": null, ""reference_precision"": ""year"", ""source_age_minimum"": 65, ""version"": ""a1_elder_context_v1"", ""year"": 2023, ""yoy_count_change"": 28, ""yoy_count_change_pct"": 5.566600397614319}",일원본동,not_added_reference_population_and_date_unverified,0.05649717514124294,30,0.06591337099811675,35,531,398,0.7495291902071564,496,annual_structural_living_arrangement_and_economic_context_not_isolation_cases,0.009416195856873822,5,133,0,503.0,2022.0,,year,65,a1_elder_context_v1,28.0,5.566600397614319
1123072,2024,,"{""adm_cd"": ""1123072"", ""adm_nm"": ""일원본동"", ""all_65plus_denominator_status"": ""not_added_reference_population_and_date_unverified"", ""beneficiary_share_among_living_alone_elderly"": 0.05363984674329502, ""beneficiary_total"": 28, ""economic_vulnerability_share_among_living_alone_elderly"": 0.06704980842911877, ""economic_vulnerability_total"": 35, ""elderly_living_alone_total"": 522, ""female"": 396, ""female_share"": 0.7586206896551724, ""general_total"": 487, ""interpretation"": ""annual_structural_living_arrangement_and_economic_context_not_isolation_cases"", ""low_income_share_among_living_alone_elderly"": 0.013409961685823755, ""low_income_total"": 7, ""male"": 126, ""missing_cells"": 0, ""previous_total"": 531, ""previous_year"": 2023, ""rate_among_all_65plus_residents"": null, ""reference_precision"": ""year"", ""source_age_minimum"": 65, ""version"": ""a1_elder_context_v1"", ""year"": 2024, ""yoy_count_change"": -9, ""yoy_count_change_pct"": -1.6949152542372836}",일원본동,not_added_reference_population_and_date_unverified,0.05363984674329502,28,0.06704980842911877,35,522,396,0.7586206896551724,487,annual_structural_living_arrangement_and_economic_context_not_isolation_cases,0.013409961685823755,7,126,0,531.0,2023.0,,year,65,a1_elder_context_v1,-9.0,-1.6949152542372836
1123072,2025,,"{""adm_cd"": ""1123072"", ""adm_nm"": ""일원본동"", ""all_65plus_denominator_status"": ""not_added_reference_population_and_date_unverified"", ""beneficiary_share_among_living_alone_elderly"": 0.053726169844020795, ""beneficiary_total"": 31, ""economic_vulnerability_share_among_living_alone_elderly"": 0.06412478336221837, ""economic_vulnerability_total"": 37, ""elderly_living_alone_total"": 577, ""female"": 447, ""female_share"": 0.7746967071057193, ""general_total"": 540, ""interpretation"": ""annual_structural_living_arrangement_and_economic_context_not_isolation_cases"", ""low_income_share_among_living_alone_elderly"": 0.010398613518197574, ""low_income_total"": 6, ""male"": 130, ""missing_cells"": 0, ""previous_total"": 522, ""previous_year"": 2024, ""rate_among_all_65plus_residents"": null, ""reference_precision"": ""year"", ""source_age_minimum"": 65, ""version"": ""a1_elder_context_v1"", ""year"": 2025, ""yoy_count_change"": 55, ""yoy_count_change_pct"": 10.53639846743295}",일원본동,not_added_reference_population_and_date_unverified,0.053726169844020795,31,0.06412478336221837,37,577,447,0.7746967071057193,540,annual_structural_living_arrangement_and_economic_context_not_isolation_cases,0.010398613518197574,6,130,0,522.0,2024.0,,year,65,a1_elder_context_v1,55.0,10.53639846743295
1123073,2022,,"{""adm_cd"": ""1123073"", ""adm_nm"": ""일원1동"", ""all_65plus_denominator_status"": ""not_added_reference_population_and_date_unverified"", ""beneficiary_share_among_living_alone_elderly"": 0.28600823045267487, ""beneficiary_total"": 417, ""economic_vulnerability_share_among_living_alone_elderly"": 0.3065843621399177, ""economic_vulnerability_total"": 447, ""elderly_living_alone_total"": 1458, ""female"": 1010, ""female_share"": 0.6927297668038409, ""general_total"": 1011, ""interpretation"": ""annual_structural_living_arrangement_and_economic_context_not_isolation_cases"", ""low_income_share_among_living_alone_elderly"": 0.0205761316872428, ""low_income_total"": 30, ""male"": 448, ""missing_cells"": 0, ""previous_total"": null, ""previous_year"": null, ""rate_among_all_65plus_residents"": null, ""reference_precision"": ""year"", ""source_age_minimum"": 65, ""version"": ""a1_elder_context_v1"", ""year"": 2022, ""yoy_count_change"": null, ""yoy_count_change_pct"": null}",일원1동,not_added_reference_population_and_date_unverified,0.28600823045267487,417,0.3065843621399177,447,1458,1010,0.6927297668038409,1011,annual_structural_living_arrangement_and_economic_context_not_isolation_cases,0.0205761316872428,30,448,0,,,,year,65,a1_elder_context_v1,,
1123073,2023,,"{""adm_cd"": ""1123073"", ""adm_nm"": ""일원1동"", ""all_65plus_denominator_status"": ""not_added_reference_population_and_date_unverified"", ""beneficiary_share_among_living_alone_elderly"": 0.275, ""beneficiary_total"": 440, ""economic_vulnerability_share_among_living_alone_elderly"": 0.31125, ""economic_vulnerability_total"": 498, ""elderly_living_alone_total"": 1600, ""female"": 1090, ""female_share"": 0.68125, ""general_total"": 1102, ""interpretation"": ""annual_structural_living_arrangement_and_economic_context_not_isolation_cases"", ""low_income_share_among_living_alone_elderly"": 0.03625, ""low_income_total"": 58, ""male"": 510, ""missing_cells"": 0, ""previous_total"": 1458, ""previous_year"": 2022, ""rate_among_all_65plus_residents"": null, ""reference_precision"": ""year"", ""source_age_minimum"": 65, ""version"": ""a1_elder_context_v1"", ""year"": 2023, ""yoy_count_change"": 142, ""yoy_count_change_pct"": 9.739368998628262}",일원1동,not_added_reference_population_and_date_unverified,0.275,440,0.31125,498,1600,1090,0.68125,1102,annual_structural_living_arrangement_and_economic_context_not_isolation_cases,0.03625,58,510,0,1458.0,2022.0,,year,65,a1_elder_context_v1,142.0,9.739368998628262
1123073,2024,,"{""adm_cd"": ""1123073"", ""adm_nm"": ""일원1동"", ""all_65plus_denominator_status"": ""not_added_reference_population_and_date_unverified"", ""beneficiary_share_among_living_alone_elderly"": 0.3184679958027282, ""beneficiary_total"": 607, ""economic_vulnerability_share_among_living_alone_elderly"": 0.39244491080797483, ""economic_vulnerability_total"": 748, ""elderly_living_alone_total"": 1906, ""female"": 1289, ""female_share"": 0.6762854144805877, ""general_total"": 1158, ""interpretation"": ""annual_structural_living_arrangement_and_economic_context_not_isolation_cases"", ""low_income_share_among_living_alone_elderly"": 0.07397691500524659, ""low_income_total"": 141, ""male"": 617, ""missing_cells"": 0, ""previous_total"": 1600, ""previous_year"": 2023, ""rate_among_all_65plus_residents"": null, ""reference_precision"": ""year"", ""source_age_minimum"": 65, ""version"": ""a1_elder_context_v1"", ""year"": 2024, ""yoy_count_change"": 306, ""yoy_count_change_pct"": 19.124999999999993}",일원1동,not_added_reference_population_and_date_unverified,0.3184679958027282,607,0.39244491080797483,748,1906,1289,0.6762854144805877,1158,annual_structural_living_arrangement_and_economic_context_not_isolation_cases,0.07397691500524659,141,617,0,1600.0,2023.0,,year,65,a1_elder_context_v1,306.0,19.124999999999993
1123073,2025,,"{""adm_cd"": ""1123073"", ""adm_nm"": ""일원1동"", ""all_65plus_denominator_status"": ""not_added_reference_population_and_date_unverified"", ""beneficiary_share_among_living_alone_elderly"": 0.32747363134103463, ""beneficiary_total"": 652, ""economic_vulnerability_share_among_living_alone_elderly"": 0.3937719738824711, ""economic_vulnerability_total"": 784, ""elderly_living_alone_total"": 1991, ""female"": 1353, ""female_share"": 0.6795580110497238, ""general_total"": 1207, ""interpretation"": ""annual_structural_living_arrangement_and_economic_context_not_isolation_cases"", ""low_income_share_among_living_alone_elderly"": 0.06629834254143646, ""low_income_total"": 132, ""male"": 638, ""missing_cells"": 0, ""previous_total"": 1906, ""previous_year"": 2024, ""rate_among_all_65plus_residents"": null, ""reference_precision"": ""year"", ""source_age_minimum"": 65, ""version"": ""a1_elder_context_v1"", ""year"": 2025, ""yoy_count_change"": 85, ""yoy_count_change_pct"": 4.459601259181523}",일원1동,not_added_reference_population_and_date_unverified,0.32747363134103463,652,0.3937719738824711,784,1991,1353,0.6795580110497238,1207,annual_structural_living_arrangement_and_economic_context_not_isolation_cases,0.06629834254143646,132,638,0,1906.0,2024.0,,year,65,a1_elder_context_v1,85.0,4.459601259181523
1123074,2022,,"{""adm_cd"": ""1123074"", ""adm_nm"": ""개포3동"", ""all_65plus_denominator_status"": ""not_added_reference_population_and_date_unverified"", ""beneficiary_share_among_living_alone_elderly"": 0.2746249184605349, ""beneficiary_total"": 421, ""economic_vulnerability_share_among_living_alone_elderly"": 0.29549902152641877, ""economic_vulnerability_total"": 453, ""elderly_living_alone_total"": 1533, ""female"": 1157, ""female_share"": 0.7547292889758643, ""general_total"": 1080, ""interpretation"": ""annual_structural_living_arrangement_and_economic_context_not_isolation_cases"", ""low_income_share_among_living_alone_elderly"": 0.020874103065883887, ""low_income_total"": 32, ""male"": 376, ""missing_cells"": 0, ""previous_total"": null, ""previous_year"": null, ""rate_among_all_65plus_residents"": null, ""reference_precision"": ""year"", ""source_age_minimum"": 65, ""version"": ""a1_elder_context_v1"", ""year"": 2022, ""yoy_count_change"": null, ""yoy_count_change_pct"": null}",개포3동,not_added_reference_population_and_date_unverified,0.2746249184605349,421,0.29549902152641877,453,1533,1157,0.7547292889758643,1080,annual_structural_living_arrangement_and_economic_context_not_isolation_cases,0.020874103065883887,32,376,0,,,,year,65,a1_elder_context_v1,,
1123074,2023,,"{""adm_cd"": ""1123074"", ""adm_nm"": ""개포3동"", ""all_65plus_denominator_status"": ""not_added_reference_population_and_date_unverified"", ""beneficiary_share_among_living_alone_elderly"": 0.269041769041769, ""beneficiary_total"": 438, ""economic_vulnerability_share_among_living_alone_elderly"": 0.3071253071253071, ""economic_vulnerability_total"": 500, ""elderly_living_alone_total"": 1628, ""female"": 1232, ""female_share"": 0.7567567567567568, ""general_total"": 1128, ""interpretation"": ""annual_structural_living_arrangement_and_economic_context_not_isolation_cases"", ""low_income_share_among_living_alone_elderly"": 0.038083538083538086, ""low_income_total"": 62, ""male"": 396, ""missing_cells"": 0, ""previous_total"": 1533, ""previous_year"": 2022, ""rate_among_all_65plus_residents"": null, ""reference_precision"": ""year"", ""source_age_minimum"": 65, ""version"": ""a1_elder_context_v1"", ""year"": 2023, ""yoy_count_change"": 95, ""yoy_count_change_pct"": 6.196999347684273}",개포3동,not_added_reference_population_and_date_unverified,0.269041769041769,438,0.3071253071253071,500,1628,1232,0.7567567567567568,1128,annual_structural_living_arrangement_and_economic_context_not_isolation_cases,0.038083538083538086,62,396,0,1533.0,2022.0,,year,65,a1_elder_context_v1,95.0,6.196999347684273
1123074,2024,,"{""adm_cd"": ""1123074"", ""adm_nm"": ""개포3동"", ""all_65plus_denominator_status"": ""not_added_reference_population_and_date_unverified"", ""beneficiary_share_among_living_alone_elderly"": 0.31159056698444554, ""beneficiary_total"": 621, ""economic_vulnerability_share_among_living_alone_elderly"": 0.41796287004515803, ""economic_vulnerability_total"": 833, ""elderly_living_alone_total"": 1993, ""female"": 1538, ""female_share"": 0.7717009533366783, ""general_total"": 1160, ""interpretation"": ""annual_structural_living_arrangement_and_economic_context_not_isolation_cases"", ""low_income_share_among_living_alone_elderly"": 0.10637230306071249, ""low_income_total"": 212, ""male"": 455, ""missing_cells"": 0, ""previous_total"": 1628, ""previous_year"": 2023, ""rate_among_all_65plus_residents"": null, ""reference_precision"": ""year"", ""source_age_minimum"": 65, ""version"": ""a1_elder_context_v1"", ""year"": 2024, ""yoy_count_change"": 365, ""yoy_count_change_pct"": 22.42014742014742}",개포3동,not_added_reference_population_and_date_unverified,0.31159056698444554,621,0.41796287004515803,833,1993,1538,0.7717009533366783,1160,annual_structural_living_arrangement_and_economic_context_not_isolation_cases,0.10637230306071249,212,455,0,1628.0,2023.0,,year,65,a1_elder_context_v1,365.0,22.42014742014742
1123074,2025,,"{""adm_cd"": ""1123074"", ""adm_nm"": ""개포3동"", ""all_65plus_denominator_status"": ""not_added_reference_population_and_date_unverified"", ""beneficiary_share_among_living_alone_elderly"": 0.3239099185433637, ""beneficiary_total"": 676, ""economic_vulnerability_share_among_living_alone_elderly"": 0.4206995687589842, ""economic_vulnerability_total"": 878, ""elderly_living_alone_total"": 2087, ""female"": 1621, ""female_share"": 0.7767129851461428, ""general_total"": 1209, ""interpretation"": ""annual_structural_living_arrangement_and_economic_context_not_isolation_cases"", ""low_income_share_among_living_alone_elderly"": 0.09678965021562051, ""low_income_total"": 202, ""male"": 466, ""missing_cells"": 0, ""previous_total"": 1993, ""previous_year"": 2024, ""rate_among_all_65plus_residents"": null, ""reference_precision"": ""year"", ""source_age_minimum"": 65, ""version"": ""a1_elder_context_v1"", ""year"": 2025, ""yoy_count_change"": 94, ""yoy_count_change_pct"": 4.71650777722028}",개포3동,not_added_reference_population_and_date_unverified,0.3239099185433637,676,0.4206995687589842,878,2087,1621,0.7767129851461428,1209,annual_structural_living_arrangement_and_economic_context_not_isolation_cases,0.09678965021562051,202,466,0,1993.0,2024.0,,year,65,a1_elder_context_v1,94.0,4.71650777722028
1123075,2022,,"{""adm_cd"": ""1123075"", ""adm_nm"": ""수서동"", ""all_65plus_denominator_status"": ""not_added_reference_population_and_date_unverified"", ""beneficiary_share_among_living_alone_elderly"": 0.339268680445151, ""beneficiary_total"": 1067, ""economic_vulnerability_share_among_living_alone_elderly"": 0.3478537360890302, ""economic_vulnerability_total"": 1094, ""elderly_living_alone_total"": 3145, ""female"": 2113, ""female_share"": 0.6718600953895072, ""general_total"": 2051, ""interpretation"": ""annual_structural_living_arrangement_and_economic_context_not_isolation_cases"", ""low_income_share_among_living_alone_elderly"": 0.008585055643879173, ""low_income_total"": 27, ""male"": 1032, ""missing_cells"": 0, ""previous_total"": null, ""previous_year"": null, ""rate_among_all_65plus_residents"": null, ""reference_precision"": ""year"", ""source_age_minimum"": 65, ""version"": ""a1_elder_context_v1"", ""year"": 2022, ""yoy_count_change"": null, ""yoy_count_change_pct"": null}",수서동,not_added_reference_population_and_date_unverified,0.339268680445151,1067,0.3478537360890302,1094,3145,2113,0.6718600953895072,2051,annual_structural_living_arrangement_and_economic_context_not_isolation_cases,0.008585055643879173,27,1032,0,,,,year,65,a1_elder_context_v1,,
1123075,2023,,"{""adm_cd"": ""1123075"", ""adm_nm"": ""수서동"", ""all_65plus_denominator_status"": ""not_added_reference_population_and_date_unverified"", ""beneficiary_share_among_living_alone_elderly"": 0.3346041055718475, ""beneficiary_total"": 1141, ""economic_vulnerability_share_among_living_alone_elderly"": 0.35131964809384164, ""economic_vulnerability_total"": 1198, ""elderly_living_alone_total"": 3410, ""female"": 2272, ""female_share"": 0.6662756598240469, ""general_total"": 2212, ""interpretation"": ""annual_structural_living_arrangement_and_economic_context_not_isolation_cases"", ""low_income_share_among_living_alone_elderly"": 0.016715542521994135, ""low_income_total"": 57, ""male"": 1138, ""missing_cells"": 0, ""previous_total"": 3145, ""previous_year"": 2022, ""rate_among_all_65plus_residents"": null, ""reference_precision"": ""year"", ""source_age_minimum"": 65, ""version"": ""a1_elder_context_v1"", ""year"": 2023, ""yoy_count_change"": 265, ""yoy_count_change_pct"": 8.42607313195549}",수서동,not_added_reference_population_and_date_unverified,0.3346041055718475,1141,0.35131964809384164,1198,3410,2272,0.6662756598240469,2212,annual_structural_living_arrangement_and_economic_context_not_isolation_cases,0.016715542521994135,57,1138,0,3145.0,2022.0,,year,65,a1_elder_context_v1,265.0,8.42607313195549
1123075,2024,,"{""adm_cd"": ""1123075"", ""adm_nm"": ""수서동"", ""all_65plus_denominator_status"": ""not_added_reference_population_and_date_unverified"", ""beneficiary_share_among_living_alone_elderly"": 0.3885620145916686, ""beneficiary_total"": 1651, ""economic_vulnerability_share_among_living_alone_elderly"": 0.45869616380324785, ""economic_vulnerability_total"": 1949, ""elderly_living_alone_total"": 4249, ""female"": 2816, ""female_share"": 0.6627441751000235, ""general_total"": 2300, ""interpretation"": ""annual_structural_living_arrangement_and_economic_context_not_isolation_cases"", ""low_income_share_among_living_alone_elderly"": 0.07013414921157919, ""low_income_total"": 298, ""male"": 1433, ""missing_cells"": 0, ""previous_total"": 3410, ""previous_year"": 2023, ""rate_among_all_65plus_residents"": null, ""reference_precision"": ""year"", ""source_age_minimum"": 65, ""version"": ""a1_elder_context_v1"", ""year"": 2024, ""yoy_count_change"": 839, ""yoy_count_change_pct"": 24.604105571847512}",수서동,not_added_reference_population_and_date_unverified,0.3885620145916686,1651,0.45869616380324785,1949,4249,2816,0.6627441751000235,2300,annual_structural_living_arrangement_and_economic_context_not_isolation_cases,0.07013414921157919,298,1433,0,3410.0,2023.0,,year,65,a1_elder_context_v1,839.0,24.604105571847512
1123075,2025,,"{""adm_cd"": ""1123075"", ""adm_nm"": ""수서동"", ""all_65plus_denominator_status"": ""not_added_reference_population_and_date_unverified"", ""beneficiary_share_among_living_alone_elderly"": 0.39636040834442965, ""beneficiary_total"": 1786, ""economic_vulnerability_share_among_living_alone_elderly"": 0.45894363071460276, ""economic_vulnerability_total"": 2068, ""elderly_living_alone_total"": 4506, ""female"": 2958, ""female_share"": 0.6564580559254327, ""general_total"": 2438, ""interpretation"": ""annual_structural_living_arrangement_and_economic_context_not_isolation_cases"", ""low_income_share_among_living_alone_elderly"": 0.06258322237017311, ""low_income_total"": 282, ""male"": 1548, ""missing_cells"": 0, ""previous_total"": 4249, ""previous_year"": 2024, ""rate_among_all_65plus_residents"": null, ""reference_precision"": ""year"", ""source_age_minimum"": 65, ""version"": ""a1_elder_context_v1"", ""year"": 2025, ""yoy_count_change"": 257, ""yoy_count_change_pct"": 6.04848199576371}",수서동,not_added_reference_population_and_date_unverified,0.39636040834442965,1786,0.45894363071460276,2068,4506,2958,0.6564580559254327,2438,annual_structural_living_arrangement_and_economic_context_not_isolation_cases,0.06258322237017311,282,1548,0,4249.0,2024.0,,year,65,a1_elder_context_v1,257.0,6.04848199576371
1123076,2022,,"{""adm_cd"": ""1123076"", ""adm_nm"": ""세곡동"", ""all_65plus_denominator_status"": ""not_added_reference_population_and_date_unverified"", ""beneficiary_share_among_living_alone_elderly"": 0.2089639115250291, ""beneficiary_total"": 359, ""economic_vulnerability_share_among_living_alone_elderly"": 0.22759022118742725, ""economic_vulnerability_total"": 391, ""elderly_living_alone_total"": 1718, ""female"": 1210, ""female_share"": 0.7043073341094296, ""general_total"": 1327, ""interpretation"": ""annual_structural_living_arrangement_and_economic_context_not_isolation_cases"", ""low_income_share_among_living_alone_elderly"": 0.018626309662398137, ""low_income_total"": 32, ""male"": 508, ""missing_cells"": 0, ""previous_total"": null, ""previous_year"": null, ""rate_among_all_65plus_residents"": null, ""reference_precision"": ""year"", ""source_age_minimum"": 65, ""version"": ""a1_elder_context_v1"", ""year"": 2022, ""yoy_count_change"": null, ""yoy_count_change_pct"": null}",세곡동,not_added_reference_population_and_date_unverified,0.2089639115250291,359,0.22759022118742725,391,1718,1210,0.7043073341094296,1327,annual_structural_living_arrangement_and_economic_context_not_isolation_cases,0.018626309662398137,32,508,0,,,,year,65,a1_elder_context_v1,,
1123076,2023,,"{""adm_cd"": ""1123076"", ""adm_nm"": ""세곡동"", ""all_65plus_denominator_status"": ""not_added_reference_population_and_date_unverified"", ""beneficiary_share_among_living_alone_elderly"": 0.2080712788259958, ""beneficiary_total"": 397, ""economic_vulnerability_share_among_living_alone_elderly"": 0.25052410901467503, ""economic_vulnerability_total"": 478, ""elderly_living_alone_total"": 1908, ""female"": 1360, ""female_share"": 0.7127882599580713, ""general_total"": 1430, ""interpretation"": ""annual_structural_living_arrangement_and_economic_context_not_isolation_cases"", ""low_income_share_among_living_alone_elderly"": 0.04245283018867924, ""low_income_total"": 81, ""male"": 548, ""missing_cells"": 0, ""previous_total"": 1718, ""previous_year"": 2022, ""rate_among_all_65plus_residents"": null, ""reference_precision"": ""year"", ""source_age_minimum"": 65, ""version"": ""a1_elder_context_v1"", ""year"": 2023, ""yoy_count_change"": 190, ""yoy_count_change_pct"": 11.059371362048886}",세곡동,not_added_reference_population_and_date_unverified,0.2080712788259958,397,0.25052410901467503,478,1908,1360,0.7127882599580713,1430,annual_structural_living_arrangement_and_economic_context_not_isolation_cases,0.04245283018867924,81,548,0,1718.0,2022.0,,year,65,a1_elder_context_v1,190.0,11.059371362048886
1123076,2024,,"{""adm_cd"": ""1123076"", ""adm_nm"": ""세곡동"", ""all_65plus_denominator_status"": ""not_added_reference_population_and_date_unverified"", ""beneficiary_share_among_living_alone_elderly"": 0.2516, ""beneficiary_total"": 629, ""economic_vulnerability_share_among_living_alone_elderly"": 0.34, ""economic_vulnerability_total"": 850, ""elderly_living_alone_total"": 2500, ""female"": 1737, ""female_share"": 0.6948, ""general_total"": 1650, ""interpretation"": ""annual_structural_living_arrangement_and_economic_context_not_isolation_cases"", ""low_income_share_among_living_alone_elderly"": 0.0884, ""low_income_total"": 221, ""male"": 763, ""missing_cells"": 0, ""previous_total"": 1908, ""previous_year"": 2023, ""rate_among_all_65plus_residents"": null, ""reference_precision"": ""year"", ""source_age_minimum"": 65, ""version"": ""a1_elder_context_v1"", ""year"": 2024, ""yoy_count_change"": 592, ""yoy_count_change_pct"": 31.02725366876311}",세곡동,not_added_reference_population_and_date_unverified,0.2516,629,0.34,850,2500,1737,0.6948,1650,annual_structural_living_arrangement_and_economic_context_not_isolation_cases,0.0884,221,763,0,1908.0,2023.0,,year,65,a1_elder_context_v1,592.0,31.02725366876311
1123076,2025,,"{""adm_cd"": ""1123076"", ""adm_nm"": ""세곡동"", ""all_65plus_denominator_status"": ""not_added_reference_population_and_date_unverified"", ""beneficiary_share_among_living_alone_elderly"": 0.26358002187386076, ""beneficiary_total"": 723, ""economic_vulnerability_share_among_living_alone_elderly"": 0.34852351440029167, ""economic_vulnerability_total"": 956, ""elderly_living_alone_total"": 2743, ""female"": 1897, ""female_share"": 0.6915785636164783, ""general_total"": 1787, ""interpretation"": ""annual_structural_living_arrangement_and_economic_context_not_isolation_cases"", ""low_income_share_among_living_alone_elderly"": 0.08494349252643091, ""low_income_total"": 233, ""male"": 846, ""missing_cells"": 0, ""previous_total"": 2500, ""previous_year"": 2024, ""rate_among_all_65plus_residents"": null, ""reference_precision"": ""year"", ""source_age_minimum"": 65, ""version"": ""a1_elder_context_v1"", ""year"": 2025, ""yoy_count_change"": 243, ""yoy_count_change_pct"": 9.719999999999995}",세곡동,not_added_reference_population_and_date_unverified,0.26358002187386076,723,0.34852351440029167,956,2743,1897,0.6915785636164783,1787,annual_structural_living_arrangement_and_economic_context_not_isolation_cases,0.08494349252643091,233,846,0,2500.0,2024.0,,year,65,a1_elder_context_v1,243.0,9.719999999999995
1123077,2022,,"{""adm_cd"": ""1123077"", ""adm_nm"": ""압구정동"", ""all_65plus_denominator_status"": ""not_added_reference_population_and_date_unverified"", ""beneficiary_share_among_living_alone_elderly"": 0.034482758620689655, ""beneficiary_total"": 28, ""economic_vulnerability_share_among_living_alone_elderly"": 0.03940886699507389, ""economic_vulnerability_total"": 32, ""elderly_living_alone_total"": 812, ""female"": 615, ""female_share"": 0.7573891625615764, ""general_total"": 780, ""interpretation"": ""annual_structural_living_arrangement_and_economic_context_not_isolation_cases"", ""low_income_share_among_living_alone_elderly"": 0.0049261083743842365, ""low_income_total"": 4, ""male"": 197, ""missing_cells"": 1, ""previous_total"": null, ""previous_year"": null, ""rate_among_all_65plus_residents"": null, ""reference_precision"": ""year"", ""source_age_minimum"": 65, ""version"": ""a1_elder_context_v1"", ""year"": 2022, ""yoy_count_change"": null, ""yoy_count_change_pct"": null}",압구정동,not_added_reference_population_and_date_unverified,0.034482758620689655,28,0.03940886699507389,32,812,615,0.7573891625615764,780,annual_structural_living_arrangement_and_economic_context_not_isolation_cases,0.0049261083743842365,4,197,1,,,,year,65,a1_elder_context_v1,,
1123077,2023,,"{""adm_cd"": ""1123077"", ""adm_nm"": ""압구정동"", ""all_65plus_denominator_status"": ""not_added_reference_population_and_date_unverified"", ""beneficiary_share_among_living_alone_elderly"": 0.033105022831050226, ""beneficiary_total"": 29, ""economic_vulnerability_share_among_living_alone_elderly"": 0.03881278538812785, ""economic_vulnerability_total"": 34, ""elderly_living_alone_total"": 876, ""female"": 652, ""female_share"": 0.7442922374429224, ""general_total"": 842, ""interpretation"": ""annual_structural_living_arrangement_and_economic_context_not_isolation_cases"", ""low_income_share_among_living_alone_elderly"": 0.005707762557077625, ""low_income_total"": 5, ""male"": 224, ""missing_cells"": 1, ""previous_total"": 812, ""previous_year"": 2022, ""rate_among_all_65plus_residents"": null, ""reference_precision"": ""year"", ""source_age_minimum"": 65, ""version"": ""a1_elder_context_v1"", ""year"": 2023, ""yoy_count_change"": 64, ""yoy_count_change_pct"": 7.881773399014769}",압구정동,not_added_reference_population_and_date_unverified,0.033105022831050226,29,0.03881278538812785,34,876,652,0.7442922374429224,842,annual_structural_living_arrangement_and_economic_context_not_isolation_cases,0.005707762557077625,5,224,1,812.0,2022.0,,year,65,a1_elder_context_v1,64.0,7.881773399014769
1123077,2024,,"{""adm_cd"": ""1123077"", ""adm_nm"": ""압구정동"", ""all_65plus_denominator_status"": ""not_added_reference_population_and_date_unverified"", ""beneficiary_share_among_living_alone_elderly"": 0.0410958904109589, ""beneficiary_total"": 36, ""economic_vulnerability_share_among_living_alone_elderly"": 0.05251141552511415, ""economic_vulnerability_total"": 46, ""elderly_living_alone_total"": 876, ""female"": 666, ""female_share"": 0.7602739726027398, ""general_total"": 830, ""interpretation"": ""annual_structural_living_arrangement_and_economic_context_not_isolation_cases"", ""low_income_share_among_living_alone_elderly"": 0.01141552511415525, ""low_income_total"": 10, ""male"": 210, ""missing_cells"": 0, ""previous_total"": 876, ""previous_year"": 2023, ""rate_among_all_65plus_residents"": null, ""reference_precision"": ""year"", ""source_age_minimum"": 65, ""version"": ""a1_elder_context_v1"", ""year"": 2024, ""yoy_count_change"": 0, ""yoy_count_change_pct"": 0.0}",압구정동,not_added_reference_population_and_date_unverified,0.0410958904109589,36,0.05251141552511415,46,876,666,0.7602739726027398,830,annual_structural_living_arrangement_and_economic_context_not_isolation_cases,0.01141552511415525,10,210,0,876.0,2023.0,,year,65,a1_elder_context_v1,0.0,0.0
1123077,2025,,"{""adm_cd"": ""1123077"", ""adm_nm"": ""압구정동"", ""all_65plus_denominator_status"": ""not_added_reference_population_and_date_unverified"", ""beneficiary_share_among_living_alone_elderly"": 0.044930875576036866, ""beneficiary_total"": 39, ""economic_vulnerability_share_among_living_alone_elderly"": 0.05414746543778802, ""economic_vulnerability_total"": 47, ""elderly_living_alone_total"": 868, ""female"": 662, ""female_share"": 0.7626728110599078, ""general_total"": 821, ""interpretation"": ""annual_structural_living_arrangement_and_economic_context_not_isolation_cases"", ""low_income_share_among_living_alone_elderly"": 0.009216589861751152, ""low_income_total"": 8, ""male"": 206, ""missing_cells"": 0, ""previous_total"": 876, ""previous_year"": 2024, ""rate_among_all_65plus_residents"": null, ""reference_precision"": ""year"", ""source_age_minimum"": 65, ""version"": ""a1_elder_context_v1"", ""year"": 2025, ""yoy_count_change"": -8, ""yoy_count_change_pct"": -0.91324200913242}",압구정동,not_added_reference_population_and_date_unverified,0.044930875576036866,39,0.05414746543778802,47,868,662,0.7626728110599078,821,annual_structural_living_arrangement_and_economic_context_not_isolation_cases,0.009216589861751152,8,206,0,876.0,2024.0,,year,65,a1_elder_context_v1,-8.0,-0.91324200913242
1123078,2022,,"{""adm_cd"": ""1123078"", ""adm_nm"": ""청담동"", ""all_65plus_denominator_status"": ""not_added_reference_population_and_date_unverified"", ""beneficiary_share_among_living_alone_elderly"": 0.07617504051863858, ""beneficiary_total"": 47, ""economic_vulnerability_share_among_living_alone_elderly"": 0.08265802269043761, ""economic_vulnerability_total"": 51, ""elderly_living_alone_total"": 617, ""female"": 438, ""female_share"": 0.7098865478119936, ""general_total"": 566, ""interpretation"": ""annual_structural_living_arrangement_and_economic_context_not_isolation_cases"", ""low_income_share_among_living_alone_elderly"": 0.006482982171799027, ""low_income_total"": 4, ""male"": 179, ""missing_cells"": 0, ""previous_total"": null, ""previous_year"": null, ""rate_among_all_65plus_residents"": null, ""reference_precision"": ""year"", ""source_age_minimum"": 65, ""version"": ""a1_elder_context_v1"", ""year"": 2022, ""yoy_count_change"": null, ""yoy_count_change_pct"": null}",청담동,not_added_reference_population_and_date_unverified,0.07617504051863858,47,0.08265802269043761,51,617,438,0.7098865478119936,566,annual_structural_living_arrangement_and_economic_context_not_isolation_cases,0.006482982171799027,4,179,0,,,,year,65,a1_elder_context_v1,,
1123078,2023,,"{""adm_cd"": ""1123078"", ""adm_nm"": ""청담동"", ""all_65plus_denominator_status"": ""not_added_reference_population_and_date_unverified"", ""beneficiary_share_among_living_alone_elderly"": 0.05961251862891207, ""beneficiary_total"": 40, ""economic_vulnerability_share_among_living_alone_elderly"": 0.06855439642324888, ""economic_vulnerability_total"": 46, ""elderly_living_alone_total"": 671, ""female"": 468, ""female_share"": 0.6974664679582713, ""general_total"": 625, ""interpretation"": ""annual_structural_living_arrangement_and_economic_context_not_isolation_cases"", ""low_income_share_among_living_alone_elderly"": 0.00894187779433681, ""low_income_total"": 6, ""male"": 203, ""missing_cells"": 0, ""previous_total"": 617, ""previous_year"": 2022, ""rate_among_all_65plus_residents"": null, ""reference_precision"": ""year"", ""source_age_minimum"": 65, ""version"": ""a1_elder_context_v1"", ""year"": 2023, ""yoy_count_change"": 54, ""yoy_count_change_pct"": 8.752025931928697}",청담동,not_added_reference_population_and_date_unverified,0.05961251862891207,40,0.06855439642324888,46,671,468,0.6974664679582713,625,annual_structural_living_arrangement_and_economic_context_not_isolation_cases,0.00894187779433681,6,203,0,617.0,2022.0,,year,65,a1_elder_context_v1,54.0,8.752025931928697
1123078,2024,,"{""adm_cd"": ""1123078"", ""adm_nm"": ""청담동"", ""all_65plus_denominator_status"": ""not_added_reference_population_and_date_unverified"", ""beneficiary_share_among_living_alone_elderly"": 0.09237536656891496, ""beneficiary_total"": 63, ""economic_vulnerability_share_among_living_alone_elderly"": 0.10557184750733138, ""economic_vulnerability_total"": 72, ""elderly_living_alone_total"": 682, ""female"": 477, ""female_share"": 0.6994134897360704, ""general_total"": 610, ""interpretation"": ""annual_structural_living_arrangement_and_economic_context_not_isolation_cases"", ""low_income_share_among_living_alone_elderly"": 0.013196480938416423, ""low_income_total"": 9, ""male"": 205, ""missing_cells"": 0, ""previous_total"": 671, ""previous_year"": 2023, ""rate_among_all_65plus_residents"": null, ""reference_precision"": ""year"", ""source_age_minimum"": 65, ""version"": ""a1_elder_context_v1"", ""year"": 2024, ""yoy_count_change"": 11, ""yoy_count_change_pct"": 1.6393442622950838}",청담동,not_added_reference_population_and_date_unverified,0.09237536656891496,63,0.10557184750733138,72,682,477,0.6994134897360704,610,annual_structural_living_arrangement_and_economic_context_not_isolation_cases,0.013196480938416423,9,205,0,671.0,2023.0,,year,65,a1_elder_context_v1,11.0,1.6393442622950838
1123078,2025,,"{""adm_cd"": ""1123078"", ""adm_nm"": ""청담동"", ""all_65plus_denominator_status"": ""not_added_reference_population_and_date_unverified"", ""beneficiary_share_among_living_alone_elderly"": 0.08288770053475936, ""beneficiary_total"": 62, ""economic_vulnerability_share_among_living_alone_elderly"": 0.09491978609625669, ""economic_vulnerability_total"": 71, ""elderly_living_alone_total"": 748, ""female"": 527, ""female_share"": 0.7045454545454546, ""general_total"": 677, ""interpretation"": ""annual_structural_living_arrangement_and_economic_context_not_isolation_cases"", ""low_income_share_among_living_alone_elderly"": 0.012032085561497326, ""low_income_total"": 9, ""male"": 221, ""missing_cells"": 0, ""previous_total"": 682, ""previous_year"": 2024, ""rate_among_all_65plus_residents"": null, ""reference_precision"": ""year"", ""source_age_minimum"": 65, ""version"": ""a1_elder_context_v1"", ""year"": 2025, ""yoy_count_change"": 66, ""yoy_count_change_pct"": 9.677419354838701}",청담동,not_added_reference_population_and_date_unverified,0.08288770053475936,62,0.09491978609625669,71,748,527,0.7045454545454546,677,annual_structural_living_arrangement_and_economic_context_not_isolation_cases,0.012032085561497326,9,221,0,682.0,2024.0,,year,65,a1_elder_context_v1,66.0,9.677419354838701
1123079,2022,,"{""adm_cd"": ""1123079"", ""adm_nm"": ""대치2동"", ""all_65plus_denominator_status"": ""not_added_reference_population_and_date_unverified"", ""beneficiary_share_among_living_alone_elderly"": 0.05555555555555555, ""beneficiary_total"": 33, ""economic_vulnerability_share_among_living_alone_elderly"": 0.06228956228956229, ""economic_vulnerability_total"": 37, ""elderly_living_alone_total"": 594, ""female"": 442, ""female_share"": 0.7441077441077442, ""general_total"": 557, ""interpretation"": ""annual_structural_living_arrangement_and_economic_context_not_isolation_cases"", ""low_income_share_among_living_alone_elderly"": 0.006734006734006734, ""low_income_total"": 4, ""male"": 152, ""missing_cells"": 1, ""previous_total"": null, ""previous_year"": null, ""rate_among_all_65plus_residents"": null, ""reference_precision"": ""year"", ""source_age_minimum"": 65, ""version"": ""a1_elder_context_v1"", ""year"": 2022, ""yoy_count_change"": null, ""yoy_count_change_pct"": null}",대치2동,not_added_reference_population_and_date_unverified,0.05555555555555555,33,0.06228956228956229,37,594,442,0.7441077441077442,557,annual_structural_living_arrangement_and_economic_context_not_isolation_cases,0.006734006734006734,4,152,1,,,,year,65,a1_elder_context_v1,,
1123079,2023,,"{""adm_cd"": ""1123079"", ""adm_nm"": ""대치2동"", ""all_65plus_denominator_status"": ""not_added_reference_population_and_date_unverified"", ""beneficiary_share_among_living_alone_elderly"": 0.05799373040752351, ""beneficiary_total"": 37, ""economic_vulnerability_share_among_living_alone_elderly"": 0.06896551724137931, ""economic_vulnerability_total"": 44, ""elderly_living_alone_total"": 638, ""female"": 472, ""female_share"": 0.7398119122257053, ""general_total"": 594, ""interpretation"": ""annual_structural_living_arrangement_and_economic_context_not_isolation_cases"", ""low_income_share_among_living_alone_elderly"": 0.0109717868338558, ""low_income_total"": 7, ""male"": 166, ""missing_cells"": 0, ""previous_total"": 594, ""previous_year"": 2022, ""rate_among_all_65plus_residents"": null, ""reference_precision"": ""year"", ""source_age_minimum"": 65, ""version"": ""a1_elder_context_v1"", ""year"": 2023, ""yoy_count_change"": 44, ""yoy_count_change_pct"": 7.407407407407418}",대치2동,not_added_reference_population_and_date_unverified,0.05799373040752351,37,0.06896551724137931,44,638,472,0.7398119122257053,594,annual_structural_living_arrangement_and_economic_context_not_isolation_cases,0.0109717868338558,7,166,0,594.0,2022.0,,year,65,a1_elder_context_v1,44.0,7.407407407407418
1123079,2024,,"{""adm_cd"": ""1123079"", ""adm_nm"": ""대치2동"", ""all_65plus_denominator_status"": ""not_added_reference_population_and_date_unverified"", ""beneficiary_share_among_living_alone_elderly"": 0.07523510971786834, ""beneficiary_total"": 48, ""economic_vulnerability_share_among_living_alone_elderly"": 0.09247648902821316, ""economic_vulnerability_total"": 59, ""elderly_living_alone_total"": 638, ""female"": 486, ""female_share"": 0.7617554858934169, ""general_total"": 579, ""interpretation"": ""annual_structural_living_arrangement_and_economic_context_not_isolation_cases"", ""low_income_share_among_living_alone_elderly"": 0.017241379310344827, ""low_income_total"": 11, ""male"": 152, ""missing_cells"": 0, ""previous_total"": 638, ""previous_year"": 2023, ""rate_among_all_65plus_residents"": null, ""reference_precision"": ""year"", ""source_age_minimum"": 65, ""version"": ""a1_elder_context_v1"", ""year"": 2024, ""yoy_count_change"": 0, ""yoy_count_change_pct"": 0.0}",대치2동,not_added_reference_population_and_date_unverified,0.07523510971786834,48,0.09247648902821316,59,638,486,0.7617554858934169,579,annual_structural_living_arrangement_and_economic_context_not_isolation_cases,0.017241379310344827,11,152,0,638.0,2023.0,,year,65,a1_elder_context_v1,0.0,0.0
1123079,2025,,"{""adm_cd"": ""1123079"", ""adm_nm"": ""대치2동"", ""all_65plus_denominator_status"": ""not_added_reference_population_and_date_unverified"", ""beneficiary_share_among_living_alone_elderly"": 0.07757404795486601, ""beneficiary_total"": 55, ""economic_vulnerability_share_among_living_alone_elderly"": 0.10437235543018336, ""economic_vulnerability_total"": 74, ""elderly_living_alone_total"": 709, ""female"": 544, ""female_share"": 0.767277856135402, ""general_total"": 635, ""interpretation"": ""annual_structural_living_arrangement_and_economic_context_not_isolation_cases"", ""low_income_share_among_living_alone_elderly"": 0.02679830747531735, ""low_income_total"": 19, ""male"": 165, ""missing_cells"": 0, ""previous_total"": 638, ""previous_year"": 2024, ""rate_among_all_65plus_residents"": null, ""reference_precision"": ""year"", ""source_age_minimum"": 65, ""version"": ""a1_elder_context_v1"", ""year"": 2025, ""yoy_count_change"": 71, ""yoy_count_change_pct"": 11.128526645768023}",대치2동,not_added_reference_population_and_date_unverified,0.07757404795486601,55,0.10437235543018336,74,709,544,0.767277856135402,635,annual_structural_living_arrangement_and_economic_context_not_isolation_cases,0.02679830747531735,19,165,0,638.0,2024.0,,year,65,a1_elder_context_v1,71.0,11.128526645768023
1123080,2022,,"{""adm_cd"": ""1123080"", ""adm_nm"": ""개포2동"", ""all_65plus_denominator_status"": ""not_added_reference_population_and_date_unverified"", ""beneficiary_share_among_living_alone_elderly"": 0.08461538461538462, ""beneficiary_total"": 55, ""economic_vulnerability_share_among_living_alone_elderly"": 0.09230769230769231, ""economic_vulnerability_total"": 60, ""elderly_living_alone_total"": 650, ""female"": 480, ""female_share"": 0.7384615384615385, ""general_total"": 590, ""interpretation"": ""annual_structural_living_arrangement_and_economic_context_not_isolation_cases"", ""low_income_share_among_living_alone_elderly"": 0.007692307692307693, ""low_income_total"": 5, ""male"": 170, ""missing_cells"": 0, ""previous_total"": null, ""previous_year"": null, ""rate_among_all_65plus_residents"": null, ""reference_precision"": ""year"", ""source_age_minimum"": 65, ""version"": ""a1_elder_context_v1"", ""year"": 2022, ""yoy_count_change"": null, ""yoy_count_change_pct"": null}",개포2동,not_added_reference_population_and_date_unverified,0.08461538461538462,55,0.09230769230769231,60,650,480,0.7384615384615385,590,annual_structural_living_arrangement_and_economic_context_not_isolation_cases,0.007692307692307693,5,170,0,,,,year,65,a1_elder_context_v1,,
1123080,2023,,"{""adm_cd"": ""1123080"", ""adm_nm"": ""개포2동"", ""all_65plus_denominator_status"": ""not_added_reference_population_and_date_unverified"", ""beneficiary_share_among_living_alone_elderly"": 0.07957559681697612, ""beneficiary_total"": 60, ""economic_vulnerability_share_among_living_alone_elderly"": 0.09549071618037135, ""economic_vulnerability_total"": 72, ""elderly_living_alone_total"": 754, ""female"": 532, ""female_share"": 0.7055702917771883, ""general_total"": 682, ""interpretation"": ""annual_structural_living_arrangement_and_economic_context_not_isolation_cases"", ""low_income_share_among_living_alone_elderly"": 0.015915119363395226, ""low_income_total"": 12, ""male"": 222, ""missing_cells"": 0, ""previous_total"": 650, ""previous_year"": 2022, ""rate_among_all_65plus_residents"": null, ""reference_precision"": ""year"", ""source_age_minimum"": 65, ""version"": ""a1_elder_context_v1"", ""year"": 2023, ""yoy_count_change"": 104, ""yoy_count_change_pct"": 15.999999999999993}",개포2동,not_added_reference_population_and_date_unverified,0.07957559681697612,60,0.09549071618037135,72,754,532,0.7055702917771883,682,annual_structural_living_arrangement_and_economic_context_not_isolation_cases,0.015915119363395226,12,222,0,650.0,2022.0,,year,65,a1_elder_context_v1,104.0,15.999999999999993
1123080,2024,,"{""adm_cd"": ""1123080"", ""adm_nm"": ""개포2동"", ""all_65plus_denominator_status"": ""not_added_reference_population_and_date_unverified"", ""beneficiary_share_among_living_alone_elderly"": 0.11286407766990292, ""beneficiary_total"": 93, ""economic_vulnerability_share_among_living_alone_elderly"": 0.14320388349514562, ""economic_vulnerability_total"": 118, ""elderly_living_alone_total"": 824, ""female"": 593, ""female_share"": 0.7196601941747572, ""general_total"": 706, ""interpretation"": ""annual_structural_living_arrangement_and_economic_context_not_isolation_cases"", ""low_income_share_among_living_alone_elderly"": 0.03033980582524272, ""low_income_total"": 25, ""male"": 231, ""missing_cells"": 0, ""previous_total"": 754, ""previous_year"": 2023, ""rate_among_all_65plus_residents"": null, ""reference_precision"": ""year"", ""source_age_minimum"": 65, ""version"": ""a1_elder_context_v1"", ""year"": 2024, ""yoy_count_change"": 70, ""yoy_count_change_pct"": 9.283819628647215}",개포2동,not_added_reference_population_and_date_unverified,0.11286407766990292,93,0.14320388349514562,118,824,593,0.7196601941747572,706,annual_structural_living_arrangement_and_economic_context_not_isolation_cases,0.03033980582524272,25,231,0,754.0,2023.0,,year,65,a1_elder_context_v1,70.0,9.283819628647215
1123080,2025,,"{""adm_cd"": ""1123080"", ""adm_nm"": ""개포2동"", ""all_65plus_denominator_status"": ""not_added_reference_population_and_date_unverified"", ""beneficiary_share_among_living_alone_elderly"": 0.13723150357995226, ""beneficiary_total"": 115, ""economic_vulnerability_share_among_living_alone_elderly"": 0.1658711217183771, ""economic_vulnerability_total"": 139, ""elderly_living_alone_total"": 838, ""female"": 607, ""female_share"": 0.7243436754176611, ""general_total"": 699, ""interpretation"": ""annual_structural_living_arrangement_and_economic_context_not_isolation_cases"", ""low_income_share_among_living_alone_elderly"": 0.028639618138424822, ""low_income_total"": 24, ""male"": 231, ""missing_cells"": 0, ""previous_total"": 824, ""previous_year"": 2024, ""rate_among_all_65plus_residents"": null, ""reference_precision"": ""year"", ""source_age_minimum"": 65, ""version"": ""a1_elder_context_v1"", ""year"": 2025, ""yoy_count_change"": 14, ""yoy_count_change_pct"": 1.6990291262136026}",개포2동,not_added_reference_population_and_date_unverified,0.13723150357995226,115,0.1658711217183771,139,838,607,0.7243436754176611,699,annual_structural_living_arrangement_and_economic_context_not_isolation_cases,0.028639618138424822,24,231,0,824.0,2024.0,,year,65,a1_elder_context_v1,14.0,1.6990291262136026
