date,adm_cd,adm_nm,any_signal,communication_signal,mobility_signal,combined_signal,signal_status,context_period,model_version,a1_cluster,a1_cluster_type,a1_features,a2_result,a2_evidence,a1_cluster_changed,activity_domain_delta,time_domain_delta,demographic_domain_delta,structural_domain_delta
2025-07-01,1123051,신사동,0,0,0,0,,2025H2,analysis1_2025H2,2,중간활동·다인가구 중심형,"{""active_pop_pc1"": 1.0088791940287667, ""active_pop_pc2"": -0.5688564516594959, ""activity_intensity"": 607.2698402650532, ""adm_cd"": ""1123051"", ""disability_ratio"": 0.0232542948592331, ""dong_name"": ""신사동"", ""foreigner_ratio"": 0.0138153065986681, ""household_structure_pc1"": 0.0605229569429563, ""household_structure_pc2"": 0.4495198306068907, ""livelihood_recipient_ratio"": 0.0077732053040695, ""resident_age_pc1"": -0.16136111396294658, ""resident_age_pc2"": 1.0441849821551388, ""time_structure_pc1"": 0.81897433245156, ""time_structure_pc2"": 1.2570230042645771, ""weekend_weekday_index"": 0.8509529756754773}","{""adm_cd"": 1123051, ""any_signal"": false, ""call_contacts"": 13.876813620319746, ""call_contacts_baseline_n"": 41, ""call_contacts_common_change"": 0.002159056973773721, ""call_contacts_log_change"": 0.0030314677623581865, ""call_contacts_residual"": 0.0008724107885844656, ""call_contacts_rz"": 0.10071619572273909, ""cluster"": 2, ""cluster_type"": ""중간활동·다인가구 중심형"", ""combined_signal"": false, ""comm_low_rate"": 0.11623769667732714, ""comm_low_rate_change"": 0.0048517734120616385, ""comm_validation_support"": true, ""communication_signal"": false, ""date"": ""2025-07-01T00:00:00"", ""days_in_month"": 31, ""dong_name"": ""신사동"", ""interest_structural_issue"": false, ""mobility_distance_both_down"": true, ""mobility_distance_support"": true, ""mobility_signal"": false, ""rain_days"": 10.0, ""rainfall_mm"": 293.9, ""signal_status"": null, ""snow_days"": 0.0, ""text_contacts"": 5.67005052252751, ""text_contacts_baseline_n"": 41, ""text_contacts_common_change"": 0.00256962443696096, ""text_contacts_log_change"": 0.003944811015474947, ""text_contacts_residual"": 0.0013751865785139872, ""text_contacts_rz"": 0.11161116664365897, ""weekday_count_est_ratio"": 0.9019039379887882, ""weekday_days"": 23, ""weekday_distance_down"": true, ""weekday_distance_est_ratio"": 0.896614298567375, ""weekday_move_count"": 20.41568902844698, ""weekday_move_count_baseline_n"": 41, ""weekday_move_count_common_change"": -0.08344681279783916, ""weekday_move_count_log_change"": -0.09014931884896393, ""weekday_move_count_residual"": -0.006702506051124768, ""weekday_move_count_rz"": -0.3540042690599793, ""weekday_move_distance"": 687.4607078867293, ""weekday_move_distance_common_change"": -0.08100353753632783, ""weekday_move_distance_log_change"": -0.09910057595266775, ""weekday_move_distance_residual"": -0.018097038416339917, ""weekday_outing_low_rate"": 0.06895239198520499, ""weekend_count_est_ratio"": 0.8675686898747318, ""weekend_days"": 8, ""weekend_distance_down"": true, ""weekend_distance_est_ratio"": 0.858518928645581, ""weekend_move_count"": 11.205906585297754, ""weekend_move_count_baseline_n"": 41, ""weekend_move_count_common_change"": 0.13662575412356204, ""weekend_move_count_log_change"": 0.12501293783682188, ""weekend_move_count_residual"": -0.011612816286740157, ""weekend_move_count_rz"": -1.2658781221468858, ""weekend_move_distance"": 475.3772881656528, ""weekend_move_distance_common_change"": 0.11536190227550414, ""weekend_move_distance_log_change"": 0.11504168987386265, ""weekend_move_distance_residual"": -0.00032021240164148423, ""weekend_outing_low_rate"": 0.0953773846414815, ""행정동"": ""신사동"", ""행정동코드"": 1123051}",,,,,,
2025-07-01,1123052,논현1동,0,0,0,0,,2025H2,analysis1_2025H2,0,고활동·청년유동·1인가구 중심형,"{""active_pop_pc1"": 3.453788748468105, ""active_pop_pc2"": -0.47931987392245334, ""activity_intensity"": 696.1982087542087, ""adm_cd"": ""1123052"", ""disability_ratio"": 0.0253999210605744, ""dong_name"": ""논현1동"", ""foreigner_ratio"": 0.0392614362737223, ""household_structure_pc1"": 3.1168283256548026, ""household_structure_pc2"": -0.895896843173252, ""livelihood_recipient_ratio"": 0.0298112419029045, ""resident_age_pc1"": 3.7507521888889657, ""resident_age_pc2"": -1.2422024657975301, ""time_structure_pc1"": 0.27596478825796733, ""time_structure_pc2"": 0.7750585861084357, ""weekend_weekday_index"": 0.6598316944339361}","{""adm_cd"": 1123052, ""any_signal"": false, ""call_contacts"": 14.203254299335944, ""call_contacts_baseline_n"": 41, ""call_contacts_common_change"": 0.002159056973773721, ""call_contacts_log_change"": 0.008871470307459717, ""call_contacts_residual"": 0.006712413333685996, ""call_contacts_rz"": 1.3748162233276615, ""cluster"": 0, ""cluster_type"": ""고활동·청년유동·1인가구 중심형"", ""combined_signal"": false, ""comm_low_rate"": 0.11411616889580263, ""comm_low_rate_change"": 0.002630989222695626, ""comm_validation_support"": true, ""communication_signal"": false, ""date"": ""2025-07-01T00:00:00"", ""days_in_month"": 31, ""dong_name"": ""논현1동"", ""interest_structural_issue"": false, ""mobility_distance_both_down"": false, ""mobility_distance_support"": false, ""mobility_signal"": false, ""rain_days"": 10.0, ""rainfall_mm"": 293.9, ""signal_status"": null, ""snow_days"": 0.0, ""text_contacts"": 5.853608462455304, ""text_contacts_baseline_n"": 41, ""text_contacts_common_change"": 0.00256962443696096, ""text_contacts_log_change"": 0.001090506353875309, ""text_contacts_residual"": -0.001479118083085651, ""text_contacts_rz"": 0.0010716404047236108, ""weekday_count_est_ratio"": 0.8913991997275669, ""weekday_days"": 23, ""weekday_distance_down"": false, ""weekday_distance_est_ratio"": 0.8730993529712242, ""weekday_move_count"": 18.312594677841048, ""weekday_move_count_baseline_n"": 41, ""weekday_move_count_common_change"": -0.08344681279783916, ""weekday_move_count_log_change"": -0.09031138360925617, ""weekday_move_count_residual"": -0.006864570811417003, ""weekday_move_count_rz"": -0.6929071734904704, ""weekday_move_distance"": 636.7230116255544, ""weekday_move_distance_common_change"": -0.08100353753632783, ""weekday_move_distance_log_change"": -0.06538455354128203, ""weekday_move_distance_residual"": 0.015618983995045799, ""weekday_outing_low_rate"": 0.11406612891821186, ""weekend_count_est_ratio"": 0.8572194789715648, ""weekend_days"": 8, ""weekend_distance_down"": false, ""weekend_distance_est_ratio"": 0.8364945513366252, ""weekend_move_count"": 10.216666607077238, ""weekend_move_count_baseline_n"": 41, ""weekend_move_count_common_change"": 0.13662575412356204, ""weekend_move_count_log_change"": 0.1265647385724269, ""weekend_move_count_residual"": -0.010061015551135144, ""weekend_move_count_rz"": -0.8072054023821705, ""weekend_move_distance"": 480.6693943594527, ""weekend_move_distance_common_change"": 0.11536190227550414, ""weekend_move_distance_log_change"": 0.13316780640339498, ""weekend_move_distance_residual"": 0.017805904127890848, ""weekend_outing_low_rate"": 0.08123337666505306, ""행정동"": ""논현1동"", ""행정동코드"": 1123052}",,,,,,
2025-07-01,1123053,논현2동,0,0,0,0,,2025H2,analysis1_2025H2,0,고활동·청년유동·1인가구 중심형,"{""active_pop_pc1"": 2.9000233961088235, ""active_pop_pc2"": -0.10206052622030919, ""activity_intensity"": 698.9132497116494, ""adm_cd"": ""1123053"", ""disability_ratio"": 0.0220396420996172, ""dong_name"": ""논현2동"", ""foreigner_ratio"": 0.0192359417126495, ""household_structure_pc1"": 1.9479285504751769, ""household_structure_pc2"": -0.4486960353567812, ""livelihood_recipient_ratio"": 0.0158958480629982, ""resident_age_pc1"": 1.8362400462184008, ""resident_age_pc2"": -0.5567102677104767, ""time_structure_pc1"": 1.232090568789294, ""time_structure_pc2"": -0.6568326529068874, ""weekend_weekday_index"": 0.6058801393255854}","{""adm_cd"": 1123053, ""any_signal"": false, ""call_contacts"": 14.787256826699982, ""call_contacts_baseline_n"": 41, ""call_contacts_common_change"": 0.002159056973773721, ""call_contacts_log_change"": -0.0033220146963226505, ""call_contacts_residual"": -0.005481071670096371, ""call_contacts_rz"": -0.8238788354526771, ""cluster"": 0, ""cluster_type"": ""고활동·청년유동·1인가구 중심형"", ""combined_signal"": false, ""comm_low_rate"": 0.12034726438149551, ""comm_low_rate_change"": 0.004071531913741211, ""comm_validation_support"": true, ""communication_signal"": false, ""date"": ""2025-07-01T00:00:00"", ""days_in_month"": 31, ""dong_name"": ""논현2동"", ""interest_structural_issue"": false, ""mobility_distance_both_down"": false, ""mobility_distance_support"": true, ""mobility_signal"": false, ""rain_days"": 10.0, ""rainfall_mm"": 293.9, ""signal_status"": null, ""snow_days"": 0.0, ""text_contacts"": 5.929979921470641, ""text_contacts_baseline_n"": 41, ""text_contacts_common_change"": 0.00256962443696096, ""text_contacts_log_change"": -0.001351459540373634, ""text_contacts_residual"": -0.003921083977334594, ""text_contacts_rz"": -0.9545095167426084, ""weekday_count_est_ratio"": 0.8919534178118864, ""weekday_days"": 23, ""weekday_distance_down"": false, ""weekday_distance_est_ratio"": 0.8790656791004821, ""weekday_move_count"": 19.356194469762077, ""weekday_move_count_baseline_n"": 41, ""weekday_move_count_common_change"": -0.08344681279783916, ""weekday_move_count_log_change"": -0.084678565378415, ""weekday_move_count_residual"": -0.00123175258057584, ""weekday_move_count_rz"": -0.13642987073779864, ""weekday_move_distance"": 666.2200937689387, ""weekday_move_distance_common_change"": -0.08100353753632783, ""weekday_move_distance_log_change"": -0.07869835949690707, ""weekday_move_distance_residual"": 0.0023051780394207633, ""weekday_outing_low_rate"": 0.09072866702553403, ""weekend_count_est_ratio"": 0.8640670176691059, ""weekend_days"": 8, ""weekend_distance_down"": true, ""weekend_distance_est_ratio"": 0.8471318936284132, ""weekend_move_count"": 10.755203612409096, ""weekend_move_count_baseline_n"": 41, ""weekend_move_count_common_change"": 0.13662575412356204, ""weekend_move_count_log_change"": 0.1293323168222713, ""weekend_move_count_residual"": -0.007293437301290728, ""weekend_move_count_rz"": -1.1778303465056637, ""weekend_move_distance"": 482.8117370872731, ""weekend_move_distance_common_change"": 0.11536190227550414, ""weekend_move_distance_log_change"": 0.10899803271962671, ""weekend_move_distance_residual"": -0.006363869555877422, ""weekend_outing_low_rate"": 0.07401725659074844, ""행정동"": ""논현2동"", ""행정동코드"": 1123053}",,,,,,
2025-07-01,1123058,삼성1동,0,0,0,0,,2025H2,analysis1_2025H2,0,고활동·청년유동·1인가구 중심형,"{""active_pop_pc1"": 2.5679862614364954, ""active_pop_pc2"": 0.4639211601272395, ""activity_intensity"": 809.7405360670981, ""adm_cd"": ""1123058"", ""disability_ratio"": 0.0217082805967859, ""dong_name"": ""삼성1동"", ""foreigner_ratio"": 0.0244693448059286, ""household_structure_pc1"": -0.02445449279740706, ""household_structure_pc2"": 0.9379226306994808, ""livelihood_recipient_ratio"": 0.0068269857707206, ""resident_age_pc1"": 0.02031325458294293, ""resident_age_pc2"": 1.0968941609975316, ""time_structure_pc1"": 3.8344529860505894, ""time_structure_pc2"": -1.3973448705491038, ""weekend_weekday_index"": 0.7580710672406373}","{""adm_cd"": 1123058, ""any_signal"": false, ""call_contacts"": 14.410969284170541, ""call_contacts_baseline_n"": 41, ""call_contacts_common_change"": 0.002159056973773721, ""call_contacts_log_change"": 3.6297502228332945e-05, ""call_contacts_residual"": -0.002122759471545388, ""call_contacts_rz"": -0.33765868164795493, ""cluster"": 0, ""cluster_type"": ""고활동·청년유동·1인가구 중심형"", ""combined_signal"": false, ""comm_low_rate"": 0.12096464363728168, ""comm_low_rate_change"": 0.004216315490555886, ""comm_validation_support"": true, ""communication_signal"": false, ""date"": ""2025-07-01T00:00:00"", ""days_in_month"": 31, ""dong_name"": ""삼성1동"", ""interest_structural_issue"": false, ""mobility_distance_both_down"": false, ""mobility_distance_support"": true, ""mobility_signal"": false, ""rain_days"": 10.0, ""rainfall_mm"": 293.9, ""signal_status"": null, ""snow_days"": 0.0, ""text_contacts"": 5.61450062217565, ""text_contacts_baseline_n"": 41, ""text_contacts_common_change"": 0.00256962443696096, ""text_contacts_log_change"": -0.003374893691003633, ""text_contacts_residual"": -0.005944518127964593, ""text_contacts_rz"": -1.620461555388081, ""weekday_count_est_ratio"": 0.9036924487523741, ""weekday_days"": 23, ""weekday_distance_down"": false, ""weekday_distance_est_ratio"": 0.8978793634160718, ""weekday_move_count"": 21.664256273154724, ""weekday_move_count_baseline_n"": 41, ""weekday_move_count_common_change"": -0.08344681279783916, ""weekday_move_count_log_change"": -0.06800687380157067, ""weekday_move_count_residual"": 0.015439938996268499, ""weekday_move_count_rz"": 3.853712287396312, ""weekday_move_distance"": 769.1186412413965, ""weekday_move_distance_common_change"": -0.08100353753632783, ""weekday_move_distance_log_change"": -0.08093339303690339, ""weekday_move_distance_residual"": 7.014449942444045e-05, ""weekday_outing_low_rate"": 0.07766654592155958, ""weekend_count_est_ratio"": 0.8743093850284891, ""weekend_days"": 8, ""weekend_distance_down"": true, ""weekend_distance_est_ratio"": 0.8647927172702863, ""weekend_move_count"": 11.703324611624268, ""weekend_move_count_baseline_n"": 41, ""weekend_move_count_common_change"": 0.13662575412356204, ""weekend_move_count_log_change"": 0.14535743730810102, ""weekend_move_count_residual"": 0.008731683184538985, ""weekend_move_count_rz"": 1.33325217887963, ""weekend_move_distance"": 512.178760204839, ""weekend_move_distance_common_change"": 0.11536190227550414, ""weekend_move_distance_log_change"": 0.11230478793341891, ""weekend_move_distance_residual"": -0.003057114342085221, ""weekend_outing_low_rate"": 0.10127221435549554, ""행정동"": ""삼성1동"", ""행정동코드"": 1123058}",,,,,,
2025-07-01,1123059,삼성2동,0,0,0,0,,2025H2,analysis1_2025H2,0,고활동·청년유동·1인가구 중심형,"{""active_pop_pc1"": 1.9648971764163092, ""active_pop_pc2"": 0.42604555301592795, ""activity_intensity"": 705.2855931080185, ""adm_cd"": ""1123059"", ""disability_ratio"": 0.019152830435351, ""dong_name"": ""삼성2동"", ""foreigner_ratio"": 0.010409578322043, ""household_structure_pc1"": 0.5495489596363184, ""household_structure_pc2"": -0.6664725705103184, ""livelihood_recipient_ratio"": 0.0110798797228395, ""resident_age_pc1"": -0.15441807500714294, ""resident_age_pc2"": -0.9841985998764194, ""time_structure_pc1"": 1.0924956073545355, ""time_structure_pc2"": -0.7233181092951388, ""weekend_weekday_index"": 0.5882834439387897}","{""adm_cd"": 1123059, ""any_signal"": false, ""call_contacts"": 14.415516504927123, ""call_contacts_baseline_n"": 41, ""call_contacts_common_change"": 0.002159056973773721, ""call_contacts_log_change"": 0.006557005368212909, ""call_contacts_residual"": 0.004397948394439188, ""call_contacts_rz"": 0.941427528026338, ""cluster"": 0, ""cluster_type"": ""고활동·청년유동·1인가구 중심형"", ""combined_signal"": false, ""comm_low_rate"": 0.10037092082364749, ""comm_low_rate_change"": -0.0020772300411248112, ""comm_validation_support"": false, ""communication_signal"": false, ""date"": ""2025-07-01T00:00:00"", ""days_in_month"": 31, ""dong_name"": ""삼성2동"", ""interest_structural_issue"": false, ""mobility_distance_both_down"": false, ""mobility_distance_support"": true, ""mobility_signal"": false, ""rain_days"": 10.0, ""rainfall_mm"": 293.9, ""signal_status"": null, ""snow_days"": 0.0, ""text_contacts"": 5.850663943946945, ""text_contacts_baseline_n"": 41, ""text_contacts_common_change"": 0.00256962443696096, ""text_contacts_log_change"": 0.005944962856236025, ""text_contacts_residual"": 0.0033753384192750646, ""text_contacts_rz"": 0.804322799618896, ""weekday_count_est_ratio"": 0.9103859267863165, ""weekday_days"": 23, ""weekday_distance_down"": false, ""weekday_distance_est_ratio"": 0.8957004758514744, ""weekday_move_count"": 20.042323110931303, ""weekday_move_count_baseline_n"": 41, ""weekday_move_count_common_change"": -0.08344681279783916, ""weekday_move_count_log_change"": -0.08488740903894998, ""weekday_move_count_residual"": -0.0014405962411108142, ""weekday_move_count_rz"": -0.5143809588642274, ""weekday_move_distance"": 716.9808748501905, ""weekday_move_distance_common_change"": -0.08100353753632783, ""weekday_move_distance_log_change"": -0.07807637966877934, ""weekday_move_distance_residual"": 0.002927157867548491, ""weekday_outing_low_rate"": 0.07870423298570094, ""weekend_count_est_ratio"": 0.8846876990520439, ""weekend_days"": 8, ""weekend_distance_down"": true, ""weekend_distance_est_ratio"": 0.872436584360598, ""weekend_move_count"": 10.756242692628103, ""weekend_move_count_baseline_n"": 41, ""weekend_move_count_common_change"": 0.13662575412356204, ""weekend_move_count_log_change"": 0.13105362489159988, ""weekend_move_count_residual"": -0.005572129231962153, ""weekend_move_count_rz"": -1.1272738187964544, ""weekend_move_distance"": 510.0010879659653, ""weekend_move_distance_common_change"": 0.11536190227550414, ""weekend_move_distance_log_change"": 0.11141516075681945, ""weekend_move_distance_residual"": -0.003946741518684682, ""weekend_outing_low_rate"": 0.06792805152242676, ""행정동"": ""삼성2동"", ""행정동코드"": 1123059}",,,,,,
2025-07-01,1123060,대치1동,0,0,0,0,,2025H2,analysis1_2025H2,2,중간활동·다인가구 중심형,"{""active_pop_pc1"": -2.767175777556055, ""active_pop_pc2"": 2.4046862147640096, ""activity_intensity"": 708.2130124223603, ""adm_cd"": ""1123060"", ""disability_ratio"": 0.0127188011585442, ""dong_name"": ""대치1동"", ""foreigner_ratio"": 0.001741873802276, ""household_structure_pc1"": -3.0450878987906966, ""household_structure_pc2"": -2.080405480267149, ""livelihood_recipient_ratio"": 0.0003358099315787, ""resident_age_pc1"": -3.312423927946103, ""resident_age_pc2"": -1.549734571498052, ""time_structure_pc1"": 0.2509544794067247, ""time_structure_pc2"": 2.2451794365989626, ""weekend_weekday_index"": 1.0087785504961273}","{""adm_cd"": 1123060, ""any_signal"": false, ""call_contacts"": 14.467995622834215, ""call_contacts_baseline_n"": 41, ""call_contacts_common_change"": 0.002159056973773721, ""call_contacts_log_change"": 0.003607748192828719, ""call_contacts_residual"": 0.0014486912190549983, ""call_contacts_rz"": 0.24986297855433576, ""cluster"": 2, ""cluster_type"": ""중간활동·다인가구 중심형"", ""combined_signal"": false, ""comm_low_rate"": 0.08396632366697848, ""comm_low_rate_change"": -0.003810999905060522, ""comm_validation_support"": false, ""communication_signal"": false, ""date"": ""2025-07-01T00:00:00"", ""days_in_month"": 31, ""dong_name"": ""대치1동"", ""interest_structural_issue"": false, ""mobility_distance_both_down"": false, ""mobility_distance_support"": false, ""mobility_signal"": false, ""rain_days"": 10.0, ""rainfall_mm"": 293.9, ""signal_status"": null, ""snow_days"": 0.0, ""text_contacts"": 6.140690619490546, ""text_contacts_baseline_n"": 41, ""text_contacts_common_change"": 0.00256962443696096, ""text_contacts_log_change"": 0.0007504565928464491, ""text_contacts_residual"": -0.001819167844114511, ""text_contacts_rz"": -0.5542465116146713, ""weekday_count_est_ratio"": 0.9314675664174114, ""weekday_days"": 23, ""weekday_distance_down"": false, ""weekday_distance_est_ratio"": 0.9253760106997385, ""weekday_move_count"": 22.626561956857298, ""weekday_move_count_baseline_n"": 41, ""weekday_move_count_common_change"": -0.08344681279783916, ""weekday_move_count_log_change"": -0.06381558040432411, ""weekday_move_count_residual"": 0.019631232393515052, ""weekday_move_count_rz"": 1.7747156946570541, ""weekday_move_distance"": 850.4310917313724, ""weekday_move_distance_common_change"": -0.08100353753632783, ""weekday_move_distance_log_change"": -0.07691834761181227, ""weekday_move_distance_residual"": 0.004085189924515564, ""weekday_outing_low_rate"": 0.04667913938260056, ""weekend_count_est_ratio"": 0.9102401361784912, ""weekend_days"": 8, ""weekend_distance_down"": false, ""weekend_distance_est_ratio"": 0.9022159401787343, ""weekend_move_count"": 11.413072484695315, ""weekend_move_count_baseline_n"": 41, ""weekend_move_count_common_change"": 0.13662575412356204, ""weekend_move_count_log_change"": 0.15870053640482196, ""weekend_move_count_residual"": 0.02207478228125992, ""weekend_move_count_rz"": 3.624278539983743, ""weekend_move_distance"": 517.4229517504406, ""weekend_move_distance_common_change"": 0.11536190227550414, ""weekend_move_distance_log_change"": 0.11957483097558264, ""weekend_move_distance_residual"": 0.0042129287000785, ""weekend_outing_low_rate"": 0.08858746492048643, ""행정동"": ""대치1동"", ""행정동코드"": 1123060}",,,,,,
2025-07-01,1123063,대치4동,0,0,0,0,,2025H2,analysis1_2025H2,0,고활동·청년유동·1인가구 중심형,"{""active_pop_pc1"": -0.09157669144460519, ""active_pop_pc2"": 2.2677731244457315, ""activity_intensity"": 1249.5277738095238, ""adm_cd"": ""1123063"", ""disability_ratio"": 0.0193911818871194, ""dong_name"": ""대치4동"", ""foreigner_ratio"": 0.0184464844604951, ""household_structure_pc1"": 1.7565790336331801, ""household_structure_pc2"": -0.7536284500944906, ""livelihood_recipient_ratio"": 0.0182537103239085, ""resident_age_pc1"": 0.7443781034414865, ""resident_age_pc2"": -0.8817579610049339, ""time_structure_pc1"": 1.5308776699345932, ""time_structure_pc2"": 1.5418833699014292, ""weekend_weekday_index"": 0.846502577728509}","{""adm_cd"": 1123063, ""any_signal"": false, ""call_contacts"": 14.429735911831983, ""call_contacts_baseline_n"": 41, ""call_contacts_common_change"": 0.002159056973773721, ""call_contacts_log_change"": 0.006974823856014112, ""call_contacts_residual"": 0.004815766882240391, ""call_contacts_rz"": 0.9175127209705386, ""cluster"": 0, ""cluster_type"": ""고활동·청년유동·1인가구 중심형"", ""combined_signal"": false, ""comm_low_rate"": 0.11432391776700651, ""comm_low_rate_change"": -0.0038446073606713954, ""comm_validation_support"": false, ""communication_signal"": false, ""date"": ""2025-07-01T00:00:00"", ""days_in_month"": 31, ""dong_name"": ""대치4동"", ""interest_structural_issue"": false, ""mobility_distance_both_down"": false, ""mobility_distance_support"": false, ""mobility_signal"": false, ""rain_days"": 10.0, ""rainfall_mm"": 293.9, ""signal_status"": null, ""snow_days"": 0.0, ""text_contacts"": 5.991565814098565, ""text_contacts_baseline_n"": 41, ""text_contacts_common_change"": 0.00256962443696096, ""text_contacts_log_change"": -0.0007784510088908458, ""text_contacts_residual"": -0.003348075445851806, ""text_contacts_rz"": -1.5098453527612608, ""weekday_count_est_ratio"": 0.9073294863797047, ""weekday_days"": 23, ""weekday_distance_down"": false, ""weekday_distance_est_ratio"": 0.8838875025992929, ""weekday_move_count"": 18.72851808158759, ""weekday_move_count_baseline_n"": 41, ""weekday_move_count_common_change"": -0.08344681279783916, ""weekday_move_count_log_change"": -0.07659086892261069, ""weekday_move_count_residual"": 0.006855943875228476, ""weekday_move_count_rz"": 0.972676632023498, ""weekday_move_distance"": 685.1093124112629, ""weekday_move_distance_common_change"": -0.08100353753632783, ""weekday_move_distance_log_change"": -0.07414700831609089, ""weekday_move_distance_residual"": 0.00685652922023694, ""weekday_outing_low_rate"": 0.11571740085280387, ""weekend_count_est_ratio"": 0.8747166770638386, ""weekend_days"": 8, ""weekend_distance_down"": false, ""weekend_distance_est_ratio"": 0.8538199209814932, ""weekend_move_count"": 10.073043875419366, ""weekend_move_count_baseline_n"": 41, ""weekend_move_count_common_change"": 0.13662575412356204, ""weekend_move_count_log_change"": 0.1443782068957309, ""weekend_move_count_residual"": 0.00775245277216885, ""weekend_move_count_rz"": 0.7902624950921782, ""weekend_move_distance"": 497.27920031441636, ""weekend_move_distance_common_change"": 0.11536190227550414, ""weekend_move_distance_log_change"": 0.12391879149015494, ""weekend_move_distance_residual"": 0.008556889214650809, ""weekend_outing_low_rate"": 0.06572692395896902, ""행정동"": ""대치4동"", ""행정동코드"": 1123063}",,,,,,
2025-07-01,1123064,역삼1동,0,0,0,0,,2025H2,analysis1_2025H2,0,고활동·청년유동·1인가구 중심형,"{""active_pop_pc1"": 4.185841496062412, ""active_pop_pc2"": -0.2638326139732681, ""activity_intensity"": 1293.4531555790215, ""adm_cd"": ""1123064"", ""disability_ratio"": 0.0205263379274567, ""dong_name"": ""역삼1동"", ""foreigner_ratio"": 0.0400718774442376, ""household_structure_pc1"": 3.5605977216349443, ""household_structure_pc2"": -1.4993140543811143, ""livelihood_recipient_ratio"": 0.021872327299749, ""resident_age_pc1"": 4.623294874052999, ""resident_age_pc2"": -2.1956244530897044, ""time_structure_pc1"": 1.4095047852962523, ""time_structure_pc2"": -0.1666262800987883, ""weekend_weekday_index"": 0.5594494564513189}","{""adm_cd"": 1123064, ""any_signal"": false, ""call_contacts"": 14.657468427818811, ""call_contacts_baseline_n"": 41, ""call_contacts_common_change"": 0.002159056973773721, ""call_contacts_log_change"": 0.013290702831109336, ""call_contacts_residual"": 0.011131645857335615, ""call_contacts_rz"": 1.9240877446847142, ""cluster"": 0, ""cluster_type"": ""고활동·청년유동·1인가구 중심형"", ""combined_signal"": false, ""comm_low_rate"": 0.11803281393066013, ""comm_low_rate_change"": 0.0004958135755281368, ""comm_validation_support"": true, ""communication_signal"": false, ""date"": ""2025-07-01T00:00:00"", ""days_in_month"": 31, ""dong_name"": ""역삼1동"", ""interest_structural_issue"": false, ""mobility_distance_both_down"": false, ""mobility_distance_support"": false, ""mobility_signal"": false, ""rain_days"": 10.0, ""rainfall_mm"": 293.9, ""signal_status"": null, ""snow_days"": 0.0, ""text_contacts"": 5.987809482997656, ""text_contacts_baseline_n"": 41, ""text_contacts_common_change"": 0.00256962443696096, ""text_contacts_log_change"": 0.01130667690443854, ""text_contacts_residual"": 0.00873705246747758, ""text_contacts_rz"": 1.3557582932658414, ""weekday_count_est_ratio"": 0.8851427995261022, ""weekday_days"": 23, ""weekday_distance_down"": false, ""weekday_distance_est_ratio"": 0.8663300647828388, ""weekday_move_count"": 18.54333652194962, ""weekday_move_count_baseline_n"": 41, ""weekday_move_count_common_change"": -0.08344681279783916, ""weekday_move_count_log_change"": -0.07920841710895976, ""weekday_move_count_residual"": 0.004238395688879404, ""weekday_move_count_rz"": 0.3561703304070568, ""weekday_move_distance"": 674.9379534470548, ""weekday_move_distance_common_change"": -0.08100353753632783, ""weekday_move_distance_log_change"": -0.06186465705438593, ""weekday_move_distance_residual"": 0.0191388804819419, ""weekday_outing_low_rate"": 0.10660430535047995, ""weekend_count_est_ratio"": 0.8518285397393562, ""weekend_days"": 8, ""weekend_distance_down"": false, ""weekend_distance_est_ratio"": 0.836749262685589, ""weekend_move_count"": 10.638574389464766, ""weekend_move_count_baseline_n"": 41, ""weekend_move_count_common_change"": 0.13662575412356204, ""weekend_move_count_log_change"": 0.13480505174376445, ""weekend_move_count_residual"": -0.0018207023797975896, ""weekend_move_count_rz"": -0.25410061184742394, ""weekend_move_distance"": 528.9314904105116, ""weekend_move_distance_common_change"": 0.11536190227550414, ""weekend_move_distance_log_change"": 0.12575192034208627, ""weekend_move_distance_residual"": 0.01039001806658213, ""weekend_outing_low_rate"": 0.08647160882847063, ""행정동"": ""역삼1동"", ""행정동코드"": 1123064}",,,,,,
2025-07-01,1123065,역삼2동,0,0,0,0,,2025H2,analysis1_2025H2,0,고활동·청년유동·1인가구 중심형,"{""active_pop_pc1"": 1.3018091854005989, ""active_pop_pc2"": 1.624496432805457, ""activity_intensity"": 790.7354921700224, ""adm_cd"": ""1123065"", ""disability_ratio"": 0.0180617223044455, ""dong_name"": ""역삼2동"", ""foreigner_ratio"": 0.0103601495975253, ""household_structure_pc1"": 0.13141903571757987, ""household_structure_pc2"": -1.66074968571193, ""livelihood_recipient_ratio"": 0.0092912349942443, ""resident_age_pc1"": -1.027253657311876, ""resident_age_pc2"": -2.0722232053343856, ""time_structure_pc1"": 0.6510175471197581, ""time_structure_pc2"": -0.4907270054113869, ""weekend_weekday_index"": 0.6584753146488297}","{""adm_cd"": 1123065, ""any_signal"": false, ""call_contacts"": 14.14059645087085, ""call_contacts_baseline_n"": 41, ""call_contacts_common_change"": 0.002159056973773721, ""call_contacts_log_change"": -4.791308323159882e-05, ""call_contacts_residual"": -0.0022069700570053197, ""call_contacts_rz"": -0.6247253892022576, ""cluster"": 0, ""cluster_type"": ""고활동·청년유동·1인가구 중심형"", ""combined_signal"": false, ""comm_low_rate"": 0.0996160078130202, ""comm_low_rate_change"": 0.003563158066295896, ""comm_validation_support"": true, ""communication_signal"": false, ""date"": ""2025-07-01T00:00:00"", ""days_in_month"": 31, ""dong_name"": ""역삼2동"", ""interest_structural_issue"": false, ""mobility_distance_both_down"": false, ""mobility_distance_support"": true, ""mobility_signal"": false, ""rain_days"": 10.0, ""rainfall_mm"": 293.9, ""signal_status"": null, ""snow_days"": 0.0, ""text_contacts"": 5.839444627012816, ""text_contacts_baseline_n"": 41, ""text_contacts_common_change"": 0.00256962443696096, ""text_contacts_log_change"": 0.002198537987766258, ""text_contacts_residual"": -0.0003710864491947019, ""text_contacts_rz"": -0.09994170935108422, ""weekday_count_est_ratio"": 0.9156046664475845, ""weekday_days"": 23, ""weekday_distance_down"": false, ""weekday_distance_est_ratio"": 0.8995573447255997, ""weekday_move_count"": 20.12667760037471, ""weekday_move_count_baseline_n"": 41, ""weekday_move_count_common_change"": -0.08344681279783916, ""weekday_move_count_log_change"": -0.08355984965432084, ""weekday_move_count_residual"": -0.00011303685648167416, ""weekday_move_count_rz"": -0.37400836298708534, ""weekday_move_distance"": 717.2861321612521, ""weekday_move_distance_common_change"": -0.08100353753632783, ""weekday_move_distance_log_change"": -0.07618350906673044, ""weekday_move_distance_residual"": 0.004820028469597393, ""weekday_outing_low_rate"": 0.09811777240139391, ""weekend_count_est_ratio"": 0.8873447255997371, ""weekend_days"": 8, ""weekend_distance_down"": true, ""weekend_distance_est_ratio"": 0.8726569175156096, ""weekend_move_count"": 10.608788074172557, ""weekend_move_count_baseline_n"": 41, ""weekend_move_count_common_change"": 0.13662575412356204, ""weekend_move_count_log_change"": 0.13844645650335963, ""weekend_move_count_residual"": 0.0018207023797975896, ""weekend_move_count_rz"": 0.08785871009175329, ""weekend_move_distance"": 501.4991953778862, ""weekend_move_distance_common_change"": 0.11536190227550414, ""weekend_move_distance_log_change"": 0.114922899183167, ""weekend_move_distance_residual"": -0.0004390030923371313, ""weekend_outing_low_rate"": 0.06993429960269017, ""행정동"": ""역삼2동"", ""행정동코드"": 1123065}",,,,,,
2025-07-01,1123066,도곡1동,0,0,0,0,,2025H2,analysis1_2025H2,2,중간활동·다인가구 중심형,"{""active_pop_pc1"": 0.29802864985290256, ""active_pop_pc2"": -0.28765595894381685, ""activity_intensity"": 348.9483497942387, ""adm_cd"": ""1123066"", ""disability_ratio"": 0.0169869718563305, ""dong_name"": ""도곡1동"", ""foreigner_ratio"": 0.0063101200796885, ""household_structure_pc1"": -0.5225651340482826, ""household_structure_pc2"": -0.1990963702531279, ""livelihood_recipient_ratio"": 0.0036949063077329, ""resident_age_pc1"": -0.4309759559966248, ""resident_age_pc2"": -0.2857722048449105, ""time_structure_pc1"": 0.3401918321243857, ""time_structure_pc2"": -0.7501872642702954, ""weekend_weekday_index"": 0.7141460159554923}","{""adm_cd"": 1123066, ""any_signal"": false, ""call_contacts"": 13.350104801625493, ""call_contacts_baseline_n"": 41, ""call_contacts_common_change"": 0.002159056973773721, ""call_contacts_log_change"": 0.005197586618383543, ""call_contacts_residual"": 0.003038529644609822, ""call_contacts_rz"": 0.5355551877634921, ""cluster"": 2, ""cluster_type"": ""중간활동·다인가구 중심형"", ""combined_signal"": false, ""comm_low_rate"": 0.09305436696471606, ""comm_low_rate_change"": -0.001712865792672838, ""comm_validation_support"": false, ""communication_signal"": false, ""date"": ""2025-07-01T00:00:00"", ""days_in_month"": 31, ""dong_name"": ""도곡1동"", ""interest_structural_issue"": false, ""mobility_distance_both_down"": false, ""mobility_distance_support"": true, ""mobility_signal"": false, ""rain_days"": 10.0, ""rainfall_mm"": 293.9, ""signal_status"": null, ""snow_days"": 0.0, ""text_contacts"": 5.517564966313763, ""text_contacts_baseline_n"": 41, ""text_contacts_common_change"": 0.00256962443696096, ""text_contacts_log_change"": 0.004698088436202008, ""text_contacts_residual"": 0.002128463999241048, ""text_contacts_rz"": 0.2945971081177438, ""weekday_count_est_ratio"": 0.932879371190247, ""weekday_days"": 23, ""weekday_distance_down"": true, ""weekday_distance_est_ratio"": 0.9218885680675863, ""weekday_move_count"": 21.10580983463358, ""weekday_move_count_baseline_n"": 41, ""weekday_move_count_common_change"": -0.08344681279783916, ""weekday_move_count_log_change"": -0.08886272962646702, ""weekday_move_count_residual"": -0.005415916828627854, ""weekday_move_count_rz"": -1.1120119876831074, ""weekday_move_distance"": 794.3008799175926, ""weekday_move_distance_common_change"": -0.08100353753632783, ""weekday_move_distance_log_change"": -0.09546815947515519, ""weekday_move_distance_residual"": -0.01446462193882736, ""weekday_outing_low_rate"": 0.05811963289757133, ""weekend_count_est_ratio"": 0.9034236980002138, ""weekend_days"": 8, ""weekend_distance_down"": false, ""weekend_distance_est_ratio"": 0.8884830499411828, ""weekend_move_count"": 10.961584479720738, ""weekend_move_count_baseline_n"": 41, ""weekend_move_count_common_change"": 0.13662575412356204, ""weekend_move_count_log_change"": 0.13005749611526163, ""weekend_move_count_residual"": -0.006568258008300409, ""weekend_move_count_rz"": -1.1440730254396771, ""weekend_move_distance"": 507.94062234863, ""weekend_move_distance_common_change"": 0.11536190227550414, ""weekend_move_distance_log_change"": 0.11568211467714562, ""weekend_move_distance_residual"": 0.00032021240164148423, ""weekend_outing_low_rate"": 0.07460087939327766, ""행정동"": ""도곡1동"", ""행정동코드"": 1123066}",,,,,,
2025-07-01,1123067,도곡2동,0,0,0,0,,2025H2,analysis1_2025H2,2,중간활동·다인가구 중심형,"{""active_pop_pc1"": -2.3471404669713287, ""active_pop_pc2"": 0.3203052519526075, ""activity_intensity"": 617.9922398373984, ""adm_cd"": ""1123067"", ""disability_ratio"": 0.0163179202407358, ""dong_name"": ""도곡2동"", ""foreigner_ratio"": 0.0032730827262784, ""household_structure_pc1"": -1.8427378454546224, ""household_structure_pc2"": -0.07166108044714786, ""livelihood_recipient_ratio"": 0.0016131784268408, ""resident_age_pc1"": -1.6609075337507022, ""resident_age_pc2"": 0.02709133552272181, ""time_structure_pc1"": -0.2127904727338758, ""time_structure_pc2"": 0.08815761674554107, ""weekend_weekday_index"": 0.8272026408808787}","{""adm_cd"": 1123067, ""any_signal"": false, ""call_contacts"": 13.97162876879902, ""call_contacts_baseline_n"": 41, ""call_contacts_common_change"": 0.002159056973773721, ""call_contacts_log_change"": -0.0020803401035371927, ""call_contacts_residual"": -0.0042393970773109135, ""call_contacts_rz"": -1.2455171688568065, ""cluster"": 2, ""cluster_type"": ""중간활동·다인가구 중심형"", ""combined_signal"": false, ""comm_low_rate"": 0.07778725277143564, ""comm_low_rate_change"": 0.0012440969747111452, ""comm_validation_support"": true, ""communication_signal"": false, ""date"": ""2025-07-01T00:00:00"", ""days_in_month"": 31, ""dong_name"": ""도곡2동"", ""interest_structural_issue"": false, ""mobility_distance_both_down"": false, ""mobility_distance_support"": true, ""mobility_signal"": false, ""rain_days"": 10.0, ""rainfall_mm"": 293.9, ""signal_status"": null, ""snow_days"": 0.0, ""text_contacts"": 5.806075411959416, ""text_contacts_baseline_n"": 41, ""text_contacts_common_change"": 0.00256962443696096, ""text_contacts_log_change"": -0.0015061941434342252, ""text_contacts_residual"": -0.004075818580395185, ""text_contacts_rz"": -1.0220378919713737, ""weekday_count_est_ratio"": 0.9259318557962151, ""weekday_days"": 23, ""weekday_distance_down"": true, ""weekday_distance_est_ratio"": 0.9189364611067138, ""weekday_move_count"": 21.91237950911878, ""weekday_move_count_baseline_n"": 41, ""weekday_move_count_common_change"": -0.08344681279783916, ""weekday_move_count_log_change"": -0.08333377594135749, ""weekday_move_count_residual"": 0.00011303685648167416, ""weekday_move_count_rz"": 0.19788558401395426, ""weekday_move_distance"": 808.7677383782573, ""weekday_move_distance_common_change"": -0.08100353753632783, ""weekday_move_distance_log_change"": -0.09730233953456846, ""weekday_move_distance_residual"": -0.01629880199824063, ""weekday_outing_low_rate"": 0.07885456496025087, ""weekend_count_est_ratio"": 0.8992537957832626, ""weekend_days"": 8, ""weekend_distance_down"": false, ""weekend_distance_est_ratio"": 0.8833093473411526, ""weekend_move_count"": 11.308910116324569, ""weekend_move_count_baseline_n"": 41, ""weekend_move_count_common_change"": 0.13662575412356204, ""weekend_move_count_log_change"": 0.13997828543786062, ""weekend_move_count_residual"": 0.003352531314298579, ""weekend_move_count_rz"": 0.3083236116055031, ""weekend_move_distance"": 511.23538536172083, ""weekend_move_distance_common_change"": 0.11536190227550414, ""weekend_move_distance_log_change"": 0.11615856132723668, ""weekend_move_distance_residual"": 0.00079665905173254, ""weekend_outing_low_rate"": 0.07031056584050835, ""행정동"": ""도곡2동"", ""행정동코드"": 1123067}",,,,,,
2025-07-01,1123068,개포1동,0,0,0,0,,2025H2,analysis1_2025H2,2,중간활동·다인가구 중심형,"{""active_pop_pc1"": -2.812180854863822, ""active_pop_pc2"": 0.994622782290072, ""activity_intensity"": 126.0251696530874, ""adm_cd"": ""1123068"", ""disability_ratio"": 0.0195517673227536, ""dong_name"": ""개포1동"", ""foreigner_ratio"": 0.002130607725486, ""household_structure_pc1"": -2.2532196550723445, ""household_structure_pc2"": 0.2571108554560828, ""livelihood_recipient_ratio"": 0.0037010037570795, ""resident_age_pc1"": -1.5651035109779237, ""resident_age_pc2"": -0.18970085406697193, ""time_structure_pc1"": -2.150922491485588, ""time_structure_pc2"": 1.2288215453150342, ""weekend_weekday_index"": 0.6539578191524128}","{""adm_cd"": 1123068, ""any_signal"": false, ""call_contacts"": 14.243392988735655, ""call_contacts_baseline_n"": 41, ""call_contacts_common_change"": 0.002159056973773721, ""call_contacts_log_change"": 0.003955351606119706, ""call_contacts_residual"": 0.001796294632345985, ""call_contacts_rz"": 0.04540627723243813, ""cluster"": 2, ""cluster_type"": ""중간활동·다인가구 중심형"", ""combined_signal"": false, ""comm_low_rate"": 0.08022396958945024, ""comm_low_rate_change"": -0.0017941398016448618, ""comm_validation_support"": false, ""communication_signal"": false, ""date"": ""2025-07-01T00:00:00"", ""days_in_month"": 31, ""dong_name"": ""개포1동"", ""interest_structural_issue"": false, ""mobility_distance_both_down"": false, ""mobility_distance_support"": false, ""mobility_signal"": false, ""rain_days"": 10.0, ""rainfall_mm"": 293.9, ""signal_status"": null, ""snow_days"": 0.0, ""text_contacts"": 5.954245710074745, ""text_contacts_baseline_n"": 41, ""text_contacts_common_change"": 0.00256962443696096, ""text_contacts_log_change"": 0.006308299387939975, ""text_contacts_residual"": 0.003738674950979015, ""text_contacts_rz"": 0.13179632322894466, ""weekday_count_est_ratio"": 0.9488367196547005, ""weekday_days"": 23, ""weekday_distance_down"": false, ""weekday_distance_est_ratio"": 0.9426255395304769, ""weekday_move_count"": 23.800860978586485, ""weekday_move_count_baseline_n"": 41, ""weekday_move_count_common_change"": -0.08344681279783916, ""weekday_move_count_log_change"": -0.07122864062821899, ""weekday_move_count_residual"": 0.012218172169620178, ""weekday_move_count_rz"": 0.9825672340219935, ""weekday_move_distance"": 867.3095644404735, ""weekday_move_distance_common_change"": -0.08100353753632783, ""weekday_move_distance_log_change"": -0.07492207758433, ""weekday_move_distance_residual"": 0.006081459951997825, ""weekday_outing_low_rate"": 0.029830811963146294, ""weekend_count_est_ratio"": 0.9285187914517318, ""weekend_days"": 8, ""weekend_distance_down"": false, ""weekend_distance_est_ratio"": 0.918728287188125, ""weekend_move_count"": 12.354509070294785, ""weekend_move_count_baseline_n"": 41, ""weekend_move_count_common_change"": 0.13662575412356204, ""weekend_move_count_log_change"": 0.15311374174508519, ""weekend_move_count_residual"": 0.016487987621523148, ""weekend_move_count_rz"": 1.675675398308491, ""weekend_move_distance"": 546.3690042397159, ""weekend_move_distance_common_change"": 0.11536190227550414, ""weekend_move_distance_log_change"": 0.1344870550567281, ""weekend_move_distance_residual"": 0.019125152781223953, ""weekend_outing_low_rate"": 0.0619805751145716, ""행정동"": ""개포1동"", ""행정동코드"": 1123068}",,,,,,
2025-07-01,1123071,개포4동,0,0,0,0,,2025H2,analysis1_2025H2,2,중간활동·다인가구 중심형,"{""active_pop_pc1"": -1.582077707818372, ""active_pop_pc2"": -0.602698626550829, ""activity_intensity"": 196.30289831040764, ""adm_cd"": ""1123071"", ""disability_ratio"": 0.0262504587354014, ""dong_name"": ""개포4동"", ""foreigner_ratio"": 0.0080089781832915, ""household_structure_pc1"": -0.06075600038192678, ""household_structure_pc2"": 0.5936495237570294, ""livelihood_recipient_ratio"": 0.0224078751376206, ""resident_age_pc1"": -0.22734192775025444, ""resident_age_pc2"": 0.5684808156887863, ""time_structure_pc1"": -1.2711975546747596, ""time_structure_pc2"": 0.6545384977311337, ""weekend_weekday_index"": 0.9570829021151136}","{""adm_cd"": 1123071, ""any_signal"": false, ""call_contacts"": 13.908344552609774, ""call_contacts_baseline_n"": 41, ""call_contacts_common_change"": 0.002159056973773721, ""call_contacts_log_change"": -0.004197320937280757, ""call_contacts_residual"": -0.006356377911054478, ""call_contacts_rz"": -0.9042487761210948, ""cluster"": 2, ""cluster_type"": ""중간활동·다인가구 중심형"", ""combined_signal"": false, ""comm_low_rate"": 0.09004122139559834, ""comm_low_rate_change"": -0.005615507277353868, ""comm_validation_support"": false, ""communication_signal"": false, ""date"": ""2025-07-01T00:00:00"", ""days_in_month"": 31, ""dong_name"": ""개포4동"", ""interest_structural_issue"": false, ""mobility_distance_both_down"": false, ""mobility_distance_support"": true, ""mobility_signal"": false, ""rain_days"": 10.0, ""rainfall_mm"": 293.9, ""signal_status"": null, ""snow_days"": 0.0, ""text_contacts"": 5.425493475559238, ""text_contacts_baseline_n"": 41, ""text_contacts_common_change"": 0.00256962443696096, ""text_contacts_log_change"": -0.002756930271185176, ""text_contacts_residual"": -0.005326554708146136, ""text_contacts_rz"": -0.9422359136891274, ""weekday_count_est_ratio"": 0.9319537075393537, ""weekday_days"": 23, ""weekday_distance_down"": true, ""weekday_distance_est_ratio"": 0.9237489643744823, ""weekday_move_count"": 22.180361097884255, ""weekday_move_count_baseline_n"": 41, ""weekday_move_count_common_change"": -0.08344681279783916, ""weekday_move_count_log_change"": -0.07160501038453937, ""weekday_move_count_residual"": 0.011841802413299796, ""weekday_move_count_rz"": 1.3159059106842466, ""weekday_move_distance"": 762.2010679819546, ""weekday_move_distance_common_change"": -0.08100353753632783, ""weekday_move_distance_log_change"": -0.08107368203575227, ""weekday_move_distance_residual"": -7.014449942444045e-05, ""weekday_outing_low_rate"": 0.040557900532207744, ""weekend_count_est_ratio"": 0.9140922742336371, ""weekend_days"": 8, ""weekend_distance_down"": false, ""weekend_distance_est_ratio"": 0.9022436826843412, ""weekend_move_count"": 11.586256030861698, ""weekend_move_count_baseline_n"": 41, ""weekend_move_count_common_change"": 0.13662575412356204, ""weekend_move_count_log_change"": 0.15358834197038096, ""weekend_move_count_residual"": 0.01696258784681892, ""weekend_move_count_rz"": 1.4270964665539714, ""weekend_move_distance"": 516.4398718271731, ""weekend_move_distance_common_change"": 0.11536190227550414, ""weekend_move_distance_log_change"": 0.137853003374925, ""weekend_move_distance_residual"": 0.022491101099420874, ""weekend_outing_low_rate"": 0.06671301720852096, ""행정동"": ""개포4동"", ""행정동코드"": 1123071}",,,,,,
2025-07-01,1123072,일원본동,0,0,0,0,,2025H2,analysis1_2025H2,2,중간활동·다인가구 중심형,"{""active_pop_pc1"": -2.575098136001509, ""active_pop_pc2"": -0.4242878209748916, ""activity_intensity"": 228.42569285702675, ""adm_cd"": ""1123072"", ""disability_ratio"": 0.0306711544034059, ""dong_name"": ""일원본동"", ""foreigner_ratio"": 0.0010030613062405, ""household_structure_pc1"": -1.9186226888022524, ""household_structure_pc2"": -0.01424222204515588, ""livelihood_recipient_ratio"": 0.0036555736352896, ""resident_age_pc1"": -1.3853472759775167, ""resident_age_pc2"": -0.23576002340303995, ""time_structure_pc1"": -1.2208106142407391, ""time_structure_pc2"": -2.964657297140188, ""weekend_weekday_index"": 0.6260492523103128}","{""adm_cd"": 1123072, ""any_signal"": false, ""call_contacts"": 12.74390531098842, ""call_contacts_baseline_n"": 41, ""call_contacts_common_change"": 0.002159056973773721, ""call_contacts_log_change"": -0.002383468000301203, ""call_contacts_residual"": -0.004542524974074924, ""call_contacts_rz"": -0.7722246055884993, ""cluster"": 2, ""cluster_type"": ""중간활동·다인가구 중심형"", ""combined_signal"": false, ""comm_low_rate"": 0.07502330215665477, ""comm_low_rate_change"": -0.005671730660053734, ""comm_validation_support"": false, ""communication_signal"": false, ""date"": ""2025-07-01T00:00:00"", ""days_in_month"": 31, ""dong_name"": ""일원본동"", ""interest_structural_issue"": false, ""mobility_distance_both_down"": true, ""mobility_distance_support"": true, ""mobility_signal"": false, ""rain_days"": 10.0, ""rainfall_mm"": 293.9, ""signal_status"": null, ""snow_days"": 0.0, ""text_contacts"": 5.210958127717789, ""text_contacts_baseline_n"": 41, ""text_contacts_common_change"": 0.00256962443696096, ""text_contacts_log_change"": 0.0016621452111644786, ""text_contacts_residual"": -0.0009074792257964814, ""text_contacts_rz"": -0.010501570491971923, ""weekday_count_est_ratio"": 0.9394410514486735, ""weekday_days"": 23, ""weekday_distance_down"": true, ""weekday_distance_est_ratio"": 0.9385181023110374, ""weekday_move_count"": 22.381344566179553, ""weekday_move_count_baseline_n"": 41, ""weekday_move_count_common_change"": -0.08344681279783916, ""weekday_move_count_log_change"": -0.07868329165146637, ""weekday_move_count_residual"": 0.0047635211463727956, ""weekday_move_count_rz"": 0.41133524266476346, ""weekday_move_distance"": 831.673885723359, ""weekday_move_distance_common_change"": -0.08100353753632783, ""weekday_move_distance_log_change"": -0.10570329890286612, ""weekday_move_distance_residual"": -0.024699761366538286, ""weekday_outing_low_rate"": 0.05435027159065342, ""weekend_count_est_ratio"": 0.9182415595837202, ""weekend_days"": 8, ""weekend_distance_down"": true, ""weekend_distance_est_ratio"": 0.9117677236527093, ""weekend_move_count"": 11.615801693657167, ""weekend_move_count_baseline_n"": 41, ""weekend_move_count_common_change"": 0.13662575412356204, ""weekend_move_count_log_change"": 0.14690368564716438, ""weekend_move_count_residual"": 0.010277931523602346, ""weekend_move_count_rz"": 1.296796860413552, ""weekend_move_distance"": 538.285072833132, ""weekend_move_distance_common_change"": 0.11536190227550414, ""weekend_move_distance_log_change"": 0.11439600108398729, ""weekend_move_distance_residual"": -0.0009659011915168492, ""weekend_outing_low_rate"": 0.08606048918458521, ""행정동"": ""일원본동"", ""행정동코드"": 1123072}",,,,,,
2025-07-01,1123073,일원1동,0,0,0,0,,2025H2,analysis1_2025H2,1,고령·2인가구·구조적 복지배경 특화형,"{""active_pop_pc1"": -1.9429015574680562, ""active_pop_pc2"": -1.892431367454475, ""activity_intensity"": 264.40659090909094, ""adm_cd"": ""1123073"", ""disability_ratio"": 0.0765103965777201, ""dong_name"": ""일원1동"", ""foreigner_ratio"": 0.0106237213452306, ""household_structure_pc1"": 1.347590880479978, ""household_structure_pc2"": 1.3454414092075702, ""livelihood_recipient_ratio"": 0.0838037799361828, ""resident_age_pc1"": 1.2110613160817687, ""resident_age_pc2"": 2.088758307705335, ""time_structure_pc1"": -2.117589090357818, ""time_structure_pc2"": -0.8003060081140263, ""weekend_weekday_index"": 1.0010790922466295}","{""adm_cd"": 1123073, ""any_signal"": false, ""call_contacts"": 12.558792597145395, ""call_contacts_baseline_n"": 41, ""call_contacts_common_change"": 0.002159056973773721, ""call_contacts_log_change"": 0.0036805207088290715, ""call_contacts_residual"": 0.0015214637350553506, ""call_contacts_rz"": 0.21748282918941841, ""cluster"": 1, ""cluster_type"": ""고령·2인가구·구조적 복지배경 특화형"", ""combined_signal"": false, ""comm_low_rate"": 0.09762047638720106, ""comm_low_rate_change"": -0.0009646823417410327, ""comm_validation_support"": false, ""communication_signal"": false, ""date"": ""2025-07-01T00:00:00"", ""days_in_month"": 31, ""dong_name"": ""일원1동"", ""interest_structural_issue"": false, ""mobility_distance_both_down"": true, ""mobility_distance_support"": true, ""mobility_signal"": false, ""rain_days"": 10.0, ""rainfall_mm"": 293.9, ""signal_status"": null, ""snow_days"": 0.0, ""text_contacts"": 4.8810421361742815, ""text_contacts_baseline_n"": 41, ""text_contacts_common_change"": 0.00256962443696096, ""text_contacts_log_change"": 0.007124360768971716, ""text_contacts_residual"": 0.004554736332010756, ""text_contacts_rz"": 1.1169964197967142, ""weekday_count_est_ratio"": 0.9302957044321518, ""weekday_days"": 23, ""weekday_distance_down"": true, ""weekday_distance_est_ratio"": 0.9210291606911152, ""weekday_move_count"": 20.52512704150248, ""weekday_move_count_baseline_n"": 41, ""weekday_move_count_common_change"": -0.08344681279783916, ""weekday_move_count_log_change"": -0.09373686767994238, ""weekday_move_count_residual"": -0.010290054882103217, ""weekday_move_count_rz"": -0.700964781888619, ""weekday_move_distance"": 714.9526941941759, ""weekday_move_distance_common_change"": -0.08100353753632783, ""weekday_move_distance_log_change"": -0.08334065221825959, ""weekday_move_distance_residual"": -0.0023371146819317623, ""weekday_outing_low_rate"": 0.0684727444884371, ""weekend_count_est_ratio"": 0.8943891279109473, ""weekend_days"": 8, ""weekend_distance_down"": true, ""weekend_distance_est_ratio"": 0.8774861708666257, ""weekend_move_count"": 10.93787931010786, ""weekend_move_count_baseline_n"": 41, ""weekend_move_count_common_change"": 0.13662575412356204, ""weekend_move_count_log_change"": 0.11945233577985981, ""weekend_move_count_residual"": -0.01717341834370223, ""weekend_move_count_rz"": -1.5490884877434954, ""weekend_move_distance"": 507.72307380401475, ""weekend_move_distance_common_change"": 0.11536190227550414, ""weekend_move_distance_log_change"": 0.112235109089446, ""weekend_move_distance_residual"": -0.00312679318605813, ""weekend_outing_low_rate"": 0.09974338175206032, ""행정동"": ""일원1동"", ""행정동코드"": 1123073}",,,,,,
2025-07-01,1123074,개포3동,0,0,0,0,,2025H2,analysis1_2025H2,1,고령·2인가구·구조적 복지배경 특화형,"{""active_pop_pc1"": -1.7978863371288094, ""active_pop_pc2"": -1.3550047918047938, ""activity_intensity"": 318.5769660618241, ""adm_cd"": ""1123074"", ""disability_ratio"": 0.0685507379790727, ""dong_name"": ""개포3동"", ""foreigner_ratio"": 0.0046668266181056, ""household_structure_pc1"": -0.10351208942511604, ""household_structure_pc2"": 1.4779743966022372, ""livelihood_recipient_ratio"": 0.0626591794777378, ""resident_age_pc1"": 0.16228898112752646, ""resident_age_pc2"": 0.6754741557975844, ""time_structure_pc1"": -1.9585843100934688, ""time_structure_pc2"": -0.15600867167277757, ""weekend_weekday_index"": 0.6872777922769003}","{""adm_cd"": 1123074, ""any_signal"": false, ""call_contacts"": 12.535983346842531, ""call_contacts_baseline_n"": 41, ""call_contacts_common_change"": 0.002159056973773721, ""call_contacts_log_change"": 0.0021650916334357007, ""call_contacts_residual"": 6.034659661979802e-06, ""call_contacts_rz"": 0.03369646795426986, ""cluster"": 1, ""cluster_type"": ""고령·2인가구·구조적 복지배경 특화형"", ""combined_signal"": false, ""comm_low_rate"": 0.0, ""comm_low_rate_change"": 0.0, ""comm_validation_support"": false, ""communication_signal"": false, ""date"": ""2025-07-01T00:00:00"", ""days_in_month"": 31, ""dong_name"": ""개포3동"", ""interest_structural_issue"": true, ""mobility_distance_both_down"": false, ""mobility_distance_support"": true, ""mobility_signal"": false, ""rain_days"": 10.0, ""rainfall_mm"": 293.9, ""signal_status"": null, ""snow_days"": 0.0, ""text_contacts"": 5.002118487952251, ""text_contacts_baseline_n"": 41, ""text_contacts_common_change"": 0.00256962443696096, ""text_contacts_log_change"": 0.000533451381296679, ""text_contacts_residual"": -0.002036173055664281, ""text_contacts_rz"": -0.23403189094893434, ""weekday_count_est_ratio"": 0.9382617345810922, ""weekday_days"": 23, ""weekday_distance_down"": true, ""weekday_distance_est_ratio"": 0.9320595387222754, ""weekday_move_count"": 21.81671434798145, ""weekday_move_count_baseline_n"": 41, ""weekday_move_count_common_change"": -0.08344681279783916, ""weekday_move_count_log_change"": -0.08548350902742552, ""weekday_move_count_residual"": -0.0020366962295863544, ""weekday_move_count_rz"": -0.30683118077067606, ""weekday_move_distance"": 761.9434434555197, ""weekday_move_distance_common_change"": -0.08100353753632783, ""weekday_move_distance_log_change"": -0.08987344118694196, ""weekday_move_distance_residual"": -0.00886990365061413, ""weekday_outing_low_rate"": 0.0, ""weekend_count_est_ratio"": 0.9103065359958736, ""weekend_days"": 8, ""weekend_distance_down"": false, ""weekend_distance_est_ratio"": 0.8925569228501953, ""weekend_move_count"": 11.247741855320278, ""weekend_move_count_baseline_n"": 41, ""weekend_move_count_common_change"": 0.13662575412356204, ""weekend_move_count_log_change"": 0.1334384224585663, ""weekend_move_count_residual"": -0.0031873316649957406, ""weekend_move_count_rz"": -0.44512418985776203, ""weekend_move_distance"": 509.50758652972166, ""weekend_move_distance_common_change"": 0.11536190227550414, ""weekend_move_distance_log_change"": 0.11717255816888006, ""weekend_move_distance_residual"": 0.0018106558933759231, ""weekend_outing_low_rate"": 0.0, ""행정동"": ""일원2동"", ""행정동코드"": 1123074}",,,,,,
2025-07-01,1123075,수서동,0,0,0,0,,2025H2,analysis1_2025H2,1,고령·2인가구·구조적 복지배경 특화형,"{""active_pop_pc1"": -0.8134711971606163, ""active_pop_pc2"": -2.8242885246674, ""activity_intensity"": 388.7399853335649, ""adm_cd"": ""1123075"", ""disability_ratio"": 0.1461925947714821, ""dong_name"": ""수서동"", ""foreigner_ratio"": 0.0058462753047252, ""household_structure_pc1"": 1.7566435204062496, ""household_structure_pc2"": 1.9635716923648447, ""livelihood_recipient_ratio"": 0.2036253998602787, ""resident_age_pc1"": 1.1167676530268302, ""resident_age_pc2"": 4.842647968610957, ""time_structure_pc1"": -1.7772419940785278, ""time_structure_pc2"": -1.4057586884483104, ""weekend_weekday_index"": 0.7209299951958243}","{""adm_cd"": 1123075, ""any_signal"": false, ""call_contacts"": 11.60355771195097, ""call_contacts_baseline_n"": 41, ""call_contacts_common_change"": 0.002159056973773721, ""call_contacts_log_change"": -0.010015773516241389, ""call_contacts_residual"": -0.01217483049001511, ""call_contacts_rz"": -1.6976129576663297, ""cluster"": 1, ""cluster_type"": ""고령·2인가구·구조적 복지배경 특화형"", ""combined_signal"": false, ""comm_low_rate"": 0.12602949870548183, ""comm_low_rate_change"": 0.0007814387752178298, ""comm_validation_support"": true, ""communication_signal"": false, ""date"": ""2025-07-01T00:00:00"", ""days_in_month"": 31, ""dong_name"": ""수서동"", ""interest_structural_issue"": false, ""mobility_distance_both_down"": true, ""mobility_distance_support"": true, ""mobility_signal"": false, ""rain_days"": 10.0, ""rainfall_mm"": 293.9, ""signal_status"": null, ""snow_days"": 0.0, ""text_contacts"": 4.493313001605136, ""text_contacts_baseline_n"": 41, ""text_contacts_common_change"": 0.00256962443696096, ""text_contacts_log_change"": 0.004642447477192224, ""text_contacts_residual"": 0.002072823040231264, ""text_contacts_rz"": 0.2611575242879428, ""weekday_count_est_ratio"": 0.9239778199328762, ""weekday_days"": 23, ""weekday_distance_down"": true, ""weekday_distance_est_ratio"": 0.9150496133080402, ""weekday_move_count"": 21.2843904235931, ""weekday_move_count_baseline_n"": 41, ""weekday_move_count_common_change"": -0.08344681279783916, ""weekday_move_count_log_change"": -0.10391193299988455, ""weekday_move_count_residual"": -0.020465120202045384, ""weekday_move_count_rz"": -1.438979233242211, ""weekday_move_distance"": 735.434432591513, ""weekday_move_distance_common_change"": -0.08100353753632783, ""weekday_move_distance_log_change"": -0.13825824901474348, ""weekday_move_distance_residual"": -0.057254711478415654, ""weekday_outing_low_rate"": 0.06553370843781216, ""weekend_count_est_ratio"": 0.8838815117466803, ""weekend_days"": 8, ""weekend_distance_down"": true, ""weekend_distance_est_ratio"": 0.8701196556252736, ""weekend_move_count"": 11.343701710680111, ""weekend_move_count_baseline_n"": 41, ""weekend_move_count_common_change"": 0.13662575412356204, ""weekend_move_count_log_change"": 0.11609451701426732, ""weekend_move_count_residual"": -0.02053123710929472, ""weekend_move_count_rz"": -1.5950449184796074, ""weekend_move_distance"": 494.82108142305884, ""weekend_move_distance_common_change"": 0.11536190227550414, ""weekend_move_distance_log_change"": 0.08264683389317362, ""weekend_move_distance_residual"": -0.032715068382330514, ""weekend_outing_low_rate"": 0.1601150796077712, ""행정동"": ""수서동"", ""행정동코드"": 1123075}",,,,,,
2025-07-01,1123076,세곡동,0,0,0,0,,2025H2,analysis1_2025H2,2,중간활동·다인가구 중심형,"{""active_pop_pc1"": -1.300581144869707, ""active_pop_pc2"": -0.3662412022376052, ""activity_intensity"": 85.2199295020683, ""adm_cd"": ""1123076"", ""disability_ratio"": 0.0430198411408385, ""dong_name"": ""세곡동"", ""foreigner_ratio"": 0.0042911192451539, ""household_structure_pc1"": 0.2166105982896993, ""household_structure_pc2"": 0.564024649477107, ""livelihood_recipient_ratio"": 0.0368215164223096, ""resident_age_pc1"": 0.5706225849375067, ""resident_age_pc2"": -0.18369216945119662, ""time_structure_pc1"": -2.1056561965235048, ""time_structure_pc2"": 0.08030329222693579, ""weekend_weekday_index"": 0.957165084093544}","{""adm_cd"": 1123076, ""any_signal"": false, ""call_contacts"": 13.406606873849244, ""call_contacts_baseline_n"": 41, ""call_contacts_common_change"": 0.002159056973773721, ""call_contacts_log_change"": -0.0018721280211266844, ""call_contacts_residual"": -0.004031184994900405, ""call_contacts_rz"": -1.3694910524874393, ""cluster"": 2, ""cluster_type"": ""중간활동·다인가구 중심형"", ""combined_signal"": false, ""comm_low_rate"": 0.09427763822249148, ""comm_low_rate_change"": -0.0008572948242130257, ""comm_validation_support"": false, ""communication_signal"": false, ""date"": ""2025-07-01T00:00:00"", ""days_in_month"": 31, ""dong_name"": ""세곡동"", ""interest_structural_issue"": false, ""mobility_distance_both_down"": true, ""mobility_distance_support"": true, ""mobility_signal"": false, ""rain_days"": 10.0, ""rainfall_mm"": 293.9, ""signal_status"": null, ""snow_days"": 0.0, ""text_contacts"": 5.29436534062378, ""text_contacts_baseline_n"": 41, ""text_contacts_common_change"": 0.00256962443696096, ""text_contacts_log_change"": 0.003419500827424482, ""text_contacts_residual"": 0.000849876390463522, ""text_contacts_rz"": 0.36407597574477407, ""weekday_count_est_ratio"": 0.929674161691681, ""weekday_days"": 23, ""weekday_distance_down"": true, ""weekday_distance_est_ratio"": 0.9298105785861741, ""weekday_move_count"": 23.337895058079347, ""weekday_move_count_baseline_n"": 41, ""weekday_move_count_common_change"": -0.08344681279783916, ""weekday_move_count_log_change"": -0.0841721709070713, ""weekday_move_count_residual"": -0.0007253581092321326, ""weekday_move_count_rz"": -0.17009369298820842, ""weekday_move_distance"": 877.1563922461423, ""weekday_move_distance_common_change"": -0.08100353753632783, ""weekday_move_distance_log_change"": -0.10789547628239138, ""weekday_move_distance_residual"": -0.02689193874606355, ""weekday_outing_low_rate"": 0.11540617840353588, ""weekend_count_est_ratio"": 0.9066339340512192, ""weekend_days"": 8, ""weekend_distance_down"": true, ""weekend_distance_est_ratio"": 0.9072041510907772, ""weekend_move_count"": 11.977708395898977, ""weekend_move_count_baseline_n"": 41, ""weekend_move_count_common_change"": 0.13662575412356204, ""weekend_move_count_log_change"": 0.13982683924082373, ""weekend_move_count_residual"": 0.0032010851172616928, ""weekend_move_count_rz"": 0.46381663201568185, ""weekend_move_distance"": 568.854841105252, ""weekend_move_distance_common_change"": 0.11536190227550414, ""weekend_move_distance_log_change"": 0.10595939261264409, ""weekend_move_distance_residual"": -0.009402509662860048, ""weekend_outing_low_rate"": 0.07795720069017109, ""행정동"": ""세곡동"", ""행정동코드"": 1123076}",,,,,,
2025-07-01,1123077,압구정동,0,0,0,0,,2025H2,analysis1_2025H2,2,중간활동·다인가구 중심형,"{""active_pop_pc1"": 1.2077866973298568, ""active_pop_pc2"": -0.3452103362860996, ""activity_intensity"": 484.0394633074098, ""adm_cd"": ""1123077"", ""disability_ratio"": 0.0188161047157132, ""dong_name"": ""압구정동"", ""foreigner_ratio"": 0.0083757193030687, ""household_structure_pc1"": -0.9731322919495847, ""household_structure_pc2"": 0.8155237885933626, ""livelihood_recipient_ratio"": 0.0024153177895946, ""resident_age_pc1"": -0.9110099330730331, ""resident_age_pc2"": 1.0620666983264282, ""time_structure_pc1"": 1.2810120234245381, ""time_structure_pc2"": 0.6747482970387954, ""weekend_weekday_index"": 0.817443037464428}","{""adm_cd"": 1123077, ""any_signal"": false, ""call_contacts"": 14.302240859484478, ""call_contacts_baseline_n"": 41, ""call_contacts_common_change"": 0.002159056973773721, ""call_contacts_log_change"": 0.0016600541275959557, ""call_contacts_residual"": -0.0004990028461777651, ""call_contacts_rz"": -0.07681342682226787, ""cluster"": 2, ""cluster_type"": ""중간활동·다인가구 중심형"", ""combined_signal"": false, ""comm_low_rate"": 0.09117516847852823, ""comm_low_rate_change"": 0.00016951727816083562, ""comm_validation_support"": true, ""communication_signal"": false, ""date"": ""2025-07-01T00:00:00"", ""days_in_month"": 31, ""dong_name"": ""압구정동"", ""interest_structural_issue"": false, ""mobility_distance_both_down"": false, ""mobility_distance_support"": true, ""mobility_signal"": false, ""rain_days"": 10.0, ""rainfall_mm"": 293.9, ""signal_status"": null, ""snow_days"": 0.0, ""text_contacts"": 5.805206165866915, ""text_contacts_baseline_n"": 41, ""text_contacts_common_change"": 0.00256962443696096, ""text_contacts_log_change"": 0.002940710886155662, ""text_contacts_residual"": 0.0003710864491947019, ""text_contacts_rz"": -0.08708648578382874, ""weekday_count_est_ratio"": 0.9066898806743385, ""weekday_days"": 23, ""weekday_distance_down"": false, ""weekday_distance_est_ratio"": 0.8974334366639773, ""weekday_move_count"": 21.371146858039946, ""weekday_move_count_baseline_n"": 41, ""weekday_move_count_common_change"": -0.08344681279783916, ""weekday_move_count_log_change"": -0.08227350815376022, ""weekday_move_count_residual"": 0.001173304644078943, ""weekday_move_count_rz"": 0.2507546426023423, ""weekday_move_distance"": 742.8397467263122, ""weekday_move_distance_common_change"": -0.08100353753632783, ""weekday_move_distance_log_change"": -0.08061843161184168, ""weekday_move_distance_residual"": 0.000385105924486151, ""weekday_outing_low_rate"": 0.051379802252939165, ""weekend_count_est_ratio"": 0.8718722663382734, ""weekend_days"": 8, ""weekend_distance_down"": true, ""weekend_distance_est_ratio"": 0.8581842116438065, ""weekend_move_count"": 11.242578907173874, ""weekend_move_count_baseline_n"": 41, ""weekend_move_count_common_change"": 0.13662575412356204, ""weekend_move_count_log_change"": 0.13269516581444973, ""weekend_move_count_residual"": -0.003930588309112304, ""weekend_move_count_rz"": -0.5589689846537726, ""weekend_move_distance"": 475.3162654420868, ""weekend_move_distance_common_change"": 0.11536190227550414, ""weekend_move_distance_log_change"": 0.1090458232792848, ""weekend_move_distance_residual"": -0.006316078996219332, ""weekend_outing_low_rate"": 0.10514535884696741, ""행정동"": ""압구정동"", ""행정동코드"": 1123077}",,,,,,
2025-07-01,1123078,청담동,0,0,0,0,,2025H2,analysis1_2025H2,2,중간활동·다인가구 중심형,"{""active_pop_pc1"": 1.08932858438996, ""active_pop_pc2"": -0.37987023289476274, ""activity_intensity"": 500.49645992710174, ""adm_cd"": ""1123078"", ""disability_ratio"": 0.0210980676913146, ""dong_name"": ""청담동"", ""foreigner_ratio"": 0.0102213740078225, ""household_structure_pc1"": 0.20165807093519106, ""household_structure_pc2"": 0.14844437883248288, ""livelihood_recipient_ratio"": 0.0053249425148251, ""resident_age_pc1"": -0.11850047016917795, ""resident_age_pc2"": 0.04683770938438659, ""time_structure_pc1"": 0.27464850893850323, ""time_structure_pc2"": -0.20337359436936112, ""weekend_weekday_index"": 0.7614574322902131}","{""adm_cd"": 1123078, ""any_signal"": false, ""call_contacts"": 15.072943489716465, ""call_contacts_baseline_n"": 41, ""call_contacts_common_change"": 0.002159056973773721, ""call_contacts_log_change"": 0.00783003820762529, ""call_contacts_residual"": 0.005670981233851569, ""call_contacts_rz"": 1.3209535459839512, ""cluster"": 2, ""cluster_type"": ""중간활동·다인가구 중심형"", ""combined_signal"": false, ""comm_low_rate"": 0.10726326427752549, ""comm_low_rate_change"": -0.0006332354712602212, ""comm_validation_support"": false, ""communication_signal"": false, ""date"": ""2025-07-01T00:00:00"", ""days_in_month"": 31, ""dong_name"": ""청담동"", ""interest_structural_issue"": false, ""mobility_distance_both_down"": false, ""mobility_distance_support"": false, ""mobility_signal"": false, ""rain_days"": 10.0, ""rainfall_mm"": 293.9, ""signal_status"": null, ""snow_days"": 0.0, ""text_contacts"": 5.869379055409179, ""text_contacts_baseline_n"": 41, ""text_contacts_common_change"": 0.00256962443696096, ""text_contacts_log_change"": 0.007728143370019813, ""text_contacts_residual"": 0.005158518933058853, ""text_contacts_rz"": 1.2086717820190267, ""weekday_count_est_ratio"": 0.9147213811003184, ""weekday_days"": 23, ""weekday_distance_down"": false, ""weekday_distance_est_ratio"": 0.9033430335443785, ""weekday_move_count"": 21.571488444978495, ""weekday_move_count_baseline_n"": 41, ""weekday_move_count_common_change"": -0.08344681279783916, ""weekday_move_count_log_change"": -0.07601116703310273, ""weekday_move_count_residual"": 0.007435645764736432, ""weekday_move_count_rz"": 1.2130615899747084, ""weekday_move_distance"": 758.5108549565084, ""weekday_move_distance_common_change"": -0.08100353753632783, ""weekday_move_distance_log_change"": -0.07960783713455477, ""weekday_move_distance_residual"": 0.001395700401773059, ""weekday_outing_low_rate"": 0.06574621272461853, ""weekend_count_est_ratio"": 0.8852479452593496, ""weekend_days"": 8, ""weekend_distance_down"": false, ""weekend_distance_est_ratio"": 0.8746785166542136, ""weekend_move_count"": 11.730914687372422, ""weekend_move_count_baseline_n"": 41, ""weekend_move_count_common_change"": 0.13662575412356204, ""weekend_move_count_log_change"": 0.14485713526091137, ""weekend_move_count_residual"": 0.008231381137349336, ""weekend_move_count_rz"": 1.5834079077905963, ""weekend_move_distance"": 512.6774278668478, ""weekend_move_distance_common_change"": 0.11536190227550414, ""weekend_move_distance_log_change"": 0.12225080591096393, ""weekend_move_distance_residual"": 0.006888903635459798, ""weekend_outing_low_rate"": 0.08350155512669517, ""행정동"": ""청담동"", ""행정동코드"": 1123078}",,,,,,
2025-07-01,1123079,대치2동,0,0,0,0,,2025H2,analysis1_2025H2,2,중간활동·다인가구 중심형,"{""active_pop_pc1"": 0.41805709040126066, ""active_pop_pc2"": 1.138411822869498, ""activity_intensity"": 578.4774766235814, ""adm_cd"": ""1123079"", ""disability_ratio"": 0.0153748592579171, ""dong_name"": ""대치2동"", ""foreigner_ratio"": 0.005189255839585, ""household_structure_pc1"": -1.9059388158921826, ""household_structure_pc2"": -0.7450016269652203, ""livelihood_recipient_ratio"": 0.0018377357025456, ""resident_age_pc1"": -2.2332334995637253, ""resident_age_pc2"": -0.5540955233637973, ""time_structure_pc1"": 1.5044647512860543, ""time_structure_pc2"": 0.09516604937317098, ""weekend_weekday_index"": 0.7661221887462503}","{""adm_cd"": 1123079, ""any_signal"": false, ""call_contacts"": 13.895429420970265, ""call_contacts_baseline_n"": 41, ""call_contacts_common_change"": 0.002159056973773721, ""call_contacts_log_change"": 0.002153022314111741, ""call_contacts_residual"": -6.034659661979802e-06, ""call_contacts_rz"": 0.06660324788484144, ""cluster"": 2, ""cluster_type"": ""중간활동·다인가구 중심형"", ""combined_signal"": false, ""comm_low_rate"": 0.08523994479610078, ""comm_low_rate_change"": -0.003162372893596513, ""comm_validation_support"": false, ""communication_signal"": false, ""date"": ""2025-07-01T00:00:00"", ""days_in_month"": 31, ""dong_name"": ""대치2동"", ""interest_structural_issue"": false, ""mobility_distance_both_down"": false, ""mobility_distance_support"": true, ""mobility_signal"": false, ""rain_days"": 10.0, ""rainfall_mm"": 293.9, ""signal_status"": null, ""snow_days"": 0.0, ""text_contacts"": 5.690149608763694, ""text_contacts_baseline_n"": 41, ""text_contacts_common_change"": 0.00256962443696096, ""text_contacts_log_change"": 0.0046378727560887345, ""text_contacts_residual"": 0.0020682483191277745, ""text_contacts_rz"": 0.36820567430380696, ""weekday_count_est_ratio"": 0.932091392801252, ""weekday_days"": 23, ""weekday_distance_down"": true, ""weekday_distance_est_ratio"": 0.9209129890453833, ""weekday_move_count"": 21.88876726643636, ""weekday_move_count_baseline_n"": 41, ""weekday_move_count_common_change"": -0.08344681279783916, ""weekday_move_count_log_change"": -0.08521581088846553, ""weekday_move_count_residual"": -0.0017689980906263614, ""weekday_move_count_rz"": -0.355422742540692, ""weekday_move_distance"": 818.6310506379837, ""weekday_move_distance_common_change"": -0.08100353753632783, ""weekday_move_distance_log_change"": -0.09189333578058356, ""weekday_move_distance_residual"": -0.010889798244255733, ""weekday_outing_low_rate"": 0.05524466158495752, ""weekend_count_est_ratio"": 0.9076222222222222, ""weekend_days"": 8, ""weekend_distance_down"": false, ""weekend_distance_est_ratio"": 0.8943217527386541, ""weekend_move_count"": 11.036442867966066, ""weekend_move_count_baseline_n"": 41, ""weekend_move_count_common_change"": 0.13662575412356204, ""weekend_move_count_log_change"": 0.13415393695154032, ""weekend_move_count_residual"": -0.0024718171720217175, ""weekend_move_count_rz"": -0.29237553535783645, ""weekend_move_distance"": 509.26398692078493, ""weekend_move_distance_common_change"": 0.11536190227550414, ""weekend_move_distance_log_change"": 0.11768178520913075, ""weekend_move_distance_residual"": 0.002319882933626616, ""weekend_outing_low_rate"": 0.07613828926144403, ""행정동"": ""대치2동"", ""행정동코드"": 1123079}",,,,,,
2025-07-01,1123080,개포2동,0,0,0,0,,2025H2,analysis1_2025H2,2,중간활동·다인가구 중심형,"{""active_pop_pc1"": -2.366336608612611, ""active_pop_pc2"": 0.251495985319658, ""activity_intensity"": 356.1191324921136, ""adm_cd"": ""1123080"", ""disability_ratio"": 0.0180231387734318, ""dong_name"": ""개포2동"", ""foreigner_ratio"": 0.0038959992008093, ""household_structure_pc1"": -1.9959007411916614, ""household_structure_pc2"": 0.4819812636085993, ""livelihood_recipient_ratio"": 0.0026525513043684, ""resident_age_pc1"": -0.8478421208714008, ""resident_age_pc2"": -0.5209638347474519, ""time_structure_pc1"": -1.6818571562464748, ""time_structure_pc2"": 1.0742607469722483, ""weekend_weekday_index"": 1.1020346819350626}","{""adm_cd"": 1123080, ""any_signal"": false, ""call_contacts"": 13.258620125677886, ""call_contacts_baseline_n"": 41, ""call_contacts_common_change"": 0.002159056973773721, ""call_contacts_log_change"": -0.007196332683401252, ""call_contacts_residual"": -0.009355389657174973, ""call_contacts_rz"": -1.3911154333942275, ""cluster"": 2, ""cluster_type"": ""중간활동·다인가구 중심형"", ""combined_signal"": false, ""comm_low_rate"": 0.07812952790639267, ""comm_low_rate_change"": -0.00018225780102532063, ""comm_validation_support"": false, ""communication_signal"": false, ""date"": ""2025-07-01T00:00:00"", ""days_in_month"": 31, ""dong_name"": ""개포2동"", ""interest_structural_issue"": false, ""mobility_distance_both_down"": true, ""mobility_distance_support"": true, ""mobility_signal"": false, ""rain_days"": 10.0, ""rainfall_mm"": 293.9, ""signal_status"": null, ""snow_days"": 0.0, ""text_contacts"": 5.47909557831913, ""text_contacts_baseline_n"": 41, ""text_contacts_common_change"": 0.00256962443696096, ""text_contacts_log_change"": -0.003990489902072181, ""text_contacts_residual"": -0.006560114339033141, ""text_contacts_rz"": -1.8187337987170193, ""weekday_count_est_ratio"": 0.945742446414737, ""weekday_days"": 23, ""weekday_distance_down"": true, ""weekday_distance_est_ratio"": 0.9425399558118851, ""weekday_move_count"": 23.260685993688725, ""weekday_move_count_baseline_n"": 41, ""weekday_move_count_common_change"": -0.08344681279783916, ""weekday_move_count_log_change"": -0.07338778781442912, ""weekday_move_count_residual"": 0.010059024983410048, ""weekday_move_count_rz"": 1.5283959924921533, ""weekday_move_distance"": 829.5535386894849, ""weekday_move_distance_common_change"": -0.08100353753632783, ""weekday_move_distance_log_change"": -0.08545079856088478, ""weekday_move_distance_residual"": -0.004447261024556948, ""weekday_outing_low_rate"": 0.03494497285671048, ""weekend_count_est_ratio"": 0.9266652319876043, ""weekend_days"": 8, ""weekend_distance_down"": true, ""weekend_distance_est_ratio"": 0.9166603540787926, ""weekend_move_count"": 11.728794920361256, ""weekend_move_count_baseline_n"": 41, ""weekend_move_count_common_change"": 0.13662575412356204, ""weekend_move_count_log_change"": 0.1415743693060123, ""weekend_move_count_residual"": 0.004948615182450267, ""weekend_move_count_rz"": 0.39084784432769915, ""weekend_move_distance"": 533.2848009533429, ""weekend_move_distance_common_change"": 0.11536190227550414, ""weekend_move_distance_log_change"": 0.11087886752282117, ""weekend_move_distance_residual"": -0.004483034752682968, ""weekend_outing_low_rate"": 0.07924359411927592, ""행정동"": ""개포2동"", ""행정동코드"": 1123080}",,,,,,
2025-08-01,1123051,신사동,0,0,0,0,,2025H2,analysis1_2025H2,2,중간활동·다인가구 중심형,"{""active_pop_pc1"": 1.0088791940287667, ""active_pop_pc2"": -0.5688564516594959, ""activity_intensity"": 607.2698402650532, ""adm_cd"": ""1123051"", ""disability_ratio"": 0.0232542948592331, ""dong_name"": ""신사동"", ""foreigner_ratio"": 0.0138153065986681, ""household_structure_pc1"": 0.0605229569429563, ""household_structure_pc2"": 0.4495198306068907, ""livelihood_recipient_ratio"": 0.0077732053040695, ""resident_age_pc1"": -0.16136111396294658, ""resident_age_pc2"": 1.0441849821551388, ""time_structure_pc1"": 0.81897433245156, ""time_structure_pc2"": 1.2570230042645771, ""weekend_weekday_index"": 0.8509529756754773}","{""adm_cd"": 1123051, ""any_signal"": false, ""call_contacts"": 13.50546679701138, ""call_contacts_baseline_n"": 42, ""call_contacts_common_change"": -0.021624194195753565, ""call_contacts_log_change"": -0.027124811063037768, ""call_contacts_residual"": -0.005500616867284203, ""call_contacts_rz"": -0.9039321131543604, ""cluster"": 2, ""cluster_type"": ""중간활동·다인가구 중심형"", ""combined_signal"": false, ""comm_low_rate"": 0.10664847912897626, ""comm_low_rate_change"": -0.009589217548350876, ""comm_validation_support"": false, ""communication_signal"": false, ""date"": ""2025-08-01T00:00:00"", ""days_in_month"": 31, ""dong_name"": ""신사동"", ""interest_structural_issue"": false, ""mobility_distance_both_down"": false, ""mobility_distance_support"": false, ""mobility_signal"": false, ""rain_days"": 12.0, ""rainfall_mm"": 290.3, ""signal_status"": null, ""snow_days"": 0.0, ""text_contacts"": 5.593486488373717, ""text_contacts_baseline_n"": 42, ""text_contacts_common_change"": -0.01053650154799557, ""text_contacts_log_change"": -0.013595234490933361, ""text_contacts_residual"": -0.003058732942937792, ""text_contacts_rz"": -0.6000236612264325, ""weekday_count_est_ratio"": 0.9116346623839118, ""weekday_days"": 21, ""weekday_distance_down"": false, ""weekday_distance_est_ratio"": 0.9049877801829481, ""weekday_move_count"": 22.212160289287596, ""weekday_move_count_baseline_n"": 42, ""weekday_move_count_common_change"": 0.08413945857899763, ""weekday_move_count_log_change"": 0.08433622440150845, ""weekday_move_count_residual"": 0.00019676582251082486, ""weekday_move_count_rz"": 0.25368109856642584, ""weekday_move_distance"": 734.119037285316, ""weekday_move_distance_common_change"": 0.06015263290696149, ""weekday_move_distance_log_change"": 0.0656665158606975, ""weekday_move_distance_residual"": 0.0055138829537360046, ""weekday_outing_low_rate"": 0.07222540458342433, ""weekend_count_est_ratio"": 0.8545248236854969, ""weekend_days"": 10, ""weekend_distance_down"": false, ""weekend_distance_est_ratio"": 0.8276139934362126, ""weekend_move_count"": 9.251042038299836, ""weekend_move_count_baseline_n"": 42, ""weekend_move_count_common_change"": -0.19413011648346323, ""weekend_move_count_log_change"": -0.1917048150070615, ""weekend_move_count_residual"": 0.002425301476401742, ""weekend_move_count_rz"": 0.23697841220630136, ""weekend_move_distance"": 377.67466949763167, ""weekend_move_distance_common_change"": -0.241550192659167, ""weekend_move_distance_log_change"": -0.23007561729552428, ""weekend_move_distance_residual"": 0.011474575363642714, ""weekend_outing_low_rate"": 0.10087489748904832, ""행정동"": ""신사동"", ""행정동코드"": 1123051}",,,,,,
2025-08-01,1123052,논현1동,0,0,0,0,,2025H2,analysis1_2025H2,0,고활동·청년유동·1인가구 중심형,"{""active_pop_pc1"": 3.453788748468105, ""active_pop_pc2"": -0.47931987392245334, ""activity_intensity"": 696.1982087542087, ""adm_cd"": ""1123052"", ""disability_ratio"": 0.0253999210605744, ""dong_name"": ""논현1동"", ""foreigner_ratio"": 0.0392614362737223, ""household_structure_pc1"": 3.1168283256548026, ""household_structure_pc2"": -0.895896843173252, ""livelihood_recipient_ratio"": 0.0298112419029045, ""resident_age_pc1"": 3.7507521888889657, ""resident_age_pc2"": -1.2422024657975301, ""time_structure_pc1"": 0.27596478825796733, ""time_structure_pc2"": 0.7750585861084357, ""weekend_weekday_index"": 0.6598316944339361}","{""adm_cd"": 1123052, ""any_signal"": false, ""call_contacts"": 13.910507401386155, ""call_contacts_baseline_n"": 42, ""call_contacts_common_change"": -0.021624194195753565, ""call_contacts_log_change"": -0.020826631635840087, ""call_contacts_residual"": 0.0007975625599134784, ""call_contacts_rz"": 0.3236576131681055, ""cluster"": 0, ""cluster_type"": ""고활동·청년유동·1인가구 중심형"", ""combined_signal"": false, ""comm_low_rate"": 0.1146482212493902, ""comm_low_rate_change"": 0.0005320523535875671, ""comm_validation_support"": true, ""communication_signal"": false, ""date"": ""2025-08-01T00:00:00"", ""days_in_month"": 31, ""dong_name"": ""논현1동"", ""interest_structural_issue"": false, ""mobility_distance_both_down"": false, ""mobility_distance_support"": true, ""mobility_signal"": false, ""rain_days"": 12.0, ""rainfall_mm"": 290.3, ""signal_status"": null, ""snow_days"": 0.0, ""text_contacts"": 5.757340207067682, ""text_contacts_baseline_n"": 42, ""text_contacts_common_change"": -0.01053650154799557, ""text_contacts_log_change"": -0.016582703817465294, ""text_contacts_residual"": -0.006046202269469725, ""text_contacts_rz"": -0.6937040635709901, ""weekday_count_est_ratio"": 0.8975673825618208, ""weekday_days"": 21, ""weekday_distance_down"": true, ""weekday_distance_est_ratio"": 0.8821900402156241, ""weekday_move_count"": 20.05017620332759, ""weekday_move_count_baseline_n"": 42, ""weekday_move_count_common_change"": 0.08413945857899763, ""weekday_move_count_log_change"": 0.09064888502491808, ""weekday_move_count_residual"": 0.006509426445920452, ""weekday_move_count_rz"": 0.6378487083260235, ""weekday_move_distance"": 670.8336786401369, ""weekday_move_distance_common_change"": 0.06015263290696149, ""weekday_move_distance_log_change"": 0.05218650697543481, ""weekday_move_distance_residual"": -0.00796612593152668, ""weekday_outing_low_rate"": 0.11146895104727944, ""weekend_count_est_ratio"": 0.8388093608282708, ""weekend_days"": 10, ""weekend_distance_down"": false, ""weekend_distance_est_ratio"": 0.8088025156156412, ""weekend_move_count"": 8.526456317934054, ""weekend_move_count_baseline_n"": 42, ""weekend_move_count_common_change"": -0.19413011648346323, ""weekend_move_count_log_change"": -0.18084653021841257, ""weekend_move_count_residual"": 0.013283586265050662, ""weekend_move_count_rz"": 1.226301902162617, ""weekend_move_distance"": 387.2767255612948, ""weekend_move_distance_common_change"": -0.241550192659167, ""weekend_move_distance_log_change"": -0.21604021334124734, ""weekend_move_distance_residual"": 0.02550997931791965, ""weekend_outing_low_rate"": 0.08462552304210305, ""행정동"": ""논현1동"", ""행정동코드"": 1123052}",,,,,,
2025-08-01,1123053,논현2동,0,0,0,0,,2025H2,analysis1_2025H2,0,고활동·청년유동·1인가구 중심형,"{""active_pop_pc1"": 2.9000233961088235, ""active_pop_pc2"": -0.10206052622030919, ""activity_intensity"": 698.9132497116494, ""adm_cd"": ""1123053"", ""disability_ratio"": 0.0220396420996172, ""dong_name"": ""논현2동"", ""foreigner_ratio"": 0.0192359417126495, ""household_structure_pc1"": 1.9479285504751769, ""household_structure_pc2"": -0.4486960353567812, ""livelihood_recipient_ratio"": 0.0158958480629982, ""resident_age_pc1"": 1.8362400462184008, ""resident_age_pc2"": -0.5567102677104767, ""time_structure_pc1"": 1.232090568789294, ""time_structure_pc2"": -0.6568326529068874, ""weekend_weekday_index"": 0.6058801393255854}","{""adm_cd"": 1123053, ""any_signal"": false, ""call_contacts"": 14.533530225295559, ""call_contacts_baseline_n"": 42, ""call_contacts_common_change"": -0.021624194195753565, ""call_contacts_log_change"": -0.0173073754447719, ""call_contacts_residual"": 0.004316818750981666, ""call_contacts_rz"": 0.45570150110201213, ""cluster"": 0, ""cluster_type"": ""고활동·청년유동·1인가구 중심형"", ""combined_signal"": false, ""comm_low_rate"": 0.12084733441444558, ""comm_low_rate_change"": 0.0005000700329500646, ""comm_validation_support"": true, ""communication_signal"": false, ""date"": ""2025-08-01T00:00:00"", ""days_in_month"": 31, ""dong_name"": ""논현2동"", ""interest_structural_issue"": false, ""mobility_distance_both_down"": false, ""mobility_distance_support"": true, ""mobility_signal"": false, ""rain_days"": 12.0, ""rainfall_mm"": 290.3, ""signal_status"": null, ""snow_days"": 0.0, ""text_contacts"": 5.876153914789203, ""text_contacts_baseline_n"": 42, ""text_contacts_common_change"": -0.01053650154799557, ""text_contacts_log_change"": -0.009118375307843651, ""text_contacts_residual"": 0.001418126240151918, ""text_contacts_rz"": 0.2013773686549356, ""weekday_count_est_ratio"": 0.900128931519072, ""weekday_days"": 21, ""weekday_distance_down"": true, ""weekday_distance_est_ratio"": 0.8934780281061789, ""weekday_move_count"": 21.077490542163392, ""weekday_move_count_baseline_n"": 42, ""weekday_move_count_common_change"": 0.08413945857899763, ""weekday_move_count_log_change"": 0.0851931762152458, ""weekday_move_count_residual"": 0.0010537176362481748, ""weekday_move_count_rz"": 0.19000283350997035, ""weekday_move_distance"": 701.1990552900014, ""weekday_move_distance_common_change"": 0.06015263290696149, ""weekday_move_distance_log_change"": 0.051171718698708624, ""weekday_move_distance_residual"": -0.008980914208252866, ""weekday_outing_low_rate"": 0.09225378008008366, ""weekend_count_est_ratio"": 0.8484140084764666, ""weekend_days"": 10, ""weekend_distance_down"": false, ""weekend_distance_est_ratio"": 0.8241186705331253, ""weekend_move_count"": 8.96096468460131, ""weekend_move_count_baseline_n"": 42, ""weekend_move_count_common_change"": -0.19413011648346323, ""weekend_move_count_log_change"": -0.18251180754076346, ""weekend_move_count_residual"": 0.011618308942699773, ""weekend_move_count_rz"": 1.8734389071336508, ""weekend_move_distance"": 390.8527485002127, ""weekend_move_distance_common_change"": -0.241550192659167, ""weekend_move_distance_log_change"": -0.21129591263038883, ""weekend_move_distance_residual"": 0.03025428002877817, ""weekend_outing_low_rate"": 0.07445609718487188, ""행정동"": ""논현2동"", ""행정동코드"": 1123053}",,,,,,
2025-08-01,1123058,삼성1동,0,0,0,0,,2025H2,analysis1_2025H2,0,고활동·청년유동·1인가구 중심형,"{""active_pop_pc1"": 2.5679862614364954, ""active_pop_pc2"": 0.4639211601272395, ""activity_intensity"": 809.7405360670981, ""adm_cd"": ""1123058"", ""disability_ratio"": 0.0217082805967859, ""dong_name"": ""삼성1동"", ""foreigner_ratio"": 0.0244693448059286, ""household_structure_pc1"": -0.02445449279740706, ""household_structure_pc2"": 0.9379226306994808, ""livelihood_recipient_ratio"": 0.0068269857707206, ""resident_age_pc1"": 0.02031325458294293, ""resident_age_pc2"": 1.0968941609975316, ""time_structure_pc1"": 3.8344529860505894, ""time_structure_pc2"": -1.3973448705491038, ""weekend_weekday_index"": 0.7580710672406373}","{""adm_cd"": 1123058, ""any_signal"": false, ""call_contacts"": 14.14994488136049, ""call_contacts_baseline_n"": 42, ""call_contacts_common_change"": -0.021624194195753565, ""call_contacts_log_change"": -0.01827894366695837, ""call_contacts_residual"": 0.003345250528795196, ""call_contacts_rz"": 0.3344102785020189, ""cluster"": 0, ""cluster_type"": ""고활동·청년유동·1인가구 중심형"", ""combined_signal"": false, ""comm_low_rate"": 0.117037342502243, ""comm_low_rate_change"": -0.003927301135038683, ""comm_validation_support"": false, ""communication_signal"": false, ""date"": ""2025-08-01T00:00:00"", ""days_in_month"": 31, ""dong_name"": ""삼성1동"", ""interest_structural_issue"": false, ""mobility_distance_both_down"": false, ""mobility_distance_support"": true, ""mobility_signal"": false, ""rain_days"": 12.0, ""rainfall_mm"": 290.3, ""signal_status"": null, ""snow_days"": 0.0, ""text_contacts"": 5.585871479464945, ""text_contacts_baseline_n"": 42, ""text_contacts_common_change"": -0.01053650154799557, ""text_contacts_log_change"": -0.005112188202587076, ""text_contacts_residual"": 0.0054243133454084935, ""text_contacts_rz"": 1.1730406369033561, ""weekday_count_est_ratio"": 0.9161107750218458, ""weekday_days"": 21, ""weekday_distance_down"": true, ""weekday_distance_est_ratio"": 0.9114525778046649, ""weekday_move_count"": 23.542552267301, ""weekday_move_count_baseline_n"": 42, ""weekday_move_count_common_change"": 0.08413945857899763, ""weekday_move_count_log_change"": 0.08314579241737885, ""weekday_move_count_residual"": -0.000993666161618778, ""weekday_move_count_rz"": -0.1869188548425211, ""weekday_move_distance"": 806.5772504144641, ""weekday_move_distance_common_change"": 0.06015263290696149, ""weekday_move_distance_log_change"": 0.047554440241535545, ""weekday_move_distance_residual"": -0.012598192665425945, ""weekday_outing_low_rate"": 0.07268441378234243, ""weekend_count_est_ratio"": 0.8655676547691066, ""weekend_days"": 10, ""weekend_distance_down"": false, ""weekend_distance_est_ratio"": 0.8445607313302413, ""weekend_move_count"": 9.696288971464737, ""weekend_move_count_baseline_n"": 42, ""weekend_move_count_common_change"": -0.19413011648346323, ""weekend_move_count_log_change"": -0.18812972423358065, ""weekend_move_count_residual"": 0.00600039224988258, ""weekend_move_count_rz"": 0.8595193347167791, ""weekend_move_distance"": 409.4432324169706, ""weekend_move_distance_common_change"": -0.241550192659167, ""weekend_move_distance_log_change"": -0.22387543802185128, ""weekend_move_distance_residual"": 0.017674754637315715, ""weekend_outing_low_rate"": 0.10089329997157936, ""행정동"": ""삼성1동"", ""행정동코드"": 1123058}",,,,,,
2025-08-01,1123059,삼성2동,0,0,0,0,,2025H2,analysis1_2025H2,0,고활동·청년유동·1인가구 중심형,"{""active_pop_pc1"": 1.9648971764163092, ""active_pop_pc2"": 0.42604555301592795, ""activity_intensity"": 705.2855931080185, ""adm_cd"": ""1123059"", ""disability_ratio"": 0.019152830435351, ""dong_name"": ""삼성2동"", ""foreigner_ratio"": 0.010409578322043, ""household_structure_pc1"": 0.5495489596363184, ""household_structure_pc2"": -0.6664725705103184, ""livelihood_recipient_ratio"": 0.0110798797228395, ""resident_age_pc1"": -0.15441807500714294, ""resident_age_pc2"": -0.9841985998764194, ""time_structure_pc1"": 1.0924956073545355, ""time_structure_pc2"": -0.7233181092951388, ""weekend_weekday_index"": 0.5882834439387897}","{""adm_cd"": 1123059, ""any_signal"": false, ""call_contacts"": 14.128316293809183, ""call_contacts_baseline_n"": 42, ""call_contacts_common_change"": -0.021624194195753565, ""call_contacts_log_change"": -0.020124130183976074, ""call_contacts_residual"": 0.001500064011777491, ""call_contacts_rz"": 0.34119058571450445, ""cluster"": 0, ""cluster_type"": ""고활동·청년유동·1인가구 중심형"", ""combined_signal"": false, ""comm_low_rate"": 0.10309981584416024, ""comm_low_rate_change"": 0.0027288950205127532, ""comm_validation_support"": true, ""communication_signal"": false, ""date"": ""2025-08-01T00:00:00"", ""days_in_month"": 31, ""dong_name"": ""삼성2동"", ""interest_structural_issue"": false, ""mobility_distance_both_down"": false, ""mobility_distance_support"": false, ""mobility_signal"": false, ""rain_days"": 12.0, ""rainfall_mm"": 290.3, ""signal_status"": null, ""snow_days"": 0.0, ""text_contacts"": 5.805300863922737, ""text_contacts_baseline_n"": 42, ""text_contacts_common_change"": -0.01053650154799557, ""text_contacts_log_change"": -0.007783707278243179, ""text_contacts_residual"": 0.00275279426975239, ""text_contacts_rz"": 0.5584579019109669, ""weekday_count_est_ratio"": 0.9197627041913458, ""weekday_days"": 21, ""weekday_distance_down"": false, ""weekday_distance_est_ratio"": 0.9092760402912439, ""weekday_move_count"": 21.83038880400654, ""weekday_move_count_baseline_n"": 42, ""weekday_move_count_common_change"": 0.08413945857899763, ""weekday_move_count_log_change"": 0.08545678774230758, ""weekday_move_count_residual"": 0.0013173291633099549, ""weekday_move_count_rz"": 0.6531143188407061, ""weekday_move_distance"": 762.4532939593016, ""weekday_move_distance_common_change"": 0.06015263290696149, ""weekday_move_distance_log_change"": 0.06149208638684733, ""weekday_move_distance_residual"": 0.0013394534798858437, ""weekday_outing_low_rate"": 0.08177195086924936, ""weekend_count_est_ratio"": 0.8696001056324744, ""weekend_days"": 10, ""weekend_distance_down"": false, ""weekend_distance_est_ratio"": 0.8468008450597956, ""weekend_move_count"": 8.841411288870649, ""weekend_move_count_baseline_n"": 42, ""weekend_move_count_common_change"": -0.19413011648346323, ""weekend_move_count_log_change"": -0.1960397896474868, ""weekend_move_count_residual"": -0.0019096731640235731, ""weekend_move_count_rz"": -0.32979641749162564, ""weekend_move_distance"": 401.2830834419266, ""weekend_move_distance_common_change"": -0.241550192659167, ""weekend_move_distance_log_change"": -0.2397457369917504, ""weekend_move_distance_residual"": 0.0018044556674166046, ""weekend_outing_low_rate"": 0.07409738295967157, ""행정동"": ""삼성2동"", ""행정동코드"": 1123059}",,,,,,
2025-08-01,1123060,대치1동,0,0,0,0,,2025H2,analysis1_2025H2,2,중간활동·다인가구 중심형,"{""active_pop_pc1"": -2.767175777556055, ""active_pop_pc2"": 2.4046862147640096, ""activity_intensity"": 708.2130124223603, ""adm_cd"": ""1123060"", ""disability_ratio"": 0.0127188011585442, ""dong_name"": ""대치1동"", ""foreigner_ratio"": 0.001741873802276, ""household_structure_pc1"": -3.0450878987906966, ""household_structure_pc2"": -2.080405480267149, ""livelihood_recipient_ratio"": 0.0003358099315787, ""resident_age_pc1"": -3.312423927946103, ""resident_age_pc2"": -1.549734571498052, ""time_structure_pc1"": 0.2509544794067247, ""time_structure_pc2"": 2.2451794365989626, ""weekend_weekday_index"": 1.0087785504961273}","{""adm_cd"": 1123060, ""any_signal"": false, ""call_contacts"": 14.120502916794596, ""call_contacts_baseline_n"": 42, ""call_contacts_common_change"": -0.021624194195753565, ""call_contacts_log_change"": -0.024311162781084583, ""call_contacts_residual"": -0.0026869685853310177, ""call_contacts_rz"": -0.6267310936105233, ""cluster"": 2, ""cluster_type"": ""중간활동·다인가구 중심형"", ""combined_signal"": false, ""comm_low_rate"": 0.08596481491758699, ""comm_low_rate_change"": 0.001998491250608511, ""comm_validation_support"": true, ""communication_signal"": false, ""date"": ""2025-08-01T00:00:00"", ""days_in_month"": 31, ""dong_name"": ""대치1동"", ""interest_structural_issue"": false, ""mobility_distance_both_down"": true, ""mobility_distance_support"": true, ""mobility_signal"": false, ""rain_days"": 12.0, ""rainfall_mm"": 290.3, ""signal_status"": null, ""snow_days"": 0.0, ""text_contacts"": 6.087189438133252, ""text_contacts_baseline_n"": 42, ""text_contacts_common_change"": -0.01053650154799557, ""text_contacts_log_change"": -0.008750743793928706, ""text_contacts_residual"": 0.0017857577540668634, ""text_contacts_rz"": 0.4311771268828714, ""weekday_count_est_ratio"": 0.9357961314092722, ""weekday_days"": 21, ""weekday_distance_down"": true, ""weekday_distance_est_ratio"": 0.92941848326681, ""weekday_move_count"": 24.282017731622688, ""weekday_move_count_baseline_n"": 42, ""weekday_move_count_common_change"": 0.08413945857899763, ""weekday_move_count_log_change"": 0.07061154138860504, ""weekday_move_count_residual"": -0.013527917190392591, ""weekday_move_count_rz"": -1.2210393471312917, ""weekday_move_distance"": 900.745686818741, ""weekday_move_distance_common_change"": 0.06015263290696149, ""weekday_move_distance_log_change"": 0.05747957352190891, ""weekday_move_distance_residual"": -0.0026730593850525786, ""weekday_outing_low_rate"": 0.04678395027471003, ""weekend_count_est_ratio"": 0.8892176849861836, ""weekend_days"": 10, ""weekend_distance_down"": true, ""weekend_distance_est_ratio"": 0.8698403438747315, ""weekend_move_count"": 9.354887814370784, ""weekend_move_count_baseline_n"": 42, ""weekend_move_count_common_change"": -0.19413011648346323, ""weekend_move_count_log_change"": -0.1988604400114693, ""weekend_move_count_residual"": -0.004730323528006064, ""weekend_move_count_rz"": -0.8013517216530042, ""weekend_move_distance"": 400.83204736204885, ""weekend_move_distance_common_change"": -0.241550192659167, ""weekend_move_distance_log_change"": -0.25531812348629046, ""weekend_move_distance_residual"": -0.013767930827123465, ""weekend_outing_low_rate"": 0.09083004976228795, ""행정동"": ""대치1동"", ""행정동코드"": 1123060}",,,,,,
2025-08-01,1123063,대치4동,0,0,0,0,,2025H2,analysis1_2025H2,0,고활동·청년유동·1인가구 중심형,"{""active_pop_pc1"": -0.09157669144460519, ""active_pop_pc2"": 2.2677731244457315, ""activity_intensity"": 1249.5277738095238, ""adm_cd"": ""1123063"", ""disability_ratio"": 0.0193911818871194, ""dong_name"": ""대치4동"", ""foreigner_ratio"": 0.0184464844604951, ""household_structure_pc1"": 1.7565790336331801, ""household_structure_pc2"": -0.7536284500944906, ""livelihood_recipient_ratio"": 0.0182537103239085, ""resident_age_pc1"": 0.7443781034414865, ""resident_age_pc2"": -0.8817579610049339, ""time_structure_pc1"": 1.5308776699345932, ""time_structure_pc2"": 1.5418833699014292, ""weekend_weekday_index"": 0.846502577728509}","{""adm_cd"": 1123063, ""any_signal"": false, ""call_contacts"": 14.185180779220778, ""call_contacts_baseline_n"": 42, ""call_contacts_common_change"": -0.021624194195753565, ""call_contacts_log_change"": -0.017093258716929238, ""call_contacts_residual"": 0.004530935478824327, ""call_contacts_rz"": 0.7920434085591476, ""cluster"": 0, ""cluster_type"": ""고활동·청년유동·1인가구 중심형"", ""combined_signal"": false, ""comm_low_rate"": 0.11381721354051012, ""comm_low_rate_change"": -0.0005067042264963878, ""comm_validation_support"": false, ""communication_signal"": false, ""date"": ""2025-08-01T00:00:00"", ""days_in_month"": 31, ""dong_name"": ""대치4동"", ""interest_structural_issue"": false, ""mobility_distance_both_down"": false, ""mobility_distance_support"": true, ""mobility_signal"": false, ""rain_days"": 12.0, ""rainfall_mm"": 290.3, ""signal_status"": null, ""snow_days"": 0.0, ""text_contacts"": 5.958704415584416, ""text_contacts_baseline_n"": 42, ""text_contacts_common_change"": -0.01053650154799557, ""text_contacts_log_change"": -0.005499705146702061, ""text_contacts_residual"": 0.0050367964012935085, ""text_contacts_rz"": 1.2816945997599347, ""weekday_count_est_ratio"": 0.91567012987013, ""weekday_days"": 21, ""weekday_distance_down"": true, ""weekday_distance_est_ratio"": 0.8938109090909091, ""weekday_move_count"": 20.3591096436362, ""weekday_move_count_baseline_n"": 42, ""weekday_move_count_common_change"": 0.08413945857899763, ""weekday_move_count_log_change"": 0.08348106677744349, ""weekday_move_count_residual"": -0.0006583918015541368, ""weekday_move_count_rz"": -0.0371056057271666, ""weekday_move_distance"": 722.9363811922217, ""weekday_move_distance_common_change"": 0.06015263290696149, ""weekday_move_distance_log_change"": 0.05374281977557249, ""weekday_move_distance_residual"": -0.006409813131388997, ""weekday_outing_low_rate"": 0.10462594833195915, ""weekend_count_est_ratio"": 0.8506067532467533, ""weekend_days"": 10, ""weekend_distance_down"": false, ""weekend_distance_est_ratio"": 0.8219942857142857, ""weekend_move_count"": 8.35341156015141, ""weekend_move_count_baseline_n"": 42, ""weekend_move_count_common_change"": -0.19413011648346323, ""weekend_move_count_log_change"": -0.18719290719730575, ""weekend_move_count_residual"": 0.006937209286157486, ""weekend_move_count_rz"": 0.6808426890037862, ""weekend_move_distance"": 391.49079695311815, ""weekend_move_distance_common_change"": -0.241550192659167, ""weekend_move_distance_log_change"": -0.23918963160805262, ""weekend_move_distance_residual"": 0.0023605610511143738, ""weekend_outing_low_rate"": 0.066014910703769, ""행정동"": ""대치4동"", ""행정동코드"": 1123063}",,,,,,
2025-08-01,1123064,역삼1동,0,0,0,0,,2025H2,analysis1_2025H2,0,고활동·청년유동·1인가구 중심형,"{""active_pop_pc1"": 4.185841496062412, ""active_pop_pc2"": -0.2638326139732681, ""activity_intensity"": 1293.4531555790215, ""adm_cd"": ""1123064"", ""disability_ratio"": 0.0205263379274567, ""dong_name"": ""역삼1동"", ""foreigner_ratio"": 0.0400718774442376, ""household_structure_pc1"": 3.5605977216349443, ""household_structure_pc2"": -1.4993140543811143, ""livelihood_recipient_ratio"": 0.021872327299749, ""resident_age_pc1"": 4.623294874052999, ""resident_age_pc2"": -2.1956244530897044, ""time_structure_pc1"": 1.4095047852962523, ""time_structure_pc2"": -0.1666262800987883, ""weekend_weekday_index"": 0.5594494564513189}","{""adm_cd"": 1123064, ""any_signal"": false, ""call_contacts"": 14.286770645973586, ""call_contacts_baseline_n"": 42, ""call_contacts_common_change"": -0.021624194195753565, ""call_contacts_log_change"": -0.02561601644183309, ""call_contacts_residual"": -0.003991822246079524, ""call_contacts_rz"": -0.6801025003142239, ""cluster"": 0, ""cluster_type"": ""고활동·청년유동·1인가구 중심형"", ""combined_signal"": false, ""comm_low_rate"": 0.11663766105916365, ""comm_low_rate_change"": -0.0013951528714964828, ""comm_validation_support"": false, ""communication_signal"": false, ""date"": ""2025-08-01T00:00:00"", ""days_in_month"": 31, ""dong_name"": ""역삼1동"", ""interest_structural_issue"": false, ""mobility_distance_both_down"": false, ""mobility_distance_support"": true, ""mobility_signal"": false, ""rain_days"": 12.0, ""rainfall_mm"": 290.3, ""signal_status"": null, ""snow_days"": 0.0, ""text_contacts"": 5.882800503623002, ""text_contacts_baseline_n"": 42, ""text_contacts_common_change"": -0.01053650154799557, ""text_contacts_log_change"": -0.01769272493114782, ""text_contacts_residual"": -0.007156223383152249, ""text_contacts_rz"": -1.184996184967557, ""weekday_count_est_ratio"": 0.8946639087311783, ""weekday_days"": 21, ""weekday_distance_down"": true, ""weekday_distance_est_ratio"": 0.8820155198108844, ""weekday_move_count"": 20.10816511782663, ""weekday_move_count_baseline_n"": 42, ""weekday_move_count_common_change"": 0.08413945857899763, ""weekday_move_count_log_change"": 0.08101544997164423, ""weekday_move_count_residual"": -0.0031240086073534012, ""weekday_move_count_rz"": -0.4183477757862079, ""weekday_move_distance"": 706.6249916419722, ""weekday_move_distance_common_change"": 0.06015263290696149, ""weekday_move_distance_log_change"": 0.04587933733898453, ""weekday_move_distance_residual"": -0.014273295567976962, ""weekday_outing_low_rate"": 0.10876545370827682, ""weekend_count_est_ratio"": 0.8387376021378282, ""weekend_days"": 10, ""weekend_distance_down"": false, ""weekend_distance_est_ratio"": 0.8150115627730099, ""weekend_move_count"": 8.737697971232759, ""weekend_move_count_baseline_n"": 42, ""weekend_move_count_common_change"": -0.19413011648346323, ""weekend_move_count_log_change"": -0.19683972402895344, ""weekend_move_count_residual"": -0.0027096075454902113, ""weekend_move_count_rz"": -0.3350929470115864, ""weekend_move_distance"": 420.21944931084647, ""weekend_move_distance_common_change"": -0.241550192659167, ""weekend_move_distance_log_change"": -0.23008184255901298, ""weekend_move_distance_residual"": 0.011468350100154012, ""weekend_outing_low_rate"": 0.08669016102292985, ""행정동"": ""역삼1동"", ""행정동코드"": 1123064}",,,,,,
2025-08-01,1123065,역삼2동,0,0,0,0,,2025H2,analysis1_2025H2,0,고활동·청년유동·1인가구 중심형,"{""active_pop_pc1"": 1.3018091854005989, ""active_pop_pc2"": 1.624496432805457, ""activity_intensity"": 790.7354921700224, ""adm_cd"": ""1123065"", ""disability_ratio"": 0.0180617223044455, ""dong_name"": ""역삼2동"", ""foreigner_ratio"": 0.0103601495975253, ""household_structure_pc1"": 0.13141903571757987, ""household_structure_pc2"": -1.66074968571193, ""livelihood_recipient_ratio"": 0.0092912349942443, ""resident_age_pc1"": -1.027253657311876, ""resident_age_pc2"": -2.0722232053343856, ""time_structure_pc1"": 0.6510175471197581, ""time_structure_pc2"": -0.4907270054113869, ""weekend_weekday_index"": 0.6584753146488297}","{""adm_cd"": 1123065, ""any_signal"": false, ""call_contacts"": 13.901776398335866, ""call_contacts_baseline_n"": 42, ""call_contacts_common_change"": -0.021624194195753565, ""call_contacts_log_change"": -0.017033210981725944, ""call_contacts_residual"": 0.004590983214027622, ""call_contacts_rz"": 1.1005474481965467, ""cluster"": 0, ""cluster_type"": ""고활동·청년유동·1인가구 중심형"", ""combined_signal"": false, ""comm_low_rate"": 0.10197620432162012, ""comm_low_rate_change"": 0.002360196508599921, ""comm_validation_support"": true, ""communication_signal"": false, ""date"": ""2025-08-01T00:00:00"", ""days_in_month"": 31, ""dong_name"": ""역삼2동"", ""interest_structural_issue"": false, ""mobility_distance_both_down"": false, ""mobility_distance_support"": true, ""mobility_signal"": false, ""rain_days"": 12.0, ""rainfall_mm"": 290.3, ""signal_status"": null, ""snow_days"": 0.0, ""text_contacts"": 5.780026084659578, ""text_contacts_baseline_n"": 42, ""text_contacts_common_change"": -0.01053650154799557, ""text_contacts_log_change"": -0.010227498612794594, ""text_contacts_residual"": 0.0003090029352009749, ""text_contacts_rz"": 0.06457319855241506, ""weekday_count_est_ratio"": 0.9216238526051641, ""weekday_days"": 21, ""weekday_distance_down"": false, ""weekday_distance_est_ratio"": 0.9087898699068877, ""weekday_move_count"": 21.98313907847078, ""weekday_move_count_baseline_n"": 42, ""weekday_move_count_common_change"": 0.08413945857899763, ""weekday_move_count_log_change"": 0.08822957514011698, ""weekday_move_count_residual"": 0.00409011656111935, ""weekday_move_count_rz"": 0.7026381182412889, ""weekday_move_distance"": 763.8738055582098, ""weekday_move_distance_common_change"": 0.06015263290696149, ""weekday_move_distance_log_change"": 0.06292776999439376, ""weekday_move_distance_residual"": 0.0027751370874322667, ""weekday_outing_low_rate"": 0.09270161253103684, ""weekend_count_est_ratio"": 0.8692910915934755, ""weekend_days"": 10, ""weekend_distance_down"": true, ""weekend_distance_est_ratio"": 0.844123687512382, ""weekend_move_count"": 8.734167350682846, ""weekend_move_count_baseline_n"": 42, ""weekend_move_count_common_change"": -0.19413011648346323, ""weekend_move_count_log_change"": -0.19444010552673907, ""weekend_move_count_residual"": -0.00030998904327583787, ""weekend_move_count_rz"": -0.21902490857811086, ""weekend_move_distance"": 391.6280490144192, ""weekend_move_distance_common_change"": -0.241550192659167, ""weekend_move_distance_log_change"": -0.24728946818180475, ""weekend_move_distance_residual"": -0.0057392755226377545, ""weekend_outing_low_rate"": 0.06934160366996188, ""행정동"": ""역삼2동"", ""행정동코드"": 1123065}",,,,,,
2025-08-01,1123066,도곡1동,0,0,0,0,,2025H2,analysis1_2025H2,2,중간활동·다인가구 중심형,"{""active_pop_pc1"": 0.29802864985290256, ""active_pop_pc2"": -0.28765595894381685, ""activity_intensity"": 348.9483497942387, ""adm_cd"": ""1123066"", ""disability_ratio"": 0.0169869718563305, ""dong_name"": ""도곡1동"", ""foreigner_ratio"": 0.0063101200796885, ""household_structure_pc1"": -0.5225651340482826, ""household_structure_pc2"": -0.1990963702531279, ""livelihood_recipient_ratio"": 0.0036949063077329, ""resident_age_pc1"": -0.4309759559966248, ""resident_age_pc2"": -0.2857722048449105, ""time_structure_pc1"": 0.3401918321243857, ""time_structure_pc2"": -0.7501872642702954, ""weekend_weekday_index"": 0.7141460159554923}","{""adm_cd"": 1123066, ""any_signal"": false, ""call_contacts"": 13.116812620734063, ""call_contacts_baseline_n"": 42, ""call_contacts_common_change"": -0.021624194195753565, ""call_contacts_log_change"": -0.017629421616180085, ""call_contacts_residual"": 0.00399477257957348, ""call_contacts_rz"": 0.7032003958896345, ""cluster"": 2, ""cluster_type"": ""중간활동·다인가구 중심형"", ""combined_signal"": false, ""comm_low_rate"": 0.09593315145251588, ""comm_low_rate_change"": 0.0028787844877998237, ""comm_validation_support"": true, ""communication_signal"": false, ""date"": ""2025-08-01T00:00:00"", ""days_in_month"": 31, ""dong_name"": ""도곡1동"", ""interest_structural_issue"": false, ""mobility_distance_both_down"": true, ""mobility_distance_support"": true, ""mobility_signal"": false, ""rain_days"": 12.0, ""rainfall_mm"": 290.3, ""signal_status"": null, ""snow_days"": 0.0, ""text_contacts"": 5.481765400300493, ""text_contacts_baseline_n"": 42, ""text_contacts_common_change"": -0.01053650154799557, ""text_contacts_log_change"": -0.006509431252684772, ""text_contacts_residual"": 0.004027070295310797, ""text_contacts_rz"": 0.48458728081118785, ""weekday_count_est_ratio"": 0.9324855119124276, ""weekday_days"": 21, ""weekday_distance_down"": true, ""weekday_distance_est_ratio"": 0.9289724189740288, ""weekday_move_count"": 22.94457366870375, ""weekday_move_count_baseline_n"": 42, ""weekday_move_count_common_change"": 0.08413945857899763, ""weekday_move_count_log_change"": 0.08353311690526066, ""weekday_move_count_residual"": -0.0006063416737369653, ""weekday_move_count_rz"": -0.17761150167698578, ""weekday_move_distance"": 838.5746432224894, ""weekday_move_distance_common_change"": 0.06015263290696149, ""weekday_move_distance_log_change"": 0.054241265816094675, ""weekday_move_distance_residual"": -0.005911367090866815, ""weekday_outing_low_rate"": 0.058541459520089344, ""weekend_count_est_ratio"": 0.8813887100236101, ""weekend_days"": 10, ""weekend_distance_down"": true, ""weekend_distance_est_ratio"": 0.8626722472633612, ""weekend_move_count"": 9.013346162931434, ""weekend_move_count_baseline_n"": 42, ""weekend_move_count_common_change"": -0.19413011648346323, ""weekend_move_count_log_change"": -0.19569045448052158, ""weekend_move_count_residual"": -0.0015603379970583475, ""weekend_move_count_rz"": -0.2567565417855676, ""weekend_move_distance"": 387.47273236647186, ""weekend_move_distance_common_change"": -0.241550192659167, ""weekend_move_distance_log_change"": -0.2707190773754613, ""weekend_move_distance_residual"": -0.029168884716294308, ""weekend_outing_low_rate"": 0.07327968339023232, ""행정동"": ""도곡1동"", ""행정동코드"": 1123066}",,,,,,
2025-08-01,1123067,도곡2동,0,0,0,0,,2025H2,analysis1_2025H2,2,중간활동·다인가구 중심형,"{""active_pop_pc1"": -2.3471404669713287, ""active_pop_pc2"": 0.3203052519526075, ""activity_intensity"": 617.9922398373984, ""adm_cd"": ""1123067"", ""disability_ratio"": 0.0163179202407358, ""dong_name"": ""도곡2동"", ""foreigner_ratio"": 0.0032730827262784, ""household_structure_pc1"": -1.8427378454546224, ""household_structure_pc2"": -0.07166108044714786, ""livelihood_recipient_ratio"": 0.0016131784268408, ""resident_age_pc1"": -1.6609075337507022, ""resident_age_pc2"": 0.02709133552272181, ""time_structure_pc1"": -0.2127904727338758, ""time_structure_pc2"": 0.08815761674554107, ""weekend_weekday_index"": 0.8272026408808787}","{""adm_cd"": 1123067, ""any_signal"": false, ""call_contacts"": 13.654270072992702, ""call_contacts_baseline_n"": 42, ""call_contacts_common_change"": -0.021624194195753565, ""call_contacts_log_change"": -0.02297645836651041, ""call_contacts_residual"": -0.001352264170756845, ""call_contacts_rz"": -0.436314352781185, ""cluster"": 2, ""cluster_type"": ""중간활동·다인가구 중심형"", ""combined_signal"": false, ""comm_low_rate"": 0.07996531259315465, ""comm_low_rate_change"": 0.0021780598217190084, ""comm_validation_support"": true, ""communication_signal"": false, ""date"": ""2025-08-01T00:00:00"", ""days_in_month"": 31, ""dong_name"": ""도곡2동"", ""interest_structural_issue"": false, ""mobility_distance_both_down"": true, ""mobility_distance_support"": true, ""mobility_signal"": false, ""rain_days"": 12.0, ""rainfall_mm"": 290.3, ""signal_status"": null, ""snow_days"": 0.0, ""text_contacts"": 5.743445833634458, ""text_contacts_baseline_n"": 42, ""text_contacts_common_change"": -0.01053650154799557, ""text_contacts_log_change"": -0.010845504483196544, ""text_contacts_residual"": -0.0003090029352009749, ""text_contacts_rz"": -0.16457108593514527, ""weekday_count_est_ratio"": 0.9304701163547012, ""weekday_days"": 21, ""weekday_distance_down"": true, ""weekday_distance_est_ratio"": 0.9229760786297607, ""weekday_move_count"": 23.668552534133234, ""weekday_move_count_baseline_n"": 42, ""weekday_move_count_common_change"": 0.08413945857899763, ""weekday_move_count_log_change"": 0.0770955182353461, ""weekday_move_count_residual"": -0.0070439403436515224, ""weekday_move_count_rz"": -0.6924355091789455, ""weekday_move_distance"": 850.627750258002, ""weekday_move_distance_common_change"": 0.06015263290696149, ""weekday_move_distance_log_change"": 0.05046282796643986, ""weekday_move_distance_residual"": -0.009689804940521629, ""weekday_outing_low_rate"": 0.0810492940570716, ""weekend_count_est_ratio"": 0.8801261111512612, ""weekend_days"": 10, ""weekend_distance_down"": true, ""weekend_distance_est_ratio"": 0.8552872732528728, ""weekend_move_count"": 9.25460132998804, ""weekend_move_count_baseline_n"": 42, ""weekend_move_count_common_change"": -0.19413011648346323, ""weekend_move_count_log_change"": -0.20047005195896883, ""weekend_move_count_residual"": -0.006339935475505598, ""weekend_move_count_rz"": -1.1316481658702362, ""weekend_move_distance"": 396.1881630108639, ""weekend_move_distance_common_change"": -0.241550192659167, ""weekend_move_distance_log_change"": -0.25494086333840116, ""weekend_move_distance_residual"": -0.013390670679234162, ""weekend_outing_low_rate"": 0.07615511774748651, ""행정동"": ""도곡2동"", ""행정동코드"": 1123067}",,,,,,
2025-08-01,1123068,개포1동,0,0,0,0,,2025H2,analysis1_2025H2,2,중간활동·다인가구 중심형,"{""active_pop_pc1"": -2.812180854863822, ""active_pop_pc2"": 0.994622782290072, ""activity_intensity"": 126.0251696530874, ""adm_cd"": ""1123068"", ""disability_ratio"": 0.0195517673227536, ""dong_name"": ""개포1동"", ""foreigner_ratio"": 0.002130607725486, ""household_structure_pc1"": -2.2532196550723445, ""household_structure_pc2"": 0.2571108554560828, ""livelihood_recipient_ratio"": 0.0037010037570795, ""resident_age_pc1"": -1.5651035109779237, ""resident_age_pc2"": -0.18970085406697193, ""time_structure_pc1"": -2.150922491485588, ""time_structure_pc2"": 1.2288215453150342, ""weekend_weekday_index"": 0.6539578191524128}","{""adm_cd"": 1123068, ""any_signal"": false, ""call_contacts"": 13.92758481335744, ""call_contacts_baseline_n"": 42, ""call_contacts_common_change"": -0.021624194195753565, ""call_contacts_log_change"": -0.022421756755667044, ""call_contacts_residual"": -0.0007975625599134784, ""call_contacts_rz"": -0.3818802417756991, ""cluster"": 2, ""cluster_type"": ""중간활동·다인가구 중심형"", ""combined_signal"": false, ""comm_low_rate"": 0.08175830311846799, ""comm_low_rate_change"": 0.0015343335290177451, ""comm_validation_support"": true, ""communication_signal"": false, ""date"": ""2025-08-01T00:00:00"", ""days_in_month"": 31, ""dong_name"": ""개포1동"", ""interest_structural_issue"": false, ""mobility_distance_both_down"": false, ""mobility_distance_support"": true, ""mobility_signal"": false, ""rain_days"": 12.0, ""rainfall_mm"": 290.3, ""signal_status"": null, ""snow_days"": 0.0, ""text_contacts"": 5.9093406359672445, ""text_contacts_baseline_n"": 42, ""text_contacts_common_change"": -0.01053650154799557, ""text_contacts_log_change"": -0.00757027213406869, ""text_contacts_residual"": 0.0029662294139268797, ""text_contacts_rz"": 0.00899516881677162, ""weekday_count_est_ratio"": 0.9510794427310433, ""weekday_days"": 21, ""weekday_distance_down"": false, ""weekday_distance_est_ratio"": 0.9472508773795597, ""weekday_move_count"": 25.911119311193115, ""weekday_move_count_baseline_n"": 42, ""weekday_move_count_common_change"": 0.08413945857899763, ""weekday_move_count_log_change"": 0.08495043801581525, ""weekday_move_count_residual"": 0.0008109794368176271, ""weekday_move_count_rz"": 0.08979700387619755, ""weekday_move_distance"": 922.7644594139442, ""weekday_move_distance_common_change"": 0.06015263290696149, ""weekday_move_distance_log_change"": 0.06197804623854708, ""weekday_move_distance_residual"": 0.0018254133315855903, ""weekday_outing_low_rate"": 0.029344236399637052, ""weekend_count_est_ratio"": 0.9105604594278421, ""weekend_days"": 10, ""weekend_distance_down"": true, ""weekend_distance_est_ratio"": 0.8943954057215783, ""weekend_move_count"": 10.17181616444756, ""weekend_move_count_baseline_n"": 42, ""weekend_move_count_common_change"": -0.19413011648346323, ""weekend_move_count_log_change"": -0.1944003286533018, ""weekend_move_count_residual"": -0.00027021216983857954, ""weekend_move_count_rz"": -0.013475910835433463, ""weekend_move_distance"": 420.99218549346017, ""weekend_move_distance_common_change"": -0.241550192659167, ""weekend_move_distance_log_change"": -0.26068030767735806, ""weekend_move_distance_residual"": -0.019130115018191063, ""weekend_outing_low_rate"": 0.0632950917833934, ""행정동"": ""개포1동"", ""행정동코드"": 1123068}",,,,,,
2025-08-01,1123071,개포4동,0,0,0,0,,2025H2,analysis1_2025H2,2,중간활동·다인가구 중심형,"{""active_pop_pc1"": -1.582077707818372, ""active_pop_pc2"": -0.602698626550829, ""activity_intensity"": 196.30289831040764, ""adm_cd"": ""1123071"", ""disability_ratio"": 0.0262504587354014, ""dong_name"": ""개포4동"", ""foreigner_ratio"": 0.0080089781832915, ""household_structure_pc1"": -0.06075600038192678, ""household_structure_pc2"": 0.5936495237570294, ""livelihood_recipient_ratio"": 0.0224078751376206, ""resident_age_pc1"": -0.22734192775025444, ""resident_age_pc2"": 0.5684808156887863, ""time_structure_pc1"": -1.2711975546747596, ""time_structure_pc2"": 0.6545384977311337, ""weekend_weekday_index"": 0.9570829021151136}","{""adm_cd"": 1123071, ""any_signal"": false, ""call_contacts"": 13.598393978717882, ""call_contacts_baseline_n"": 42, ""call_contacts_common_change"": -0.021624194195753565, ""call_contacts_log_change"": -0.022537291569344475, ""call_contacts_residual"": -0.0009130973735909098, ""call_contacts_rz"": -0.05873197360845797, ""cluster"": 2, ""cluster_type"": ""중간활동·다인가구 중심형"", ""combined_signal"": false, ""comm_low_rate"": 0.08955270883560135, ""comm_low_rate_change"": -0.0004885125599969897, ""comm_validation_support"": false, ""communication_signal"": false, ""date"": ""2025-08-01T00:00:00"", ""days_in_month"": 31, ""dong_name"": ""개포4동"", ""interest_structural_issue"": false, ""mobility_distance_both_down"": false, ""mobility_distance_support"": false, ""mobility_signal"": false, ""rain_days"": 12.0, ""rainfall_mm"": 290.3, ""signal_status"": null, ""snow_days"": 0.0, ""text_contacts"": 5.380196729820919, ""text_contacts_baseline_n"": 42, ""text_contacts_common_change"": -0.01053650154799557, ""text_contacts_log_change"": -0.008383918139992064, ""text_contacts_residual"": 0.0021525834080035056, ""text_contacts_rz"": 0.7138829935846503, ""weekday_count_est_ratio"": 0.935909161692188, ""weekday_days"": 21, ""weekday_distance_down"": false, ""weekday_distance_est_ratio"": 0.9305123280560602, ""weekday_move_count"": 24.122619164749985, ""weekday_move_count_baseline_n"": 42, ""weekday_move_count_common_change"": 0.08413945857899763, ""weekday_move_count_log_change"": 0.0839426927564868, ""weekday_move_count_residual"": -0.00019676582251082486, ""weekday_move_count_rz"": 0.02816585816269427, ""weekday_move_distance"": 819.732602876664, ""weekday_move_distance_common_change"": 0.06015263290696149, ""weekday_move_distance_log_change"": 0.07276780340308786, ""weekday_move_distance_residual"": 0.012615170496126371, ""weekday_outing_low_rate"": 0.03873864101586147, ""weekend_count_est_ratio"": 0.8975925253049571, ""weekend_days"": 10, ""weekend_distance_down"": false, ""weekend_distance_est_ratio"": 0.8775805865559306, ""weekend_move_count"": 9.613758260988241, ""weekend_move_count_baseline_n"": 42, ""weekend_move_count_common_change"": -0.19413011648346323, ""weekend_move_count_log_change"": -0.18662434604902112, ""weekend_move_count_residual"": 0.007505770434442116, ""weekend_move_count_rz"": 0.5800706100328379, ""weekend_move_distance"": 414.90587169263574, ""weekend_move_distance_common_change"": -0.241550192659167, ""weekend_move_distance_log_change"": -0.2189071878153932, ""weekend_move_distance_residual"": 0.022643004843773795, ""weekend_outing_low_rate"": 0.06946432133022147, ""행정동"": ""개포4동"", ""행정동코드"": 1123071}",,,,,,
2025-08-01,1123072,일원본동,0,0,0,0,,2025H2,analysis1_2025H2,2,중간활동·다인가구 중심형,"{""active_pop_pc1"": -2.575098136001509, ""active_pop_pc2"": -0.4242878209748916, ""activity_intensity"": 228.42569285702675, ""adm_cd"": ""1123072"", ""disability_ratio"": 0.0306711544034059, ""dong_name"": ""일원본동"", ""foreigner_ratio"": 0.0010030613062405, ""household_structure_pc1"": -1.9186226888022524, ""household_structure_pc2"": -0.01424222204515588, ""livelihood_recipient_ratio"": 0.0036555736352896, ""resident_age_pc1"": -1.3853472759775167, ""resident_age_pc2"": -0.23576002340303995, ""time_structure_pc1"": -1.2208106142407391, ""time_structure_pc2"": -2.964657297140188, ""weekend_weekday_index"": 0.6260492523103128}","{""adm_cd"": 1123072, ""any_signal"": false, ""call_contacts"": 12.579815006150062, ""call_contacts_baseline_n"": 42, ""call_contacts_common_change"": -0.021624194195753565, ""call_contacts_log_change"": -0.012959596723797429, ""call_contacts_residual"": 0.008664597471956137, ""call_contacts_rz"": 1.640001941811208, ""cluster"": 2, ""cluster_type"": ""중간활동·다인가구 중심형"", ""combined_signal"": false, ""comm_low_rate"": 0.07591320536688709, ""comm_low_rate_change"": 0.0008899032102323151, ""comm_validation_support"": true, ""communication_signal"": false, ""date"": ""2025-08-01T00:00:00"", ""days_in_month"": 31, ""dong_name"": ""일원본동"", ""interest_structural_issue"": false, ""mobility_distance_both_down"": false, ""mobility_distance_support"": true, ""mobility_signal"": false, ""rain_days"": 12.0, ""rainfall_mm"": 290.3, ""signal_status"": null, ""snow_days"": 0.0, ""text_contacts"": 5.171563099630997, ""text_contacts_baseline_n"": 42, ""text_contacts_common_change"": -0.01053650154799557, ""text_contacts_log_change"": -0.0075887573518547136, ""text_contacts_residual"": 0.0029477441961408557, ""text_contacts_rz"": 0.8004718275346067, ""weekday_count_est_ratio"": 0.9496270602706026, ""weekday_days"": 21, ""weekday_distance_down"": false, ""weekday_distance_est_ratio"": 0.9489205412054119, ""weekday_move_count"": 24.7014747344332, ""weekday_move_count_baseline_n"": 42, ""weekday_move_count_common_change"": 0.08413945857899763, ""weekday_move_count_log_change"": 0.09863516770222924, ""weekday_move_count_residual"": 0.014495709123231615, ""weekday_move_count_rz"": 1.4625112597372136, ""weekday_move_distance"": 892.225773448279, ""weekday_move_distance_common_change"": 0.06015263290696149, ""weekday_move_distance_log_change"": 0.07027881009189318, ""weekday_move_distance_residual"": 0.010126177184931695, ""weekday_outing_low_rate"": 0.04373756178981832, ""weekend_count_est_ratio"": 0.9062445264452643, ""weekend_days"": 10, ""weekend_distance_down"": true, ""weekend_distance_est_ratio"": 0.8930022140221401, ""weekend_move_count"": 9.65658868194547, ""weekend_move_count_baseline_n"": 42, ""weekend_move_count_common_change"": -0.19413011648346323, ""weekend_move_count_log_change"": -0.18472593876830423, ""weekend_move_count_residual"": 0.009404177715159001, ""weekend_move_count_rz"": 1.1805269703344161, ""weekend_move_distance"": 413.70541723621744, ""weekend_move_distance_common_change"": -0.241550192659167, ""weekend_move_distance_log_change"": -0.2632341269999259, ""weekend_move_distance_residual"": -0.02168393434075888, ""weekend_outing_low_rate"": 0.09020350516787572, ""행정동"": ""일원본동"", ""행정동코드"": 1123072}",,,,,,
2025-08-01,1123073,일원1동,0,0,0,0,,2025H2,analysis1_2025H2,1,고령·2인가구·구조적 복지배경 특화형,"{""active_pop_pc1"": -1.9429015574680562, ""active_pop_pc2"": -1.892431367454475, ""activity_intensity"": 264.40659090909094, ""adm_cd"": ""1123073"", ""disability_ratio"": 0.0765103965777201, ""dong_name"": ""일원1동"", ""foreigner_ratio"": 0.0106237213452306, ""household_structure_pc1"": 1.347590880479978, ""household_structure_pc2"": 1.3454414092075702, ""livelihood_recipient_ratio"": 0.0838037799361828, ""resident_age_pc1"": 1.2110613160817687, ""resident_age_pc2"": 2.088758307705335, ""time_structure_pc1"": -2.117589090357818, ""time_structure_pc2"": -0.8003060081140263, ""weekend_weekday_index"": 1.0010790922466295}","{""adm_cd"": 1123073, ""any_signal"": false, ""call_contacts"": 12.238412644227488, ""call_contacts_baseline_n"": 42, ""call_contacts_common_change"": -0.021624194195753565, ""call_contacts_log_change"": -0.02584144287355894, ""call_contacts_residual"": -0.004217248677805374, ""call_contacts_rz"": -0.5930514692782137, ""cluster"": 1, ""cluster_type"": ""고령·2인가구·구조적 복지배경 특화형"", ""combined_signal"": false, ""comm_low_rate"": 0.09270562277409375, ""comm_low_rate_change"": -0.004914853613107312, ""comm_validation_support"": false, ""communication_signal"": false, ""date"": ""2025-08-01T00:00:00"", ""days_in_month"": 31, ""dong_name"": ""일원1동"", ""interest_structural_issue"": false, ""mobility_distance_both_down"": false, ""mobility_distance_support"": false, ""mobility_signal"": false, ""rain_days"": 12.0, ""rainfall_mm"": 290.3, ""signal_status"": null, ""snow_days"": 0.0, ""text_contacts"": 4.800791288318427, ""text_contacts_baseline_n"": 42, ""text_contacts_common_change"": -0.01053650154799557, ""text_contacts_log_change"": -0.016577993500400234, ""text_contacts_residual"": -0.006041491952404665, ""text_contacts_rz"": -1.2629498167655897, ""weekday_count_est_ratio"": 0.935533556359664, ""weekday_days"": 21, ""weekday_distance_down"": false, ""weekday_distance_est_ratio"": 0.9268252884549737, ""weekday_move_count"": 22.475251920051146, ""weekday_move_count_baseline_n"": 42, ""weekday_move_count_common_change"": 0.08413945857899763, ""weekday_move_count_log_change"": 0.09076494427840842, ""weekday_move_count_residual"": 0.006625485699410794, ""weekday_move_count_rz"": 0.5093896001404818, ""weekday_move_distance"": 773.9505558809035, ""weekday_move_distance_common_change"": 0.06015263290696149, ""weekday_move_distance_log_change"": 0.07929161171938759, ""weekday_move_distance_residual"": 0.0191389788124261, ""weekday_outing_low_rate"": 0.05794251316057701, ""weekend_count_est_ratio"": 0.8753348808629754, ""weekend_days"": 10, ""weekend_distance_down"": false, ""weekend_distance_est_ratio"": 0.8497904007646617, ""weekend_move_count"": 9.04139328899472, ""weekend_move_count_baseline_n"": 42, ""weekend_move_count_common_change"": -0.19413011648346323, ""weekend_move_count_log_change"": -0.19041864344683157, ""weekend_move_count_residual"": 0.003711473036631663, ""weekend_move_count_rz"": 0.17824746879278078, ""weekend_move_distance"": 401.0875760672554, ""weekend_move_distance_common_change"": -0.241550192659167, ""weekend_move_distance_log_change"": -0.23575637098916502, ""weekend_move_distance_residual"": 0.005793821670001975, ""weekend_outing_low_rate"": 0.09872831052966075, ""행정동"": ""일원1동"", ""행정동코드"": 1123073}",,,,,,
2025-08-01,1123074,개포3동,0,0,0,0,,2025H2,analysis1_2025H2,1,고령·2인가구·구조적 복지배경 특화형,"{""active_pop_pc1"": -1.7978863371288094, ""active_pop_pc2"": -1.3550047918047938, ""activity_intensity"": 318.5769660618241, ""adm_cd"": ""1123074"", ""disability_ratio"": 0.0685507379790727, ""dong_name"": ""개포3동"", ""foreigner_ratio"": 0.0046668266181056, ""household_structure_pc1"": -0.10351208942511604, ""household_structure_pc2"": 1.4779743966022372, ""livelihood_recipient_ratio"": 0.0626591794777378, ""resident_age_pc1"": 0.16228898112752646, ""resident_age_pc2"": 0.6754741557975844, ""time_structure_pc1"": -1.9585843100934688, ""time_structure_pc2"": -0.15600867167277757, ""weekend_weekday_index"": 0.6872777922769003}","{""adm_cd"": 1123074, ""any_signal"": false, ""call_contacts"": 12.240545347206849, ""call_contacts_baseline_n"": 42, ""call_contacts_common_change"": -0.021624194195753565, ""call_contacts_log_change"": -0.023849346024087836, ""call_contacts_residual"": -0.002225151828334271, ""call_contacts_rz"": -0.3371269019493732, ""cluster"": 1, ""cluster_type"": ""고령·2인가구·구조적 복지배경 특화형"", ""combined_signal"": false, ""comm_low_rate"": 0.0, ""comm_low_rate_change"": 0.0, ""comm_validation_support"": false, ""communication_signal"": false, ""date"": ""2025-08-01T00:00:00"", ""days_in_month"": 31, ""dong_name"": ""개포3동"", ""interest_structural_issue"": true, ""mobility_distance_both_down"": false, ""mobility_distance_support"": true, ""mobility_signal"": false, ""rain_days"": 12.0, ""rainfall_mm"": 290.3, ""signal_status"": null, ""snow_days"": 0.0, ""text_contacts"": 4.928383883108258, ""text_contacts_baseline_n"": 42, ""text_contacts_common_change"": -0.01053650154799557, ""text_contacts_log_change"": -0.014850398734766568, ""text_contacts_residual"": -0.0043138971867709985, ""text_contacts_rz"": -0.5959661864053156, ""weekday_count_est_ratio"": 0.9422145967087301, ""weekday_days"": 21, ""weekday_distance_down"": false, ""weekday_distance_est_ratio"": 0.9325083019703343, ""weekday_move_count"": 23.612443869219412, ""weekday_move_count_baseline_n"": 42, ""weekday_move_count_common_change"": 0.08413945857899763, ""weekday_move_count_log_change"": 0.07909746643020821, ""weekday_move_count_residual"": -0.00504199214878942, ""weekday_move_count_rz"": -0.7216513112367179, ""weekday_move_distance"": 813.644557335068, ""weekday_move_distance_common_change"": 0.06015263290696149, ""weekday_move_distance_log_change"": 0.0656512771423694, ""weekday_move_distance_residual"": 0.005498644235407912, ""weekday_outing_low_rate"": 0.0, ""weekend_count_est_ratio"": 0.8890605859346173, ""weekend_days"": 10, ""weekend_distance_down"": true, ""weekend_distance_est_ratio"": 0.8634277913069146, ""weekend_move_count"": 9.182804461613292, ""weekend_move_count_baseline_n"": 42, ""weekend_move_count_common_change"": -0.19413011648346323, ""weekend_move_count_log_change"": -0.20283472964565918, ""weekend_move_count_residual"": -0.008704613162195951, ""weekend_move_count_rz"": -1.2672570535072258, ""weekend_move_distance"": 393.3181242890145, ""weekend_move_distance_common_change"": -0.241550192659167, ""weekend_move_distance_log_change"": -0.25882598171639604, ""weekend_move_distance_residual"": -0.01727578905722904, ""weekend_outing_low_rate"": 0.0, ""행정동"": ""일원2동"", ""행정동코드"": 1123074}",,,,,,
2025-08-01,1123075,수서동,0,0,0,0,,2025H2,analysis1_2025H2,1,고령·2인가구·구조적 복지배경 특화형,"{""active_pop_pc1"": -0.8134711971606163, ""active_pop_pc2"": -2.8242885246674, ""activity_intensity"": 388.7399853335649, ""adm_cd"": ""1123075"", ""disability_ratio"": 0.1461925947714821, ""dong_name"": ""수서동"", ""foreigner_ratio"": 0.0058462753047252, ""household_structure_pc1"": 1.7566435204062496, ""household_structure_pc2"": 1.9635716923648447, ""livelihood_recipient_ratio"": 0.2036253998602787, ""resident_age_pc1"": 1.1167676530268302, ""resident_age_pc2"": 4.842647968610957, ""time_structure_pc1"": -1.7772419940785278, ""time_structure_pc2"": -1.4057586884483104, ""weekend_weekday_index"": 0.7209299951958243}","{""adm_cd"": 1123075, ""any_signal"": false, ""call_contacts"": 11.38467436980912, ""call_contacts_baseline_n"": 42, ""call_contacts_common_change"": -0.021624194195753565, ""call_contacts_log_change"": -0.019043652974780834, ""call_contacts_residual"": 0.002580541220972732, ""call_contacts_rz"": 0.30363988758884514, ""cluster"": 1, ""cluster_type"": ""고령·2인가구·구조적 복지배경 특화형"", ""combined_signal"": false, ""comm_low_rate"": 0.12626718859781189, ""comm_low_rate_change"": 0.00023768989233005633, ""comm_validation_support"": true, ""communication_signal"": false, ""date"": ""2025-08-01T00:00:00"", ""days_in_month"": 31, ""dong_name"": ""수서동"", ""interest_structural_issue"": false, ""mobility_distance_both_down"": true, ""mobility_distance_support"": true, ""mobility_signal"": false, ""rain_days"": 12.0, ""rainfall_mm"": 290.3, ""signal_status"": null, ""snow_days"": 0.0, ""text_contacts"": 4.397003438729419, ""text_contacts_baseline_n"": 42, ""text_contacts_common_change"": -0.01053650154799557, ""text_contacts_log_change"": -0.021667019679483257, ""text_contacts_residual"": -0.011130518131487688, ""text_contacts_rz"": -1.6677017536119665, ""weekday_count_est_ratio"": 0.9355704502404196, ""weekday_days"": 21, ""weekday_distance_down"": true, ""weekday_distance_est_ratio"": 0.9289290397785225, ""weekday_move_count"": 23.34120360016322, ""weekday_move_count_baseline_n"": 42, ""weekday_move_count_common_change"": 0.08413945857899763, ""weekday_move_count_log_change"": 0.09224623356799455, ""weekday_move_count_residual"": 0.008106774988996923, ""weekday_move_count_rz"": 0.492363079764516, ""weekday_move_distance"": 777.300744999404, ""weekday_move_distance_common_change"": 0.06015263290696149, ""weekday_move_distance_log_change"": 0.05536594532762518, ""weekday_move_distance_residual"": -0.004786687579336313, ""weekday_outing_low_rate"": 0.05710378400080297, ""weekend_count_est_ratio"": 0.8711897129535188, ""weekend_days"": 10, ""weekend_distance_down"": true, ""weekend_distance_est_ratio"": 0.8430737286900771, ""weekend_move_count"": 9.344638629530982, ""weekend_move_count_baseline_n"": 42, ""weekend_move_count_common_change"": -0.19413011648346323, ""weekend_move_count_log_change"": -0.19385990431362465, ""weekend_move_count_residual"": 0.00027021216983857954, ""weekend_move_count_rz"": -0.014917104126715808, ""weekend_move_distance"": 387.1252322971856, ""weekend_move_distance_common_change"": -0.241550192659167, ""weekend_move_distance_log_change"": -0.24544800720820614, ""weekend_move_distance_residual"": -0.003897814549039147, ""weekend_outing_low_rate"": 0.16016009234166415, ""행정동"": ""수서동"", ""행정동코드"": 1123075}",,,,,,
2025-08-01,1123076,세곡동,0,0,0,0,,2025H2,analysis1_2025H2,2,중간활동·다인가구 중심형,"{""active_pop_pc1"": -1.300581144869707, ""active_pop_pc2"": -0.3662412022376052, ""activity_intensity"": 85.2199295020683, ""adm_cd"": ""1123076"", ""disability_ratio"": 0.0430198411408385, ""dong_name"": ""세곡동"", ""foreigner_ratio"": 0.0042911192451539, ""household_structure_pc1"": 0.2166105982896993, ""household_structure_pc2"": 0.564024649477107, ""livelihood_recipient_ratio"": 0.0368215164223096, ""resident_age_pc1"": 0.5706225849375067, ""resident_age_pc2"": -0.18369216945119662, ""time_structure_pc1"": -2.1056561965235048, ""time_structure_pc2"": 0.08030329222693579, ""weekend_weekday_index"": 0.957165084093544}","{""adm_cd"": 1123076, ""any_signal"": false, ""call_contacts"": 13.150303961557803, ""call_contacts_baseline_n"": 42, ""call_contacts_common_change"": -0.021624194195753565, ""call_contacts_log_change"": -0.019302762430779552, ""call_contacts_residual"": 0.0023214317649740135, ""call_contacts_rz"": 0.6311472604612908, ""cluster"": 2, ""cluster_type"": ""중간활동·다인가구 중심형"", ""combined_signal"": false, ""comm_low_rate"": 0.09377526273241713, ""comm_low_rate_change"": -0.0005023754900743554, ""comm_validation_support"": false, ""communication_signal"": false, ""date"": ""2025-08-01T00:00:00"", ""days_in_month"": 31, ""dong_name"": ""세곡동"", ""interest_structural_issue"": false, ""mobility_distance_both_down"": false, ""mobility_distance_support"": true, ""mobility_signal"": false, ""rain_days"": 12.0, ""rainfall_mm"": 290.3, ""signal_status"": null, ""snow_days"": 0.0, ""text_contacts"": 5.212537576130078, ""text_contacts_baseline_n"": 42, ""text_contacts_common_change"": -0.01053650154799557, ""text_contacts_log_change"": -0.015576315793030204, ""text_contacts_residual"": -0.005039814245034635, ""text_contacts_rz"": -1.2573461752210857, ""weekday_count_est_ratio"": 0.9333167569983796, ""weekday_days"": 21, ""weekday_distance_down"": false, ""weekday_distance_est_ratio"": 0.9340850421858412, ""weekday_move_count"": 25.34013935943035, ""weekday_move_count_baseline_n"": 42, ""weekday_move_count_common_change"": 0.08413945857899763, ""weekday_move_count_log_change"": 0.082311237698514, ""weekday_move_count_residual"": -0.001828220880483622, ""weekday_move_count_rz"": -0.391319440612867, ""weekday_move_distance"": 945.1858147478184, ""weekday_move_distance_common_change"": 0.06015263290696149, ""weekday_move_distance_log_change"": 0.07469623466116371, ""weekday_move_distance_residual"": 0.014543601754202218, ""weekday_outing_low_rate"": 0.11138354349148673, ""weekend_count_est_ratio"": 0.8890286081466168, ""weekend_days"": 10, ""weekend_distance_down"": true, ""weekend_distance_est_ratio"": 0.88570766050176, ""weekend_move_count"": 9.838664372229307, ""weekend_move_count_baseline_n"": 42, ""weekend_move_count_common_change"": -0.19413011648346323, ""weekend_move_count_log_change"": -0.19672732124986725, ""weekend_move_count_residual"": -0.0025972047664040154, ""weekend_move_count_rz"": -0.74463048662871, ""weekend_move_distance"": 445.97845378768335, ""weekend_move_distance_common_change"": -0.241550192659167, ""weekend_move_distance_log_change"": -0.2433546483265836, ""weekend_move_distance_residual"": -0.0018044556674166046, ""weekend_outing_low_rate"": 0.08085407829050996, ""행정동"": ""세곡동"", ""행정동코드"": 1123076}",,,,,,
2025-08-01,1123077,압구정동,0,0,0,0,,2025H2,analysis1_2025H2,2,중간활동·다인가구 중심형,"{""active_pop_pc1"": 1.2077866973298568, ""active_pop_pc2"": -0.3452103362860996, ""activity_intensity"": 484.0394633074098, ""adm_cd"": ""1123077"", ""disability_ratio"": 0.0188161047157132, ""dong_name"": ""압구정동"", ""foreigner_ratio"": 0.0083757193030687, ""household_structure_pc1"": -0.9731322919495847, ""household_structure_pc2"": 0.8155237885933626, ""livelihood_recipient_ratio"": 0.0024153177895946, ""resident_age_pc1"": -0.9110099330730331, ""resident_age_pc2"": 1.0620666983264282, ""time_structure_pc1"": 1.2810120234245381, ""time_structure_pc2"": 0.6747482970387954, ""weekend_weekday_index"": 0.817443037464428}","{""adm_cd"": 1123077, ""any_signal"": false, ""call_contacts"": 14.04152993063287, ""call_contacts_baseline_n"": 42, ""call_contacts_common_change"": -0.021624194195753565, ""call_contacts_log_change"": -0.01839686637038529, ""call_contacts_residual"": 0.0032273278253682758, ""call_contacts_rz"": 0.7690681805094275, ""cluster"": 2, ""cluster_type"": ""중간활동·다인가구 중심형"", ""combined_signal"": false, ""comm_low_rate"": 0.09159096012902436, ""comm_low_rate_change"": 0.0004157916504961279, ""comm_validation_support"": true, ""communication_signal"": false, ""date"": ""2025-08-01T00:00:00"", ""days_in_month"": 31, ""dong_name"": ""압구정동"", ""interest_structural_issue"": false, ""mobility_distance_both_down"": false, ""mobility_distance_support"": true, ""mobility_signal"": false, ""rain_days"": 12.0, ""rainfall_mm"": 290.3, ""signal_status"": null, ""snow_days"": 0.0, ""text_contacts"": 5.725673974479747, ""text_contacts_baseline_n"": 42, ""text_contacts_common_change"": -0.01053650154799557, ""text_contacts_log_change"": -0.01379486243051753, ""text_contacts_residual"": -0.00325836088252196, ""text_contacts_rz"": -0.7239757737595396, ""weekday_count_est_ratio"": 0.9086109445919329, ""weekday_days"": 21, ""weekday_distance_down"": true, ""weekday_distance_est_ratio"": 0.8998488481630555, ""weekday_move_count"": 23.31044416744817, ""weekday_move_count_baseline_n"": 42, ""weekday_move_count_common_change"": 0.08413945857899763, ""weekday_move_count_log_change"": 0.08685977304672932, ""weekday_move_count_residual"": 0.002720314467731688, ""weekday_move_count_rz"": 0.5305573038214813, ""weekday_move_distance"": 783.4319593939016, ""weekday_move_distance_common_change"": 0.06015263290696149, ""weekday_move_distance_log_change"": 0.053203878782308145, ""weekday_move_distance_residual"": -0.006948754124653345, ""weekday_outing_low_rate"": 0.047396035359206265, ""weekend_count_est_ratio"": 0.849329022865462, ""weekend_days"": 10, ""weekend_distance_down"": false, ""weekend_distance_est_ratio"": 0.8255849105078359, ""weekend_move_count"": 9.356779896174636, ""weekend_move_count_baseline_n"": 42, ""weekend_move_count_common_change"": -0.19413011648346323, ""weekend_move_count_log_change"": -0.18360705517644815, ""weekend_move_count_residual"": 0.01052306130701508, ""weekend_move_count_rz"": 1.7909278450807369, ""weekend_move_distance"": 379.38130484821363, ""weekend_move_distance_common_change"": -0.241550192659167, ""weekend_move_distance_log_change"": -0.2254386237414261, ""weekend_move_distance_residual"": 0.016111568917740904, ""weekend_outing_low_rate"": 0.10924606496131313, ""행정동"": ""압구정동"", ""행정동코드"": 1123077}",,,,,,
2025-08-01,1123078,청담동,0,0,0,0,,2025H2,analysis1_2025H2,2,중간활동·다인가구 중심형,"{""active_pop_pc1"": 1.08932858438996, ""active_pop_pc2"": -0.37987023289476274, ""activity_intensity"": 500.49645992710174, ""adm_cd"": ""1123078"", ""disability_ratio"": 0.0210980676913146, ""dong_name"": ""청담동"", ""foreigner_ratio"": 0.0102213740078225, ""household_structure_pc1"": 0.20165807093519106, ""household_structure_pc2"": 0.14844437883248288, ""livelihood_recipient_ratio"": 0.0053249425148251, ""resident_age_pc1"": -0.11850047016917795, ""resident_age_pc2"": 0.04683770938438659, ""time_structure_pc1"": 0.27464850893850323, ""time_structure_pc2"": -0.20337359436936112, ""weekend_weekday_index"": 0.7614574322902131}","{""adm_cd"": 1123078, ""any_signal"": false, ""call_contacts"": 14.689053346653349, ""call_contacts_baseline_n"": 42, ""call_contacts_common_change"": -0.021624194195753565, ""call_contacts_log_change"": -0.025798768630430402, ""call_contacts_residual"": -0.0041745744346768365, ""call_contacts_rz"": -0.8976840585747796, ""cluster"": 2, ""cluster_type"": ""중간활동·다인가구 중심형"", ""combined_signal"": false, ""comm_low_rate"": 0.10704816905105657, ""comm_low_rate_change"": -0.00021509522646891155, ""comm_validation_support"": false, ""communication_signal"": false, ""date"": ""2025-08-01T00:00:00"", ""days_in_month"": 31, ""dong_name"": ""청담동"", ""interest_structural_issue"": false, ""mobility_distance_both_down"": false, ""mobility_distance_support"": true, ""mobility_signal"": false, ""rain_days"": 12.0, ""rainfall_mm"": 290.3, ""signal_status"": null, ""snow_days"": 0.0, ""text_contacts"": 5.775247552447553, ""text_contacts_baseline_n"": 42, ""text_contacts_common_change"": -0.01053650154799557, ""text_contacts_log_change"": -0.01616772380664644, ""text_contacts_residual"": -0.00563122225865087, ""text_contacts_rz"": -1.3478675363775356, ""weekday_count_est_ratio"": 0.9225678321678322, ""weekday_days"": 21, ""weekday_distance_down"": true, ""weekday_distance_est_ratio"": 0.9150209790209791, ""weekday_move_count"": 23.580873200197853, ""weekday_move_count_baseline_n"": 42, ""weekday_move_count_common_change"": 0.08413945857899763, ""weekday_move_count_log_change"": 0.08906346246370944, ""weekday_move_count_residual"": 0.004924003884711814, ""weekday_move_count_rz"": 0.7070636289584485, ""weekday_move_distance"": 805.0927663242848, ""weekday_move_distance_common_change"": 0.06015263290696149, ""weekday_move_distance_log_change"": 0.05960039867987721, ""weekday_move_distance_residual"": -0.0005522342270842806, ""weekday_outing_low_rate"": 0.06303714398214988, ""weekend_count_est_ratio"": 0.8731388611388613, ""weekend_days"": 10, ""weekend_distance_down"": false, ""weekend_distance_est_ratio"": 0.8529526473526473, ""weekend_move_count"": 9.714340796236206, ""weekend_move_count_baseline_n"": 42, ""weekend_move_count_common_change"": -0.19413011648346323, ""weekend_move_count_log_change"": -0.18862441178284017, ""weekend_move_count_residual"": 0.00550570470062306, ""weekend_move_count_rz"": 1.053318601920791, ""weekend_move_distance"": 408.02247150405196, ""weekend_move_distance_common_change"": -0.241550192659167, ""weekend_move_distance_log_change"": -0.2283246017114431, ""weekend_move_distance_residual"": 0.013225590947723909, ""weekend_outing_low_rate"": 0.0875495471846699, ""행정동"": ""청담동"", ""행정동코드"": 1123078}",,,,,,
2025-08-01,1123079,대치2동,0,0,0,0,,2025H2,analysis1_2025H2,2,중간활동·다인가구 중심형,"{""active_pop_pc1"": 0.41805709040126066, ""active_pop_pc2"": 1.138411822869498, ""activity_intensity"": 578.4774766235814, ""adm_cd"": ""1123079"", ""disability_ratio"": 0.0153748592579171, ""dong_name"": ""대치2동"", ""foreigner_ratio"": 0.005189255839585, ""household_structure_pc1"": -1.9059388158921826, ""household_structure_pc2"": -0.7450016269652203, ""livelihood_recipient_ratio"": 0.0018377357025456, ""resident_age_pc1"": -2.2332334995637253, ""resident_age_pc2"": -0.5540955233637973, ""time_structure_pc1"": 1.5044647512860543, ""time_structure_pc2"": 0.09516604937317098, ""weekend_weekday_index"": 0.7661221887462503}","{""adm_cd"": 1123079, ""any_signal"": false, ""call_contacts"": 13.577538101186759, ""call_contacts_baseline_n"": 42, ""call_contacts_common_change"": -0.021624194195753565, ""call_contacts_log_change"": -0.02314315030532521, ""call_contacts_residual"": -0.0015189561095716453, ""call_contacts_rz"": -0.20738111102545373, ""cluster"": 2, ""cluster_type"": ""중간활동·다인가구 중심형"", ""combined_signal"": false, ""comm_low_rate"": 0.09151651997603796, ""comm_low_rate_change"": 0.006276575179937183, ""comm_validation_support"": true, ""communication_signal"": false, ""date"": ""2025-08-01T00:00:00"", ""days_in_month"": 31, ""dong_name"": ""대치2동"", ""interest_structural_issue"": false, ""mobility_distance_both_down"": false, ""mobility_distance_support"": true, ""mobility_signal"": false, ""rain_days"": 12.0, ""rainfall_mm"": 290.3, ""signal_status"": null, ""snow_days"": 0.0, ""text_contacts"": 5.61970986883198, ""text_contacts_baseline_n"": 42, ""text_contacts_common_change"": -0.01053650154799557, ""text_contacts_log_change"": -0.012456503262661123, ""text_contacts_residual"": -0.0019200017146655535, ""text_contacts_rz"": -0.37739108674515087, ""weekday_count_est_ratio"": 0.9324693941286696, ""weekday_days"": 21, ""weekday_distance_down"": false, ""weekday_distance_est_ratio"": 0.9242970018738288, ""weekday_move_count"": 23.525768839296568, ""weekday_move_count_baseline_n"": 42, ""weekday_move_count_common_change"": 0.08413945857899763, ""weekday_move_count_log_change"": 0.07212277170471282, ""weekday_move_count_residual"": -0.01201668687428481, ""weekday_move_count_rz"": -1.3086579618003646, ""weekday_move_distance"": 869.8652911188307, ""weekday_move_distance_common_change"": 0.06015263290696149, ""weekday_move_distance_log_change"": 0.06070486713404577, ""weekday_move_distance_residual"": 0.0005522342270842806, ""weekday_outing_low_rate"": 0.056161006405234776, ""weekend_count_est_ratio"": 0.8837767020612117, ""weekend_days"": 10, ""weekend_distance_down"": true, ""weekend_distance_est_ratio"": 0.8600861961274203, ""weekend_move_count"": 8.9203613579928, ""weekend_move_count_baseline_n"": 42, ""weekend_move_count_common_change"": -0.19413011648346323, ""weekend_move_count_log_change"": -0.21286632818440054, ""weekend_move_count_residual"": -0.01873621170093731, ""weekend_move_count_rz"": -2.373809475089513, ""weekend_move_distance"": 398.33698239939343, ""weekend_move_distance_common_change"": -0.241550192659167, ""weekend_move_distance_log_change"": -0.24566818396454604, ""weekend_move_distance_residual"": -0.004117991305379043, ""weekend_outing_low_rate"": 0.08186258697755863, ""행정동"": ""대치2동"", ""행정동코드"": 1123079}",,,,,,
2025-08-01,1123080,개포2동,0,0,0,0,,2025H2,analysis1_2025H2,2,중간활동·다인가구 중심형,"{""active_pop_pc1"": -2.366336608612611, ""active_pop_pc2"": 0.251495985319658, ""activity_intensity"": 356.1191324921136, ""adm_cd"": ""1123080"", ""disability_ratio"": 0.0180231387734318, ""dong_name"": ""개포2동"", ""foreigner_ratio"": 0.0038959992008093, ""household_structure_pc1"": -1.9959007411916614, ""household_structure_pc2"": 0.4819812636085993, ""livelihood_recipient_ratio"": 0.0026525513043684, ""resident_age_pc1"": -0.8478421208714008, ""resident_age_pc2"": -0.5209638347474519, ""time_structure_pc1"": -1.6818571562464748, ""time_structure_pc2"": 1.0742607469722483, ""weekend_weekday_index"": 1.1020346819350626}","{""adm_cd"": 1123080, ""any_signal"": false, ""call_contacts"": 12.9461244238312, ""call_contacts_baseline_n"": 42, ""call_contacts_common_change"": -0.021624194195753565, ""call_contacts_log_change"": -0.023851445358944456, ""call_contacts_residual"": -0.002227251163190891, ""call_contacts_rz"": -0.07431194869578465, ""cluster"": 2, ""cluster_type"": ""중간활동·다인가구 중심형"", ""combined_signal"": false, ""comm_low_rate"": 0.08031478913163938, ""comm_low_rate_change"": 0.002185261225246704, ""comm_validation_support"": true, ""communication_signal"": false, ""date"": ""2025-08-01T00:00:00"", ""days_in_month"": 31, ""dong_name"": ""개포2동"", ""interest_structural_issue"": false, ""mobility_distance_both_down"": false, ""mobility_distance_support"": true, ""mobility_signal"": false, ""rain_days"": 12.0, ""rainfall_mm"": 290.3, ""signal_status"": null, ""snow_days"": 0.0, ""text_contacts"": 5.424803744739329, ""text_contacts_baseline_n"": 42, ""text_contacts_common_change"": -0.01053650154799557, ""text_contacts_log_change"": -0.009958324199299984, ""text_contacts_residual"": 0.0005781773486955855, ""text_contacts_rz"": 0.3123967404610374, ""weekday_count_est_ratio"": 0.951101090784162, ""weekday_days"": 21, ""weekday_distance_down"": false, ""weekday_distance_est_ratio"": 0.9487391565747658, ""weekday_move_count"": 25.233331488115507, ""weekday_move_count_baseline_n"": 42, ""weekday_move_count_common_change"": 0.08413945857899763, ""weekday_move_count_log_change"": 0.08140115957348382, ""weekday_move_count_residual"": -0.0027382990055138112, ""weekday_move_count_rz"": -0.3664148420694943, ""weekday_move_distance"": 887.1222769792608, ""weekday_move_distance_common_change"": 0.06015263290696149, ""weekday_move_distance_log_change"": 0.0670951764767338, ""weekday_move_distance_residual"": 0.006942543569772308, ""weekday_outing_low_rate"": 0.033333440099420575, ""weekend_count_est_ratio"": 0.913888745741361, ""weekend_days"": 10, ""weekend_distance_down"": true, ""weekend_distance_est_ratio"": 0.89372097683873, ""weekend_move_count"": 9.614038316831246, ""weekend_move_count_baseline_n"": 42, ""weekend_move_count_common_change"": -0.19413011648346323, ""weekend_move_count_log_change"": -0.1988225675625448, ""weekend_move_count_residual"": -0.004692451079081561, ""weekend_move_count_rz"": -0.47690530695982625, ""weekend_move_distance"": 410.5822953232204, ""weekend_move_distance_common_change"": -0.241550192659167, ""weekend_move_distance_log_change"": -0.2614792325889681, ""weekend_move_distance_residual"": -0.019929039929801107, ""weekend_outing_low_rate"": 0.0824319606417496, ""행정동"": ""개포2동"", ""행정동코드"": 1123080}",,,,,,
2025-09-01,1123051,신사동,0,0,0,0,,2025H2,analysis1_2025H2,2,중간활동·다인가구 중심형,"{""active_pop_pc1"": 1.0088791940287667, ""active_pop_pc2"": -0.5688564516594959, ""activity_intensity"": 607.2698402650532, ""adm_cd"": ""1123051"", ""disability_ratio"": 0.0232542948592331, ""dong_name"": ""신사동"", ""foreigner_ratio"": 0.0138153065986681, ""household_structure_pc1"": 0.0605229569429563, ""household_structure_pc2"": 0.4495198306068907, ""livelihood_recipient_ratio"": 0.0077732053040695, ""resident_age_pc1"": -0.16136111396294658, ""resident_age_pc2"": 1.0441849821551388, ""time_structure_pc1"": 0.81897433245156, ""time_structure_pc2"": 1.2570230042645771, ""weekend_weekday_index"": 0.8509529756754773}","{""adm_cd"": 1123051, ""any_signal"": false, ""call_contacts"": 13.784785203692136, ""call_contacts_baseline_n"": 43, ""call_contacts_common_change"": 0.014787035146425431, ""call_contacts_log_change"": 0.020470911065813446, ""call_contacts_residual"": 0.005683875919388015, ""call_contacts_rz"": 0.7935890439991998, ""cluster"": 2, ""cluster_type"": ""중간활동·다인가구 중심형"", ""combined_signal"": false, ""comm_low_rate"": 0.10999827460130966, ""comm_low_rate_change"": 0.0033497954723333973, ""comm_validation_support"": true, ""communication_signal"": false, ""date"": ""2025-09-01T00:00:00"", ""days_in_month"": 30, ""dong_name"": ""신사동"", ""interest_structural_issue"": false, ""mobility_distance_both_down"": false, ""mobility_distance_support"": true, ""mobility_signal"": false, ""rain_days"": 13.0, ""rainfall_mm"": 370.7, ""signal_status"": null, ""snow_days"": 0.0, ""text_contacts"": 5.6727420362273575, ""text_contacts_baseline_n"": 43, ""text_contacts_common_change"": 0.012905320781007368, ""text_contacts_log_change"": 0.014069811405995836, ""text_contacts_residual"": 0.001164490624988468, ""text_contacts_rz"": 0.08289853405901475, ""weekday_count_est_ratio"": 0.9336220417794435, ""weekday_days"": 22, ""weekday_distance_down"": false, ""weekday_distance_est_ratio"": 0.9288534943438128, ""weekday_move_count"": 33.63083049620295, ""weekday_move_count_baseline_n"": 43, ""weekday_move_count_common_change"": 0.42871344146016654, ""weekday_move_count_log_change"": 0.4148033208561799, ""weekday_move_count_residual"": -0.013910120603986664, ""weekday_move_count_rz"": -1.138076654562598, ""weekday_move_distance"": 1127.1091553850351, ""weekday_move_distance_common_change"": 0.4280342963074215, ""weekday_move_distance_log_change"": 0.4287401725687996, ""weekday_move_distance_residual"": 0.00070587626137808, ""weekday_outing_low_rate"": 0.08165654706641141, ""weekend_count_est_ratio"": 0.8827718786869319, ""weekend_days"": 8, ""weekend_distance_down"": true, ""weekend_distance_est_ratio"": 0.8670150600319245, ""weekend_move_count"": 12.961381052936117, ""weekend_move_count_baseline_n"": 43, ""weekend_move_count_common_change"": 0.35432380393667917, ""weekend_move_count_log_change"": 0.3372380500046206, ""weekend_move_count_residual"": -0.01708575393205858, ""weekend_move_count_rz"": -1.8579872855938764, ""weekend_move_distance"": 532.0510098360498, ""weekend_move_distance_common_change"": 0.35100897528049924, ""weekend_move_distance_log_change"": 0.34270620556350107, ""weekend_move_distance_residual"": -0.00830276971699817, ""weekend_outing_low_rate"": 0.09768221442597631, ""행정동"": ""신사동"", ""행정동코드"": 1123051}",,,,,,
2025-09-01,1123052,논현1동,0,0,0,0,,2025H2,analysis1_2025H2,0,고활동·청년유동·1인가구 중심형,"{""active_pop_pc1"": 3.453788748468105, ""active_pop_pc2"": -0.47931987392245334, ""activity_intensity"": 696.1982087542087, ""adm_cd"": ""1123052"", ""disability_ratio"": 0.0253999210605744, ""dong_name"": ""논현1동"", ""foreigner_ratio"": 0.0392614362737223, ""household_structure_pc1"": 3.1168283256548026, ""household_structure_pc2"": -0.895896843173252, ""livelihood_recipient_ratio"": 0.0298112419029045, ""resident_age_pc1"": 3.7507521888889657, ""resident_age_pc2"": -1.2422024657975301, ""time_structure_pc1"": 0.27596478825796733, ""time_structure_pc2"": 0.7750585861084357, ""weekend_weekday_index"": 0.6598316944339361}","{""adm_cd"": 1123052, ""any_signal"": false, ""call_contacts"": 14.089475244971636, ""call_contacts_baseline_n"": 43, ""call_contacts_common_change"": 0.014787035146425431, ""call_contacts_log_change"": 0.012783599410697732, ""call_contacts_residual"": -0.002003435735727699, ""call_contacts_rz"": -0.2180228534162178, ""cluster"": 0, ""cluster_type"": ""고활동·청년유동·1인가구 중심형"", ""combined_signal"": false, ""comm_low_rate"": 0.11294457097148394, ""comm_low_rate_change"": -0.0017036502779062546, ""comm_validation_support"": false, ""communication_signal"": false, ""date"": ""2025-09-01T00:00:00"", ""days_in_month"": 30, ""dong_name"": ""논현1동"", ""interest_structural_issue"": false, ""mobility_distance_both_down"": false, ""mobility_distance_support"": false, ""mobility_signal"": false, ""rain_days"": 13.0, ""rainfall_mm"": 370.7, ""signal_status"": null, ""snow_days"": 0.0, ""text_contacts"": 5.779316228296373, ""text_contacts_baseline_n"": 43, ""text_contacts_common_change"": 0.012905320781007368, ""text_contacts_log_change"": 0.0038097776305550113, ""text_contacts_residual"": -0.009095543150452357, ""text_contacts_rz"": -1.1561218978868077, ""weekday_count_est_ratio"": 0.9297365480488224, ""weekday_days"": 22, ""weekday_distance_down"": false, ""weekday_distance_est_ratio"": 0.924192453154547, ""weekday_move_count"": 30.796644088621562, ""weekday_move_count_baseline_n"": 43, ""weekday_move_count_common_change"": 0.42871344146016654, ""weekday_move_count_log_change"": 0.42916778397166766, ""weekday_move_count_residual"": 0.0004543425115011157, ""weekday_move_count_rz"": 0.00124814390543659, ""weekday_move_distance"": 1037.3089657139963, ""weekday_move_distance_common_change"": 0.4280342963074215, ""weekday_move_distance_log_change"": 0.43586387035111773, ""weekday_move_distance_residual"": 0.007829574043696219, ""weekday_outing_low_rate"": 0.11647702161047882, ""weekend_count_est_ratio"": 0.8776908200103146, ""weekend_days"": 8, ""weekend_distance_down"": false, ""weekend_distance_est_ratio"": 0.8620169331270415, ""weekend_move_count"": 12.148991171823088, ""weekend_move_count_baseline_n"": 43, ""weekend_move_count_common_change"": 0.35432380393667917, ""weekend_move_count_log_change"": 0.3540722975504833, ""weekend_move_count_residual"": -0.0002515063861958655, ""weekend_move_count_rz"": 0.05534851702643178, ""weekend_move_distance"": 550.3259808170645, ""weekend_move_distance_common_change"": 0.35100897528049924, ""weekend_move_distance_log_change"": 0.35137130441735565, ""weekend_move_distance_residual"": 0.00036232913685640966, ""weekend_outing_low_rate"": 0.08042900123422973, ""행정동"": ""논현1동"", ""행정동코드"": 1123052}",,,,,,
2025-09-01,1123053,논현2동,0,0,0,0,,2025H2,analysis1_2025H2,0,고활동·청년유동·1인가구 중심형,"{""active_pop_pc1"": 2.9000233961088235, ""active_pop_pc2"": -0.10206052622030919, ""activity_intensity"": 698.9132497116494, ""adm_cd"": ""1123053"", ""disability_ratio"": 0.0220396420996172, ""dong_name"": ""논현2동"", ""foreigner_ratio"": 0.0192359417126495, ""household_structure_pc1"": 1.9479285504751769, ""household_structure_pc2"": -0.4486960353567812, ""livelihood_recipient_ratio"": 0.0158958480629982, ""resident_age_pc1"": 1.8362400462184008, ""resident_age_pc2"": -0.5567102677104767, ""time_structure_pc1"": 1.232090568789294, ""time_structure_pc2"": -0.6568326529068874, ""weekend_weekday_index"": 0.6058801393255854}","{""adm_cd"": 1123053, ""any_signal"": false, ""call_contacts"": 14.77479493716177, ""call_contacts_baseline_n"": 43, ""call_contacts_common_change"": 0.014787035146425431, ""call_contacts_log_change"": 0.01646427494715219, ""call_contacts_residual"": 0.0016772398007267597, ""call_contacts_rz"": 0.08739872371351237, ""cluster"": 0, ""cluster_type"": ""고활동·청년유동·1인가구 중심형"", ""combined_signal"": false, ""comm_low_rate"": 0.12089537018152151, ""comm_low_rate_change"": 4.803576707593238e-05, ""comm_validation_support"": true, ""communication_signal"": false, ""date"": ""2025-09-01T00:00:00"", ""days_in_month"": 30, ""dong_name"": ""논현2동"", ""interest_structural_issue"": false, ""mobility_distance_both_down"": false, ""mobility_distance_support"": true, ""mobility_signal"": false, ""rain_days"": 13.0, ""rainfall_mm"": 370.7, ""signal_status"": null, ""snow_days"": 0.0, ""text_contacts"": 5.916619705711347, ""text_contacts_baseline_n"": 43, ""text_contacts_common_change"": 0.012905320781007368, ""text_contacts_log_change"": 0.0068628383868940546, ""text_contacts_residual"": -0.006042482394113313, ""text_contacts_rz"": -1.4131652768831944, ""weekday_count_est_ratio"": 0.9265298090254483, ""weekday_days"": 22, ""weekday_distance_down"": true, ""weekday_distance_est_ratio"": 0.9231387808041505, ""weekday_move_count"": 32.244736796374646, ""weekday_move_count_baseline_n"": 43, ""weekday_move_count_common_change"": 0.42871344146016654, ""weekday_move_count_log_change"": 0.425149157713379, ""weekday_move_count_residual"": -0.003564283746787522, ""weekday_move_count_rz"": -0.4609261534615326, ""weekday_move_distance"": 1075.3628375045905, ""weekday_move_distance_common_change"": 0.4280342963074215, ""weekday_move_distance_log_change"": 0.4276216011036098, ""weekday_move_distance_residual"": -0.0004126952038117082, ""weekday_outing_low_rate"": 0.0942263240193079, ""weekend_count_est_ratio"": 0.8822876693948746, ""weekend_days"": 8, ""weekend_distance_down"": false, ""weekend_distance_est_ratio"": 0.8696972136499842, ""weekend_move_count"": 12.733596773367763, ""weekend_move_count_baseline_n"": 43, ""weekend_move_count_common_change"": 0.35432380393667917, ""weekend_move_count_log_change"": 0.35136602885493007, ""weekend_move_count_residual"": -0.0029577750817491033, ""weekend_move_count_rz"": -0.4612253302472445, ""weekend_move_distance"": 557.7461663793689, ""weekend_move_distance_common_change"": 0.35100897528049924, ""weekend_move_distance_log_change"": 0.35557307317002174, ""weekend_move_distance_residual"": 0.0045640978895225, ""weekend_outing_low_rate"": 0.0723893534570671, ""행정동"": ""논현2동"", ""행정동코드"": 1123053}",,,,,,
2025-09-01,1123058,삼성1동,0,0,0,0,,2025H2,analysis1_2025H2,0,고활동·청년유동·1인가구 중심형,"{""active_pop_pc1"": 2.5679862614364954, ""active_pop_pc2"": 0.4639211601272395, ""activity_intensity"": 809.7405360670981, ""adm_cd"": ""1123058"", ""disability_ratio"": 0.0217082805967859, ""dong_name"": ""삼성1동"", ""foreigner_ratio"": 0.0244693448059286, ""household_structure_pc1"": -0.02445449279740706, ""household_structure_pc2"": 0.9379226306994808, ""livelihood_recipient_ratio"": 0.0068269857707206, ""resident_age_pc1"": 0.02031325458294293, ""resident_age_pc2"": 1.0968941609975316, ""time_structure_pc1"": 3.8344529860505894, ""time_structure_pc2"": -1.3973448705491038, ""weekend_weekday_index"": 0.7580710672406373}","{""adm_cd"": 1123058, ""any_signal"": false, ""call_contacts"": 14.40100139822891, ""call_contacts_baseline_n"": 43, ""call_contacts_common_change"": 0.014787035146425431, ""call_contacts_log_change"": 0.017587016936281064, ""call_contacts_residual"": 0.0027999817898556323, ""call_contacts_rz"": 0.2649576980108117, ""cluster"": 0, ""cluster_type"": ""고활동·청년유동·1인가구 중심형"", ""combined_signal"": false, ""comm_low_rate"": 0.11767049604887442, ""comm_low_rate_change"": 0.0006331535466314181, ""comm_validation_support"": true, ""communication_signal"": false, ""date"": ""2025-09-01T00:00:00"", ""days_in_month"": 30, ""dong_name"": ""삼성1동"", ""interest_structural_issue"": false, ""mobility_distance_both_down"": false, ""mobility_distance_support"": true, ""mobility_signal"": false, ""rain_days"": 13.0, ""rainfall_mm"": 370.7, ""signal_status"": null, ""snow_days"": 0.0, ""text_contacts"": 5.6741906917903995, ""text_contacts_baseline_n"": 43, ""text_contacts_common_change"": 0.012905320781007368, ""text_contacts_log_change"": 0.015687484177917543, ""text_contacts_residual"": 0.0027821633969101756, ""text_contacts_rz"": 0.4875305651738061, ""weekday_count_est_ratio"": 0.9392356348625076, ""weekday_days"": 22, ""weekday_distance_down"": false, ""weekday_distance_est_ratio"": 0.9408642386310673, ""weekday_move_count"": 36.10912645200257, ""weekday_move_count_baseline_n"": 43, ""weekday_move_count_common_change"": 0.42871344146016654, ""weekday_move_count_log_change"": 0.4277361251675109, ""weekday_move_count_residual"": -0.0009773162926556278, ""weekday_move_count_rz"": -0.17316386179657947, ""weekday_move_distance"": 1244.2638355115478, ""weekday_move_distance_common_change"": 0.4280342963074215, ""weekday_move_distance_log_change"": 0.433499659491007, ""weekday_move_distance_residual"": 0.005465363183585481, ""weekday_outing_low_rate"": 0.08133010160037188, ""weekend_count_est_ratio"": 0.8913642719222318, ""weekend_days"": 8, ""weekend_distance_down"": true, ""weekend_distance_est_ratio"": 0.8838198282175911, ""weekend_move_count"": 13.827717084721453, ""weekend_move_count_baseline_n"": 43, ""weekend_move_count_common_change"": 0.35432380393667917, ""weekend_move_count_log_change"": 0.3549318302096873, ""weekend_move_count_residual"": 0.0006080262730081554, ""weekend_move_count_rz"": 0.1379369439559824, ""weekend_move_distance"": 577.963739201708, ""weekend_move_distance_common_change"": 0.35100897528049924, ""weekend_move_distance_log_change"": 0.3447128646521289, ""weekend_move_distance_residual"": -0.006296110628370322, ""weekend_outing_low_rate"": 0.09879474068663259, ""행정동"": ""삼성1동"", ""행정동코드"": 1123058}",,,,,,
2025-09-01,1123059,삼성2동,0,0,0,0,,2025H2,analysis1_2025H2,0,고활동·청년유동·1인가구 중심형,"{""active_pop_pc1"": 1.9648971764163092, ""active_pop_pc2"": 0.42604555301592795, ""activity_intensity"": 705.2855931080185, ""adm_cd"": ""1123059"", ""disability_ratio"": 0.019152830435351, ""dong_name"": ""삼성2동"", ""foreigner_ratio"": 0.010409578322043, ""household_structure_pc1"": 0.5495489596363184, ""household_structure_pc2"": -0.6664725705103184, ""livelihood_recipient_ratio"": 0.0110798797228395, ""resident_age_pc1"": -0.15441807500714294, ""resident_age_pc2"": -0.9841985998764194, ""time_structure_pc1"": 1.0924956073545355, ""time_structure_pc2"": -0.7233181092951388, ""weekend_weekday_index"": 0.5882834439387897}","{""adm_cd"": 1123059, ""any_signal"": false, ""call_contacts"": 14.384757499719113, ""call_contacts_baseline_n"": 43, ""call_contacts_common_change"": 0.014787035146425431, ""call_contacts_log_change"": 0.017988107665710462, ""call_contacts_residual"": 0.003201072519285031, ""call_contacts_rz"": 0.6926715185697855, ""cluster"": 0, ""cluster_type"": ""고활동·청년유동·1인가구 중심형"", ""combined_signal"": false, ""comm_low_rate"": 0.10266474650744763, ""comm_low_rate_change"": -0.0004350693367126124, ""comm_validation_support"": false, ""communication_signal"": false, ""date"": ""2025-09-01T00:00:00"", ""days_in_month"": 30, ""dong_name"": ""삼성2동"", ""interest_structural_issue"": false, ""mobility_distance_both_down"": false, ""mobility_distance_support"": false, ""mobility_signal"": false, ""rain_days"": 13.0, ""rainfall_mm"": 370.7, ""signal_status"": null, ""snow_days"": 0.0, ""text_contacts"": 5.875471330661774, ""text_contacts_baseline_n"": 43, ""text_contacts_common_change"": 0.012905320781007368, ""text_contacts_log_change"": 0.012014841090598471, ""text_contacts_residual"": -0.0008904796904088963, ""text_contacts_rz"": -0.31689586616876825, ""weekday_count_est_ratio"": 0.9423515973184525, ""weekday_days"": 22, ""weekday_distance_down"": false, ""weekday_distance_est_ratio"": 0.9416093030223586, ""weekday_move_count"": 33.50856384676253, ""weekday_move_count_baseline_n"": 43, ""weekday_move_count_common_change"": 0.42871344146016654, ""weekday_move_count_log_change"": 0.42849806243868116, ""weekday_move_count_residual"": -0.00021537902148538457, ""weekday_move_count_rz"": -0.018575886056728223, ""weekday_move_distance"": 1180.880003603545, ""weekday_move_distance_common_change"": 0.4280342963074215, ""weekday_move_distance_log_change"": 0.4374739524987099, ""weekday_move_distance_residual"": 0.009439656191288393, ""weekday_outing_low_rate"": 0.08746044927520996, ""weekend_count_est_ratio"": 0.8998767836410622, ""weekend_days"": 8, ""weekend_distance_down"": false, ""weekend_distance_est_ratio"": 0.8895824126437212, ""weekend_move_count"": 12.603594023708556, ""weekend_move_count_baseline_n"": 43, ""weekend_move_count_common_change"": 0.35432380393667917, ""weekend_move_count_log_change"": 0.3545355012916671, ""weekend_move_count_residual"": 0.00021169735498793862, ""weekend_move_count_rz"": 0.1669474378831732, ""weekend_move_distance"": 574.9021127330993, ""weekend_move_distance_common_change"": 0.35100897528049924, ""weekend_move_distance_log_change"": 0.35953266558910535, ""weekend_move_distance_residual"": 0.008523690308606113, ""weekend_outing_low_rate"": 0.07057005602800348, ""행정동"": ""삼성2동"", ""행정동코드"": 1123059}",,,,,,
2025-09-01,1123060,대치1동,0,0,0,0,,2025H2,analysis1_2025H2,2,중간활동·다인가구 중심형,"{""active_pop_pc1"": -2.767175777556055, ""active_pop_pc2"": 2.4046862147640096, ""activity_intensity"": 708.2130124223603, ""adm_cd"": ""1123060"", ""disability_ratio"": 0.0127188011585442, ""dong_name"": ""대치1동"", ""foreigner_ratio"": 0.001741873802276, ""household_structure_pc1"": -3.0450878987906966, ""household_structure_pc2"": -2.080405480267149, ""livelihood_recipient_ratio"": 0.0003358099315787, ""resident_age_pc1"": -3.312423927946103, ""resident_age_pc2"": -1.549734571498052, ""time_structure_pc1"": 0.2509544794067247, ""time_structure_pc2"": 2.2451794365989626, ""weekend_weekday_index"": 1.0087785504961273}","{""adm_cd"": 1123060, ""any_signal"": false, ""call_contacts"": 14.286572321264474, ""call_contacts_baseline_n"": 43, ""call_contacts_common_change"": 0.014787035146425431, ""call_contacts_log_change"": 0.011692248850070808, ""call_contacts_residual"": -0.0030947862963546235, ""call_contacts_rz"": -0.7019076987714079, ""cluster"": 2, ""cluster_type"": ""중간활동·다인가구 중심형"", ""combined_signal"": false, ""comm_low_rate"": 0.08221840197324165, ""comm_low_rate_change"": -0.0037464129443453426, ""comm_validation_support"": false, ""communication_signal"": false, ""date"": ""2025-09-01T00:00:00"", ""days_in_month"": 30, ""dong_name"": ""대치1동"", ""interest_structural_issue"": false, ""mobility_distance_both_down"": true, ""mobility_distance_support"": true, ""mobility_signal"": false, ""rain_days"": 13.0, ""rainfall_mm"": 370.7, ""signal_status"": null, ""snow_days"": 0.0, ""text_contacts"": 6.184167126141027, ""text_contacts_baseline_n"": 43, ""text_contacts_common_change"": 0.012905320781007368, ""text_contacts_log_change"": 0.01580586570829623, ""text_contacts_residual"": 0.0029005449272888617, ""text_contacts_rz"": 0.7212630351253454, ""weekday_count_est_ratio"": 0.9534987441034124, ""weekday_days"": 22, ""weekday_distance_down"": true, ""weekday_distance_est_ratio"": 0.9513330882803407, ""weekday_move_count"": 37.080573755008366, ""weekday_move_count_baseline_n"": 43, ""weekday_move_count_common_change"": 0.42871344146016654, ""weekday_move_count_log_change"": 0.42335714865514174, ""weekday_move_count_residual"": -0.005356292805024809, ""weekday_move_count_rz"": -0.4539525675615147, ""weekday_move_distance"": 1360.064026664331, ""weekday_move_distance_common_change"": 0.4280342963074215, ""weekday_move_distance_log_change"": 0.41206409486812046, ""weekday_move_distance_residual"": -0.015970201439301057, ""weekday_outing_low_rate"": 0.05349801928395247, ""weekend_count_est_ratio"": 0.9167181277951357, ""weekend_days"": 8, ""weekend_distance_down"": true, ""weekend_distance_est_ratio"": 0.9003265331127857, ""weekend_move_count"": 13.026036913601615, ""weekend_move_count_baseline_n"": 43, ""weekend_move_count_common_change"": 0.35432380393667917, ""weekend_move_count_log_change"": 0.3310512263563399, ""weekend_move_count_residual"": -0.023272577580339293, ""weekend_move_count_rz"": -3.61447086624502, ""weekend_move_distance"": 558.4689965657392, ""weekend_move_distance_common_change"": 0.35100897528049924, ""weekend_move_distance_log_change"": 0.33165659993788044, ""weekend_move_distance_residual"": -0.0193523753426188, ""weekend_outing_low_rate"": 0.09023469616563272, ""행정동"": ""대치1동"", ""행정동코드"": 1123060}",,,,,,
2025-09-01,1123063,대치4동,0,0,0,0,,2025H2,analysis1_2025H2,0,고활동·청년유동·1인가구 중심형,"{""active_pop_pc1"": -0.09157669144460519, ""active_pop_pc2"": 2.2677731244457315, ""activity_intensity"": 1249.5277738095238, ""adm_cd"": ""1123063"", ""disability_ratio"": 0.0193911818871194, ""dong_name"": ""대치4동"", ""foreigner_ratio"": 0.0184464844604951, ""household_structure_pc1"": 1.7565790336331801, ""household_structure_pc2"": -0.7536284500944906, ""livelihood_recipient_ratio"": 0.0182537103239085, ""resident_age_pc1"": 0.7443781034414865, ""resident_age_pc2"": -0.8817579610049339, ""time_structure_pc1"": 1.5308776699345932, ""time_structure_pc2"": 1.5418833699014292, ""weekend_weekday_index"": 0.846502577728509}","{""adm_cd"": 1123063, ""any_signal"": false, ""call_contacts"": 14.256891856369274, ""call_contacts_baseline_n"": 43, ""call_contacts_common_change"": 0.014787035146425431, ""call_contacts_log_change"": 0.005042616269416378, ""call_contacts_residual"": -0.009744418877009053, ""call_contacts_rz"": -1.792373531745468, ""cluster"": 0, ""cluster_type"": ""고활동·청년유동·1인가구 중심형"", ""combined_signal"": false, ""comm_low_rate"": 0.11166787088207149, ""comm_low_rate_change"": -0.0021493426584386355, ""comm_validation_support"": false, ""communication_signal"": false, ""date"": ""2025-09-01T00:00:00"", ""days_in_month"": 30, ""dong_name"": ""대치4동"", ""interest_structural_issue"": false, ""mobility_distance_both_down"": true, ""mobility_distance_support"": true, ""mobility_signal"": false, ""rain_days"": 13.0, ""rainfall_mm"": 370.7, ""signal_status"": null, ""snow_days"": 0.0, ""text_contacts"": 5.9484732663897795, ""text_contacts_baseline_n"": 43, ""text_contacts_common_change"": 0.012905320781007368, ""text_contacts_log_change"": -0.0017184847636904088, ""text_contacts_residual"": -0.014623805544697777, ""text_contacts_rz"": -5.1189856625861445, ""weekday_count_est_ratio"": 0.9378318700383786, ""weekday_days"": 22, ""weekday_distance_down"": true, ""weekday_distance_est_ratio"": 0.9276157930708164, ""weekday_move_count"": 30.79768856125795, ""weekday_move_count_baseline_n"": 43, ""weekday_move_count_common_change"": 0.42871344146016654, ""weekday_move_count_log_change"": 0.4139111803910689, ""weekday_move_count_residual"": -0.014802261069097655, ""weekday_move_count_rz"": -1.7430221783690305, ""weekday_move_distance"": 1096.7176653661434, ""weekday_move_distance_common_change"": 0.4280342963074215, ""weekday_move_distance_log_change"": 0.4167558319147764, ""weekday_move_distance_residual"": -0.011278464392645127, ""weekday_outing_low_rate"": 0.1056279169677205, ""weekend_count_est_ratio"": 0.8859465853530308, ""weekend_days"": 8, ""weekend_distance_down"": true, ""weekend_distance_est_ratio"": 0.8658356553283212, ""weekend_move_count"": 11.67404446702062, ""weekend_move_count_baseline_n"": 43, ""weekend_move_count_common_change"": 0.35432380393667917, ""weekend_move_count_log_change"": 0.33469793034023576, ""weekend_move_count_residual"": -0.01962587359644341, ""weekend_move_count_rz"": -1.6458330950039566, ""weekend_move_distance"": 548.7713844688162, ""weekend_move_distance_common_change"": 0.35100897528049924, ""weekend_move_distance_log_change"": 0.3377199250388019, ""weekend_move_distance_residual"": -0.013289050241697353, ""weekend_outing_low_rate"": 0.06711906110254057, ""행정동"": ""대치4동"", ""행정동코드"": 1123063}",,,,,,
2025-09-01,1123064,역삼1동,0,0,0,0,,2025H2,analysis1_2025H2,0,고활동·청년유동·1인가구 중심형,"{""active_pop_pc1"": 4.185841496062412, ""active_pop_pc2"": -0.2638326139732681, ""activity_intensity"": 1293.4531555790215, ""adm_cd"": ""1123064"", ""disability_ratio"": 0.0205263379274567, ""dong_name"": ""역삼1동"", ""foreigner_ratio"": 0.0400718774442376, ""household_structure_pc1"": 3.5605977216349443, ""household_structure_pc2"": -1.4993140543811143, ""livelihood_recipient_ratio"": 0.021872327299749, ""resident_age_pc1"": 4.623294874052999, ""resident_age_pc2"": -2.1956244530897044, ""time_structure_pc1"": 1.4095047852962523, ""time_structure_pc2"": -0.1666262800987883, ""weekend_weekday_index"": 0.5594494564513189}","{""adm_cd"": 1123064, ""any_signal"": false, ""call_contacts"": 14.48131946576604, ""call_contacts_baseline_n"": 43, ""call_contacts_common_change"": 0.014787035146425431, ""call_contacts_log_change"": 0.013525526715360225, ""call_contacts_residual"": -0.0012615084310652058, ""call_contacts_rz"": -0.19935690182513455, ""cluster"": 0, ""cluster_type"": ""고활동·청년유동·1인가구 중심형"", ""combined_signal"": false, ""comm_low_rate"": 0.11528669664330116, ""comm_low_rate_change"": -0.0013509644158624934, ""comm_validation_support"": false, ""communication_signal"": false, ""date"": ""2025-09-01T00:00:00"", ""days_in_month"": 30, ""dong_name"": ""역삼1동"", ""interest_structural_issue"": false, ""mobility_distance_both_down"": false, ""mobility_distance_support"": false, ""mobility_signal"": false, ""rain_days"": 13.0, ""rainfall_mm"": 370.7, ""signal_status"": null, ""snow_days"": 0.0, ""text_contacts"": 5.926272131818647, ""text_contacts_baseline_n"": 43, ""text_contacts_common_change"": 0.012905320781007368, ""text_contacts_log_change"": 0.007362445113959559, ""text_contacts_residual"": -0.0055428756670478085, ""text_contacts_rz"": -0.9315392256444511, ""weekday_count_est_ratio"": 0.9252650701054139, ""weekday_days"": 22, ""weekday_distance_down"": false, ""weekday_distance_est_ratio"": 0.9204242145123325, ""weekday_move_count"": 30.840843001117715, ""weekday_move_count_baseline_n"": 43, ""weekday_move_count_common_change"": 0.42871344146016654, ""weekday_move_count_log_change"": 0.4277139256425544, ""weekday_move_count_residual"": -0.000999515817612151, ""weekday_move_count_rz"": -0.18605976172024236, ""weekday_move_distance"": 1105.6777952602251, ""weekday_move_distance_common_change"": 0.4280342963074215, ""weekday_move_distance_log_change"": 0.44771371211389344, ""weekday_move_distance_residual"": 0.019679415806471923, ""weekday_outing_low_rate"": 0.12379369935895121, ""weekend_count_est_ratio"": 0.8755124859277453, ""weekend_days"": 8, ""weekend_distance_down"": false, ""weekend_distance_est_ratio"": 0.8605127417869205, ""weekend_move_count"": 12.416496769440418, ""weekend_move_count_baseline_n"": 43, ""weekend_move_count_common_change"": 0.35432380393667917, ""weekend_move_count_log_change"": 0.3513792081106928, ""weekend_move_count_residual"": -0.0029445958259863847, ""weekend_move_count_rz"": -0.27298918987933346, ""weekend_move_distance"": 601.6081151263012, ""weekend_move_distance_common_change"": 0.35100897528049924, ""weekend_move_distance_log_change"": 0.35882918860201407, ""weekend_move_distance_residual"": 0.007820213321514835, ""weekend_outing_low_rate"": 0.08529471322013962, ""행정동"": ""역삼1동"", ""행정동코드"": 1123064}",,,,,,
2025-09-01,1123065,역삼2동,0,0,0,0,,2025H2,analysis1_2025H2,0,고활동·청년유동·1인가구 중심형,"{""active_pop_pc1"": 1.3018091854005989, ""active_pop_pc2"": 1.624496432805457, ""activity_intensity"": 790.7354921700224, ""adm_cd"": ""1123065"", ""disability_ratio"": 0.0180617223044455, ""dong_name"": ""역삼2동"", ""foreigner_ratio"": 0.0103601495975253, ""household_structure_pc1"": 0.13141903571757987, ""household_structure_pc2"": -1.66074968571193, ""livelihood_recipient_ratio"": 0.0092912349942443, ""resident_age_pc1"": -1.027253657311876, ""resident_age_pc2"": -2.0722232053343856, ""time_structure_pc1"": 0.6510175471197581, ""time_structure_pc2"": -0.4907270054113869, ""weekend_weekday_index"": 0.6584753146488297}","{""adm_cd"": 1123065, ""any_signal"": false, ""call_contacts"": 14.124581285662458, ""call_contacts_baseline_n"": 43, ""call_contacts_common_change"": 0.014787035146425431, ""call_contacts_log_change"": 0.015900002687653902, ""call_contacts_residual"": 0.0011129675412284712, ""call_contacts_rz"": 0.15429295885976713, ""cluster"": 0, ""cluster_type"": ""고활동·청년유동·1인가구 중심형"", ""combined_signal"": false, ""comm_low_rate"": 0.09911416758921625, ""comm_low_rate_change"": -0.002862036732403872, ""comm_validation_support"": false, ""communication_signal"": false, ""date"": ""2025-09-01T00:00:00"", ""days_in_month"": 30, ""dong_name"": ""역삼2동"", ""interest_structural_issue"": false, ""mobility_distance_both_down"": false, ""mobility_distance_support"": false, ""mobility_signal"": false, ""rain_days"": 13.0, ""rainfall_mm"": 370.7, ""signal_status"": null, ""snow_days"": 0.0, ""text_contacts"": 5.853283749464032, ""text_contacts_baseline_n"": 43, ""text_contacts_common_change"": 0.012905320781007368, ""text_contacts_log_change"": 0.01259463286371032, ""text_contacts_residual"": -0.0003106879172970478, ""text_contacts_rz"": -0.09218742263855799, ""weekday_count_est_ratio"": 0.944925294369867, ""weekday_days"": 22, ""weekday_distance_down"": false, ""weekday_distance_est_ratio"": 0.9416158184636696, ""weekday_move_count"": 33.7667202528239, ""weekday_move_count_baseline_n"": 43, ""weekday_move_count_common_change"": 0.42871344146016654, ""weekday_move_count_log_change"": 0.4291999555441759, ""weekday_move_count_residual"": 0.0004865140840093485, ""weekday_move_count_rz"": -0.2383580964743939, ""weekday_move_distance"": 1189.3039171420216, ""weekday_move_distance_common_change"": 0.4280342963074215, ""weekday_move_distance_log_change"": 0.4427208718286657, ""weekday_move_distance_residual"": 0.014686575521244194, ""weekday_outing_low_rate"": 0.09883694067159145, ""weekend_count_est_ratio"": 0.9045054256406874, ""weekend_days"": 8, ""weekend_distance_down"": false, ""weekend_distance_est_ratio"": 0.8914370526732414, ""weekend_move_count"": 12.44990237276516, ""weekend_move_count_baseline_n"": 43, ""weekend_move_count_common_change"": 0.35432380393667917, ""weekend_move_count_log_change"": 0.3544701656259317, ""weekend_move_count_residual"": 0.00014636168925252768, ""weekend_move_count_rz"": -0.17113760510097745, ""weekend_move_distance"": 561.9954574825326, ""weekend_move_distance_common_change"": 0.35100897528049924, ""weekend_move_distance_log_change"": 0.36118123230176735, ""weekend_move_distance_residual"": 0.010172257021268116, ""weekend_outing_low_rate"": 0.06693551517078103, ""행정동"": ""역삼2동"", ""행정동코드"": 1123065}",,,,,,
2025-09-01,1123066,도곡1동,0,0,0,0,,2025H2,analysis1_2025H2,2,중간활동·다인가구 중심형,"{""active_pop_pc1"": 0.29802864985290256, ""active_pop_pc2"": -0.28765595894381685, ""activity_intensity"": 348.9483497942387, ""adm_cd"": ""1123066"", ""disability_ratio"": 0.0169869718563305, ""dong_name"": ""도곡1동"", ""foreigner_ratio"": 0.0063101200796885, ""household_structure_pc1"": -0.5225651340482826, ""household_structure_pc2"": -0.1990963702531279, ""livelihood_recipient_ratio"": 0.0036949063077329, ""resident_age_pc1"": -0.4309759559966248, ""resident_age_pc2"": -0.2857722048449105, ""time_structure_pc1"": 0.3401918321243857, ""time_structure_pc2"": -0.7501872642702954, ""weekend_weekday_index"": 0.7141460159554923}","{""adm_cd"": 1123066, ""any_signal"": false, ""call_contacts"": 13.275353681392236, ""call_contacts_baseline_n"": 43, ""call_contacts_common_change"": 0.014787035146425431, ""call_contacts_log_change"": 0.01201439593088427, ""call_contacts_residual"": -0.0027726392155411617, ""call_contacts_rz"": -0.5169053647408294, ""cluster"": 2, ""cluster_type"": ""중간활동·다인가구 중심형"", ""combined_signal"": false, ""comm_low_rate"": 0.09296499724387747, ""comm_low_rate_change"": -0.0029681542086384127, ""comm_validation_support"": false, ""communication_signal"": false, ""date"": ""2025-09-01T00:00:00"", ""days_in_month"": 30, ""dong_name"": ""도곡1동"", ""interest_structural_issue"": false, ""mobility_distance_both_down"": false, ""mobility_distance_support"": false, ""mobility_signal"": false, ""rain_days"": 13.0, ""rainfall_mm"": 370.7, ""signal_status"": null, ""snow_days"": 0.0, ""text_contacts"": 5.5558484605087015, ""text_contacts_baseline_n"": 43, ""text_contacts_common_change"": 0.012905320781007368, ""text_contacts_log_change"": 0.013423947174505013, ""text_contacts_residual"": 0.0005186263934976454, ""text_contacts_rz"": 0.06206117527380117, ""weekday_count_est_ratio"": 0.9572958500669344, ""weekday_days"": 22, ""weekday_distance_down"": false, ""weekday_distance_est_ratio"": 0.9574061579651941, ""weekday_move_count"": 35.940464119703535, ""weekday_move_count_baseline_n"": 43, ""weekday_move_count_common_change"": 0.42871344146016654, ""weekday_move_count_log_change"": 0.44878232790986283, ""weekday_move_count_residual"": 0.020068886449696288, ""weekday_move_count_rz"": 3.766062221698241, ""weekday_move_distance"": 1307.3345511131147, ""weekday_move_distance_common_change"": 0.4280342963074215, ""weekday_move_distance_log_change"": 0.4440420523422537, ""weekday_move_distance_residual"": 0.016007756034832177, ""weekday_outing_low_rate"": 0.049989172375777616, ""weekend_count_est_ratio"": 0.9184963855421687, ""weekend_days"": 8, ""weekend_distance_down"": false, ""weekend_distance_est_ratio"": 0.9121997322623829, ""weekend_move_count"": 13.090931648955396, ""weekend_move_count_baseline_n"": 43, ""weekend_move_count_common_change"": 0.35432380393667917, ""weekend_move_count_log_change"": 0.3732133640524413, ""weekend_move_count_residual"": 0.01888956011576215, ""weekend_move_count_rz"": 3.2660715088080714, ""weekend_move_distance"": 555.4541313200272, ""weekend_move_distance_common_change"": 0.35100897528049924, ""weekend_move_distance_log_change"": 0.3601405555583721, ""weekend_move_distance_residual"": 0.009131580277872864, ""weekend_outing_low_rate"": 0.07878573115993384, ""행정동"": ""도곡1동"", ""행정동코드"": 1123066}",,,,,,
2025-09-01,1123067,도곡2동,0,0,0,0,,2025H2,analysis1_2025H2,2,중간활동·다인가구 중심형,"{""active_pop_pc1"": -2.3471404669713287, ""active_pop_pc2"": 0.3203052519526075, ""activity_intensity"": 617.9922398373984, ""adm_cd"": ""1123067"", ""disability_ratio"": 0.0163179202407358, ""dong_name"": ""도곡2동"", ""foreigner_ratio"": 0.0032730827262784, ""household_structure_pc1"": -1.8427378454546224, ""household_structure_pc2"": -0.07166108044714786, ""livelihood_recipient_ratio"": 0.0016131784268408, ""resident_age_pc1"": -1.6609075337507022, ""resident_age_pc2"": 0.02709133552272181, ""time_structure_pc1"": -0.2127904727338758, ""time_structure_pc2"": 0.08815761674554107, ""weekend_weekday_index"": 0.8272026408808787}","{""adm_cd"": 1123067, ""any_signal"": false, ""call_contacts"": 13.901764578208653, ""call_contacts_baseline_n"": 43, ""call_contacts_common_change"": 0.014787035146425431, ""call_contacts_log_change"": 0.01796348158055361, ""call_contacts_residual"": 0.0031764464341281773, ""call_contacts_rz"": 0.781387379225383, ""cluster"": 2, ""cluster_type"": ""중간활동·다인가구 중심형"", ""combined_signal"": false, ""comm_low_rate"": 0.0804152076038019, ""comm_low_rate_change"": 0.0004498950106472527, ""comm_validation_support"": true, ""communication_signal"": false, ""date"": ""2025-09-01T00:00:00"", ""days_in_month"": 30, ""dong_name"": ""도곡2동"", ""interest_structural_issue"": false, ""mobility_distance_both_down"": true, ""mobility_distance_support"": true, ""mobility_signal"": false, ""rain_days"": 13.0, ""rainfall_mm"": 370.7, ""signal_status"": null, ""snow_days"": 0.0, ""text_contacts"": 5.865493778035018, ""text_contacts_baseline_n"": 43, ""text_contacts_common_change"": 0.012905320781007368, ""text_contacts_log_change"": 0.021027319529563826, ""text_contacts_residual"": 0.008121998748556458, ""text_contacts_rz"": 1.7609708965412383, ""weekday_count_est_ratio"": 0.9546252351323976, ""weekday_days"": 22, ""weekday_distance_down"": true, ""weekday_distance_est_ratio"": 0.9542899001591665, ""weekday_move_count"": 36.58708692722831, ""weekday_move_count_baseline_n"": 43, ""weekday_move_count_common_change"": 0.42871344146016654, ""weekday_move_count_log_change"": 0.4355480922176933, ""weekday_move_count_residual"": 0.006834650757526761, ""weekday_move_count_rz"": 1.0050218870789283, ""weekday_move_distance"": 1297.9047570752368, ""weekday_move_distance_common_change"": 0.4280342963074215, ""weekday_move_distance_log_change"": 0.4225319112755779, ""weekday_move_distance_residual"": -0.005502385031843637, ""weekday_outing_low_rate"": 0.07583139395784849, ""weekend_count_est_ratio"": 0.9167457676168427, ""weekend_days"": 8, ""weekend_distance_down"": true, ""weekend_distance_est_ratio"": 0.9011355086094631, ""weekend_move_count"": 13.257085045212552, ""weekend_move_count_baseline_n"": 43, ""weekend_move_count_common_change"": 0.35432380393667917, ""weekend_move_count_log_change"": 0.35941126099230214, ""weekend_move_count_residual"": 0.005087457055622968, ""weekend_move_count_rz"": 0.5425105509486681, ""weekend_move_distance"": 562.581438786656, ""weekend_move_distance_common_change"": 0.35100897528049924, ""weekend_move_distance_log_change"": 0.3506466461436428, ""weekend_move_distance_residual"": -0.00036232913685640966, ""weekend_outing_low_rate"": 0.07473845618461404, ""행정동"": ""도곡2동"", ""행정동코드"": 1123067}",,,,,,
2025-09-01,1123068,개포1동,0,0,0,0,,2025H2,analysis1_2025H2,2,중간활동·다인가구 중심형,"{""active_pop_pc1"": -2.812180854863822, ""active_pop_pc2"": 0.994622782290072, ""activity_intensity"": 126.0251696530874, ""adm_cd"": ""1123068"", ""disability_ratio"": 0.0195517673227536, ""dong_name"": ""개포1동"", ""foreigner_ratio"": 0.002130607725486, ""household_structure_pc1"": -2.2532196550723445, ""household_structure_pc2"": 0.2571108554560828, ""livelihood_recipient_ratio"": 0.0037010037570795, ""resident_age_pc1"": -1.5651035109779237, ""resident_age_pc2"": -0.18970085406697193, ""time_structure_pc1"": -2.150922491485588, ""time_structure_pc2"": 1.2288215453150342, ""weekend_weekday_index"": 0.6539578191524128}","{""adm_cd"": 1123068, ""any_signal"": false, ""call_contacts"": 14.173203560703563, ""call_contacts_baseline_n"": 43, ""call_contacts_common_change"": 0.014787035146425431, ""call_contacts_log_change"": 0.01748171612470495, ""call_contacts_residual"": 0.002694680978279518, ""call_contacts_rz"": 0.25214424296192645, ""cluster"": 2, ""cluster_type"": ""중간활동·다인가구 중심형"", ""combined_signal"": false, ""comm_low_rate"": 0.08228830233507814, ""comm_low_rate_change"": 0.0005299992166101497, ""comm_validation_support"": true, ""communication_signal"": false, ""date"": ""2025-09-01T00:00:00"", ""days_in_month"": 30, ""dong_name"": ""개포1동"", ""interest_structural_issue"": false, ""mobility_distance_both_down"": true, ""mobility_distance_support"": true, ""mobility_signal"": false, ""rain_days"": 13.0, ""rainfall_mm"": 370.7, ""signal_status"": null, ""snow_days"": 0.0, ""text_contacts"": 5.987956885456885, ""text_contacts_baseline_n"": 43, ""text_contacts_common_change"": 0.012905320781007368, ""text_contacts_log_change"": 0.013216008698304416, ""text_contacts_residual"": 0.0003106879172970478, ""text_contacts_rz"": -0.2931987945461735, ""weekday_count_est_ratio"": 0.963169776919777, ""weekday_days"": 22, ""weekday_distance_down"": true, ""weekday_distance_est_ratio"": 0.9625434362934364, ""weekday_move_count"": 39.587666479782236, ""weekday_move_count_baseline_n"": 43, ""weekday_move_count_common_change"": 0.42871344146016654, ""weekday_move_count_log_change"": 0.4238454236084861, ""weekday_move_count_residual"": -0.004868017851680451, ""weekday_move_count_rz"": -0.3811146073628344, ""weekday_move_distance"": 1414.3736426676826, ""weekday_move_distance_common_change"": 0.4280342963074215, ""weekday_move_distance_log_change"": 0.427068045015802, ""weekday_move_distance_residual"": -0.0009662512916195354, ""weekday_outing_low_rate"": 0.02705572261202064, ""weekend_count_est_ratio"": 0.9352847490347491, ""weekend_days"": 8, ""weekend_distance_down"": true, ""weekend_distance_est_ratio"": 0.9296004933504934, ""weekend_move_count"": 14.274009261982695, ""weekend_move_count_baseline_n"": 43, ""weekend_move_count_common_change"": 0.35432380393667917, ""weekend_move_count_log_change"": 0.33881957472769075, ""weekend_move_count_residual"": -0.015504229208988418, ""weekend_move_count_rz"": -1.5383522724283252, ""weekend_move_distance"": 594.356908692665, ""weekend_move_distance_common_change"": 0.35100897528049924, ""weekend_move_distance_log_change"": 0.3448657235688257, ""weekend_move_distance_residual"": -0.006143251711673514, ""weekend_outing_low_rate"": 0.06382299439432751, ""행정동"": ""개포1동"", ""행정동코드"": 1123068}",,,,,,
2025-09-01,1123071,개포4동,0,0,0,0,,2025H2,analysis1_2025H2,2,중간활동·다인가구 중심형,"{""active_pop_pc1"": -1.582077707818372, ""active_pop_pc2"": -0.602698626550829, ""activity_intensity"": 196.30289831040764, ""adm_cd"": ""1123071"", ""disability_ratio"": 0.0262504587354014, ""dong_name"": ""개포4동"", ""foreigner_ratio"": 0.0080089781832915, ""household_structure_pc1"": -0.06075600038192678, ""household_structure_pc2"": 0.5936495237570294, ""livelihood_recipient_ratio"": 0.0224078751376206, ""resident_age_pc1"": -0.22734192775025444, ""resident_age_pc2"": 0.5684808156887863, ""time_structure_pc1"": -1.2711975546747596, ""time_structure_pc2"": 0.6545384977311337, ""weekend_weekday_index"": 0.9570829021151136}","{""adm_cd"": 1123071, ""any_signal"": false, ""call_contacts"": 13.845066825528386, ""call_contacts_baseline_n"": 43, ""call_contacts_common_change"": 0.014787035146425431, ""call_contacts_log_change"": 0.01797728733296111, ""call_contacts_residual"": 0.0031902521865356803, ""call_contacts_rz"": 0.588550540726049, ""cluster"": 2, ""cluster_type"": ""중간활동·다인가구 중심형"", ""combined_signal"": false, ""comm_low_rate"": 0.09216213754790077, ""comm_low_rate_change"": 0.0026094287122994247, ""comm_validation_support"": true, ""communication_signal"": false, ""date"": ""2025-09-01T00:00:00"", ""days_in_month"": 30, ""dong_name"": ""개포4동"", ""interest_structural_issue"": false, ""mobility_distance_both_down"": false, ""mobility_distance_support"": false, ""mobility_signal"": false, ""rain_days"": 13.0, ""rainfall_mm"": 370.7, ""signal_status"": null, ""snow_days"": 0.0, ""text_contacts"": 5.468639660174057, ""text_contacts_baseline_n"": 43, ""text_contacts_common_change"": 0.012905320781007368, ""text_contacts_log_change"": 0.01630495410857269, ""text_contacts_residual"": 0.0033996333275653212, ""text_contacts_rz"": 0.9719484011245941, ""weekday_count_est_ratio"": 0.9535619560712805, ""weekday_days"": 22, ""weekday_distance_down"": false, ""weekday_distance_est_ratio"": 0.9508423124740987, ""weekday_move_count"": 36.666454000421574, ""weekday_move_count_baseline_n"": 43, ""weekday_move_count_common_change"": 0.42871344146016654, ""weekday_move_count_log_change"": 0.4187123222353666, ""weekday_move_count_residual"": -0.01000111922479996, ""weekday_move_count_rz"": -1.0988976565431057, ""weekday_move_distance"": 1258.1846216193244, ""weekday_move_distance_common_change"": 0.4280342963074215, ""weekday_move_distance_log_change"": 0.4284469915112332, ""weekday_move_distance_residual"": 0.0004126952038117082, ""weekday_outing_low_rate"": 0.0467588603294032, ""weekend_count_est_ratio"": 0.9199026108578533, ""weekend_days"": 8, ""weekend_distance_down"": false, ""weekend_distance_est_ratio"": 0.9122389142146705, ""weekend_move_count"": 13.590049775310005, ""weekend_move_count_baseline_n"": 43, ""weekend_move_count_common_change"": 0.35432380393667917, ""weekend_move_count_log_change"": 0.346142666121116, ""weekend_move_count_residual"": -0.008181137815563178, ""weekend_move_count_rz"": -0.7530713634222261, ""weekend_move_distance"": 590.3445097519229, ""weekend_move_distance_common_change"": 0.35100897528049924, ""weekend_move_distance_log_change"": 0.35265460201582766, ""weekend_move_distance_residual"": 0.0016456267353284204, ""weekend_outing_low_rate"": 0.06955157170579293, ""행정동"": ""개포4동"", ""행정동코드"": 1123071}",,,,,,
2025-09-01,1123072,일원본동,0,0,0,0,,2025H2,analysis1_2025H2,2,중간활동·다인가구 중심형,"{""active_pop_pc1"": -2.575098136001509, ""active_pop_pc2"": -0.4242878209748916, ""activity_intensity"": 228.42569285702675, ""adm_cd"": ""1123072"", ""disability_ratio"": 0.0306711544034059, ""dong_name"": ""일원본동"", ""foreigner_ratio"": 0.0010030613062405, ""household_structure_pc1"": -1.9186226888022524, ""household_structure_pc2"": -0.01424222204515588, ""livelihood_recipient_ratio"": 0.0036555736352896, ""resident_age_pc1"": -1.3853472759775167, ""resident_age_pc2"": -0.23576002340303995, ""time_structure_pc1"": -1.2208106142407391, ""time_structure_pc2"": -2.964657297140188, ""weekend_weekday_index"": 0.6260492523103128}","{""adm_cd"": 1123072, ""any_signal"": false, ""call_contacts"": 12.664381521579385, ""call_contacts_baseline_n"": 43, ""call_contacts_common_change"": 0.014787035146425431, ""call_contacts_log_change"": 0.006699902821328152, ""call_contacts_residual"": -0.00808713232509728, ""call_contacts_rz"": -1.3896702926188083, ""cluster"": 2, ""cluster_type"": ""중간활동·다인가구 중심형"", ""combined_signal"": false, ""comm_low_rate"": 0.07187331154964367, ""comm_low_rate_change"": -0.0040398938172434146, ""comm_validation_support"": false, ""communication_signal"": false, ""date"": ""2025-09-01T00:00:00"", ""days_in_month"": 30, ""dong_name"": ""일원본동"", ""interest_structural_issue"": false, ""mobility_distance_both_down"": true, ""mobility_distance_support"": true, ""mobility_signal"": false, ""rain_days"": 13.0, ""rainfall_mm"": 370.7, ""signal_status"": null, ""snow_days"": 0.0, ""text_contacts"": 5.172207416842208, ""text_contacts_baseline_n"": 43, ""text_contacts_common_change"": 0.012905320781007368, ""text_contacts_log_change"": 0.0001245807244114605, ""text_contacts_residual"": -0.012780740056595907, ""text_contacts_rz"": -2.423472378847533, ""weekday_count_est_ratio"": 0.9669112820261598, ""weekday_days"": 22, ""weekday_distance_down"": true, ""weekday_distance_est_ratio"": 0.9686244060157742, ""weekday_move_count"": 38.271121805329535, ""weekday_move_count_baseline_n"": 43, ""weekday_move_count_common_change"": 0.42871344146016654, ""weekday_move_count_log_change"": 0.4378326642257835, ""weekday_move_count_residual"": 0.009119222765616941, ""weekday_move_count_rz"": 0.8581447169662971, ""weekday_move_distance"": 1347.2303467841496, ""weekday_move_distance_common_change"": 0.4280342963074215, ""weekday_move_distance_log_change"": 0.41208695925373107, ""weekday_move_distance_residual"": -0.015947337053690447, ""weekday_outing_low_rate"": 0.049058327115547896, ""weekend_count_est_ratio"": 0.9350129819232841, ""weekend_days"": 8, ""weekend_distance_down"": true, ""weekend_distance_est_ratio"": 0.9294238965365208, ""weekend_move_count"": 13.90339259012429, ""weekend_move_count_baseline_n"": 43, ""weekend_move_count_common_change"": 0.35432380393667917, ""weekend_move_count_log_change"": 0.36449243424669575, ""weekend_move_count_residual"": 0.01016863031001658, ""weekend_move_count_rz"": 1.2576660890942568, ""weekend_move_distance"": 584.3655708761128, ""weekend_move_distance_common_change"": 0.35100897528049924, ""weekend_move_distance_log_change"": 0.3453725965314991, ""weekend_move_distance_residual"": -0.005636378749000137, ""weekend_outing_low_rate"": 0.09454035557156457, ""행정동"": ""일원본동"", ""행정동코드"": 1123072}",,,,,,
2025-09-01,1123073,일원1동,0,0,0,0,,2025H2,analysis1_2025H2,1,고령·2인가구·구조적 복지배경 특화형,"{""active_pop_pc1"": -1.9429015574680562, ""active_pop_pc2"": -1.892431367454475, ""activity_intensity"": 264.40659090909094, ""adm_cd"": ""1123073"", ""disability_ratio"": 0.0765103965777201, ""dong_name"": ""일원1동"", ""foreigner_ratio"": 0.0106237213452306, ""household_structure_pc1"": 1.347590880479978, ""household_structure_pc2"": 1.3454414092075702, ""livelihood_recipient_ratio"": 0.0838037799361828, ""resident_age_pc1"": 1.2110613160817687, ""resident_age_pc2"": 2.088758307705335, ""time_structure_pc1"": -2.117589090357818, ""time_structure_pc2"": -0.8003060081140263, ""weekend_weekday_index"": 1.0010790922466295}","{""adm_cd"": 1123073, ""any_signal"": false, ""call_contacts"": 12.42037367882714, ""call_contacts_baseline_n"": 43, ""call_contacts_common_change"": 0.014787035146425431, ""call_contacts_log_change"": 0.014758580169714541, ""call_contacts_residual"": -2.8454976710889923e-05, ""call_contacts_rz"": 0.008515577965890688, ""cluster"": 1, ""cluster_type"": ""고령·2인가구·구조적 복지배경 특화형"", ""combined_signal"": false, ""comm_low_rate"": 0.09727775005561135, ""comm_low_rate_change"": 0.004572127281517596, ""comm_validation_support"": true, ""communication_signal"": false, ""date"": ""2025-09-01T00:00:00"", ""days_in_month"": 30, ""dong_name"": ""일원1동"", ""interest_structural_issue"": false, ""mobility_distance_both_down"": true, ""mobility_distance_support"": true, ""mobility_signal"": false, ""rain_days"": 13.0, ""rainfall_mm"": 370.7, ""signal_status"": null, ""snow_days"": 0.0, ""text_contacts"": 4.850111830889873, ""text_contacts_baseline_n"": 43, ""text_contacts_common_change"": 0.012905320781007368, ""text_contacts_log_change"": 0.010221006538702948, ""text_contacts_residual"": -0.0026843142423044197, ""text_contacts_rz"": -0.5000862976705129, ""weekday_count_est_ratio"": 0.9586000681895669, ""weekday_days"": 22, ""weekday_distance_down"": true, ""weekday_distance_est_ratio"": 0.9547719058983976, ""weekday_move_count"": 34.337027095854495, ""weekday_move_count_baseline_n"": 43, ""weekday_move_count_common_change"": 0.42871344146016654, ""weekday_move_count_log_change"": 0.4238094898948743, ""weekday_move_count_residual"": -0.004903951565292219, ""weekday_move_count_rz"": -0.3275234935380349, ""weekday_move_distance"": 1158.0948532002833, ""weekday_move_distance_common_change"": 0.4280342963074215, ""weekday_move_distance_log_change"": 0.40302357574648795, ""weekday_move_distance_residual"": -0.025010720560933564, ""weekday_outing_low_rate"": 0.06158429175208768, ""weekend_count_est_ratio"": 0.9130637572451414, ""weekend_days"": 8, ""weekend_distance_down"": true, ""weekend_distance_est_ratio"": 0.8978233890214797, ""weekend_move_count"": 12.956694000334576, ""weekend_move_count_baseline_n"": 43, ""weekend_move_count_common_change"": 0.35432380393667917, ""weekend_move_count_log_change"": 0.35979927839884773, ""weekend_move_count_residual"": 0.005475474462168561, ""weekend_move_count_rz"": 0.28161587483237316, ""weekend_move_distance"": 567.3095050878816, ""weekend_move_distance_common_change"": 0.35100897528049924, ""weekend_move_distance_log_change"": 0.346725221505813, ""weekend_move_distance_residual"": -0.004283753774686261, ""weekend_outing_low_rate"": 0.09778877312379385, ""행정동"": ""일원1동"", ""행정동코드"": 1123073}",,,,,,
2025-09-01,1123074,개포3동,0,0,0,0,,2025H2,analysis1_2025H2,1,고령·2인가구·구조적 복지배경 특화형,"{""active_pop_pc1"": -1.7978863371288094, ""active_pop_pc2"": -1.3550047918047938, ""activity_intensity"": 318.5769660618241, ""adm_cd"": ""1123074"", ""disability_ratio"": 0.0685507379790727, ""dong_name"": ""개포3동"", ""foreigner_ratio"": 0.0046668266181056, ""household_structure_pc1"": -0.10351208942511604, ""household_structure_pc2"": 1.4779743966022372, ""livelihood_recipient_ratio"": 0.0626591794777378, ""resident_age_pc1"": 0.16228898112752646, ""resident_age_pc2"": 0.6754741557975844, ""time_structure_pc1"": -1.9585843100934688, ""time_structure_pc2"": -0.15600867167277757, ""weekend_weekday_index"": 0.6872777922769003}","{""adm_cd"": 1123074, ""any_signal"": false, ""call_contacts"": 12.42324507707058, ""call_contacts_baseline_n"": 43, ""call_contacts_common_change"": 0.014787035146425431, ""call_contacts_log_change"": 0.014815490123136321, ""call_contacts_residual"": 2.8454976710889923e-05, ""call_contacts_rz"": 0.045539063067679034, ""cluster"": 1, ""cluster_type"": ""고령·2인가구·구조적 복지배경 특화형"", ""combined_signal"": false, ""comm_low_rate"": 0.0, ""comm_low_rate_change"": 0.0, ""comm_validation_support"": false, ""communication_signal"": false, ""date"": ""2025-09-01T00:00:00"", ""days_in_month"": 30, ""dong_name"": ""개포3동"", ""interest_structural_issue"": true, ""mobility_distance_both_down"": true, ""mobility_distance_support"": true, ""mobility_signal"": false, ""rain_days"": 13.0, ""rainfall_mm"": 370.7, ""signal_status"": null, ""snow_days"": 0.0, ""text_contacts"": 4.969107603805591, ""text_contacts_baseline_n"": 43, ""text_contacts_common_change"": 0.012905320781007368, ""text_contacts_log_change"": 0.008229145852667097, ""text_contacts_residual"": -0.004676174928340271, ""text_contacts_rz"": -0.6513674209128081, ""weekday_count_est_ratio"": 0.9613459694667748, ""weekday_days"": 22, ""weekday_distance_down"": true, ""weekday_distance_est_ratio"": 0.9576805074120509, ""weekday_move_count"": 36.049995696166214, ""weekday_move_count_baseline_n"": 43, ""weekday_move_count_common_change"": 0.42871344146016654, ""weekday_move_count_log_change"": 0.423132888684838, ""weekday_move_count_residual"": -0.00558055277532854, ""weekday_move_count_rz"": -0.7884971009762138, ""weekday_move_distance"": 1212.6741894265701, ""weekday_move_distance_common_change"": 0.4280342963074215, ""weekday_move_distance_log_change"": 0.39905966498856316, ""weekday_move_distance_residual"": -0.028974631318858357, ""weekday_outing_low_rate"": 0.0, ""weekend_count_est_ratio"": 0.918291171915333, ""weekend_days"": 8, ""weekend_distance_down"": true, ""weekend_distance_est_ratio"": 0.9012670550925583, ""weekend_move_count"": 12.991452601414652, ""weekend_move_count_baseline_n"": 43, ""weekend_move_count_common_change"": 0.35432380393667917, ""weekend_move_count_log_change"": 0.34695899413439113, ""weekend_move_count_residual"": -0.0073648098022880415, ""weekend_move_count_rz"": -1.0546840530041288, ""weekend_move_distance"": 555.5889047714128, ""weekend_move_distance_common_change"": 0.35100897528049924, ""weekend_move_distance_log_change"": 0.34540987988473404, ""weekend_move_distance_residual"": -0.005599095395765197, ""weekend_outing_low_rate"": 0.0, ""행정동"": ""일원2동"", ""행정동코드"": 1123074}",,,,,,
2025-09-01,1123075,수서동,0,0,0,0,,2025H2,analysis1_2025H2,1,고령·2인가구·구조적 복지배경 특화형,"{""active_pop_pc1"": -0.8134711971606163, ""active_pop_pc2"": -2.8242885246674, ""activity_intensity"": 388.7399853335649, ""adm_cd"": ""1123075"", ""disability_ratio"": 0.1461925947714821, ""dong_name"": ""수서동"", ""foreigner_ratio"": 0.0058462753047252, ""household_structure_pc1"": 1.7566435204062496, ""household_structure_pc2"": 1.9635716923648447, ""livelihood_recipient_ratio"": 0.2036253998602787, ""resident_age_pc1"": 1.1167676530268302, ""resident_age_pc2"": 4.842647968610957, ""time_structure_pc1"": -1.7772419940785278, ""time_structure_pc2"": -1.4057586884483104, ""weekend_weekday_index"": 0.7209299951958243}","{""adm_cd"": 1123075, ""any_signal"": false, ""call_contacts"": 11.524750236312077, ""call_contacts_baseline_n"": 43, ""call_contacts_common_change"": 0.014787035146425431, ""call_contacts_log_change"": 0.012228819757176268, ""call_contacts_residual"": -0.0025582153892491633, ""call_contacts_rz"": -0.39422134886319576, ""cluster"": 1, ""cluster_type"": ""고령·2인가구·구조적 복지배경 특화형"", ""combined_signal"": false, ""comm_low_rate"": 0.12418045680488266, ""comm_low_rate_change"": -0.0020867317929292306, ""comm_validation_support"": false, ""communication_signal"": false, ""date"": ""2025-09-01T00:00:00"", ""days_in_month"": 30, ""dong_name"": ""수서동"", ""interest_structural_issue"": false, ""mobility_distance_both_down"": true, ""mobility_distance_support"": true, ""mobility_signal"": false, ""rain_days"": 13.0, ""rainfall_mm"": 370.7, ""signal_status"": null, ""snow_days"": 0.0, ""text_contacts"": 4.475194503017524, ""text_contacts_baseline_n"": 43, ""text_contacts_common_change"": 0.012905320781007368, ""text_contacts_log_change"": 0.01762654288272336, ""text_contacts_residual"": 0.004721222101715994, ""text_contacts_rz"": 0.6408405613567726, ""weekday_count_est_ratio"": 0.9601534210717663, ""weekday_days"": 22, ""weekday_distance_down"": true, ""weekday_distance_est_ratio"": 0.9583072784119827, ""weekday_move_count"": 36.111974957951496, ""weekday_move_count_baseline_n"": 43, ""weekday_move_count_common_change"": 0.42871344146016654, ""weekday_move_count_log_change"": 0.4364043329606906, ""weekday_move_count_residual"": 0.007690891500524044, ""weekday_move_count_rz"": 0.45197047949459, ""weekday_move_distance"": 1168.526187517072, ""weekday_move_distance_common_change"": 0.4280342963074215, ""weekday_move_distance_log_change"": 0.4076712302724985, ""weekday_move_distance_residual"": -0.020363066034922994, ""weekday_outing_low_rate"": 0.060570062291574904, ""weekend_count_est_ratio"": 0.9081218643205119, ""weekend_days"": 8, ""weekend_distance_down"": true, ""weekend_distance_est_ratio"": 0.8901934123463972, ""weekend_move_count"": 13.422231075952409, ""weekend_move_count_baseline_n"": 43, ""weekend_move_count_common_change"": 0.35432380393667917, ""weekend_move_count_log_change"": 0.3621095975637969, ""weekend_move_count_residual"": 0.007785793627117732, ""weekend_move_count_rz"": 0.5547647756078782, ""weekend_move_distance"": 545.5494838856703, ""weekend_move_distance_common_change"": 0.35100897528049924, ""weekend_move_distance_log_change"": 0.34304527570611754, ""weekend_move_distance_residual"": -0.0079636995743817, ""weekend_outing_low_rate"": 0.16679041087271126, ""행정동"": ""수서동"", ""행정동코드"": 1123075}",,,,,,
2025-09-01,1123076,세곡동,0,0,0,0,,2025H2,analysis1_2025H2,2,중간활동·다인가구 중심형,"{""active_pop_pc1"": -1.300581144869707, ""active_pop_pc2"": -0.3662412022376052, ""activity_intensity"": 85.2199295020683, ""adm_cd"": ""1123076"", ""disability_ratio"": 0.0430198411408385, ""dong_name"": ""세곡동"", ""foreigner_ratio"": 0.0042911192451539, ""household_structure_pc1"": 0.2166105982896993, ""household_structure_pc2"": 0.564024649477107, ""livelihood_recipient_ratio"": 0.0368215164223096, ""resident_age_pc1"": 0.5706225849375067, ""resident_age_pc2"": -0.18369216945119662, ""time_structure_pc1"": -2.1056561965235048, ""time_structure_pc2"": 0.08030329222693579, ""weekend_weekday_index"": 0.957165084093544}","{""adm_cd"": 1123076, ""any_signal"": false, ""call_contacts"": 13.351646728447065, ""call_contacts_baseline_n"": 43, ""call_contacts_common_change"": 0.014787035146425431, ""call_contacts_log_change"": 0.015194854380702338, ""call_contacts_residual"": 0.00040781923427690714, ""call_contacts_rz"": 0.06490338275370029, ""cluster"": 2, ""cluster_type"": ""중간활동·다인가구 중심형"", ""combined_signal"": false, ""comm_low_rate"": 0.09193844164198281, ""comm_low_rate_change"": -0.0018368210904343152, ""comm_validation_support"": false, ""communication_signal"": false, ""date"": ""2025-09-01T00:00:00"", ""days_in_month"": 30, ""dong_name"": ""세곡동"", ""interest_structural_issue"": false, ""mobility_distance_both_down"": false, ""mobility_distance_support"": false, ""mobility_signal"": false, ""rain_days"": 13.0, ""rainfall_mm"": 370.7, ""signal_status"": null, ""snow_days"": 0.0, ""text_contacts"": 5.283508565009829, ""text_contacts_baseline_n"": 43, ""text_contacts_common_change"": 0.012905320781007368, ""text_contacts_log_change"": 0.013523582035171788, ""text_contacts_residual"": 0.0006182612541644206, ""text_contacts_rz"": 0.30527823390416636, ""weekday_count_est_ratio"": 0.9531766357764672, ""weekday_days"": 22, ""weekday_distance_down"": false, ""weekday_distance_est_ratio"": 0.9545804549283909, ""weekday_move_count"": 38.987543863732384, ""weekday_move_count_baseline_n"": 43, ""weekday_move_count_common_change"": 0.42871344146016654, ""weekday_move_count_log_change"": 0.4308525325442183, ""weekday_move_count_residual"": 0.0021390910840517474, ""weekday_move_count_rz"": 0.6549685995327373, ""weekday_move_distance"": 1460.1614303226495, ""weekday_move_distance_common_change"": 0.4280342963074215, ""weekday_move_distance_log_change"": 0.4349207397767616, ""weekday_move_distance_residual"": 0.006886443469340087, ""weekday_outing_low_rate"": 0.09796697106811059, ""weekend_count_est_ratio"": 0.9160376298792474, ""weekend_days"": 8, ""weekend_distance_down"": false, ""weekend_distance_est_ratio"": 0.9170707666385847, ""weekend_move_count"": 14.027940435498357, ""weekend_move_count_baseline_n"": 43, ""weekend_move_count_common_change"": 0.35432380393667917, ""weekend_move_count_log_change"": 0.35473111883203146, ""weekend_move_count_residual"": 0.00040731489535228427, ""weekend_move_count_rz"": -0.054756173918345585, ""weekend_move_distance"": 644.1056565704818, ""weekend_move_distance_common_change"": 0.35100897528049924, ""weekend_move_distance_log_change"": 0.3675921346851174, ""weekend_move_distance_residual"": 0.016583159404618186, ""weekend_outing_low_rate"": 0.07899899468378005, ""행정동"": ""세곡동"", ""행정동코드"": 1123076}",,,,,,
2025-09-01,1123077,압구정동,0,0,0,0,,2025H2,analysis1_2025H2,2,중간활동·다인가구 중심형,"{""active_pop_pc1"": 1.2077866973298568, ""active_pop_pc2"": -0.3452103362860996, ""activity_intensity"": 484.0394633074098, ""adm_cd"": ""1123077"", ""disability_ratio"": 0.0188161047157132, ""dong_name"": ""압구정동"", ""foreigner_ratio"": 0.0083757193030687, ""household_structure_pc1"": -0.9731322919495847, ""household_structure_pc2"": 0.8155237885933626, ""livelihood_recipient_ratio"": 0.0024153177895946, ""resident_age_pc1"": -0.9110099330730331, ""resident_age_pc2"": 1.0620666983264282, ""time_structure_pc1"": 1.2810120234245381, ""time_structure_pc2"": 0.6747482970387954, ""weekend_weekday_index"": 0.817443037464428}","{""adm_cd"": 1123077, ""any_signal"": false, ""call_contacts"": 14.225271483539974, ""call_contacts_baseline_n"": 43, ""call_contacts_common_change"": 0.014787035146425431, ""call_contacts_log_change"": 0.013000702709927925, ""call_contacts_residual"": -0.0017863324364975064, ""call_contacts_rz"": -0.3485267557014392, ""cluster"": 2, ""cluster_type"": ""중간활동·다인가구 중심형"", ""combined_signal"": false, ""comm_low_rate"": 0.08692072744037474, ""comm_low_rate_change"": -0.00467023268864962, ""comm_validation_support"": false, ""communication_signal"": false, ""date"": ""2025-09-01T00:00:00"", ""days_in_month"": 30, ""dong_name"": ""압구정동"", ""interest_structural_issue"": false, ""mobility_distance_both_down"": false, ""mobility_distance_support"": false, ""mobility_signal"": false, ""rain_days"": 13.0, ""rainfall_mm"": 370.7, ""signal_status"": null, ""snow_days"": 0.0, ""text_contacts"": 5.833132535271484, ""text_contacts_baseline_n"": 43, ""text_contacts_common_change"": 0.012905320781007368, ""text_contacts_log_change"": 0.01859390183276277, ""text_contacts_residual"": 0.005688581051755404, ""text_contacts_rz"": 0.8788750803365644, ""weekday_count_est_ratio"": 0.9360594271056007, ""weekday_days"": 22, ""weekday_distance_down"": false, ""weekday_distance_est_ratio"": 0.9338550662676358, ""weekday_move_count"": 35.90797720242089, ""weekday_move_count_baseline_n"": 43, ""weekday_move_count_common_change"": 0.42871344146016654, ""weekday_move_count_log_change"": 0.4320579693369546, ""weekday_move_count_residual"": 0.0033445278767880726, ""weekday_move_count_rz"": 0.6515643434854357, ""weekday_move_distance"": 1208.2708027196059, ""weekday_move_distance_common_change"": 0.4280342963074215, ""weekday_move_distance_log_change"": 0.4332613116543005, ""weekday_move_distance_residual"": 0.0052270153468789715, ""weekday_outing_low_rate"": 0.045078087052450456, ""weekend_count_est_ratio"": 0.8864749893116717, ""weekend_days"": 8, ""weekend_distance_down"": false, ""weekend_distance_est_ratio"": 0.8729003847798205, ""weekend_move_count"": 13.30133394583463, ""weekend_move_count_baseline_n"": 43, ""weekend_move_count_common_change"": 0.35432380393667917, ""weekend_move_count_log_change"": 0.35176312376587004, ""weekend_move_count_residual"": -0.0025606801708091265, ""weekend_move_count_rz"": -0.35124508436659624, ""weekend_move_distance"": 539.7651193164174, ""weekend_move_distance_common_change"": 0.35100897528049924, ""weekend_move_distance_log_change"": 0.3525922999896425, ""weekend_move_distance_residual"": 0.0015833247091432412, ""weekend_outing_low_rate"": 0.11387866663373591, ""행정동"": ""압구정동"", ""행정동코드"": 1123077}",,,,,,
2025-09-01,1123078,청담동,0,0,0,0,,2025H2,analysis1_2025H2,2,중간활동·다인가구 중심형,"{""active_pop_pc1"": 1.08932858438996, ""active_pop_pc2"": -0.37987023289476274, ""activity_intensity"": 500.49645992710174, ""adm_cd"": ""1123078"", ""disability_ratio"": 0.0210980676913146, ""dong_name"": ""청담동"", ""foreigner_ratio"": 0.0102213740078225, ""household_structure_pc1"": 0.20165807093519106, ""household_structure_pc2"": 0.14844437883248288, ""livelihood_recipient_ratio"": 0.0053249425148251, ""resident_age_pc1"": -0.11850047016917795, ""resident_age_pc2"": 0.04683770938438659, ""time_structure_pc1"": 0.27464850893850323, ""time_structure_pc2"": -0.20337359436936112, ""weekend_weekday_index"": 0.7614574322902131}","{""adm_cd"": 1123078, ""any_signal"": false, ""call_contacts"": 14.904313802905873, ""call_contacts_baseline_n"": 43, ""call_contacts_common_change"": 0.014787035146425431, ""call_contacts_log_change"": 0.014548141938660386, ""call_contacts_residual"": -0.0002388932077650452, ""call_contacts_rz"": -0.014178220255272647, ""cluster"": 2, ""cluster_type"": ""중간활동·다인가구 중심형"", ""combined_signal"": false, ""comm_low_rate"": 0.1053623529838169, ""comm_low_rate_change"": -0.0016858160672396788, ""comm_validation_support"": false, ""communication_signal"": false, ""date"": ""2025-09-01T00:00:00"", ""days_in_month"": 30, ""dong_name"": ""청담동"", ""interest_structural_issue"": false, ""mobility_distance_both_down"": false, ""mobility_distance_support"": false, ""mobility_signal"": false, ""rain_days"": 13.0, ""rainfall_mm"": 370.7, ""signal_status"": null, ""snow_days"": 0.0, ""text_contacts"": 5.844245499052431, ""text_contacts_baseline_n"": 43, ""text_contacts_common_change"": 0.012905320781007368, ""text_contacts_log_change"": 0.011876380028170708, ""text_contacts_residual"": -0.00102894075283666, ""text_contacts_rz"": -0.27478629888212247, ""weekday_count_est_ratio"": 0.9387488155401138, ""weekday_days"": 22, ""weekday_distance_down"": false, ""weekday_distance_est_ratio"": 0.939849968414403, ""weekday_move_count"": 36.47382588701595, ""weekday_move_count_baseline_n"": 43, ""weekday_move_count_common_change"": 0.42871344146016654, ""weekday_move_count_log_change"": 0.43615897854962116, ""weekday_move_count_residual"": 0.0074455370894546125, ""weekday_move_count_rz"": 0.978899857634469, ""weekday_move_distance"": 1259.0377783925069, ""weekday_move_distance_common_change"": 0.4280342963074215, ""weekday_move_distance_log_change"": 0.4471455318110351, ""weekday_move_distance_residual"": 0.0191112355036136, ""weekday_outing_low_rate"": 0.06584564562854191, ""weekend_count_est_ratio"": 0.8988656822488945, ""weekend_days"": 8, ""weekend_distance_down"": false, ""weekend_distance_est_ratio"": 0.8888577858496526, ""weekend_move_count"": 13.843013550190257, ""weekend_move_count_baseline_n"": 43, ""weekend_move_count_common_change"": 0.35432380393667917, ""weekend_move_count_log_change"": 0.35417744224742664, ""weekend_move_count_residual"": -0.00014636168925252768, ""weekend_move_count_rz"": -0.010385360121915484, ""weekend_move_distance"": 583.8947469394336, ""weekend_move_distance_common_change"": 0.35100897528049924, ""weekend_move_distance_log_change"": 0.358398488638521, ""weekend_move_distance_residual"": 0.007389513358021738, ""weekend_outing_low_rate"": 0.08843105934496087, ""행정동"": ""청담동"", ""행정동코드"": 1123078}",,,,,,
2025-09-01,1123079,대치2동,0,0,0,0,,2025H2,analysis1_2025H2,2,중간활동·다인가구 중심형,"{""active_pop_pc1"": 0.41805709040126066, ""active_pop_pc2"": 1.138411822869498, ""activity_intensity"": 578.4774766235814, ""adm_cd"": ""1123079"", ""disability_ratio"": 0.0153748592579171, ""dong_name"": ""대치2동"", ""foreigner_ratio"": 0.005189255839585, ""household_structure_pc1"": -1.9059388158921826, ""household_structure_pc2"": -0.7450016269652203, ""livelihood_recipient_ratio"": 0.0018377357025456, ""resident_age_pc1"": -2.2332334995637253, ""resident_age_pc2"": -0.5540955233637973, ""time_structure_pc1"": 1.5044647512860543, ""time_structure_pc2"": 0.09516604937317098, ""weekend_weekday_index"": 0.7661221887462503}","{""adm_cd"": 1123079, ""any_signal"": false, ""call_contacts"": 13.803473205100229, ""call_contacts_baseline_n"": 43, ""call_contacts_common_change"": 0.014787035146425431, ""call_contacts_log_change"": 0.016503424902291286, ""call_contacts_residual"": 0.0017163897558658547, ""call_contacts_rz"": 0.4074348078802809, ""cluster"": 2, ""cluster_type"": ""중간활동·다인가구 중심형"", ""combined_signal"": false, ""comm_low_rate"": 0.09372206877065109, ""comm_low_rate_change"": 0.002205548794613127, ""comm_validation_support"": true, ""communication_signal"": false, ""date"": ""2025-09-01T00:00:00"", ""days_in_month"": 30, ""dong_name"": ""대치2동"", ""interest_structural_issue"": false, ""mobility_distance_both_down"": true, ""mobility_distance_support"": true, ""mobility_signal"": false, ""rain_days"": 13.0, ""rainfall_mm"": 370.7, ""signal_status"": null, ""snow_days"": 0.0, ""text_contacts"": 5.681264145649531, ""text_contacts_baseline_n"": 43, ""text_contacts_common_change"": 0.012905320781007368, ""text_contacts_log_change"": 0.010893731013855046, ""text_contacts_residual"": -0.002011589767152322, ""text_contacts_rz"": -0.3803629917068945, ""weekday_count_est_ratio"": 0.9508389188515135, ""weekday_days"": 22, ""weekday_distance_down"": true, ""weekday_distance_est_ratio"": 0.9470773451382611, ""weekday_move_count"": 36.18105317825604, ""weekday_move_count_baseline_n"": 43, ""weekday_move_count_common_change"": 0.42871344146016654, ""weekday_move_count_log_change"": 0.43043922221266673, ""weekday_move_count_residual"": 0.0017257807525001834, ""weekday_move_count_rz"": 0.27032383568734125, ""weekday_move_distance"": 1312.5355592408011, ""weekday_move_distance_common_change"": 0.4280342963074215, ""weekday_move_distance_log_change"": 0.41137772498809966, ""weekday_move_distance_residual"": -0.016656571319321856, ""weekday_outing_low_rate"": 0.05556548665932405, ""weekend_count_est_ratio"": 0.9140867288088038, ""weekend_days"": 8, ""weekend_distance_down"": true, ""weekend_distance_est_ratio"": 0.8992558531034698, ""weekend_move_count"": 12.762349627368085, ""weekend_move_count_baseline_n"": 43, ""weekend_move_count_common_change"": 0.35432380393667917, ""weekend_move_count_log_change"": 0.35816294428369977, ""weekend_move_count_residual"": 0.0038391403470205976, ""weekend_move_count_rz"": 0.5466828570127193, ""weekend_move_distance"": 556.5774754926516, ""weekend_move_distance_common_change"": 0.35100897528049924, ""weekend_move_distance_log_change"": 0.33450804374877396, ""weekend_move_distance_residual"": -0.01650093153172527, ""weekend_outing_low_rate"": 0.08204501288800982, ""행정동"": ""대치2동"", ""행정동코드"": 1123079}",,,,,,
2025-09-01,1123080,개포2동,0,0,0,0,,2025H2,analysis1_2025H2,2,중간활동·다인가구 중심형,"{""active_pop_pc1"": -2.366336608612611, ""active_pop_pc2"": 0.251495985319658, ""activity_intensity"": 356.1191324921136, ""adm_cd"": ""1123080"", ""disability_ratio"": 0.0180231387734318, ""dong_name"": ""개포2동"", ""foreigner_ratio"": 0.0038959992008093, ""household_structure_pc1"": -1.9959007411916614, ""household_structure_pc2"": 0.4819812636085993, ""livelihood_recipient_ratio"": 0.0026525513043684, ""resident_age_pc1"": -0.8478421208714008, ""resident_age_pc2"": -0.5209638347474519, ""time_structure_pc1"": -1.6818571562464748, ""time_structure_pc2"": 1.0742607469722483, ""weekend_weekday_index"": 1.1020346819350626}","{""adm_cd"": 1123080, ""any_signal"": false, ""call_contacts"": 13.112202259464745, ""call_contacts_baseline_n"": 43, ""call_contacts_common_change"": 0.014787035146425431, ""call_contacts_log_change"": 0.012746795782471843, ""call_contacts_residual"": -0.0020402393639535887, ""call_contacts_rz"": -0.004526911309249571, ""cluster"": 2, ""cluster_type"": ""중간활동·다인가구 중심형"", ""combined_signal"": false, ""comm_low_rate"": 0.08001049402909179, ""comm_low_rate_change"": -0.0003042951025475915, ""comm_validation_support"": false, ""communication_signal"": false, ""date"": ""2025-09-01T00:00:00"", ""days_in_month"": 30, ""dong_name"": ""개포2동"", ""interest_structural_issue"": false, ""mobility_distance_both_down"": false, ""mobility_distance_support"": true, ""mobility_signal"": false, ""rain_days"": 13.0, ""rainfall_mm"": 370.7, ""signal_status"": null, ""snow_days"": 0.0, ""text_contacts"": 5.497333774111018, ""text_contacts_baseline_n"": 43, ""text_contacts_common_change"": 0.012905320781007368, ""text_contacts_log_change"": 0.01328148366957671, ""text_contacts_residual"": 0.00037616288856934244, ""text_contacts_rz"": 0.25986310430693543, ""weekday_count_est_ratio"": 0.966044499381953, ""weekday_days"": 22, ""weekday_distance_down"": true, ""weekday_distance_est_ratio"": 0.967449909448932, ""weekday_move_count"": 38.74859972939186, ""weekday_move_count_baseline_n"": 43, ""weekday_move_count_common_change"": 0.42871344146016654, ""weekday_move_count_log_change"": 0.42892882048165193, ""weekday_move_count_residual"": 0.00021537902148538457, ""weekday_move_count_rz"": 0.07110638138010734, ""weekday_move_distance"": 1349.6331781969104, ""weekday_move_distance_common_change"": 0.4280342963074215, ""weekday_move_distance_log_change"": 0.41960528730472024, ""weekday_move_distance_residual"": -0.008429009002701271, ""weekday_outing_low_rate"": 0.029911221809442688, ""weekend_count_est_ratio"": 0.9389294851524995, ""weekend_days"": 8, ""weekend_distance_down"": false, ""weekend_distance_est_ratio"": 0.9294147238911087, ""weekend_move_count"": 13.829791381809253, ""weekend_move_count_baseline_n"": 43, ""weekend_move_count_common_change"": 0.35432380393667917, ""weekend_move_count_log_change"": 0.3636007061068258, ""weekend_move_count_residual"": 0.00927690217014665, ""weekend_move_count_rz"": 0.825063324954376, ""weekend_move_distance"": 587.0147254523832, ""weekend_move_distance_common_change"": 0.35100897528049924, ""weekend_move_distance_log_change"": 0.3574735208452706, ""weekend_move_distance_residual"": 0.0064645455647713845, ""weekend_outing_low_rate"": 0.0813837867250532, ""행정동"": ""개포2동"", ""행정동코드"": 1123080}",,,,,,
2025-10-01,1123051,신사동,0,0,0,0,,2025H2,analysis1_2025H2,2,중간활동·다인가구 중심형,"{""active_pop_pc1"": 1.0088791940287667, ""active_pop_pc2"": -0.5688564516594959, ""activity_intensity"": 607.2698402650532, ""adm_cd"": ""1123051"", ""disability_ratio"": 0.0232542948592331, ""dong_name"": ""신사동"", ""foreigner_ratio"": 0.0138153065986681, ""household_structure_pc1"": 0.0605229569429563, ""household_structure_pc2"": 0.4495198306068907, ""livelihood_recipient_ratio"": 0.0077732053040695, ""resident_age_pc1"": -0.16136111396294658, ""resident_age_pc2"": 1.0441849821551388, ""time_structure_pc1"": 0.81897433245156, ""time_structure_pc2"": 1.2570230042645771, ""weekend_weekday_index"": 0.8509529756754773}","{""adm_cd"": 1123051, ""any_signal"": false, ""call_contacts"": 13.322252920193048, ""call_contacts_baseline_n"": 44, ""call_contacts_common_change"": -0.022895072300057828, ""call_contacts_log_change"": -0.03412967350505269, ""call_contacts_residual"": -0.011234601204994865, ""call_contacts_rz"": -1.5474315907141296, ""cluster"": 2, ""cluster_type"": ""중간활동·다인가구 중심형"", ""combined_signal"": false, ""comm_low_rate"": 0.11028284798662395, ""comm_low_rate_change"": 0.00028457338531429066, ""comm_validation_support"": true, ""communication_signal"": false, ""date"": ""2025-10-01T00:00:00"", ""days_in_month"": 31, ""dong_name"": ""신사동"", ""interest_structural_issue"": false, ""mobility_distance_both_down"": true, ""mobility_distance_support"": true, ""mobility_signal"": false, ""rain_days"": 15.0, ""rainfall_mm"": 186.3, ""signal_status"": null, ""snow_days"": 0.0, ""text_contacts"": 5.487715604672308, ""text_contacts_baseline_n"": 44, ""text_contacts_common_change"": -0.030496915094347266, ""text_contacts_log_change"": -0.0331605373389563, ""text_contacts_residual"": -0.002663622244609032, ""text_contacts_rz"": -0.5564267108313974, ""weekday_count_est_ratio"": 0.9311205147933133, ""weekday_days"": 23, ""weekday_distance_down"": true, ""weekday_distance_est_ratio"": 0.9279226411135203, ""weekday_move_count"": 31.122559668815818, ""weekday_move_count_baseline_n"": 44, ""weekday_move_count_common_change"": -0.07633228152631255, ""weekday_move_count_log_change"": -0.07751027305061253, ""weekday_move_count_residual"": -0.0011779915242999817, ""weekday_move_count_rz"": 0.13076898618674127, ""weekday_move_distance"": 1087.508842257685, ""weekday_move_distance_common_change"": -0.023780355931801278, ""weekday_move_distance_log_change"": -0.035766470430770525, ""weekday_move_distance_residual"": -0.011986114498969247, ""weekday_outing_low_rate"": 0.09386602627675009, ""weekend_count_est_ratio"": 0.9029530670770092, ""weekend_days"": 8, ""weekend_distance_down"": true, ""weekend_distance_est_ratio"": 0.891863327970903, ""weekend_move_count"": 15.004845641046298, ""weekend_move_count_baseline_n"": 44, ""weekend_move_count_common_change"": 0.14737865723820098, ""weekend_move_count_log_change"": 0.1463989436982831, ""weekend_move_count_residual"": -0.0009797135399178813, ""weekend_move_count_rz"": -0.10143065878949913, ""weekend_move_distance"": 688.6981053519851, ""weekend_move_distance_common_change"": 0.2732488551062344, ""weekend_move_distance_log_change"": 0.25806364360142364, ""weekend_move_distance_residual"": -0.01518521150481078, ""weekend_outing_low_rate"": 0.0934603185010942, ""행정동"": ""신사동"", ""행정동코드"": 1123051}",,,,,,
2025-10-01,1123052,논현1동,0,0,0,0,,2025H2,analysis1_2025H2,0,고활동·청년유동·1인가구 중심형,"{""active_pop_pc1"": 3.453788748468105, ""active_pop_pc2"": -0.47931987392245334, ""activity_intensity"": 696.1982087542087, ""adm_cd"": ""1123052"", ""disability_ratio"": 0.0253999210605744, ""dong_name"": ""논현1동"", ""foreigner_ratio"": 0.0392614362737223, ""household_structure_pc1"": 3.1168283256548026, ""household_structure_pc2"": -0.895896843173252, ""livelihood_recipient_ratio"": 0.0298112419029045, ""resident_age_pc1"": 3.7507521888889657, ""resident_age_pc2"": -1.2422024657975301, ""time_structure_pc1"": 0.27596478825796733, ""time_structure_pc2"": 0.7750585861084357, ""weekend_weekday_index"": 0.6598316944339361}","{""adm_cd"": 1123052, ""any_signal"": false, ""call_contacts"": 13.719041226398751, ""call_contacts_baseline_n"": 44, ""call_contacts_common_change"": -0.022895072300057828, ""call_contacts_log_change"": -0.026643343736736824, ""call_contacts_residual"": -0.003748271436678996, ""call_contacts_rz"": -0.47278476308126915, ""cluster"": 0, ""cluster_type"": ""고활동·청년유동·1인가구 중심형"", ""combined_signal"": false, ""comm_low_rate"": 0.11469571455092918, ""comm_low_rate_change"": 0.0017511435794452385, ""comm_validation_support"": true, ""communication_signal"": false, ""date"": ""2025-10-01T00:00:00"", ""days_in_month"": 31, ""dong_name"": ""논현1동"", ""interest_structural_issue"": false, ""mobility_distance_both_down"": false, ""mobility_distance_support"": true, ""mobility_signal"": false, ""rain_days"": 15.0, ""rainfall_mm"": 186.3, ""signal_status"": null, ""snow_days"": 0.0, ""text_contacts"": 5.575967434609388, ""text_contacts_baseline_n"": 44, ""text_contacts_common_change"": -0.030496915094347266, ""text_contacts_log_change"": -0.035819542920551006, ""text_contacts_residual"": -0.005322627826203741, ""text_contacts_rz"": -0.5658603986657941, ""weekday_count_est_ratio"": 0.9299450025983025, ""weekday_days"": 23, ""weekday_distance_down"": true, ""weekday_distance_est_ratio"": 0.9215325653906115, ""weekday_move_count"": 28.474795148058444, ""weekday_move_count_baseline_n"": 44, ""weekday_move_count_common_change"": -0.07633228152631255, ""weekday_move_count_log_change"": -0.07838641067218655, ""weekday_move_count_residual"": -0.002054129145873995, ""weekday_move_count_rz"": -0.23713606686109762, ""weekday_move_distance"": 1001.9456846724371, ""weekday_move_distance_common_change"": -0.023780355931801278, ""weekday_move_distance_log_change"": -0.034686032456829, ""weekday_move_distance_residual"": -0.010905676525027719, ""weekday_outing_low_rate"": 0.11895688625780364, ""weekend_count_est_ratio"": 0.897268318032219, ""weekend_days"": 8, ""weekend_distance_down"": false, ""weekend_distance_est_ratio"": 0.8909206651654252, ""weekend_move_count"": 14.021861086925885, ""weekend_move_count_baseline_n"": 44, ""weekend_move_count_common_change"": 0.14737865723820098, ""weekend_move_count_log_change"": 0.14337148272747546, ""weekend_move_count_residual"": -0.00400717451072552, ""weekend_move_count_rz"": -0.29016649384582394, ""weekend_move_distance"": 724.9436152089569, ""weekend_move_distance_common_change"": 0.2732488551062344, ""weekend_move_distance_log_change"": 0.2755830846562768, ""weekend_move_distance_residual"": 0.002334229550042366, ""weekend_outing_low_rate"": 0.08097544470967678, ""행정동"": ""논현1동"", ""행정동코드"": 1123052}",,,,,,
2025-10-01,1123053,논현2동,0,0,0,0,,2025H2,analysis1_2025H2,0,고활동·청년유동·1인가구 중심형,"{""active_pop_pc1"": 2.9000233961088235, ""active_pop_pc2"": -0.10206052622030919, ""activity_intensity"": 698.9132497116494, ""adm_cd"": ""1123053"", ""disability_ratio"": 0.0220396420996172, ""dong_name"": ""논현2동"", ""foreigner_ratio"": 0.0192359417126495, ""household_structure_pc1"": 1.9479285504751769, ""household_structure_pc2"": -0.4486960353567812, ""livelihood_recipient_ratio"": 0.0158958480629982, ""resident_age_pc1"": 1.8362400462184008, ""resident_age_pc2"": -0.5567102677104767, ""time_structure_pc1"": 1.232090568789294, ""time_structure_pc2"": -0.6568326529068874, ""weekend_weekday_index"": 0.6058801393255854}","{""adm_cd"": 1123053, ""any_signal"": false, ""call_contacts"": 14.34619041133206, ""call_contacts_baseline_n"": 44, ""call_contacts_common_change"": -0.022895072300057828, ""call_contacts_log_change"": -0.029438253756079114, ""call_contacts_residual"": -0.006543181456021285, ""call_contacts_rz"": -1.1645113043750976, ""cluster"": 0, ""cluster_type"": ""고활동·청년유동·1인가구 중심형"", ""combined_signal"": false, ""comm_low_rate"": 0.11254751152224253, ""comm_low_rate_change"": -0.008347858659278978, ""comm_validation_support"": false, ""communication_signal"": false, ""date"": ""2025-10-01T00:00:00"", ""days_in_month"": 31, ""dong_name"": ""논현2동"", ""interest_structural_issue"": false, ""mobility_distance_both_down"": false, ""mobility_distance_support"": true, ""mobility_signal"": false, ""rain_days"": 15.0, ""rainfall_mm"": 186.3, ""signal_status"": null, ""snow_days"": 0.0, ""text_contacts"": 5.704396622173795, ""text_contacts_baseline_n"": 44, ""text_contacts_common_change"": -0.030496915094347266, ""text_contacts_log_change"": -0.036528075422640915, ""text_contacts_residual"": -0.00603116032829365, ""text_contacts_rz"": -1.2647049695753518, ""weekday_count_est_ratio"": 0.9296363388722418, ""weekday_days"": 23, ""weekday_distance_down"": false, ""weekday_distance_est_ratio"": 0.9247230545718697, ""weekday_move_count"": 29.96913412518064, ""weekday_move_count_baseline_n"": 44, ""weekday_move_count_common_change"": -0.07633228152631255, ""weekday_move_count_log_change"": -0.0731868402849365, ""weekday_move_count_residual"": 0.003145441241376057, ""weekday_move_count_rz"": 0.5124272146237777, ""weekday_move_distance"": 1052.0500761686867, ""weekday_move_distance_common_change"": -0.023780355931801278, ""weekday_move_distance_log_change"": -0.021917413788113294, ""weekday_move_distance_residual"": 0.0018629421436879845, ""weekday_outing_low_rate"": 0.10047773684418627, ""weekend_count_est_ratio"": 0.8999909198220287, ""weekend_days"": 8, ""weekend_distance_down"": true, ""weekend_distance_est_ratio"": 0.9004698992100245, ""weekend_move_count"": 14.840176545663663, ""weekend_move_count_baseline_n"": 44, ""weekend_move_count_common_change"": 0.14737865723820098, ""weekend_move_count_log_change"": 0.15309421853818872, ""weekend_move_count_residual"": 0.005715561299987737, ""weekend_move_count_rz"": 0.9256799000414894, ""weekend_move_distance"": 731.3347525051994, ""weekend_move_distance_common_change"": 0.2732488551062344, ""weekend_move_distance_log_change"": 0.2709673327702067, ""weekend_move_distance_residual"": -0.0022815223360277415, ""weekend_outing_low_rate"": 0.07426667652281842, ""행정동"": ""논현2동"", ""행정동코드"": 1123053}",,,,,,
2025-10-01,1123058,삼성1동,0,0,0,0,,2025H2,analysis1_2025H2,0,고활동·청년유동·1인가구 중심형,"{""active_pop_pc1"": 2.5679862614364954, ""active_pop_pc2"": 0.4639211601272395, ""activity_intensity"": 809.7405360670981, ""adm_cd"": ""1123058"", ""disability_ratio"": 0.0217082805967859, ""dong_name"": ""삼성1동"", ""foreigner_ratio"": 0.0244693448059286, ""household_structure_pc1"": -0.02445449279740706, ""household_structure_pc2"": 0.9379226306994808, ""livelihood_recipient_ratio"": 0.0068269857707206, ""resident_age_pc1"": 0.02031325458294293, ""resident_age_pc2"": 1.0968941609975316, ""time_structure_pc1"": 3.8344529860505894, ""time_structure_pc2"": -1.3973448705491038, ""weekend_weekday_index"": 0.7580710672406373}","{""adm_cd"": 1123058, ""any_signal"": false, ""call_contacts"": 14.027438005299272, ""call_contacts_baseline_n"": 44, ""call_contacts_common_change"": -0.022895072300057828, ""call_contacts_log_change"": -0.026282476586229286, ""call_contacts_residual"": -0.003387404286171458, ""call_contacts_rz"": -0.5752168294343898, ""cluster"": 0, ""cluster_type"": ""고활동·청년유동·1인가구 중심형"", ""combined_signal"": false, ""comm_low_rate"": 0.11309563664769556, ""comm_low_rate_change"": -0.004574859401178855, ""comm_validation_support"": false, ""communication_signal"": false, ""date"": ""2025-10-01T00:00:00"", ""days_in_month"": 31, ""dong_name"": ""삼성1동"", ""interest_structural_issue"": false, ""mobility_distance_both_down"": false, ""mobility_distance_support"": true, ""mobility_signal"": false, ""rain_days"": 15.0, ""rainfall_mm"": 186.3, ""signal_status"": null, ""snow_days"": 0.0, ""text_contacts"": 5.51112100006794, ""text_contacts_baseline_n"": 44, ""text_contacts_common_change"": -0.030496915094347266, ""text_contacts_log_change"": -0.029159893061422304, ""text_contacts_residual"": 0.0013370220329249616, ""text_contacts_rz"": 0.23467702253624226, ""weekday_count_est_ratio"": 0.9366152591888036, ""weekday_days"": 23, ""weekday_distance_down"": false, ""weekday_distance_est_ratio"": 0.9358502615666825, ""weekday_move_count"": 33.461257772355225, ""weekday_move_count_baseline_n"": 44, ""weekday_move_count_common_change"": -0.07633228152631255, ""weekday_move_count_log_change"": -0.07615735851288363, ""weekday_move_count_residual"": 0.00017492301342891814, ""weekday_move_count_rz"": 0.1301056180446168, ""weekday_move_distance"": 1236.8677398985685, ""weekday_move_distance_common_change"": -0.023780355931801278, ""weekday_move_distance_log_change"": -0.005961890609581744, ""weekday_move_distance_residual"": 0.017818465322219534, ""weekday_outing_low_rate"": 0.08784733846668898, ""weekend_count_est_ratio"": 0.9046409402812691, ""weekend_days"": 8, ""weekend_distance_down"": true, ""weekend_distance_est_ratio"": 0.9034316189958558, ""weekend_move_count"": 15.9611962230228, ""weekend_move_count_baseline_n"": 44, ""weekend_move_count_common_change"": 0.14737865723820098, ""weekend_move_count_log_change"": 0.143485478275013, ""weekend_move_count_residual"": -0.003893178963187971, ""weekend_move_count_rz"": -0.4392551084442171, ""weekend_move_distance"": 750.1861191672789, ""weekend_move_distance_common_change"": 0.2732488551062344, ""weekend_move_distance_log_change"": 0.2608102028744206, ""weekend_move_distance_residual"": -0.01243865223181384, ""weekend_outing_low_rate"": 0.10058029237808279, ""행정동"": ""삼성1동"", ""행정동코드"": 1123058}",,,,,,
2025-10-01,1123059,삼성2동,0,0,0,0,,2025H2,analysis1_2025H2,0,고활동·청년유동·1인가구 중심형,"{""active_pop_pc1"": 1.9648971764163092, ""active_pop_pc2"": 0.42604555301592795, ""activity_intensity"": 705.2855931080185, ""adm_cd"": ""1123059"", ""disability_ratio"": 0.019152830435351, ""dong_name"": ""삼성2동"", ""foreigner_ratio"": 0.010409578322043, ""household_structure_pc1"": 0.5495489596363184, ""household_structure_pc2"": -0.6664725705103184, ""livelihood_recipient_ratio"": 0.0110798797228395, ""resident_age_pc1"": -0.15441807500714294, ""resident_age_pc2"": -0.9841985998764194, ""time_structure_pc1"": 1.0924956073545355, ""time_structure_pc2"": -0.7233181092951388, ""weekend_weekday_index"": 0.5882834439387897}","{""adm_cd"": 1123059, ""any_signal"": false, ""call_contacts"": 13.87281736219424, ""call_contacts_baseline_n"": 44, ""call_contacts_common_change"": -0.022895072300057828, ""call_contacts_log_change"": -0.03623779897468982, ""call_contacts_residual"": -0.013342726674631988, ""call_contacts_rz"": -2.729297452944781, ""cluster"": 0, ""cluster_type"": ""고활동·청년유동·1인가구 중심형"", ""combined_signal"": false, ""comm_low_rate"": 0.10138106660185763, ""comm_low_rate_change"": -0.0012836799055900017, ""comm_validation_support"": false, ""communication_signal"": false, ""date"": ""2025-10-01T00:00:00"", ""days_in_month"": 31, ""dong_name"": ""삼성2동"", ""interest_structural_issue"": false, ""mobility_distance_both_down"": false, ""mobility_distance_support"": false, ""mobility_signal"": false, ""rain_days"": 15.0, ""rainfall_mm"": 186.3, ""signal_status"": null, ""snow_days"": 0.0, ""text_contacts"": 5.659058850382318, ""text_contacts_baseline_n"": 44, ""text_contacts_common_change"": -0.030496915094347266, ""text_contacts_log_change"": -0.03752868577015289, ""text_contacts_residual"": -0.007031770675805626, ""text_contacts_rz"": -1.8882233937348678, ""weekday_count_est_ratio"": 0.9410822840187164, ""weekday_days"": 23, ""weekday_distance_down"": false, ""weekday_distance_est_ratio"": 0.9367059763381138, ""weekday_move_count"": 31.0591719496504, ""weekday_move_count_baseline_n"": 44, ""weekday_move_count_common_change"": -0.07633228152631255, ""weekday_move_count_log_change"": -0.07590688571519877, ""weekday_move_count_residual"": 0.00042539581111378233, ""weekday_move_count_rz"": 0.27883315748760307, ""weekday_move_distance"": 1161.0136068275476, ""weekday_move_distance_common_change"": -0.023780355931801278, ""weekday_move_distance_log_change"": -0.016966503730735383, ""weekday_move_distance_residual"": 0.006813852201065895, ""weekday_outing_low_rate"": 0.09631962128977038, ""weekend_count_est_ratio"": 0.9172530147981893, ""weekend_days"": 8, ""weekend_distance_down"": false, ""weekend_distance_est_ratio"": 0.9155536957431432, ""weekend_move_count"": 14.54967785937442, ""weekend_move_count_baseline_n"": 44, ""weekend_move_count_common_change"": 0.14737865723820098, ""weekend_move_count_log_change"": 0.14358683986210785, ""weekend_move_count_residual"": -0.0037918173760931317, ""weekend_move_count_rz"": -0.8033933810050765, ""weekend_move_distance"": 757.3116133602799, ""weekend_move_distance_common_change"": 0.2732488551062344, ""weekend_move_distance_log_change"": 0.27557502363973274, ""weekend_move_distance_residual"": 0.0023261685334983184, ""weekend_outing_low_rate"": 0.06823124148060483, ""행정동"": ""삼성2동"", ""행정동코드"": 1123059}",,,,,,
2025-10-01,1123060,대치1동,0,0,0,0,,2025H2,analysis1_2025H2,2,중간활동·다인가구 중심형,"{""active_pop_pc1"": -2.767175777556055, ""active_pop_pc2"": 2.4046862147640096, ""activity_intensity"": 708.2130124223603, ""adm_cd"": ""1123060"", ""disability_ratio"": 0.0127188011585442, ""dong_name"": ""대치1동"", ""foreigner_ratio"": 0.001741873802276, ""household_structure_pc1"": -3.0450878987906966, ""household_structure_pc2"": -2.080405480267149, ""livelihood_recipient_ratio"": 0.0003358099315787, ""resident_age_pc1"": -3.312423927946103, ""resident_age_pc2"": -1.549734571498052, ""time_structure_pc1"": 0.2509544794067247, ""time_structure_pc2"": 2.2451794365989626, ""weekend_weekday_index"": 1.0087785504961273}","{""adm_cd"": 1123060, ""any_signal"": false, ""call_contacts"": 13.986890482791875, ""call_contacts_baseline_n"": 44, ""call_contacts_common_change"": -0.022895072300057828, ""call_contacts_log_change"": -0.021199600779470362, ""call_contacts_residual"": 0.001695471520587466, ""call_contacts_rz"": 0.3809295706807455, ""cluster"": 2, ""cluster_type"": ""중간활동·다인가구 중심형"", ""combined_signal"": false, ""comm_low_rate"": 0.08406393188295992, ""comm_low_rate_change"": 0.0018455299097182715, ""comm_validation_support"": true, ""communication_signal"": false, ""date"": ""2025-10-01T00:00:00"", ""days_in_month"": 31, ""dong_name"": ""대치1동"", ""interest_structural_issue"": false, ""mobility_distance_both_down"": false, ""mobility_distance_support"": true, ""mobility_signal"": false, ""rain_days"": 15.0, ""rainfall_mm"": 186.3, ""signal_status"": null, ""snow_days"": 0.0, ""text_contacts"": 5.99636610210355, ""text_contacts_baseline_n"": 44, ""text_contacts_common_change"": -0.030496915094347266, ""text_contacts_log_change"": -0.030838700393736707, ""text_contacts_residual"": -0.000341785299389441, ""text_contacts_rz"": -0.19630576159469945, ""weekday_count_est_ratio"": 0.9535097341932374, ""weekday_days"": 23, ""weekday_distance_down"": false, ""weekday_distance_est_ratio"": 0.9505575311916099, ""weekday_move_count"": 34.52857400402536, ""weekday_move_count_baseline_n"": 44, ""weekday_move_count_common_change"": -0.07633228152631255, ""weekday_move_count_log_change"": -0.07130600077079396, ""weekday_move_count_residual"": 0.005026280755518586, ""weekday_move_count_rz"": 0.47223813222989663, ""weekday_move_distance"": 1336.0734774867317, ""weekday_move_distance_common_change"": -0.023780355931801278, ""weekday_move_distance_log_change"": -0.017796705348536612, ""weekday_move_distance_residual"": 0.005983650583264666, ""weekday_outing_low_rate"": 0.05307212180250388, ""weekend_count_est_ratio"": 0.9317991682237358, ""weekend_days"": 8, ""weekend_distance_down"": true, ""weekend_distance_est_ratio"": 0.9265848954252306, ""weekend_move_count"": 15.131753584208525, ""weekend_move_count_baseline_n"": 44, ""weekend_move_count_common_change"": 0.14737865723820098, ""weekend_move_count_log_change"": 0.14984522826129343, ""weekend_move_count_residual"": 0.0024665710230924454, ""weekend_move_count_rz"": 0.35806320823929894, ""weekend_move_distance"": 728.9366405125359, ""weekend_move_distance_common_change"": 0.2732488551062344, ""weekend_move_distance_log_change"": 0.26638771035416386, ""weekend_move_distance_residual"": -0.006861144752070558, ""weekend_outing_low_rate"": 0.09183894360861568, ""행정동"": ""대치1동"", ""행정동코드"": 1123060}",,,,,,
2025-10-01,1123063,대치4동,0,0,0,0,,2025H2,analysis1_2025H2,0,고활동·청년유동·1인가구 중심형,"{""active_pop_pc1"": -0.09157669144460519, ""active_pop_pc2"": 2.2677731244457315, ""activity_intensity"": 1249.5277738095238, ""adm_cd"": ""1123063"", ""disability_ratio"": 0.0193911818871194, ""dong_name"": ""대치4동"", ""foreigner_ratio"": 0.0184464844604951, ""household_structure_pc1"": 1.7565790336331801, ""household_structure_pc2"": -0.7536284500944906, ""livelihood_recipient_ratio"": 0.0182537103239085, ""resident_age_pc1"": 0.7443781034414865, ""resident_age_pc2"": -0.8817579610049339, ""time_structure_pc1"": 1.5308776699345932, ""time_structure_pc2"": 1.5418833699014292, ""weekend_weekday_index"": 0.846502577728509}","{""adm_cd"": 1123063, ""any_signal"": false, ""call_contacts"": 13.792345469040658, ""call_contacts_baseline_n"": 44, ""call_contacts_common_change"": -0.022895072300057828, ""call_contacts_log_change"": -0.03312666672549325, ""call_contacts_residual"": -0.01023159442543542, ""call_contacts_rz"": -1.821033912641122, ""cluster"": 0, ""cluster_type"": ""고활동·청년유동·1인가구 중심형"", ""combined_signal"": false, ""comm_low_rate"": 0.10798598303209148, ""comm_low_rate_change"": -0.0036818878499800117, ""comm_validation_support"": false, ""communication_signal"": false, ""date"": ""2025-10-01T00:00:00"", ""days_in_month"": 31, ""dong_name"": ""대치4동"", ""interest_structural_issue"": false, ""mobility_distance_both_down"": false, ""mobility_distance_support"": false, ""mobility_signal"": false, ""rain_days"": 15.0, ""rainfall_mm"": 186.3, ""signal_status"": null, ""snow_days"": 0.0, ""text_contacts"": 5.777747010364071, ""text_contacts_baseline_n"": 44, ""text_contacts_common_change"": -0.030496915094347266, ""text_contacts_log_change"": -0.029120776645890523, ""text_contacts_residual"": 0.001376138448456743, ""text_contacts_rz"": 0.10815881700872813, ""weekday_count_est_ratio"": 0.9355843741695457, ""weekday_days"": 23, ""weekday_distance_down"": false, ""weekday_distance_est_ratio"": 0.9240010629816636, ""weekday_move_count"": 28.387455294602855, ""weekday_move_count_baseline_n"": 44, ""weekday_move_count_common_change"": -0.07633228152631255, ""weekday_move_count_log_change"": -0.08149230784739014, ""weekday_move_count_residual"": -0.005160026321077593, ""weekday_move_count_rz"": -0.5170794918771414, ""weekday_move_distance"": 1086.0228593886252, ""weekday_move_distance_common_change"": -0.023780355931801278, ""weekday_move_distance_log_change"": -0.009799507950295272, ""weekday_move_distance_residual"": 0.013980847981506006, ""weekday_outing_low_rate"": 0.11747647488168766, ""weekend_count_est_ratio"": 0.9043045442466117, ""weekend_days"": 8, ""weekend_distance_down"": false, ""weekend_distance_est_ratio"": 0.8920297634865799, ""weekend_move_count"": 13.4359356054751, ""weekend_move_count_baseline_n"": 44, ""weekend_move_count_common_change"": 0.14737865723820098, ""weekend_move_count_log_change"": 0.14056492321388792, ""weekend_move_count_residual"": -0.006813734024313067, ""weekend_move_count_rz"": -0.47181898621185037, ""weekend_move_distance"": 731.491719667007, ""weekend_move_distance_common_change"": 0.2732488551062344, ""weekend_move_distance_log_change"": 0.2874039676844351, ""weekend_move_distance_residual"": 0.01415511257820068, ""weekend_outing_low_rate"": 0.06792853386910694, ""행정동"": ""대치4동"", ""행정동코드"": 1123063}",,,,,,
2025-10-01,1123064,역삼1동,0,0,0,0,,2025H2,analysis1_2025H2,0,고활동·청년유동·1인가구 중심형,"{""active_pop_pc1"": 4.185841496062412, ""active_pop_pc2"": -0.2638326139732681, ""activity_intensity"": 1293.4531555790215, ""adm_cd"": ""1123064"", ""disability_ratio"": 0.0205263379274567, ""dong_name"": ""역삼1동"", ""foreigner_ratio"": 0.0400718774442376, ""household_structure_pc1"": 3.5605977216349443, ""household_structure_pc2"": -1.4993140543811143, ""livelihood_recipient_ratio"": 0.021872327299749, ""resident_age_pc1"": 4.623294874052999, ""resident_age_pc2"": -2.1956244530897044, ""time_structure_pc1"": 1.4095047852962523, ""time_structure_pc2"": -0.1666262800987883, ""weekend_weekday_index"": 0.5594494564513189}","{""adm_cd"": 1123064, ""any_signal"": false, ""call_contacts"": 13.978517886669641, ""call_contacts_baseline_n"": 44, ""call_contacts_common_change"": -0.022895072300057828, ""call_contacts_log_change"": -0.035337791637275906, ""call_contacts_residual"": -0.012442719337218078, ""call_contacts_rz"": -2.111865896581962, ""cluster"": 0, ""cluster_type"": ""고활동·청년유동·1인가구 중심형"", ""combined_signal"": false, ""comm_low_rate"": 0.11397180664375094, ""comm_low_rate_change"": -0.00131488999955022, ""comm_validation_support"": false, ""communication_signal"": false, ""date"": ""2025-10-01T00:00:00"", ""days_in_month"": 31, ""dong_name"": ""역삼1동"", ""interest_structural_issue"": false, ""mobility_distance_both_down"": false, ""mobility_distance_support"": true, ""mobility_signal"": false, ""rain_days"": 15.0, ""rainfall_mm"": 186.3, ""signal_status"": null, ""snow_days"": 0.0, ""text_contacts"": 5.714192278417889, ""text_contacts_baseline_n"": 44, ""text_contacts_common_change"": -0.030496915094347266, ""text_contacts_log_change"": -0.03644241611931154, ""text_contacts_residual"": -0.005945501024964273, ""text_contacts_rz"": -0.9641021526643868, ""weekday_count_est_ratio"": 0.9241080286606651, ""weekday_days"": 23, ""weekday_distance_down"": true, ""weekday_distance_est_ratio"": 0.9181528043883362, ""weekday_move_count"": 28.30879077315629, ""weekday_move_count_baseline_n"": 44, ""weekday_move_count_common_change"": -0.07633228152631255, ""weekday_move_count_log_change"": -0.08566749854711686, ""weekday_move_count_residual"": -0.00933521702080431, ""weekday_move_count_rz"": -1.0944287104623829, ""weekday_move_distance"": 1064.924971111303, ""weekday_move_distance_common_change"": -0.023780355931801278, ""weekday_move_distance_log_change"": -0.0375541892801694, ""weekday_move_distance_residual"": -0.013773833348368125, ""weekday_outing_low_rate"": 0.12894394243243765, ""weekend_count_est_ratio"": 0.895642109130994, ""weekend_days"": 8, ""weekend_distance_down"": false, ""weekend_distance_est_ratio"": 0.8896963334295688, ""weekend_move_count"": 14.349485521698842, ""weekend_move_count_baseline_n"": 44, ""weekend_move_count_common_change"": 0.14737865723820098, ""weekend_move_count_log_change"": 0.14468811635074585, ""weekend_move_count_residual"": -0.0026905408874551284, ""weekend_move_count_rz"": -0.23948168013214166, ""weekend_move_distance"": 792.4557270153801, ""weekend_move_distance_common_change"": 0.2732488551062344, ""weekend_move_distance_log_change"": 0.27553037744226216, ""weekend_move_distance_residual"": 0.0022815223360277415, ""weekend_outing_low_rate"": 0.08496407117221971, ""행정동"": ""역삼1동"", ""행정동코드"": 1123064}",,,,,,
2025-10-01,1123065,역삼2동,0,0,0,0,,2025H2,analysis1_2025H2,0,고활동·청년유동·1인가구 중심형,"{""active_pop_pc1"": 1.3018091854005989, ""active_pop_pc2"": 1.624496432805457, ""activity_intensity"": 790.7354921700224, ""adm_cd"": ""1123065"", ""disability_ratio"": 0.0180617223044455, ""dong_name"": ""역삼2동"", ""foreigner_ratio"": 0.0103601495975253, ""household_structure_pc1"": 0.13141903571757987, ""household_structure_pc2"": -1.66074968571193, ""livelihood_recipient_ratio"": 0.0092912349942443, ""resident_age_pc1"": -1.027253657311876, ""resident_age_pc2"": -2.0722232053343856, ""time_structure_pc1"": 0.6510175471197581, ""time_structure_pc2"": -0.4907270054113869, ""weekend_weekday_index"": 0.6584753146488297}","{""adm_cd"": 1123065, ""any_signal"": false, ""call_contacts"": 13.674461599760933, ""call_contacts_baseline_n"": 44, ""call_contacts_common_change"": -0.022895072300057828, ""call_contacts_log_change"": -0.03238665669987828, ""call_contacts_residual"": -0.009491584399820452, ""call_contacts_rz"": -2.394449073157895, ""cluster"": 0, ""cluster_type"": ""고활동·청년유동·1인가구 중심형"", ""combined_signal"": false, ""comm_low_rate"": 0.09811014539902474, ""comm_low_rate_change"": -0.0010040221901915086, ""comm_validation_support"": false, ""communication_signal"": false, ""date"": ""2025-10-01T00:00:00"", ""days_in_month"": 31, ""dong_name"": ""역삼2동"", ""interest_structural_issue"": false, ""mobility_distance_both_down"": false, ""mobility_distance_support"": false, ""mobility_signal"": false, ""rain_days"": 15.0, ""rainfall_mm"": 186.3, ""signal_status"": null, ""snow_days"": 0.0, ""text_contacts"": 5.641258757512369, ""text_contacts_baseline_n"": 44, ""text_contacts_common_change"": -0.030496915094347266, ""text_contacts_log_change"": -0.036895603890467976, ""text_contacts_residual"": -0.006398688796120711, ""text_contacts_rz"": -1.2405245666310372, ""weekday_count_est_ratio"": 0.946511604741508, ""weekday_days"": 23, ""weekday_distance_down"": false, ""weekday_distance_est_ratio"": 0.9422498920875253, ""weekday_move_count"": 31.230323134460043, ""weekday_move_count_baseline_n"": 44, ""weekday_move_count_common_change"": -0.07633228152631255, ""weekday_move_count_log_change"": -0.07808619137336859, ""weekday_move_count_residual"": -0.0017539098470560344, ""weekday_move_count_rz"": -0.6914950889481315, ""weekday_move_distance"": 1165.278442599728, ""weekday_move_distance_common_change"": -0.023780355931801278, ""weekday_move_distance_log_change"": -0.020408127415539212, ""weekday_move_distance_residual"": 0.0033722285162620658, ""weekday_outing_low_rate"": 0.10127284221266779, ""weekend_count_est_ratio"": 0.923177275293024, ""weekend_days"": 8, ""weekend_distance_down"": false, ""weekend_distance_est_ratio"": 0.9178643291164459, ""weekend_move_count"": 14.468586288045353, ""weekend_move_count_baseline_n"": 44, ""weekend_move_count_common_change"": 0.14737865723820098, ""weekend_move_count_log_change"": 0.15026705502237325, ""weekend_move_count_residual"": 0.0028883977841722697, ""weekend_move_count_rz"": 0.32328431997932283, ""weekend_move_distance"": 750.55181874319, ""weekend_move_distance_common_change"": 0.2732488551062344, ""weekend_move_distance_log_change"": 0.28931492722741403, ""weekend_move_distance_residual"": 0.01606607212117961, ""weekend_outing_low_rate"": 0.06459406204135351, ""행정동"": ""역삼2동"", ""행정동코드"": 1123065}",,,,,,
2025-10-01,1123066,도곡1동,0,0,0,0,,2025H2,analysis1_2025H2,2,중간활동·다인가구 중심형,"{""active_pop_pc1"": 0.29802864985290256, ""active_pop_pc2"": -0.28765595894381685, ""activity_intensity"": 348.9483497942387, ""adm_cd"": ""1123066"", ""disability_ratio"": 0.0169869718563305, ""dong_name"": ""도곡1동"", ""foreigner_ratio"": 0.0063101200796885, ""household_structure_pc1"": -0.5225651340482826, ""household_structure_pc2"": -0.1990963702531279, ""livelihood_recipient_ratio"": 0.0036949063077329, ""resident_age_pc1"": -0.4309759559966248, ""resident_age_pc2"": -0.2857722048449105, ""time_structure_pc1"": 0.3401918321243857, ""time_structure_pc2"": -0.7501872642702954, ""weekend_weekday_index"": 0.7141460159554923}","{""adm_cd"": 1123066, ""any_signal"": false, ""call_contacts"": 13.012790747483402, ""call_contacts_baseline_n"": 44, ""call_contacts_common_change"": -0.022895072300057828, ""call_contacts_log_change"": -0.019976432041006742, ""call_contacts_residual"": 0.0029186402590510863, ""call_contacts_rz"": 0.508197359066373, ""cluster"": 2, ""cluster_type"": ""중간활동·다인가구 중심형"", ""combined_signal"": false, ""comm_low_rate"": 0.0906322853079318, ""comm_low_rate_change"": -0.0023327119359456694, ""comm_validation_support"": false, ""communication_signal"": false, ""date"": ""2025-10-01T00:00:00"", ""days_in_month"": 31, ""dong_name"": ""도곡1동"", ""interest_structural_issue"": false, ""mobility_distance_both_down"": false, ""mobility_distance_support"": false, ""mobility_signal"": false, ""rain_days"": 15.0, ""rainfall_mm"": 186.3, ""signal_status"": null, ""snow_days"": 0.0, ""text_contacts"": 5.395859391732706, ""text_contacts_baseline_n"": 44, ""text_contacts_common_change"": -0.030496915094347266, ""text_contacts_log_change"": -0.029219269457836594, ""text_contacts_residual"": 0.0012776456365106714, ""text_contacts_rz"": 0.150438733138064, ""weekday_count_est_ratio"": 0.9585510816020562, ""weekday_days"": 23, ""weekday_distance_down"": false, ""weekday_distance_est_ratio"": 0.9561667380595416, ""weekday_move_count"": 33.392503332048555, ""weekday_move_count_baseline_n"": 44, ""weekday_move_count_common_change"": -0.07633228152631255, ""weekday_move_count_log_change"": -0.07353237135545543, ""weekday_move_count_residual"": 0.002799910170857123, ""weekday_move_count_rz"": 0.48035769267927997, ""weekday_move_distance"": 1291.7411581940678, ""weekday_move_distance_common_change"": -0.023780355931801278, ""weekday_move_distance_log_change"": -0.011999327270454607, ""weekday_move_distance_residual"": 0.01178102866134667, ""weekday_outing_low_rate"": 0.05309202519952885, ""weekend_count_est_ratio"": 0.9332940672520883, ""weekend_days"": 8, ""weekend_distance_down"": false, ""weekend_distance_est_ratio"": 0.9286356821589203, ""weekend_move_count"": 15.190677657169738, ""weekend_move_count_baseline_n"": 44, ""weekend_move_count_common_change"": 0.14737865723820098, ""weekend_move_count_log_change"": 0.14876217771092914, ""weekend_move_count_residual"": 0.0013835204727281614, ""weekend_move_count_rz"": 0.24190744010896112, ""weekend_move_distance"": 752.8909178237004, ""weekend_move_distance_common_change"": 0.2732488551062344, ""weekend_move_distance_log_change"": 0.30413432006892993, ""weekend_move_distance_residual"": 0.030885464962695508, ""weekend_outing_low_rate"": 0.07918595160478381, ""행정동"": ""도곡1동"", ""행정동코드"": 1123066}",,,,,,
2025-10-01,1123067,도곡2동,0,0,0,0,,2025H2,analysis1_2025H2,2,중간활동·다인가구 중심형,"{""active_pop_pc1"": -2.3471404669713287, ""active_pop_pc2"": 0.3203052519526075, ""activity_intensity"": 617.9922398373984, ""adm_cd"": ""1123067"", ""disability_ratio"": 0.0163179202407358, ""dong_name"": ""도곡2동"", ""foreigner_ratio"": 0.0032730827262784, ""household_structure_pc1"": -1.8427378454546224, ""household_structure_pc2"": -0.07166108044714786, ""livelihood_recipient_ratio"": 0.0016131784268408, ""resident_age_pc1"": -1.6609075337507022, ""resident_age_pc2"": 0.02709133552272181, ""time_structure_pc1"": -0.2127904727338758, ""time_structure_pc2"": 0.08815761674554107, ""weekend_weekday_index"": 0.8272026408808787}","{""adm_cd"": 1123067, ""any_signal"": false, ""call_contacts"": 13.529643222319603, ""call_contacts_baseline_n"": 44, ""call_contacts_common_change"": -0.022895072300057828, ""call_contacts_log_change"": -0.027132707694676128, ""call_contacts_residual"": -0.0042376353946183, ""call_contacts_rz"": -1.1945132283105246, ""cluster"": 2, ""cluster_type"": ""중간활동·다인가구 중심형"", ""combined_signal"": false, ""comm_low_rate"": 0.08018387767478125, ""comm_low_rate_change"": -0.0002313299290206544, ""comm_validation_support"": false, ""communication_signal"": false, ""date"": ""2025-10-01T00:00:00"", ""days_in_month"": 31, ""dong_name"": ""도곡2동"", ""interest_structural_issue"": false, ""mobility_distance_both_down"": false, ""mobility_distance_support"": true, ""mobility_signal"": false, ""rain_days"": 15.0, ""rainfall_mm"": 186.3, ""signal_status"": null, ""snow_days"": 0.0, ""text_contacts"": 5.671561860940695, ""text_contacts_baseline_n"": 44, ""text_contacts_common_change"": -0.030496915094347266, ""text_contacts_log_change"": -0.03362212889915783, ""text_contacts_residual"": -0.003125213804810567, ""text_contacts_rz"": -0.7921451334832225, ""weekday_count_est_ratio"": 0.9550208150744961, ""weekday_days"": 23, ""weekday_distance_down"": false, ""weekday_distance_est_ratio"": 0.9539424481449023, ""weekday_move_count"": 33.89231042099946, ""weekday_move_count_baseline_n"": 44, ""weekday_move_count_common_change"": -0.07633228152631255, ""weekday_move_count_log_change"": -0.07650720453974147, ""weekday_move_count_residual"": -0.00017492301342891814, ""weekday_move_count_rz"": 0.09693308026875633, ""weekday_move_distance"": 1274.9362066910235, ""weekday_move_distance_common_change"": -0.023780355931801278, ""weekday_move_distance_log_change"": -0.017855095523401587, ""weekday_move_distance_residual"": 0.005925260408399691, ""weekday_outing_low_rate"": 0.07727085679632677, ""weekend_count_est_ratio"": 0.9302008472100496, ""weekend_days"": 8, ""weekend_distance_down"": true, ""weekend_distance_est_ratio"": 0.9250105901256207, ""weekend_move_count"": 15.251560291010506, ""weekend_move_count_baseline_n"": 44, ""weekend_move_count_common_change"": 0.14737865723820098, ""weekend_move_count_log_change"": 0.1401496820706818, ""weekend_move_count_residual"": -0.0072289751675191916, ""weekend_move_count_rz"": -1.2616061354948767, ""weekend_move_distance"": 733.1951214879776, ""weekend_move_distance_common_change"": 0.2732488551062344, ""weekend_move_distance_log_change"": 0.26487595855313195, ""weekend_move_distance_residual"": -0.008372896553102471, ""weekend_outing_low_rate"": 0.07348068093216667, ""행정동"": ""도곡2동"", ""행정동코드"": 1123067}",,,,,,
2025-10-01,1123068,개포1동,0,0,0,0,,2025H2,analysis1_2025H2,2,중간활동·다인가구 중심형,"{""active_pop_pc1"": -2.812180854863822, ""active_pop_pc2"": 0.994622782290072, ""activity_intensity"": 126.0251696530874, ""adm_cd"": ""1123068"", ""disability_ratio"": 0.0195517673227536, ""dong_name"": ""개포1동"", ""foreigner_ratio"": 0.002130607725486, ""household_structure_pc1"": -2.2532196550723445, ""household_structure_pc2"": 0.2571108554560828, ""livelihood_recipient_ratio"": 0.0037010037570795, ""resident_age_pc1"": -1.5651035109779237, ""resident_age_pc2"": -0.18970085406697193, ""time_structure_pc1"": -2.150922491485588, ""time_structure_pc2"": 1.2288215453150342, ""weekend_weekday_index"": 0.6539578191524128}","{""adm_cd"": 1123068, ""any_signal"": false, ""call_contacts"": 13.86083631014919, ""call_contacts_baseline_n"": 44, ""call_contacts_common_change"": -0.022895072300057828, ""call_contacts_log_change"": -0.022285776872567276, ""call_contacts_residual"": 0.0006092954274905527, ""call_contacts_rz"": -0.19906144465359685, ""cluster"": 2, ""cluster_type"": ""중간활동·다인가구 중심형"", ""combined_signal"": false, ""comm_low_rate"": 0.08363029275853578, ""comm_low_rate_change"": 0.0013419904234576452, ""comm_validation_support"": true, ""communication_signal"": false, ""date"": ""2025-10-01T00:00:00"", ""days_in_month"": 31, ""dong_name"": ""개포1동"", ""interest_structural_issue"": false, ""mobility_distance_both_down"": false, ""mobility_distance_support"": true, ""mobility_signal"": false, ""rain_days"": 15.0, ""rainfall_mm"": 186.3, ""signal_status"": null, ""snow_days"": 0.0, ""text_contacts"": 5.831873292708552, ""text_contacts_baseline_n"": 44, ""text_contacts_common_change"": -0.030496915094347266, ""text_contacts_log_change"": -0.026411998119575175, ""text_contacts_residual"": 0.00408491697477209, ""text_contacts_rz"": 0.16031721007055397, ""weekday_count_est_ratio"": 0.9636478251733558, ""weekday_days"": 23, ""weekday_distance_down"": true, ""weekday_distance_est_ratio"": 0.9635427610842614, ""weekday_move_count"": 36.58969690361971, ""weekday_move_count_baseline_n"": 44, ""weekday_move_count_common_change"": -0.07633228152631255, ""weekday_move_count_log_change"": -0.07875092180660515, ""weekday_move_count_residual"": -0.0024186402802925944, ""weekday_move_count_rz"": -0.1813337898053595, ""weekday_move_distance"": 1371.0149525678771, ""weekday_move_distance_common_change"": -0.023780355931801278, ""weekday_move_distance_log_change"": -0.031135470892861505, ""weekday_move_distance_residual"": -0.007355114961060227, ""weekday_outing_low_rate"": 0.03294801037185115, ""weekend_count_est_ratio"": 0.9463122504727884, ""weekend_days"": 8, ""weekend_distance_down"": false, ""weekend_distance_est_ratio"": 0.945576801849128, ""weekend_move_count"": 16.55683024314422, ""weekend_move_count_baseline_n"": 44, ""weekend_move_count_common_change"": 0.14737865723820098, ""weekend_move_count_log_change"": 0.14835837077811886, ""weekend_move_count_residual"": 0.0009797135399178813, ""weekend_move_count_rz"": 0.10957460000026269, ""weekend_move_distance"": 784.22918, ""weekend_move_distance_common_change"": 0.2732488551062344, ""weekend_move_distance_log_change"": 0.27722130375571385, ""weekend_move_distance_residual"": 0.003972448649479432, ""weekend_outing_low_rate"": 0.060695609346254696, ""행정동"": ""개포1동"", ""행정동코드"": 1123068}",,,,,,
2025-10-01,1123071,개포4동,0,0,0,0,,2025H2,analysis1_2025H2,2,중간활동·다인가구 중심형,"{""active_pop_pc1"": -1.582077707818372, ""active_pop_pc2"": -0.602698626550829, ""activity_intensity"": 196.30289831040764, ""adm_cd"": ""1123071"", ""disability_ratio"": 0.0262504587354014, ""dong_name"": ""개포4동"", ""foreigner_ratio"": 0.0080089781832915, ""household_structure_pc1"": -0.06075600038192678, ""household_structure_pc2"": 0.5936495237570294, ""livelihood_recipient_ratio"": 0.0224078751376206, ""resident_age_pc1"": -0.22734192775025444, ""resident_age_pc2"": 0.5684808156887863, ""time_structure_pc1"": -1.2711975546747596, ""time_structure_pc2"": 0.6545384977311337, ""weekend_weekday_index"": 0.9570829021151136}","{""adm_cd"": 1123071, ""any_signal"": false, ""call_contacts"": 13.549503616731313, ""call_contacts_baseline_n"": 44, ""call_contacts_common_change"": -0.022895072300057828, ""call_contacts_log_change"": -0.021579070098537212, ""call_contacts_residual"": 0.0013160022015206163, ""call_contacts_rz"": 0.28826841294586836, ""cluster"": 2, ""cluster_type"": ""중간활동·다인가구 중심형"", ""combined_signal"": false, ""comm_low_rate"": 0.09324361633595028, ""comm_low_rate_change"": 0.0010814787880495114, ""comm_validation_support"": true, ""communication_signal"": false, ""date"": ""2025-10-01T00:00:00"", ""days_in_month"": 31, ""dong_name"": ""개포4동"", ""interest_structural_issue"": false, ""mobility_distance_both_down"": true, ""mobility_distance_support"": true, ""mobility_signal"": false, ""rain_days"": 15.0, ""rainfall_mm"": 186.3, ""signal_status"": null, ""snow_days"": 0.0, ""text_contacts"": 5.262424782471957, ""text_contacts_baseline_n"": 44, ""text_contacts_common_change"": -0.030496915094347266, ""text_contacts_log_change"": -0.03843798870554105, ""text_contacts_residual"": -0.007941073611193783, ""text_contacts_rz"": -1.5237336859336124, ""weekday_count_est_ratio"": 0.9563062165845476, ""weekday_days"": 23, ""weekday_distance_down"": true, ""weekday_distance_est_ratio"": 0.9530632141733935, ""weekday_move_count"": 34.26439006797151, ""weekday_move_count_baseline_n"": 44, ""weekday_move_count_common_change"": -0.07633228152631255, ""weekday_move_count_log_change"": -0.06775565267822259, ""weekday_move_count_residual"": 0.008576628848089962, ""weekday_move_count_rz"": 0.9352642966592879, ""weekday_move_distance"": 1215.6509525566835, ""weekday_move_distance_common_change"": -0.023780355931801278, ""weekday_move_distance_log_change"": -0.034390208810648026, ""weekday_move_distance_residual"": -0.010609852878846748, ""weekday_outing_low_rate"": 0.05214888962827147, ""weekend_count_est_ratio"": 0.9393599958066884, ""weekend_days"": 8, ""weekend_distance_down"": true, ""weekend_distance_est_ratio"": 0.9366013208931754, ""weekend_move_count"": 15.870133005154255, ""weekend_move_count_baseline_n"": 44, ""weekend_move_count_common_change"": 0.14737865723820098, ""weekend_move_count_log_change"": 0.15510102462156095, ""weekend_move_count_residual"": 0.007722367383359963, ""weekend_move_count_rz"": 0.5982267129582413, ""weekend_move_distance"": 773.4525013823223, ""weekend_move_distance_common_change"": 0.2732488551062344, ""weekend_move_distance_log_change"": 0.2701579794140532, ""weekend_move_distance_residual"": -0.0030908756921812497, ""weekend_outing_low_rate"": 0.07284491607614382, ""행정동"": ""개포4동"", ""행정동코드"": 1123071}",,,,,,
2025-10-01,1123072,일원본동,0,0,0,0,,2025H2,analysis1_2025H2,2,중간활동·다인가구 중심형,"{""active_pop_pc1"": -2.575098136001509, ""active_pop_pc2"": -0.4242878209748916, ""activity_intensity"": 228.42569285702675, ""adm_cd"": ""1123072"", ""disability_ratio"": 0.0306711544034059, ""dong_name"": ""일원본동"", ""foreigner_ratio"": 0.0010030613062405, ""household_structure_pc1"": -1.9186226888022524, ""household_structure_pc2"": -0.01424222204515588, ""livelihood_recipient_ratio"": 0.0036555736352896, ""resident_age_pc1"": -1.3853472759775167, ""resident_age_pc2"": -0.23576002340303995, ""time_structure_pc1"": -1.2208106142407391, ""time_structure_pc2"": -2.964657297140188, ""weekend_weekday_index"": 0.6260492523103128}","{""adm_cd"": 1123072, ""any_signal"": false, ""call_contacts"": 12.456561284286208, ""call_contacts_baseline_n"": 44, ""call_contacts_common_change"": -0.022895072300057828, ""call_contacts_log_change"": -0.01654595371667611, ""call_contacts_residual"": 0.006349118583381719, ""call_contacts_rz"": 1.1558393443907218, ""cluster"": 2, ""cluster_type"": ""중간활동·다인가구 중심형"", ""combined_signal"": false, ""comm_low_rate"": 0.07253961793808664, ""comm_low_rate_change"": 0.0006663063884429637, ""comm_validation_support"": true, ""communication_signal"": false, ""date"": ""2025-10-01T00:00:00"", ""days_in_month"": 31, ""dong_name"": ""일원본동"", ""interest_structural_issue"": false, ""mobility_distance_both_down"": false, ""mobility_distance_support"": true, ""mobility_signal"": false, ""rain_days"": 15.0, ""rainfall_mm"": 186.3, ""signal_status"": null, ""snow_days"": 0.0, ""text_contacts"": 5.018566996602157, ""text_contacts_baseline_n"": 44, ""text_contacts_common_change"": -0.030496915094347266, ""text_contacts_log_change"": -0.030155129794957825, ""text_contacts_residual"": 0.000341785299389441, ""text_contacts_rz"": 0.2472164600092508, ""weekday_count_est_ratio"": 0.9652838922539027, ""weekday_days"": 23, ""weekday_distance_down"": true, ""weekday_distance_est_ratio"": 0.9641355197715074, ""weekday_move_count"": 35.10881545371345, ""weekday_move_count_baseline_n"": 44, ""weekday_move_count_common_change"": -0.07633228152631255, ""weekday_move_count_log_change"": -0.08624336045913727, ""weekday_move_count_residual"": -0.009911078932824724, ""weekday_move_count_rz"": -1.1976211229510776, ""weekday_move_distance"": 1298.9761462967408, ""weekday_move_distance_common_change"": -0.023780355931801278, ""weekday_move_distance_log_change"": -0.03647451567994331, ""weekday_move_distance_residual"": -0.012694159748142031, ""weekday_outing_low_rate"": 0.07480350011446595, ""weekend_count_est_ratio"": 0.9419313537203919, ""weekend_days"": 8, ""weekend_distance_down"": false, ""weekend_distance_est_ratio"": 0.9405663071847146, ""weekend_move_count"": 15.936831261305535, ""weekend_move_count_baseline_n"": 44, ""weekend_move_count_common_change"": 0.14737865723820098, ""weekend_move_count_log_change"": 0.13649998037527755, ""weekend_move_count_residual"": -0.010878676862923431, ""weekend_move_count_rz"": -1.1528809800416762, ""weekend_move_distance"": 785.5378706843113, ""weekend_move_distance_common_change"": 0.2732488551062344, ""weekend_move_distance_log_change"": 0.2958419042214384, ""weekend_move_distance_residual"": 0.02259304911520399, ""weekend_outing_low_rate"": 0.09276829547477933, ""행정동"": ""일원본동"", ""행정동코드"": 1123072}",,,,,,
2025-10-01,1123073,일원1동,0,0,0,0,,2025H2,analysis1_2025H2,1,고령·2인가구·구조적 복지배경 특화형,"{""active_pop_pc1"": -1.9429015574680562, ""active_pop_pc2"": -1.892431367454475, ""activity_intensity"": 264.40659090909094, ""adm_cd"": ""1123073"", ""disability_ratio"": 0.0765103965777201, ""dong_name"": ""일원1동"", ""foreigner_ratio"": 0.0106237213452306, ""household_structure_pc1"": 1.347590880479978, ""household_structure_pc2"": 1.3454414092075702, ""livelihood_recipient_ratio"": 0.0838037799361828, ""resident_age_pc1"": 1.2110613160817687, ""resident_age_pc2"": 2.088758307705335, ""time_structure_pc1"": -2.117589090357818, ""time_structure_pc2"": -0.8003060081140263, ""weekend_weekday_index"": 1.0010790922466295}","{""adm_cd"": 1123073, ""any_signal"": false, ""call_contacts"": 12.393971921215838, ""call_contacts_baseline_n"": 44, ""call_contacts_common_change"": -0.022895072300057828, ""call_contacts_log_change"": -0.0021279438917654048, ""call_contacts_residual"": 0.020767128408292423, ""call_contacts_rz"": 3.1148578017729682, ""cluster"": 1, ""cluster_type"": ""고령·2인가구·구조적 복지배경 특화형"", ""combined_signal"": false, ""comm_low_rate"": 0.09624525841631104, ""comm_low_rate_change"": -0.0010324916393003036, ""comm_validation_support"": false, ""communication_signal"": false, ""date"": ""2025-10-01T00:00:00"", ""days_in_month"": 31, ""dong_name"": ""일원1동"", ""interest_structural_issue"": false, ""mobility_distance_both_down"": true, ""mobility_distance_support"": true, ""mobility_signal"": false, ""rain_days"": 15.0, ""rainfall_mm"": 186.3, ""signal_status"": null, ""snow_days"": 0.0, ""text_contacts"": 4.777958835957199, ""text_contacts_baseline_n"": 44, ""text_contacts_common_change"": -0.030496915094347266, ""text_contacts_log_change"": -0.014988329061669914, ""text_contacts_residual"": 0.015508586032677352, ""text_contacts_rz"": 3.5630750190084743, ""weekday_count_est_ratio"": 0.9544176378382062, ""weekday_days"": 23, ""weekday_distance_down"": true, ""weekday_distance_est_ratio"": 0.9512526409050637, ""weekday_move_count"": 31.866274159768125, ""weekday_move_count_baseline_n"": 44, ""weekday_move_count_common_change"": -0.07633228152631255, ""weekday_move_count_log_change"": -0.07467606493949042, ""weekday_move_count_residual"": 0.0016562165868221346, ""weekday_move_count_rz"": 0.16162782216770102, ""weekday_move_distance"": 1113.7783169039665, ""weekday_move_distance_common_change"": -0.023780355931801278, ""weekday_move_distance_log_change"": -0.03901816271348313, ""weekday_move_distance_residual"": -0.01523780678168185, ""weekday_outing_low_rate"": 0.07579717875770507, ""weekend_count_est_ratio"": 0.927052409186942, ""weekend_days"": 8, ""weekend_distance_down"": true, ""weekend_distance_est_ratio"": 0.9218789613575955, ""weekend_move_count"": 14.966573334293932, ""weekend_move_count_baseline_n"": 44, ""weekend_move_count_common_change"": 0.14737865723820098, ""weekend_move_count_log_change"": 0.14420670422894988, ""weekend_move_count_residual"": -0.003171953009251105, ""weekend_move_count_rz"": -0.4480152111989936, ""weekend_move_distance"": 735.1617541046505, ""weekend_move_distance_common_change"": 0.2732488551062344, ""weekend_move_distance_log_change"": 0.25918552946143514, ""weekend_move_distance_residual"": -0.014063325644799285, ""weekend_outing_low_rate"": 0.09865457562825983, ""행정동"": ""일원1동"", ""행정동코드"": 1123073}",,,,,,
2025-10-01,1123074,개포3동,0,0,0,0,,2025H2,analysis1_2025H2,1,고령·2인가구·구조적 복지배경 특화형,"{""active_pop_pc1"": -1.7978863371288094, ""active_pop_pc2"": -1.3550047918047938, ""activity_intensity"": 318.5769660618241, ""adm_cd"": ""1123074"", ""disability_ratio"": 0.0685507379790727, ""dong_name"": ""개포3동"", ""foreigner_ratio"": 0.0046668266181056, ""household_structure_pc1"": -0.10351208942511604, ""household_structure_pc2"": 1.4779743966022372, ""livelihood_recipient_ratio"": 0.0626591794777378, ""resident_age_pc1"": 0.16228898112752646, ""resident_age_pc2"": 0.6754741557975844, ""time_structure_pc1"": -1.9585843100934688, ""time_structure_pc2"": -0.15600867167277757, ""weekend_weekday_index"": 0.6872777922769003}","{""adm_cd"": 1123074, ""any_signal"": false, ""call_contacts"": 12.135134136427462, ""call_contacts_baseline_n"": 44, ""call_contacts_common_change"": -0.022895072300057828, ""call_contacts_log_change"": -0.023464427925981468, ""call_contacts_residual"": -0.0005693556259236399, ""call_contacts_rz"": -0.08424001245403795, ""cluster"": 1, ""cluster_type"": ""고령·2인가구·구조적 복지배경 특화형"", ""combined_signal"": false, ""comm_low_rate"": 0.0, ""comm_low_rate_change"": 0.0, ""comm_validation_support"": false, ""communication_signal"": false, ""date"": ""2025-10-01T00:00:00"", ""days_in_month"": 31, ""dong_name"": ""개포3동"", ""interest_structural_issue"": true, ""mobility_distance_both_down"": false, ""mobility_distance_support"": true, ""mobility_signal"": false, ""rain_days"": 15.0, ""rainfall_mm"": 186.3, ""signal_status"": null, ""snow_days"": 0.0, ""text_contacts"": 4.848108048185647, ""text_contacts_baseline_n"": 44, ""text_contacts_common_change"": -0.030496915094347266, ""text_contacts_log_change"": -0.0246517317223085, ""text_contacts_residual"": 0.005845183372038765, ""text_contacts_rz"": 1.1329174369451682, ""weekday_count_est_ratio"": 0.9635178479048112, ""weekday_days"": 23, ""weekday_distance_down"": true, ""weekday_distance_est_ratio"": 0.9560815904219939, ""weekday_move_count"": 33.286133519362814, ""weekday_move_count_baseline_n"": 44, ""weekday_move_count_common_change"": -0.07633228152631255, ""weekday_move_count_log_change"": -0.07976584491243788, ""weekday_move_count_residual"": -0.0034335633861253267, ""weekday_move_count_rz"": -0.4805747055304122, ""weekday_move_distance"": 1180.2746937791128, ""weekday_move_distance_common_change"": -0.023780355931801278, ""weekday_move_distance_log_change"": -0.027080792169825507, ""weekday_move_distance_residual"": -0.003300436238024229, ""weekday_outing_low_rate"": 0.0, ""weekend_count_est_ratio"": 0.933787598847092, ""weekend_days"": 8, ""weekend_distance_down"": false, ""weekend_distance_est_ratio"": 0.926984701795876, ""weekend_move_count"": 15.083523214732317, ""weekend_move_count_baseline_n"": 44, ""weekend_move_count_common_change"": 0.14737865723820098, ""weekend_move_count_log_change"": 0.1493113212007411, ""weekend_move_count_residual"": 0.0019326639625401043, ""weekend_move_count_rz"": 0.31611915167578175, ""weekend_move_distance"": 746.5445426822708, ""weekend_move_distance_common_change"": 0.2732488551062344, ""weekend_move_distance_log_change"": 0.29542664302916855, ""weekend_move_distance_residual"": 0.022177787922934122, ""weekend_outing_low_rate"": 0.0, ""행정동"": ""일원2동"", ""행정동코드"": 1123074}",,,,,,
2025-10-01,1123075,수서동,0,0,0,0,,2025H2,analysis1_2025H2,1,고령·2인가구·구조적 복지배경 특화형,"{""active_pop_pc1"": -0.8134711971606163, ""active_pop_pc2"": -2.8242885246674, ""activity_intensity"": 388.7399853335649, ""adm_cd"": ""1123075"", ""disability_ratio"": 0.1461925947714821, ""dong_name"": ""수서동"", ""foreigner_ratio"": 0.0058462753047252, ""household_structure_pc1"": 1.7566435204062496, ""household_structure_pc2"": 1.9635716923648447, ""livelihood_recipient_ratio"": 0.2036253998602787, ""resident_age_pc1"": 1.1167676530268302, ""resident_age_pc2"": 4.842647968610957, ""time_structure_pc1"": -1.7772419940785278, ""time_structure_pc2"": -1.4057586884483104, ""weekend_weekday_index"": 0.7209299951958243}","{""adm_cd"": 1123075, ""any_signal"": false, ""call_contacts"": 11.412048718881932, ""call_contacts_baseline_n"": 44, ""call_contacts_common_change"": -0.022895072300057828, ""call_contacts_log_change"": -0.009827214743720614, ""call_contacts_residual"": 0.013067857556337215, ""call_contacts_rz"": 1.7504710239191839, ""cluster"": 1, ""cluster_type"": ""고령·2인가구·구조적 복지배경 특화형"", ""combined_signal"": false, ""comm_low_rate"": 0.12277570271271641, ""comm_low_rate_change"": -0.001404754092166241, ""comm_validation_support"": false, ""communication_signal"": false, ""date"": ""2025-10-01T00:00:00"", ""days_in_month"": 31, ""dong_name"": ""수서동"", ""interest_structural_issue"": false, ""mobility_distance_both_down"": true, ""mobility_distance_support"": true, ""mobility_signal"": false, ""rain_days"": 15.0, ""rainfall_mm"": 186.3, ""signal_status"": null, ""snow_days"": 0.0, ""text_contacts"": 4.379238666472558, ""text_contacts_baseline_n"": 44, ""text_contacts_common_change"": -0.030496915094347266, ""text_contacts_log_change"": -0.021674926303952402, ""text_contacts_residual"": 0.008821988790394863, ""text_contacts_rz"": 1.1439837607216832, ""weekday_count_est_ratio"": 0.9629887902169166, ""weekday_days"": 23, ""weekday_distance_down"": true, ""weekday_distance_est_ratio"": 0.9615264230601253, ""weekday_move_count"": 33.63275810799166, ""weekday_move_count_baseline_n"": 44, ""weekday_move_count_common_change"": -0.07633228152631255, ""weekday_move_count_log_change"": -0.07112399090943544, ""weekday_move_count_residual"": 0.005208290616877109, ""weekday_move_count_rz"": 0.21463524497944095, ""weekday_move_distance"": 1129.34911392223, ""weekday_move_distance_common_change"": -0.023780355931801278, ""weekday_move_distance_log_change"": -0.034101824580348605, ""weekday_move_distance_residual"": -0.010321468648547327, ""weekday_outing_low_rate"": 0.06286863002313169, ""weekend_count_est_ratio"": 0.9248456835056049, ""weekend_days"": 8, ""weekend_distance_down"": true, ""weekend_distance_est_ratio"": 0.9223453195516087, ""weekend_move_count"": 15.583602958711678, ""weekend_move_count_baseline_n"": 44, ""weekend_move_count_common_change"": 0.14737865723820098, ""weekend_move_count_log_change"": 0.1493069012837287, ""weekend_move_count_residual"": 0.0019282440455277161, ""weekend_move_count_rz"": 0.11108027255208555, ""weekend_move_distance"": 690.767410036003, ""weekend_move_distance_common_change"": 0.2732488551062344, ""weekend_move_distance_log_change"": 0.23600965396928064, ""weekend_move_distance_residual"": -0.03723920113695378, ""weekend_outing_low_rate"": 0.16722159358320898, ""행정동"": ""수서동"", ""행정동코드"": 1123075}",,,,,,
2025-10-01,1123076,세곡동,0,0,0,0,,2025H2,analysis1_2025H2,2,중간활동·다인가구 중심형,"{""active_pop_pc1"": -1.300581144869707, ""active_pop_pc2"": -0.3662412022376052, ""activity_intensity"": 85.2199295020683, ""adm_cd"": ""1123076"", ""disability_ratio"": 0.0430198411408385, ""dong_name"": ""세곡동"", ""foreigner_ratio"": 0.0042911192451539, ""household_structure_pc1"": 0.2166105982896993, ""household_structure_pc2"": 0.564024649477107, ""livelihood_recipient_ratio"": 0.0368215164223096, ""resident_age_pc1"": 0.5706225849375067, ""resident_age_pc2"": -0.18369216945119662, ""time_structure_pc1"": -2.1056561965235048, ""time_structure_pc2"": 0.08030329222693579, ""weekend_weekday_index"": 0.957165084093544}","{""adm_cd"": 1123076, ""any_signal"": false, ""call_contacts"": 13.079476532271633, ""call_contacts_baseline_n"": 44, ""call_contacts_common_change"": -0.022895072300057828, ""call_contacts_log_change"": -0.020595402925008166, ""call_contacts_residual"": 0.002299669375049662, ""call_contacts_rz"": 0.6635899938513597, ""cluster"": 2, ""cluster_type"": ""중간활동·다인가구 중심형"", ""combined_signal"": false, ""comm_low_rate"": 0.09513188696982544, ""comm_low_rate_change"": 0.003193445327842631, ""comm_validation_support"": true, ""communication_signal"": false, ""date"": ""2025-10-01T00:00:00"", ""days_in_month"": 31, ""dong_name"": ""세곡동"", ""interest_structural_issue"": false, ""mobility_distance_both_down"": true, ""mobility_distance_support"": true, ""mobility_signal"": false, ""rain_days"": 15.0, ""rainfall_mm"": 186.3, ""signal_status"": null, ""snow_days"": 0.0, ""text_contacts"": 5.135666741434419, ""text_contacts_baseline_n"": 44, ""text_contacts_common_change"": -0.030496915094347266, ""text_contacts_log_change"": -0.02838070049394581, ""text_contacts_residual"": 0.002116214600401456, ""text_contacts_rz"": 0.6987186653804115, ""weekday_count_est_ratio"": 0.9518087253967363, ""weekday_days"": 23, ""weekday_distance_down"": true, ""weekday_distance_est_ratio"": 0.9541801715919922, ""weekday_move_count"": 36.08846104584148, ""weekday_move_count_baseline_n"": 44, ""weekday_move_count_common_change"": -0.07633228152631255, ""weekday_move_count_log_change"": -0.07726903138080132, ""weekday_move_count_residual"": -0.000936749854488772, ""weekday_move_count_rz"": -0.21856995021725975, ""weekday_move_distance"": 1394.7270257808952, ""weekday_move_distance_common_change"": -0.023780355931801278, ""weekday_move_distance_log_change"": -0.045848282640508664, ""weekday_move_distance_residual"": -0.022067926708707386, ""weekday_outing_low_rate"": 0.09913348895118813, ""weekend_count_est_ratio"": 0.9294686816576011, ""weekend_days"": 8, ""weekend_distance_down"": true, ""weekend_distance_est_ratio"": 0.9331509000168228, ""weekend_move_count"": 16.176381703042768, ""weekend_move_count_baseline_n"": 44, ""weekend_move_count_common_change"": 0.14737865723820098, ""weekend_move_count_log_change"": 0.14250117272038, ""weekend_move_count_residual"": -0.004877484517820996, ""weekend_move_count_rz"": -1.2604140228400156, ""weekend_move_distance"": 843.6356236719452, ""weekend_move_distance_common_change"": 0.2732488551062344, ""weekend_move_distance_log_change"": 0.26985790022336076, ""weekend_move_distance_residual"": -0.0033909548828736646, ""weekend_outing_low_rate"": 0.08018117805955817, ""행정동"": ""세곡동"", ""행정동코드"": 1123076}",,,,,,
2025-10-01,1123077,압구정동,0,0,0,0,,2025H2,analysis1_2025H2,2,중간활동·다인가구 중심형,"{""active_pop_pc1"": 1.2077866973298568, ""active_pop_pc2"": -0.3452103362860996, ""activity_intensity"": 484.0394633074098, ""adm_cd"": ""1123077"", ""disability_ratio"": 0.0188161047157132, ""dong_name"": ""압구정동"", ""foreigner_ratio"": 0.0083757193030687, ""household_structure_pc1"": -0.9731322919495847, ""household_structure_pc2"": 0.8155237885933626, ""livelihood_recipient_ratio"": 0.0024153177895946, ""resident_age_pc1"": -0.9110099330730331, ""resident_age_pc2"": 1.0620666983264282, ""time_structure_pc1"": 1.2810120234245381, ""time_structure_pc2"": 0.6747482970387954, ""weekend_weekday_index"": 0.817443037464428}","{""adm_cd"": 1123077, ""any_signal"": false, ""call_contacts"": 13.838309707903779, ""call_contacts_baseline_n"": 44, ""call_contacts_common_change"": -0.022895072300057828, ""call_contacts_log_change"": -0.027579252990026504, ""call_contacts_residual"": -0.0046841806899686755, ""call_contacts_rz"": -0.9475967040597316, ""cluster"": 2, ""cluster_type"": ""중간활동·다인가구 중심형"", ""combined_signal"": false, ""comm_low_rate"": 0.08615542722912792, ""comm_low_rate_change"": -0.0007653002112468221, ""comm_validation_support"": false, ""communication_signal"": false, ""date"": ""2025-10-01T00:00:00"", ""days_in_month"": 31, ""dong_name"": ""압구정동"", ""interest_structural_issue"": false, ""mobility_distance_both_down"": false, ""mobility_distance_support"": true, ""mobility_signal"": false, ""rain_days"": 15.0, ""rainfall_mm"": 186.3, ""signal_status"": null, ""snow_days"": 0.0, ""text_contacts"": 5.65172293814433, ""text_contacts_baseline_n"": 44, ""text_contacts_common_change"": -0.030496915094347266, ""text_contacts_log_change"": -0.03159372566756247, ""text_contacts_residual"": -0.0010968105732152011, ""text_contacts_rz"": -0.32418778657233005, ""weekday_count_est_ratio"": 0.9360906357388317, ""weekday_days"": 23, ""weekday_distance_down"": false, ""weekday_distance_est_ratio"": 0.9331894329896906, ""weekday_move_count"": 33.22090468190668, ""weekday_move_count_baseline_n"": 44, ""weekday_move_count_common_change"": -0.07633228152631255, ""weekday_move_count_log_change"": -0.07778014014175616, ""weekday_move_count_residual"": -0.001447858615443609, ""weekday_move_count_rz"": -0.3340429435495394, ""weekday_move_distance"": 1181.8242215685868, ""weekday_move_distance_common_change"": -0.023780355931801278, ""weekday_move_distance_log_change"": -0.02213105361790646, ""weekday_move_distance_residual"": 0.0016493023138948182, ""weekday_outing_low_rate"": 0.053644253042315106, ""weekend_count_est_ratio"": 0.9032860824742268, ""weekend_days"": 8, ""weekend_distance_down"": true, ""weekend_distance_est_ratio"": 0.8972607388316151, ""weekend_move_count"": 15.3002604893359, ""weekend_move_count_baseline_n"": 44, ""weekend_move_count_common_change"": 0.14737865723820098, ""weekend_move_count_log_change"": 0.14000552682262146, ""weekend_move_count_residual"": -0.007373130415579521, ""weekend_move_count_rz"": -1.1769044911900717, ""weekend_move_distance"": 699.497064002072, ""weekend_move_distance_common_change"": 0.2732488551062344, ""weekend_move_distance_log_change"": 0.2592275161108324, ""weekend_move_distance_residual"": -0.014021338995402033, ""weekend_outing_low_rate"": 0.10605689863299729, ""행정동"": ""압구정동"", ""행정동코드"": 1123077}",,,,,,
2025-10-01,1123078,청담동,0,0,0,0,,2025H2,analysis1_2025H2,2,중간활동·다인가구 중심형,"{""active_pop_pc1"": 1.08932858438996, ""active_pop_pc2"": -0.37987023289476274, ""activity_intensity"": 500.49645992710174, ""adm_cd"": ""1123078"", ""disability_ratio"": 0.0210980676913146, ""dong_name"": ""청담동"", ""foreigner_ratio"": 0.0102213740078225, ""household_structure_pc1"": 0.20165807093519106, ""household_structure_pc2"": 0.14844437883248288, ""livelihood_recipient_ratio"": 0.0053249425148251, ""resident_age_pc1"": -0.11850047016917795, ""resident_age_pc2"": 0.04683770938438659, ""time_structure_pc1"": 0.27464850893850323, ""time_structure_pc2"": -0.20337359436936112, ""weekend_weekday_index"": 0.7614574322902131}","{""adm_cd"": 1123078, ""any_signal"": false, ""call_contacts"": 14.575251262227832, ""call_contacts_baseline_n"": 44, ""call_contacts_common_change"": -0.022895072300057828, ""call_contacts_log_change"": -0.02232571667413419, ""call_contacts_residual"": 0.0005693556259236399, ""call_contacts_rz"": 0.15741117157769802, ""cluster"": 2, ""cluster_type"": ""중간활동·다인가구 중심형"", ""combined_signal"": false, ""comm_low_rate"": 0.10889885839140498, ""comm_low_rate_change"": 0.0035365054075880836, ""comm_validation_support"": true, ""communication_signal"": false, ""date"": ""2025-10-01T00:00:00"", ""days_in_month"": 31, ""dong_name"": ""청담동"", ""interest_structural_issue"": false, ""mobility_distance_both_down"": true, ""mobility_distance_support"": true, ""mobility_signal"": false, ""rain_days"": 15.0, ""rainfall_mm"": 186.3, ""signal_status"": null, ""snow_days"": 0.0, ""text_contacts"": 5.706107604922688, ""text_contacts_baseline_n"": 44, ""text_contacts_common_change"": -0.030496915094347266, ""text_contacts_log_change"": -0.02392039092261844, ""text_contacts_residual"": 0.006576524171728826, ""text_contacts_rz"": 1.6276849037614431, ""weekday_count_est_ratio"": 0.9380482802145788, ""weekday_days"": 23, ""weekday_distance_down"": true, ""weekday_distance_est_ratio"": 0.9374211107604923, ""weekday_move_count"": 33.925060543113524, ""weekday_move_count_baseline_n"": 44, ""weekday_move_count_common_change"": -0.07633228152631255, ""weekday_move_count_log_change"": -0.0724409140283151, ""weekday_move_count_residual"": 0.0038913674979974555, ""weekday_move_count_rz"": 0.46357902252419864, ""weekday_move_distance"": 1227.4245384990847, ""weekday_move_distance_common_change"": -0.023780355931801278, ""weekday_move_distance_log_change"": -0.025429658245696096, ""weekday_move_distance_residual"": -0.0016493023138948182, ""weekday_outing_low_rate"": 0.07133825487737082, ""weekend_count_est_ratio"": 0.913172925213001, ""weekend_days"": 8, ""weekend_distance_down"": true, ""weekend_distance_est_ratio"": 0.9124471442095299, ""weekend_move_count"": 16.075203604546893, ""weekend_move_count_baseline_n"": 44, ""weekend_move_count_common_change"": 0.14737865723820098, ""weekend_move_count_log_change"": 0.14949726740325575, ""weekend_move_count_residual"": 0.0021186101650547684, ""weekend_move_count_rz"": 0.41949300946063933, ""weekend_move_distance"": 757.73982957208, ""weekend_move_distance_common_change"": 0.2732488551062344, ""weekend_move_distance_log_change"": 0.2606193552282141, ""weekend_move_distance_residual"": -0.012629499878020312, ""weekend_outing_low_rate"": 0.08910235691106314, ""행정동"": ""청담동"", ""행정동코드"": 1123078}",,,,,,
2025-10-01,1123079,대치2동,0,0,0,0,,2025H2,analysis1_2025H2,2,중간활동·다인가구 중심형,"{""active_pop_pc1"": 0.41805709040126066, ""active_pop_pc2"": 1.138411822869498, ""activity_intensity"": 578.4774766235814, ""adm_cd"": ""1123079"", ""disability_ratio"": 0.0153748592579171, ""dong_name"": ""대치2동"", ""foreigner_ratio"": 0.005189255839585, ""household_structure_pc1"": -1.9059388158921826, ""household_structure_pc2"": -0.7450016269652203, ""livelihood_recipient_ratio"": 0.0018377357025456, ""resident_age_pc1"": -2.2332334995637253, ""resident_age_pc2"": -0.5540955233637973, ""time_structure_pc1"": 1.5044647512860543, ""time_structure_pc2"": 0.09516604937317098, ""weekend_weekday_index"": 0.7661221887462503}","{""adm_cd"": 1123079, ""any_signal"": false, ""call_contacts"": 13.551937928883344, ""call_contacts_baseline_n"": 44, ""call_contacts_common_change"": -0.022895072300057828, ""call_contacts_log_change"": -0.01839068434463975, ""call_contacts_residual"": 0.004504387955418077, ""call_contacts_rz"": 0.9491189807875072, ""cluster"": 2, ""cluster_type"": ""중간활동·다인가구 중심형"", ""combined_signal"": false, ""comm_low_rate"": 0.08927377175683787, ""comm_low_rate_change"": -0.004448297013813218, ""comm_validation_support"": false, ""communication_signal"": false, ""date"": ""2025-10-01T00:00:00"", ""days_in_month"": 31, ""dong_name"": ""대치2동"", ""interest_structural_issue"": false, ""mobility_distance_both_down"": false, ""mobility_distance_support"": false, ""mobility_signal"": false, ""rain_days"": 15.0, ""rainfall_mm"": 186.3, ""signal_status"": null, ""snow_days"": 0.0, ""text_contacts"": 5.52956737367436, ""text_contacts_baseline_n"": 44, ""text_contacts_common_change"": -0.030496915094347266, ""text_contacts_log_change"": -0.027064188958559443, ""text_contacts_residual"": 0.0034327261357878225, ""text_contacts_rz"": 0.707021783369505, ""weekday_count_est_ratio"": 0.9541163443543357, ""weekday_days"": 23, ""weekday_distance_down"": false, ""weekday_distance_est_ratio"": 0.9493303181534622, ""weekday_move_count"": 33.85329159824604, ""weekday_move_count_baseline_n"": 44, ""weekday_move_count_common_change"": -0.07633228152631255, ""weekday_move_count_log_change"": -0.0664993536010221, ""weekday_move_count_residual"": 0.009832927925290447, ""weekday_move_count_rz"": 1.0093886872991422, ""weekday_move_distance"": 1298.3084845737858, ""weekday_move_distance_common_change"": -0.023780355931801278, ""weekday_move_distance_log_change"": -0.010898556367645362, ""weekday_move_distance_residual"": 0.012881799564155916, ""weekday_outing_low_rate"": 0.062362456772128386, ""weekend_count_est_ratio"": 0.9324139114160948, ""weekend_days"": 8, ""weekend_distance_down"": false, ""weekend_distance_est_ratio"": 0.9256300686213349, ""weekend_move_count"": 14.966862365642477, ""weekend_move_count_baseline_n"": 44, ""weekend_move_count_common_change"": 0.14737865723820098, ""weekend_move_count_log_change"": 0.15933918060920282, ""weekend_move_count_residual"": 0.011960523371001841, ""weekend_move_count_rz"": 1.5765624528122224, ""weekend_move_distance"": 744.6025644045466, ""weekend_move_distance_common_change"": 0.2732488551062344, ""weekend_move_distance_log_change"": 0.2910442251959564, ""weekend_move_distance_residual"": 0.017795370089721985, ""weekend_outing_low_rate"": 0.0803795478578982, ""행정동"": ""대치2동"", ""행정동코드"": 1123079}",,,,,,
2025-10-01,1123080,개포2동,0,0,0,0,,2025H2,analysis1_2025H2,2,중간활동·다인가구 중심형,"{""active_pop_pc1"": -2.366336608612611, ""active_pop_pc2"": 0.251495985319658, ""activity_intensity"": 356.1191324921136, ""adm_cd"": ""1123080"", ""disability_ratio"": 0.0180231387734318, ""dong_name"": ""개포2동"", ""foreigner_ratio"": 0.0038959992008093, ""household_structure_pc1"": -1.9959007411916614, ""household_structure_pc2"": 0.4819812636085993, ""livelihood_recipient_ratio"": 0.0026525513043684, ""resident_age_pc1"": -0.8478421208714008, ""resident_age_pc2"": -0.5209638347474519, ""time_structure_pc1"": -1.6818571562464748, ""time_structure_pc2"": 1.0742607469722483, ""weekend_weekday_index"": 1.1020346819350626}","{""adm_cd"": 1123080, ""any_signal"": false, ""call_contacts"": 12.826986261749818, ""call_contacts_baseline_n"": 44, ""call_contacts_common_change"": -0.022895072300057828, ""call_contacts_log_change"": -0.021992013570530045, ""call_contacts_residual"": 0.0009030587295277837, ""call_contacts_rz"": 0.5733484910234856, ""cluster"": 2, ""cluster_type"": ""중간활동·다인가구 중심형"", ""combined_signal"": false, ""comm_low_rate"": 0.08201285345396528, ""comm_low_rate_change"": 0.0020023594248734927, ""comm_validation_support"": true, ""communication_signal"": false, ""date"": ""2025-10-01T00:00:00"", ""days_in_month"": 31, ""dong_name"": ""개포2동"", ""interest_structural_issue"": false, ""mobility_distance_both_down"": false, ""mobility_distance_support"": false, ""mobility_signal"": false, ""rain_days"": 15.0, ""rainfall_mm"": 186.3, ""signal_status"": null, ""snow_days"": 0.0, ""text_contacts"": 5.326497469269704, ""text_contacts_baseline_n"": 44, ""text_contacts_common_change"": -0.030496915094347266, ""text_contacts_log_change"": -0.03156931940848984, ""text_contacts_residual"": -0.001072404314142572, ""text_contacts_rz"": -0.20506291631947107, ""weekday_count_est_ratio"": 0.9655754157628346, ""weekday_days"": 23, ""weekday_distance_down"": false, ""weekday_distance_est_ratio"": 0.9658163412870571, ""weekday_move_count"": 35.94798478168338, ""weekday_move_count_baseline_n"": 44, ""weekday_move_count_common_change"": -0.07633228152631255, ""weekday_move_count_log_change"": -0.07502159267721531, ""weekday_move_count_residual"": 0.0013106888490972413, ""weekday_move_count_rz"": 0.2344201080547065, ""weekday_move_distance"": 1320.7890296917626, ""weekday_move_distance_common_change"": -0.023780355931801278, ""weekday_move_distance_log_change"": -0.02160352789013409, ""weekday_move_distance_residual"": 0.0021768280416671892, ""weekday_outing_low_rate"": 0.03399821871375755, ""weekend_count_est_ratio"": 0.9502698481561823, ""weekend_days"": 8, ""weekend_distance_down"": false, ""weekend_distance_est_ratio"": 0.9468977584960232, ""weekend_move_count"": 16.07716038493309, ""weekend_move_count_baseline_n"": 44, ""weekend_move_count_common_change"": 0.14737865723820098, ""weekend_move_count_log_change"": 0.15057459408462925, ""weekend_move_count_residual"": 0.003195936846428271, ""weekend_move_count_rz"": 0.2417936865694, ""weekend_move_distance"": 793.2806393477624, ""weekend_move_distance_common_change"": 0.2732488551062344, ""weekend_move_distance_log_change"": 0.30112714933822904, ""weekend_move_distance_residual"": 0.027878294231994616, ""weekend_outing_low_rate"": 0.08294194160200426, ""행정동"": ""개포2동"", ""행정동코드"": 1123080}",,,,,,
2025-11-01,1123051,신사동,0,0,0,0,,2025H2,analysis1_2025H2,2,중간활동·다인가구 중심형,"{""active_pop_pc1"": 1.0088791940287667, ""active_pop_pc2"": -0.5688564516594959, ""activity_intensity"": 607.2698402650532, ""adm_cd"": ""1123051"", ""disability_ratio"": 0.0232542948592331, ""dong_name"": ""신사동"", ""foreigner_ratio"": 0.0138153065986681, ""household_structure_pc1"": 0.0605229569429563, ""household_structure_pc2"": 0.4495198306068907, ""livelihood_recipient_ratio"": 0.0077732053040695, ""resident_age_pc1"": -0.16136111396294658, ""resident_age_pc2"": 1.0441849821551388, ""time_structure_pc1"": 0.81897433245156, ""time_structure_pc2"": 1.2570230042645771, ""weekend_weekday_index"": 0.8509529756754773}","{""adm_cd"": 1123051, ""any_signal"": false, ""call_contacts"": 13.54979421310683, ""call_contacts_baseline_n"": 45, ""call_contacts_common_change"": 0.008701548867941389, ""call_contacts_log_change"": 0.016935571023164897, ""call_contacts_residual"": 0.008234022155223508, ""call_contacts_rz"": 1.0174819609936292, ""cluster"": 2, ""cluster_type"": ""중간활동·다인가구 중심형"", ""combined_signal"": false, ""comm_low_rate"": 0.10813949670874438, ""comm_low_rate_change"": -0.0021433512778795683, ""comm_validation_support"": false, ""communication_signal"": false, ""date"": ""2025-11-01T00:00:00"", ""days_in_month"": 30, ""dong_name"": ""신사동"", ""interest_structural_issue"": false, ""mobility_distance_both_down"": false, ""mobility_distance_support"": true, ""mobility_signal"": false, ""rain_days"": 6.0, ""rainfall_mm"": 20.8, ""signal_status"": null, ""snow_days"": 0.0, ""text_contacts"": 5.434375388440025, ""text_contacts_baseline_n"": 45, ""text_contacts_common_change"": -0.014711217673582633, ""text_contacts_log_change"": -0.009767477735913799, ""text_contacts_residual"": 0.004943739937668834, ""text_contacts_rz"": 0.7257771111113164, ""weekday_count_est_ratio"": 0.914396795801395, ""weekday_days"": 20, ""weekday_distance_down"": false, ""weekday_distance_est_ratio"": 0.9035273807057523, ""weekday_move_count"": 21.424146002909065, ""weekday_move_count_baseline_n"": 45, ""weekday_move_count_common_change"": -0.38970016808217744, ""weekday_move_count_log_change"": -0.37341434364781234, ""weekday_move_count_residual"": 0.016285824434365104, ""weekday_move_count_rz"": 1.8715486023710683, ""weekday_move_distance"": 774.4329862243751, ""weekday_move_distance_common_change"": -0.356036512915185, ""weekday_move_distance_log_change"": -0.3395137628386671, ""weekday_move_distance_residual"": 0.016522750076517934, ""weekday_outing_low_rate"": 0.09620151348511959, ""weekend_count_est_ratio"": 0.872693874732408, ""weekend_days"": 10, ""weekend_distance_down"": true, ""weekend_distance_est_ratio"": 0.8608832262965266, ""weekend_move_count"": 9.925350212225855, ""weekend_move_count_baseline_n"": 45, ""weekend_move_count_common_change"": -0.42504209293457484, ""weekend_move_count_log_change"": -0.41328107985425255, ""weekend_move_count_residual"": 0.011761013080322291, ""weekend_move_count_rz"": 1.2541652492153488, ""weekend_move_distance"": 484.9986425806865, ""weekend_move_distance_common_change"": -0.348919419779687, ""weekend_move_distance_log_change"": -0.35065691936618393, ""weekend_move_distance_residual"": -0.0017374995864969378, ""weekend_outing_low_rate"": 0.10843497102710156, ""행정동"": ""신사동"", ""행정동코드"": 1123051}",,,,,,
2025-11-01,1123052,논현1동,0,0,0,0,,2025H2,analysis1_2025H2,0,고활동·청년유동·1인가구 중심형,"{""active_pop_pc1"": 3.453788748468105, ""active_pop_pc2"": -0.47931987392245334, ""activity_intensity"": 696.1982087542087, ""adm_cd"": ""1123052"", ""disability_ratio"": 0.0253999210605744, ""dong_name"": ""논현1동"", ""foreigner_ratio"": 0.0392614362737223, ""household_structure_pc1"": 3.1168283256548026, ""household_structure_pc2"": -0.895896843173252, ""livelihood_recipient_ratio"": 0.0298112419029045, ""resident_age_pc1"": 3.7507521888889657, ""resident_age_pc2"": -1.2422024657975301, ""time_structure_pc1"": 0.27596478825796733, ""time_structure_pc2"": 0.7750585861084357, ""weekend_weekday_index"": 0.6598316944339361}","{""adm_cd"": 1123052, ""any_signal"": false, ""call_contacts"": 13.725846933516578, ""call_contacts_baseline_n"": 45, ""call_contacts_common_change"": 0.008701548867941389, ""call_contacts_log_change"": 0.0004959544537164184, ""call_contacts_residual"": -0.00820559441422497, ""call_contacts_rz"": -1.1031532952108114, ""cluster"": 0, ""cluster_type"": ""고활동·청년유동·1인가구 중심형"", ""combined_signal"": false, ""comm_low_rate"": 0.11752568031265759, ""comm_low_rate_change"": 0.0028299657617284063, ""comm_validation_support"": true, ""communication_signal"": false, ""date"": ""2025-11-01T00:00:00"", ""days_in_month"": 30, ""dong_name"": ""논현1동"", ""interest_structural_issue"": false, ""mobility_distance_both_down"": false, ""mobility_distance_support"": false, ""mobility_signal"": false, ""rain_days"": 6.0, ""rainfall_mm"": 20.8, ""signal_status"": null, ""snow_days"": 0.0, ""text_contacts"": 5.484704518124033, ""text_contacts_baseline_n"": 45, ""text_contacts_common_change"": -0.014711217673582633, ""text_contacts_log_change"": -0.01650261178505663, ""text_contacts_residual"": -0.0017913941114739984, ""text_contacts_rz"": -0.00498096122817893, ""weekday_count_est_ratio"": 0.9094193437553684, ""weekday_days"": 20, ""weekday_distance_down"": false, ""weekday_distance_est_ratio"": 0.8899952757258203, ""weekday_move_count"": 19.333425146352386, ""weekday_move_count_baseline_n"": 45, ""weekday_move_count_common_change"": -0.38970016808217744, ""weekday_move_count_log_change"": -0.38718384439303843, ""weekday_move_count_residual"": 0.0025163236891390106, ""weekday_move_count_rz"": 0.19692431569012164, ""weekday_move_distance"": 704.8588840423403, ""weekday_move_distance_common_change"": -0.356036512915185, ""weekday_move_distance_log_change"": -0.35170145496409067, ""weekday_move_distance_residual"": 0.0043350579510943454, ""weekday_outing_low_rate"": 0.11783882135907611, ""weekend_count_est_ratio"": 0.8651820992956536, ""weekend_days"": 10, ""weekend_distance_down"": false, ""weekend_distance_est_ratio"": 0.854005325545439, ""weekend_move_count"": 9.23718214535689, ""weekend_move_count_baseline_n"": 45, ""weekend_move_count_common_change"": -0.42504209293457484, ""weekend_move_count_log_change"": -0.41738074142176407, ""weekend_move_count_residual"": 0.007661351512810777, ""weekend_move_count_rz"": 0.7545932241257168, ""weekend_move_distance"": 515.6933458203459, ""weekend_move_distance_common_change"": -0.348919419779687, ""weekend_move_distance_log_change"": -0.34058158192988675, ""weekend_move_distance_residual"": 0.008337837849800245, ""weekend_outing_low_rate"": 0.07873794269628724, ""행정동"": ""논현1동"", ""행정동코드"": 1123052}",,,,,,
2025-11-01,1123053,논현2동,0,0,0,0,,2025H2,analysis1_2025H2,0,고활동·청년유동·1인가구 중심형,"{""active_pop_pc1"": 2.9000233961088235, ""active_pop_pc2"": -0.10206052622030919, ""activity_intensity"": 698.9132497116494, ""adm_cd"": ""1123053"", ""disability_ratio"": 0.0220396420996172, ""dong_name"": ""논현2동"", ""foreigner_ratio"": 0.0192359417126495, ""household_structure_pc1"": 1.9479285504751769, ""household_structure_pc2"": -0.4486960353567812, ""livelihood_recipient_ratio"": 0.0158958480629982, ""resident_age_pc1"": 1.8362400462184008, ""resident_age_pc2"": -0.5567102677104767, ""time_structure_pc1"": 1.232090568789294, ""time_structure_pc2"": -0.6568326529068874, ""weekend_weekday_index"": 0.6058801393255854}","{""adm_cd"": 1123053, ""any_signal"": false, ""call_contacts"": 14.43730365903056, ""call_contacts_baseline_n"": 45, ""call_contacts_common_change"": 0.008701548867941389, ""call_contacts_log_change"": 0.006330958416769672, ""call_contacts_residual"": -0.002370590451171717, ""call_contacts_rz"": -0.4279039264860527, ""cluster"": 0, ""cluster_type"": ""고활동·청년유동·1인가구 중심형"", ""combined_signal"": false, ""comm_low_rate"": 0.11570042599593154, ""comm_low_rate_change"": 0.0031529144736890113, ""comm_validation_support"": true, ""communication_signal"": false, ""date"": ""2025-11-01T00:00:00"", ""days_in_month"": 30, ""dong_name"": ""논현2동"", ""interest_structural_issue"": false, ""mobility_distance_both_down"": false, ""mobility_distance_support"": false, ""mobility_signal"": false, ""rain_days"": 6.0, ""rainfall_mm"": 20.8, ""signal_status"": null, ""snow_days"": 0.0, ""text_contacts"": 5.619319501327693, ""text_contacts_baseline_n"": 45, ""text_contacts_common_change"": -0.014711217673582633, ""text_contacts_log_change"": -0.01502664333511472, ""text_contacts_residual"": -0.0003154256615320872, ""text_contacts_rz"": -0.11661093532444058, ""weekday_count_est_ratio"": 0.9096890049057113, ""weekday_days"": 20, ""weekday_distance_down"": false, ""weekday_distance_est_ratio"": 0.8975327422476258, ""weekday_move_count"": 20.388481861116805, ""weekday_move_count_baseline_n"": 45, ""weekday_move_count_common_change"": -0.38970016808217744, ""weekday_move_count_log_change"": -0.38519786278168544, ""weekday_move_count_residual"": 0.004502305300492004, ""weekday_move_count_rz"": 0.6944798182553065, ""weekday_move_distance"": 746.4287853294609, ""weekday_move_distance_common_change"": -0.356036512915185, ""weekday_move_distance_log_change"": -0.34319577874213003, ""weekday_move_distance_residual"": 0.01284073417305498, ""weekday_outing_low_rate"": 0.09535648906196353, ""weekend_count_est_ratio"": 0.873485755434538, ""weekend_days"": 10, ""weekend_distance_down"": false, ""weekend_distance_est_ratio"": 0.8645911157117782, ""weekend_move_count"": 9.73552118252389, ""weekend_move_count_baseline_n"": 45, ""weekend_move_count_common_change"": -0.42504209293457484, ""weekend_move_count_log_change"": -0.42155695990300046, ""weekend_move_count_residual"": 0.0034851330315743834, ""weekend_move_count_rz"": 0.554106000972398, ""weekend_move_distance"": 519.6726190985588, ""weekend_move_distance_common_change"": -0.348919419779687, ""weekend_move_distance_log_change"": -0.34167225804089973, ""weekend_move_distance_residual"": 0.0072471617387872556, ""weekend_outing_low_rate"": 0.06872182241370088, ""행정동"": ""논현2동"", ""행정동코드"": 1123053}",,,,,,
2025-11-01,1123058,삼성1동,0,0,0,0,,2025H2,analysis1_2025H2,0,고활동·청년유동·1인가구 중심형,"{""active_pop_pc1"": 2.5679862614364954, ""active_pop_pc2"": 0.4639211601272395, ""activity_intensity"": 809.7405360670981, ""adm_cd"": ""1123058"", ""disability_ratio"": 0.0217082805967859, ""dong_name"": ""삼성1동"", ""foreigner_ratio"": 0.0244693448059286, ""household_structure_pc1"": -0.02445449279740706, ""household_structure_pc2"": 0.9379226306994808, ""livelihood_recipient_ratio"": 0.0068269857707206, ""resident_age_pc1"": 0.02031325458294293, ""resident_age_pc2"": 1.0968941609975316, ""time_structure_pc1"": 3.8344529860505894, ""time_structure_pc2"": -1.3973448705491038, ""weekend_weekday_index"": 0.7580710672406373}","{""adm_cd"": 1123058, ""any_signal"": false, ""call_contacts"": 14.199339924991477, ""call_contacts_baseline_n"": 45, ""call_contacts_common_change"": 0.008701548867941389, ""call_contacts_log_change"": 0.012180210249764567, ""call_contacts_residual"": 0.003478661381823178, ""call_contacts_rz"": 0.35313937510517823, ""cluster"": 0, ""cluster_type"": ""고활동·청년유동·1인가구 중심형"", ""combined_signal"": false, ""comm_low_rate"": 0.11449408404732762, ""comm_low_rate_change"": 0.0013984473996320607, ""comm_validation_support"": true, ""communication_signal"": false, ""date"": ""2025-11-01T00:00:00"", ""days_in_month"": 30, ""dong_name"": ""삼성1동"", ""interest_structural_issue"": false, ""mobility_distance_both_down"": false, ""mobility_distance_support"": true, ""mobility_signal"": false, ""rain_days"": 6.0, ""rainfall_mm"": 20.8, ""signal_status"": null, ""snow_days"": 0.0, ""text_contacts"": 5.392887828162291, ""text_contacts_baseline_n"": 45, ""text_contacts_common_change"": -0.014711217673582633, ""text_contacts_log_change"": -0.021687034146328, ""text_contacts_residual"": -0.006975816472745366, ""text_contacts_rz"": -2.052279956523436, ""weekday_count_est_ratio"": 0.9159713603818617, ""weekday_days"": 20, ""weekday_distance_down"": false, ""weekday_distance_est_ratio"": 0.9100340947834981, ""weekday_move_count"": 22.54014362690505, ""weekday_move_count_baseline_n"": 45, ""weekday_move_count_common_change"": -0.38970016808217744, ""weekday_move_count_log_change"": -0.3950904044984207, ""weekday_move_count_residual"": -0.005390236416243255, ""weekday_move_count_rz"": -1.477659627293561, ""weekday_move_distance"": 870.0237260230862, ""weekday_move_distance_common_change"": -0.356036512915185, ""weekday_move_distance_log_change"": -0.35181696405879226, ""weekday_move_distance_residual"": 0.004219548856392752, ""weekday_outing_low_rate"": 0.08694297112289769, ""weekend_count_est_ratio"": 0.8710105693828845, ""weekend_days"": 10, ""weekend_distance_down"": true, ""weekend_distance_est_ratio"": 0.8689778383907263, ""weekend_move_count"": 10.394516944236328, ""weekend_move_count_baseline_n"": 45, ""weekend_move_count_common_change"": -0.42504209293457484, ""weekend_move_count_log_change"": -0.4288820903108945, ""weekend_move_count_residual"": -0.0038399973763196815, ""weekend_move_count_rz"": -0.43391609634296663, ""weekend_move_distance"": 526.0855383032684, ""weekend_move_distance_common_change"": -0.348919419779687, ""weekend_move_distance_log_change"": -0.35485751476886396, ""weekend_move_distance_residual"": -0.005938094989176967, ""weekend_outing_low_rate"": 0.1020785167051997, ""행정동"": ""삼성1동"", ""행정동코드"": 1123058}",,,,,,
2025-11-01,1123059,삼성2동,0,0,0,0,,2025H2,analysis1_2025H2,0,고활동·청년유동·1인가구 중심형,"{""active_pop_pc1"": 1.9648971764163092, ""active_pop_pc2"": 0.42604555301592795, ""activity_intensity"": 705.2855931080185, ""adm_cd"": ""1123059"", ""disability_ratio"": 0.019152830435351, ""dong_name"": ""삼성2동"", ""foreigner_ratio"": 0.010409578322043, ""household_structure_pc1"": 0.5495489596363184, ""household_structure_pc2"": -0.6664725705103184, ""livelihood_recipient_ratio"": 0.0110798797228395, ""resident_age_pc1"": -0.15441807500714294, ""resident_age_pc2"": -0.9841985998764194, ""time_structure_pc1"": 1.0924956073545355, ""time_structure_pc2"": -0.7233181092951388, ""weekend_weekday_index"": 0.5882834439387897}","{""adm_cd"": 1123059, ""any_signal"": false, ""call_contacts"": 13.973883578844784, ""call_contacts_baseline_n"": 45, ""call_contacts_common_change"": 0.008701548867941389, ""call_contacts_log_change"": 0.007258788797221527, ""call_contacts_residual"": -0.0014427600707198618, ""call_contacts_rz"": -0.2681696412147657, ""cluster"": 0, ""cluster_type"": ""고활동·청년유동·1인가구 중심형"", ""combined_signal"": false, ""comm_low_rate"": 0.10704768731289793, ""comm_low_rate_change"": 0.005666620711040307, ""comm_validation_support"": true, ""communication_signal"": false, ""date"": ""2025-11-01T00:00:00"", ""days_in_month"": 30, ""dong_name"": ""삼성2동"", ""interest_structural_issue"": false, ""mobility_distance_both_down"": false, ""mobility_distance_support"": false, ""mobility_signal"": false, ""rain_days"": 6.0, ""rainfall_mm"": 20.8, ""signal_status"": null, ""snow_days"": 0.0, ""text_contacts"": 5.517558004422954, ""text_contacts_baseline_n"": 45, ""text_contacts_common_change"": -0.014711217673582633, ""text_contacts_log_change"": -0.025322225635349804, ""text_contacts_residual"": -0.010611007961767172, ""text_contacts_rz"": -2.7411010411005217, ""weekday_count_est_ratio"": 0.9201937853742643, ""weekday_days"": 20, ""weekday_distance_down"": false, ""weekday_distance_est_ratio"": 0.9089523595337156, ""weekday_move_count"": 21.046371990052894, ""weekday_move_count_baseline_n"": 45, ""weekday_move_count_common_change"": -0.38970016808217744, ""weekday_move_count_log_change"": -0.38916596440540285, ""weekday_move_count_residual"": 0.0005342036767745917, ""weekday_move_count_rz"": 0.3235344522213003, ""weekday_move_distance"": 815.1462443659655, ""weekday_move_distance_common_change"": -0.356036512915185, ""weekday_move_distance_log_change"": -0.3536811634664838, ""weekday_move_distance_residual"": 0.002355349448701194, ""weekday_outing_low_rate"": 0.09667327233629887, ""weekend_count_est_ratio"": 0.8853480265377262, ""weekend_days"": 10, ""weekend_distance_down"": false, ""weekend_distance_est_ratio"": 0.8792870797256269, ""weekend_move_count"": 9.51423990906089, ""weekend_move_count_baseline_n"": 45, ""weekend_move_count_common_change"": -0.42504209293457484, ""weekend_move_count_log_change"": -0.4247792390067504, ""weekend_move_count_residual"": 0.00026285392782443573, ""weekend_move_count_rz"": 0.17970746412159838, ""weekend_move_distance"": 538.4159967602361, ""weekend_move_distance_common_change"": -0.348919419779687, ""weekend_move_distance_log_change"": -0.341143321666018, ""weekend_move_distance_residual"": 0.007776098113668972, ""weekend_outing_low_rate"": 0.06681283467554919, ""행정동"": ""삼성2동"", ""행정동코드"": 1123059}",,,,,,
2025-11-01,1123060,대치1동,0,0,0,0,,2025H2,analysis1_2025H2,2,중간활동·다인가구 중심형,"{""active_pop_pc1"": -2.767175777556055, ""active_pop_pc2"": 2.4046862147640096, ""activity_intensity"": 708.2130124223603, ""adm_cd"": ""1123060"", ""disability_ratio"": 0.0127188011585442, ""dong_name"": ""대치1동"", ""foreigner_ratio"": 0.001741873802276, ""household_structure_pc1"": -3.0450878987906966, ""household_structure_pc2"": -2.080405480267149, ""livelihood_recipient_ratio"": 0.0003358099315787, ""resident_age_pc1"": -3.312423927946103, ""resident_age_pc2"": -1.549734571498052, ""time_structure_pc1"": 0.2509544794067247, ""time_structure_pc2"": 2.2451794365989626, ""weekend_weekday_index"": 1.0087785504961273}","{""adm_cd"": 1123060, ""any_signal"": false, ""call_contacts"": 14.103671326573469, ""call_contacts_baseline_n"": 45, ""call_contacts_common_change"": 0.008701548867941389, ""call_contacts_log_change"": 0.008314644424739726, ""call_contacts_residual"": -0.0003869044432016633, ""call_contacts_rz"": -0.10514891178374233, ""cluster"": 2, ""cluster_type"": ""중간활동·다인가구 중심형"", ""combined_signal"": false, ""comm_low_rate"": 0.0867153928086091, ""comm_low_rate_change"": 0.0026514609256491767, ""comm_validation_support"": true, ""communication_signal"": false, ""date"": ""2025-11-01T00:00:00"", ""days_in_month"": 30, ""dong_name"": ""대치1동"", ""interest_structural_issue"": false, ""mobility_distance_both_down"": false, ""mobility_distance_support"": false, ""mobility_signal"": false, ""rain_days"": 6.0, ""rainfall_mm"": 20.8, ""signal_status"": null, ""snow_days"": 0.0, ""text_contacts"": 5.889064018719625, ""text_contacts_baseline_n"": 45, ""text_contacts_common_change"": -0.014711217673582633, ""text_contacts_log_change"": -0.018056561297243645, ""text_contacts_residual"": -0.0033453436236610123, ""text_contacts_rz"": -1.0450025901624516, ""weekday_count_est_ratio"": 0.9407139857202856, ""weekday_days"": 20, ""weekday_distance_down"": false, ""weekday_distance_est_ratio"": 0.9307271854562909, ""weekday_move_count"": 23.524727155255988, ""weekday_move_count_baseline_n"": 45, ""weekday_move_count_common_change"": -0.38970016808217744, ""weekday_move_count_log_change"": -0.3837351259152628, ""weekday_move_count_residual"": 0.005965042166914625, ""weekday_move_count_rz"": 0.5533136891820852, ""weekday_move_distance"": 937.3187994401909, ""weekday_move_distance_common_change"": -0.356036512915185, ""weekday_move_distance_log_change"": -0.35446689213672666, ""weekday_move_distance_residual"": 0.0015696207784583471, ""weekday_outing_low_rate"": 0.05461490432291476, ""weekend_count_est_ratio"": 0.9092242155156897, ""weekend_days"": 10, ""weekend_distance_down"": false, ""weekend_distance_est_ratio"": 0.8959242815143696, ""weekend_move_count"": 9.935670567056707, ""weekend_move_count_baseline_n"": 45, ""weekend_move_count_common_change"": -0.42504209293457484, ""weekend_move_count_log_change"": -0.4206640530696184, ""weekend_move_count_residual"": 0.00437803986495644, ""weekend_move_count_rz"": 0.6229658865159418, ""weekend_move_distance"": 519.29306457046, ""weekend_move_distance_common_change"": -0.348919419779687, ""weekend_move_distance_log_change"": -0.33911841993609215, ""weekend_move_distance_residual"": 0.009800999843594838, ""weekend_outing_low_rate"": 0.0902229404635105, ""행정동"": ""대치1동"", ""행정동코드"": 1123060}",,,,,,
2025-11-01,1123063,대치4동,0,0,0,0,,2025H2,analysis1_2025H2,0,고활동·청년유동·1인가구 중심형,"{""active_pop_pc1"": -0.09157669144460519, ""active_pop_pc2"": 2.2677731244457315, ""activity_intensity"": 1249.5277738095238, ""adm_cd"": ""1123063"", ""disability_ratio"": 0.0193911818871194, ""dong_name"": ""대치4동"", ""foreigner_ratio"": 0.0184464844604951, ""household_structure_pc1"": 1.7565790336331801, ""household_structure_pc2"": -0.7536284500944906, ""livelihood_recipient_ratio"": 0.0182537103239085, ""resident_age_pc1"": 0.7443781034414865, ""resident_age_pc2"": -0.8817579610049339, ""time_structure_pc1"": 1.5308776699345932, ""time_structure_pc2"": 1.5418833699014292, ""weekend_weekday_index"": 0.846502577728509}","{""adm_cd"": 1123063, ""any_signal"": false, ""call_contacts"": 13.867145867355003, ""call_contacts_baseline_n"": 45, ""call_contacts_common_change"": 0.008701548867941389, ""call_contacts_log_change"": 0.005408673626993377, ""call_contacts_residual"": -0.003292875240948012, ""call_contacts_rz"": -0.5836335509301913, ""cluster"": 0, ""cluster_type"": ""고활동·청년유동·1인가구 중심형"", ""combined_signal"": false, ""comm_low_rate"": 0.1148548263651685, ""comm_low_rate_change"": 0.006868843333077024, ""comm_validation_support"": true, ""communication_signal"": false, ""date"": ""2025-11-01T00:00:00"", ""days_in_month"": 30, ""dong_name"": ""대치4동"", ""interest_structural_issue"": false, ""mobility_distance_both_down"": false, ""mobility_distance_support"": false, ""mobility_signal"": false, ""rain_days"": 6.0, ""rainfall_mm"": 20.8, ""signal_status"": null, ""snow_days"": 0.0, ""text_contacts"": 5.670741189485328, ""text_contacts_baseline_n"": 45, ""text_contacts_common_change"": -0.014711217673582633, ""text_contacts_log_change"": -0.018693985655734435, ""text_contacts_residual"": -0.0039827679821518025, ""text_contacts_rz"": -1.6806632935012804, ""weekday_count_est_ratio"": 0.907023652741927, ""weekday_days"": 20, ""weekday_distance_down"": false, ""weekday_distance_est_ratio"": 0.884982879418427, ""weekday_move_count"": 19.425909932785576, ""weekday_move_count_baseline_n"": 45, ""weekday_move_count_common_change"": -0.38970016808217744, ""weekday_move_count_log_change"": -0.3793395940603501, ""weekday_move_count_residual"": 0.010360574021827329, ""weekday_move_count_rz"": 1.4015411109692912, ""weekday_move_distance"": 784.5210985480037, ""weekday_move_distance_common_change"": -0.356036512915185, ""weekday_move_distance_log_change"": -0.3252040833603864, ""weekday_move_distance_residual"": 0.03083242955479859, ""weekday_outing_low_rate"": 0.12606117787073448, ""weekend_count_est_ratio"": 0.8663072222514882, ""weekend_days"": 10, ""weekend_distance_down"": false, ""weekend_distance_est_ratio"": 0.8550065848390666, ""weekend_move_count"": 8.86293889186512, ""weekend_move_count_baseline_n"": 45, ""weekend_move_count_common_change"": -0.42504209293457484, ""weekend_move_count_log_change"": -0.41605446606650354, ""weekend_move_count_residual"": 0.008987626868071308, ""weekend_move_count_rz"": 0.8409754131810653, ""weekend_move_distance"": 526.7564539613162, ""weekend_move_distance_common_change"": -0.348919419779687, ""weekend_move_distance_log_change"": -0.3283475957062887, ""weekend_move_distance_residual"": 0.020571824073398304, ""weekend_outing_low_rate"": 0.07367613350532717, ""행정동"": ""대치4동"", ""행정동코드"": 1123063}",,,,,,
2025-11-01,1123064,역삼1동,0,0,0,0,,2025H2,analysis1_2025H2,0,고활동·청년유동·1인가구 중심형,"{""active_pop_pc1"": 4.185841496062412, ""active_pop_pc2"": -0.2638326139732681, ""activity_intensity"": 1293.4531555790215, ""adm_cd"": ""1123064"", ""disability_ratio"": 0.0205263379274567, ""dong_name"": ""역삼1동"", ""foreigner_ratio"": 0.0400718774442376, ""household_structure_pc1"": 3.5605977216349443, ""household_structure_pc2"": -1.4993140543811143, ""livelihood_recipient_ratio"": 0.021872327299749, ""resident_age_pc1"": 4.623294874052999, ""resident_age_pc2"": -2.1956244530897044, ""time_structure_pc1"": 1.4095047852962523, ""time_structure_pc2"": -0.1666262800987883, ""weekend_weekday_index"": 0.5594494564513189}","{""adm_cd"": 1123064, ""any_signal"": false, ""call_contacts"": 14.126509509639021, ""call_contacts_baseline_n"": 45, ""call_contacts_common_change"": 0.008701548867941389, ""call_contacts_log_change"": 0.010531424766378805, ""call_contacts_residual"": 0.0018298758984374164, ""call_contacts_rz"": 0.3369797109618076, ""cluster"": 0, ""cluster_type"": ""고활동·청년유동·1인가구 중심형"", ""combined_signal"": false, ""comm_low_rate"": 0.11592633815074532, ""comm_low_rate_change"": 0.0019545315069943864, ""comm_validation_support"": true, ""communication_signal"": false, ""date"": ""2025-11-01T00:00:00"", ""days_in_month"": 30, ""dong_name"": ""역삼1동"", ""interest_structural_issue"": false, ""mobility_distance_both_down"": false, ""mobility_distance_support"": false, ""mobility_signal"": false, ""rain_days"": 6.0, ""rainfall_mm"": 20.8, ""signal_status"": null, ""snow_days"": 0.0, ""text_contacts"": 5.641491266658041, ""text_contacts_baseline_n"": 45, ""text_contacts_common_change"": -0.014711217673582633, ""text_contacts_log_change"": -0.01280451410607486, ""text_contacts_residual"": 0.0019067035675077726, ""text_contacts_rz"": 0.2401159007776773, ""weekday_count_est_ratio"": 0.9023984991590116, ""weekday_days"": 20, ""weekday_distance_down"": false, ""weekday_distance_est_ratio"": 0.8859363436408331, ""weekday_move_count"": 19.332316292257747, ""weekday_move_count_baseline_n"": 45, ""weekday_move_count_common_change"": -0.38970016808217744, ""weekday_move_count_log_change"": -0.3813942695193062, ""weekday_move_count_residual"": 0.008305898562871228, ""weekday_move_count_rz"": 0.875895504400379, ""weekday_move_distance"": 765.1420660186157, ""weekday_move_distance_common_change"": -0.356036512915185, ""weekday_move_distance_log_change"": -0.3305981022021207, ""weekday_move_distance_residual"": 0.025438410713064297, ""weekday_outing_low_rate"": 0.12367243995745741, ""weekend_count_est_ratio"": 0.8651641868288266, ""weekend_days"": 10, ""weekend_distance_down"": false, ""weekend_distance_est_ratio"": 0.8550247121231724, ""weekend_move_count"": 9.514921327727507, ""weekend_move_count_baseline_n"": 45, ""weekend_move_count_common_change"": -0.42504209293457484, ""weekend_move_count_log_change"": -0.4108528569393046, ""weekend_move_count_residual"": 0.014189235995270222, ""weekend_move_count_rz"": 2.2096379534347173, ""weekend_move_distance"": 569.9637467341232, ""weekend_move_distance_common_change"": -0.348919419779687, ""weekend_move_distance_log_change"": -0.3295638826410583, ""weekend_move_distance_residual"": 0.019355537138628698, ""weekend_outing_low_rate"": 0.08646452002204666, ""행정동"": ""역삼1동"", ""행정동코드"": 1123064}",,,,,,
2025-11-01,1123065,역삼2동,0,0,0,0,,2025H2,analysis1_2025H2,0,고활동·청년유동·1인가구 중심형,"{""active_pop_pc1"": 1.3018091854005989, ""active_pop_pc2"": 1.624496432805457, ""activity_intensity"": 790.7354921700224, ""adm_cd"": ""1123065"", ""disability_ratio"": 0.0180617223044455, ""dong_name"": ""역삼2동"", ""foreigner_ratio"": 0.0103601495975253, ""household_structure_pc1"": 0.13141903571757987, ""household_structure_pc2"": -1.66074968571193, ""livelihood_recipient_ratio"": 0.0092912349942443, ""resident_age_pc1"": -1.027253657311876, ""resident_age_pc2"": -2.0722232053343856, ""time_structure_pc1"": 0.6510175471197581, ""time_structure_pc2"": -0.4907270054113869, ""weekend_weekday_index"": 0.6584753146488297}","{""adm_cd"": 1123065, ""any_signal"": false, ""call_contacts"": 13.691257077024359, ""call_contacts_baseline_n"": 45, ""call_contacts_common_change"": 0.008701548867941389, ""call_contacts_log_change"": 0.0012274831566183586, ""call_contacts_residual"": -0.00747406571132303, ""call_contacts_rz"": -1.860641437110549, ""cluster"": 0, ""cluster_type"": ""고활동·청년유동·1인가구 중심형"", ""combined_signal"": false, ""comm_low_rate"": 0.10242107036600245, ""comm_low_rate_change"": 0.004310924966977714, ""comm_validation_support"": true, ""communication_signal"": false, ""date"": ""2025-11-01T00:00:00"", ""days_in_month"": 30, ""dong_name"": ""역삼2동"", ""interest_structural_issue"": false, ""mobility_distance_both_down"": false, ""mobility_distance_support"": false, ""mobility_signal"": false, ""rain_days"": 6.0, ""rainfall_mm"": 20.8, ""signal_status"": null, ""snow_days"": 0.0, ""text_contacts"": 5.556811389071758, ""text_contacts_baseline_n"": 45, ""text_contacts_common_change"": -0.014711217673582633, ""text_contacts_log_change"": -0.015082771984843202, ""text_contacts_residual"": -0.00037155431126056904, ""text_contacts_rz"": -0.011600864898018303, ""weekday_count_est_ratio"": 0.9266346280447664, ""weekday_days"": 20, ""weekday_distance_down"": false, ""weekday_distance_est_ratio"": 0.9138910467412772, ""weekday_move_count"": 21.08842864734526, ""weekday_move_count_baseline_n"": 45, ""weekday_move_count_common_change"": -0.38970016808217744, ""weekday_move_count_log_change"": -0.3926650334524857, ""weekday_move_count_residual"": -0.0029648653703082672, ""weekday_move_count_rz"": -0.9949517806515896, ""weekday_move_distance"": 822.1104909917551, ""weekday_move_distance_common_change"": -0.356036512915185, ""weekday_move_distance_log_change"": -0.3488405406777666, ""weekday_move_distance_residual"": 0.007195972237418413, ""weekday_outing_low_rate"": 0.10658115686321701, ""weekend_count_est_ratio"": 0.8906402238314681, ""weekend_days"": 10, ""weekend_distance_down"": false, ""weekend_distance_est_ratio"": 0.8833186306780777, ""weekend_move_count"": 9.475611492498423, ""weekend_move_count_baseline_n"": 45, ""weekend_move_count_common_change"": -0.42504209293457484, ""weekend_move_count_log_change"": -0.4232585500044883, ""weekend_move_count_residual"": 0.0017835429300865346, ""weekend_move_count_rz"": 0.11961215424216008, ""weekend_move_distance"": 533.5588445185097, ""weekend_move_distance_common_change"": -0.348919419779687, ""weekend_move_distance_log_change"": -0.34123933065405865, ""weekend_move_distance_residual"": 0.007680089125628342, ""weekend_outing_low_rate"": 0.06653176162167466, ""행정동"": ""역삼2동"", ""행정동코드"": 1123065}",,,,,,
2025-11-01,1123066,도곡1동,0,0,0,0,,2025H2,analysis1_2025H2,2,중간활동·다인가구 중심형,"{""active_pop_pc1"": 0.29802864985290256, ""active_pop_pc2"": -0.28765595894381685, ""activity_intensity"": 348.9483497942387, ""adm_cd"": ""1123066"", ""disability_ratio"": 0.0169869718563305, ""dong_name"": ""도곡1동"", ""foreigner_ratio"": 0.0063101200796885, ""household_structure_pc1"": -0.5225651340482826, ""household_structure_pc2"": -0.1990963702531279, ""livelihood_recipient_ratio"": 0.0036949063077329, ""resident_age_pc1"": -0.4309759559966248, ""resident_age_pc2"": -0.2857722048449105, ""time_structure_pc1"": 0.3401918321243857, ""time_structure_pc2"": -0.7501872642702954, ""weekend_weekday_index"": 0.7141460159554923}","{""adm_cd"": 1123066, ""any_signal"": false, ""call_contacts"": 13.19545767560123, ""call_contacts_baseline_n"": 45, ""call_contacts_common_change"": 0.008701548867941389, ""call_contacts_log_change"": 0.013939877488081898, ""call_contacts_residual"": 0.005238328620140509, ""call_contacts_rz"": 0.9244591958406712, ""cluster"": 2, ""cluster_type"": ""중간활동·다인가구 중심형"", ""combined_signal"": false, ""comm_low_rate"": 0.09112238427393786, ""comm_low_rate_change"": 0.0004900989660060612, ""comm_validation_support"": true, ""communication_signal"": false, ""date"": ""2025-11-01T00:00:00"", ""days_in_month"": 30, ""dong_name"": ""도곡1동"", ""interest_structural_issue"": false, ""mobility_distance_both_down"": true, ""mobility_distance_support"": true, ""mobility_signal"": false, ""rain_days"": 6.0, ""rainfall_mm"": 20.8, ""signal_status"": null, ""snow_days"": 0.0, ""text_contacts"": 5.326694565102235, ""text_contacts_baseline_n"": 45, ""text_contacts_common_change"": -0.014711217673582633, ""text_contacts_log_change"": -0.012900990976001836, ""text_contacts_residual"": 0.0018102266975807968, ""text_contacts_rz"": 0.22744995186042524, ""weekday_count_est_ratio"": 0.9433319207543173, ""weekday_days"": 20, ""weekday_distance_down"": true, ""weekday_distance_est_ratio"": 0.9390168450047676, ""weekday_move_count"": 22.564730495243207, ""weekday_move_count_baseline_n"": 45, ""weekday_move_count_common_change"": -0.38970016808217744, ""weekday_move_count_log_change"": -0.3919433339316045, ""weekday_move_count_residual"": -0.0022431658494270756, ""weekday_move_count_rz"": -0.5180600227188566, ""weekday_move_distance"": 897.1296152991296, ""weekday_move_distance_common_change"": -0.356036512915185, ""weekday_move_distance_log_change"": -0.36454597203525374, ""weekday_move_distance_residual"": -0.00850945912006873, ""weekday_outing_low_rate"": 0.058167894249061027, ""weekend_count_est_ratio"": 0.9082625278101494, ""weekend_days"": 10, ""weekend_distance_down"": true, ""weekend_distance_est_ratio"": 0.8992599851679205, ""weekend_move_count"": 9.835260174569495, ""weekend_move_count_baseline_n"": 45, ""weekend_move_count_common_change"": -0.42504209293457484, ""weekend_move_count_log_change"": -0.434708022232968, ""weekend_move_count_residual"": -0.009665929298393161, ""weekend_move_count_rz"": -1.6850873807182603, ""weekend_move_distance"": 525.4360528809989, ""weekend_move_distance_common_change"": -0.348919419779687, ""weekend_move_distance_log_change"": -0.3596918590885503, ""weekend_move_distance_residual"": -0.01077243930886329, ""weekend_outing_low_rate"": 0.07518657626457247, ""행정동"": ""도곡1동"", ""행정동코드"": 1123066}",,,,,,
2025-11-01,1123067,도곡2동,0,0,0,0,,2025H2,analysis1_2025H2,2,중간활동·다인가구 중심형,"{""active_pop_pc1"": -2.3471404669713287, ""active_pop_pc2"": 0.3203052519526075, ""activity_intensity"": 617.9922398373984, ""adm_cd"": ""1123067"", ""disability_ratio"": 0.0163179202407358, ""dong_name"": ""도곡2동"", ""foreigner_ratio"": 0.0032730827262784, ""household_structure_pc1"": -1.8427378454546224, ""household_structure_pc2"": -0.07166108044714786, ""livelihood_recipient_ratio"": 0.0016131784268408, ""resident_age_pc1"": -1.6609075337507022, ""resident_age_pc2"": 0.02709133552272181, ""time_structure_pc1"": -0.2127904727338758, ""time_structure_pc2"": 0.08815761674554107, ""weekend_weekday_index"": 0.8272026408808787}","{""adm_cd"": 1123067, ""any_signal"": false, ""call_contacts"": 13.633905000726848, ""call_contacts_baseline_n"": 45, ""call_contacts_common_change"": 0.008701548867941389, ""call_contacts_log_change"": 0.00767663263788787, ""call_contacts_residual"": -0.0010249162300535186, ""call_contacts_rz"": -0.33574466878954573, ""cluster"": 2, ""cluster_type"": ""중간활동·다인가구 중심형"", ""combined_signal"": false, ""comm_low_rate"": 0.08159611973635231, ""comm_low_rate_change"": 0.0014122420615710618, ""comm_validation_support"": true, ""communication_signal"": false, ""date"": ""2025-11-01T00:00:00"", ""days_in_month"": 30, ""dong_name"": ""도곡2동"", ""interest_structural_issue"": false, ""mobility_distance_both_down"": false, ""mobility_distance_support"": true, ""mobility_signal"": false, ""rain_days"": 6.0, ""rainfall_mm"": 20.8, ""signal_status"": null, ""snow_days"": 0.0, ""text_contacts"": 5.589878616077917, ""text_contacts_baseline_n"": 45, ""text_contacts_common_change"": -0.014711217673582633, ""text_contacts_log_change"": -0.014506967835732576, ""text_contacts_residual"": 0.0002042498378500568, ""text_contacts_rz"": -0.04064863010754405, ""weekday_count_est_ratio"": 0.9402409507195812, ""weekday_days"": 20, ""weekday_distance_down"": false, ""weekday_distance_est_ratio"": 0.9322579590056695, ""weekday_move_count"": 23.08271569635822, ""weekday_move_count_baseline_n"": 45, ""weekday_move_count_common_change"": -0.38970016808217744, ""weekday_move_count_log_change"": -0.3841040582124533, ""weekday_move_count_residual"": 0.005596109869724142, ""weekday_move_count_rz"": 0.6490671044938666, ""weekday_move_distance"": 897.8807801571885, ""weekday_move_distance_common_change"": -0.356036512915185, ""weekday_move_distance_log_change"": -0.35061412440195916, ""weekday_move_distance_residual"": 0.005422388513225851, ""weekday_outing_low_rate"": 0.07574397267173234, ""weekend_count_est_ratio"": 0.906149513010612, ""weekend_days"": 10, ""weekend_distance_down"": true, ""weekend_distance_est_ratio"": 0.8923971507486552, ""weekend_move_count"": 9.963470239568196, ""weekend_move_count_baseline_n"": 45, ""weekend_move_count_common_change"": -0.42504209293457484, ""weekend_move_count_log_change"": -0.4257563834437974, ""weekend_move_count_residual"": -0.0007142905092225593, ""weekend_move_count_rz"": -0.24063161628648386, ""weekend_move_distance"": 516.3746238963643, ""weekend_move_distance_common_change"": -0.348919419779687, ""weekend_move_distance_log_change"": -0.35057934485427644, ""weekend_move_distance_residual"": -0.0016599250745894523, ""weekend_outing_low_rate"": 0.07251954365296605, ""행정동"": ""도곡2동"", ""행정동코드"": 1123067}",,,,,,
2025-11-01,1123068,개포1동,0,0,0,0,,2025H2,analysis1_2025H2,2,중간활동·다인가구 중심형,"{""active_pop_pc1"": -2.812180854863822, ""active_pop_pc2"": 0.994622782290072, ""activity_intensity"": 126.0251696530874, ""adm_cd"": ""1123068"", ""disability_ratio"": 0.0195517673227536, ""dong_name"": ""개포1동"", ""foreigner_ratio"": 0.002130607725486, ""household_structure_pc1"": -2.2532196550723445, ""household_structure_pc2"": 0.2571108554560828, ""livelihood_recipient_ratio"": 0.0037010037570795, ""resident_age_pc1"": -1.5651035109779237, ""resident_age_pc2"": -0.18970085406697193, ""time_structure_pc1"": -2.150922491485588, ""time_structure_pc2"": 1.2288215453150342, ""weekend_weekday_index"": 0.6539578191524128}","{""adm_cd"": 1123068, ""any_signal"": false, ""call_contacts"": 13.970837696335078, ""call_contacts_baseline_n"": 45, ""call_contacts_common_change"": 0.008701548867941389, ""call_contacts_log_change"": 0.007904803638795421, ""call_contacts_residual"": -0.0007967452291459676, ""call_contacts_rz"": -0.46356643893875976, ""cluster"": 2, ""cluster_type"": ""중간활동·다인가구 중심형"", ""combined_signal"": false, ""comm_low_rate"": 0.08407495419667316, ""comm_low_rate_change"": 0.0004446614381373726, ""comm_validation_support"": true, ""communication_signal"": false, ""date"": ""2025-11-01T00:00:00"", ""days_in_month"": 30, ""dong_name"": ""개포1동"", ""interest_structural_issue"": false, ""mobility_distance_both_down"": true, ""mobility_distance_support"": true, ""mobility_signal"": false, ""rain_days"": 6.0, ""rainfall_mm"": 20.8, ""signal_status"": null, ""snow_days"": 0.0, ""text_contacts"": 5.745620942408377, ""text_contacts_baseline_n"": 45, ""text_contacts_common_change"": -0.014711217673582633, ""text_contacts_log_change"": -0.01490027882419076, ""text_contacts_residual"": -0.00018906115060812745, ""text_contacts_rz"": -0.3829936129520513, ""weekday_count_est_ratio"": 0.9502617801047121, ""weekday_days"": 20, ""weekday_distance_down"": true, ""weekday_distance_est_ratio"": 0.9478534031413612, ""weekday_move_count"": 24.71105785123967, ""weekday_move_count_baseline_n"": 45, ""weekday_move_count_common_change"": -0.38970016808217744, ""weekday_move_count_log_change"": -0.3925158656743335, ""weekday_move_count_residual"": -0.0028156975921560523, ""weekday_move_count_rz"": -0.21865781300319398, ""weekday_move_distance"": 950.1360793194873, ""weekday_move_distance_common_change"": -0.356036512915185, ""weekday_move_distance_log_change"": -0.3667013700996913, ""weekday_move_distance_residual"": -0.010664857184506271, ""weekday_outing_low_rate"": 0.032956627423948344, ""weekend_count_est_ratio"": 0.9245026178010471, ""weekend_days"": 10, ""weekend_distance_down"": true, ""weekend_distance_est_ratio"": 0.9213612565445026, ""weekend_move_count"": 10.752079510703364, ""weekend_move_count_baseline_n"": 45, ""weekend_move_count_common_change"": -0.42504209293457484, ""weekend_move_count_log_change"": -0.4316995414755045, ""weekend_move_count_residual"": -0.006657448540929645, ""weekend_move_count_rz"": -0.6495799183674275, ""weekend_move_distance"": 548.8801238777133, ""weekend_move_distance_common_change"": -0.348919419779687, ""weekend_move_distance_log_change"": -0.35682123498698903, ""weekend_move_distance_residual"": -0.007901815207302043, ""weekend_outing_low_rate"": 0.06320677707838265, ""행정동"": ""개포1동"", ""행정동코드"": 1123068}",,,,,,
2025-11-01,1123071,개포4동,0,0,0,0,,2025H2,analysis1_2025H2,2,중간활동·다인가구 중심형,"{""active_pop_pc1"": -1.582077707818372, ""active_pop_pc2"": -0.602698626550829, ""activity_intensity"": 196.30289831040764, ""adm_cd"": ""1123071"", ""disability_ratio"": 0.0262504587354014, ""dong_name"": ""개포4동"", ""foreigner_ratio"": 0.0080089781832915, ""household_structure_pc1"": -0.06075600038192678, ""household_structure_pc2"": 0.5936495237570294, ""livelihood_recipient_ratio"": 0.0224078751376206, ""resident_age_pc1"": -0.22734192775025444, ""resident_age_pc2"": 0.5684808156887863, ""time_structure_pc1"": -1.2711975546747596, ""time_structure_pc2"": 0.6545384977311337, ""weekend_weekday_index"": 0.9570829021151136}","{""adm_cd"": 1123071, ""any_signal"": false, ""call_contacts"": 13.670605314186888, ""call_contacts_baseline_n"": 45, ""call_contacts_common_change"": 0.008701548867941389, ""call_contacts_log_change"": 0.008898017034231653, ""call_contacts_residual"": 0.00019646816629026453, ""call_contacts_rz"": 0.1066168544470618, ""cluster"": 2, ""cluster_type"": ""중간활동·다인가구 중심형"", ""combined_signal"": false, ""comm_low_rate"": 0.09299387223319874, ""comm_low_rate_change"": -0.0002497441027515396, ""comm_validation_support"": false, ""communication_signal"": false, ""date"": ""2025-11-01T00:00:00"", ""days_in_month"": 30, ""dong_name"": ""개포4동"", ""interest_structural_issue"": false, ""mobility_distance_both_down"": true, ""mobility_distance_support"": true, ""mobility_signal"": false, ""rain_days"": 6.0, ""rainfall_mm"": 20.8, ""signal_status"": null, ""snow_days"": 0.0, ""text_contacts"": 5.196846601331167, ""text_contacts_baseline_n"": 45, ""text_contacts_common_change"": -0.014711217673582633, ""text_contacts_log_change"": -0.012539886971621783, ""text_contacts_residual"": 0.0021713307019608497, ""text_contacts_rz"": 0.6960550727159204, ""weekday_count_est_ratio"": 0.943555893296997, ""weekday_days"": 20, ""weekday_distance_down"": true, ""weekday_distance_est_ratio"": 0.9332382998794612, ""weekday_move_count"": 23.193504306545385, ""weekday_move_count_baseline_n"": 45, ""weekday_move_count_common_change"": -0.38970016808217744, ""weekday_move_count_log_change"": -0.39023437175895204, ""weekday_move_count_residual"": -0.0005342036767745917, ""weekday_move_count_rz"": -0.028890146726220377, ""weekday_move_distance"": 845.0452272237173, ""weekday_move_distance_common_change"": -0.356036512915185, ""weekday_move_distance_log_change"": -0.36364482645927954, ""weekday_move_distance_residual"": -0.007608313544094525, ""weekday_outing_low_rate"": 0.0524868997508805, ""weekend_count_est_ratio"": 0.9198978040983177, ""weekend_days"": 10, ""weekend_distance_down"": true, ""weekend_distance_est_ratio"": 0.9097452963681149, ""weekend_move_count"": 10.31089051916614, ""weekend_move_count_baseline_n"": 45, ""weekend_move_count_common_change"": -0.42504209293457484, ""weekend_move_count_log_change"": -0.4312382468085545, ""weekend_move_count_residual"": -0.0061961538739796485, ""weekend_move_count_rz"": -0.5839292066945373, ""weekend_move_distance"": 543.8541793609601, ""weekend_move_distance_common_change"": -0.348919419779687, ""weekend_move_distance_log_change"": -0.3521831024575368, ""weekend_move_distance_residual"": -0.003263682677849822, ""weekend_outing_low_rate"": 0.06915213469633193, ""행정동"": ""개포4동"", ""행정동코드"": 1123071}",,,,,,
2025-11-01,1123072,일원본동,0,0,0,0,,2025H2,analysis1_2025H2,2,중간활동·다인가구 중심형,"{""active_pop_pc1"": -2.575098136001509, ""active_pop_pc2"": -0.4242878209748916, ""activity_intensity"": 228.42569285702675, ""adm_cd"": ""1123072"", ""disability_ratio"": 0.0306711544034059, ""dong_name"": ""일원본동"", ""foreigner_ratio"": 0.0010030613062405, ""household_structure_pc1"": -1.9186226888022524, ""household_structure_pc2"": -0.01424222204515588, ""livelihood_recipient_ratio"": 0.0036555736352896, ""resident_age_pc1"": -1.3853472759775167, ""resident_age_pc2"": -0.23576002340303995, ""time_structure_pc1"": -1.2208106142407391, ""time_structure_pc2"": -2.964657297140188, ""weekend_weekday_index"": 0.6260492523103128}","{""adm_cd"": 1123072, ""any_signal"": false, ""call_contacts"": 12.604189758151376, ""call_contacts_baseline_n"": 45, ""call_contacts_common_change"": 0.008701548867941389, ""call_contacts_log_change"": 0.011781784297607345, ""call_contacts_residual"": 0.003080235429665956, ""call_contacts_rz"": 0.5631502563117633, ""cluster"": 2, ""cluster_type"": ""중간활동·다인가구 중심형"", ""combined_signal"": false, ""comm_low_rate"": 0.06610547950419304, ""comm_low_rate_change"": -0.006434138433893594, ""comm_validation_support"": false, ""communication_signal"": false, ""date"": ""2025-11-01T00:00:00"", ""days_in_month"": 30, ""dong_name"": ""일원본동"", ""interest_structural_issue"": false, ""mobility_distance_both_down"": true, ""mobility_distance_support"": true, ""mobility_signal"": false, ""rain_days"": 6.0, ""rainfall_mm"": 20.8, ""signal_status"": null, ""snow_days"": 0.0, ""text_contacts"": 4.993417213355527, ""text_contacts_baseline_n"": 45, ""text_contacts_common_change"": -0.014711217673582633, ""text_contacts_log_change"": -0.005023946426134129, ""text_contacts_residual"": 0.009687271247448503, ""text_contacts_rz"": 2.142641022605609, ""weekday_count_est_ratio"": 0.9549055125820034, ""weekday_days"": 20, ""weekday_distance_down"": true, ""weekday_distance_est_ratio"": 0.9502310780377948, ""weekday_move_count"": 23.571260390978676, ""weekday_move_count_baseline_n"": 45, ""weekday_move_count_common_change"": -0.38970016808217744, ""weekday_move_count_log_change"": -0.39842406157411636, ""weekday_move_count_residual"": -0.008723893491938917, ""weekday_move_count_rz"": -1.0343435636137608, ""weekday_move_distance"": 901.6722304582003, ""weekday_move_distance_common_change"": -0.356036512915185, ""weekday_move_distance_log_change"": -0.3650805802169481, ""weekday_move_distance_residual"": -0.009044067301763103, ""weekday_outing_low_rate"": 0.08287131601984243, ""weekend_count_est_ratio"": 0.9205566434935867, ""weekend_days"": 10, ""weekend_distance_down"": true, ""weekend_distance_est_ratio"": 0.9164207382747479, ""weekend_move_count"": 10.309691373158634, ""weekend_move_count_baseline_n"": 45, ""weekend_move_count_common_change"": -0.42504209293457484, ""weekend_move_count_log_change"": -0.43554849909071613, ""weekend_move_count_residual"": -0.01050640615614129, ""weekend_move_count_rz"": -1.0443108181179257, ""weekend_move_distance"": 552.4032832428984, ""weekend_move_distance_common_change"": -0.348919419779687, ""weekend_move_distance_log_change"": -0.35209030362072635, ""weekend_move_distance_residual"": -0.0031708838410393625, ""weekend_outing_low_rate"": 0.0882315626546225, ""행정동"": ""일원본동"", ""행정동코드"": 1123072}",,,,,,
2025-11-01,1123073,일원1동,0,0,0,0,,2025H2,analysis1_2025H2,1,고령·2인가구·구조적 복지배경 특화형,"{""active_pop_pc1"": -1.9429015574680562, ""active_pop_pc2"": -1.892431367454475, ""activity_intensity"": 264.40659090909094, ""adm_cd"": ""1123073"", ""disability_ratio"": 0.0765103965777201, ""dong_name"": ""일원1동"", ""foreigner_ratio"": 0.0106237213452306, ""household_structure_pc1"": 1.347590880479978, ""household_structure_pc2"": 1.3454414092075702, ""livelihood_recipient_ratio"": 0.0838037799361828, ""resident_age_pc1"": 1.2110613160817687, ""resident_age_pc2"": 2.088758307705335, ""time_structure_pc1"": -2.117589090357818, ""time_structure_pc2"": -0.8003060081140263, ""weekend_weekday_index"": 1.0010790922466295}","{""adm_cd"": 1123073, ""any_signal"": false, ""call_contacts"": 12.468042422169004, ""call_contacts_baseline_n"": 45, ""call_contacts_common_change"": 0.008701548867941389, ""call_contacts_log_change"": 0.005958545360126077, ""call_contacts_residual"": -0.0027430035078153114, ""call_contacts_rz"": -0.3790147155030022, ""cluster"": 1, ""cluster_type"": ""고령·2인가구·구조적 복지배경 특화형"", ""combined_signal"": false, ""comm_low_rate"": 0.09394406925838496, ""comm_low_rate_change"": -0.002301189157926084, ""comm_validation_support"": false, ""communication_signal"": false, ""date"": ""2025-11-01T00:00:00"", ""days_in_month"": 30, ""dong_name"": ""일원1동"", ""interest_structural_issue"": false, ""mobility_distance_both_down"": false, ""mobility_distance_support"": true, ""mobility_signal"": false, ""rain_days"": 6.0, ""rainfall_mm"": 20.8, ""signal_status"": null, ""snow_days"": 0.0, ""text_contacts"": 4.684784810126582, ""text_contacts_baseline_n"": 45, ""text_contacts_common_change"": -0.014711217673582633, ""text_contacts_log_change"": -0.01969345057172256, ""text_contacts_residual"": -0.004982232898139927, ""text_contacts_rz"": -1.0117692020549678, ""weekday_count_est_ratio"": 0.9357071501881629, ""weekday_days"": 20, ""weekday_distance_down"": true, ""weekday_distance_est_ratio"": 0.9248840232637702, ""weekday_move_count"": 21.549841093762797, ""weekday_move_count_baseline_n"": 45, ""weekday_move_count_common_change"": -0.38970016808217744, ""weekday_move_count_log_change"": -0.3911797714680443, ""weekday_move_count_residual"": -0.0014796033858668345, ""weekday_move_count_rz"": -0.09093693108895502, ""weekday_move_distance"": 772.2889799277661, ""weekday_move_distance_common_change"": -0.356036512915185, ""weekday_move_distance_log_change"": -0.3661545969779558, ""weekday_move_distance_residual"": -0.010118084062770816, ""weekday_outing_low_rate"": 0.08932445619574267, ""weekend_count_est_ratio"": 0.8901840574751968, ""weekend_days"": 10, ""weekend_distance_down"": false, ""weekend_distance_est_ratio"": 0.8873965104344851, ""weekend_move_count"": 9.86861832092753, ""weekend_move_count_baseline_n"": 45, ""weekend_move_count_common_change"": -0.42504209293457484, ""weekend_move_count_log_change"": -0.4164594141464386, ""weekend_move_count_residual"": 0.008582678788136233, ""weekend_move_count_rz"": 0.585449566445335, ""weekend_move_distance"": 522.2538757990023, ""weekend_move_distance_common_change"": -0.348919419779687, ""weekend_move_distance_log_change"": -0.34193672685480614, ""weekend_move_distance_residual"": 0.006982692924880851, ""weekend_outing_low_rate"": 0.09523624784761245, ""행정동"": ""일원1동"", ""행정동코드"": 1123073}",,,,,,
2025-11-01,1123074,개포3동,0,0,0,0,,2025H2,analysis1_2025H2,1,고령·2인가구·구조적 복지배경 특화형,"{""active_pop_pc1"": -1.7978863371288094, ""active_pop_pc2"": -1.3550047918047938, ""activity_intensity"": 318.5769660618241, ""adm_cd"": ""1123074"", ""disability_ratio"": 0.0685507379790727, ""dong_name"": ""개포3동"", ""foreigner_ratio"": 0.0046668266181056, ""household_structure_pc1"": -0.10351208942511604, ""household_structure_pc2"": 1.4779743966022372, ""livelihood_recipient_ratio"": 0.0626591794777378, ""resident_age_pc1"": 0.16228898112752646, ""resident_age_pc2"": 0.6754741557975844, ""time_structure_pc1"": -1.9585843100934688, ""time_structure_pc2"": -0.15600867167277757, ""weekend_weekday_index"": 0.6872777922769003}","{""adm_cd"": 1123074, ""any_signal"": false, ""call_contacts"": 12.3245074891168, ""call_contacts_baseline_n"": 45, ""call_contacts_common_change"": 0.008701548867941389, ""call_contacts_log_change"": 0.01548486601607646, ""call_contacts_residual"": 0.006783317148135071, ""call_contacts_rz"": 1.3036793951599006, ""cluster"": 1, ""cluster_type"": ""고령·2인가구·구조적 복지배경 특화형"", ""combined_signal"": false, ""comm_low_rate"": 0.0, ""comm_low_rate_change"": 0.0, ""comm_validation_support"": false, ""communication_signal"": false, ""date"": ""2025-11-01T00:00:00"", ""days_in_month"": 30, ""dong_name"": ""개포3동"", ""interest_structural_issue"": true, ""mobility_distance_both_down"": false, ""mobility_distance_support"": true, ""mobility_signal"": false, ""rain_days"": 6.0, ""rainfall_mm"": 20.8, ""signal_status"": null, ""snow_days"": 0.0, ""text_contacts"": 4.795237954696377, ""text_contacts_baseline_n"": 45, ""text_contacts_common_change"": -0.014711217673582633, ""text_contacts_log_change"": -0.01096520299317194, ""text_contacts_residual"": 0.003746014680410692, ""text_contacts_rz"": 0.7271085976906392, ""weekday_count_est_ratio"": 0.9352032760274478, ""weekday_days"": 20, ""weekday_distance_down"": true, ""weekday_distance_est_ratio"": 0.9191728768538331, ""weekday_move_count"": 22.391493119029008, ""weekday_move_count_baseline_n"": 45, ""weekday_move_count_common_change"": -0.38970016808217744, ""weekday_move_count_log_change"": -0.3964597841757609, ""weekday_move_count_residual"": -0.006759616093583443, ""weekday_move_count_rz"": -0.9806473506694476, ""weekday_move_distance"": 825.6176572520279, ""weekday_move_distance_common_change"": -0.356036512915185, ""weekday_move_distance_log_change"": -0.3573707000322255, ""weekday_move_distance_residual"": -0.001334187117040475, ""weekday_outing_low_rate"": 0.0, ""weekend_count_est_ratio"": 0.8952084409355863, ""weekend_days"": 10, ""weekend_distance_down"": false, ""weekend_distance_est_ratio"": 0.8846476794805579, ""weekend_move_count"": 9.740936382158717, ""weekend_move_count_baseline_n"": 45, ""weekend_move_count_common_change"": -0.42504209293457484, ""weekend_move_count_log_change"": -0.4372657193884808, ""weekend_move_count_residual"": -0.012223626453905956, ""weekend_move_count_rz"": -1.7749661291537888, ""weekend_move_distance"": 529.5322596443759, ""weekend_move_distance_common_change"": -0.348919419779687, ""weekend_move_distance_log_change"": -0.34346119598076097, ""weekend_move_distance_residual"": 0.005458223798926021, ""weekend_outing_low_rate"": 0.0, ""행정동"": ""일원2동"", ""행정동코드"": 1123074}",,,,,,
2025-11-01,1123075,수서동,0,0,0,0,,2025H2,analysis1_2025H2,1,고령·2인가구·구조적 복지배경 특화형,"{""active_pop_pc1"": -0.8134711971606163, ""active_pop_pc2"": -2.8242885246674, ""activity_intensity"": 388.7399853335649, ""adm_cd"": ""1123075"", ""disability_ratio"": 0.1461925947714821, ""dong_name"": ""수서동"", ""foreigner_ratio"": 0.0058462753047252, ""household_structure_pc1"": 1.7566435204062496, ""household_structure_pc2"": 1.9635716923648447, ""livelihood_recipient_ratio"": 0.2036253998602787, ""resident_age_pc1"": 1.1167676530268302, ""resident_age_pc2"": 4.842647968610957, ""time_structure_pc1"": -1.7772419940785278, ""time_structure_pc2"": -1.4057586884483104, ""weekend_weekday_index"": 0.7209299951958243}","{""adm_cd"": 1123075, ""any_signal"": false, ""call_contacts"": 11.493724042522208, ""call_contacts_baseline_n"": 45, ""call_contacts_common_change"": 0.008701548867941389, ""call_contacts_log_change"": 0.007131448534077212, ""call_contacts_residual"": -0.0015701003338641772, ""call_contacts_rz"": -0.2602967965934209, ""cluster"": 1, ""cluster_type"": ""고령·2인가구·구조적 복지배경 특화형"", ""combined_signal"": false, ""comm_low_rate"": 0.12062625813043082, ""comm_low_rate_change"": -0.002149444582285595, ""comm_validation_support"": false, ""communication_signal"": false, ""date"": ""2025-11-01T00:00:00"", ""days_in_month"": 30, ""dong_name"": ""수서동"", ""interest_structural_issue"": false, ""mobility_distance_both_down"": true, ""mobility_distance_support"": true, ""mobility_signal"": false, ""rain_days"": 6.0, ""rainfall_mm"": 20.8, ""signal_status"": null, ""snow_days"": 0.0, ""text_contacts"": 4.341106596767148, ""text_contacts_baseline_n"": 45, ""text_contacts_common_change"": -0.014711217673582633, ""text_contacts_log_change"": -0.00874559701474431, ""text_contacts_residual"": 0.005965620658838322, ""text_contacts_rz"": 0.6085702339859121, ""weekday_count_est_ratio"": 0.9465414300276687, ""weekday_days"": 20, ""weekday_distance_down"": true, ""weekday_distance_est_ratio"": 0.9403516819571867, ""weekday_move_count"": 22.99191486022862, ""weekday_move_count_baseline_n"": 45, ""weekday_move_count_common_change"": -0.38970016808217744, ""weekday_move_count_log_change"": -0.38035790939784464, ""weekday_move_count_residual"": 0.009342258684332805, ""weekday_move_count_rz"": 0.45892002346969063, ""weekday_move_distance"": 789.5986858245468, ""weekday_move_distance_common_change"": -0.356036512915185, ""weekday_move_distance_log_change"": -0.35787191661105755, ""weekday_move_distance_residual"": -0.0018354036958725395, ""weekday_outing_low_rate"": 0.059588597671383914, ""weekend_count_est_ratio"": 0.8998492791612058, ""weekend_days"": 10, ""weekend_distance_down"": true, ""weekend_distance_est_ratio"": 0.8840811125673512, ""weekend_move_count"": 10.273822703832899, ""weekend_move_count_baseline_n"": 45, ""weekend_move_count_common_change"": -0.42504209293457484, ""weekend_move_count_log_change"": -0.4166200939649589, ""weekend_move_count_residual"": 0.00842199896961593, ""weekend_move_count_rz"": 0.6077570675837403, ""weekend_move_distance"": 485.1822241942616, ""weekend_move_distance_common_change"": -0.348919419779687, ""weekend_move_distance_log_change"": -0.3532786276653228, ""weekend_move_distance_residual"": -0.0043592078856358185, ""weekend_outing_low_rate"": 0.17227409288163711, ""행정동"": ""수서동"", ""행정동코드"": 1123075}",,,,,,
2025-11-01,1123076,세곡동,0,0,0,0,,2025H2,analysis1_2025H2,2,중간활동·다인가구 중심형,"{""active_pop_pc1"": -1.300581144869707, ""active_pop_pc2"": -0.3662412022376052, ""activity_intensity"": 85.2199295020683, ""adm_cd"": ""1123076"", ""disability_ratio"": 0.0430198411408385, ""dong_name"": ""세곡동"", ""foreigner_ratio"": 0.0042911192451539, ""household_structure_pc1"": 0.2166105982896993, ""household_structure_pc2"": 0.564024649477107, ""livelihood_recipient_ratio"": 0.0368215164223096, ""resident_age_pc1"": 0.5706225849375067, ""resident_age_pc2"": -0.18369216945119662, ""time_structure_pc1"": -2.1056561965235048, ""time_structure_pc2"": 0.08030329222693579, ""weekend_weekday_index"": 0.957165084093544}","{""adm_cd"": 1123076, ""any_signal"": false, ""call_contacts"": 13.21246128287436, ""call_contacts_baseline_n"": 45, ""call_contacts_common_change"": 0.008701548867941389, ""call_contacts_log_change"": 0.010116096091744797, ""call_contacts_residual"": 0.0014145472238034085, ""call_contacts_rz"": 0.36898362662657447, ""cluster"": 2, ""cluster_type"": ""중간활동·다인가구 중심형"", ""combined_signal"": false, ""comm_low_rate"": 0.0950319570779576, ""comm_low_rate_change"": -9.992989186784207e-05, ""comm_validation_support"": false, ""communication_signal"": false, ""date"": ""2025-11-01T00:00:00"", ""days_in_month"": 30, ""dong_name"": ""세곡동"", ""interest_structural_issue"": false, ""mobility_distance_both_down"": true, ""mobility_distance_support"": true, ""mobility_signal"": false, ""rain_days"": 6.0, ""rainfall_mm"": 20.8, ""signal_status"": null, ""snow_days"": 0.0, ""text_contacts"": 5.061624711381427, ""text_contacts_baseline_n"": 45, ""text_contacts_common_change"": -0.014711217673582633, ""text_contacts_log_change"": -0.014522156522974505, ""text_contacts_residual"": 0.00018906115060812745, ""text_contacts_rz"": 0.13804301525049179, ""weekday_count_est_ratio"": 0.93762516190798, ""weekday_days"": 20, ""weekday_distance_down"": true, ""weekday_distance_est_ratio"": 0.9399363631244017, ""weekday_move_count"": 24.417082416133667, ""weekday_move_count_baseline_n"": 45, ""weekday_move_count_common_change"": -0.38970016808217744, ""weekday_move_count_log_change"": -0.39069018925814447, ""weekday_move_count_residual"": -0.0009900211759670263, ""weekday_move_count_rz"": -0.15619015344925377, ""weekday_move_distance"": 961.0866938428861, ""weekday_move_distance_common_change"": -0.356036512915185, ""weekday_move_distance_log_change"": -0.3723893776469369, ""weekday_move_distance_residual"": -0.016352864731751904, ""weekday_outing_low_rate"": 0.09111419940808899, ""weekend_count_est_ratio"": 0.906474911302585, ""weekend_days"": 10, ""weekend_distance_down"": true, ""weekend_distance_est_ratio"": 0.9087863940981021, ""weekend_move_count"": 10.54628611588706, ""weekend_move_count_baseline_n"": 45, ""weekend_move_count_common_change"": -0.42504209293457484, ""weekend_move_count_log_change"": -0.4277784878583528, ""weekend_move_count_residual"": -0.002736394923777974, ""weekend_move_count_rz"": -0.7057475109894455, ""weekend_move_distance"": 590.1436112439984, ""weekend_move_distance_common_change"": -0.348919419779687, ""weekend_move_distance_log_change"": -0.3573547596997342, ""weekend_move_distance_residual"": -0.008435339920047191, ""weekend_outing_low_rate"": 0.07668509451208116, ""행정동"": ""세곡동"", ""행정동코드"": 1123076}",,,,,,
2025-11-01,1123077,압구정동,0,0,0,0,,2025H2,analysis1_2025H2,2,중간활동·다인가구 중심형,"{""active_pop_pc1"": 1.2077866973298568, ""active_pop_pc2"": -0.3452103362860996, ""activity_intensity"": 484.0394633074098, ""adm_cd"": ""1123077"", ""disability_ratio"": 0.0188161047157132, ""dong_name"": ""압구정동"", ""foreigner_ratio"": 0.0083757193030687, ""household_structure_pc1"": -0.9731322919495847, ""household_structure_pc2"": 0.8155237885933626, ""livelihood_recipient_ratio"": 0.0024153177895946, ""resident_age_pc1"": -0.9110099330730331, ""resident_age_pc2"": 1.0620666983264282, ""time_structure_pc1"": 1.2810120234245381, ""time_structure_pc2"": 0.6747482970387954, ""weekend_weekday_index"": 0.817443037464428}","{""adm_cd"": 1123077, ""any_signal"": false, ""call_contacts"": 13.973060187928555, ""call_contacts_baseline_n"": 45, ""call_contacts_common_change"": 0.008701548867941389, ""call_contacts_log_change"": 0.009690391734876957, ""call_contacts_residual"": 0.0009888428669355687, ""call_contacts_rz"": 0.33391856367319533, ""cluster"": 2, ""cluster_type"": ""중간활동·다인가구 중심형"", ""combined_signal"": false, ""comm_low_rate"": 0.09271147265168779, ""comm_low_rate_change"": 0.0065560454225598724, ""comm_validation_support"": true, ""communication_signal"": false, ""date"": ""2025-11-01T00:00:00"", ""days_in_month"": 30, ""dong_name"": ""압구정동"", ""interest_structural_issue"": false, ""mobility_distance_both_down"": true, ""mobility_distance_support"": true, ""mobility_signal"": false, ""rain_days"": 6.0, ""rainfall_mm"": 20.8, ""signal_status"": null, ""snow_days"": 0.0, ""text_contacts"": 5.567331329890799, ""text_contacts_baseline_n"": 45, ""text_contacts_common_change"": -0.014711217673582633, ""text_contacts_log_change"": -0.015044619270335513, ""text_contacts_residual"": -0.0003334015967528803, ""text_contacts_rz"": -0.19082630953663723, ""weekday_count_est_ratio"": 0.9125653940573942, ""weekday_days"": 20, ""weekday_distance_down"": true, ""weekday_distance_est_ratio"": 0.9072250910014392, ""weekday_move_count"": 22.521787997089096, ""weekday_move_count_baseline_n"": 45, ""weekday_move_count_common_change"": -0.38970016808217744, ""weekday_move_count_log_change"": -0.38869614078100456, ""weekday_move_count_residual"": 0.0010040273011728829, ""weekday_move_count_rz"": 0.1815668525230385, ""weekday_move_distance"": 823.0319758235707, ""weekday_move_distance_common_change"": -0.356036512915185, ""weekday_move_distance_log_change"": -0.3618194215054178, ""weekday_move_distance_residual"": -0.005782908590232783, ""weekday_outing_low_rate"": 0.06125090861571886, ""weekend_count_est_ratio"": 0.8692436298992635, ""weekend_days"": 10, ""weekend_distance_down"": true, ""weekend_distance_est_ratio"": 0.8602632692796073, ""weekend_move_count"": 10.01771597258573, ""weekend_move_count_baseline_n"": 45, ""weekend_move_count_common_change"": -0.42504209293457484, ""weekend_move_count_log_change"": -0.4235147308750933, ""weekend_move_count_residual"": 0.001527362059481563, ""weekend_move_count_rz"": 0.27440621919198077, ""weekend_move_distance"": 492.53705078776534, ""weekend_move_distance_common_change"": -0.348919419779687, ""weekend_move_distance_log_change"": -0.3507919090074889, ""weekend_move_distance_residual"": -0.0018724892278019212, ""weekend_outing_low_rate"": 0.1075229297854442, ""행정동"": ""압구정동"", ""행정동코드"": 1123077}",,,,,,
2025-11-01,1123078,청담동,0,0,0,0,,2025H2,analysis1_2025H2,2,중간활동·다인가구 중심형,"{""active_pop_pc1"": 1.08932858438996, ""active_pop_pc2"": -0.37987023289476274, ""activity_intensity"": 500.49645992710174, ""adm_cd"": ""1123078"", ""disability_ratio"": 0.0210980676913146, ""dong_name"": ""청담동"", ""foreigner_ratio"": 0.0102213740078225, ""household_structure_pc1"": 0.20165807093519106, ""household_structure_pc2"": 0.14844437883248288, ""livelihood_recipient_ratio"": 0.0053249425148251, ""resident_age_pc1"": -0.11850047016917795, ""resident_age_pc2"": 0.04683770938438659, ""time_structure_pc1"": 0.27464850893850323, ""time_structure_pc2"": -0.20337359436936112, ""weekend_weekday_index"": 0.7614574322902131}","{""adm_cd"": 1123078, ""any_signal"": false, ""call_contacts"": 14.73779506832346, ""call_contacts_baseline_n"": 45, ""call_contacts_common_change"": 0.008701548867941389, ""call_contacts_log_change"": 0.011090315913739879, ""call_contacts_residual"": 0.00238876704579849, ""call_contacts_rz"": 0.5784833720588475, ""cluster"": 2, ""cluster_type"": ""중간활동·다인가구 중심형"", ""combined_signal"": false, ""comm_low_rate"": 0.10794462827074837, ""comm_low_rate_change"": -0.0009542301206566101, ""comm_validation_support"": false, ""communication_signal"": false, ""date"": ""2025-11-01T00:00:00"", ""days_in_month"": 30, ""dong_name"": ""청담동"", ""interest_structural_issue"": false, ""mobility_distance_both_down"": true, ""mobility_distance_support"": true, ""mobility_signal"": false, ""rain_days"": 6.0, ""rainfall_mm"": 20.8, ""signal_status"": null, ""snow_days"": 0.0, ""text_contacts"": 5.610449812255642, ""text_contacts_baseline_n"": 45, ""text_contacts_common_change"": -0.014711217673582633, ""text_contacts_log_change"": -0.016906214061312097, ""text_contacts_residual"": -0.0021949963877294643, ""text_contacts_rz"": -0.5288585390666267, ""weekday_count_est_ratio"": 0.925156969767352, ""weekday_days"": 20, ""weekday_distance_down"": true, ""weekday_distance_est_ratio"": 0.9167870553168428, ""weekday_move_count"": 22.924093594950204, ""weekday_move_count_baseline_n"": 45, ""weekday_move_count_common_change"": -0.38970016808217744, ""weekday_move_count_log_change"": -0.3919655108178741, ""weekday_move_count_residual"": -0.0022653427356966738, ""weekday_move_count_rz"": -0.4322713887682375, ""weekday_move_distance"": 856.6750110583971, ""weekday_move_distance_common_change"": -0.356036512915185, ""weekday_move_distance_log_change"": -0.3596147523056601, ""weekday_move_distance_residual"": -0.0035782393904750798, ""weekday_outing_low_rate"": 0.07099853138303734, ""weekend_count_est_ratio"": 0.8884012696938025, ""weekend_days"": 10, ""weekend_distance_down"": true, ""weekend_distance_est_ratio"": 0.8798683853985213, ""weekend_move_count"": 10.452914309193828, ""weekend_move_count_baseline_n"": 45, ""weekend_move_count_common_change"": -0.42504209293457484, ""weekend_move_count_log_change"": -0.43039711516294954, ""weekend_move_count_residual"": -0.005355022228374695, ""weekend_move_count_rz"": -1.0151707207223428, ""weekend_move_distance"": 532.2900032688596, ""weekend_move_distance_common_change"": -0.348919419779687, ""weekend_move_distance_log_change"": -0.35315163422529317, ""weekend_move_distance_residual"": -0.004232214445606175, ""weekend_outing_low_rate"": 0.08934214674379681, ""행정동"": ""청담동"", ""행정동코드"": 1123078}",,,,,,
2025-11-01,1123079,대치2동,0,0,0,0,,2025H2,analysis1_2025H2,2,중간활동·다인가구 중심형,"{""active_pop_pc1"": 0.41805709040126066, ""active_pop_pc2"": 1.138411822869498, ""activity_intensity"": 578.4774766235814, ""adm_cd"": ""1123079"", ""disability_ratio"": 0.0153748592579171, ""dong_name"": ""대치2동"", ""foreigner_ratio"": 0.005189255839585, ""household_structure_pc1"": -1.9059388158921826, ""household_structure_pc2"": -0.7450016269652203, ""livelihood_recipient_ratio"": 0.0018377357025456, ""resident_age_pc1"": -2.2332334995637253, ""resident_age_pc2"": -0.5540955233637973, ""time_structure_pc1"": 1.5044647512860543, ""time_structure_pc2"": 0.09516604937317098, ""weekend_weekday_index"": 0.7661221887462503}","{""adm_cd"": 1123079, ""any_signal"": false, ""call_contacts"": 13.707824735860784, ""call_contacts_baseline_n"": 45, ""call_contacts_common_change"": 0.008701548867941389, ""call_contacts_log_change"": 0.011437260712732655, ""call_contacts_residual"": 0.0027357118447912665, ""call_contacts_rz"": 0.6041301131142559, ""cluster"": 2, ""cluster_type"": ""중간활동·다인가구 중심형"", ""combined_signal"": false, ""comm_low_rate"": 0.09081817972826962, ""comm_low_rate_change"": 0.0015444079714317521, ""comm_validation_support"": true, ""communication_signal"": false, ""date"": ""2025-11-01T00:00:00"", ""days_in_month"": 30, ""dong_name"": ""대치2동"", ""interest_structural_issue"": false, ""mobility_distance_both_down"": false, ""mobility_distance_support"": false, ""mobility_signal"": false, ""rain_days"": 6.0, ""rainfall_mm"": 20.8, ""signal_status"": null, ""snow_days"": 0.0, ""text_contacts"": 5.452677128651337, ""text_contacts_baseline_n"": 45, ""text_contacts_common_change"": -0.014711217673582633, ""text_contacts_log_change"": -0.014002875531061054, ""text_contacts_residual"": 0.0007083421425215786, ""text_contacts_rz"": 0.1264748742437442, ""weekday_count_est_ratio"": 0.9402930391547545, ""weekday_days"": 20, ""weekday_distance_down"": false, ""weekday_distance_est_ratio"": 0.9283483530142946, ""weekday_move_count"": 22.970685582922957, ""weekday_move_count_baseline_n"": 45, ""weekday_move_count_common_change"": -0.38970016808217744, ""weekday_move_count_log_change"": -0.3878173722075031, ""weekday_move_count_residual"": 0.0018827958746743256, ""weekday_move_count_rz"": 0.030893486247642123, ""weekday_move_distance"": 910.6104553754487, ""weekday_move_distance_common_change"": -0.356036512915185, ""weekday_move_distance_log_change"": -0.35470232579814454, ""weekday_move_distance_residual"": 0.001334187117040475, ""weekday_outing_low_rate"": 0.0750189659532403, ""weekend_count_est_ratio"": 0.9054686140459913, ""weekend_days"": 10, ""weekend_distance_down"": false, ""weekend_distance_est_ratio"": 0.8941761963952765, ""weekend_move_count"": 9.781898978583964, ""weekend_move_count_baseline_n"": 45, ""weekend_move_count_common_change"": -0.42504209293457484, ""weekend_move_count_log_change"": -0.4253049468623993, ""weekend_move_count_residual"": -0.00026285392782443573, ""weekend_move_count_rz"": -0.024597248899111326, ""weekend_move_distance"": 526.9207353258553, ""weekend_move_distance_common_change"": -0.348919419779687, ""weekend_move_distance_log_change"": -0.3458004755578452, ""weekend_move_distance_residual"": 0.0031189442218417796, ""weekend_outing_low_rate"": 0.08079496080369662, ""행정동"": ""대치2동"", ""행정동코드"": 1123079}",,,,,,
2025-11-01,1123080,개포2동,0,0,0,0,,2025H2,analysis1_2025H2,2,중간활동·다인가구 중심형,"{""active_pop_pc1"": -2.366336608612611, ""active_pop_pc2"": 0.251495985319658, ""activity_intensity"": 356.1191324921136, ""adm_cd"": ""1123080"", ""disability_ratio"": 0.0180231387734318, ""dong_name"": ""개포2동"", ""foreigner_ratio"": 0.0038959992008093, ""household_structure_pc1"": -1.9959007411916614, ""household_structure_pc2"": 0.4819812636085993, ""livelihood_recipient_ratio"": 0.0026525513043684, ""resident_age_pc1"": -0.8478421208714008, ""resident_age_pc2"": -0.5209638347474519, ""time_structure_pc1"": -1.6818571562464748, ""time_structure_pc2"": 1.0742607469722483, ""weekend_weekday_index"": 1.1020346819350626}","{""adm_cd"": 1123080, ""any_signal"": false, ""call_contacts"": 12.936546062107507, ""call_contacts_baseline_n"": 45, ""call_contacts_common_change"": 0.008701548867941389, ""call_contacts_log_change"": 0.008505080701651124, ""call_contacts_residual"": -0.00019646816629026453, ""call_contacts_rz"": 0.36551159578919196, ""cluster"": 2, ""cluster_type"": ""중간활동·다인가구 중심형"", ""combined_signal"": false, ""comm_low_rate"": 0.07931527871958677, ""comm_low_rate_change"": -0.0026975747343785106, ""comm_validation_support"": false, ""communication_signal"": false, ""date"": ""2025-11-01T00:00:00"", ""days_in_month"": 30, ""dong_name"": ""개포2동"", ""interest_structural_issue"": false, ""mobility_distance_both_down"": false, ""mobility_distance_support"": true, ""mobility_signal"": false, ""rain_days"": 6.0, ""rainfall_mm"": 20.8, ""signal_status"": null, ""snow_days"": 0.0, ""text_contacts"": 5.267261335484243, ""text_contacts_baseline_n"": 45, ""text_contacts_common_change"": -0.014711217673582633, ""text_contacts_log_change"": -0.011183330156764093, ""text_contacts_residual"": 0.0035278875168185397, ""text_contacts_rz"": 1.424511897796074, ""weekday_count_est_ratio"": 0.9536305237080142, ""weekday_days"": 20, ""weekday_distance_down"": true, ""weekday_distance_est_ratio"": 0.9486385896180216, ""weekday_move_count"": 24.23912455258874, ""weekday_move_count_baseline_n"": 45, ""weekday_move_count_common_change"": -0.38970016808217744, ""weekday_move_count_log_change"": -0.3941049817218998, ""weekday_move_count_residual"": -0.004404813639722338, ""weekday_move_count_rz"": -0.6761083025422764, ""weekday_move_distance"": 917.443974800067, ""weekday_move_distance_common_change"": -0.356036512915185, ""weekday_move_distance_log_change"": -0.36439307158957224, ""weekday_move_distance_residual"": -0.008356558674387227, ""weekday_outing_low_rate"": 0.039339677430867616, ""weekend_count_est_ratio"": 0.9285786714293945, ""weekend_days"": 10, ""weekend_distance_down"": false, ""weekend_distance_est_ratio"": 0.9212859365097655, ""weekend_move_count"": 10.387203710413754, ""weekend_move_count_baseline_n"": 45, ""weekend_move_count_common_change"": -0.42504209293457484, ""weekend_move_count_log_change"": -0.436825019071434, ""weekend_move_count_residual"": -0.011782926136859162, ""weekend_move_count_rz"": -1.1554924141193128, ""weekend_move_distance"": 560.5495041917957, ""weekend_move_distance_common_change"": -0.348919419779687, ""weekend_move_distance_log_change"": -0.34725949470509754, ""weekend_move_distance_residual"": 0.0016599250745894523, ""weekend_outing_low_rate"": 0.08337091556812982, ""행정동"": ""개포2동"", ""행정동코드"": 1123080}",,,,,,
2025-12-01,1123051,신사동,0,0,0,0,,2025H2,analysis1_2025H2,2,중간활동·다인가구 중심형,"{""active_pop_pc1"": 1.0088791940287667, ""active_pop_pc2"": -0.5688564516594959, ""activity_intensity"": 607.2698402650532, ""adm_cd"": ""1123051"", ""disability_ratio"": 0.0232542948592331, ""dong_name"": ""신사동"", ""foreigner_ratio"": 0.0138153065986681, ""household_structure_pc1"": 0.0605229569429563, ""household_structure_pc2"": 0.4495198306068907, ""livelihood_recipient_ratio"": 0.0077732053040695, ""resident_age_pc1"": -0.16136111396294658, ""resident_age_pc2"": 1.0441849821551388, ""time_structure_pc1"": 0.81897433245156, ""time_structure_pc2"": 1.2570230042645771, ""weekend_weekday_index"": 0.8509529756754773}","{""adm_cd"": 1123051, ""any_signal"": false, ""call_contacts"": 13.617711308907747, ""call_contacts_baseline_n"": 46, ""call_contacts_common_change"": 0.005141296170448673, ""call_contacts_log_change"": 0.004999887621880639, ""call_contacts_residual"": -0.00014140854856803386, ""call_contacts_rz"": -0.042888588922622324, ""cluster"": 2, ""cluster_type"": ""중간활동·다인가구 중심형"", ""combined_signal"": false, ""comm_low_rate"": 0.11098117371897287, ""comm_low_rate_change"": 0.0028416770102284855, ""comm_validation_support"": true, ""communication_signal"": false, ""date"": ""2025-12-01T00:00:00"", ""days_in_month"": 31, ""dong_name"": ""신사동"", ""interest_structural_issue"": false, ""mobility_distance_both_down"": true, ""mobility_distance_support"": true, ""mobility_signal"": false, ""rain_days"": 10.0, ""rainfall_mm"": 41.2, ""signal_status"": null, ""snow_days"": 6.0, ""text_contacts"": 5.21179741944387, ""text_contacts_baseline_n"": 46, ""text_contacts_common_change"": -0.037726356350945234, ""text_contacts_log_change"": -0.04181979963525162, ""text_contacts_residual"": -0.004093443284306386, ""text_contacts_rz"": -0.7945291915569342, ""weekday_count_est_ratio"": 0.9101897467743049, ""weekday_days"": 23, ""weekday_distance_down"": true, ""weekday_distance_est_ratio"": 0.8970572000275995, ""weekday_move_count"": 20.40755585086625, ""weekday_move_count_baseline_n"": 46, ""weekday_move_count_common_change"": -0.05222056495620375, ""weekday_move_count_log_change"": -0.048613386727514474, ""weekday_move_count_residual"": 0.0036071782286892784, ""weekday_move_count_rz"": 0.5114570424200722, ""weekday_move_distance"": 754.6258660185139, ""weekday_move_distance_common_change"": -0.008127647919214276, ""weekday_move_distance_log_change"": -0.02590904617245382, ""weekday_move_distance_residual"": -0.017781398253239544, ""weekday_outing_low_rate"": 0.0933325646896052, ""weekend_count_est_ratio"": 0.8749851652521907, ""weekend_days"": 8, ""weekend_distance_down"": true, ""weekend_distance_est_ratio"": 0.86318291589043, ""weekend_move_count"": 10.52990636503285, ""weekend_move_count_baseline_n"": 46, ""weekend_move_count_common_change"": 0.05344673874839834, ""weekend_move_count_log_change"": 0.05912732207943483, ""weekend_move_count_residual"": 0.005680583331036493, ""weekend_move_count_rz"": 0.560506180212193, ""weekend_move_distance"": 520.8654190730537, ""weekend_move_distance_common_change"": 0.0726750879068283, ""weekend_move_distance_log_change"": 0.0713456035343647, ""weekend_move_distance_residual"": -0.0013294843724636074, ""weekend_outing_low_rate"": 0.10134979328974025, ""행정동"": ""신사동"", ""행정동코드"": 1123051}",,,,,,
2025-12-01,1123052,논현1동,0,0,0,0,,2025H2,analysis1_2025H2,0,고활동·청년유동·1인가구 중심형,"{""active_pop_pc1"": 3.453788748468105, ""active_pop_pc2"": -0.47931987392245334, ""activity_intensity"": 696.1982087542087, ""adm_cd"": ""1123052"", ""disability_ratio"": 0.0253999210605744, ""dong_name"": ""논현1동"", ""foreigner_ratio"": 0.0392614362737223, ""household_structure_pc1"": 3.1168283256548026, ""household_structure_pc2"": -0.895896843173252, ""livelihood_recipient_ratio"": 0.0298112419029045, ""resident_age_pc1"": 3.7507521888889657, ""resident_age_pc2"": -1.2422024657975301, ""time_structure_pc1"": 0.27596478825796733, ""time_structure_pc2"": 0.7750585861084357, ""weekend_weekday_index"": 0.6598316944339361}","{""adm_cd"": 1123052, ""any_signal"": false, ""call_contacts"": 13.801292270531402, ""call_contacts_baseline_n"": 46, ""call_contacts_common_change"": 0.005141296170448673, ""call_contacts_log_change"": 0.005481537719261187, ""call_contacts_residual"": 0.00034024154881251434, ""call_contacts_rz"": 0.33720761355453954, ""cluster"": 0, ""cluster_type"": ""고활동·청년유동·1인가구 중심형"", ""combined_signal"": false, ""comm_low_rate"": 0.11509050858467243, ""comm_low_rate_change"": -0.002435171727985158, ""comm_validation_support"": false, ""communication_signal"": false, ""date"": ""2025-12-01T00:00:00"", ""days_in_month"": 31, ""dong_name"": ""논현1동"", ""interest_structural_issue"": false, ""mobility_distance_both_down"": false, ""mobility_distance_support"": false, ""mobility_signal"": false, ""rain_days"": 10.0, ""rainfall_mm"": 41.2, ""signal_status"": null, ""snow_days"": 6.0, ""text_contacts"": 5.309378881987578, ""text_contacts_baseline_n"": 46, ""text_contacts_common_change"": -0.037726356350945234, ""text_contacts_log_change"": -0.032488364342966536, ""text_contacts_residual"": 0.005237992007978698, ""text_contacts_rz"": 1.1077255800596684, ""weekday_count_est_ratio"": 0.9066925465838509, ""weekday_days"": 23, ""weekday_distance_down"": false, ""weekday_distance_est_ratio"": 0.8884700655624569, ""weekday_move_count"": 18.572217712394796, ""weekday_move_count_baseline_n"": 46, ""weekday_move_count_common_change"": -0.05222056495620375, ""weekday_move_count_log_change"": -0.04016867811292002, ""weekday_move_count_residual"": 0.012051886843283732, ""weekday_move_count_rz"": 1.138690368764087, ""weekday_move_distance"": 704.8493274198973, ""weekday_move_distance_common_change"": -0.008127647919214276, ""weekday_move_distance_log_change"": -1.3558298611826558e-05, ""weekday_move_distance_residual"": 0.00811408962060245, ""weekday_outing_low_rate"": 0.11187139451491242, ""weekend_count_est_ratio"": 0.86976966873706, ""weekend_days"": 8, ""weekend_distance_down"": false, ""weekend_distance_est_ratio"": 0.8601863354037266, ""weekend_move_count"": 9.781309349884998, ""weekend_move_count_baseline_n"": 46, ""weekend_move_count_common_change"": 0.05344673874839834, ""weekend_move_count_log_change"": 0.057236478922567446, ""weekend_move_count_residual"": 0.0037897401741691095, ""weekend_move_count_rz"": 0.3692805477347151, ""weekend_move_distance"": 555.6593467288052, ""weekend_move_distance_common_change"": 0.0726750879068283, ""weekend_move_distance_log_change"": 0.07464312296761388, ""weekend_move_distance_residual"": 0.001968035060785578, ""weekend_outing_low_rate"": 0.07937866900569807, ""행정동"": ""논현1동"", ""행정동코드"": 1123052}",,,,,,
2025-12-01,1123053,논현2동,0,0,0,0,,2025H2,analysis1_2025H2,0,고활동·청년유동·1인가구 중심형,"{""active_pop_pc1"": 2.9000233961088235, ""active_pop_pc2"": -0.10206052622030919, ""activity_intensity"": 698.9132497116494, ""adm_cd"": ""1123053"", ""disability_ratio"": 0.0220396420996172, ""dong_name"": ""논현2동"", ""foreigner_ratio"": 0.0192359417126495, ""household_structure_pc1"": 1.9479285504751769, ""household_structure_pc2"": -0.4486960353567812, ""livelihood_recipient_ratio"": 0.0158958480629982, ""resident_age_pc1"": 1.8362400462184008, ""resident_age_pc2"": -0.5567102677104767, ""time_structure_pc1"": 1.232090568789294, ""time_structure_pc2"": -0.6568326529068874, ""weekend_weekday_index"": 0.6058801393255854}","{""adm_cd"": 1123053, ""any_signal"": false, ""call_contacts"": 14.480626016995119, ""call_contacts_baseline_n"": 46, ""call_contacts_common_change"": 0.005141296170448673, ""call_contacts_log_change"": 0.0029962304259032457, ""call_contacts_residual"": -0.002145065744545427, ""call_contacts_rz"": -0.40506633725062513, ""cluster"": 0, ""cluster_type"": ""고활동·청년유동·1인가구 중심형"", ""combined_signal"": false, ""comm_low_rate"": 0.11936570170070497, ""comm_low_rate_change"": 0.0036652757047734297, ""comm_validation_support"": true, ""communication_signal"": false, ""date"": ""2025-12-01T00:00:00"", ""days_in_month"": 31, ""dong_name"": ""논현2동"", ""interest_structural_issue"": false, ""mobility_distance_both_down"": false, ""mobility_distance_support"": true, ""mobility_signal"": false, ""rain_days"": 10.0, ""rainfall_mm"": 41.2, ""signal_status"": null, ""snow_days"": 6.0, ""text_contacts"": 5.40018667510396, ""text_contacts_baseline_n"": 46, ""text_contacts_common_change"": -0.037726356350945234, ""text_contacts_log_change"": -0.039777048964775075, ""text_contacts_residual"": -0.002050692613829841, ""text_contacts_rz"": -0.40515716095000887, ""weekday_count_est_ratio"": 0.9051229434098718, ""weekday_days"": 23, ""weekday_distance_down"": true, ""weekday_distance_est_ratio"": 0.8930866931838728, ""weekday_move_count"": 19.322402773741143, ""weekday_move_count_baseline_n"": 46, ""weekday_move_count_common_change"": -0.05222056495620375, ""weekday_move_count_log_change"": -0.05370493852187508, ""weekday_move_count_residual"": -0.0014843735656713264, ""weekday_move_count_rz"": -0.2182972939971782, ""weekday_move_distance"": 732.1341505568447, ""weekday_move_distance_common_change"": -0.008127647919214276, ""weekday_move_distance_log_change"": -0.01933645138521456, ""weekday_move_distance_residual"": -0.011208803466000283, ""weekday_outing_low_rate"": 0.09363903842231004, ""weekend_count_est_ratio"": 0.8719024588681975, ""weekend_days"": 8, ""weekend_distance_down"": false, ""weekend_distance_est_ratio"": 0.8676722111733864, ""weekend_move_count"": 10.255636696169045, ""weekend_move_count_baseline_n"": 46, ""weekend_move_count_common_change"": 0.05344673874839834, ""weekend_move_count_log_change"": 0.052046301636893055, ""weekend_move_count_residual"": -0.0014004371115052816, ""weekend_move_count_rz"": -0.2209013853088534, ""weekend_move_distance"": 559.9072708916993, ""weekend_move_distance_common_change"": 0.0726750879068283, ""weekend_move_distance_log_change"": 0.07457214767365361, ""weekend_move_distance_residual"": 0.0018970597668253042, ""weekend_outing_low_rate"": 0.07421006593300213, ""행정동"": ""논현2동"", ""행정동코드"": 1123053}",,,,,,
2025-12-01,1123058,삼성1동,1,0,1,0,New,2025H2,analysis1_2025H2,0,고활동·청년유동·1인가구 중심형,"{""active_pop_pc1"": 2.5679862614364954, ""active_pop_pc2"": 0.4639211601272395, ""activity_intensity"": 809.7405360670981, ""adm_cd"": ""1123058"", ""disability_ratio"": 0.0217082805967859, ""dong_name"": ""삼성1동"", ""foreigner_ratio"": 0.0244693448059286, ""household_structure_pc1"": -0.02445449279740706, ""household_structure_pc2"": 0.9379226306994808, ""livelihood_recipient_ratio"": 0.0068269857707206, ""resident_age_pc1"": 0.02031325458294293, ""resident_age_pc2"": 1.0968941609975316, ""time_structure_pc1"": 3.8344529860505894, ""time_structure_pc2"": -1.3973448705491038, ""weekend_weekday_index"": 0.7580710672406373}","{""adm_cd"": 1123058, ""any_signal"": true, ""call_contacts"": 14.208636947845498, ""call_contacts_baseline_n"": 46, ""call_contacts_common_change"": 0.005141296170448673, ""call_contacts_log_change"": 0.0006545360993186478, ""call_contacts_residual"": -0.004486760071130025, ""call_contacts_rz"": -0.7400206176078369, ""cluster"": 0, ""cluster_type"": ""고활동·청년유동·1인가구 중심형"", ""combined_signal"": false, ""comm_low_rate"": 0.11427891129466587, ""comm_low_rate_change"": -0.00021517275266175195, ""comm_validation_support"": false, ""communication_signal"": false, ""date"": ""2025-12-01T00:00:00"", ""days_in_month"": 31, ""dong_name"": ""삼성1동"", ""interest_structural_issue"": false, ""mobility_distance_both_down"": false, ""mobility_distance_support"": false, ""mobility_signal"": true, ""rain_days"": 10.0, ""rainfall_mm"": 41.2, ""signal_status"": ""New"", ""snow_days"": 6.0, ""text_contacts"": 5.193411350876006, ""text_contacts_baseline_n"": 46, ""text_contacts_common_change"": -0.037726356350945234, ""text_contacts_log_change"": -0.03769024231885987, ""text_contacts_residual"": 3.61140320853659e-05, ""text_contacts_rz"": -0.029087716654802098, ""weekday_count_est_ratio"": 0.9132429141581546, ""weekday_days"": 23, ""weekday_distance_down"": false, ""weekday_distance_est_ratio"": 0.9048028140431578, ""weekday_move_count"": 21.16782652752089, ""weekday_move_count_baseline_n"": 46, ""weekday_move_count_common_change"": -0.05222056495620375, ""weekday_move_count_log_change"": -0.0628154683761224, ""weekday_move_count_residual"": -0.010594903419918644, ""weekday_move_count_rz"": -2.6658409083802486, ""weekday_move_distance"": 867.924059294093, ""weekday_move_distance_common_change"": -0.008127647919214276, ""weekday_move_distance_log_change"": -0.0024162610272586704, ""weekday_move_distance_residual"": 0.0057113868919556054, ""weekday_outing_low_rate"": 0.08769622377305221, ""weekend_count_est_ratio"": 0.8790752891835215, ""weekend_days"": 8, ""weekend_distance_down"": false, ""weekend_distance_est_ratio"": 0.8737779882297233, ""weekend_move_count"": 10.767373749266087, ""weekend_move_count_baseline_n"": 46, ""weekend_move_count_common_change"": 0.05344673874839834, ""weekend_move_count_log_change"": 0.03524216249127532, ""weekend_move_count_residual"": -0.018204576257123017, ""weekend_move_count_rz"": -2.423610398327274, ""weekend_move_distance"": 567.3300566150502, ""weekend_move_distance_common_change"": 0.0726750879068283, ""weekend_move_distance_log_change"": 0.07547742493451004, ""weekend_move_distance_residual"": 0.002802337027681734, ""weekend_outing_low_rate"": 0.09872273843066334, ""행정동"": ""삼성1동"", ""행정동코드"": 1123058}","{""call_contacts_residual_change_expanding_rz"": -0.7400206176078369, ""cluster"": 0, ""cluster_type"": ""고활동·청년유동·1인가구 중심형"", ""combined_signal"": false, ""comm_low_rate_change"": -0.00021517275266175195, ""communication_interest_support"": false, ""communication_signal"": false, ""consecutive_signal"": false, ""date"": ""2025-12-01T00:00:00"", ""days_in_month"": 31, ""interest_structural_issue"": false, ""mobility_distance_support"": false, ""mobility_signal"": true, ""months_since_previous_signal"": 21.0, ""previous_signal_date"": ""2024-03-01T00:00:00"", ""rain_days"": 10.0, ""rainfall_mm"": 41.2, ""signal_status"": ""New"", ""signal_type"": ""Mobility"", ""snow_days"": 6.0, ""text_contacts_residual_change_expanding_rz"": -0.029087716654802098, ""weekday_days"": 23, ""weekday_move_count_residual_change_expanding_rz"": -2.6658409083802486, ""weekday_move_distance_residual_change"": 0.0057113868919556054, ""weekend_days"": 8, ""weekend_move_count_residual_change_expanding_rz"": -2.423610398327274, ""weekend_move_distance_residual_change"": 0.002802337027681734, ""행정동"": ""삼성1동"", ""행정동코드"": 1123058}",,,,,
2025-12-01,1123059,삼성2동,0,0,0,0,,2025H2,analysis1_2025H2,0,고활동·청년유동·1인가구 중심형,"{""active_pop_pc1"": 1.9648971764163092, ""active_pop_pc2"": 0.42604555301592795, ""activity_intensity"": 705.2855931080185, ""adm_cd"": ""1123059"", ""disability_ratio"": 0.019152830435351, ""dong_name"": ""삼성2동"", ""foreigner_ratio"": 0.010409578322043, ""household_structure_pc1"": 0.5495489596363184, ""household_structure_pc2"": -0.6664725705103184, ""livelihood_recipient_ratio"": 0.0110798797228395, ""resident_age_pc1"": -0.15441807500714294, ""resident_age_pc2"": -0.9841985998764194, ""time_structure_pc1"": 1.0924956073545355, ""time_structure_pc2"": -0.7233181092951388, ""weekend_weekday_index"": 0.5882834439387897}","{""adm_cd"": 1123059, ""any_signal"": false, ""call_contacts"": 13.956651443117584, ""call_contacts_baseline_n"": 46, ""call_contacts_common_change"": 0.005141296170448673, ""call_contacts_log_change"": -0.0012339282366120585, ""call_contacts_residual"": -0.006375224407060731, ""call_contacts_rz"": -1.2343260127701607, ""cluster"": 0, ""cluster_type"": ""고활동·청년유동·1인가구 중심형"", ""combined_signal"": false, ""comm_low_rate"": 0.1043674355357731, ""comm_low_rate_change"": -0.0026802517771248313, ""comm_validation_support"": false, ""communication_signal"": false, ""date"": ""2025-12-01T00:00:00"", ""days_in_month"": 31, ""dong_name"": ""삼성2동"", ""interest_structural_issue"": false, ""mobility_distance_both_down"": true, ""mobility_distance_support"": true, ""mobility_signal"": false, ""rain_days"": 10.0, ""rainfall_mm"": 41.2, ""signal_status"": null, ""snow_days"": 6.0, ""text_contacts"": 5.228196009433609, ""text_contacts_baseline_n"": 46, ""text_contacts_common_change"": -0.037726356350945234, ""text_contacts_log_change"": -0.05386908460265616, ""text_contacts_residual"": -0.016142728251710925, ""text_contacts_rz"": -3.760906932708671, ""weekday_count_est_ratio"": 0.9209811702167483, ""weekday_days"": 23, ""weekday_distance_down"": true, ""weekday_distance_est_ratio"": 0.9094523265825628, ""weekday_move_count"": 20.005195240907614, ""weekday_move_count_baseline_n"": 46, ""weekday_move_count_common_change"": -0.05222056495620375, ""weekday_move_count_log_change"": -0.050736191390532426, ""weekday_move_count_residual"": 0.0014843735656713264, ""weekday_move_count_rz"": 0.7641759672226934, ""weekday_move_distance"": 808.0021697936132, ""weekday_move_distance_common_change"": -0.008127647919214276, ""weekday_move_distance_log_change"": -0.008802794177473316, ""weekday_move_distance_residual"": -0.0006751462582590406, ""weekday_outing_low_rate"": 0.09143024856628856, ""weekend_count_est_ratio"": 0.8914348818927115, ""weekend_days"": 8, ""weekend_distance_down"": true, ""weekend_distance_est_ratio"": 0.8874742634672258, ""weekend_move_count"": 10.089266615993852, ""weekend_move_count_baseline_n"": 46, ""weekend_move_count_common_change"": 0.05344673874839834, ""weekend_move_count_log_change"": 0.058682533364985634, ""weekend_move_count_residual"": 0.005235794616587297, ""weekend_move_count_rz"": 1.2443015111878022, ""weekend_move_distance"": 576.3585371850627, ""weekend_move_distance_common_change"": 0.0726750879068283, ""weekend_move_distance_log_change"": 0.06809843788474623, ""weekend_move_distance_residual"": -0.004576650022082074, ""weekend_outing_low_rate"": 0.06603096309935051, ""행정동"": ""삼성2동"", ""행정동코드"": 1123059}",,,,,,
2025-12-01,1123060,대치1동,0,0,0,0,,2025H2,analysis1_2025H2,2,중간활동·다인가구 중심형,"{""active_pop_pc1"": -2.767175777556055, ""active_pop_pc2"": 2.4046862147640096, ""activity_intensity"": 708.2130124223603, ""adm_cd"": ""1123060"", ""disability_ratio"": 0.0127188011585442, ""dong_name"": ""대치1동"", ""foreigner_ratio"": 0.001741873802276, ""household_structure_pc1"": -3.0450878987906966, ""household_structure_pc2"": -2.080405480267149, ""livelihood_recipient_ratio"": 0.0003358099315787, ""resident_age_pc1"": -3.312423927946103, ""resident_age_pc2"": -1.549734571498052, ""time_structure_pc1"": 0.2509544794067247, ""time_structure_pc2"": 2.2451794365989626, ""weekend_weekday_index"": 1.0087785504961273}","{""adm_cd"": 1123060, ""any_signal"": false, ""call_contacts"": 14.235008853736279, ""call_contacts_baseline_n"": 46, ""call_contacts_common_change"": 0.005141296170448673, ""call_contacts_log_change"": 0.009269201436457042, ""call_contacts_residual"": 0.004127905266008369, ""call_contacts_rz"": 0.9446690231740709, ""cluster"": 2, ""cluster_type"": ""중간활동·다인가구 중심형"", ""combined_signal"": false, ""comm_low_rate"": 0.08502796136248093, ""comm_low_rate_change"": -0.0016874314461281653, ""comm_validation_support"": false, ""communication_signal"": false, ""date"": ""2025-12-01T00:00:00"", ""days_in_month"": 31, ""dong_name"": ""대치1동"", ""interest_structural_issue"": false, ""mobility_distance_both_down"": true, ""mobility_distance_support"": true, ""mobility_signal"": false, ""rain_days"": 10.0, ""rainfall_mm"": 41.2, ""signal_status"": null, ""snow_days"": 6.0, ""text_contacts"": 5.615469838271751, ""text_contacts_baseline_n"": 46, ""text_contacts_common_change"": -0.037726356350945234, ""text_contacts_log_change"": -0.047571814551346625, ""text_contacts_residual"": -0.009845458200401391, ""text_contacts_rz"": -2.691319237482702, ""weekday_count_est_ratio"": 0.9356516349899657, ""weekday_days"": 23, ""weekday_distance_down"": true, ""weekday_distance_est_ratio"": 0.926745956793767, ""weekday_move_count"": 22.505512884648507, ""weekday_move_count_baseline_n"": 46, ""weekday_move_count_common_change"": -0.05222056495620375, ""weekday_move_count_log_change"": -0.04429179103384806, ""weekday_move_count_residual"": 0.007928773922355692, ""weekday_move_count_rz"": 0.7261817146139954, ""weekday_move_distance"": 926.2486964084293, ""weekday_move_distance_common_change"": -0.008127647919214276, ""weekday_move_distance_log_change"": -0.011880689343339412, ""weekday_move_distance_residual"": -0.0037530414241251364, ""weekday_outing_low_rate"": 0.049549713123683635, ""weekend_count_est_ratio"": 0.9108174949828828, ""weekend_days"": 8, ""weekend_distance_down"": true, ""weekend_distance_est_ratio"": 0.9045638059261008, ""weekend_move_count"": 10.623512141413396, ""weekend_move_count_baseline_n"": 46, ""weekend_move_count_common_change"": 0.05344673874839834, ""weekend_move_count_log_change"": 0.0669383021035066, ""weekend_move_count_residual"": 0.01349156335510826, ""weekend_move_count_rz"": 2.025623925757423, ""weekend_move_distance"": 557.0215994785033, ""weekend_move_distance_common_change"": 0.0726750879068283, ""weekend_move_distance_log_change"": 0.07013562199507195, ""weekend_move_distance_residual"": -0.0025394659117563556, ""weekend_outing_low_rate"": 0.09367056431113371, ""행정동"": ""대치1동"", ""행정동코드"": 1123060}",,,,,,
2025-12-01,1123063,대치4동,0,0,0,0,,2025H2,analysis1_2025H2,0,고활동·청년유동·1인가구 중심형,"{""active_pop_pc1"": -0.09157669144460519, ""active_pop_pc2"": 2.2677731244457315, ""activity_intensity"": 1249.5277738095238, ""adm_cd"": ""1123063"", ""disability_ratio"": 0.0193911818871194, ""dong_name"": ""대치4동"", ""foreigner_ratio"": 0.0184464844604951, ""household_structure_pc1"": 1.7565790336331801, ""household_structure_pc2"": -0.7536284500944906, ""livelihood_recipient_ratio"": 0.0182537103239085, ""resident_age_pc1"": 0.7443781034414865, ""resident_age_pc2"": -0.8817579610049339, ""time_structure_pc1"": 1.5308776699345932, ""time_structure_pc2"": 1.5418833699014292, ""weekend_weekday_index"": 0.846502577728509}","{""adm_cd"": 1123063, ""any_signal"": false, ""call_contacts"": 13.906065720765861, ""call_contacts_baseline_n"": 46, ""call_contacts_common_change"": 0.005141296170448673, ""call_contacts_log_change"": 0.0028026919943284767, ""call_contacts_residual"": -0.002338604176120196, ""call_contacts_rz"": -0.4380752152230878, ""cluster"": 0, ""cluster_type"": ""고활동·청년유동·1인가구 중심형"", ""combined_signal"": false, ""comm_low_rate"": 0.11560199169341136, ""comm_low_rate_change"": 0.0007471653282428575, ""comm_validation_support"": true, ""communication_signal"": false, ""date"": ""2025-12-01T00:00:00"", ""days_in_month"": 31, ""dong_name"": ""대치4동"", ""interest_structural_issue"": false, ""mobility_distance_both_down"": true, ""mobility_distance_support"": true, ""mobility_signal"": false, ""rain_days"": 10.0, ""rainfall_mm"": 41.2, ""signal_status"": null, ""snow_days"": 6.0, ""text_contacts"": 5.51055804631046, ""text_contacts_baseline_n"": 46, ""text_contacts_common_change"": -0.037726356350945234, ""text_contacts_log_change"": -0.028653933587305058, ""text_contacts_residual"": 0.009072422763640176, ""text_contacts_rz"": 2.3348406244514117, ""weekday_count_est_ratio"": 0.9098333245424336, ""weekday_days"": 23, ""weekday_distance_down"": true, ""weekday_distance_est_ratio"": 0.8875731842396751, ""weekday_move_count"": 18.311996697881042, ""weekday_move_count_baseline_n"": 46, ""weekday_move_count_common_change"": -0.05222056495620375, ""weekday_move_count_log_change"": -0.059051336218402195, ""weekday_move_count_residual"": -0.006830771262198443, ""weekday_move_count_rz"": -0.7187150123637294, ""weekday_move_distance"": 776.2938362145297, ""weekday_move_distance_common_change"": -0.008127647919214276, ""weekday_move_distance_log_change"": -0.010542362645590941, ""weekday_move_distance_residual"": -0.0024147147263766655, ""weekday_outing_low_rate"": 0.12938141086149393, ""weekend_count_est_ratio"": 0.8736378500975791, ""weekend_days"": 8, ""weekend_distance_down"": true, ""weekend_distance_est_ratio"": 0.8677330027955062, ""weekend_move_count"": 9.303519805835792, ""weekend_move_count_baseline_n"": 46, ""weekend_move_count_common_change"": 0.05344673874839834, ""weekend_move_count_log_change"": 0.048514389315502005, ""weekend_move_count_residual"": -0.004932349432896332, ""weekend_move_count_rz"": -0.31707323860235964, ""weekend_move_distance"": 562.6384920690399, ""weekend_move_distance_common_change"": 0.0726750879068283, ""weekend_move_distance_log_change"": 0.06589900686957328, ""weekend_move_distance_residual"": -0.006776081037255022, ""weekend_outing_low_rate"": 0.07606703479957207, ""행정동"": ""대치4동"", ""행정동코드"": 1123063}",,,,,,
2025-12-01,1123064,역삼1동,0,0,0,0,,2025H2,analysis1_2025H2,0,고활동·청년유동·1인가구 중심형,"{""active_pop_pc1"": 4.185841496062412, ""active_pop_pc2"": -0.2638326139732681, ""activity_intensity"": 1293.4531555790215, ""adm_cd"": ""1123064"", ""disability_ratio"": 0.0205263379274567, ""dong_name"": ""역삼1동"", ""foreigner_ratio"": 0.0400718774442376, ""household_structure_pc1"": 3.5605977216349443, ""household_structure_pc2"": -1.4993140543811143, ""livelihood_recipient_ratio"": 0.021872327299749, ""resident_age_pc1"": 4.623294874052999, ""resident_age_pc2"": -2.1956244530897044, ""time_structure_pc1"": 1.4095047852962523, ""time_structure_pc2"": -0.1666262800987883, ""weekend_weekday_index"": 0.5594494564513189}","{""adm_cd"": 1123064, ""any_signal"": false, ""call_contacts"": 14.260293654684796, ""call_contacts_baseline_n"": 46, ""call_contacts_common_change"": 0.005141296170448673, ""call_contacts_log_change"": 0.009425868407686888, ""call_contacts_residual"": 0.0042845722372382156, ""call_contacts_rz"": 0.7565999822998856, ""cluster"": 0, ""cluster_type"": ""고활동·청년유동·1인가구 중심형"", ""combined_signal"": false, ""comm_low_rate"": 0.11735641092655846, ""comm_low_rate_change"": 0.0014300727758131404, ""comm_validation_support"": true, ""communication_signal"": false, ""date"": ""2025-12-01T00:00:00"", ""days_in_month"": 31, ""dong_name"": ""역삼1동"", ""interest_structural_issue"": false, ""mobility_distance_both_down"": true, ""mobility_distance_support"": true, ""mobility_signal"": false, ""rain_days"": 10.0, ""rainfall_mm"": 41.2, ""signal_status"": null, ""snow_days"": 6.0, ""text_contacts"": 5.465287590638144, ""text_contacts_baseline_n"": 46, ""text_contacts_common_change"": -0.037726356350945234, ""text_contacts_log_change"": -0.03173169521060015, ""text_contacts_residual"": 0.005994661140345081, ""text_contacts_rz"": 0.8772912273409799, ""weekday_count_est_ratio"": 0.8987420328748741, ""weekday_days"": 23, ""weekday_distance_down"": true, ""weekday_distance_est_ratio"": 0.8816135524991613, ""weekday_move_count"": 18.401858453958564, ""weekday_move_count_baseline_n"": 46, ""weekday_move_count_common_change"": -0.05222056495620375, ""weekday_move_count_log_change"": -0.049326452474694804, ""weekday_move_count_residual"": 0.002894112481508948, ""weekday_move_count_rz"": 0.26126483414463114, ""weekday_move_distance"": 745.2532032212923, ""weekday_move_distance_common_change"": -0.008127647919214276, ""weekday_move_distance_log_change"": -0.0263374930664666, ""weekday_move_distance_residual"": -0.018209845147252324, ""weekday_outing_low_rate"": 0.12156179309474674, ""weekend_count_est_ratio"": 0.8679090651046371, ""weekend_days"": 8, ""weekend_distance_down"": true, ""weekend_distance_est_ratio"": 0.8582636183005187, ""weekend_move_count"": 9.978674341620167, ""weekend_move_count_baseline_n"": 46, ""weekend_move_count_common_change"": 0.05344673874839834, ""weekend_move_count_log_change"": 0.04758901752230216, ""weekend_move_count_residual"": -0.00585772122609618, ""weekend_move_count_rz"": -0.6824457994304148, ""weekend_move_distance"": 607.4030552349362, ""weekend_move_distance_common_change"": 0.0726750879068283, ""weekend_move_distance_log_change"": 0.06361982603524385, ""weekend_move_distance_residual"": -0.009055261871584452, ""weekend_outing_low_rate"": 0.08497789724132339, ""행정동"": ""역삼1동"", ""행정동코드"": 1123064}",,,,,,
2025-12-01,1123065,역삼2동,0,0,0,0,,2025H2,analysis1_2025H2,0,고활동·청년유동·1인가구 중심형,"{""active_pop_pc1"": 1.3018091854005989, ""active_pop_pc2"": 1.624496432805457, ""activity_intensity"": 790.7354921700224, ""adm_cd"": ""1123065"", ""disability_ratio"": 0.0180617223044455, ""dong_name"": ""역삼2동"", ""foreigner_ratio"": 0.0103601495975253, ""household_structure_pc1"": 0.13141903571757987, ""household_structure_pc2"": -1.66074968571193, ""livelihood_recipient_ratio"": 0.0092912349942443, ""resident_age_pc1"": -1.027253657311876, ""resident_age_pc2"": -2.0722232053343856, ""time_structure_pc1"": 0.6510175471197581, ""time_structure_pc2"": -0.4907270054113869, ""weekend_weekday_index"": 0.6584753146488297}","{""adm_cd"": 1123065, ""any_signal"": false, ""call_contacts"": 13.831822072961938, ""call_contacts_baseline_n"": 46, ""call_contacts_common_change"": 0.005141296170448673, ""call_contacts_log_change"": 0.010214425305938857, ""call_contacts_residual"": 0.005073129135490184, ""call_contacts_rz"": 1.166011566380772, ""cluster"": 0, ""cluster_type"": ""고활동·청년유동·1인가구 중심형"", ""combined_signal"": false, ""comm_low_rate"": 0.10189973115436636, ""comm_low_rate_change"": -0.0005213392116360932, ""comm_validation_support"": false, ""communication_signal"": false, ""date"": ""2025-12-01T00:00:00"", ""days_in_month"": 31, ""dong_name"": ""역삼2동"", ""interest_structural_issue"": false, ""mobility_distance_both_down"": true, ""mobility_distance_support"": true, ""mobility_signal"": false, ""rain_days"": 10.0, ""rainfall_mm"": 41.2, ""signal_status"": null, ""snow_days"": 6.0, ""text_contacts"": 5.379299025418148, ""text_contacts_baseline_n"": 46, ""text_contacts_common_change"": -0.037726356350945234, ""text_contacts_log_change"": -0.032466379567725356, ""text_contacts_residual"": 0.005259976783219877, ""text_contacts_rz"": 1.0893671784797023, ""weekday_count_est_ratio"": 0.9228845647306729, ""weekday_days"": 23, ""weekday_distance_down"": true, ""weekday_distance_est_ratio"": 0.9107292901356512, ""weekday_move_count"": 20.083211522715963, ""weekday_move_count_baseline_n"": 46, ""weekday_move_count_common_change"": -0.05222056495620375, ""weekday_move_count_log_change"": -0.048840266288420864, ""weekday_move_count_residual"": 0.0033802986677828883, ""weekday_move_count_rz"": 0.6395885722715833, ""weekday_move_distance"": 811.80558487195, ""weekday_move_distance_common_change"": -0.008127647919214276, ""weekday_move_distance_log_change"": -0.01261391929115696, ""weekday_move_distance_residual"": -0.004486271371942685, ""weekday_outing_low_rate"": 0.10201662056028987, ""weekend_count_est_ratio"": 0.8956074674041881, ""weekend_days"": 8, ""weekend_distance_down"": true, ""weekend_distance_est_ratio"": 0.8887662979059661, ""weekend_move_count"": 10.001422353784127, ""weekend_move_count_baseline_n"": 46, ""weekend_move_count_common_change"": 0.05344673874839834, ""weekend_move_count_log_change"": 0.05400603190507658, ""weekend_move_count_residual"": 0.0005592931566782422, ""weekend_move_count_rz"": -0.11169316234832855, ""weekend_move_distance"": 571.965958702819, ""weekend_move_distance_common_change"": 0.0726750879068283, ""weekend_move_distance_log_change"": 0.06951011318844724, ""weekend_move_distance_residual"": -0.003164974718381064, ""weekend_outing_low_rate"": 0.0672058422438313, ""행정동"": ""역삼2동"", ""행정동코드"": 1123065}",,,,,,
2025-12-01,1123066,도곡1동,0,0,0,0,,2025H2,analysis1_2025H2,2,중간활동·다인가구 중심형,"{""active_pop_pc1"": 0.29802864985290256, ""active_pop_pc2"": -0.28765595894381685, ""activity_intensity"": 348.9483497942387, ""adm_cd"": ""1123066"", ""disability_ratio"": 0.0169869718563305, ""dong_name"": ""도곡1동"", ""foreigner_ratio"": 0.0063101200796885, ""household_structure_pc1"": -0.5225651340482826, ""household_structure_pc2"": -0.1990963702531279, ""livelihood_recipient_ratio"": 0.0036949063077329, ""resident_age_pc1"": -0.4309759559966248, ""resident_age_pc2"": -0.2857722048449105, ""time_structure_pc1"": 0.3401918321243857, ""time_structure_pc2"": -0.7501872642702954, ""weekend_weekday_index"": 0.7141460159554923}","{""adm_cd"": 1123066, ""any_signal"": false, ""call_contacts"": 13.28349203821656, ""call_contacts_baseline_n"": 46, ""call_contacts_common_change"": 0.005141296170448673, ""call_contacts_log_change"": 0.006649409280496066, ""call_contacts_residual"": 0.0015081131100473932, ""call_contacts_rz"": 0.23554606414974344, ""cluster"": 2, ""cluster_type"": ""중간활동·다인가구 중심형"", ""combined_signal"": false, ""comm_low_rate"": 0.0895957289736532, ""comm_low_rate_change"": -0.00152665530028466, ""comm_validation_support"": false, ""communication_signal"": false, ""date"": ""2025-12-01T00:00:00"", ""days_in_month"": 31, ""dong_name"": ""도곡1동"", ""interest_structural_issue"": false, ""mobility_distance_both_down"": false, ""mobility_distance_support"": true, ""mobility_signal"": false, ""rain_days"": 10.0, ""rainfall_mm"": 41.2, ""signal_status"": null, ""snow_days"": 6.0, ""text_contacts"": 5.115105626326963, ""text_contacts_baseline_n"": 46, ""text_contacts_common_change"": -0.037726356350945234, ""text_contacts_log_change"": -0.040532839661174824, ""text_contacts_residual"": -0.0028064833102295905, ""text_contacts_rz"": -0.4472477309133862, ""weekday_count_est_ratio"": 0.9417738853503185, ""weekday_days"": 23, ""weekday_distance_down"": true, ""weekday_distance_est_ratio"": 0.9297330148619957, ""weekday_move_count"": 21.142957912463604, ""weekday_move_count_baseline_n"": 46, ""weekday_move_count_common_change"": -0.05222056495620375, ""weekday_move_count_log_change"": -0.06508119889437403, ""weekday_move_count_residual"": -0.012860633938170274, ""weekday_move_count_rz"": -2.598324602552572, ""weekday_move_distance"": 882.3582159684452, ""weekday_move_distance_common_change"": -0.008127647919214276, ""weekday_move_distance_log_change"": -0.01660223617327361, ""weekday_move_distance_residual"": -0.008474588254059334, ""weekday_outing_low_rate"": 0.061884903271226796, ""weekend_count_est_ratio"": 0.9119432059447984, ""weekend_days"": 8, ""weekend_distance_down"": false, ""weekend_distance_est_ratio"": 0.9048949044585988, ""weekend_move_count"": 10.300545416130948, ""weekend_move_count_baseline_n"": 46, ""weekend_move_count_common_change"": 0.05344673874839834, ""weekend_move_count_log_change"": 0.04622294141785099, ""weekend_move_count_residual"": -0.0072237973305473435, ""weekend_move_count_rz"": -1.2160972205309584, ""weekend_move_distance"": 569.1564573662234, ""weekend_move_distance_common_change"": 0.0726750879068283, ""weekend_move_distance_log_change"": 0.0799268705687819, ""weekend_move_distance_residual"": 0.0072517826619535874, ""weekend_outing_low_rate"": 0.0792310588097252, ""행정동"": ""도곡1동"", ""행정동코드"": 1123066}",,,,,,
2025-12-01,1123067,도곡2동,0,0,0,0,,2025H2,analysis1_2025H2,2,중간활동·다인가구 중심형,"{""active_pop_pc1"": -2.3471404669713287, ""active_pop_pc2"": 0.3203052519526075, ""activity_intensity"": 617.9922398373984, ""adm_cd"": ""1123067"", ""disability_ratio"": 0.0163179202407358, ""dong_name"": ""도곡2동"", ""foreigner_ratio"": 0.0032730827262784, ""household_structure_pc1"": -1.8427378454546224, ""household_structure_pc2"": -0.07166108044714786, ""livelihood_recipient_ratio"": 0.0016131784268408, ""resident_age_pc1"": -1.6609075337507022, ""resident_age_pc2"": 0.02709133552272181, ""time_structure_pc1"": -0.2127904727338758, ""time_structure_pc2"": 0.08815761674554107, ""weekend_weekday_index"": 0.8272026408808787}","{""adm_cd"": 1123067, ""any_signal"": false, ""call_contacts"": 13.654773472212106, ""call_contacts_baseline_n"": 46, ""call_contacts_common_change"": 0.005141296170448673, ""call_contacts_log_change"": 0.0015294603272195673, ""call_contacts_residual"": -0.0036118358432291053, ""call_contacts_rz"": -1.0023291555638554, ""cluster"": 2, ""cluster_type"": ""중간활동·다인가구 중심형"", ""combined_signal"": false, ""comm_low_rate"": 0.08225671786083097, ""comm_low_rate_change"": 0.0006605981244786618, ""comm_validation_support"": true, ""communication_signal"": false, ""date"": ""2025-12-01T00:00:00"", ""days_in_month"": 31, ""dong_name"": ""도곡2동"", ""interest_structural_issue"": false, ""mobility_distance_both_down"": false, ""mobility_distance_support"": true, ""mobility_signal"": false, ""rain_days"": 10.0, ""rainfall_mm"": 41.2, ""signal_status"": null, ""snow_days"": 6.0, ""text_contacts"": 5.352923738072693, ""text_contacts_baseline_n"": 46, ""text_contacts_common_change"": -0.037726356350945234, ""text_contacts_log_change"": -0.0433146677223788, ""text_contacts_residual"": -0.005588311371433563, ""text_contacts_rz"": -1.366796375160751, ""weekday_count_est_ratio"": 0.9347133804355744, ""weekday_days"": 23, ""weekday_distance_down"": false, ""weekday_distance_est_ratio"": 0.9244697355961833, ""weekday_move_count"": 21.810240499256583, ""weekday_move_count_baseline_n"": 46, ""weekday_move_count_common_change"": -0.05222056495620375, ""weekday_move_count_log_change"": -0.05670449203443528, ""weekday_move_count_residual"": -0.004483927078231531, ""weekday_move_count_rz"": -0.4614491130388389, ""weekday_move_distance"": 892.233915897714, ""weekday_move_distance_common_change"": -0.008127647919214276, ""weekday_move_distance_log_change"": -0.006308962215759273, ""weekday_move_distance_residual"": 0.001818685703455003, ""weekday_outing_low_rate"": 0.08385516226133193, ""weekend_count_est_ratio"": 0.9059465365285163, ""weekend_days"": 8, ""weekend_distance_down"": true, ""weekend_distance_est_ratio"": 0.8952847986015005, ""weekend_move_count"": 10.447087364746329, ""weekend_move_count_baseline_n"": 46, ""weekend_move_count_common_change"": 0.05344673874839834, ""weekend_move_count_log_change"": 0.047397789943465884, ""weekend_move_count_residual"": -0.0060489488049324525, ""weekend_move_count_rz"": -1.0010824897137995, ""weekend_move_distance"": 553.3126956729378, ""weekend_move_distance_common_change"": 0.0726750879068283, ""weekend_move_distance_log_change"": 0.06909077764733595, ""weekend_move_distance_residual"": -0.0035843102594923515, ""weekend_outing_low_rate"": 0.07231999648452091, ""행정동"": ""도곡2동"", ""행정동코드"": 1123067}",,,,,,
2025-12-01,1123068,개포1동,0,0,0,0,,2025H2,analysis1_2025H2,2,중간활동·다인가구 중심형,"{""active_pop_pc1"": -2.812180854863822, ""active_pop_pc2"": 0.994622782290072, ""activity_intensity"": 126.0251696530874, ""adm_cd"": ""1123068"", ""disability_ratio"": 0.0195517673227536, ""dong_name"": ""개포1동"", ""foreigner_ratio"": 0.002130607725486, ""household_structure_pc1"": -2.2532196550723445, ""household_structure_pc2"": 0.2571108554560828, ""livelihood_recipient_ratio"": 0.0037010037570795, ""resident_age_pc1"": -1.5651035109779237, ""resident_age_pc2"": -0.18970085406697193, ""time_structure_pc1"": -2.150922491485588, ""time_structure_pc2"": 1.2288215453150342, ""weekend_weekday_index"": 0.6539578191524128}","{""adm_cd"": 1123068, ""any_signal"": false, ""call_contacts"": 14.044836792157682, ""call_contacts_baseline_n"": 46, ""call_contacts_common_change"": 0.005141296170448673, ""call_contacts_log_change"": 0.0052827047190167065, ""call_contacts_residual"": 0.00014140854856803386, ""call_contacts_rz"": -0.22257241952153356, ""cluster"": 2, ""cluster_type"": ""중간활동·다인가구 중심형"", ""combined_signal"": false, ""comm_low_rate"": 0.08642337990164077, ""comm_low_rate_change"": 0.0023484257049676133, ""comm_validation_support"": true, ""communication_signal"": false, ""date"": ""2025-12-01T00:00:00"", ""days_in_month"": 31, ""dong_name"": ""개포1동"", ""interest_structural_issue"": false, ""mobility_distance_both_down"": true, ""mobility_distance_support"": true, ""mobility_signal"": false, ""rain_days"": 10.0, ""rainfall_mm"": 41.2, ""signal_status"": null, ""snow_days"": 6.0, ""text_contacts"": 5.53465220565231, ""text_contacts_baseline_n"": 46, ""text_contacts_common_change"": -0.037726356350945234, ""text_contacts_log_change"": -0.037409260717662374, ""text_contacts_residual"": 0.00031709563328286006, ""text_contacts_rz"": -0.2903603996473068, ""weekday_count_est_ratio"": 0.947752633225571, ""weekday_days"": 23, ""weekday_distance_down"": true, ""weekday_distance_est_ratio"": 0.9422254666805715, ""weekday_move_count"": 23.38465008802817, ""weekday_move_count_baseline_n"": 46, ""weekday_move_count_common_change"": -0.05222056495620375, ""weekday_move_count_log_change"": -0.055171001766228134, ""weekday_move_count_residual"": -0.0029504368100243816, ""weekday_move_count_rz"": -0.2097635719425855, ""weekday_move_distance"": 937.8942645268401, ""weekday_move_distance_common_change"": -0.008127647919214276, ""weekday_move_distance_log_change"": -0.012967997458130931, ""weekday_move_distance_residual"": -0.004840349538916655, ""weekday_outing_low_rate"": 0.03215897056476767, ""weekend_count_est_ratio"": 0.9257482532067994, ""weekend_days"": 8, ""weekend_distance_down"": true, ""weekend_distance_est_ratio"": 0.9228282406924601, ""weekend_move_count"": 11.399749915511995, ""weekend_move_count_baseline_n"": 46, ""weekend_move_count_common_change"": 0.05344673874839834, ""weekend_move_count_log_change"": 0.05849223920189317, ""weekend_move_count_residual"": 0.005045500453494833, ""weekend_move_count_rz"": 0.5432993817666391, ""weekend_move_distance"": 589.4982947225675, ""weekend_move_distance_common_change"": 0.0726750879068283, ""weekend_move_distance_log_change"": 0.07139176314661722, ""weekend_move_distance_residual"": -0.0012833247602110909, ""weekend_outing_low_rate"": 0.057430619024821924, ""행정동"": ""개포1동"", ""행정동코드"": 1123068}",,,,,,
2025-12-01,1123071,개포4동,0,0,0,0,,2025H2,analysis1_2025H2,2,중간활동·다인가구 중심형,"{""active_pop_pc1"": -1.582077707818372, ""active_pop_pc2"": -0.602698626550829, ""activity_intensity"": 196.30289831040764, ""adm_cd"": ""1123071"", ""disability_ratio"": 0.0262504587354014, ""dong_name"": ""개포4동"", ""foreigner_ratio"": 0.0080089781832915, ""household_structure_pc1"": -0.06075600038192678, ""household_structure_pc2"": 0.5936495237570294, ""livelihood_recipient_ratio"": 0.0224078751376206, ""resident_age_pc1"": -0.22734192775025444, ""resident_age_pc2"": 0.5684808156887863, ""time_structure_pc1"": -1.2711975546747596, ""time_structure_pc2"": 0.6545384977311337, ""weekend_weekday_index"": 0.9570829021151136}","{""adm_cd"": 1123071, ""any_signal"": false, ""call_contacts"": 13.684152270937254, ""call_contacts_baseline_n"": 46, ""call_contacts_common_change"": 0.005141296170448673, ""call_contacts_log_change"": 0.0009904644788529815, ""call_contacts_residual"": -0.004150831691595691, ""call_contacts_rz"": -0.5839162792193994, ""cluster"": 2, ""cluster_type"": ""중간활동·다인가구 중심형"", ""combined_signal"": false, ""comm_low_rate"": 0.08993386691384873, ""comm_low_rate_change"": -0.0030600053193500093, ""comm_validation_support"": false, ""communication_signal"": false, ""date"": ""2025-12-01T00:00:00"", ""days_in_month"": 31, ""dong_name"": ""개포4동"", ""interest_structural_issue"": false, ""mobility_distance_both_down"": false, ""mobility_distance_support"": false, ""mobility_signal"": false, ""rain_days"": 10.0, ""rainfall_mm"": 41.2, ""signal_status"": null, ""snow_days"": 6.0, ""text_contacts"": 4.996122341822001, ""text_contacts_baseline_n"": 46, ""text_contacts_common_change"": -0.037726356350945234, ""text_contacts_log_change"": -0.039389938899492494, ""text_contacts_residual"": -0.00166358254854726, ""text_contacts_rz"": -0.1409466501848263, ""weekday_count_est_ratio"": 0.9415232344447361, ""weekday_days"": 23, ""weekday_distance_down"": false, ""weekday_distance_est_ratio"": 0.9313998424783408, ""weekday_move_count"": 22.107450844361068, ""weekday_move_count_baseline_n"": 46, ""weekday_move_count_common_change"": -0.05222056495620375, ""weekday_move_count_log_change"": -0.047957558699008196, ""weekday_move_count_residual"": 0.004263006257195556, ""weekday_move_count_rz"": 0.4870620497879566, ""weekday_move_distance"": 840.7436283712668, ""weekday_move_distance_common_change"": -0.008127647919214276, ""weekday_move_distance_log_change"": -0.005103377180645019, ""weekday_move_distance_residual"": 0.003024270738569257, ""weekday_outing_low_rate"": 0.04758017076953243, ""weekend_count_est_ratio"": 0.923285901811499, ""weekend_days"": 8, ""weekend_distance_down"": false, ""weekend_distance_est_ratio"": 0.9165550013126805, ""weekend_move_count"": 10.912723968066388, ""weekend_move_count_baseline_n"": 46, ""weekend_move_count_common_change"": 0.05344673874839834, ""weekend_move_count_log_change"": 0.056728776335708275, ""weekend_move_count_residual"": 0.0032820375873099383, ""weekend_move_count_rz"": 0.2326233882528891, ""weekend_move_distance"": 591.1426070833803, ""weekend_move_distance_common_change"": 0.0726750879068283, ""weekend_move_distance_log_change"": 0.08337612796173666, ""weekend_move_distance_residual"": 0.01070104005490835, ""weekend_outing_low_rate"": 0.06832920372912174, ""행정동"": ""개포4동"", ""행정동코드"": 1123071}",,,,,,
2025-12-01,1123072,일원본동,0,0,0,0,,2025H2,analysis1_2025H2,2,중간활동·다인가구 중심형,"{""active_pop_pc1"": -2.575098136001509, ""active_pop_pc2"": -0.4242878209748916, ""activity_intensity"": 228.42569285702675, ""adm_cd"": ""1123072"", ""disability_ratio"": 0.0306711544034059, ""dong_name"": ""일원본동"", ""foreigner_ratio"": 0.0010030613062405, ""household_structure_pc1"": -1.9186226888022524, ""household_structure_pc2"": -0.01424222204515588, ""livelihood_recipient_ratio"": 0.0036555736352896, ""resident_age_pc1"": -1.3853472759775167, ""resident_age_pc2"": -0.23576002340303995, ""time_structure_pc1"": -1.2208106142407391, ""time_structure_pc2"": -2.964657297140188, ""weekend_weekday_index"": 0.6260492523103128}","{""adm_cd"": 1123072, ""any_signal"": false, ""call_contacts"": 12.674882546221372, ""call_contacts_baseline_n"": 46, ""call_contacts_common_change"": 0.005141296170448673, ""call_contacts_log_change"": 0.00559300369105431, ""call_contacts_residual"": 0.00045170752060563757, ""call_contacts_rz"": 0.12954602453562614, ""cluster"": 2, ""cluster_type"": ""중간활동·다인가구 중심형"", ""combined_signal"": false, ""comm_low_rate"": 0.06897206675614759, ""comm_low_rate_change"": 0.0028665872519545443, ""comm_validation_support"": true, ""communication_signal"": false, ""date"": ""2025-12-01T00:00:00"", ""days_in_month"": 31, ""dong_name"": ""일원본동"", ""interest_structural_issue"": false, ""mobility_distance_both_down"": false, ""mobility_distance_support"": false, ""mobility_signal"": false, ""rain_days"": 10.0, ""rainfall_mm"": 41.2, ""signal_status"": null, ""snow_days"": 6.0, ""text_contacts"": 4.844086606836349, ""text_contacts_baseline_n"": 46, ""text_contacts_common_change"": -0.037726356350945234, ""text_contacts_log_change"": -0.030361782952910366, ""text_contacts_residual"": 0.007364573398034868, ""text_contacts_rz"": 1.5932938663947942, ""weekday_count_est_ratio"": 0.9440483546662741, ""weekday_days"": 23, ""weekday_distance_down"": false, ""weekday_distance_est_ratio"": 0.9406375361679172, ""weekday_move_count"": 22.130860686885104, ""weekday_move_count_baseline_n"": 46, ""weekday_move_count_common_change"": -0.05222056495620375, ""weekday_move_count_log_change"": -0.06305514427203596, ""weekday_move_count_residual"": -0.010834579315832205, ""weekday_move_count_rz"": -1.1293570919305018, ""weekday_move_distance"": 899.7155157466891, ""weekday_move_distance_common_change"": -0.008127647919214276, ""weekday_move_distance_log_change"": -0.002172453415653308, ""weekday_move_distance_residual"": 0.005955194503560968, ""weekday_outing_low_rate"": 0.09038417707093475, ""weekend_count_est_ratio"": 0.9235868765631897, ""weekend_days"": 8, ""weekend_distance_down"": false, ""weekend_distance_est_ratio"": 0.9170923446618606, ""weekend_move_count"": 10.792424772445608, ""weekend_move_count_baseline_n"": 46, ""weekend_move_count_common_change"": 0.05344673874839834, ""weekend_move_count_log_change"": 0.04576011519574941, ""weekend_move_count_residual"": -0.00768662355264893, ""weekend_move_count_rz"": -0.730732849321153, ""weekend_move_distance"": 596.0922587341574, ""weekend_move_distance_common_change"": 0.0726750879068283, ""weekend_move_distance_log_change"": 0.07611708650510263, ""weekend_move_distance_residual"": 0.0034419985982743206, ""weekend_outing_low_rate"": 0.08693367437384455, ""행정동"": ""일원본동"", ""행정동코드"": 1123072}",,,,,,
2025-12-01,1123073,일원1동,0,0,0,0,,2025H2,analysis1_2025H2,1,고령·2인가구·구조적 복지배경 특화형,"{""active_pop_pc1"": -1.9429015574680562, ""active_pop_pc2"": -1.892431367454475, ""activity_intensity"": 264.40659090909094, ""adm_cd"": ""1123073"", ""disability_ratio"": 0.0765103965777201, ""dong_name"": ""일원1동"", ""foreigner_ratio"": 0.0106237213452306, ""household_structure_pc1"": 1.347590880479978, ""household_structure_pc2"": 1.3454414092075702, ""livelihood_recipient_ratio"": 0.0838037799361828, ""resident_age_pc1"": 1.2110613160817687, ""resident_age_pc2"": 2.088758307705335, ""time_structure_pc1"": -2.117589090357818, ""time_structure_pc2"": -0.8003060081140263, ""weekend_weekday_index"": 1.0010790922466295}","{""adm_cd"": 1123073, ""any_signal"": false, ""call_contacts"": 12.561635472062987, ""call_contacts_baseline_n"": 46, ""call_contacts_common_change"": 0.005141296170448673, ""call_contacts_log_change"": 0.007478600923796375, ""call_contacts_residual"": 0.002337304753347702, ""call_contacts_rz"": 0.35844803850452384, ""cluster"": 1, ""cluster_type"": ""고령·2인가구·구조적 복지배경 특화형"", ""combined_signal"": false, ""comm_low_rate"": 0.09279531644582541, ""comm_low_rate_change"": -0.0011487528125595503, ""comm_validation_support"": false, ""communication_signal"": false, ""date"": ""2025-12-01T00:00:00"", ""days_in_month"": 31, ""dong_name"": ""일원1동"", ""interest_structural_issue"": false, ""mobility_distance_both_down"": false, ""mobility_distance_support"": true, ""mobility_signal"": false, ""rain_days"": 10.0, ""rainfall_mm"": 41.2, ""signal_status"": null, ""snow_days"": 6.0, ""text_contacts"": 4.560556668278196, ""text_contacts_baseline_n"": 46, ""text_contacts_common_change"": -0.037726356350945234, ""text_contacts_log_change"": -0.0268752905132299, ""text_contacts_residual"": 0.010851065837715335, ""text_contacts_rz"": 2.4708244944346505, ""weekday_count_est_ratio"": 0.9205960356378202, ""weekday_days"": 23, ""weekday_distance_down"": false, ""weekday_distance_est_ratio"": 0.9070156778783065, ""weekday_move_count"": 20.294739262572477, ""weekday_move_count_baseline_n"": 46, ""weekday_move_count_common_change"": -0.05222056495620375, ""weekday_move_count_log_change"": -0.06000673984755345, ""weekday_move_count_residual"": -0.007786174891349695, ""weekday_move_count_rz"": -0.5833196179812621, ""weekday_move_distance"": 772.949591690348, ""weekday_move_distance_common_change"": -0.008127647919214276, ""weekday_move_distance_log_change"": 0.0008550288802799955, ""weekday_move_distance_residual"": 0.008982676799494271, ""weekday_outing_low_rate"": 0.10812423895243864, ""weekend_count_est_ratio"": 0.8857662822018095, ""weekend_days"": 8, ""weekend_distance_down"": true, ""weekend_distance_est_ratio"": 0.8875633676358865, ""weekend_move_count"": 10.29155737890263, ""weekend_move_count_baseline_n"": 46, ""weekend_move_count_common_change"": 0.05344673874839834, ""weekend_move_count_log_change"": 0.04196403127143311, ""weekend_move_count_residual"": -0.011482707476965226, ""weekend_move_count_rz"": -1.2521819957799984, ""weekend_move_distance"": 560.277513319944, ""weekend_move_distance_common_change"": 0.0726750879068283, ""weekend_move_distance_log_change"": 0.07027839872288233, ""weekend_move_distance_residual"": -0.002396689183945977, ""weekend_outing_low_rate"": 0.09587249791555444, ""행정동"": ""일원1동"", ""행정동코드"": 1123073}",,,,,,
2025-12-01,1123074,개포3동,0,0,0,0,,2025H2,analysis1_2025H2,1,고령·2인가구·구조적 복지배경 특화형,"{""active_pop_pc1"": -1.7978863371288094, ""active_pop_pc2"": -1.3550047918047938, ""activity_intensity"": 318.5769660618241, ""adm_cd"": ""1123074"", ""disability_ratio"": 0.0685507379790727, ""dong_name"": ""개포3동"", ""foreigner_ratio"": 0.0046668266181056, ""household_structure_pc1"": -0.10351208942511604, ""household_structure_pc2"": 1.4779743966022372, ""livelihood_recipient_ratio"": 0.0626591794777378, ""resident_age_pc1"": 0.16228898112752646, ""resident_age_pc2"": 0.6754741557975844, ""time_structure_pc1"": -1.9585843100934688, ""time_structure_pc2"": -0.15600867167277757, ""weekend_weekday_index"": 0.6872777922769003}","{""adm_cd"": 1123074, ""any_signal"": false, ""call_contacts"": 12.228464328004737, ""call_contacts_baseline_n"": 46, ""call_contacts_common_change"": 0.005141296170448673, ""call_contacts_log_change"": -0.007823382985134408, ""call_contacts_residual"": -0.012964679155583081, ""call_contacts_rz"": -2.3531671175962634, ""cluster"": 1, ""cluster_type"": ""고령·2인가구·구조적 복지배경 특화형"", ""combined_signal"": false, ""comm_low_rate"": 0.0, ""comm_low_rate_change"": 0.0, ""comm_validation_support"": false, ""communication_signal"": false, ""date"": ""2025-12-01T00:00:00"", ""days_in_month"": 31, ""dong_name"": ""개포3동"", ""interest_structural_issue"": true, ""mobility_distance_both_down"": false, ""mobility_distance_support"": false, ""mobility_signal"": false, ""rain_days"": 10.0, ""rainfall_mm"": 41.2, ""signal_status"": null, ""snow_days"": 6.0, ""text_contacts"": 4.611079040852576, ""text_contacts_baseline_n"": 46, ""text_contacts_common_change"": -0.037726356350945234, ""text_contacts_log_change"": -0.039161437812072375, ""text_contacts_residual"": -0.0014350814611271412, ""text_contacts_rz"": -0.1305688469305671, ""weekday_count_est_ratio"": 0.9353626406157489, ""weekday_days"": 23, ""weekday_distance_down"": false, ""weekday_distance_est_ratio"": 0.9208821788040261, ""weekday_move_count"": 21.081147538259717, ""weekday_move_count_baseline_n"": 46, ""weekday_move_count_common_change"": -0.05222056495620375, ""weekday_move_count_log_change"": -0.06030195576727282, ""weekday_move_count_residual"": -0.008081390811069067, ""weekday_move_count_rz"": -1.1526584542183833, ""weekday_move_distance"": 826.6574867314529, ""weekday_move_distance_common_change"": -0.008127647919214276, ""weekday_move_distance_log_change"": 0.0012586639949034861, ""weekday_move_distance_residual"": 0.009386311914117762, ""weekday_outing_low_rate"": 0.0, ""weekend_count_est_ratio"": 0.9017710183540557, ""weekend_days"": 8, ""weekend_distance_down"": false, ""weekend_distance_est_ratio"": 0.8939461219656601, ""weekend_move_count"": 10.239298219985177, ""weekend_move_count_baseline_n"": 46, ""weekend_move_count_common_change"": 0.05344673874839834, ""weekend_move_count_log_change"": 0.04989583322614388, ""weekend_move_count_residual"": -0.003550905522254455, ""weekend_move_count_rz"": -0.47437184174432645, ""weekend_move_distance"": 573.3353582415763, ""weekend_move_distance_common_change"": 0.0726750879068283, ""weekend_move_distance_log_change"": 0.07947672503452985, ""weekend_move_distance_residual"": 0.006801637127701543, ""weekend_outing_low_rate"": 0.0, ""행정동"": ""일원2동"", ""행정동코드"": 1123074}",,,,,,
2025-12-01,1123075,수서동,0,0,0,0,,2025H2,analysis1_2025H2,1,고령·2인가구·구조적 복지배경 특화형,"{""active_pop_pc1"": -0.8134711971606163, ""active_pop_pc2"": -2.8242885246674, ""activity_intensity"": 388.7399853335649, ""adm_cd"": ""1123075"", ""disability_ratio"": 0.1461925947714821, ""dong_name"": ""수서동"", ""foreigner_ratio"": 0.0058462753047252, ""household_structure_pc1"": 1.7566435204062496, ""household_structure_pc2"": 1.9635716923648447, ""livelihood_recipient_ratio"": 0.2036253998602787, ""resident_age_pc1"": 1.1167676530268302, ""resident_age_pc2"": 4.842647968610957, ""time_structure_pc1"": -1.7772419940785278, ""time_structure_pc2"": -1.4057586884483104, ""weekend_weekday_index"": 0.7209299951958243}","{""adm_cd"": 1123075, ""any_signal"": false, ""call_contacts"": 11.44284564297183, ""call_contacts_baseline_n"": 46, ""call_contacts_common_change"": 0.005141296170448673, ""call_contacts_log_change"": -0.004436450933811287, ""call_contacts_residual"": -0.00957774710425996, ""call_contacts_rz"": -1.3445887810850095, ""cluster"": 1, ""cluster_type"": ""고령·2인가구·구조적 복지배경 특화형"", ""combined_signal"": false, ""comm_low_rate"": 0.12467918857238597, ""comm_low_rate_change"": 0.004052930441955149, ""comm_validation_support"": true, ""communication_signal"": false, ""date"": ""2025-12-01T00:00:00"", ""days_in_month"": 31, ""dong_name"": ""수서동"", ""interest_structural_issue"": false, ""mobility_distance_both_down"": false, ""mobility_distance_support"": false, ""mobility_signal"": false, ""rain_days"": 10.0, ""rainfall_mm"": 41.2, ""signal_status"": null, ""snow_days"": 6.0, ""text_contacts"": 4.1703182382134, ""text_contacts_baseline_n"": 46, ""text_contacts_common_change"": -0.037726356350945234, ""text_contacts_log_change"": -0.04013694280792701, ""text_contacts_residual"": -0.002410586456981778, ""text_contacts_rz"": -0.4760506724451118, ""weekday_count_est_ratio"": 0.9457188731572033, ""weekday_days"": 23, ""weekday_distance_down"": false, ""weekday_distance_est_ratio"": 0.9395847321558896, ""weekday_move_count"": 21.67111807622023, ""weekday_move_count_baseline_n"": 46, ""weekday_move_count_common_change"": -0.05222056495620375, ""weekday_move_count_log_change"": -0.059162216515280086, ""weekday_move_count_residual"": -0.006941651559076334, ""weekday_move_count_rz"": -0.8191774334225969, ""weekday_move_distance"": 795.5200808283862, ""weekday_move_distance_common_change"": -0.008127647919214276, ""weekday_move_distance_log_change"": 0.00747126672481091, ""weekday_move_distance_residual"": 0.015598914644025186, ""weekday_outing_low_rate"": 0.047829144274388655, ""weekend_count_est_ratio"": 0.9099109619033716, ""weekend_days"": 8, ""weekend_distance_down"": false, ""weekend_distance_est_ratio"": 0.8922281418770982, ""weekend_move_count"": 10.672517549488273, ""weekend_move_count_baseline_n"": 46, ""weekend_move_count_common_change"": 0.05344673874839834, ""weekend_move_count_log_change"": 0.038072808898628185, ""weekend_move_count_residual"": -0.015373929849770152, ""weekend_move_count_rz"": -1.4577626709404379, ""weekend_move_distance"": 526.117326538141, ""weekend_move_distance_common_change"": 0.0726750879068283, ""weekend_move_distance_log_change"": 0.08099970175925808, ""weekend_move_distance_residual"": 0.008324613852429774, ""weekend_outing_low_rate"": 0.1673093472582205, ""행정동"": ""수서동"", ""행정동코드"": 1123075}",,,,,,
2025-12-01,1123076,세곡동,0,0,0,0,,2025H2,analysis1_2025H2,2,중간활동·다인가구 중심형,"{""active_pop_pc1"": -1.300581144869707, ""active_pop_pc2"": -0.3662412022376052, ""activity_intensity"": 85.2199295020683, ""adm_cd"": ""1123076"", ""disability_ratio"": 0.0430198411408385, ""dong_name"": ""세곡동"", ""foreigner_ratio"": 0.0042911192451539, ""household_structure_pc1"": 0.2166105982896993, ""household_structure_pc2"": 0.564024649477107, ""livelihood_recipient_ratio"": 0.0368215164223096, ""resident_age_pc1"": 0.5706225849375067, ""resident_age_pc2"": -0.18369216945119662, ""time_structure_pc1"": -2.1056561965235048, ""time_structure_pc2"": 0.08030329222693579, ""weekend_weekday_index"": 0.957165084093544}","{""adm_cd"": 1123076, ""any_signal"": false, ""call_contacts"": 13.235242335437333, ""call_contacts_baseline_n"": 46, ""call_contacts_common_change"": 0.005141296170448673, ""call_contacts_log_change"": 0.0017227248554991803, ""call_contacts_residual"": -0.0034185713149494923, ""call_contacts_rz"": -1.1664649349387415, ""cluster"": 2, ""cluster_type"": ""중간활동·다인가구 중심형"", ""combined_signal"": false, ""comm_low_rate"": 0.09588787459784134, ""comm_low_rate_change"": 0.0008559175198837449, ""comm_validation_support"": true, ""communication_signal"": false, ""date"": ""2025-12-01T00:00:00"", ""days_in_month"": 31, ""dong_name"": ""세곡동"", ""interest_structural_issue"": false, ""mobility_distance_both_down"": false, ""mobility_distance_support"": true, ""mobility_signal"": false, ""rain_days"": 10.0, ""rainfall_mm"": 41.2, ""signal_status"": null, ""snow_days"": 6.0, ""text_contacts"": 4.885217820108205, ""text_contacts_baseline_n"": 46, ""text_contacts_common_change"": -0.037726356350945234, ""text_contacts_log_change"": -0.035473646884394805, ""text_contacts_residual"": 0.002252709466550429, ""text_contacts_rz"": 0.7242281298047589, ""weekday_count_est_ratio"": 0.9354046438232642, ""weekday_days"": 23, ""weekday_distance_down"": true, ""weekday_distance_est_ratio"": 0.9382038999098286, ""weekday_move_count"": 23.23209904975473, ""weekday_move_count_baseline_n"": 46, ""weekday_move_count_common_change"": -0.05222056495620375, ""weekday_move_count_log_change"": -0.04974808422745003, ""weekday_move_count_residual"": 0.002472480728753723, ""weekday_move_count_rz"": 0.7655065056690704, ""weekday_move_distance"": 946.6210222802357, ""weekday_move_distance_common_change"": -0.008127647919214276, ""weekday_move_distance_log_change"": -0.015165791593251932, ""weekday_move_distance_residual"": -0.007038143674037656, ""weekday_outing_low_rate"": 0.09620722339807508, ""weekend_count_est_ratio"": 0.909537026600541, ""weekend_days"": 8, ""weekend_distance_down"": false, ""weekend_distance_est_ratio"": 0.9129666366095581, ""weekend_move_count"": 11.132822293444534, ""weekend_move_count_baseline_n"": 46, ""weekend_move_count_common_change"": 0.05344673874839834, ""weekend_move_count_log_change"": 0.054123937458692595, ""weekend_move_count_residual"": 0.0006771987102942578, ""weekend_move_count_rz"": 0.09982586687663617, ""weekend_move_distance"": 635.4442298273792, ""weekend_move_distance_common_change"": 0.0726750879068283, ""weekend_move_distance_log_change"": 0.0739584126670394, ""weekend_move_distance_residual"": 0.0012833247602110909, ""weekend_outing_low_rate"": 0.07944141138580392, ""행정동"": ""세곡동"", ""행정동코드"": 1123076}",,,,,,
2025-12-01,1123077,압구정동,0,0,0,0,,2025H2,analysis1_2025H2,2,중간활동·다인가구 중심형,"{""active_pop_pc1"": 1.2077866973298568, ""active_pop_pc2"": -0.3452103362860996, ""activity_intensity"": 484.0394633074098, ""adm_cd"": ""1123077"", ""disability_ratio"": 0.0188161047157132, ""dong_name"": ""압구정동"", ""foreigner_ratio"": 0.0083757193030687, ""household_structure_pc1"": -0.9731322919495847, ""household_structure_pc2"": 0.8155237885933626, ""livelihood_recipient_ratio"": 0.0024153177895946, ""resident_age_pc1"": -0.9110099330730331, ""resident_age_pc2"": 1.0620666983264282, ""time_structure_pc1"": 1.2810120234245381, ""time_structure_pc2"": 0.6747482970387954, ""weekend_weekday_index"": 0.817443037464428}","{""adm_cd"": 1123077, ""any_signal"": false, ""call_contacts"": 14.000539232336955, ""call_contacts_baseline_n"": 46, ""call_contacts_common_change"": 0.005141296170448673, ""call_contacts_log_change"": 0.0019646419350074495, ""call_contacts_residual"": -0.003176654235441223, ""call_contacts_rz"": -0.6204887041088394, ""cluster"": 2, ""cluster_type"": ""중간활동·다인가구 중심형"", ""combined_signal"": false, ""comm_low_rate"": 0.09238350179355315, ""comm_low_rate_change"": -0.00032797085813464355, ""comm_validation_support"": false, ""communication_signal"": false, ""date"": ""2025-12-01T00:00:00"", ""days_in_month"": 31, ""dong_name"": ""압구정동"", ""interest_structural_issue"": false, ""mobility_distance_both_down"": false, ""mobility_distance_support"": true, ""mobility_signal"": false, ""rain_days"": 10.0, ""rainfall_mm"": 41.2, ""signal_status"": null, ""snow_days"": 6.0, ""text_contacts"": 5.3403880774456525, ""text_contacts_baseline_n"": 46, ""text_contacts_common_change"": -0.037726356350945234, ""text_contacts_log_change"": -0.04161750019564292, ""text_contacts_residual"": -0.0038911438446976865, ""text_contacts_rz"": -0.8183073984482747, ""weekday_count_est_ratio"": 0.9099278192934782, ""weekday_days"": 23, ""weekday_distance_down"": true, ""weekday_distance_est_ratio"": 0.9015900985054348, ""weekday_move_count"": 21.582116271017824, ""weekday_move_count_baseline_n"": 46, ""weekday_move_count_common_change"": -0.05222056495620375, ""weekday_move_count_log_change"": -0.04261817474887275, ""weekday_move_count_residual"": 0.009602390207331002, ""weekday_move_count_rz"": 2.086006031998068, ""weekday_move_distance"": 816.091652773232, ""weekday_move_distance_common_change"": -0.008127647919214276, ""weekday_move_distance_log_change"": -0.008468384453085953, ""weekday_move_distance_residual"": -0.00034073653387167724, ""weekday_outing_low_rate"": 0.05874662286563039, ""weekend_count_est_ratio"": 0.8766041100543478, ""weekend_days"": 8, ""weekend_distance_down"": false, ""weekend_distance_est_ratio"": 0.8653158967391303, ""weekend_move_count"": 10.650703054086598, ""weekend_move_count_baseline_n"": 46, ""weekend_move_count_common_change"": 0.05344673874839834, ""weekend_move_count_log_change"": 0.061270781619644055, ""weekend_move_count_residual"": 0.007824042871245718, ""weekend_move_count_rz"": 1.343333501321324, ""weekend_move_distance"": 530.519937458047, ""weekend_move_distance_common_change"": 0.0726750879068283, ""weekend_move_distance_log_change"": 0.07428785192969745, ""weekend_move_distance_residual"": 0.0016127640228691398, ""weekend_outing_low_rate"": 0.11002527937641447, ""행정동"": ""압구정동"", ""행정동코드"": 1123077}",,,,,,
2025-12-01,1123078,청담동,0,0,0,0,,2025H2,analysis1_2025H2,2,중간활동·다인가구 중심형,"{""active_pop_pc1"": 1.08932858438996, ""active_pop_pc2"": -0.37987023289476274, ""activity_intensity"": 500.49645992710174, ""adm_cd"": ""1123078"", ""disability_ratio"": 0.0210980676913146, ""dong_name"": ""청담동"", ""foreigner_ratio"": 0.0102213740078225, ""household_structure_pc1"": 0.20165807093519106, ""household_structure_pc2"": 0.14844437883248288, ""livelihood_recipient_ratio"": 0.0053249425148251, ""resident_age_pc1"": -0.11850047016917795, ""resident_age_pc2"": 0.04683770938438659, ""time_structure_pc1"": 0.27464850893850323, ""time_structure_pc2"": -0.20337359436936112, ""weekend_weekday_index"": 0.7614574322902131}","{""adm_cd"": 1123078, ""any_signal"": false, ""call_contacts"": 14.865699904671114, ""call_contacts_baseline_n"": 46, ""call_contacts_common_change"": 0.005141296170448673, ""call_contacts_log_change"": 0.00864125214704492, ""call_contacts_residual"": 0.0034999559765962474, ""call_contacts_rz"": 0.7490554019574799, ""cluster"": 2, ""cluster_type"": ""중간활동·다인가구 중심형"", ""combined_signal"": false, ""comm_low_rate"": 0.11043429445250244, ""comm_low_rate_change"": 0.0024896661817540716, ""comm_validation_support"": true, ""communication_signal"": false, ""date"": ""2025-12-01T00:00:00"", ""days_in_month"": 31, ""dong_name"": ""청담동"", ""interest_structural_issue"": false, ""mobility_distance_both_down"": false, ""mobility_distance_support"": true, ""mobility_signal"": false, ""rain_days"": 10.0, ""rainfall_mm"": 41.2, ""signal_status"": null, ""snow_days"": 6.0, ""text_contacts"": 5.402535748331744, ""text_contacts_baseline_n"": 46, ""text_contacts_common_change"": -0.037726356350945234, ""text_contacts_log_change"": -0.0377624703830306, ""text_contacts_residual"": -3.61140320853659e-05, ""text_contacts_rz"": -0.01513238797384403, ""weekday_count_est_ratio"": 0.9175733079122974, ""weekday_days"": 23, ""weekday_distance_down"": false, ""weekday_distance_est_ratio"": 0.9100141086749285, ""weekday_move_count"": 21.873684186248305, ""weekday_move_count_baseline_n"": 46, ""weekday_move_count_common_change"": -0.05222056495620375, ""weekday_move_count_log_change"": -0.04690420056921685, ""weekday_move_count_residual"": 0.005316364386986905, ""weekday_move_count_rz"": 0.7050143341921714, ""weekday_move_distance"": 853.0548953158416, ""weekday_move_distance_common_change"": -0.008127647919214276, ""weekday_move_distance_log_change"": -0.004234728700710733, ""weekday_move_distance_residual"": 0.0038929192185035433, ""weekday_outing_low_rate"": 0.06986255089884244, ""weekend_count_est_ratio"": 0.8907897044804576, ""weekend_days"": 8, ""weekend_distance_down"": true, ""weekend_distance_est_ratio"": 0.8836061010486177, ""weekend_move_count"": 11.075806336725888, ""weekend_move_count_baseline_n"": 46, ""weekend_move_count_common_change"": 0.05344673874839834, ""weekend_move_count_log_change"": 0.057882299415512595, ""weekend_move_count_residual"": 0.004435560667114258, ""weekend_move_count_rz"": 0.8539879385672721, ""weekend_move_distance"": 570.684282757588, ""weekend_move_distance_common_change"": 0.0726750879068283, ""weekend_move_distance_log_change"": 0.06964767713061004, ""weekend_move_distance_residual"": -0.0030274107762182645, ""weekend_outing_low_rate"": 0.08861415438701663, ""행정동"": ""청담동"", ""행정동코드"": 1123078}",,,,,,
2025-12-01,1123079,대치2동,0,0,0,0,,2025H2,analysis1_2025H2,2,중간활동·다인가구 중심형,"{""active_pop_pc1"": 0.41805709040126066, ""active_pop_pc2"": 1.138411822869498, ""activity_intensity"": 578.4774766235814, ""adm_cd"": ""1123079"", ""disability_ratio"": 0.0153748592579171, ""dong_name"": ""대치2동"", ""foreigner_ratio"": 0.005189255839585, ""household_structure_pc1"": -1.9059388158921826, ""household_structure_pc2"": -0.7450016269652203, ""livelihood_recipient_ratio"": 0.0018377357025456, ""resident_age_pc1"": -2.2332334995637253, ""resident_age_pc2"": -0.5540955233637973, ""time_structure_pc1"": 1.5044647512860543, ""time_structure_pc2"": 0.09516604937317098, ""weekend_weekday_index"": 0.7661221887462503}","{""adm_cd"": 1123079, ""any_signal"": false, ""call_contacts"": 13.846689170270354, ""call_contacts_baseline_n"": 46, ""call_contacts_common_change"": 0.005141296170448673, ""call_contacts_log_change"": 0.010079336584838838, ""call_contacts_residual"": 0.004938040414390166, ""call_contacts_rz"": 1.0173809586533789, ""cluster"": 2, ""cluster_type"": ""중간활동·다인가구 중심형"", ""combined_signal"": false, ""comm_low_rate"": 0.09318343250387173, ""comm_low_rate_change"": 0.0023652527756021086, ""comm_validation_support"": true, ""communication_signal"": false, ""date"": ""2025-12-01T00:00:00"", ""days_in_month"": 31, ""dong_name"": ""대치2동"", ""interest_structural_issue"": false, ""mobility_distance_both_down"": false, ""mobility_distance_support"": true, ""mobility_signal"": false, ""rain_days"": 10.0, ""rainfall_mm"": 41.2, ""signal_status"": null, ""snow_days"": 6.0, ""text_contacts"": 5.26531033195408, ""text_contacts_baseline_n"": 46, ""text_contacts_common_change"": -0.037726356350945234, ""text_contacts_log_change"": -0.03496661804391543, ""text_contacts_residual"": 0.002759738307029802, ""text_contacts_rz"": 0.5145756149092156, ""weekday_count_est_ratio"": 0.9386603615095044, ""weekday_days"": 23, ""weekday_distance_down"": false, ""weekday_distance_est_ratio"": 0.9282416078150764, ""weekday_move_count"": 21.9051366627159, ""weekday_move_count_baseline_n"": 46, ""weekday_move_count_common_change"": -0.05222056495620375, ""weekday_move_count_log_change"": -0.047497703010827674, ""weekday_move_count_residual"": 0.004722861945376078, ""weekday_move_count_rz"": 0.36509311065173317, ""weekday_move_distance"": 903.5471488148564, ""weekday_move_distance_common_change"": -0.008127647919214276, ""weekday_move_distance_log_change"": -0.007786911385342599, ""weekday_move_distance_residual"": 0.00034073653387167724, ""weekday_outing_low_rate"": 0.06464909931415132, ""weekend_count_est_ratio"": 0.9122281678748094, ""weekend_days"": 8, ""weekend_distance_down"": true, ""weekend_distance_est_ratio"": 0.9041589148492674, ""weekend_move_count"": 10.383641317452064, ""weekend_move_count_baseline_n"": 46, ""weekend_move_count_common_change"": 0.05344673874839834, ""weekend_move_count_log_change"": 0.059697982729700616, ""weekend_move_count_residual"": 0.006251243981302279, ""weekend_move_count_rz"": 0.8252450289661551, ""weekend_move_distance"": 564.1835040936083, ""weekend_move_distance_common_change"": 0.0726750879068283, ""weekend_move_distance_log_change"": 0.06832943056974017, ""weekend_move_distance_residual"": -0.004345657337088138, ""weekend_outing_low_rate"": 0.08033978038868642, ""행정동"": ""대치2동"", ""행정동코드"": 1123079}",,,,,,
2025-12-01,1123080,개포2동,0,0,0,0,,2025H2,analysis1_2025H2,2,중간활동·다인가구 중심형,"{""active_pop_pc1"": -2.366336608612611, ""active_pop_pc2"": 0.251495985319658, ""activity_intensity"": 356.1191324921136, ""adm_cd"": ""1123080"", ""disability_ratio"": 0.0180231387734318, ""dong_name"": ""개포2동"", ""foreigner_ratio"": 0.0038959992008093, ""household_structure_pc1"": -1.9959007411916614, ""household_structure_pc2"": 0.4819812636085993, ""livelihood_recipient_ratio"": 0.0026525513043684, ""resident_age_pc1"": -0.8478421208714008, ""resident_age_pc2"": -0.5209638347474519, ""time_structure_pc1"": -1.6818571562464748, ""time_structure_pc2"": 1.0742607469722483, ""weekend_weekday_index"": 1.1020346819350626}","{""adm_cd"": 1123080, ""any_signal"": false, ""call_contacts"": 13.055849305257127, ""call_contacts_baseline_n"": 46, ""call_contacts_common_change"": 0.005141296170448673, ""call_contacts_log_change"": 0.00917992199479123, ""call_contacts_residual"": 0.004038625824342557, ""call_contacts_rz"": 1.2010933047500032, ""cluster"": 2, ""cluster_type"": ""중간활동·다인가구 중심형"", ""combined_signal"": false, ""comm_low_rate"": 0.08066141458499004, ""comm_low_rate_change"": 0.0013461358654032751, ""comm_validation_support"": true, ""communication_signal"": false, ""date"": ""2025-12-01T00:00:00"", ""days_in_month"": 31, ""dong_name"": ""개포2동"", ""interest_structural_issue"": false, ""mobility_distance_both_down"": false, ""mobility_distance_support"": false, ""mobility_signal"": false, ""rain_days"": 10.0, ""rainfall_mm"": 41.2, ""signal_status"": null, ""snow_days"": 6.0, ""text_contacts"": 5.081815499212148, ""text_contacts_baseline_n"": 46, ""text_contacts_common_change"": -0.037726356350945234, ""text_contacts_log_change"": -0.03584197731213523, ""text_contacts_residual"": 0.0018843790388100023, ""text_contacts_rz"": 0.7552063320948477, ""weekday_count_est_ratio"": 0.9485139664804468, ""weekday_days"": 23, ""weekday_distance_down"": false, ""weekday_distance_est_ratio"": 0.9418232344936257, ""weekday_move_count"": 22.77135594003603, ""weekday_move_count_baseline_n"": 46, ""weekday_move_count_common_change"": -0.05222056495620375, ""weekday_move_count_log_change"": -0.06246461702027606, ""weekday_move_count_residual"": -0.010244052064072307, ""weekday_move_count_rz"": -1.6128332480058398, ""weekday_move_distance"": 924.3258562544526, ""weekday_move_distance_common_change"": -0.008127647919214276, ""weekday_move_distance_log_change"": 0.0074731525803066745, ""weekday_move_distance_residual"": 0.01560080049952095, ""weekday_outing_low_rate"": 0.04396230606522068, ""weekend_count_est_ratio"": 0.9275292937974502, ""weekend_days"": 8, ""weekend_distance_down"": false, ""weekend_distance_est_ratio"": 0.9221492622833406, ""weekend_move_count"": 10.951342830870713, ""weekend_move_count_baseline_n"": 46, ""weekend_move_count_common_change"": 0.05344673874839834, ""weekend_move_count_log_change"": 0.052887445591720095, ""weekend_move_count_residual"": -0.0005592931566782422, ""weekend_move_count_rz"": -0.100339592015397, ""weekend_move_distance"": 609.3746749029594, ""weekend_move_distance_common_change"": 0.0726750879068283, ""weekend_move_distance_log_change"": 0.08351574816326313, ""weekend_move_distance_residual"": 0.01084066025643482, ""weekend_outing_low_rate"": 0.08189126452398048, ""행정동"": ""개포2동"", ""행정동코드"": 1123080}",,,,,,
