survey,year,available_from,source_id,district,age_band,metric,value,unit,n_total,n_valid,n_event,n_households,effective_n,quality_status,payload_json,previous_value,change_value,comparison_status
seoul_survey,2022,,seoul_2022,gangnam,all15plus,no_support_parent,0.09571557857900125,proportion,1943,1943,239.0,925,253.6374591712103,available,"{""definition"": ""No helper in this situation; general-no branch inferred for the three specific support items."", ""notes"": [], ""weight"": ""wtb1"", ""uncertainty"": ""Effective n reflects weight dispersion only. Household clustering/strata are not corrected. No significance or confidence claim."", ""structural_no_support_counts"": {""sick"": 239, ""money"": 239, ""emotion"": 239}}",,,no_previous_year
seoul_survey,2022,,seoul_2022,gangnam,all15plus,no_support_sick,0.11159341883870631,proportion,1943,1943,274.0,925,253.6374591712103,available,"{""definition"": ""No helper in this situation; general-no branch inferred for the three specific support items."", ""notes"": [], ""weight"": ""wtb1"", ""uncertainty"": ""Effective n reflects weight dispersion only. Household clustering/strata are not corrected. No significance or confidence claim."", ""structural_no_support_counts"": {""sick"": 239, ""money"": 239, ""emotion"": 239}}",,,no_previous_year
seoul_survey,2022,,seoul_2022,gangnam,all15plus,no_support_money,0.2667486415850997,proportion,1943,1943,694.0,925,253.6374591712103,available,"{""definition"": ""No helper in this situation; general-no branch inferred for the three specific support items."", ""notes"": [], ""weight"": ""wtb1"", ""uncertainty"": ""Effective n reflects weight dispersion only. Household clustering/strata are not corrected. No significance or confidence claim."", ""structural_no_support_counts"": {""sick"": 239, ""money"": 239, ""emotion"": 239}}",,,no_previous_year
seoul_survey,2022,,seoul_2022,gangnam,all15plus,no_support_emotion,0.16006654447507718,proportion,1943,1943,429.0,925,253.6374591712103,available,"{""definition"": ""No helper in this situation; general-no branch inferred for the three specific support items."", ""notes"": [], ""weight"": ""wtb1"", ""uncertainty"": ""Effective n reflects weight dispersion only. Household clustering/strata are not corrected. No significance or confidence claim."", ""structural_no_support_counts"": {""sick"": 239, ""money"": 239, ""emotion"": 239}}",,,no_previous_year
seoul_survey,2022,,seoul_2022,gangnam,all15plus,no_support_all3,0.09689951178035709,proportion,1943,1943,245.0,925,253.6374591712103,available,"{""definition"": ""No helper for all three situations (illness, money, emotional conversation)."", ""notes"": [], ""weight"": ""wtb1"", ""uncertainty"": ""Effective n reflects weight dispersion only. Household clustering/strata are not corrected. No significance or confidence claim."", ""structural_no_support_counts"": {""sick"": 239, ""money"": 239, ""emotion"": 239}}",,,no_previous_year
seoul_survey,2022,,seoul_2022,gangnam,all15plus,loneliness_family_mean10,3.8817717669227854,score_0_10,1943,1943,,925,253.6374591712103,available,"{""definition"": ""Weighted mean of source five-category loneliness item, rescaled (x-1)/4*10."", ""notes"": [], ""weight"": ""wtb1"", ""uncertainty"": ""Effective n reflects weight dispersion only. Household clustering/strata are not corrected. No significance or confidence claim."", ""structural_no_support_counts"": {""sick"": 239, ""money"": 239, ""emotion"": 239}}",,,no_previous_year
seoul_survey,2022,,seoul_2022,gangnam,all15plus,loneliness_family_agree,0.2820226800569655,proportion,1943,1943,607.0,925,253.6374591712103,available,"{""definition"": ""Responses 4 or 5 to the specific loneliness item."", ""notes"": [], ""weight"": ""wtb1"", ""uncertainty"": ""Effective n reflects weight dispersion only. Household clustering/strata are not corrected. No significance or confidence claim."", ""structural_no_support_counts"": {""sick"": 239, ""money"": 239, ""emotion"": 239}}",,,no_previous_year
seoul_survey,2022,,seoul_2022,gangnam,all15plus,loneliness_outside_mean10,3.8746066909803583,score_0_10,1943,1943,,925,253.6374591712103,available,"{""definition"": ""Weighted mean of source five-category loneliness item, rescaled (x-1)/4*10."", ""notes"": [], ""weight"": ""wtb1"", ""uncertainty"": ""Effective n reflects weight dispersion only. Household clustering/strata are not corrected. No significance or confidence claim."", ""structural_no_support_counts"": {""sick"": 239, ""money"": 239, ""emotion"": 239}}",,,no_previous_year
seoul_survey,2022,,seoul_2022,gangnam,all15plus,loneliness_outside_agree,0.23083583918414968,proportion,1943,1943,509.0,925,253.6374591712103,available,"{""definition"": ""Responses 4 or 5 to the specific loneliness item."", ""notes"": [], ""weight"": ""wtb1"", ""uncertainty"": ""Effective n reflects weight dispersion only. Household clustering/strata are not corrected. No significance or confidence claim."", ""structural_no_support_counts"": {""sick"": 239, ""money"": 239, ""emotion"": 239}}",,,no_previous_year
seoul_survey,2022,,seoul_2022,gangnam,all15plus,no_support3_and_lonely_outside,0.05531100992048372,proportion,1943,1943,135.0,925,253.6374591712103,available,"{""definition"": ""Intersection of no helper in all three situations and outside-family loneliness response 4/5. Not an isolation diagnosis."", ""notes"": [], ""weight"": ""wtb1"", ""uncertainty"": ""Effective n reflects weight dispersion only. Household clustering/strata are not corrected. No significance or confidence claim."", ""structural_no_support_counts"": {""sick"": 239, ""money"": 239, ""emotion"": 239}}",,,no_previous_year
seoul_survey,2022,,seoul_2022,gangnam,20s,no_support_parent,0.044610594552268554,proportion,168,168,12.0,143,32.849867535399426,available,"{""definition"": ""No helper in this situation; general-no branch inferred for the three specific support items."", ""notes"": [], ""weight"": ""wtb1"", ""uncertainty"": ""Effective n reflects weight dispersion only. Household clustering/strata are not corrected. No significance or confidence claim."", ""structural_no_support_counts"": {""sick"": 12, ""money"": 12, ""emotion"": 12}}",,,no_previous_year
seoul_survey,2022,,seoul_2022,gangnam,20s,no_support_sick,0.08378868942624443,proportion,168,168,16.0,143,32.849867535399426,available,"{""definition"": ""No helper in this situation; general-no branch inferred for the three specific support items."", ""notes"": [], ""weight"": ""wtb1"", ""uncertainty"": ""Effective n reflects weight dispersion only. Household clustering/strata are not corrected. No significance or confidence claim."", ""structural_no_support_counts"": {""sick"": 12, ""money"": 12, ""emotion"": 12}}",,,no_previous_year
seoul_survey,2022,,seoul_2022,gangnam,20s,no_support_money,0.26265821297552155,proportion,168,168,52.0,143,32.849867535399426,available,"{""definition"": ""No helper in this situation; general-no branch inferred for the three specific support items."", ""notes"": [], ""weight"": ""wtb1"", ""uncertainty"": ""Effective n reflects weight dispersion only. Household clustering/strata are not corrected. No significance or confidence claim."", ""structural_no_support_counts"": {""sick"": 12, ""money"": 12, ""emotion"": 12}}",,,no_previous_year
seoul_survey,2022,,seoul_2022,gangnam,20s,no_support_emotion,0.08995684635636705,proportion,168,168,26.0,143,32.849867535399426,available,"{""definition"": ""No helper in this situation; general-no branch inferred for the three specific support items."", ""notes"": [], ""weight"": ""wtb1"", ""uncertainty"": ""Effective n reflects weight dispersion only. Household clustering/strata are not corrected. No significance or confidence claim."", ""structural_no_support_counts"": {""sick"": 12, ""money"": 12, ""emotion"": 12}}",,,no_previous_year
seoul_survey,2022,,seoul_2022,gangnam,20s,no_support_all3,0.044610594552268554,proportion,168,168,12.0,143,32.849867535399426,available,"{""definition"": ""No helper for all three situations (illness, money, emotional conversation)."", ""notes"": [], ""weight"": ""wtb1"", ""uncertainty"": ""Effective n reflects weight dispersion only. Household clustering/strata are not corrected. No significance or confidence claim."", ""structural_no_support_counts"": {""sick"": 12, ""money"": 12, ""emotion"": 12}}",,,no_previous_year
seoul_survey,2022,,seoul_2022,gangnam,20s,loneliness_family_mean10,2.8638875989189425,score_0_10,168,168,,143,32.849867535399426,available,"{""definition"": ""Weighted mean of source five-category loneliness item, rescaled (x-1)/4*10."", ""notes"": [], ""weight"": ""wtb1"", ""uncertainty"": ""Effective n reflects weight dispersion only. Household clustering/strata are not corrected. No significance or confidence claim."", ""structural_no_support_counts"": {""sick"": 12, ""money"": 12, ""emotion"": 12}}",,,no_previous_year
seoul_survey,2022,,seoul_2022,gangnam,20s,loneliness_family_agree,0.16631220141954778,proportion,168,168,41.0,143,32.849867535399426,available,"{""definition"": ""Responses 4 or 5 to the specific loneliness item."", ""notes"": [], ""weight"": ""wtb1"", ""uncertainty"": ""Effective n reflects weight dispersion only. Household clustering/strata are not corrected. No significance or confidence claim."", ""structural_no_support_counts"": {""sick"": 12, ""money"": 12, ""emotion"": 12}}",,,no_previous_year
seoul_survey,2022,,seoul_2022,gangnam,20s,loneliness_outside_mean10,2.92618168737491,score_0_10,168,168,,143,32.849867535399426,available,"{""definition"": ""Weighted mean of source five-category loneliness item, rescaled (x-1)/4*10."", ""notes"": [], ""weight"": ""wtb1"", ""uncertainty"": ""Effective n reflects weight dispersion only. Household clustering/strata are not corrected. No significance or confidence claim."", ""structural_no_support_counts"": {""sick"": 12, ""money"": 12, ""emotion"": 12}}",,,no_previous_year
seoul_survey,2022,,seoul_2022,gangnam,20s,loneliness_outside_agree,0.11479552769196075,proportion,168,168,27.0,143,32.849867535399426,available,"{""definition"": ""Responses 4 or 5 to the specific loneliness item."", ""notes"": [], ""weight"": ""wtb1"", ""uncertainty"": ""Effective n reflects weight dispersion only. Household clustering/strata are not corrected. No significance or confidence claim."", ""structural_no_support_counts"": {""sick"": 12, ""money"": 12, ""emotion"": 12}}",,,no_previous_year
seoul_survey,2022,,seoul_2022,gangnam,20s,no_support3_and_lonely_outside,0.017649231177078267,proportion,168,168,5.0,143,32.849867535399426,available,"{""definition"": ""Intersection of no helper in all three situations and outside-family loneliness response 4/5. Not an isolation diagnosis."", ""notes"": [], ""weight"": ""wtb1"", ""uncertainty"": ""Effective n reflects weight dispersion only. Household clustering/strata are not corrected. No significance or confidence claim."", ""structural_no_support_counts"": {""sick"": 12, ""money"": 12, ""emotion"": 12}}",,,no_previous_year
seoul_survey,2022,,seoul_2022,gangnam,30s,no_support_parent,0.12928297856497314,proportion,454,454,57.0,314,34.86471210973488,available,"{""definition"": ""No helper in this situation; general-no branch inferred for the three specific support items."", ""notes"": [], ""weight"": ""wtb1"", ""uncertainty"": ""Effective n reflects weight dispersion only. Household clustering/strata are not corrected. No significance or confidence claim."", ""structural_no_support_counts"": {""sick"": 57, ""money"": 57, ""emotion"": 57}}",,,no_previous_year
seoul_survey,2022,,seoul_2022,gangnam,30s,no_support_sick,0.14771505915525115,proportion,454,454,68.0,314,34.86471210973488,available,"{""definition"": ""No helper in this situation; general-no branch inferred for the three specific support items."", ""notes"": [], ""weight"": ""wtb1"", ""uncertainty"": ""Effective n reflects weight dispersion only. Household clustering/strata are not corrected. No significance or confidence claim."", ""structural_no_support_counts"": {""sick"": 57, ""money"": 57, ""emotion"": 57}}",,,no_previous_year
seoul_survey,2022,,seoul_2022,gangnam,30s,no_support_money,0.24334839674752476,proportion,454,454,145.0,314,34.86471210973488,available,"{""definition"": ""No helper in this situation; general-no branch inferred for the three specific support items."", ""notes"": [], ""weight"": ""wtb1"", ""uncertainty"": ""Effective n reflects weight dispersion only. Household clustering/strata are not corrected. No significance or confidence claim."", ""structural_no_support_counts"": {""sick"": 57, ""money"": 57, ""emotion"": 57}}",,,no_previous_year
seoul_survey,2022,,seoul_2022,gangnam,30s,no_support_emotion,0.15966168734465483,proportion,454,454,88.0,314,34.86471210973488,available,"{""definition"": ""No helper in this situation; general-no branch inferred for the three specific support items."", ""notes"": [], ""weight"": ""wtb1"", ""uncertainty"": ""Effective n reflects weight dispersion only. Household clustering/strata are not corrected. No significance or confidence claim."", ""structural_no_support_counts"": {""sick"": 57, ""money"": 57, ""emotion"": 57}}",,,no_previous_year
seoul_survey,2022,,seoul_2022,gangnam,30s,no_support_all3,0.13203218154189658,proportion,454,454,60.0,314,34.86471210973488,available,"{""definition"": ""No helper for all three situations (illness, money, emotional conversation)."", ""notes"": [], ""weight"": ""wtb1"", ""uncertainty"": ""Effective n reflects weight dispersion only. Household clustering/strata are not corrected. No significance or confidence claim."", ""structural_no_support_counts"": {""sick"": 57, ""money"": 57, ""emotion"": 57}}",,,no_previous_year
seoul_survey,2022,,seoul_2022,gangnam,30s,loneliness_family_mean10,4.687414547595382,score_0_10,454,454,,314,34.86471210973488,available,"{""definition"": ""Weighted mean of source five-category loneliness item, rescaled (x-1)/4*10."", ""notes"": [], ""weight"": ""wtb1"", ""uncertainty"": ""Effective n reflects weight dispersion only. Household clustering/strata are not corrected. No significance or confidence claim."", ""structural_no_support_counts"": {""sick"": 57, ""money"": 57, ""emotion"": 57}}",,,no_previous_year
seoul_survey,2022,,seoul_2022,gangnam,30s,loneliness_family_agree,0.36243529630032695,proportion,454,454,127.0,314,34.86471210973488,available,"{""definition"": ""Responses 4 or 5 to the specific loneliness item."", ""notes"": [], ""weight"": ""wtb1"", ""uncertainty"": ""Effective n reflects weight dispersion only. Household clustering/strata are not corrected. No significance or confidence claim."", ""structural_no_support_counts"": {""sick"": 57, ""money"": 57, ""emotion"": 57}}",,,no_previous_year
seoul_survey,2022,,seoul_2022,gangnam,30s,loneliness_outside_mean10,4.859422528649333,score_0_10,454,454,,314,34.86471210973488,available,"{""definition"": ""Weighted mean of source five-category loneliness item, rescaled (x-1)/4*10."", ""notes"": [], ""weight"": ""wtb1"", ""uncertainty"": ""Effective n reflects weight dispersion only. Household clustering/strata are not corrected. No significance or confidence claim."", ""structural_no_support_counts"": {""sick"": 57, ""money"": 57, ""emotion"": 57}}",,,no_previous_year
seoul_survey,2022,,seoul_2022,gangnam,30s,loneliness_outside_agree,0.3382887426417966,proportion,454,454,110.0,314,34.86471210973488,available,"{""definition"": ""Responses 4 or 5 to the specific loneliness item."", ""notes"": [], ""weight"": ""wtb1"", ""uncertainty"": ""Effective n reflects weight dispersion only. Household clustering/strata are not corrected. No significance or confidence claim."", ""structural_no_support_counts"": {""sick"": 57, ""money"": 57, ""emotion"": 57}}",,,no_previous_year
seoul_survey,2022,,seoul_2022,gangnam,30s,no_support3_and_lonely_outside,0.07814603828168233,proportion,454,454,34.0,314,34.86471210973488,available,"{""definition"": ""Intersection of no helper in all three situations and outside-family loneliness response 4/5. Not an isolation diagnosis."", ""notes"": [], ""weight"": ""wtb1"", ""uncertainty"": ""Effective n reflects weight dispersion only. Household clustering/strata are not corrected. No significance or confidence claim."", ""structural_no_support_counts"": {""sick"": 57, ""money"": 57, ""emotion"": 57}}",,,no_previous_year
seoul_survey,2022,,seoul_2022,gangnam,40s,no_support_parent,0.06527500185976529,proportion,402,402,37.0,272,29.52600767197637,small_sample,"{""definition"": ""No helper in this situation; general-no branch inferred for the three specific support items."", ""notes"": [], ""weight"": ""wtb1"", ""uncertainty"": ""Effective n reflects weight dispersion only. Household clustering/strata are not corrected. No significance or confidence claim."", ""structural_no_support_counts"": {""sick"": 37, ""money"": 37, ""emotion"": 37}}",,,no_previous_year
seoul_survey,2022,,seoul_2022,gangnam,40s,no_support_sick,0.07577727833905178,proportion,402,402,44.0,272,29.52600767197637,small_sample,"{""definition"": ""No helper in this situation; general-no branch inferred for the three specific support items."", ""notes"": [], ""weight"": ""wtb1"", ""uncertainty"": ""Effective n reflects weight dispersion only. Household clustering/strata are not corrected. No significance or confidence claim."", ""structural_no_support_counts"": {""sick"": 37, ""money"": 37, ""emotion"": 37}}",,,no_previous_year
seoul_survey,2022,,seoul_2022,gangnam,40s,no_support_money,0.17407179108530238,proportion,402,402,124.0,272,29.52600767197637,small_sample,"{""definition"": ""No helper in this situation; general-no branch inferred for the three specific support items."", ""notes"": [], ""weight"": ""wtb1"", ""uncertainty"": ""Effective n reflects weight dispersion only. Household clustering/strata are not corrected. No significance or confidence claim."", ""structural_no_support_counts"": {""sick"": 37, ""money"": 37, ""emotion"": 37}}",,,no_previous_year
seoul_survey,2022,,seoul_2022,gangnam,40s,no_support_emotion,0.14726893619147458,proportion,402,402,85.0,272,29.52600767197637,small_sample,"{""definition"": ""No helper in this situation; general-no branch inferred for the three specific support items."", ""notes"": [], ""weight"": ""wtb1"", ""uncertainty"": ""Effective n reflects weight dispersion only. Household clustering/strata are not corrected. No significance or confidence claim."", ""structural_no_support_counts"": {""sick"": 37, ""money"": 37, ""emotion"": 37}}",,,no_previous_year
seoul_survey,2022,,seoul_2022,gangnam,40s,no_support_all3,0.06668620105341476,proportion,402,402,38.0,272,29.52600767197637,small_sample,"{""definition"": ""No helper for all three situations (illness, money, emotional conversation)."", ""notes"": [], ""weight"": ""wtb1"", ""uncertainty"": ""Effective n reflects weight dispersion only. Household clustering/strata are not corrected. No significance or confidence claim."", ""structural_no_support_counts"": {""sick"": 37, ""money"": 37, ""emotion"": 37}}",,,no_previous_year
seoul_survey,2022,,seoul_2022,gangnam,40s,loneliness_family_mean10,2.8375512904592655,score_0_10,402,402,,272,29.52600767197637,small_sample,"{""definition"": ""Weighted mean of source five-category loneliness item, rescaled (x-1)/4*10."", ""notes"": [], ""weight"": ""wtb1"", ""uncertainty"": ""Effective n reflects weight dispersion only. Household clustering/strata are not corrected. No significance or confidence claim."", ""structural_no_support_counts"": {""sick"": 37, ""money"": 37, ""emotion"": 37}}",,,no_previous_year
seoul_survey,2022,,seoul_2022,gangnam,40s,loneliness_family_agree,0.18151779468189633,proportion,402,402,114.0,272,29.52600767197637,small_sample,"{""definition"": ""Responses 4 or 5 to the specific loneliness item."", ""notes"": [], ""weight"": ""wtb1"", ""uncertainty"": ""Effective n reflects weight dispersion only. Household clustering/strata are not corrected. No significance or confidence claim."", ""structural_no_support_counts"": {""sick"": 37, ""money"": 37, ""emotion"": 37}}",,,no_previous_year
seoul_survey,2022,,seoul_2022,gangnam,40s,loneliness_outside_mean10,2.8903498058723165,score_0_10,402,402,,272,29.52600767197637,small_sample,"{""definition"": ""Weighted mean of source five-category loneliness item, rescaled (x-1)/4*10."", ""notes"": [], ""weight"": ""wtb1"", ""uncertainty"": ""Effective n reflects weight dispersion only. Household clustering/strata are not corrected. No significance or confidence claim."", ""structural_no_support_counts"": {""sick"": 37, ""money"": 37, ""emotion"": 37}}",,,no_previous_year
seoul_survey,2022,,seoul_2022,gangnam,40s,loneliness_outside_agree,0.15702735649368202,proportion,402,402,94.0,272,29.52600767197637,small_sample,"{""definition"": ""Responses 4 or 5 to the specific loneliness item."", ""notes"": [], ""weight"": ""wtb1"", ""uncertainty"": ""Effective n reflects weight dispersion only. Household clustering/strata are not corrected. No significance or confidence claim."", ""structural_no_support_counts"": {""sick"": 37, ""money"": 37, ""emotion"": 37}}",,,no_previous_year
seoul_survey,2022,,seoul_2022,gangnam,40s,no_support3_and_lonely_outside,0.04301030090144855,proportion,402,402,18.0,272,29.52600767197637,small_sample,"{""definition"": ""Intersection of no helper in all three situations and outside-family loneliness response 4/5. Not an isolation diagnosis."", ""notes"": [], ""weight"": ""wtb1"", ""uncertainty"": ""Effective n reflects weight dispersion only. Household clustering/strata are not corrected. No significance or confidence claim."", ""structural_no_support_counts"": {""sick"": 37, ""money"": 37, ""emotion"": 37}}",,,no_previous_year
seoul_survey,2022,,seoul_2022,gangnam,50s,no_support_parent,0.08934205094379162,proportion,327,327,31.0,224,74.48392824091992,available,"{""definition"": ""No helper in this situation; general-no branch inferred for the three specific support items."", ""notes"": [], ""weight"": ""wtb1"", ""uncertainty"": ""Effective n reflects weight dispersion only. Household clustering/strata are not corrected. No significance or confidence claim."", ""structural_no_support_counts"": {""sick"": 31, ""money"": 31, ""emotion"": 31}}",,,no_previous_year
seoul_survey,2022,,seoul_2022,gangnam,50s,no_support_sick,0.10333370721573937,proportion,327,327,38.0,224,74.48392824091992,available,"{""definition"": ""No helper in this situation; general-no branch inferred for the three specific support items."", ""notes"": [], ""weight"": ""wtb1"", ""uncertainty"": ""Effective n reflects weight dispersion only. Household clustering/strata are not corrected. No significance or confidence claim."", ""structural_no_support_counts"": {""sick"": 31, ""money"": 31, ""emotion"": 31}}",,,no_previous_year
seoul_survey,2022,,seoul_2022,gangnam,50s,no_support_money,0.30265612213454995,proportion,327,327,120.0,224,74.48392824091992,available,"{""definition"": ""No helper in this situation; general-no branch inferred for the three specific support items."", ""notes"": [], ""weight"": ""wtb1"", ""uncertainty"": ""Effective n reflects weight dispersion only. Household clustering/strata are not corrected. No significance or confidence claim."", ""structural_no_support_counts"": {""sick"": 31, ""money"": 31, ""emotion"": 31}}",,,no_previous_year
seoul_survey,2022,,seoul_2022,gangnam,50s,no_support_emotion,0.1695968211594728,proportion,327,327,60.0,224,74.48392824091992,available,"{""definition"": ""No helper in this situation; general-no branch inferred for the three specific support items."", ""notes"": [], ""weight"": ""wtb1"", ""uncertainty"": ""Effective n reflects weight dispersion only. Household clustering/strata are not corrected. No significance or confidence claim."", ""structural_no_support_counts"": {""sick"": 31, ""money"": 31, ""emotion"": 31}}",,,no_previous_year
seoul_survey,2022,,seoul_2022,gangnam,50s,no_support_all3,0.09021190765377383,proportion,327,327,32.0,224,74.48392824091992,available,"{""definition"": ""No helper for all three situations (illness, money, emotional conversation)."", ""notes"": [], ""weight"": ""wtb1"", ""uncertainty"": ""Effective n reflects weight dispersion only. Household clustering/strata are not corrected. No significance or confidence claim."", ""structural_no_support_counts"": {""sick"": 31, ""money"": 31, ""emotion"": 31}}",,,no_previous_year
seoul_survey,2022,,seoul_2022,gangnam,50s,loneliness_family_mean10,4.040673220871293,score_0_10,327,327,,224,74.48392824091992,available,"{""definition"": ""Weighted mean of source five-category loneliness item, rescaled (x-1)/4*10."", ""notes"": [], ""weight"": ""wtb1"", ""uncertainty"": ""Effective n reflects weight dispersion only. Household clustering/strata are not corrected. No significance or confidence claim."", ""structural_no_support_counts"": {""sick"": 31, ""money"": 31, ""emotion"": 31}}",,,no_previous_year
seoul_survey,2022,,seoul_2022,gangnam,50s,loneliness_family_agree,0.279664799081522,proportion,327,327,101.0,224,74.48392824091992,available,"{""definition"": ""Responses 4 or 5 to the specific loneliness item."", ""notes"": [], ""weight"": ""wtb1"", ""uncertainty"": ""Effective n reflects weight dispersion only. Household clustering/strata are not corrected. No significance or confidence claim."", ""structural_no_support_counts"": {""sick"": 31, ""money"": 31, ""emotion"": 31}}",,,no_previous_year
seoul_survey,2022,,seoul_2022,gangnam,50s,loneliness_outside_mean10,3.941787826049575,score_0_10,327,327,,224,74.48392824091992,available,"{""definition"": ""Weighted mean of source five-category loneliness item, rescaled (x-1)/4*10."", ""notes"": [], ""weight"": ""wtb1"", ""uncertainty"": ""Effective n reflects weight dispersion only. Household clustering/strata are not corrected. No significance or confidence claim."", ""structural_no_support_counts"": {""sick"": 31, ""money"": 31, ""emotion"": 31}}",,,no_previous_year
seoul_survey,2022,,seoul_2022,gangnam,50s,loneliness_outside_agree,0.20500363358155324,proportion,327,327,72.0,224,74.48392824091992,available,"{""definition"": ""Responses 4 or 5 to the specific loneliness item."", ""notes"": [], ""weight"": ""wtb1"", ""uncertainty"": ""Effective n reflects weight dispersion only. Household clustering/strata are not corrected. No significance or confidence claim."", ""structural_no_support_counts"": {""sick"": 31, ""money"": 31, ""emotion"": 31}}",,,no_previous_year
seoul_survey,2022,,seoul_2022,gangnam,50s,no_support3_and_lonely_outside,0.043055816958184605,proportion,327,327,14.0,224,74.48392824091992,available,"{""definition"": ""Intersection of no helper in all three situations and outside-family loneliness response 4/5. Not an isolation diagnosis."", ""notes"": [], ""weight"": ""wtb1"", ""uncertainty"": ""Effective n reflects weight dispersion only. Household clustering/strata are not corrected. No significance or confidence claim."", ""structural_no_support_counts"": {""sick"": 31, ""money"": 31, ""emotion"": 31}}",,,no_previous_year
seoul_survey,2022,,seoul_2022,gangnam,60plus,no_support_parent,0.14620209041003115,proportion,497,497,94.0,330,117.11471387916764,available,"{""definition"": ""No helper in this situation; general-no branch inferred for the three specific support items."", ""notes"": [], ""weight"": ""wtb1"", ""uncertainty"": ""Effective n reflects weight dispersion only. Household clustering/strata are not corrected. No significance or confidence claim."", ""structural_no_support_counts"": {""sick"": 94, ""money"": 94, ""emotion"": 94}}",,,no_previous_year
seoul_survey,2022,,seoul_2022,gangnam,60plus,no_support_sick,0.1562712272464146,proportion,497,497,100.0,330,117.11471387916764,available,"{""definition"": ""No helper in this situation; general-no branch inferred for the three specific support items."", ""notes"": [], ""weight"": ""wtb1"", ""uncertainty"": ""Effective n reflects weight dispersion only. Household clustering/strata are not corrected. No significance or confidence claim."", ""structural_no_support_counts"": {""sick"": 94, ""money"": 94, ""emotion"": 94}}",,,no_previous_year
seoul_survey,2022,,seoul_2022,gangnam,60plus,no_support_money,0.34793101042122293,proportion,497,497,222.0,330,117.11471387916764,available,"{""definition"": ""No helper in this situation; general-no branch inferred for the three specific support items."", ""notes"": [], ""weight"": ""wtb1"", ""uncertainty"": ""Effective n reflects weight dispersion only. Household clustering/strata are not corrected. No significance or confidence claim."", ""structural_no_support_counts"": {""sick"": 94, ""money"": 94, ""emotion"": 94}}",,,no_previous_year
seoul_survey,2022,,seoul_2022,gangnam,60plus,no_support_emotion,0.2273999789229868,proportion,497,497,159.0,330,117.11471387916764,available,"{""definition"": ""No helper in this situation; general-no branch inferred for the three specific support items."", ""notes"": [], ""weight"": ""wtb1"", ""uncertainty"": ""Effective n reflects weight dispersion only. Household clustering/strata are not corrected. No significance or confidence claim."", ""structural_no_support_counts"": {""sick"": 94, ""money"": 94, ""emotion"": 94}}",,,no_previous_year
seoul_survey,2022,,seoul_2022,gangnam,60plus,no_support_all3,0.14735711552034747,proportion,497,497,95.0,330,117.11471387916764,available,"{""definition"": ""No helper for all three situations (illness, money, emotional conversation)."", ""notes"": [], ""weight"": ""wtb1"", ""uncertainty"": ""Effective n reflects weight dispersion only. Household clustering/strata are not corrected. No significance or confidence claim."", ""structural_no_support_counts"": {""sick"": 94, ""money"": 94, ""emotion"": 94}}",,,no_previous_year
seoul_survey,2022,,seoul_2022,gangnam,60plus,loneliness_family_mean10,4.864014081161499,score_0_10,497,497,,330,117.11471387916764,available,"{""definition"": ""Weighted mean of source five-category loneliness item, rescaled (x-1)/4*10."", ""notes"": [], ""weight"": ""wtb1"", ""uncertainty"": ""Effective n reflects weight dispersion only. Household clustering/strata are not corrected. No significance or confidence claim."", ""structural_no_support_counts"": {""sick"": 94, ""money"": 94, ""emotion"": 94}}",,,no_previous_year
seoul_survey,2022,,seoul_2022,gangnam,60plus,loneliness_family_agree,0.40404895890293796,proportion,497,497,203.0,330,117.11471387916764,available,"{""definition"": ""Responses 4 or 5 to the specific loneliness item."", ""notes"": [], ""weight"": ""wtb1"", ""uncertainty"": ""Effective n reflects weight dispersion only. Household clustering/strata are not corrected. No significance or confidence claim."", ""structural_no_support_counts"": {""sick"": 94, ""money"": 94, ""emotion"": 94}}",,,no_previous_year
seoul_survey,2022,,seoul_2022,gangnam,60plus,loneliness_outside_mean10,4.72741284177694,score_0_10,497,497,,330,117.11471387916764,available,"{""definition"": ""Weighted mean of source five-category loneliness item, rescaled (x-1)/4*10."", ""notes"": [], ""weight"": ""wtb1"", ""uncertainty"": ""Effective n reflects weight dispersion only. Household clustering/strata are not corrected. No significance or confidence claim."", ""structural_no_support_counts"": {""sick"": 94, ""money"": 94, ""emotion"": 94}}",,,no_previous_year
seoul_survey,2022,,seoul_2022,gangnam,60plus,loneliness_outside_agree,0.3228869064306267,proportion,497,497,191.0,330,117.11471387916764,available,"{""definition"": ""Responses 4 or 5 to the specific loneliness item."", ""notes"": [], ""weight"": ""wtb1"", ""uncertainty"": ""Effective n reflects weight dispersion only. Household clustering/strata are not corrected. No significance or confidence claim."", ""structural_no_support_counts"": {""sick"": 94, ""money"": 94, ""emotion"": 94}}",,,no_previous_year
seoul_survey,2022,,seoul_2022,gangnam,60plus,no_support3_and_lonely_outside,0.0929041592520949,proportion,497,497,63.0,330,117.11471387916764,available,"{""definition"": ""Intersection of no helper in all three situations and outside-family loneliness response 4/5. Not an isolation diagnosis."", ""notes"": [], ""weight"": ""wtb1"", ""uncertainty"": ""Effective n reflects weight dispersion only. Household clustering/strata are not corrected. No significance or confidence claim."", ""structural_no_support_counts"": {""sick"": 94, ""money"": 94, ""emotion"": 94}}",,,no_previous_year
seoul_survey,2022,,seoul_2022,seoul,all15plus,no_support_parent,0.12120683750507746,proportion,39340,39340,5207.0,20000,10161.983238046894,available,"{""definition"": ""No helper in this situation; general-no branch inferred for the three specific support items."", ""notes"": [], ""weight"": ""wtb1"", ""uncertainty"": ""Effective n reflects weight dispersion only. Household clustering/strata are not corrected. No significance or confidence claim."", ""structural_no_support_counts"": {""sick"": 5207, ""money"": 5207, ""emotion"": 5207}}",,,no_previous_year
seoul_survey,2022,,seoul_2022,seoul,all15plus,no_support_sick,0.14556417174327246,proportion,39340,39340,6169.0,20000,10161.983238046894,available,"{""definition"": ""No helper in this situation; general-no branch inferred for the three specific support items."", ""notes"": [], ""weight"": ""wtb1"", ""uncertainty"": ""Effective n reflects weight dispersion only. Household clustering/strata are not corrected. No significance or confidence claim."", ""structural_no_support_counts"": {""sick"": 5207, ""money"": 5207, ""emotion"": 5207}}",,,no_previous_year
seoul_survey,2022,,seoul_2022,seoul,all15plus,no_support_money,0.32473819043347263,proportion,39340,39340,13008.0,20000,10161.983238046894,available,"{""definition"": ""No helper in this situation; general-no branch inferred for the three specific support items."", ""notes"": [], ""weight"": ""wtb1"", ""uncertainty"": ""Effective n reflects weight dispersion only. Household clustering/strata are not corrected. No significance or confidence claim."", ""structural_no_support_counts"": {""sick"": 5207, ""money"": 5207, ""emotion"": 5207}}",,,no_previous_year
seoul_survey,2022,,seoul_2022,seoul,all15plus,no_support_emotion,0.1878881576594321,proportion,39340,39340,8129.0,20000,10161.983238046894,available,"{""definition"": ""No helper in this situation; general-no branch inferred for the three specific support items."", ""notes"": [], ""weight"": ""wtb1"", ""uncertainty"": ""Effective n reflects weight dispersion only. Household clustering/strata are not corrected. No significance or confidence claim."", ""structural_no_support_counts"": {""sick"": 5207, ""money"": 5207, ""emotion"": 5207}}",,,no_previous_year
seoul_survey,2022,,seoul_2022,seoul,all15plus,no_support_all3,0.12335738654200622,proportion,39340,39340,5311.0,20000,10161.983238046894,available,"{""definition"": ""No helper for all three situations (illness, money, emotional conversation)."", ""notes"": [], ""weight"": ""wtb1"", ""uncertainty"": ""Effective n reflects weight dispersion only. Household clustering/strata are not corrected. No significance or confidence claim."", ""structural_no_support_counts"": {""sick"": 5207, ""money"": 5207, ""emotion"": 5207}}",,,no_previous_year
seoul_survey,2022,,seoul_2022,seoul,all15plus,loneliness_family_mean10,4.088359474983189,score_0_10,39340,39340,,20000,10161.983238046894,available,"{""definition"": ""Weighted mean of source five-category loneliness item, rescaled (x-1)/4*10."", ""notes"": [], ""weight"": ""wtb1"", ""uncertainty"": ""Effective n reflects weight dispersion only. Household clustering/strata are not corrected. No significance or confidence claim."", ""structural_no_support_counts"": {""sick"": 5207, ""money"": 5207, ""emotion"": 5207}}",,,no_previous_year
seoul_survey,2022,,seoul_2022,seoul,all15plus,loneliness_family_agree,0.22622652891685077,proportion,39340,39340,8638.0,20000,10161.983238046894,available,"{""definition"": ""Responses 4 or 5 to the specific loneliness item."", ""notes"": [], ""weight"": ""wtb1"", ""uncertainty"": ""Effective n reflects weight dispersion only. Household clustering/strata are not corrected. No significance or confidence claim."", ""structural_no_support_counts"": {""sick"": 5207, ""money"": 5207, ""emotion"": 5207}}",,,no_previous_year
seoul_survey,2022,,seoul_2022,seoul,all15plus,loneliness_outside_mean10,4.046439050338418,score_0_10,39340,39340,,20000,10161.983238046894,available,"{""definition"": ""Weighted mean of source five-category loneliness item, rescaled (x-1)/4*10."", ""notes"": [], ""weight"": ""wtb1"", ""uncertainty"": ""Effective n reflects weight dispersion only. Household clustering/strata are not corrected. No significance or confidence claim."", ""structural_no_support_counts"": {""sick"": 5207, ""money"": 5207, ""emotion"": 5207}}",,,no_previous_year
seoul_survey,2022,,seoul_2022,seoul,all15plus,loneliness_outside_agree,0.19203698967096303,proportion,39340,39340,7416.0,20000,10161.983238046894,available,"{""definition"": ""Responses 4 or 5 to the specific loneliness item."", ""notes"": [], ""weight"": ""wtb1"", ""uncertainty"": ""Effective n reflects weight dispersion only. Household clustering/strata are not corrected. No significance or confidence claim."", ""structural_no_support_counts"": {""sick"": 5207, ""money"": 5207, ""emotion"": 5207}}",,,no_previous_year
seoul_survey,2022,,seoul_2022,seoul,all15plus,no_support3_and_lonely_outside,0.03717520721375677,proportion,39340,39340,1430.0,20000,10161.983238046894,available,"{""definition"": ""Intersection of no helper in all three situations and outside-family loneliness response 4/5. Not an isolation diagnosis."", ""notes"": [], ""weight"": ""wtb1"", ""uncertainty"": ""Effective n reflects weight dispersion only. Household clustering/strata are not corrected. No significance or confidence claim."", ""structural_no_support_counts"": {""sick"": 5207, ""money"": 5207, ""emotion"": 5207}}",,,no_previous_year
seoul_survey,2022,,seoul_2022,seoul,20s,no_support_parent,0.09487963191809805,proportion,2951,2951,328.0,2569,1068.7472408804692,available,"{""definition"": ""No helper in this situation; general-no branch inferred for the three specific support items."", ""notes"": [], ""weight"": ""wtb1"", ""uncertainty"": ""Effective n reflects weight dispersion only. Household clustering/strata are not corrected. No significance or confidence claim."", ""structural_no_support_counts"": {""sick"": 328, ""money"": 328, ""emotion"": 328}}",,,no_previous_year
seoul_survey,2022,,seoul_2022,seoul,20s,no_support_sick,0.11654229185926653,proportion,2951,2951,376.0,2569,1068.7472408804692,available,"{""definition"": ""No helper in this situation; general-no branch inferred for the three specific support items."", ""notes"": [], ""weight"": ""wtb1"", ""uncertainty"": ""Effective n reflects weight dispersion only. Household clustering/strata are not corrected. No significance or confidence claim."", ""structural_no_support_counts"": {""sick"": 328, ""money"": 328, ""emotion"": 328}}",,,no_previous_year
seoul_survey,2022,,seoul_2022,seoul,20s,no_support_money,0.30813369244292216,proportion,2951,2951,927.0,2569,1068.7472408804692,available,"{""definition"": ""No helper in this situation; general-no branch inferred for the three specific support items."", ""notes"": [], ""weight"": ""wtb1"", ""uncertainty"": ""Effective n reflects weight dispersion only. Household clustering/strata are not corrected. No significance or confidence claim."", ""structural_no_support_counts"": {""sick"": 328, ""money"": 328, ""emotion"": 328}}",,,no_previous_year
seoul_survey,2022,,seoul_2022,seoul,20s,no_support_emotion,0.1621640803914107,proportion,2951,2951,535.0,2569,1068.7472408804692,available,"{""definition"": ""No helper in this situation; general-no branch inferred for the three specific support items."", ""notes"": [], ""weight"": ""wtb1"", ""uncertainty"": ""Effective n reflects weight dispersion only. Household clustering/strata are not corrected. No significance or confidence claim."", ""structural_no_support_counts"": {""sick"": 328, ""money"": 328, ""emotion"": 328}}",,,no_previous_year
seoul_survey,2022,,seoul_2022,seoul,20s,no_support_all3,0.09514483748156843,proportion,2951,2951,330.0,2569,1068.7472408804692,available,"{""definition"": ""No helper for all three situations (illness, money, emotional conversation)."", ""notes"": [], ""weight"": ""wtb1"", ""uncertainty"": ""Effective n reflects weight dispersion only. Household clustering/strata are not corrected. No significance or confidence claim."", ""structural_no_support_counts"": {""sick"": 328, ""money"": 328, ""emotion"": 328}}",,,no_previous_year
seoul_survey,2022,,seoul_2022,seoul,20s,loneliness_family_mean10,3.5954061691316768,score_0_10,2951,2951,,2569,1068.7472408804692,available,"{""definition"": ""Weighted mean of source five-category loneliness item, rescaled (x-1)/4*10."", ""notes"": [], ""weight"": ""wtb1"", ""uncertainty"": ""Effective n reflects weight dispersion only. Household clustering/strata are not corrected. No significance or confidence claim."", ""structural_no_support_counts"": {""sick"": 328, ""money"": 328, ""emotion"": 328}}",,,no_previous_year
seoul_survey,2022,,seoul_2022,seoul,20s,loneliness_family_agree,0.16523019775509393,proportion,2951,2951,511.0,2569,1068.7472408804692,available,"{""definition"": ""Responses 4 or 5 to the specific loneliness item."", ""notes"": [], ""weight"": ""wtb1"", ""uncertainty"": ""Effective n reflects weight dispersion only. Household clustering/strata are not corrected. No significance or confidence claim."", ""structural_no_support_counts"": {""sick"": 328, ""money"": 328, ""emotion"": 328}}",,,no_previous_year
seoul_survey,2022,,seoul_2022,seoul,20s,loneliness_outside_mean10,3.5768578070531345,score_0_10,2951,2951,,2569,1068.7472408804692,available,"{""definition"": ""Weighted mean of source five-category loneliness item, rescaled (x-1)/4*10."", ""notes"": [], ""weight"": ""wtb1"", ""uncertainty"": ""Effective n reflects weight dispersion only. Household clustering/strata are not corrected. No significance or confidence claim."", ""structural_no_support_counts"": {""sick"": 328, ""money"": 328, ""emotion"": 328}}",,,no_previous_year
seoul_survey,2022,,seoul_2022,seoul,20s,loneliness_outside_agree,0.13421885369249645,proportion,2951,2951,406.0,2569,1068.7472408804692,available,"{""definition"": ""Responses 4 or 5 to the specific loneliness item."", ""notes"": [], ""weight"": ""wtb1"", ""uncertainty"": ""Effective n reflects weight dispersion only. Household clustering/strata are not corrected. No significance or confidence claim."", ""structural_no_support_counts"": {""sick"": 328, ""money"": 328, ""emotion"": 328}}",,,no_previous_year
seoul_survey,2022,,seoul_2022,seoul,20s,no_support3_and_lonely_outside,0.017471232380149162,proportion,2951,2951,54.0,2569,1068.7472408804692,available,"{""definition"": ""Intersection of no helper in all three situations and outside-family loneliness response 4/5. Not an isolation diagnosis."", ""notes"": [], ""weight"": ""wtb1"", ""uncertainty"": ""Effective n reflects weight dispersion only. Household clustering/strata are not corrected. No significance or confidence claim."", ""structural_no_support_counts"": {""sick"": 328, ""money"": 328, ""emotion"": 328}}",,,no_previous_year
seoul_survey,2022,,seoul_2022,seoul,30s,no_support_parent,0.105810478259428,proportion,7346,7346,809.0,5173,2212.625567028241,available,"{""definition"": ""No helper in this situation; general-no branch inferred for the three specific support items."", ""notes"": [], ""weight"": ""wtb1"", ""uncertainty"": ""Effective n reflects weight dispersion only. Household clustering/strata are not corrected. No significance or confidence claim."", ""structural_no_support_counts"": {""sick"": 809, ""money"": 809, ""emotion"": 809}}",,,no_previous_year
seoul_survey,2022,,seoul_2022,seoul,30s,no_support_sick,0.13533590897023687,proportion,7346,7346,989.0,5173,2212.625567028241,available,"{""definition"": ""No helper in this situation; general-no branch inferred for the three specific support items."", ""notes"": [], ""weight"": ""wtb1"", ""uncertainty"": ""Effective n reflects weight dispersion only. Household clustering/strata are not corrected. No significance or confidence claim."", ""structural_no_support_counts"": {""sick"": 809, ""money"": 809, ""emotion"": 809}}",,,no_previous_year
seoul_survey,2022,,seoul_2022,seoul,30s,no_support_money,0.26787478023732975,proportion,7346,7346,2019.0,5173,2212.625567028241,available,"{""definition"": ""No helper in this situation; general-no branch inferred for the three specific support items."", ""notes"": [], ""weight"": ""wtb1"", ""uncertainty"": ""Effective n reflects weight dispersion only. Household clustering/strata are not corrected. No significance or confidence claim."", ""structural_no_support_counts"": {""sick"": 809, ""money"": 809, ""emotion"": 809}}",,,no_previous_year
seoul_survey,2022,,seoul_2022,seoul,30s,no_support_emotion,0.16206845013342314,proportion,7346,7346,1332.0,5173,2212.625567028241,available,"{""definition"": ""No helper in this situation; general-no branch inferred for the three specific support items."", ""notes"": [], ""weight"": ""wtb1"", ""uncertainty"": ""Effective n reflects weight dispersion only. Household clustering/strata are not corrected. No significance or confidence claim."", ""structural_no_support_counts"": {""sick"": 809, ""money"": 809, ""emotion"": 809}}",,,no_previous_year
seoul_survey,2022,,seoul_2022,seoul,30s,no_support_all3,0.10656896545209413,proportion,7346,7346,821.0,5173,2212.625567028241,available,"{""definition"": ""No helper for all three situations (illness, money, emotional conversation)."", ""notes"": [], ""weight"": ""wtb1"", ""uncertainty"": ""Effective n reflects weight dispersion only. Household clustering/strata are not corrected. No significance or confidence claim."", ""structural_no_support_counts"": {""sick"": 809, ""money"": 809, ""emotion"": 809}}",,,no_previous_year
seoul_survey,2022,,seoul_2022,seoul,30s,loneliness_family_mean10,4.0277362438243705,score_0_10,7346,7346,,5173,2212.625567028241,available,"{""definition"": ""Weighted mean of source five-category loneliness item, rescaled (x-1)/4*10."", ""notes"": [], ""weight"": ""wtb1"", ""uncertainty"": ""Effective n reflects weight dispersion only. Household clustering/strata are not corrected. No significance or confidence claim."", ""structural_no_support_counts"": {""sick"": 809, ""money"": 809, ""emotion"": 809}}",,,no_previous_year
seoul_survey,2022,,seoul_2022,seoul,30s,loneliness_family_agree,0.22105505299329734,proportion,7346,7346,1467.0,5173,2212.625567028241,available,"{""definition"": ""Responses 4 or 5 to the specific loneliness item."", ""notes"": [], ""weight"": ""wtb1"", ""uncertainty"": ""Effective n reflects weight dispersion only. Household clustering/strata are not corrected. No significance or confidence claim."", ""structural_no_support_counts"": {""sick"": 809, ""money"": 809, ""emotion"": 809}}",,,no_previous_year
seoul_survey,2022,,seoul_2022,seoul,30s,loneliness_outside_mean10,3.952453007900318,score_0_10,7346,7346,,5173,2212.625567028241,available,"{""definition"": ""Weighted mean of source five-category loneliness item, rescaled (x-1)/4*10."", ""notes"": [], ""weight"": ""wtb1"", ""uncertainty"": ""Effective n reflects weight dispersion only. Household clustering/strata are not corrected. No significance or confidence claim."", ""structural_no_support_counts"": {""sick"": 809, ""money"": 809, ""emotion"": 809}}",,,no_previous_year
seoul_survey,2022,,seoul_2022,seoul,30s,loneliness_outside_agree,0.1916263198715601,proportion,7346,7346,1215.0,5173,2212.625567028241,available,"{""definition"": ""Responses 4 or 5 to the specific loneliness item."", ""notes"": [], ""weight"": ""wtb1"", ""uncertainty"": ""Effective n reflects weight dispersion only. Household clustering/strata are not corrected. No significance or confidence claim."", ""structural_no_support_counts"": {""sick"": 809, ""money"": 809, ""emotion"": 809}}",,,no_previous_year
seoul_survey,2022,,seoul_2022,seoul,30s,no_support3_and_lonely_outside,0.029652404158555672,proportion,7346,7346,189.0,5173,2212.625567028241,available,"{""definition"": ""Intersection of no helper in all three situations and outside-family loneliness response 4/5. Not an isolation diagnosis."", ""notes"": [], ""weight"": ""wtb1"", ""uncertainty"": ""Effective n reflects weight dispersion only. Household clustering/strata are not corrected. No significance or confidence claim."", ""structural_no_support_counts"": {""sick"": 809, ""money"": 809, ""emotion"": 809}}",,,no_previous_year
seoul_survey,2022,,seoul_2022,seoul,40s,no_support_parent,0.10314870211748131,proportion,6883,6883,823.0,4601,1779.6559993515966,available,"{""definition"": ""No helper in this situation; general-no branch inferred for the three specific support items."", ""notes"": [], ""weight"": ""wtb1"", ""uncertainty"": ""Effective n reflects weight dispersion only. Household clustering/strata are not corrected. No significance or confidence claim."", ""structural_no_support_counts"": {""sick"": 823, ""money"": 823, ""emotion"": 823}}",,,no_previous_year
seoul_survey,2022,,seoul_2022,seoul,40s,no_support_sick,0.12554952360641022,proportion,6883,6883,990.0,4601,1779.6559993515966,available,"{""definition"": ""No helper in this situation; general-no branch inferred for the three specific support items."", ""notes"": [], ""weight"": ""wtb1"", ""uncertainty"": ""Effective n reflects weight dispersion only. Household clustering/strata are not corrected. No significance or confidence claim."", ""structural_no_support_counts"": {""sick"": 823, ""money"": 823, ""emotion"": 823}}",,,no_previous_year
seoul_survey,2022,,seoul_2022,seoul,40s,no_support_money,0.2622000076398015,proportion,6883,6883,1939.0,4601,1779.6559993515966,available,"{""definition"": ""No helper in this situation; general-no branch inferred for the three specific support items."", ""notes"": [], ""weight"": ""wtb1"", ""uncertainty"": ""Effective n reflects weight dispersion only. Household clustering/strata are not corrected. No significance or confidence claim."", ""structural_no_support_counts"": {""sick"": 823, ""money"": 823, ""emotion"": 823}}",,,no_previous_year
seoul_survey,2022,,seoul_2022,seoul,40s,no_support_emotion,0.15742674590063233,proportion,6883,6883,1264.0,4601,1779.6559993515966,available,"{""definition"": ""No helper in this situation; general-no branch inferred for the three specific support items."", ""notes"": [], ""weight"": ""wtb1"", ""uncertainty"": ""Effective n reflects weight dispersion only. Household clustering/strata are not corrected. No significance or confidence claim."", ""structural_no_support_counts"": {""sick"": 823, ""money"": 823, ""emotion"": 823}}",,,no_previous_year
seoul_survey,2022,,seoul_2022,seoul,40s,no_support_all3,0.1061952061445113,proportion,6883,6883,843.0,4601,1779.6559993515966,available,"{""definition"": ""No helper for all three situations (illness, money, emotional conversation)."", ""notes"": [], ""weight"": ""wtb1"", ""uncertainty"": ""Effective n reflects weight dispersion only. Household clustering/strata are not corrected. No significance or confidence claim."", ""structural_no_support_counts"": {""sick"": 823, ""money"": 823, ""emotion"": 823}}",,,no_previous_year
seoul_survey,2022,,seoul_2022,seoul,40s,loneliness_family_mean10,3.827380276687423,score_0_10,6883,6883,,4601,1779.6559993515966,available,"{""definition"": ""Weighted mean of source five-category loneliness item, rescaled (x-1)/4*10."", ""notes"": [], ""weight"": ""wtb1"", ""uncertainty"": ""Effective n reflects weight dispersion only. Household clustering/strata are not corrected. No significance or confidence claim."", ""structural_no_support_counts"": {""sick"": 823, ""money"": 823, ""emotion"": 823}}",,,no_previous_year
seoul_survey,2022,,seoul_2022,seoul,40s,loneliness_family_agree,0.19263789121386674,proportion,6883,6883,1340.0,4601,1779.6559993515966,available,"{""definition"": ""Responses 4 or 5 to the specific loneliness item."", ""notes"": [], ""weight"": ""wtb1"", ""uncertainty"": ""Effective n reflects weight dispersion only. Household clustering/strata are not corrected. No significance or confidence claim."", ""structural_no_support_counts"": {""sick"": 823, ""money"": 823, ""emotion"": 823}}",,,no_previous_year
seoul_survey,2022,,seoul_2022,seoul,40s,loneliness_outside_mean10,3.76863726072796,score_0_10,6883,6883,,4601,1779.6559993515966,available,"{""definition"": ""Weighted mean of source five-category loneliness item, rescaled (x-1)/4*10."", ""notes"": [], ""weight"": ""wtb1"", ""uncertainty"": ""Effective n reflects weight dispersion only. Household clustering/strata are not corrected. No significance or confidence claim."", ""structural_no_support_counts"": {""sick"": 823, ""money"": 823, ""emotion"": 823}}",,,no_previous_year
seoul_survey,2022,,seoul_2022,seoul,40s,loneliness_outside_agree,0.15830969924759847,proportion,6883,6883,1043.0,4601,1779.6559993515966,available,"{""definition"": ""Responses 4 or 5 to the specific loneliness item."", ""notes"": [], ""weight"": ""wtb1"", ""uncertainty"": ""Effective n reflects weight dispersion only. Household clustering/strata are not corrected. No significance or confidence claim."", ""structural_no_support_counts"": {""sick"": 823, ""money"": 823, ""emotion"": 823}}",,,no_previous_year
seoul_survey,2022,,seoul_2022,seoul,40s,no_support3_and_lonely_outside,0.030627702789060105,proportion,6883,6883,227.0,4601,1779.6559993515966,available,"{""definition"": ""Intersection of no helper in all three situations and outside-family loneliness response 4/5. Not an isolation diagnosis."", ""notes"": [], ""weight"": ""wtb1"", ""uncertainty"": ""Effective n reflects weight dispersion only. Household clustering/strata are not corrected. No significance or confidence claim."", ""structural_no_support_counts"": {""sick"": 823, ""money"": 823, ""emotion"": 823}}",,,no_previous_year
seoul_survey,2022,,seoul_2022,seoul,50s,no_support_parent,0.11515755878764462,proportion,7169,7169,852.0,4977,2820.437460013796,available,"{""definition"": ""No helper in this situation; general-no branch inferred for the three specific support items."", ""notes"": [], ""weight"": ""wtb1"", ""uncertainty"": ""Effective n reflects weight dispersion only. Household clustering/strata are not corrected. No significance or confidence claim."", ""structural_no_support_counts"": {""sick"": 852, ""money"": 852, ""emotion"": 852}}",,,no_previous_year
seoul_survey,2022,,seoul_2022,seoul,50s,no_support_sick,0.13706328606376764,proportion,7169,7169,1041.0,4977,2820.437460013796,available,"{""definition"": ""No helper in this situation; general-no branch inferred for the three specific support items."", ""notes"": [], ""weight"": ""wtb1"", ""uncertainty"": ""Effective n reflects weight dispersion only. Household clustering/strata are not corrected. No significance or confidence claim."", ""structural_no_support_counts"": {""sick"": 852, ""money"": 852, ""emotion"": 852}}",,,no_previous_year
seoul_survey,2022,,seoul_2022,seoul,50s,no_support_money,0.293353099495666,proportion,7169,7169,2265.0,4977,2820.437460013796,available,"{""definition"": ""No helper in this situation; general-no branch inferred for the three specific support items."", ""notes"": [], ""weight"": ""wtb1"", ""uncertainty"": ""Effective n reflects weight dispersion only. Household clustering/strata are not corrected. No significance or confidence claim."", ""structural_no_support_counts"": {""sick"": 852, ""money"": 852, ""emotion"": 852}}",,,no_previous_year
seoul_survey,2022,,seoul_2022,seoul,50s,no_support_emotion,0.18809658705731575,proportion,7169,7169,1391.0,4977,2820.437460013796,available,"{""definition"": ""No helper in this situation; general-no branch inferred for the three specific support items."", ""notes"": [], ""weight"": ""wtb1"", ""uncertainty"": ""Effective n reflects weight dispersion only. Household clustering/strata are not corrected. No significance or confidence claim."", ""structural_no_support_counts"": {""sick"": 852, ""money"": 852, ""emotion"": 852}}",,,no_previous_year
seoul_survey,2022,,seoul_2022,seoul,50s,no_support_all3,0.11793576389134641,proportion,7169,7169,873.0,4977,2820.437460013796,available,"{""definition"": ""No helper for all three situations (illness, money, emotional conversation)."", ""notes"": [], ""weight"": ""wtb1"", ""uncertainty"": ""Effective n reflects weight dispersion only. Household clustering/strata are not corrected. No significance or confidence claim."", ""structural_no_support_counts"": {""sick"": 852, ""money"": 852, ""emotion"": 852}}",,,no_previous_year
seoul_survey,2022,,seoul_2022,seoul,50s,loneliness_family_mean10,4.109140517283963,score_0_10,7169,7169,,4977,2820.437460013796,available,"{""definition"": ""Weighted mean of source five-category loneliness item, rescaled (x-1)/4*10."", ""notes"": [], ""weight"": ""wtb1"", ""uncertainty"": ""Effective n reflects weight dispersion only. Household clustering/strata are not corrected. No significance or confidence claim."", ""structural_no_support_counts"": {""sick"": 852, ""money"": 852, ""emotion"": 852}}",,,no_previous_year
seoul_survey,2022,,seoul_2022,seoul,50s,loneliness_family_agree,0.21732348595807313,proportion,7169,7169,1476.0,4977,2820.437460013796,available,"{""definition"": ""Responses 4 or 5 to the specific loneliness item."", ""notes"": [], ""weight"": ""wtb1"", ""uncertainty"": ""Effective n reflects weight dispersion only. Household clustering/strata are not corrected. No significance or confidence claim."", ""structural_no_support_counts"": {""sick"": 852, ""money"": 852, ""emotion"": 852}}",,,no_previous_year
seoul_survey,2022,,seoul_2022,seoul,50s,loneliness_outside_mean10,4.084455238678232,score_0_10,7169,7169,,4977,2820.437460013796,available,"{""definition"": ""Weighted mean of source five-category loneliness item, rescaled (x-1)/4*10."", ""notes"": [], ""weight"": ""wtb1"", ""uncertainty"": ""Effective n reflects weight dispersion only. Household clustering/strata are not corrected. No significance or confidence claim."", ""structural_no_support_counts"": {""sick"": 852, ""money"": 852, ""emotion"": 852}}",,,no_previous_year
seoul_survey,2022,,seoul_2022,seoul,50s,loneliness_outside_agree,0.18132857848333064,proportion,7169,7169,1205.0,4977,2820.437460013796,available,"{""definition"": ""Responses 4 or 5 to the specific loneliness item."", ""notes"": [], ""weight"": ""wtb1"", ""uncertainty"": ""Effective n reflects weight dispersion only. Household clustering/strata are not corrected. No significance or confidence claim."", ""structural_no_support_counts"": {""sick"": 852, ""money"": 852, ""emotion"": 852}}",,,no_previous_year
seoul_survey,2022,,seoul_2022,seoul,50s,no_support3_and_lonely_outside,0.029575777538241036,proportion,7169,7169,210.0,4977,2820.437460013796,available,"{""definition"": ""Intersection of no helper in all three situations and outside-family loneliness response 4/5. Not an isolation diagnosis."", ""notes"": [], ""weight"": ""wtb1"", ""uncertainty"": ""Effective n reflects weight dispersion only. Household clustering/strata are not corrected. No significance or confidence claim."", ""structural_no_support_counts"": {""sick"": 852, ""money"": 852, ""emotion"": 852}}",,,no_previous_year
seoul_survey,2022,,seoul_2022,seoul,60plus,no_support_parent,0.16208896015195162,proportion,13717,13717,2218.0,9008,2757.6154537791926,available,"{""definition"": ""No helper in this situation; general-no branch inferred for the three specific support items."", ""notes"": [], ""weight"": ""wtb1"", ""uncertainty"": ""Effective n reflects weight dispersion only. Household clustering/strata are not corrected. No significance or confidence claim."", ""structural_no_support_counts"": {""sick"": 2218, ""money"": 2218, ""emotion"": 2218}}",,,no_previous_year
seoul_survey,2022,,seoul_2022,seoul,60plus,no_support_sick,0.18882228691032743,proportion,13717,13717,2577.0,9008,2757.6154537791926,available,"{""definition"": ""No helper in this situation; general-no branch inferred for the three specific support items."", ""notes"": [], ""weight"": ""wtb1"", ""uncertainty"": ""Effective n reflects weight dispersion only. Household clustering/strata are not corrected. No significance or confidence claim."", ""structural_no_support_counts"": {""sick"": 2218, ""money"": 2218, ""emotion"": 2218}}",,,no_previous_year
seoul_survey,2022,,seoul_2022,seoul,60plus,no_support_money,0.42783141848928397,proportion,13717,13717,5438.0,9008,2757.6154537791926,available,"{""definition"": ""No helper in this situation; general-no branch inferred for the three specific support items."", ""notes"": [], ""weight"": ""wtb1"", ""uncertainty"": ""Effective n reflects weight dispersion only. Household clustering/strata are not corrected. No significance or confidence claim."", ""structural_no_support_counts"": {""sick"": 2218, ""money"": 2218, ""emotion"": 2218}}",,,no_previous_year
seoul_survey,2022,,seoul_2022,seoul,60plus,no_support_emotion,0.24218131184737512,proportion,13717,13717,3377.0,9008,2757.6154537791926,available,"{""definition"": ""No helper in this situation; general-no branch inferred for the three specific support items."", ""notes"": [], ""weight"": ""wtb1"", ""uncertainty"": ""Effective n reflects weight dispersion only. Household clustering/strata are not corrected. No significance or confidence claim."", ""structural_no_support_counts"": {""sick"": 2218, ""money"": 2218, ""emotion"": 2218}}",,,no_previous_year
seoul_survey,2022,,seoul_2022,seoul,60plus,no_support_all3,0.16508174886103352,proportion,13717,13717,2263.0,9008,2757.6154537791926,available,"{""definition"": ""No helper for all three situations (illness, money, emotional conversation)."", ""notes"": [], ""weight"": ""wtb1"", ""uncertainty"": ""Effective n reflects weight dispersion only. Household clustering/strata are not corrected. No significance or confidence claim."", ""structural_no_support_counts"": {""sick"": 2218, ""money"": 2218, ""emotion"": 2218}}",,,no_previous_year
seoul_survey,2022,,seoul_2022,seoul,60plus,loneliness_family_mean10,4.657737965362307,score_0_10,13717,13717,,9008,2757.6154537791926,available,"{""definition"": ""Weighted mean of source five-category loneliness item, rescaled (x-1)/4*10."", ""notes"": [], ""weight"": ""wtb1"", ""uncertainty"": ""Effective n reflects weight dispersion only. Household clustering/strata are not corrected. No significance or confidence claim."", ""structural_no_support_counts"": {""sick"": 2218, ""money"": 2218, ""emotion"": 2218}}",,,no_previous_year
seoul_survey,2022,,seoul_2022,seoul,60plus,loneliness_family_agree,0.30146348233876946,proportion,13717,13717,3611.0,9008,2757.6154537791926,available,"{""definition"": ""Responses 4 or 5 to the specific loneliness item."", ""notes"": [], ""weight"": ""wtb1"", ""uncertainty"": ""Effective n reflects weight dispersion only. Household clustering/strata are not corrected. No significance or confidence claim."", ""structural_no_support_counts"": {""sick"": 2218, ""money"": 2218, ""emotion"": 2218}}",,,no_previous_year
seoul_survey,2022,,seoul_2022,seoul,60plus,loneliness_outside_mean10,4.611408342352194,score_0_10,13717,13717,,9008,2757.6154537791926,available,"{""definition"": ""Weighted mean of source five-category loneliness item, rescaled (x-1)/4*10."", ""notes"": [], ""weight"": ""wtb1"", ""uncertainty"": ""Effective n reflects weight dispersion only. Household clustering/strata are not corrected. No significance or confidence claim."", ""structural_no_support_counts"": {""sick"": 2218, ""money"": 2218, ""emotion"": 2218}}",,,no_previous_year
seoul_survey,2022,,seoul_2022,seoul,60plus,loneliness_outside_agree,0.2624549702387626,proportion,13717,13717,3361.0,9008,2757.6154537791926,available,"{""definition"": ""Responses 4 or 5 to the specific loneliness item."", ""notes"": [], ""weight"": ""wtb1"", ""uncertainty"": ""Effective n reflects weight dispersion only. Household clustering/strata are not corrected. No significance or confidence claim."", ""structural_no_support_counts"": {""sick"": 2218, ""money"": 2218, ""emotion"": 2218}}",,,no_previous_year
seoul_survey,2022,,seoul_2022,seoul,60plus,no_support3_and_lonely_outside,0.066209690942899,proportion,13717,13717,722.0,9008,2757.6154537791926,available,"{""definition"": ""Intersection of no helper in all three situations and outside-family loneliness response 4/5. Not an isolation diagnosis."", ""notes"": [], ""weight"": ""wtb1"", ""uncertainty"": ""Effective n reflects weight dispersion only. Household clustering/strata are not corrected. No significance or confidence claim."", ""structural_no_support_counts"": {""sick"": 2218, ""money"": 2218, ""emotion"": 2218}}",,,no_previous_year
seoul_survey,2023,,seoul_2023,gangnam,all15plus,no_support_parent,0.14079572673839802,proportion,1720,1720,251.0,925,769.3376189419167,available,"{""definition"": ""No helper in this situation; general-no branch inferred for the three specific support items."", ""notes"": [], ""weight"": ""wtb1"", ""uncertainty"": ""Effective n reflects weight dispersion only. Household clustering/strata are not corrected. No significance or confidence claim."", ""structural_no_support_counts"": {""sick"": 251, ""money"": 251, ""emotion"": 251}}",0.09571557857900125,0.045080148159396774,descriptive_only_not_significance
seoul_survey,2023,,seoul_2023,gangnam,all15plus,no_support_sick,0.16070035119785672,proportion,1720,1720,274.0,925,769.3376189419167,available,"{""definition"": ""No helper in this situation; general-no branch inferred for the three specific support items."", ""notes"": [], ""weight"": ""wtb1"", ""uncertainty"": ""Effective n reflects weight dispersion only. Household clustering/strata are not corrected. No significance or confidence claim."", ""structural_no_support_counts"": {""sick"": 251, ""money"": 251, ""emotion"": 251}}",0.11159341883870631,0.04910693235915041,descriptive_only_not_significance
seoul_survey,2023,,seoul_2023,gangnam,all15plus,no_support_money,0.2509938553865553,proportion,1720,1720,451.0,925,769.3376189419167,available,"{""definition"": ""No helper in this situation; general-no branch inferred for the three specific support items."", ""notes"": [], ""weight"": ""wtb1"", ""uncertainty"": ""Effective n reflects weight dispersion only. Household clustering/strata are not corrected. No significance or confidence claim."", ""structural_no_support_counts"": {""sick"": 251, ""money"": 251, ""emotion"": 251}}",0.2667486415850997,-0.015754786198544424,descriptive_only_not_significance
seoul_survey,2023,,seoul_2023,gangnam,all15plus,no_support_emotion,0.2024239451778973,proportion,1720,1720,371.0,925,769.3376189419167,available,"{""definition"": ""No helper in this situation; general-no branch inferred for the three specific support items."", ""notes"": [], ""weight"": ""wtb1"", ""uncertainty"": ""Effective n reflects weight dispersion only. Household clustering/strata are not corrected. No significance or confidence claim."", ""structural_no_support_counts"": {""sick"": 251, ""money"": 251, ""emotion"": 251}}",0.16006654447507718,0.042357400702820125,descriptive_only_not_significance
seoul_survey,2023,,seoul_2023,gangnam,all15plus,no_support_all3,0.1417833127777341,proportion,1720,1720,252.0,925,769.3376189419167,available,"{""definition"": ""No helper for all three situations (illness, money, emotional conversation)."", ""notes"": [], ""weight"": ""wtb1"", ""uncertainty"": ""Effective n reflects weight dispersion only. Household clustering/strata are not corrected. No significance or confidence claim."", ""structural_no_support_counts"": {""sick"": 251, ""money"": 251, ""emotion"": 251}}",0.09689951178035709,0.044883800997377,descriptive_only_not_significance
seoul_survey,2023,,seoul_2023,gangnam,all15plus,loneliness_family_mean10,4.476377866954326,score_0_10,1720,1720,,925,769.3376189419167,available,"{""definition"": ""Weighted mean of source five-category loneliness item, rescaled (x-1)/4*10."", ""notes"": [], ""weight"": ""wtb1"", ""uncertainty"": ""Effective n reflects weight dispersion only. Household clustering/strata are not corrected. No significance or confidence claim."", ""structural_no_support_counts"": {""sick"": 251, ""money"": 251, ""emotion"": 251}}",3.8817717669227854,0.594606100031541,descriptive_only_not_significance
seoul_survey,2023,,seoul_2023,gangnam,all15plus,loneliness_family_agree,0.28044206422261037,proportion,1720,1720,380.0,925,769.3376189419167,available,"{""definition"": ""Responses 4 or 5 to the specific loneliness item."", ""notes"": [], ""weight"": ""wtb1"", ""uncertainty"": ""Effective n reflects weight dispersion only. Household clustering/strata are not corrected. No significance or confidence claim."", ""structural_no_support_counts"": {""sick"": 251, ""money"": 251, ""emotion"": 251}}",0.2820226800569655,-0.001580615834355148,descriptive_only_not_significance
seoul_survey,2023,,seoul_2023,gangnam,all15plus,loneliness_outside_mean10,4.648634915160794,score_0_10,1720,1720,,925,769.3376189419167,available,"{""definition"": ""Weighted mean of source five-category loneliness item, rescaled (x-1)/4*10."", ""notes"": [], ""weight"": ""wtb1"", ""uncertainty"": ""Effective n reflects weight dispersion only. Household clustering/strata are not corrected. No significance or confidence claim."", ""structural_no_support_counts"": {""sick"": 251, ""money"": 251, ""emotion"": 251}}",3.8746066909803583,0.7740282241804355,descriptive_only_not_significance
seoul_survey,2023,,seoul_2023,gangnam,all15plus,loneliness_outside_agree,0.268193855287006,proportion,1720,1720,412.0,925,769.3376189419167,available,"{""definition"": ""Responses 4 or 5 to the specific loneliness item."", ""notes"": [], ""weight"": ""wtb1"", ""uncertainty"": ""Effective n reflects weight dispersion only. Household clustering/strata are not corrected. No significance or confidence claim."", ""structural_no_support_counts"": {""sick"": 251, ""money"": 251, ""emotion"": 251}}",0.23083583918414968,0.03735801610285633,descriptive_only_not_significance
seoul_survey,2023,,seoul_2023,gangnam,all15plus,no_support3_and_lonely_outside,0.02733831864103209,proportion,1720,1720,32.0,925,769.3376189419167,available,"{""definition"": ""Intersection of no helper in all three situations and outside-family loneliness response 4/5. Not an isolation diagnosis."", ""notes"": [], ""weight"": ""wtb1"", ""uncertainty"": ""Effective n reflects weight dispersion only. Household clustering/strata are not corrected. No significance or confidence claim."", ""structural_no_support_counts"": {""sick"": 251, ""money"": 251, ""emotion"": 251}}",0.05531100992048372,-0.02797269127945163,descriptive_only_not_significance
seoul_survey,2023,,seoul_2023,gangnam,20s,no_support_parent,0.12764504244825484,proportion,87,87,13.0,76,40.904855662081914,available,"{""definition"": ""No helper in this situation; general-no branch inferred for the three specific support items."", ""notes"": [], ""weight"": ""wtb1"", ""uncertainty"": ""Effective n reflects weight dispersion only. Household clustering/strata are not corrected. No significance or confidence claim."", ""structural_no_support_counts"": {""sick"": 13, ""money"": 13, ""emotion"": 13}}",0.044610594552268554,0.08303444789598628,descriptive_only_not_significance
seoul_survey,2023,,seoul_2023,gangnam,20s,no_support_sick,0.17954301381021928,proportion,87,87,16.0,76,40.904855662081914,available,"{""definition"": ""No helper in this situation; general-no branch inferred for the three specific support items."", ""notes"": [], ""weight"": ""wtb1"", ""uncertainty"": ""Effective n reflects weight dispersion only. Household clustering/strata are not corrected. No significance or confidence claim."", ""structural_no_support_counts"": {""sick"": 13, ""money"": 13, ""emotion"": 13}}",0.08378868942624443,0.09575432438397485,descriptive_only_not_significance
seoul_survey,2023,,seoul_2023,gangnam,20s,no_support_money,0.23468047845712928,proportion,87,87,20.0,76,40.904855662081914,available,"{""definition"": ""No helper in this situation; general-no branch inferred for the three specific support items."", ""notes"": [], ""weight"": ""wtb1"", ""uncertainty"": ""Effective n reflects weight dispersion only. Household clustering/strata are not corrected. No significance or confidence claim."", ""structural_no_support_counts"": {""sick"": 13, ""money"": 13, ""emotion"": 13}}",0.26265821297552155,-0.027977734518392278,descriptive_only_not_significance
seoul_survey,2023,,seoul_2023,gangnam,20s,no_support_emotion,0.14717440578996097,proportion,87,87,18.0,76,40.904855662081914,available,"{""definition"": ""No helper in this situation; general-no branch inferred for the three specific support items."", ""notes"": [], ""weight"": ""wtb1"", ""uncertainty"": ""Effective n reflects weight dispersion only. Household clustering/strata are not corrected. No significance or confidence claim."", ""structural_no_support_counts"": {""sick"": 13, ""money"": 13, ""emotion"": 13}}",0.08995684635636705,0.05721755943359391,descriptive_only_not_significance
seoul_survey,2023,,seoul_2023,gangnam,20s,no_support_all3,0.12764504244825484,proportion,87,87,13.0,76,40.904855662081914,available,"{""definition"": ""No helper for all three situations (illness, money, emotional conversation)."", ""notes"": [], ""weight"": ""wtb1"", ""uncertainty"": ""Effective n reflects weight dispersion only. Household clustering/strata are not corrected. No significance or confidence claim."", ""structural_no_support_counts"": {""sick"": 13, ""money"": 13, ""emotion"": 13}}",0.044610594552268554,0.08303444789598628,descriptive_only_not_significance
seoul_survey,2023,,seoul_2023,gangnam,20s,loneliness_family_mean10,4.771228004994563,score_0_10,87,87,,76,40.904855662081914,available,"{""definition"": ""Weighted mean of source five-category loneliness item, rescaled (x-1)/4*10."", ""notes"": [], ""weight"": ""wtb1"", ""uncertainty"": ""Effective n reflects weight dispersion only. Household clustering/strata are not corrected. No significance or confidence claim."", ""structural_no_support_counts"": {""sick"": 13, ""money"": 13, ""emotion"": 13}}",2.8638875989189425,1.9073404060756203,descriptive_only_not_significance
seoul_survey,2023,,seoul_2023,gangnam,20s,loneliness_family_agree,0.304139442111104,proportion,87,87,21.0,76,40.904855662081914,available,"{""definition"": ""Responses 4 or 5 to the specific loneliness item."", ""notes"": [], ""weight"": ""wtb1"", ""uncertainty"": ""Effective n reflects weight dispersion only. Household clustering/strata are not corrected. No significance or confidence claim."", ""structural_no_support_counts"": {""sick"": 13, ""money"": 13, ""emotion"": 13}}",0.16631220141954778,0.13782724069155622,descriptive_only_not_significance
seoul_survey,2023,,seoul_2023,gangnam,20s,loneliness_outside_mean10,4.841970920719522,score_0_10,87,87,,76,40.904855662081914,available,"{""definition"": ""Weighted mean of source five-category loneliness item, rescaled (x-1)/4*10."", ""notes"": [], ""weight"": ""wtb1"", ""uncertainty"": ""Effective n reflects weight dispersion only. Household clustering/strata are not corrected. No significance or confidence claim."", ""structural_no_support_counts"": {""sick"": 13, ""money"": 13, ""emotion"": 13}}",2.92618168737491,1.9157892333446118,descriptive_only_not_significance
seoul_survey,2023,,seoul_2023,gangnam,20s,loneliness_outside_agree,0.3143102674224745,proportion,87,87,22.0,76,40.904855662081914,available,"{""definition"": ""Responses 4 or 5 to the specific loneliness item."", ""notes"": [], ""weight"": ""wtb1"", ""uncertainty"": ""Effective n reflects weight dispersion only. Household clustering/strata are not corrected. No significance or confidence claim."", ""structural_no_support_counts"": {""sick"": 13, ""money"": 13, ""emotion"": 13}}",0.11479552769196075,0.19951473973051373,descriptive_only_not_significance
seoul_survey,2023,,seoul_2023,gangnam,20s,no_support3_and_lonely_outside,0.0,proportion,87,87,0.0,76,40.904855662081914,available,"{""definition"": ""Intersection of no helper in all three situations and outside-family loneliness response 4/5. Not an isolation diagnosis."", ""notes"": [""sparse_response_count""], ""weight"": ""wtb1"", ""uncertainty"": ""Effective n reflects weight dispersion only. Household clustering/strata are not corrected. No significance or confidence claim."", ""structural_no_support_counts"": {""sick"": 13, ""money"": 13, ""emotion"": 13}}",0.017649231177078267,-0.017649231177078267,descriptive_only_not_significance
seoul_survey,2023,,seoul_2023,gangnam,30s,no_support_parent,0.10293475195564493,proportion,333,333,43.0,238,176.51360879844205,available,"{""definition"": ""No helper in this situation; general-no branch inferred for the three specific support items."", ""notes"": [], ""weight"": ""wtb1"", ""uncertainty"": ""Effective n reflects weight dispersion only. Household clustering/strata are not corrected. No significance or confidence claim."", ""structural_no_support_counts"": {""sick"": 43, ""money"": 43, ""emotion"": 43}}",0.12928297856497314,-0.026348226609328215,descriptive_only_not_significance
seoul_survey,2023,,seoul_2023,gangnam,30s,no_support_sick,0.1168253412936261,proportion,333,333,45.0,238,176.51360879844205,available,"{""definition"": ""No helper in this situation; general-no branch inferred for the three specific support items."", ""notes"": [], ""weight"": ""wtb1"", ""uncertainty"": ""Effective n reflects weight dispersion only. Household clustering/strata are not corrected. No significance or confidence claim."", ""structural_no_support_counts"": {""sick"": 43, ""money"": 43, ""emotion"": 43}}",0.14771505915525115,-0.03088971786162506,descriptive_only_not_significance
seoul_survey,2023,,seoul_2023,gangnam,30s,no_support_money,0.26385909711908206,proportion,333,333,88.0,238,176.51360879844205,available,"{""definition"": ""No helper in this situation; general-no branch inferred for the three specific support items."", ""notes"": [], ""weight"": ""wtb1"", ""uncertainty"": ""Effective n reflects weight dispersion only. Household clustering/strata are not corrected. No significance or confidence claim."", ""structural_no_support_counts"": {""sick"": 43, ""money"": 43, ""emotion"": 43}}",0.24334839674752476,0.020510700371557306,descriptive_only_not_significance
seoul_survey,2023,,seoul_2023,gangnam,30s,no_support_emotion,0.15805495071666786,proportion,333,333,64.0,238,176.51360879844205,available,"{""definition"": ""No helper in this situation; general-no branch inferred for the three specific support items."", ""notes"": [], ""weight"": ""wtb1"", ""uncertainty"": ""Effective n reflects weight dispersion only. Household clustering/strata are not corrected. No significance or confidence claim."", ""structural_no_support_counts"": {""sick"": 43, ""money"": 43, ""emotion"": 43}}",0.15966168734465483,-0.0016067366279869655,descriptive_only_not_significance
seoul_survey,2023,,seoul_2023,gangnam,30s,no_support_all3,0.10293475195564493,proportion,333,333,43.0,238,176.51360879844205,available,"{""definition"": ""No helper for all three situations (illness, money, emotional conversation)."", ""notes"": [], ""weight"": ""wtb1"", ""uncertainty"": ""Effective n reflects weight dispersion only. Household clustering/strata are not corrected. No significance or confidence claim."", ""structural_no_support_counts"": {""sick"": 43, ""money"": 43, ""emotion"": 43}}",0.13203218154189658,-0.029097429586251652,descriptive_only_not_significance
seoul_survey,2023,,seoul_2023,gangnam,30s,loneliness_family_mean10,3.8399812561801854,score_0_10,333,333,,238,176.51360879844205,available,"{""definition"": ""Weighted mean of source five-category loneliness item, rescaled (x-1)/4*10."", ""notes"": [], ""weight"": ""wtb1"", ""uncertainty"": ""Effective n reflects weight dispersion only. Household clustering/strata are not corrected. No significance or confidence claim."", ""structural_no_support_counts"": {""sick"": 43, ""money"": 43, ""emotion"": 43}}",4.687414547595382,-0.8474332914151965,descriptive_only_not_significance
seoul_survey,2023,,seoul_2023,gangnam,30s,loneliness_family_agree,0.24440830942869038,proportion,333,333,69.0,238,176.51360879844205,available,"{""definition"": ""Responses 4 or 5 to the specific loneliness item."", ""notes"": [], ""weight"": ""wtb1"", ""uncertainty"": ""Effective n reflects weight dispersion only. Household clustering/strata are not corrected. No significance or confidence claim."", ""structural_no_support_counts"": {""sick"": 43, ""money"": 43, ""emotion"": 43}}",0.36243529630032695,-0.11802698687163657,descriptive_only_not_significance
seoul_survey,2023,,seoul_2023,gangnam,30s,loneliness_outside_mean10,4.019703602176034,score_0_10,333,333,,238,176.51360879844205,available,"{""definition"": ""Weighted mean of source five-category loneliness item, rescaled (x-1)/4*10."", ""notes"": [], ""weight"": ""wtb1"", ""uncertainty"": ""Effective n reflects weight dispersion only. Household clustering/strata are not corrected. No significance or confidence claim."", ""structural_no_support_counts"": {""sick"": 43, ""money"": 43, ""emotion"": 43}}",4.859422528649333,-0.8397189264732985,descriptive_only_not_significance
seoul_survey,2023,,seoul_2023,gangnam,30s,loneliness_outside_agree,0.22166685650716197,proportion,333,333,75.0,238,176.51360879844205,available,"{""definition"": ""Responses 4 or 5 to the specific loneliness item."", ""notes"": [], ""weight"": ""wtb1"", ""uncertainty"": ""Effective n reflects weight dispersion only. Household clustering/strata are not corrected. No significance or confidence claim."", ""structural_no_support_counts"": {""sick"": 43, ""money"": 43, ""emotion"": 43}}",0.3382887426417966,-0.11662188613463462,descriptive_only_not_significance
seoul_survey,2023,,seoul_2023,gangnam,30s,no_support3_and_lonely_outside,0.0017071917837029054,proportion,333,333,3.0,238,176.51360879844205,available,"{""definition"": ""Intersection of no helper in all three situations and outside-family loneliness response 4/5. Not an isolation diagnosis."", ""notes"": [""sparse_response_count""], ""weight"": ""wtb1"", ""uncertainty"": ""Effective n reflects weight dispersion only. Household clustering/strata are not corrected. No significance or confidence claim."", ""structural_no_support_counts"": {""sick"": 43, ""money"": 43, ""emotion"": 43}}",0.07814603828168233,-0.07643884649797943,descriptive_only_not_significance
seoul_survey,2023,,seoul_2023,gangnam,40s,no_support_parent,0.15746316390647513,proportion,423,423,66.0,281,194.63357031846704,available,"{""definition"": ""No helper in this situation; general-no branch inferred for the three specific support items."", ""notes"": [], ""weight"": ""wtb1"", ""uncertainty"": ""Effective n reflects weight dispersion only. Household clustering/strata are not corrected. No significance or confidence claim."", ""structural_no_support_counts"": {""sick"": 66, ""money"": 66, ""emotion"": 66}}",0.06527500185976529,0.09218816204670985,small_sample_review
seoul_survey,2023,,seoul_2023,gangnam,40s,no_support_sick,0.16306237282879893,proportion,423,423,69.0,281,194.63357031846704,available,"{""definition"": ""No helper in this situation; general-no branch inferred for the three specific support items."", ""notes"": [], ""weight"": ""wtb1"", ""uncertainty"": ""Effective n reflects weight dispersion only. Household clustering/strata are not corrected. No significance or confidence claim."", ""structural_no_support_counts"": {""sick"": 66, ""money"": 66, ""emotion"": 66}}",0.07577727833905178,0.08728509448974715,small_sample_review
seoul_survey,2023,,seoul_2023,gangnam,40s,no_support_money,0.2553643913098421,proportion,423,423,117.0,281,194.63357031846704,available,"{""definition"": ""No helper in this situation; general-no branch inferred for the three specific support items."", ""notes"": [], ""weight"": ""wtb1"", ""uncertainty"": ""Effective n reflects weight dispersion only. Household clustering/strata are not corrected. No significance or confidence claim."", ""structural_no_support_counts"": {""sick"": 66, ""money"": 66, ""emotion"": 66}}",0.17407179108530238,0.08129260022453974,small_sample_review
seoul_survey,2023,,seoul_2023,gangnam,40s,no_support_emotion,0.2095941606655211,proportion,423,423,84.0,281,194.63357031846704,available,"{""definition"": ""No helper in this situation; general-no branch inferred for the three specific support items."", ""notes"": [], ""weight"": ""wtb1"", ""uncertainty"": ""Effective n reflects weight dispersion only. Household clustering/strata are not corrected. No significance or confidence claim."", ""structural_no_support_counts"": {""sick"": 66, ""money"": 66, ""emotion"": 66}}",0.14726893619147458,0.06232522447404654,small_sample_review
seoul_survey,2023,,seoul_2023,gangnam,40s,no_support_all3,0.15746316390647513,proportion,423,423,66.0,281,194.63357031846704,available,"{""definition"": ""No helper for all three situations (illness, money, emotional conversation)."", ""notes"": [], ""weight"": ""wtb1"", ""uncertainty"": ""Effective n reflects weight dispersion only. Household clustering/strata are not corrected. No significance or confidence claim."", ""structural_no_support_counts"": {""sick"": 66, ""money"": 66, ""emotion"": 66}}",0.06668620105341476,0.09077696285306038,small_sample_review
seoul_survey,2023,,seoul_2023,gangnam,40s,loneliness_family_mean10,4.247754493831866,score_0_10,423,423,,281,194.63357031846704,available,"{""definition"": ""Weighted mean of source five-category loneliness item, rescaled (x-1)/4*10."", ""notes"": [], ""weight"": ""wtb1"", ""uncertainty"": ""Effective n reflects weight dispersion only. Household clustering/strata are not corrected. No significance or confidence claim."", ""structural_no_support_counts"": {""sick"": 66, ""money"": 66, ""emotion"": 66}}",2.8375512904592655,1.4102032033726002,small_sample_review
seoul_survey,2023,,seoul_2023,gangnam,40s,loneliness_family_agree,0.22131518877732428,proportion,423,423,66.0,281,194.63357031846704,available,"{""definition"": ""Responses 4 or 5 to the specific loneliness item."", ""notes"": [], ""weight"": ""wtb1"", ""uncertainty"": ""Effective n reflects weight dispersion only. Household clustering/strata are not corrected. No significance or confidence claim."", ""structural_no_support_counts"": {""sick"": 66, ""money"": 66, ""emotion"": 66}}",0.18151779468189633,0.03979739409542796,small_sample_review
seoul_survey,2023,,seoul_2023,gangnam,40s,loneliness_outside_mean10,4.392741648026583,score_0_10,423,423,,281,194.63357031846704,available,"{""definition"": ""Weighted mean of source five-category loneliness item, rescaled (x-1)/4*10."", ""notes"": [], ""weight"": ""wtb1"", ""uncertainty"": ""Effective n reflects weight dispersion only. Household clustering/strata are not corrected. No significance or confidence claim."", ""structural_no_support_counts"": {""sick"": 66, ""money"": 66, ""emotion"": 66}}",2.8903498058723165,1.5023918421542661,small_sample_review
seoul_survey,2023,,seoul_2023,gangnam,40s,loneliness_outside_agree,0.22290737155164492,proportion,423,423,82.0,281,194.63357031846704,available,"{""definition"": ""Responses 4 or 5 to the specific loneliness item."", ""notes"": [], ""weight"": ""wtb1"", ""uncertainty"": ""Effective n reflects weight dispersion only. Household clustering/strata are not corrected. No significance or confidence claim."", ""structural_no_support_counts"": {""sick"": 66, ""money"": 66, ""emotion"": 66}}",0.15702735649368202,0.0658800150579629,small_sample_review
seoul_survey,2023,,seoul_2023,gangnam,40s,no_support3_and_lonely_outside,0.015575422322242646,proportion,423,423,5.0,281,194.63357031846704,available,"{""definition"": ""Intersection of no helper in all three situations and outside-family loneliness response 4/5. Not an isolation diagnosis."", ""notes"": [], ""weight"": ""wtb1"", ""uncertainty"": ""Effective n reflects weight dispersion only. Household clustering/strata are not corrected. No significance or confidence claim."", ""structural_no_support_counts"": {""sick"": 66, ""money"": 66, ""emotion"": 66}}",0.04301030090144855,-0.0274348785792059,small_sample_review
seoul_survey,2023,,seoul_2023,gangnam,50s,no_support_parent,0.10293848335278089,proportion,337,337,38.0,236,179.8618968517051,available,"{""definition"": ""No helper in this situation; general-no branch inferred for the three specific support items."", ""notes"": [], ""weight"": ""wtb1"", ""uncertainty"": ""Effective n reflects weight dispersion only. Household clustering/strata are not corrected. No significance or confidence claim."", ""structural_no_support_counts"": {""sick"": 38, ""money"": 38, ""emotion"": 38}}",0.08934205094379162,0.013596432408989265,descriptive_only_not_significance
seoul_survey,2023,,seoul_2023,gangnam,50s,no_support_sick,0.13576959277150943,proportion,337,337,43.0,236,179.8618968517051,available,"{""definition"": ""No helper in this situation; general-no branch inferred for the three specific support items."", ""notes"": [], ""weight"": ""wtb1"", ""uncertainty"": ""Effective n reflects weight dispersion only. Household clustering/strata are not corrected. No significance or confidence claim."", ""structural_no_support_counts"": {""sick"": 38, ""money"": 38, ""emotion"": 38}}",0.10333370721573937,0.032435885555770066,descriptive_only_not_significance
seoul_survey,2023,,seoul_2023,gangnam,50s,no_support_money,0.203415133589175,proportion,337,337,78.0,236,179.8618968517051,available,"{""definition"": ""No helper in this situation; general-no branch inferred for the three specific support items."", ""notes"": [], ""weight"": ""wtb1"", ""uncertainty"": ""Effective n reflects weight dispersion only. Household clustering/strata are not corrected. No significance or confidence claim."", ""structural_no_support_counts"": {""sick"": 38, ""money"": 38, ""emotion"": 38}}",0.30265612213454995,-0.09924098854537494,descriptive_only_not_significance
seoul_survey,2023,,seoul_2023,gangnam,50s,no_support_emotion,0.1832501902758241,proportion,337,337,71.0,236,179.8618968517051,available,"{""definition"": ""No helper in this situation; general-no branch inferred for the three specific support items."", ""notes"": [], ""weight"": ""wtb1"", ""uncertainty"": ""Effective n reflects weight dispersion only. Household clustering/strata are not corrected. No significance or confidence claim."", ""structural_no_support_counts"": {""sick"": 38, ""money"": 38, ""emotion"": 38}}",0.1695968211594728,0.013653369116351288,descriptive_only_not_significance
seoul_survey,2023,,seoul_2023,gangnam,50s,no_support_all3,0.10819572375241608,proportion,337,337,39.0,236,179.8618968517051,available,"{""definition"": ""No helper for all three situations (illness, money, emotional conversation)."", ""notes"": [], ""weight"": ""wtb1"", ""uncertainty"": ""Effective n reflects weight dispersion only. Household clustering/strata are not corrected. No significance or confidence claim."", ""structural_no_support_counts"": {""sick"": 38, ""money"": 38, ""emotion"": 38}}",0.09021190765377383,0.017983816098642247,descriptive_only_not_significance
seoul_survey,2023,,seoul_2023,gangnam,50s,loneliness_family_mean10,4.6206436524455645,score_0_10,337,337,,236,179.8618968517051,available,"{""definition"": ""Weighted mean of source five-category loneliness item, rescaled (x-1)/4*10."", ""notes"": [], ""weight"": ""wtb1"", ""uncertainty"": ""Effective n reflects weight dispersion only. Household clustering/strata are not corrected. No significance or confidence claim."", ""structural_no_support_counts"": {""sick"": 38, ""money"": 38, ""emotion"": 38}}",4.040673220871293,0.5799704315742717,descriptive_only_not_significance
seoul_survey,2023,,seoul_2023,gangnam,50s,loneliness_family_agree,0.2711785901107974,proportion,337,337,77.0,236,179.8618968517051,available,"{""definition"": ""Responses 4 or 5 to the specific loneliness item."", ""notes"": [], ""weight"": ""wtb1"", ""uncertainty"": ""Effective n reflects weight dispersion only. Household clustering/strata are not corrected. No significance or confidence claim."", ""structural_no_support_counts"": {""sick"": 38, ""money"": 38, ""emotion"": 38}}",0.279664799081522,-0.008486208970724551,descriptive_only_not_significance
seoul_survey,2023,,seoul_2023,gangnam,50s,loneliness_outside_mean10,4.795063321715306,score_0_10,337,337,,236,179.8618968517051,available,"{""definition"": ""Weighted mean of source five-category loneliness item, rescaled (x-1)/4*10."", ""notes"": [], ""weight"": ""wtb1"", ""uncertainty"": ""Effective n reflects weight dispersion only. Household clustering/strata are not corrected. No significance or confidence claim."", ""structural_no_support_counts"": {""sick"": 38, ""money"": 38, ""emotion"": 38}}",3.941787826049575,0.8532754956657307,descriptive_only_not_significance
seoul_survey,2023,,seoul_2023,gangnam,50s,loneliness_outside_agree,0.2414157378147979,proportion,337,337,85.0,236,179.8618968517051,available,"{""definition"": ""Responses 4 or 5 to the specific loneliness item."", ""notes"": [], ""weight"": ""wtb1"", ""uncertainty"": ""Effective n reflects weight dispersion only. Household clustering/strata are not corrected. No significance or confidence claim."", ""structural_no_support_counts"": {""sick"": 38, ""money"": 38, ""emotion"": 38}}",0.20500363358155324,0.036412104233244647,descriptive_only_not_significance
seoul_survey,2023,,seoul_2023,gangnam,50s,no_support3_and_lonely_outside,0.009958009604617266,proportion,337,337,5.0,236,179.8618968517051,available,"{""definition"": ""Intersection of no helper in all three situations and outside-family loneliness response 4/5. Not an isolation diagnosis."", ""notes"": [], ""weight"": ""wtb1"", ""uncertainty"": ""Effective n reflects weight dispersion only. Household clustering/strata are not corrected. No significance or confidence claim."", ""structural_no_support_counts"": {""sick"": 38, ""money"": 38, ""emotion"": 38}}",0.043055816958184605,-0.033097807353567335,descriptive_only_not_significance
seoul_survey,2023,,seoul_2023,gangnam,60plus,no_support_parent,0.15889353348438925,proportion,467,467,71.0,312,261.5964751236511,available,"{""definition"": ""No helper in this situation; general-no branch inferred for the three specific support items."", ""notes"": [], ""weight"": ""wtb1"", ""uncertainty"": ""Effective n reflects weight dispersion only. Household clustering/strata are not corrected. No significance or confidence claim."", ""structural_no_support_counts"": {""sick"": 71, ""money"": 71, ""emotion"": 71}}",0.14620209041003115,0.0126914430743581,descriptive_only_not_significance
seoul_survey,2023,,seoul_2023,gangnam,60plus,no_support_sick,0.1772589456228055,proportion,467,467,80.0,312,261.5964751236511,available,"{""definition"": ""No helper in this situation; general-no branch inferred for the three specific support items."", ""notes"": [], ""weight"": ""wtb1"", ""uncertainty"": ""Effective n reflects weight dispersion only. Household clustering/strata are not corrected. No significance or confidence claim."", ""structural_no_support_counts"": {""sick"": 71, ""money"": 71, ""emotion"": 71}}",0.1562712272464146,0.020987718376390907,descriptive_only_not_significance
seoul_survey,2023,,seoul_2023,gangnam,60plus,no_support_money,0.2743938506819263,proportion,467,467,123.0,312,261.5964751236511,available,"{""definition"": ""No helper in this situation; general-no branch inferred for the three specific support items."", ""notes"": [], ""weight"": ""wtb1"", ""uncertainty"": ""Effective n reflects weight dispersion only. Household clustering/strata are not corrected. No significance or confidence claim."", ""structural_no_support_counts"": {""sick"": 71, ""money"": 71, ""emotion"": 71}}",0.34793101042122293,-0.07353715973929664,descriptive_only_not_significance
seoul_survey,2023,,seoul_2023,gangnam,60plus,no_support_emotion,0.2577230731746617,proportion,467,467,114.0,312,261.5964751236511,available,"{""definition"": ""No helper in this situation; general-no branch inferred for the three specific support items."", ""notes"": [], ""weight"": ""wtb1"", ""uncertainty"": ""Effective n reflects weight dispersion only. Household clustering/strata are not corrected. No significance or confidence claim."", ""structural_no_support_counts"": {""sick"": 71, ""money"": 71, ""emotion"": 71}}",0.2273999789229868,0.030323094251674898,descriptive_only_not_significance
seoul_survey,2023,,seoul_2023,gangnam,60plus,no_support_all3,0.15889353348438925,proportion,467,467,71.0,312,261.5964751236511,available,"{""definition"": ""No helper for all three situations (illness, money, emotional conversation)."", ""notes"": [], ""weight"": ""wtb1"", ""uncertainty"": ""Effective n reflects weight dispersion only. Household clustering/strata are not corrected. No significance or confidence claim."", ""structural_no_support_counts"": {""sick"": 71, ""money"": 71, ""emotion"": 71}}",0.14735711552034747,0.011536417964041784,descriptive_only_not_significance
seoul_survey,2023,,seoul_2023,gangnam,60plus,loneliness_family_mean10,5.030539761449743,score_0_10,467,467,,312,261.5964751236511,available,"{""definition"": ""Weighted mean of source five-category loneliness item, rescaled (x-1)/4*10."", ""notes"": [], ""weight"": ""wtb1"", ""uncertainty"": ""Effective n reflects weight dispersion only. Household clustering/strata are not corrected. No significance or confidence claim."", ""structural_no_support_counts"": {""sick"": 71, ""money"": 71, ""emotion"": 71}}",4.864014081161499,0.16652568028824444,descriptive_only_not_significance
seoul_survey,2023,,seoul_2023,gangnam,60plus,loneliness_family_agree,0.35640128635280177,proportion,467,467,137.0,312,261.5964751236511,available,"{""definition"": ""Responses 4 or 5 to the specific loneliness item."", ""notes"": [], ""weight"": ""wtb1"", ""uncertainty"": ""Effective n reflects weight dispersion only. Household clustering/strata are not corrected. No significance or confidence claim."", ""structural_no_support_counts"": {""sick"": 71, ""money"": 71, ""emotion"": 71}}",0.40404895890293796,-0.04764767255013619,descriptive_only_not_significance
seoul_survey,2023,,seoul_2023,gangnam,60plus,loneliness_outside_mean10,5.257069948840452,score_0_10,467,467,,312,261.5964751236511,available,"{""definition"": ""Weighted mean of source five-category loneliness item, rescaled (x-1)/4*10."", ""notes"": [], ""weight"": ""wtb1"", ""uncertainty"": ""Effective n reflects weight dispersion only. Household clustering/strata are not corrected. No significance or confidence claim."", ""structural_no_support_counts"": {""sick"": 71, ""money"": 71, ""emotion"": 71}}",4.72741284177694,0.5296571070635121,descriptive_only_not_significance
seoul_survey,2023,,seoul_2023,gangnam,60plus,loneliness_outside_agree,0.3531746619783688,proportion,467,467,139.0,312,261.5964751236511,available,"{""definition"": ""Responses 4 or 5 to the specific loneliness item."", ""notes"": [], ""weight"": ""wtb1"", ""uncertainty"": ""Effective n reflects weight dispersion only. Household clustering/strata are not corrected. No significance or confidence claim."", ""structural_no_support_counts"": {""sick"": 71, ""money"": 71, ""emotion"": 71}}",0.3228869064306267,0.0302877555477421,descriptive_only_not_significance
seoul_survey,2023,,seoul_2023,gangnam,60plus,no_support3_and_lonely_outside,0.06685304802423658,proportion,467,467,16.0,312,261.5964751236511,available,"{""definition"": ""Intersection of no helper in all three situations and outside-family loneliness response 4/5. Not an isolation diagnosis."", ""notes"": [], ""weight"": ""wtb1"", ""uncertainty"": ""Effective n reflects weight dispersion only. Household clustering/strata are not corrected. No significance or confidence claim."", ""structural_no_support_counts"": {""sick"": 71, ""money"": 71, ""emotion"": 71}}",0.0929041592520949,-0.026051111227858317,descriptive_only_not_significance
seoul_survey,2023,,seoul_2023,seoul,all15plus,no_support_parent,0.15298299358576922,proportion,35881,35881,5780.0,20000,12718.141708799283,available,"{""definition"": ""No helper in this situation; general-no branch inferred for the three specific support items."", ""notes"": [], ""weight"": ""wtb1"", ""uncertainty"": ""Effective n reflects weight dispersion only. Household clustering/strata are not corrected. No significance or confidence claim."", ""structural_no_support_counts"": {""sick"": 5780, ""money"": 5780, ""emotion"": 5780}}",0.12120683750507746,0.03177615608069176,descriptive_only_not_significance
seoul_survey,2023,,seoul_2023,seoul,all15plus,no_support_sick,0.18282994311697387,proportion,35881,35881,6796.0,20000,12718.141708799283,available,"{""definition"": ""No helper in this situation; general-no branch inferred for the three specific support items."", ""notes"": [], ""weight"": ""wtb1"", ""uncertainty"": ""Effective n reflects weight dispersion only. Household clustering/strata are not corrected. No significance or confidence claim."", ""structural_no_support_counts"": {""sick"": 5780, ""money"": 5780, ""emotion"": 5780}}",0.14556417174327246,0.037265771373701406,descriptive_only_not_significance
seoul_survey,2023,,seoul_2023,seoul,all15plus,no_support_money,0.3150028443388457,proportion,35881,35881,11547.0,20000,12718.141708799283,available,"{""definition"": ""No helper in this situation; general-no branch inferred for the three specific support items."", ""notes"": [], ""weight"": ""wtb1"", ""uncertainty"": ""Effective n reflects weight dispersion only. Household clustering/strata are not corrected. No significance or confidence claim."", ""structural_no_support_counts"": {""sick"": 5780, ""money"": 5780, ""emotion"": 5780}}",0.32473819043347263,-0.009735346094626951,descriptive_only_not_significance
seoul_survey,2023,,seoul_2023,seoul,all15plus,no_support_emotion,0.2152140658095778,proportion,35881,35881,8075.0,20000,12718.141708799283,available,"{""definition"": ""No helper in this situation; general-no branch inferred for the three specific support items."", ""notes"": [], ""weight"": ""wtb1"", ""uncertainty"": ""Effective n reflects weight dispersion only. Household clustering/strata are not corrected. No significance or confidence claim."", ""structural_no_support_counts"": {""sick"": 5780, ""money"": 5780, ""emotion"": 5780}}",0.1878881576594321,0.02732590815014571,descriptive_only_not_significance
seoul_survey,2023,,seoul_2023,seoul,all15plus,no_support_all3,0.1611577432469684,proportion,35881,35881,6067.0,20000,12718.141708799283,available,"{""definition"": ""No helper for all three situations (illness, money, emotional conversation)."", ""notes"": [], ""weight"": ""wtb1"", ""uncertainty"": ""Effective n reflects weight dispersion only. Household clustering/strata are not corrected. No significance or confidence claim."", ""structural_no_support_counts"": {""sick"": 5780, ""money"": 5780, ""emotion"": 5780}}",0.12335738654200622,0.03780035670496219,descriptive_only_not_significance
seoul_survey,2023,,seoul_2023,seoul,all15plus,loneliness_family_mean10,4.477495071590976,score_0_10,35881,35881,,20000,12718.141708799283,available,"{""definition"": ""Weighted mean of source five-category loneliness item, rescaled (x-1)/4*10."", ""notes"": [], ""weight"": ""wtb1"", ""uncertainty"": ""Effective n reflects weight dispersion only. Household clustering/strata are not corrected. No significance or confidence claim."", ""structural_no_support_counts"": {""sick"": 5780, ""money"": 5780, ""emotion"": 5780}}",4.088359474983189,0.38913559660778674,descriptive_only_not_significance
seoul_survey,2023,,seoul_2023,seoul,all15plus,loneliness_family_agree,0.26196210076776655,proportion,35881,35881,8912.0,20000,12718.141708799283,available,"{""definition"": ""Responses 4 or 5 to the specific loneliness item."", ""notes"": [], ""weight"": ""wtb1"", ""uncertainty"": ""Effective n reflects weight dispersion only. Household clustering/strata are not corrected. No significance or confidence claim."", ""structural_no_support_counts"": {""sick"": 5780, ""money"": 5780, ""emotion"": 5780}}",0.22622652891685077,0.035735571850915776,descriptive_only_not_significance
seoul_survey,2023,,seoul_2023,seoul,all15plus,loneliness_outside_mean10,4.3948714827572095,score_0_10,35881,35881,,20000,12718.141708799283,available,"{""definition"": ""Weighted mean of source five-category loneliness item, rescaled (x-1)/4*10."", ""notes"": [], ""weight"": ""wtb1"", ""uncertainty"": ""Effective n reflects weight dispersion only. Household clustering/strata are not corrected. No significance or confidence claim."", ""structural_no_support_counts"": {""sick"": 5780, ""money"": 5780, ""emotion"": 5780}}",4.046439050338418,0.3484324324187913,descriptive_only_not_significance
seoul_survey,2023,,seoul_2023,seoul,all15plus,loneliness_outside_agree,0.2248031536969032,proportion,35881,35881,7981.0,20000,12718.141708799283,available,"{""definition"": ""Responses 4 or 5 to the specific loneliness item."", ""notes"": [], ""weight"": ""wtb1"", ""uncertainty"": ""Effective n reflects weight dispersion only. Household clustering/strata are not corrected. No significance or confidence claim."", ""structural_no_support_counts"": {""sick"": 5780, ""money"": 5780, ""emotion"": 5780}}",0.19203698967096303,0.03276616402594018,descriptive_only_not_significance
seoul_survey,2023,,seoul_2023,seoul,all15plus,no_support3_and_lonely_outside,0.04184327573070008,proportion,35881,35881,1512.0,20000,12718.141708799283,available,"{""definition"": ""Intersection of no helper in all three situations and outside-family loneliness response 4/5. Not an isolation diagnosis."", ""notes"": [], ""weight"": ""wtb1"", ""uncertainty"": ""Effective n reflects weight dispersion only. Household clustering/strata are not corrected. No significance or confidence claim."", ""structural_no_support_counts"": {""sick"": 5780, ""money"": 5780, ""emotion"": 5780}}",0.03717520721375677,0.004668068516943312,descriptive_only_not_significance
seoul_survey,2023,,seoul_2023,seoul,20s,no_support_parent,0.1113973086469523,proportion,2218,2218,292.0,1983,880.95662485967,available,"{""definition"": ""No helper in this situation; general-no branch inferred for the three specific support items."", ""notes"": [], ""weight"": ""wtb1"", ""uncertainty"": ""Effective n reflects weight dispersion only. Household clustering/strata are not corrected. No significance or confidence claim."", ""structural_no_support_counts"": {""sick"": 292, ""money"": 292, ""emotion"": 292}}",0.09487963191809805,0.01651767672885425,descriptive_only_not_significance
seoul_survey,2023,,seoul_2023,seoul,20s,no_support_sick,0.140165858682393,proportion,2218,2218,348.0,1983,880.95662485967,available,"{""definition"": ""No helper in this situation; general-no branch inferred for the three specific support items."", ""notes"": [], ""weight"": ""wtb1"", ""uncertainty"": ""Effective n reflects weight dispersion only. Household clustering/strata are not corrected. No significance or confidence claim."", ""structural_no_support_counts"": {""sick"": 292, ""money"": 292, ""emotion"": 292}}",0.11654229185926653,0.023623566823126482,descriptive_only_not_significance
seoul_survey,2023,,seoul_2023,seoul,20s,no_support_money,0.23358607483854266,proportion,2218,2218,537.0,1983,880.95662485967,available,"{""definition"": ""No helper in this situation; general-no branch inferred for the three specific support items."", ""notes"": [], ""weight"": ""wtb1"", ""uncertainty"": ""Effective n reflects weight dispersion only. Household clustering/strata are not corrected. No significance or confidence claim."", ""structural_no_support_counts"": {""sick"": 292, ""money"": 292, ""emotion"": 292}}",0.30813369244292216,-0.0745476176043795,descriptive_only_not_significance
seoul_survey,2023,,seoul_2023,seoul,20s,no_support_emotion,0.16212021798307444,proportion,2218,2218,397.0,1983,880.95662485967,available,"{""definition"": ""No helper in this situation; general-no branch inferred for the three specific support items."", ""notes"": [], ""weight"": ""wtb1"", ""uncertainty"": ""Effective n reflects weight dispersion only. Household clustering/strata are not corrected. No significance or confidence claim."", ""structural_no_support_counts"": {""sick"": 292, ""money"": 292, ""emotion"": 292}}",0.1621640803914107,-4.386240833625932e-05,descriptive_only_not_significance
seoul_survey,2023,,seoul_2023,seoul,20s,no_support_all3,0.11912848070933367,proportion,2218,2218,308.0,1983,880.95662485967,available,"{""definition"": ""No helper for all three situations (illness, money, emotional conversation)."", ""notes"": [], ""weight"": ""wtb1"", ""uncertainty"": ""Effective n reflects weight dispersion only. Household clustering/strata are not corrected. No significance or confidence claim."", ""structural_no_support_counts"": {""sick"": 292, ""money"": 292, ""emotion"": 292}}",0.09514483748156843,0.023983643227765236,descriptive_only_not_significance
seoul_survey,2023,,seoul_2023,seoul,20s,loneliness_family_mean10,3.9335853861859293,score_0_10,2218,2218,,1983,880.95662485967,available,"{""definition"": ""Weighted mean of source five-category loneliness item, rescaled (x-1)/4*10."", ""notes"": [], ""weight"": ""wtb1"", ""uncertainty"": ""Effective n reflects weight dispersion only. Household clustering/strata are not corrected. No significance or confidence claim."", ""structural_no_support_counts"": {""sick"": 292, ""money"": 292, ""emotion"": 292}}",3.5954061691316768,0.3381792170542526,descriptive_only_not_significance
seoul_survey,2023,,seoul_2023,seoul,20s,loneliness_family_agree,0.2138644018179225,proportion,2218,2218,448.0,1983,880.95662485967,available,"{""definition"": ""Responses 4 or 5 to the specific loneliness item."", ""notes"": [], ""weight"": ""wtb1"", ""uncertainty"": ""Effective n reflects weight dispersion only. Household clustering/strata are not corrected. No significance or confidence claim."", ""structural_no_support_counts"": {""sick"": 292, ""money"": 292, ""emotion"": 292}}",0.16523019775509393,0.04863420406282856,descriptive_only_not_significance
seoul_survey,2023,,seoul_2023,seoul,20s,loneliness_outside_mean10,3.952428811876634,score_0_10,2218,2218,,1983,880.95662485967,available,"{""definition"": ""Weighted mean of source five-category loneliness item, rescaled (x-1)/4*10."", ""notes"": [], ""weight"": ""wtb1"", ""uncertainty"": ""Effective n reflects weight dispersion only. Household clustering/strata are not corrected. No significance or confidence claim."", ""structural_no_support_counts"": {""sick"": 292, ""money"": 292, ""emotion"": 292}}",3.5768578070531345,0.3755710048234997,descriptive_only_not_significance
seoul_survey,2023,,seoul_2023,seoul,20s,loneliness_outside_agree,0.1952580774243435,proportion,2218,2218,417.0,1983,880.95662485967,available,"{""definition"": ""Responses 4 or 5 to the specific loneliness item."", ""notes"": [], ""weight"": ""wtb1"", ""uncertainty"": ""Effective n reflects weight dispersion only. Household clustering/strata are not corrected. No significance or confidence claim."", ""structural_no_support_counts"": {""sick"": 292, ""money"": 292, ""emotion"": 292}}",0.13421885369249645,0.06103922373184706,descriptive_only_not_significance
seoul_survey,2023,,seoul_2023,seoul,20s,no_support3_and_lonely_outside,0.031174203516369237,proportion,2218,2218,78.0,1983,880.95662485967,available,"{""definition"": ""Intersection of no helper in all three situations and outside-family loneliness response 4/5. Not an isolation diagnosis."", ""notes"": [], ""weight"": ""wtb1"", ""uncertainty"": ""Effective n reflects weight dispersion only. Household clustering/strata are not corrected. No significance or confidence claim."", ""structural_no_support_counts"": {""sick"": 292, ""money"": 292, ""emotion"": 292}}",0.017471232380149162,0.013702971136220075,descriptive_only_not_significance
seoul_survey,2023,,seoul_2023,seoul,30s,no_support_parent,0.11782371879589856,proportion,6996,6996,813.0,5033,3145.647701932642,available,"{""definition"": ""No helper in this situation; general-no branch inferred for the three specific support items."", ""notes"": [], ""weight"": ""wtb1"", ""uncertainty"": ""Effective n reflects weight dispersion only. Household clustering/strata are not corrected. No significance or confidence claim."", ""structural_no_support_counts"": {""sick"": 813, ""money"": 813, ""emotion"": 813}}",0.105810478259428,0.012013240536470557,descriptive_only_not_significance
seoul_survey,2023,,seoul_2023,seoul,30s,no_support_sick,0.14612908281295936,proportion,6996,6996,988.0,5033,3145.647701932642,available,"{""definition"": ""No helper in this situation; general-no branch inferred for the three specific support items."", ""notes"": [], ""weight"": ""wtb1"", ""uncertainty"": ""Effective n reflects weight dispersion only. Household clustering/strata are not corrected. No significance or confidence claim."", ""structural_no_support_counts"": {""sick"": 813, ""money"": 813, ""emotion"": 813}}",0.13533590897023687,0.010793173842722492,descriptive_only_not_significance
seoul_survey,2023,,seoul_2023,seoul,30s,no_support_money,0.2814530620032964,proportion,6996,6996,1837.0,5033,3145.647701932642,available,"{""definition"": ""No helper in this situation; general-no branch inferred for the three specific support items."", ""notes"": [], ""weight"": ""wtb1"", ""uncertainty"": ""Effective n reflects weight dispersion only. Household clustering/strata are not corrected. No significance or confidence claim."", ""structural_no_support_counts"": {""sick"": 813, ""money"": 813, ""emotion"": 813}}",0.26787478023732975,0.013578281765966649,descriptive_only_not_significance
seoul_survey,2023,,seoul_2023,seoul,30s,no_support_emotion,0.16511269121965683,proportion,6996,6996,1192.0,5033,3145.647701932642,available,"{""definition"": ""No helper in this situation; general-no branch inferred for the three specific support items."", ""notes"": [], ""weight"": ""wtb1"", ""uncertainty"": ""Effective n reflects weight dispersion only. Household clustering/strata are not corrected. No significance or confidence claim."", ""structural_no_support_counts"": {""sick"": 813, ""money"": 813, ""emotion"": 813}}",0.16206845013342314,0.00304424108623369,descriptive_only_not_significance
seoul_survey,2023,,seoul_2023,seoul,30s,no_support_all3,0.12485248552128086,proportion,6996,6996,863.0,5033,3145.647701932642,available,"{""definition"": ""No helper for all three situations (illness, money, emotional conversation)."", ""notes"": [], ""weight"": ""wtb1"", ""uncertainty"": ""Effective n reflects weight dispersion only. Household clustering/strata are not corrected. No significance or confidence claim."", ""structural_no_support_counts"": {""sick"": 813, ""money"": 813, ""emotion"": 813}}",0.10656896545209413,0.018283520069186737,descriptive_only_not_significance
seoul_survey,2023,,seoul_2023,seoul,30s,loneliness_family_mean10,4.2726839160634436,score_0_10,6996,6996,,5033,3145.647701932642,available,"{""definition"": ""Weighted mean of source five-category loneliness item, rescaled (x-1)/4*10."", ""notes"": [], ""weight"": ""wtb1"", ""uncertainty"": ""Effective n reflects weight dispersion only. Household clustering/strata are not corrected. No significance or confidence claim."", ""structural_no_support_counts"": {""sick"": 813, ""money"": 813, ""emotion"": 813}}",4.0277362438243705,0.2449476722390731,descriptive_only_not_significance
seoul_survey,2023,,seoul_2023,seoul,30s,loneliness_family_agree,0.24649442879627645,proportion,6996,6996,1582.0,5033,3145.647701932642,available,"{""definition"": ""Responses 4 or 5 to the specific loneliness item."", ""notes"": [], ""weight"": ""wtb1"", ""uncertainty"": ""Effective n reflects weight dispersion only. Household clustering/strata are not corrected. No significance or confidence claim."", ""structural_no_support_counts"": {""sick"": 813, ""money"": 813, ""emotion"": 813}}",0.22105505299329734,0.025439375802979114,descriptive_only_not_significance
seoul_survey,2023,,seoul_2023,seoul,30s,loneliness_outside_mean10,4.268832714753374,score_0_10,6996,6996,,5033,3145.647701932642,available,"{""definition"": ""Weighted mean of source five-category loneliness item, rescaled (x-1)/4*10."", ""notes"": [], ""weight"": ""wtb1"", ""uncertainty"": ""Effective n reflects weight dispersion only. Household clustering/strata are not corrected. No significance or confidence claim."", ""structural_no_support_counts"": {""sick"": 813, ""money"": 813, ""emotion"": 813}}",3.952453007900318,0.3163797068530556,descriptive_only_not_significance
seoul_survey,2023,,seoul_2023,seoul,30s,loneliness_outside_agree,0.21479008052602316,proportion,6996,6996,1429.0,5033,3145.647701932642,available,"{""definition"": ""Responses 4 or 5 to the specific loneliness item."", ""notes"": [], ""weight"": ""wtb1"", ""uncertainty"": ""Effective n reflects weight dispersion only. Household clustering/strata are not corrected. No significance or confidence claim."", ""structural_no_support_counts"": {""sick"": 813, ""money"": 813, ""emotion"": 813}}",0.1916263198715601,0.023163760654463073,descriptive_only_not_significance
seoul_survey,2023,,seoul_2023,seoul,30s,no_support3_and_lonely_outside,0.03332377963016724,proportion,6996,6996,207.0,5033,3145.647701932642,available,"{""definition"": ""Intersection of no helper in all three situations and outside-family loneliness response 4/5. Not an isolation diagnosis."", ""notes"": [], ""weight"": ""wtb1"", ""uncertainty"": ""Effective n reflects weight dispersion only. Household clustering/strata are not corrected. No significance or confidence claim."", ""structural_no_support_counts"": {""sick"": 813, ""money"": 813, ""emotion"": 813}}",0.029652404158555672,0.0036713754716115703,descriptive_only_not_significance
seoul_survey,2023,,seoul_2023,seoul,40s,no_support_parent,0.151164028800409,proportion,6590,6590,1052.0,4444,2535.4400067325814,available,"{""definition"": ""No helper in this situation; general-no branch inferred for the three specific support items."", ""notes"": [], ""weight"": ""wtb1"", ""uncertainty"": ""Effective n reflects weight dispersion only. Household clustering/strata are not corrected. No significance or confidence claim."", ""structural_no_support_counts"": {""sick"": 1052, ""money"": 1052, ""emotion"": 1052}}",0.10314870211748131,0.048015326682927684,descriptive_only_not_significance
seoul_survey,2023,,seoul_2023,seoul,40s,no_support_sick,0.1791041378796374,proportion,6590,6590,1241.0,4444,2535.4400067325814,available,"{""definition"": ""No helper in this situation; general-no branch inferred for the three specific support items."", ""notes"": [], ""weight"": ""wtb1"", ""uncertainty"": ""Effective n reflects weight dispersion only. Household clustering/strata are not corrected. No significance or confidence claim."", ""structural_no_support_counts"": {""sick"": 1052, ""money"": 1052, ""emotion"": 1052}}",0.12554952360641022,0.053554614273227164,descriptive_only_not_significance
seoul_survey,2023,,seoul_2023,seoul,40s,no_support_money,0.2921971418646083,proportion,6590,6590,1916.0,4444,2535.4400067325814,available,"{""definition"": ""No helper in this situation; general-no branch inferred for the three specific support items."", ""notes"": [], ""weight"": ""wtb1"", ""uncertainty"": ""Effective n reflects weight dispersion only. Household clustering/strata are not corrected. No significance or confidence claim."", ""structural_no_support_counts"": {""sick"": 1052, ""money"": 1052, ""emotion"": 1052}}",0.2622000076398015,0.02999713422480682,descriptive_only_not_significance
seoul_survey,2023,,seoul_2023,seoul,40s,no_support_emotion,0.2027760447090862,proportion,6590,6590,1379.0,4444,2535.4400067325814,available,"{""definition"": ""No helper in this situation; general-no branch inferred for the three specific support items."", ""notes"": [], ""weight"": ""wtb1"", ""uncertainty"": ""Effective n reflects weight dispersion only. Household clustering/strata are not corrected. No significance or confidence claim."", ""structural_no_support_counts"": {""sick"": 1052, ""money"": 1052, ""emotion"": 1052}}",0.15742674590063233,0.04534929880845387,descriptive_only_not_significance
seoul_survey,2023,,seoul_2023,seoul,40s,no_support_all3,0.15599948583596226,proportion,6590,6590,1092.0,4444,2535.4400067325814,available,"{""definition"": ""No helper for all three situations (illness, money, emotional conversation)."", ""notes"": [], ""weight"": ""wtb1"", ""uncertainty"": ""Effective n reflects weight dispersion only. Household clustering/strata are not corrected. No significance or confidence claim."", ""structural_no_support_counts"": {""sick"": 1052, ""money"": 1052, ""emotion"": 1052}}",0.1061952061445113,0.04980427969145096,descriptive_only_not_significance
seoul_survey,2023,,seoul_2023,seoul,40s,loneliness_family_mean10,4.380260807854918,score_0_10,6590,6590,,4444,2535.4400067325814,available,"{""definition"": ""Weighted mean of source five-category loneliness item, rescaled (x-1)/4*10."", ""notes"": [], ""weight"": ""wtb1"", ""uncertainty"": ""Effective n reflects weight dispersion only. Household clustering/strata are not corrected. No significance or confidence claim."", ""structural_no_support_counts"": {""sick"": 1052, ""money"": 1052, ""emotion"": 1052}}",3.827380276687423,0.5528805311674949,descriptive_only_not_significance
seoul_survey,2023,,seoul_2023,seoul,40s,loneliness_family_agree,0.2456267903896865,proportion,6590,6590,1445.0,4444,2535.4400067325814,available,"{""definition"": ""Responses 4 or 5 to the specific loneliness item."", ""notes"": [], ""weight"": ""wtb1"", ""uncertainty"": ""Effective n reflects weight dispersion only. Household clustering/strata are not corrected. No significance or confidence claim."", ""structural_no_support_counts"": {""sick"": 1052, ""money"": 1052, ""emotion"": 1052}}",0.19263789121386674,0.052988899175819754,descriptive_only_not_significance
seoul_survey,2023,,seoul_2023,seoul,40s,loneliness_outside_mean10,4.2358198844589605,score_0_10,6590,6590,,4444,2535.4400067325814,available,"{""definition"": ""Weighted mean of source five-category loneliness item, rescaled (x-1)/4*10."", ""notes"": [], ""weight"": ""wtb1"", ""uncertainty"": ""Effective n reflects weight dispersion only. Household clustering/strata are not corrected. No significance or confidence claim."", ""structural_no_support_counts"": {""sick"": 1052, ""money"": 1052, ""emotion"": 1052}}",3.76863726072796,0.4671826237310004,descriptive_only_not_significance
seoul_survey,2023,,seoul_2023,seoul,40s,loneliness_outside_agree,0.19354476165241477,proportion,6590,6590,1274.0,4444,2535.4400067325814,available,"{""definition"": ""Responses 4 or 5 to the specific loneliness item."", ""notes"": [], ""weight"": ""wtb1"", ""uncertainty"": ""Effective n reflects weight dispersion only. Household clustering/strata are not corrected. No significance or confidence claim."", ""structural_no_support_counts"": {""sick"": 1052, ""money"": 1052, ""emotion"": 1052}}",0.15830969924759847,0.0352350624048163,descriptive_only_not_significance
seoul_survey,2023,,seoul_2023,seoul,40s,no_support3_and_lonely_outside,0.026556219742991004,proportion,6590,6590,221.0,4444,2535.4400067325814,available,"{""definition"": ""Intersection of no helper in all three situations and outside-family loneliness response 4/5. Not an isolation diagnosis."", ""notes"": [], ""weight"": ""wtb1"", ""uncertainty"": ""Effective n reflects weight dispersion only. Household clustering/strata are not corrected. No significance or confidence claim."", ""structural_no_support_counts"": {""sick"": 1052, ""money"": 1052, ""emotion"": 1052}}",0.030627702789060105,-0.004071483046069101,descriptive_only_not_significance
seoul_survey,2023,,seoul_2023,seoul,50s,no_support_parent,0.1573357470840189,proportion,6899,6899,1242.0,4830,3130.00581850983,available,"{""definition"": ""No helper in this situation; general-no branch inferred for the three specific support items."", ""notes"": [], ""weight"": ""wtb1"", ""uncertainty"": ""Effective n reflects weight dispersion only. Household clustering/strata are not corrected. No significance or confidence claim."", ""structural_no_support_counts"": {""sick"": 1242, ""money"": 1242, ""emotion"": 1242}}",0.11515755878764462,0.04217818829637428,descriptive_only_not_significance
seoul_survey,2023,,seoul_2023,seoul,50s,no_support_sick,0.1873148670304601,proportion,6899,6899,1429.0,4830,3130.00581850983,available,"{""definition"": ""No helper in this situation; general-no branch inferred for the three specific support items."", ""notes"": [], ""weight"": ""wtb1"", ""uncertainty"": ""Effective n reflects weight dispersion only. Household clustering/strata are not corrected. No significance or confidence claim."", ""structural_no_support_counts"": {""sick"": 1242, ""money"": 1242, ""emotion"": 1242}}",0.13706328606376764,0.050251580966692466,descriptive_only_not_significance
seoul_survey,2023,,seoul_2023,seoul,50s,no_support_money,0.2996849994584089,proportion,6899,6899,2214.0,4830,3130.00581850983,available,"{""definition"": ""No helper in this situation; general-no branch inferred for the three specific support items."", ""notes"": [], ""weight"": ""wtb1"", ""uncertainty"": ""Effective n reflects weight dispersion only. Household clustering/strata are not corrected. No significance or confidence claim."", ""structural_no_support_counts"": {""sick"": 1242, ""money"": 1242, ""emotion"": 1242}}",0.293353099495666,0.00633189996274286,descriptive_only_not_significance
seoul_survey,2023,,seoul_2023,seoul,50s,no_support_emotion,0.2201247022661227,proportion,6899,6899,1708.0,4830,3130.00581850983,available,"{""definition"": ""No helper in this situation; general-no branch inferred for the three specific support items."", ""notes"": [], ""weight"": ""wtb1"", ""uncertainty"": ""Effective n reflects weight dispersion only. Household clustering/strata are not corrected. No significance or confidence claim."", ""structural_no_support_counts"": {""sick"": 1242, ""money"": 1242, ""emotion"": 1242}}",0.18809658705731575,0.03202811520880697,descriptive_only_not_significance
seoul_survey,2023,,seoul_2023,seoul,50s,no_support_all3,0.16606178615345005,proportion,6899,6899,1303.0,4830,3130.00581850983,available,"{""definition"": ""No helper for all three situations (illness, money, emotional conversation)."", ""notes"": [], ""weight"": ""wtb1"", ""uncertainty"": ""Effective n reflects weight dispersion only. Household clustering/strata are not corrected. No significance or confidence claim."", ""structural_no_support_counts"": {""sick"": 1242, ""money"": 1242, ""emotion"": 1242}}",0.11793576389134641,0.048126022262103635,descriptive_only_not_significance
seoul_survey,2023,,seoul_2023,seoul,50s,loneliness_family_mean10,4.481472351360864,score_0_10,6899,6899,,4830,3130.00581850983,available,"{""definition"": ""Weighted mean of source five-category loneliness item, rescaled (x-1)/4*10."", ""notes"": [], ""weight"": ""wtb1"", ""uncertainty"": ""Effective n reflects weight dispersion only. Household clustering/strata are not corrected. No significance or confidence claim."", ""structural_no_support_counts"": {""sick"": 1242, ""money"": 1242, ""emotion"": 1242}}",4.109140517283963,0.37233183407690085,descriptive_only_not_significance
seoul_survey,2023,,seoul_2023,seoul,50s,loneliness_family_agree,0.2365521897338259,proportion,6899,6899,1585.0,4830,3130.00581850983,available,"{""definition"": ""Responses 4 or 5 to the specific loneliness item."", ""notes"": [], ""weight"": ""wtb1"", ""uncertainty"": ""Effective n reflects weight dispersion only. Household clustering/strata are not corrected. No significance or confidence claim."", ""structural_no_support_counts"": {""sick"": 1242, ""money"": 1242, ""emotion"": 1242}}",0.21732348595807313,0.01922870377575278,descriptive_only_not_significance
seoul_survey,2023,,seoul_2023,seoul,50s,loneliness_outside_mean10,4.404757393373185,score_0_10,6899,6899,,4830,3130.00581850983,available,"{""definition"": ""Weighted mean of source five-category loneliness item, rescaled (x-1)/4*10."", ""notes"": [], ""weight"": ""wtb1"", ""uncertainty"": ""Effective n reflects weight dispersion only. Household clustering/strata are not corrected. No significance or confidence claim."", ""structural_no_support_counts"": {""sick"": 1242, ""money"": 1242, ""emotion"": 1242}}",4.084455238678232,0.3203021546949527,descriptive_only_not_significance
seoul_survey,2023,,seoul_2023,seoul,50s,loneliness_outside_agree,0.20518229538799074,proportion,6899,6899,1362.0,4830,3130.00581850983,available,"{""definition"": ""Responses 4 or 5 to the specific loneliness item."", ""notes"": [], ""weight"": ""wtb1"", ""uncertainty"": ""Effective n reflects weight dispersion only. Household clustering/strata are not corrected. No significance or confidence claim."", ""structural_no_support_counts"": {""sick"": 1242, ""money"": 1242, ""emotion"": 1242}}",0.18132857848333064,0.023853716904660094,descriptive_only_not_significance
seoul_survey,2023,,seoul_2023,seoul,50s,no_support3_and_lonely_outside,0.03647299836471853,proportion,6899,6899,296.0,4830,3130.00581850983,available,"{""definition"": ""Intersection of no helper in all three situations and outside-family loneliness response 4/5. Not an isolation diagnosis."", ""notes"": [], ""weight"": ""wtb1"", ""uncertainty"": ""Effective n reflects weight dispersion only. Household clustering/strata are not corrected. No significance or confidence claim."", ""structural_no_support_counts"": {""sick"": 1242, ""money"": 1242, ""emotion"": 1242}}",0.029575777538241036,0.006897220826477497,descriptive_only_not_significance
seoul_survey,2023,,seoul_2023,seoul,60plus,no_support_parent,0.19332373653263107,proportion,12351,12351,2227.0,8385,5238.020995727007,available,"{""definition"": ""No helper in this situation; general-no branch inferred for the three specific support items."", ""notes"": [], ""weight"": ""wtb1"", ""uncertainty"": ""Effective n reflects weight dispersion only. Household clustering/strata are not corrected. No significance or confidence claim."", ""structural_no_support_counts"": {""sick"": 2227, ""money"": 2227, ""emotion"": 2227}}",0.16208896015195162,0.031234776380679452,descriptive_only_not_significance
seoul_survey,2023,,seoul_2023,seoul,60plus,no_support_sick,0.22856549707003848,proportion,12351,12351,2626.0,8385,5238.020995727007,available,"{""definition"": ""No helper in this situation; general-no branch inferred for the three specific support items."", ""notes"": [], ""weight"": ""wtb1"", ""uncertainty"": ""Effective n reflects weight dispersion only. Household clustering/strata are not corrected. No significance or confidence claim."", ""structural_no_support_counts"": {""sick"": 2227, ""money"": 2227, ""emotion"": 2227}}",0.18882228691032743,0.03974321015971105,descriptive_only_not_significance
seoul_survey,2023,,seoul_2023,seoul,60plus,no_support_money,0.40069707005817384,proportion,12351,12351,4772.0,8385,5238.020995727007,available,"{""definition"": ""No helper in this situation; general-no branch inferred for the three specific support items."", ""notes"": [], ""weight"": ""wtb1"", ""uncertainty"": ""Effective n reflects weight dispersion only. Household clustering/strata are not corrected. No significance or confidence claim."", ""structural_no_support_counts"": {""sick"": 2227, ""money"": 2227, ""emotion"": 2227}}",0.42783141848928397,-0.027134348431110122,descriptive_only_not_significance
seoul_survey,2023,,seoul_2023,seoul,60plus,no_support_emotion,0.278268660367072,proportion,12351,12351,3219.0,8385,5238.020995727007,available,"{""definition"": ""No helper in this situation; general-no branch inferred for the three specific support items."", ""notes"": [], ""weight"": ""wtb1"", ""uncertainty"": ""Effective n reflects weight dispersion only. Household clustering/strata are not corrected. No significance or confidence claim."", ""structural_no_support_counts"": {""sick"": 2227, ""money"": 2227, ""emotion"": 2227}}",0.24218131184737512,0.03608734851969686,descriptive_only_not_significance
seoul_survey,2023,,seoul_2023,seoul,60plus,no_support_all3,0.20382058483297444,proportion,12351,12351,2341.0,8385,5238.020995727007,available,"{""definition"": ""No helper for all three situations (illness, money, emotional conversation)."", ""notes"": [], ""weight"": ""wtb1"", ""uncertainty"": ""Effective n reflects weight dispersion only. Household clustering/strata are not corrected. No significance or confidence claim."", ""structural_no_support_counts"": {""sick"": 2227, ""money"": 2227, ""emotion"": 2227}}",0.16508174886103352,0.038738835971940916,descriptive_only_not_significance
seoul_survey,2023,,seoul_2023,seoul,60plus,loneliness_family_mean10,5.0025450109921215,score_0_10,12351,12351,,8385,5238.020995727007,available,"{""definition"": ""Weighted mean of source five-category loneliness item, rescaled (x-1)/4*10."", ""notes"": [], ""weight"": ""wtb1"", ""uncertainty"": ""Effective n reflects weight dispersion only. Household clustering/strata are not corrected. No significance or confidence claim."", ""structural_no_support_counts"": {""sick"": 2227, ""money"": 2227, ""emotion"": 2227}}",4.657737965362307,0.344807045629814,descriptive_only_not_significance
seoul_survey,2023,,seoul_2023,seoul,60plus,loneliness_family_agree,0.33105896794378203,proportion,12351,12351,3702.0,8385,5238.020995727007,available,"{""definition"": ""Responses 4 or 5 to the specific loneliness item."", ""notes"": [], ""weight"": ""wtb1"", ""uncertainty"": ""Effective n reflects weight dispersion only. Household clustering/strata are not corrected. No significance or confidence claim."", ""structural_no_support_counts"": {""sick"": 2227, ""money"": 2227, ""emotion"": 2227}}",0.30146348233876946,0.029595485605012573,descriptive_only_not_significance
seoul_survey,2023,,seoul_2023,seoul,60plus,loneliness_outside_mean10,4.872189475700422,score_0_10,12351,12351,,8385,5238.020995727007,available,"{""definition"": ""Weighted mean of source five-category loneliness item, rescaled (x-1)/4*10."", ""notes"": [], ""weight"": ""wtb1"", ""uncertainty"": ""Effective n reflects weight dispersion only. Household clustering/strata are not corrected. No significance or confidence claim."", ""structural_no_support_counts"": {""sick"": 2227, ""money"": 2227, ""emotion"": 2227}}",4.611408342352194,0.26078113334822817,descriptive_only_not_significance
seoul_survey,2023,,seoul_2023,seoul,60plus,loneliness_outside_agree,0.2874650484100063,proportion,12351,12351,3363.0,8385,5238.020995727007,available,"{""definition"": ""Responses 4 or 5 to the specific loneliness item."", ""notes"": [], ""weight"": ""wtb1"", ""uncertainty"": ""Effective n reflects weight dispersion only. Household clustering/strata are not corrected. No significance or confidence claim."", ""structural_no_support_counts"": {""sick"": 2227, ""money"": 2227, ""emotion"": 2227}}",0.2624549702387626,0.025010078171243733,descriptive_only_not_significance
seoul_survey,2023,,seoul_2023,seoul,60plus,no_support3_and_lonely_outside,0.06550520612383233,proportion,12351,12351,672.0,8385,5238.020995727007,available,"{""definition"": ""Intersection of no helper in all three situations and outside-family loneliness response 4/5. Not an isolation diagnosis."", ""notes"": [], ""weight"": ""wtb1"", ""uncertainty"": ""Effective n reflects weight dispersion only. Household clustering/strata are not corrected. No significance or confidence claim."", ""structural_no_support_counts"": {""sick"": 2227, ""money"": 2227, ""emotion"": 2227}}",0.066209690942899,-0.0007044848190666669,descriptive_only_not_significance
seoul_survey,2024,,seoul_2024,gangnam,all15plus,no_support_parent,0.11286845019803574,proportion,1775,1775,262.0,925,991.1429950343669,available,"{""definition"": ""No helper in this situation; general-no branch inferred for the three specific support items."", ""notes"": [], ""weight"": ""wtb1"", ""uncertainty"": ""Effective n reflects weight dispersion only. Household clustering/strata are not corrected. No significance or confidence claim."", ""structural_no_support_counts"": {""sick"": 262, ""money"": 262, ""emotion"": 262}}",0.14079572673839802,-0.027927276540362284,descriptive_only_not_significance
seoul_survey,2024,,seoul_2024,gangnam,all15plus,no_support_sick,0.12516065442777113,proportion,1775,1775,288.0,925,991.1429950343669,available,"{""definition"": ""No helper in this situation; general-no branch inferred for the three specific support items."", ""notes"": [], ""weight"": ""wtb1"", ""uncertainty"": ""Effective n reflects weight dispersion only. Household clustering/strata are not corrected. No significance or confidence claim."", ""structural_no_support_counts"": {""sick"": 262, ""money"": 262, ""emotion"": 262}}",0.16070035119785672,-0.03553969677008559,descriptive_only_not_significance
seoul_survey,2024,,seoul_2024,gangnam,all15plus,no_support_money,0.19134775742932,proportion,1775,1775,400.0,925,991.1429950343669,available,"{""definition"": ""No helper in this situation; general-no branch inferred for the three specific support items."", ""notes"": [], ""weight"": ""wtb1"", ""uncertainty"": ""Effective n reflects weight dispersion only. Household clustering/strata are not corrected. No significance or confidence claim."", ""structural_no_support_counts"": {""sick"": 262, ""money"": 262, ""emotion"": 262}}",0.2509938553865553,-0.05964609795723527,descriptive_only_not_significance
seoul_survey,2024,,seoul_2024,gangnam,all15plus,no_support_emotion,0.1537120832585532,proportion,1775,1775,322.0,925,991.1429950343669,available,"{""definition"": ""No helper in this situation; general-no branch inferred for the three specific support items."", ""notes"": [], ""weight"": ""wtb1"", ""uncertainty"": ""Effective n reflects weight dispersion only. Household clustering/strata are not corrected. No significance or confidence claim."", ""structural_no_support_counts"": {""sick"": 262, ""money"": 262, ""emotion"": 262}}",0.2024239451778973,-0.048711861919344096,descriptive_only_not_significance
seoul_survey,2024,,seoul_2024,gangnam,all15plus,no_support_all3,0.11875459399291999,proportion,1775,1775,271.0,925,991.1429950343669,available,"{""definition"": ""No helper for all three situations (illness, money, emotional conversation)."", ""notes"": [], ""weight"": ""wtb1"", ""uncertainty"": ""Effective n reflects weight dispersion only. Household clustering/strata are not corrected. No significance or confidence claim."", ""structural_no_support_counts"": {""sick"": 262, ""money"": 262, ""emotion"": 262}}",0.1417833127777341,-0.023028718784814106,descriptive_only_not_significance
seoul_survey,2024,,seoul_2024,gangnam,all15plus,loneliness_family_mean10,3.2375466308224383,score_0_10,1775,1775,,925,991.1429950343669,available,"{""definition"": ""Weighted mean of source five-category loneliness item, rescaled (x-1)/4*10."", ""notes"": [], ""weight"": ""wtb1"", ""uncertainty"": ""Effective n reflects weight dispersion only. Household clustering/strata are not corrected. No significance or confidence claim."", ""structural_no_support_counts"": {""sick"": 262, ""money"": 262, ""emotion"": 262}}",4.476377866954326,-1.238831236131888,response_wording_changed
seoul_survey,2024,,seoul_2024,gangnam,all15plus,loneliness_family_agree,0.11471866246185651,proportion,1775,1775,181.0,925,991.1429950343669,available,"{""definition"": ""Responses 4 or 5 to the specific loneliness item."", ""notes"": [], ""weight"": ""wtb1"", ""uncertainty"": ""Effective n reflects weight dispersion only. Household clustering/strata are not corrected. No significance or confidence claim."", ""structural_no_support_counts"": {""sick"": 262, ""money"": 262, ""emotion"": 262}}",0.28044206422261037,-0.16572340176075384,response_wording_changed
seoul_survey,2024,,seoul_2024,gangnam,all15plus,loneliness_outside_mean10,3.1683828357189667,score_0_10,1775,1775,,925,991.1429950343669,available,"{""definition"": ""Weighted mean of source five-category loneliness item, rescaled (x-1)/4*10."", ""notes"": [], ""weight"": ""wtb1"", ""uncertainty"": ""Effective n reflects weight dispersion only. Household clustering/strata are not corrected. No significance or confidence claim."", ""structural_no_support_counts"": {""sick"": 262, ""money"": 262, ""emotion"": 262}}",4.648634915160794,-1.480252079441827,response_wording_changed
seoul_survey,2024,,seoul_2024,gangnam,all15plus,loneliness_outside_agree,0.07646832539855569,proportion,1775,1775,141.0,925,991.1429950343669,available,"{""definition"": ""Responses 4 or 5 to the specific loneliness item."", ""notes"": [], ""weight"": ""wtb1"", ""uncertainty"": ""Effective n reflects weight dispersion only. Household clustering/strata are not corrected. No significance or confidence claim."", ""structural_no_support_counts"": {""sick"": 262, ""money"": 262, ""emotion"": 262}}",0.268193855287006,-0.19172552988845032,response_wording_changed
seoul_survey,2024,,seoul_2024,gangnam,all15plus,no_support3_and_lonely_outside,0.012941553146245989,proportion,1775,1775,17.0,925,991.1429950343669,available,"{""definition"": ""Intersection of no helper in all three situations and outside-family loneliness response 4/5. Not an isolation diagnosis."", ""notes"": [], ""weight"": ""wtb1"", ""uncertainty"": ""Effective n reflects weight dispersion only. Household clustering/strata are not corrected. No significance or confidence claim."", ""structural_no_support_counts"": {""sick"": 262, ""money"": 262, ""emotion"": 262}}",0.02733831864103209,-0.0143967654947861,descriptive_only_not_significance
seoul_survey,2024,,seoul_2024,gangnam,20s,no_support_parent,0.021240397479936238,proportion,140,140,7.0,118,73.61269327796832,available,"{""definition"": ""No helper in this situation; general-no branch inferred for the three specific support items."", ""notes"": [], ""weight"": ""wtb1"", ""uncertainty"": ""Effective n reflects weight dispersion only. Household clustering/strata are not corrected. No significance or confidence claim."", ""structural_no_support_counts"": {""sick"": 7, ""money"": 7, ""emotion"": 7}}",0.12764504244825484,-0.1064046449683186,descriptive_only_not_significance
seoul_survey,2024,,seoul_2024,gangnam,20s,no_support_sick,0.03649694807227138,proportion,140,140,9.0,118,73.61269327796832,available,"{""definition"": ""No helper in this situation; general-no branch inferred for the three specific support items."", ""notes"": [], ""weight"": ""wtb1"", ""uncertainty"": ""Effective n reflects weight dispersion only. Household clustering/strata are not corrected. No significance or confidence claim."", ""structural_no_support_counts"": {""sick"": 7, ""money"": 7, ""emotion"": 7}}",0.17954301381021928,-0.1430460657379479,descriptive_only_not_significance
seoul_survey,2024,,seoul_2024,gangnam,20s,no_support_money,0.06245763482619725,proportion,140,140,13.0,118,73.61269327796832,available,"{""definition"": ""No helper in this situation; general-no branch inferred for the three specific support items."", ""notes"": [], ""weight"": ""wtb1"", ""uncertainty"": ""Effective n reflects weight dispersion only. Household clustering/strata are not corrected. No significance or confidence claim."", ""structural_no_support_counts"": {""sick"": 7, ""money"": 7, ""emotion"": 7}}",0.23468047845712928,-0.17222284363093204,descriptive_only_not_significance
seoul_survey,2024,,seoul_2024,gangnam,20s,no_support_emotion,0.03133415224671281,proportion,140,140,8.0,118,73.61269327796832,available,"{""definition"": ""No helper in this situation; general-no branch inferred for the three specific support items."", ""notes"": [], ""weight"": ""wtb1"", ""uncertainty"": ""Effective n reflects weight dispersion only. Household clustering/strata are not corrected. No significance or confidence claim."", ""structural_no_support_counts"": {""sick"": 7, ""money"": 7, ""emotion"": 7}}",0.14717440578996097,-0.11584025354324816,descriptive_only_not_significance
seoul_survey,2024,,seoul_2024,gangnam,20s,no_support_all3,0.03133415224671281,proportion,140,140,8.0,118,73.61269327796832,available,"{""definition"": ""No helper for all three situations (illness, money, emotional conversation)."", ""notes"": [], ""weight"": ""wtb1"", ""uncertainty"": ""Effective n reflects weight dispersion only. Household clustering/strata are not corrected. No significance or confidence claim."", ""structural_no_support_counts"": {""sick"": 7, ""money"": 7, ""emotion"": 7}}",0.12764504244825484,-0.09631089020154203,descriptive_only_not_significance
seoul_survey,2024,,seoul_2024,gangnam,20s,loneliness_family_mean10,3.010942464824994,score_0_10,140,140,,118,73.61269327796832,available,"{""definition"": ""Weighted mean of source five-category loneliness item, rescaled (x-1)/4*10."", ""notes"": [], ""weight"": ""wtb1"", ""uncertainty"": ""Effective n reflects weight dispersion only. Household clustering/strata are not corrected. No significance or confidence claim."", ""structural_no_support_counts"": {""sick"": 7, ""money"": 7, ""emotion"": 7}}",4.771228004994563,-1.7602855401695687,response_wording_changed
seoul_survey,2024,,seoul_2024,gangnam,20s,loneliness_family_agree,0.07134258802686452,proportion,140,140,14.0,118,73.61269327796832,available,"{""definition"": ""Responses 4 or 5 to the specific loneliness item."", ""notes"": [], ""weight"": ""wtb1"", ""uncertainty"": ""Effective n reflects weight dispersion only. Household clustering/strata are not corrected. No significance or confidence claim."", ""structural_no_support_counts"": {""sick"": 7, ""money"": 7, ""emotion"": 7}}",0.304139442111104,-0.23279685408423947,response_wording_changed
seoul_survey,2024,,seoul_2024,gangnam,20s,loneliness_outside_mean10,2.9116503852681963,score_0_10,140,140,,118,73.61269327796832,available,"{""definition"": ""Weighted mean of source five-category loneliness item, rescaled (x-1)/4*10."", ""notes"": [], ""weight"": ""wtb1"", ""uncertainty"": ""Effective n reflects weight dispersion only. Household clustering/strata are not corrected. No significance or confidence claim."", ""structural_no_support_counts"": {""sick"": 7, ""money"": 7, ""emotion"": 7}}",4.841970920719522,-1.9303205354513255,response_wording_changed
seoul_survey,2024,,seoul_2024,gangnam,20s,loneliness_outside_agree,0.04983791924048888,proportion,140,140,10.0,118,73.61269327796832,available,"{""definition"": ""Responses 4 or 5 to the specific loneliness item."", ""notes"": [], ""weight"": ""wtb1"", ""uncertainty"": ""Effective n reflects weight dispersion only. Household clustering/strata are not corrected. No significance or confidence claim."", ""structural_no_support_counts"": {""sick"": 7, ""money"": 7, ""emotion"": 7}}",0.3143102674224745,-0.2644723481819856,response_wording_changed
seoul_survey,2024,,seoul_2024,gangnam,20s,no_support3_and_lonely_outside,0.0,proportion,140,140,0.0,118,73.61269327796832,available,"{""definition"": ""Intersection of no helper in all three situations and outside-family loneliness response 4/5. Not an isolation diagnosis."", ""notes"": [""sparse_response_count""], ""weight"": ""wtb1"", ""uncertainty"": ""Effective n reflects weight dispersion only. Household clustering/strata are not corrected. No significance or confidence claim."", ""structural_no_support_counts"": {""sick"": 7, ""money"": 7, ""emotion"": 7}}",0.0,0.0,descriptive_only_not_significance
seoul_survey,2024,,seoul_2024,gangnam,30s,no_support_parent,0.058157226614967236,proportion,360,360,31.0,260,206.67563885113154,available,"{""definition"": ""No helper in this situation; general-no branch inferred for the three specific support items."", ""notes"": [], ""weight"": ""wtb1"", ""uncertainty"": ""Effective n reflects weight dispersion only. Household clustering/strata are not corrected. No significance or confidence claim."", ""structural_no_support_counts"": {""sick"": 31, ""money"": 31, ""emotion"": 31}}",0.10293475195564493,-0.04477752534067769,descriptive_only_not_significance
seoul_survey,2024,,seoul_2024,gangnam,30s,no_support_sick,0.0689065817335573,proportion,360,360,35.0,260,206.67563885113154,available,"{""definition"": ""No helper in this situation; general-no branch inferred for the three specific support items."", ""notes"": [], ""weight"": ""wtb1"", ""uncertainty"": ""Effective n reflects weight dispersion only. Household clustering/strata are not corrected. No significance or confidence claim."", ""structural_no_support_counts"": {""sick"": 31, ""money"": 31, ""emotion"": 31}}",0.1168253412936261,-0.04791875956006879,descriptive_only_not_significance
seoul_survey,2024,,seoul_2024,gangnam,30s,no_support_money,0.12877972525843087,proportion,360,360,57.0,260,206.67563885113154,available,"{""definition"": ""No helper in this situation; general-no branch inferred for the three specific support items."", ""notes"": [], ""weight"": ""wtb1"", ""uncertainty"": ""Effective n reflects weight dispersion only. Household clustering/strata are not corrected. No significance or confidence claim."", ""structural_no_support_counts"": {""sick"": 31, ""money"": 31, ""emotion"": 31}}",0.26385909711908206,-0.1350793718606512,descriptive_only_not_significance
seoul_survey,2024,,seoul_2024,gangnam,30s,no_support_emotion,0.06997577455291608,proportion,360,360,36.0,260,206.67563885113154,available,"{""definition"": ""No helper in this situation; general-no branch inferred for the three specific support items."", ""notes"": [], ""weight"": ""wtb1"", ""uncertainty"": ""Effective n reflects weight dispersion only. Household clustering/strata are not corrected. No significance or confidence claim."", ""structural_no_support_counts"": {""sick"": 31, ""money"": 31, ""emotion"": 31}}",0.15805495071666786,-0.08807917616375179,descriptive_only_not_significance
seoul_survey,2024,,seoul_2024,gangnam,30s,no_support_all3,0.061990680968940254,proportion,360,360,32.0,260,206.67563885113154,available,"{""definition"": ""No helper for all three situations (illness, money, emotional conversation)."", ""notes"": [], ""weight"": ""wtb1"", ""uncertainty"": ""Effective n reflects weight dispersion only. Household clustering/strata are not corrected. No significance or confidence claim."", ""structural_no_support_counts"": {""sick"": 31, ""money"": 31, ""emotion"": 31}}",0.10293475195564493,-0.040944070986704675,descriptive_only_not_significance
seoul_survey,2024,,seoul_2024,gangnam,30s,loneliness_family_mean10,2.9522560542192218,score_0_10,360,360,,260,206.67563885113154,available,"{""definition"": ""Weighted mean of source five-category loneliness item, rescaled (x-1)/4*10."", ""notes"": [], ""weight"": ""wtb1"", ""uncertainty"": ""Effective n reflects weight dispersion only. Household clustering/strata are not corrected. No significance or confidence claim."", ""structural_no_support_counts"": {""sick"": 31, ""money"": 31, ""emotion"": 31}}",3.8399812561801854,-0.8877252019609636,response_wording_changed
seoul_survey,2024,,seoul_2024,gangnam,30s,loneliness_family_agree,0.057080435694895876,proportion,360,360,23.0,260,206.67563885113154,available,"{""definition"": ""Responses 4 or 5 to the specific loneliness item."", ""notes"": [], ""weight"": ""wtb1"", ""uncertainty"": ""Effective n reflects weight dispersion only. Household clustering/strata are not corrected. No significance or confidence claim."", ""structural_no_support_counts"": {""sick"": 31, ""money"": 31, ""emotion"": 31}}",0.24440830942869038,-0.1873278737337945,response_wording_changed
seoul_survey,2024,,seoul_2024,gangnam,30s,loneliness_outside_mean10,2.851904178765781,score_0_10,360,360,,260,206.67563885113154,available,"{""definition"": ""Weighted mean of source five-category loneliness item, rescaled (x-1)/4*10."", ""notes"": [], ""weight"": ""wtb1"", ""uncertainty"": ""Effective n reflects weight dispersion only. Household clustering/strata are not corrected. No significance or confidence claim."", ""structural_no_support_counts"": {""sick"": 31, ""money"": 31, ""emotion"": 31}}",4.019703602176034,-1.1677994234102531,response_wording_changed
seoul_survey,2024,,seoul_2024,gangnam,30s,loneliness_outside_agree,0.028402285987297132,proportion,360,360,20.0,260,206.67563885113154,available,"{""definition"": ""Responses 4 or 5 to the specific loneliness item."", ""notes"": [], ""weight"": ""wtb1"", ""uncertainty"": ""Effective n reflects weight dispersion only. Household clustering/strata are not corrected. No significance or confidence claim."", ""structural_no_support_counts"": {""sick"": 31, ""money"": 31, ""emotion"": 31}}",0.22166685650716197,-0.19326457051986484,response_wording_changed
seoul_survey,2024,,seoul_2024,gangnam,30s,no_support3_and_lonely_outside,0.0006060204276563324,proportion,360,360,1.0,260,206.67563885113154,available,"{""definition"": ""Intersection of no helper in all three situations and outside-family loneliness response 4/5. Not an isolation diagnosis."", ""notes"": [""sparse_response_count""], ""weight"": ""wtb1"", ""uncertainty"": ""Effective n reflects weight dispersion only. Household clustering/strata are not corrected. No significance or confidence claim."", ""structural_no_support_counts"": {""sick"": 31, ""money"": 31, ""emotion"": 31}}",0.0017071917837029054,-0.001101171356046573,descriptive_only_not_significance
seoul_survey,2024,,seoul_2024,gangnam,40s,no_support_parent,0.13472009579082217,proportion,333,333,54.0,237,214.41567597283827,available,"{""definition"": ""No helper in this situation; general-no branch inferred for the three specific support items."", ""notes"": [], ""weight"": ""wtb1"", ""uncertainty"": ""Effective n reflects weight dispersion only. Household clustering/strata are not corrected. No significance or confidence claim."", ""structural_no_support_counts"": {""sick"": 54, ""money"": 54, ""emotion"": 54}}",0.15746316390647513,-0.022743068115652965,descriptive_only_not_significance
seoul_survey,2024,,seoul_2024,gangnam,40s,no_support_sick,0.15164080385437095,proportion,333,333,59.0,237,214.41567597283827,available,"{""definition"": ""No helper in this situation; general-no branch inferred for the three specific support items."", ""notes"": [], ""weight"": ""wtb1"", ""uncertainty"": ""Effective n reflects weight dispersion only. Household clustering/strata are not corrected. No significance or confidence claim."", ""structural_no_support_counts"": {""sick"": 54, ""money"": 54, ""emotion"": 54}}",0.16306237282879893,-0.011421568974427976,descriptive_only_not_significance
seoul_survey,2024,,seoul_2024,gangnam,40s,no_support_money,0.22382963134521516,proportion,333,333,82.0,237,214.41567597283827,available,"{""definition"": ""No helper in this situation; general-no branch inferred for the three specific support items."", ""notes"": [], ""weight"": ""wtb1"", ""uncertainty"": ""Effective n reflects weight dispersion only. Household clustering/strata are not corrected. No significance or confidence claim."", ""structural_no_support_counts"": {""sick"": 54, ""money"": 54, ""emotion"": 54}}",0.2553643913098421,-0.03153475996462696,descriptive_only_not_significance
seoul_survey,2024,,seoul_2024,gangnam,40s,no_support_emotion,0.18222377903280798,proportion,333,333,69.0,237,214.41567597283827,available,"{""definition"": ""No helper in this situation; general-no branch inferred for the three specific support items."", ""notes"": [], ""weight"": ""wtb1"", ""uncertainty"": ""Effective n reflects weight dispersion only. Household clustering/strata are not corrected. No significance or confidence claim."", ""structural_no_support_counts"": {""sick"": 54, ""money"": 54, ""emotion"": 54}}",0.2095941606655211,-0.02737038163271313,descriptive_only_not_significance
seoul_survey,2024,,seoul_2024,gangnam,40s,no_support_all3,0.14552908884582244,proportion,333,333,56.0,237,214.41567597283827,available,"{""definition"": ""No helper for all three situations (illness, money, emotional conversation)."", ""notes"": [], ""weight"": ""wtb1"", ""uncertainty"": ""Effective n reflects weight dispersion only. Household clustering/strata are not corrected. No significance or confidence claim."", ""structural_no_support_counts"": {""sick"": 54, ""money"": 54, ""emotion"": 54}}",0.15746316390647513,-0.011934075060652694,descriptive_only_not_significance
seoul_survey,2024,,seoul_2024,gangnam,40s,loneliness_family_mean10,3.153759220598118,score_0_10,333,333,,237,214.41567597283827,available,"{""definition"": ""Weighted mean of source five-category loneliness item, rescaled (x-1)/4*10."", ""notes"": [], ""weight"": ""wtb1"", ""uncertainty"": ""Effective n reflects weight dispersion only. Household clustering/strata are not corrected. No significance or confidence claim."", ""structural_no_support_counts"": {""sick"": 54, ""money"": 54, ""emotion"": 54}}",4.247754493831866,-1.0939952732337477,response_wording_changed
seoul_survey,2024,,seoul_2024,gangnam,40s,loneliness_family_agree,0.11980990678742488,proportion,333,333,40.0,237,214.41567597283827,available,"{""definition"": ""Responses 4 or 5 to the specific loneliness item."", ""notes"": [], ""weight"": ""wtb1"", ""uncertainty"": ""Effective n reflects weight dispersion only. Household clustering/strata are not corrected. No significance or confidence claim."", ""structural_no_support_counts"": {""sick"": 54, ""money"": 54, ""emotion"": 54}}",0.22131518877732428,-0.1015052819898994,response_wording_changed
seoul_survey,2024,,seoul_2024,gangnam,40s,loneliness_outside_mean10,3.2144138638815023,score_0_10,333,333,,237,214.41567597283827,available,"{""definition"": ""Weighted mean of source five-category loneliness item, rescaled (x-1)/4*10."", ""notes"": [], ""weight"": ""wtb1"", ""uncertainty"": ""Effective n reflects weight dispersion only. Household clustering/strata are not corrected. No significance or confidence claim."", ""structural_no_support_counts"": {""sick"": 54, ""money"": 54, ""emotion"": 54}}",4.392741648026583,-1.1783277841450803,response_wording_changed
seoul_survey,2024,,seoul_2024,gangnam,40s,loneliness_outside_agree,0.08200703928482088,proportion,333,333,26.0,237,214.41567597283827,available,"{""definition"": ""Responses 4 or 5 to the specific loneliness item."", ""notes"": [], ""weight"": ""wtb1"", ""uncertainty"": ""Effective n reflects weight dispersion only. Household clustering/strata are not corrected. No significance or confidence claim."", ""structural_no_support_counts"": {""sick"": 54, ""money"": 54, ""emotion"": 54}}",0.22290737155164492,-0.14090033226682402,response_wording_changed
seoul_survey,2024,,seoul_2024,gangnam,40s,no_support3_and_lonely_outside,0.007106427000606038,proportion,333,333,2.0,237,214.41567597283827,available,"{""definition"": ""Intersection of no helper in all three situations and outside-family loneliness response 4/5. Not an isolation diagnosis."", ""notes"": [""sparse_response_count""], ""weight"": ""wtb1"", ""uncertainty"": ""Effective n reflects weight dispersion only. Household clustering/strata are not corrected. No significance or confidence claim."", ""structural_no_support_counts"": {""sick"": 54, ""money"": 54, ""emotion"": 54}}",0.015575422322242646,-0.008468995321636608,descriptive_only_not_significance
seoul_survey,2024,,seoul_2024,gangnam,50s,no_support_parent,0.10558623815010294,proportion,391,391,58.0,272,227.8894104470457,available,"{""definition"": ""No helper in this situation; general-no branch inferred for the three specific support items."", ""notes"": [], ""weight"": ""wtb1"", ""uncertainty"": ""Effective n reflects weight dispersion only. Household clustering/strata are not corrected. No significance or confidence claim."", ""structural_no_support_counts"": {""sick"": 58, ""money"": 58, ""emotion"": 58}}",0.10293848335278089,0.0026477547973220578,descriptive_only_not_significance
seoul_survey,2024,,seoul_2024,gangnam,50s,no_support_sick,0.12675250165341123,proportion,391,391,68.0,272,227.8894104470457,available,"{""definition"": ""No helper in this situation; general-no branch inferred for the three specific support items."", ""notes"": [], ""weight"": ""wtb1"", ""uncertainty"": ""Effective n reflects weight dispersion only. Household clustering/strata are not corrected. No significance or confidence claim."", ""structural_no_support_counts"": {""sick"": 58, ""money"": 58, ""emotion"": 58}}",0.13576959277150943,-0.009017091118098203,descriptive_only_not_significance
seoul_survey,2024,,seoul_2024,gangnam,50s,no_support_money,0.16943961561213233,proportion,391,391,94.0,272,227.8894104470457,available,"{""definition"": ""No helper in this situation; general-no branch inferred for the three specific support items."", ""notes"": [], ""weight"": ""wtb1"", ""uncertainty"": ""Effective n reflects weight dispersion only. Household clustering/strata are not corrected. No significance or confidence claim."", ""structural_no_support_counts"": {""sick"": 58, ""money"": 58, ""emotion"": 58}}",0.203415133589175,-0.03397551797704268,descriptive_only_not_significance
seoul_survey,2024,,seoul_2024,gangnam,50s,no_support_emotion,0.14612114786809036,proportion,391,391,74.0,272,227.8894104470457,available,"{""definition"": ""No helper in this situation; general-no branch inferred for the three specific support items."", ""notes"": [], ""weight"": ""wtb1"", ""uncertainty"": ""Effective n reflects weight dispersion only. Household clustering/strata are not corrected. No significance or confidence claim."", ""structural_no_support_counts"": {""sick"": 58, ""money"": 58, ""emotion"": 58}}",0.1832501902758241,-0.03712904240773374,descriptive_only_not_significance
seoul_survey,2024,,seoul_2024,gangnam,50s,no_support_all3,0.11399806415759434,proportion,391,391,62.0,272,227.8894104470457,available,"{""definition"": ""No helper for all three situations (illness, money, emotional conversation)."", ""notes"": [], ""weight"": ""wtb1"", ""uncertainty"": ""Effective n reflects weight dispersion only. Household clustering/strata are not corrected. No significance or confidence claim."", ""structural_no_support_counts"": {""sick"": 58, ""money"": 58, ""emotion"": 58}}",0.10819572375241608,0.005802340405178255,descriptive_only_not_significance
seoul_survey,2024,,seoul_2024,gangnam,50s,loneliness_family_mean10,3.3968696613291915,score_0_10,391,391,,272,227.8894104470457,available,"{""definition"": ""Weighted mean of source five-category loneliness item, rescaled (x-1)/4*10."", ""notes"": [], ""weight"": ""wtb1"", ""uncertainty"": ""Effective n reflects weight dispersion only. Household clustering/strata are not corrected. No significance or confidence claim."", ""structural_no_support_counts"": {""sick"": 58, ""money"": 58, ""emotion"": 58}}",4.6206436524455645,-1.223773991116373,response_wording_changed
seoul_survey,2024,,seoul_2024,gangnam,50s,loneliness_family_agree,0.12710724907807547,proportion,391,391,50.0,272,227.8894104470457,available,"{""definition"": ""Responses 4 or 5 to the specific loneliness item."", ""notes"": [], ""weight"": ""wtb1"", ""uncertainty"": ""Effective n reflects weight dispersion only. Household clustering/strata are not corrected. No significance or confidence claim."", ""structural_no_support_counts"": {""sick"": 58, ""money"": 58, ""emotion"": 58}}",0.2711785901107974,-0.14407134103272196,response_wording_changed
seoul_survey,2024,,seoul_2024,gangnam,50s,loneliness_outside_mean10,3.262137209299209,score_0_10,391,391,,272,227.8894104470457,available,"{""definition"": ""Weighted mean of source five-category loneliness item, rescaled (x-1)/4*10."", ""notes"": [], ""weight"": ""wtb1"", ""uncertainty"": ""Effective n reflects weight dispersion only. Household clustering/strata are not corrected. No significance or confidence claim."", ""structural_no_support_counts"": {""sick"": 58, ""money"": 58, ""emotion"": 58}}",4.795063321715306,-1.5329261124160967,response_wording_changed
seoul_survey,2024,,seoul_2024,gangnam,50s,loneliness_outside_agree,0.09749073968481912,proportion,391,391,38.0,272,227.8894104470457,available,"{""definition"": ""Responses 4 or 5 to the specific loneliness item."", ""notes"": [], ""weight"": ""wtb1"", ""uncertainty"": ""Effective n reflects weight dispersion only. Household clustering/strata are not corrected. No significance or confidence claim."", ""structural_no_support_counts"": {""sick"": 58, ""money"": 58, ""emotion"": 58}}",0.2414157378147979,-0.14392499812997878,response_wording_changed
seoul_survey,2024,,seoul_2024,gangnam,50s,no_support3_and_lonely_outside,0.01271762744306043,proportion,391,391,5.0,272,227.8894104470457,available,"{""definition"": ""Intersection of no helper in all three situations and outside-family loneliness response 4/5. Not an isolation diagnosis."", ""notes"": [], ""weight"": ""wtb1"", ""uncertainty"": ""Effective n reflects weight dispersion only. Household clustering/strata are not corrected. No significance or confidence claim."", ""structural_no_support_counts"": {""sick"": 58, ""money"": 58, ""emotion"": 58}}",0.009958009604617266,0.0027596178384431645,descriptive_only_not_significance
seoul_survey,2024,,seoul_2024,gangnam,60plus,no_support_parent,0.1860494859074074,proportion,480,480,104.0,342,278.5668388766621,available,"{""definition"": ""No helper in this situation; general-no branch inferred for the three specific support items."", ""notes"": [], ""weight"": ""wtb1"", ""uncertainty"": ""Effective n reflects weight dispersion only. Household clustering/strata are not corrected. No significance or confidence claim."", ""structural_no_support_counts"": {""sick"": 104, ""money"": 104, ""emotion"": 104}}",0.15889353348438925,0.02715595242301816,descriptive_only_not_significance
seoul_survey,2024,,seoul_2024,gangnam,60plus,no_support_sick,0.1910465389427813,proportion,480,480,109.0,342,278.5668388766621,available,"{""definition"": ""No helper in this situation; general-no branch inferred for the three specific support items."", ""notes"": [], ""weight"": ""wtb1"", ""uncertainty"": ""Effective n reflects weight dispersion only. Household clustering/strata are not corrected. No significance or confidence claim."", ""structural_no_support_counts"": {""sick"": 104, ""money"": 104, ""emotion"": 104}}",0.1772589456228055,0.01378759331997581,descriptive_only_not_significance
seoul_survey,2024,,seoul_2024,gangnam,60plus,no_support_money,0.3100296384568211,proportion,480,480,146.0,342,278.5668388766621,available,"{""definition"": ""No helper in this situation; general-no branch inferred for the three specific support items."", ""notes"": [], ""weight"": ""wtb1"", ""uncertainty"": ""Effective n reflects weight dispersion only. Household clustering/strata are not corrected. No significance or confidence claim."", ""structural_no_support_counts"": {""sick"": 104, ""money"": 104, ""emotion"": 104}}",0.2743938506819263,0.03563578777489479,descriptive_only_not_significance
seoul_survey,2024,,seoul_2024,gangnam,60plus,no_support_emotion,0.2606841561438033,proportion,480,480,126.0,342,278.5668388766621,available,"{""definition"": ""No helper in this situation; general-no branch inferred for the three specific support items."", ""notes"": [], ""weight"": ""wtb1"", ""uncertainty"": ""Effective n reflects weight dispersion only. Household clustering/strata are not corrected. No significance or confidence claim."", ""structural_no_support_counts"": {""sick"": 104, ""money"": 104, ""emotion"": 104}}",0.2577230731746617,0.002961082969141604,descriptive_only_not_significance
seoul_survey,2024,,seoul_2024,gangnam,60plus,no_support_all3,0.1869457282783595,proportion,480,480,105.0,342,278.5668388766621,available,"{""definition"": ""No helper for all three situations (illness, money, emotional conversation)."", ""notes"": [], ""weight"": ""wtb1"", ""uncertainty"": ""Effective n reflects weight dispersion only. Household clustering/strata are not corrected. No significance or confidence claim."", ""structural_no_support_counts"": {""sick"": 104, ""money"": 104, ""emotion"": 104}}",0.15889353348438925,0.028052194793970253,descriptive_only_not_significance
seoul_survey,2024,,seoul_2024,gangnam,60plus,loneliness_family_mean10,3.5459358971248056,score_0_10,480,480,,342,278.5668388766621,available,"{""definition"": ""Weighted mean of source five-category loneliness item, rescaled (x-1)/4*10."", ""notes"": [], ""weight"": ""wtb1"", ""uncertainty"": ""Effective n reflects weight dispersion only. Household clustering/strata are not corrected. No significance or confidence claim."", ""structural_no_support_counts"": {""sick"": 104, ""money"": 104, ""emotion"": 104}}",5.030539761449743,-1.4846038643249377,response_wording_changed
seoul_survey,2024,,seoul_2024,gangnam,60plus,loneliness_family_agree,0.15385778620874507,proportion,480,480,46.0,342,278.5668388766621,available,"{""definition"": ""Responses 4 or 5 to the specific loneliness item."", ""notes"": [], ""weight"": ""wtb1"", ""uncertainty"": ""Effective n reflects weight dispersion only. Household clustering/strata are not corrected. No significance or confidence claim."", ""structural_no_support_counts"": {""sick"": 104, ""money"": 104, ""emotion"": 104}}",0.35640128635280177,-0.2025435001440567,response_wording_changed
seoul_survey,2024,,seoul_2024,gangnam,60plus,loneliness_outside_mean10,3.488366897616034,score_0_10,480,480,,342,278.5668388766621,available,"{""definition"": ""Weighted mean of source five-category loneliness item, rescaled (x-1)/4*10."", ""notes"": [], ""weight"": ""wtb1"", ""uncertainty"": ""Effective n reflects weight dispersion only. Household clustering/strata are not corrected. No significance or confidence claim."", ""structural_no_support_counts"": {""sick"": 104, ""money"": 104, ""emotion"": 104}}",5.257069948840452,-1.768703051224418,response_wording_changed
seoul_survey,2024,,seoul_2024,gangnam,60plus,loneliness_outside_agree,0.10466359079623136,proportion,480,480,41.0,342,278.5668388766621,available,"{""definition"": ""Responses 4 or 5 to the specific loneliness item."", ""notes"": [], ""weight"": ""wtb1"", ""uncertainty"": ""Effective n reflects weight dispersion only. Household clustering/strata are not corrected. No significance or confidence claim."", ""structural_no_support_counts"": {""sick"": 104, ""money"": 104, ""emotion"": 104}}",0.3531746619783688,-0.24851107118213742,response_wording_changed
seoul_survey,2024,,seoul_2024,gangnam,60plus,no_support3_and_lonely_outside,0.02922178211111187,proportion,480,480,7.0,342,278.5668388766621,available,"{""definition"": ""Intersection of no helper in all three situations and outside-family loneliness response 4/5. Not an isolation diagnosis."", ""notes"": [], ""weight"": ""wtb1"", ""uncertainty"": ""Effective n reflects weight dispersion only. Household clustering/strata are not corrected. No significance or confidence claim."", ""structural_no_support_counts"": {""sick"": 104, ""money"": 104, ""emotion"": 104}}",0.06685304802423658,-0.03763126591312471,descriptive_only_not_significance
seoul_survey,2024,,seoul_2024,seoul,all15plus,no_support_parent,0.14433942771540387,proportion,36280,36280,5382.0,20000,17473.12919768241,available,"{""definition"": ""No helper in this situation; general-no branch inferred for the three specific support items."", ""notes"": [], ""weight"": ""wtb1"", ""uncertainty"": ""Effective n reflects weight dispersion only. Household clustering/strata are not corrected. No significance or confidence claim."", ""structural_no_support_counts"": {""sick"": 5382, ""money"": 5382, ""emotion"": 5382}}",0.15298299358576922,-0.008643565870365355,descriptive_only_not_significance
seoul_survey,2024,,seoul_2024,seoul,all15plus,no_support_sick,0.18235062916839356,proportion,36280,36280,6620.0,20000,17473.12919768241,available,"{""definition"": ""No helper in this situation; general-no branch inferred for the three specific support items."", ""notes"": [], ""weight"": ""wtb1"", ""uncertainty"": ""Effective n reflects weight dispersion only. Household clustering/strata are not corrected. No significance or confidence claim."", ""structural_no_support_counts"": {""sick"": 5382, ""money"": 5382, ""emotion"": 5382}}",0.18282994311697387,-0.0004793139485803066,descriptive_only_not_significance
seoul_survey,2024,,seoul_2024,seoul,all15plus,no_support_money,0.3091462419062358,proportion,36280,36280,11196.0,20000,17473.12919768241,available,"{""definition"": ""No helper in this situation; general-no branch inferred for the three specific support items."", ""notes"": [], ""weight"": ""wtb1"", ""uncertainty"": ""Effective n reflects weight dispersion only. Household clustering/strata are not corrected. No significance or confidence claim."", ""structural_no_support_counts"": {""sick"": 5382, ""money"": 5382, ""emotion"": 5382}}",0.3150028443388457,-0.005856602432609881,descriptive_only_not_significance
seoul_survey,2024,,seoul_2024,seoul,all15plus,no_support_emotion,0.19066166404247747,proportion,36280,36280,7147.0,20000,17473.12919768241,available,"{""definition"": ""No helper in this situation; general-no branch inferred for the three specific support items."", ""notes"": [], ""weight"": ""wtb1"", ""uncertainty"": ""Effective n reflects weight dispersion only. Household clustering/strata are not corrected. No significance or confidence claim."", ""structural_no_support_counts"": {""sick"": 5382, ""money"": 5382, ""emotion"": 5382}}",0.2152140658095778,-0.02455240176710033,descriptive_only_not_significance
seoul_survey,2024,,seoul_2024,seoul,all15plus,no_support_all3,0.15170880549633403,proportion,36280,36280,5648.0,20000,17473.12919768241,available,"{""definition"": ""No helper for all three situations (illness, money, emotional conversation)."", ""notes"": [], ""weight"": ""wtb1"", ""uncertainty"": ""Effective n reflects weight dispersion only. Household clustering/strata are not corrected. No significance or confidence claim."", ""structural_no_support_counts"": {""sick"": 5382, ""money"": 5382, ""emotion"": 5382}}",0.1611577432469684,-0.009448937750634379,descriptive_only_not_significance
seoul_survey,2024,,seoul_2024,seoul,all15plus,loneliness_family_mean10,3.9028320215473573,score_0_10,36280,36280,,20000,17473.12919768241,available,"{""definition"": ""Weighted mean of source five-category loneliness item, rescaled (x-1)/4*10."", ""notes"": [], ""weight"": ""wtb1"", ""uncertainty"": ""Effective n reflects weight dispersion only. Household clustering/strata are not corrected. No significance or confidence claim."", ""structural_no_support_counts"": {""sick"": 5382, ""money"": 5382, ""emotion"": 5382}}",4.477495071590976,-0.5746630500436187,response_wording_changed
seoul_survey,2024,,seoul_2024,seoul,all15plus,loneliness_family_agree,0.1820543547230012,proportion,36280,36280,6752.0,20000,17473.12919768241,available,"{""definition"": ""Responses 4 or 5 to the specific loneliness item."", ""notes"": [], ""weight"": ""wtb1"", ""uncertainty"": ""Effective n reflects weight dispersion only. Household clustering/strata are not corrected. No significance or confidence claim."", ""structural_no_support_counts"": {""sick"": 5382, ""money"": 5382, ""emotion"": 5382}}",0.26196210076776655,-0.07990774604476536,response_wording_changed
seoul_survey,2024,,seoul_2024,seoul,all15plus,loneliness_outside_mean10,3.9458128165795068,score_0_10,36280,36280,,20000,17473.12919768241,available,"{""definition"": ""Weighted mean of source five-category loneliness item, rescaled (x-1)/4*10."", ""notes"": [], ""weight"": ""wtb1"", ""uncertainty"": ""Effective n reflects weight dispersion only. Household clustering/strata are not corrected. No significance or confidence claim."", ""structural_no_support_counts"": {""sick"": 5382, ""money"": 5382, ""emotion"": 5382}}",4.3948714827572095,-0.44905866617770274,response_wording_changed
seoul_survey,2024,,seoul_2024,seoul,all15plus,loneliness_outside_agree,0.18979733302473364,proportion,36280,36280,7074.0,20000,17473.12919768241,available,"{""definition"": ""Responses 4 or 5 to the specific loneliness item."", ""notes"": [], ""weight"": ""wtb1"", ""uncertainty"": ""Effective n reflects weight dispersion only. Household clustering/strata are not corrected. No significance or confidence claim."", ""structural_no_support_counts"": {""sick"": 5382, ""money"": 5382, ""emotion"": 5382}}",0.2248031536969032,-0.03500582067216956,response_wording_changed
seoul_survey,2024,,seoul_2024,seoul,all15plus,no_support3_and_lonely_outside,0.03745678233786407,proportion,36280,36280,1369.0,20000,17473.12919768241,available,"{""definition"": ""Intersection of no helper in all three situations and outside-family loneliness response 4/5. Not an isolation diagnosis."", ""notes"": [], ""weight"": ""wtb1"", ""uncertainty"": ""Effective n reflects weight dispersion only. Household clustering/strata are not corrected. No significance or confidence claim."", ""structural_no_support_counts"": {""sick"": 5382, ""money"": 5382, ""emotion"": 5382}}",0.04184327573070008,-0.004386493392836012,descriptive_only_not_significance
seoul_survey,2024,,seoul_2024,seoul,20s,no_support_parent,0.12146806754083346,proportion,2599,2599,277.0,2270,1391.8838729570912,available,"{""definition"": ""No helper in this situation; general-no branch inferred for the three specific support items."", ""notes"": [], ""weight"": ""wtb1"", ""uncertainty"": ""Effective n reflects weight dispersion only. Household clustering/strata are not corrected. No significance or confidence claim."", ""structural_no_support_counts"": {""sick"": 277, ""money"": 277, ""emotion"": 277}}",0.1113973086469523,0.010070758893881163,descriptive_only_not_significance
seoul_survey,2024,,seoul_2024,seoul,20s,no_support_sick,0.15450283479274943,proportion,2599,2599,343.0,2270,1391.8838729570912,available,"{""definition"": ""No helper in this situation; general-no branch inferred for the three specific support items."", ""notes"": [], ""weight"": ""wtb1"", ""uncertainty"": ""Effective n reflects weight dispersion only. Household clustering/strata are not corrected. No significance or confidence claim."", ""structural_no_support_counts"": {""sick"": 277, ""money"": 277, ""emotion"": 277}}",0.140165858682393,0.01433697611035642,descriptive_only_not_significance
seoul_survey,2024,,seoul_2024,seoul,20s,no_support_money,0.2434960048775243,proportion,2599,2599,562.0,2270,1391.8838729570912,available,"{""definition"": ""No helper in this situation; general-no branch inferred for the three specific support items."", ""notes"": [], ""weight"": ""wtb1"", ""uncertainty"": ""Effective n reflects weight dispersion only. Household clustering/strata are not corrected. No significance or confidence claim."", ""structural_no_support_counts"": {""sick"": 277, ""money"": 277, ""emotion"": 277}}",0.23358607483854266,0.009909930038981635,descriptive_only_not_significance
seoul_survey,2024,,seoul_2024,seoul,20s,no_support_emotion,0.1524216244992631,proportion,2599,2599,348.0,2270,1391.8838729570912,available,"{""definition"": ""No helper in this situation; general-no branch inferred for the three specific support items."", ""notes"": [], ""weight"": ""wtb1"", ""uncertainty"": ""Effective n reflects weight dispersion only. Household clustering/strata are not corrected. No significance or confidence claim."", ""structural_no_support_counts"": {""sick"": 277, ""money"": 277, ""emotion"": 277}}",0.16212021798307444,-0.00969859348381133,descriptive_only_not_significance
seoul_survey,2024,,seoul_2024,seoul,20s,no_support_all3,0.12440733005025163,proportion,2599,2599,288.0,2270,1391.8838729570912,available,"{""definition"": ""No helper for all three situations (illness, money, emotional conversation)."", ""notes"": [], ""weight"": ""wtb1"", ""uncertainty"": ""Effective n reflects weight dispersion only. Household clustering/strata are not corrected. No significance or confidence claim."", ""structural_no_support_counts"": {""sick"": 277, ""money"": 277, ""emotion"": 277}}",0.11912848070933367,0.005278849340917963,descriptive_only_not_significance
seoul_survey,2024,,seoul_2024,seoul,20s,loneliness_family_mean10,3.4142491707677873,score_0_10,2599,2599,,2270,1391.8838729570912,available,"{""definition"": ""Weighted mean of source five-category loneliness item, rescaled (x-1)/4*10."", ""notes"": [], ""weight"": ""wtb1"", ""uncertainty"": ""Effective n reflects weight dispersion only. Household clustering/strata are not corrected. No significance or confidence claim."", ""structural_no_support_counts"": {""sick"": 277, ""money"": 277, ""emotion"": 277}}",3.9335853861859293,-0.519336215418142,response_wording_changed
seoul_survey,2024,,seoul_2024,seoul,20s,loneliness_family_agree,0.12818905952893445,proportion,2599,2599,344.0,2270,1391.8838729570912,available,"{""definition"": ""Responses 4 or 5 to the specific loneliness item."", ""notes"": [], ""weight"": ""wtb1"", ""uncertainty"": ""Effective n reflects weight dispersion only. Household clustering/strata are not corrected. No significance or confidence claim."", ""structural_no_support_counts"": {""sick"": 277, ""money"": 277, ""emotion"": 277}}",0.2138644018179225,-0.08567534228898804,response_wording_changed
seoul_survey,2024,,seoul_2024,seoul,20s,loneliness_outside_mean10,3.5628216532385864,score_0_10,2599,2599,,2270,1391.8838729570912,available,"{""definition"": ""Weighted mean of source five-category loneliness item, rescaled (x-1)/4*10."", ""notes"": [], ""weight"": ""wtb1"", ""uncertainty"": ""Effective n reflects weight dispersion only. Household clustering/strata are not corrected. No significance or confidence claim."", ""structural_no_support_counts"": {""sick"": 277, ""money"": 277, ""emotion"": 277}}",3.952428811876634,-0.38960715863804785,response_wording_changed
seoul_survey,2024,,seoul_2024,seoul,20s,loneliness_outside_agree,0.16627326246608604,proportion,2599,2599,461.0,2270,1391.8838729570912,available,"{""definition"": ""Responses 4 or 5 to the specific loneliness item."", ""notes"": [], ""weight"": ""wtb1"", ""uncertainty"": ""Effective n reflects weight dispersion only. Household clustering/strata are not corrected. No significance or confidence claim."", ""structural_no_support_counts"": {""sick"": 277, ""money"": 277, ""emotion"": 277}}",0.1952580774243435,-0.02898481495825747,response_wording_changed
seoul_survey,2024,,seoul_2024,seoul,20s,no_support3_and_lonely_outside,0.028736384163063768,proportion,2599,2599,74.0,2270,1391.8838729570912,available,"{""definition"": ""Intersection of no helper in all three situations and outside-family loneliness response 4/5. Not an isolation diagnosis."", ""notes"": [], ""weight"": ""wtb1"", ""uncertainty"": ""Effective n reflects weight dispersion only. Household clustering/strata are not corrected. No significance or confidence claim."", ""structural_no_support_counts"": {""sick"": 277, ""money"": 277, ""emotion"": 277}}",0.031174203516369237,-0.002437819353305469,descriptive_only_not_significance
seoul_survey,2024,,seoul_2024,seoul,30s,no_support_parent,0.10552617488132617,proportion,7026,7026,804.0,5110,3850.2141106746867,available,"{""definition"": ""No helper in this situation; general-no branch inferred for the three specific support items."", ""notes"": [], ""weight"": ""wtb1"", ""uncertainty"": ""Effective n reflects weight dispersion only. Household clustering/strata are not corrected. No significance or confidence claim."", ""structural_no_support_counts"": {""sick"": 804, ""money"": 804, ""emotion"": 804}}",0.11782371879589856,-0.012297543914572398,descriptive_only_not_significance
seoul_survey,2024,,seoul_2024,seoul,30s,no_support_sick,0.141715161533558,proportion,7026,7026,1020.0,5110,3850.2141106746867,available,"{""definition"": ""No helper in this situation; general-no branch inferred for the three specific support items."", ""notes"": [], ""weight"": ""wtb1"", ""uncertainty"": ""Effective n reflects weight dispersion only. Household clustering/strata are not corrected. No significance or confidence claim."", ""structural_no_support_counts"": {""sick"": 804, ""money"": 804, ""emotion"": 804}}",0.14612908281295936,-0.0044139212794013505,descriptive_only_not_significance
seoul_survey,2024,,seoul_2024,seoul,30s,no_support_money,0.2340323572768869,proportion,7026,7026,1705.0,5110,3850.2141106746867,available,"{""definition"": ""No helper in this situation; general-no branch inferred for the three specific support items."", ""notes"": [], ""weight"": ""wtb1"", ""uncertainty"": ""Effective n reflects weight dispersion only. Household clustering/strata are not corrected. No significance or confidence claim."", ""structural_no_support_counts"": {""sick"": 804, ""money"": 804, ""emotion"": 804}}",0.2814530620032964,-0.047420704726409496,descriptive_only_not_significance
seoul_survey,2024,,seoul_2024,seoul,30s,no_support_emotion,0.13694079503710338,proportion,7026,7026,1054.0,5110,3850.2141106746867,available,"{""definition"": ""No helper in this situation; general-no branch inferred for the three specific support items."", ""notes"": [], ""weight"": ""wtb1"", ""uncertainty"": ""Effective n reflects weight dispersion only. Household clustering/strata are not corrected. No significance or confidence claim."", ""structural_no_support_counts"": {""sick"": 804, ""money"": 804, ""emotion"": 804}}",0.16511269121965683,-0.028171896182553446,descriptive_only_not_significance
seoul_survey,2024,,seoul_2024,seoul,30s,no_support_all3,0.1120568435751994,proportion,7026,7026,845.0,5110,3850.2141106746867,available,"{""definition"": ""No helper for all three situations (illness, money, emotional conversation)."", ""notes"": [], ""weight"": ""wtb1"", ""uncertainty"": ""Effective n reflects weight dispersion only. Household clustering/strata are not corrected. No significance or confidence claim."", ""structural_no_support_counts"": {""sick"": 804, ""money"": 804, ""emotion"": 804}}",0.12485248552128086,-0.01279564194608146,descriptive_only_not_significance
seoul_survey,2024,,seoul_2024,seoul,30s,loneliness_family_mean10,3.682138547807537,score_0_10,7026,7026,,5110,3850.2141106746867,available,"{""definition"": ""Weighted mean of source five-category loneliness item, rescaled (x-1)/4*10."", ""notes"": [], ""weight"": ""wtb1"", ""uncertainty"": ""Effective n reflects weight dispersion only. Household clustering/strata are not corrected. No significance or confidence claim."", ""structural_no_support_counts"": {""sick"": 804, ""money"": 804, ""emotion"": 804}}",4.2726839160634436,-0.5905453682559068,response_wording_changed
seoul_survey,2024,,seoul_2024,seoul,30s,loneliness_family_agree,0.15762420656473353,proportion,7026,7026,1101.0,5110,3850.2141106746867,available,"{""definition"": ""Responses 4 or 5 to the specific loneliness item."", ""notes"": [], ""weight"": ""wtb1"", ""uncertainty"": ""Effective n reflects weight dispersion only. Household clustering/strata are not corrected. No significance or confidence claim."", ""structural_no_support_counts"": {""sick"": 804, ""money"": 804, ""emotion"": 804}}",0.24649442879627645,-0.08887022223154292,response_wording_changed
seoul_survey,2024,,seoul_2024,seoul,30s,loneliness_outside_mean10,3.7535541166360553,score_0_10,7026,7026,,5110,3850.2141106746867,available,"{""definition"": ""Weighted mean of source five-category loneliness item, rescaled (x-1)/4*10."", ""notes"": [], ""weight"": ""wtb1"", ""uncertainty"": ""Effective n reflects weight dispersion only. Household clustering/strata are not corrected. No significance or confidence claim."", ""structural_no_support_counts"": {""sick"": 804, ""money"": 804, ""emotion"": 804}}",4.268832714753374,-0.5152785981173182,response_wording_changed
seoul_survey,2024,,seoul_2024,seoul,30s,loneliness_outside_agree,0.1658819693007052,proportion,7026,7026,1175.0,5110,3850.2141106746867,available,"{""definition"": ""Responses 4 or 5 to the specific loneliness item."", ""notes"": [], ""weight"": ""wtb1"", ""uncertainty"": ""Effective n reflects weight dispersion only. Household clustering/strata are not corrected. No significance or confidence claim."", ""structural_no_support_counts"": {""sick"": 804, ""money"": 804, ""emotion"": 804}}",0.21479008052602316,-0.04890811122531796,response_wording_changed
seoul_survey,2024,,seoul_2024,seoul,30s,no_support3_and_lonely_outside,0.021786050728680135,proportion,7026,7026,161.0,5110,3850.2141106746867,available,"{""definition"": ""Intersection of no helper in all three situations and outside-family loneliness response 4/5. Not an isolation diagnosis."", ""notes"": [], ""weight"": ""wtb1"", ""uncertainty"": ""Effective n reflects weight dispersion only. Household clustering/strata are not corrected. No significance or confidence claim."", ""structural_no_support_counts"": {""sick"": 804, ""money"": 804, ""emotion"": 804}}",0.03332377963016724,-0.011537728901487108,descriptive_only_not_significance
seoul_survey,2024,,seoul_2024,seoul,40s,no_support_parent,0.13269962316145864,proportion,6477,6477,866.0,4443,3877.298653524324,available,"{""definition"": ""No helper in this situation; general-no branch inferred for the three specific support items."", ""notes"": [], ""weight"": ""wtb1"", ""uncertainty"": ""Effective n reflects weight dispersion only. Household clustering/strata are not corrected. No significance or confidence claim."", ""structural_no_support_counts"": {""sick"": 866, ""money"": 866, ""emotion"": 866}}",0.151164028800409,-0.018464405638950354,descriptive_only_not_significance
seoul_survey,2024,,seoul_2024,seoul,40s,no_support_sick,0.16797185805146725,proportion,6477,6477,1066.0,4443,3877.298653524324,available,"{""definition"": ""No helper in this situation; general-no branch inferred for the three specific support items."", ""notes"": [], ""weight"": ""wtb1"", ""uncertainty"": ""Effective n reflects weight dispersion only. Household clustering/strata are not corrected. No significance or confidence claim."", ""structural_no_support_counts"": {""sick"": 866, ""money"": 866, ""emotion"": 866}}",0.1791041378796374,-0.011132279828170139,descriptive_only_not_significance
seoul_survey,2024,,seoul_2024,seoul,40s,no_support_money,0.28946718510329134,proportion,6477,6477,1867.0,4443,3877.298653524324,available,"{""definition"": ""No helper in this situation; general-no branch inferred for the three specific support items."", ""notes"": [], ""weight"": ""wtb1"", ""uncertainty"": ""Effective n reflects weight dispersion only. Household clustering/strata are not corrected. No significance or confidence claim."", ""structural_no_support_counts"": {""sick"": 866, ""money"": 866, ""emotion"": 866}}",0.2921971418646083,-0.0027299567613169873,descriptive_only_not_significance
seoul_survey,2024,,seoul_2024,seoul,40s,no_support_emotion,0.17504375708425354,proportion,6477,6477,1154.0,4443,3877.298653524324,available,"{""definition"": ""No helper in this situation; general-no branch inferred for the three specific support items."", ""notes"": [], ""weight"": ""wtb1"", ""uncertainty"": ""Effective n reflects weight dispersion only. Household clustering/strata are not corrected. No significance or confidence claim."", ""structural_no_support_counts"": {""sick"": 866, ""money"": 866, ""emotion"": 866}}",0.2027760447090862,-0.027732287624832652,descriptive_only_not_significance
seoul_survey,2024,,seoul_2024,seoul,40s,no_support_all3,0.1395405820018957,proportion,6477,6477,906.0,4443,3877.298653524324,available,"{""definition"": ""No helper for all three situations (illness, money, emotional conversation)."", ""notes"": [], ""weight"": ""wtb1"", ""uncertainty"": ""Effective n reflects weight dispersion only. Household clustering/strata are not corrected. No significance or confidence claim."", ""structural_no_support_counts"": {""sick"": 866, ""money"": 866, ""emotion"": 866}}",0.15599948583596226,-0.016458903834066563,descriptive_only_not_significance
seoul_survey,2024,,seoul_2024,seoul,40s,loneliness_family_mean10,3.675964195575265,score_0_10,6477,6477,,4443,3877.298653524324,available,"{""definition"": ""Weighted mean of source five-category loneliness item, rescaled (x-1)/4*10."", ""notes"": [], ""weight"": ""wtb1"", ""uncertainty"": ""Effective n reflects weight dispersion only. Household clustering/strata are not corrected. No significance or confidence claim."", ""structural_no_support_counts"": {""sick"": 866, ""money"": 866, ""emotion"": 866}}",4.380260807854918,-0.704296612279653,response_wording_changed
seoul_survey,2024,,seoul_2024,seoul,40s,loneliness_family_agree,0.15180346447034207,proportion,6477,6477,1012.0,4443,3877.298653524324,available,"{""definition"": ""Responses 4 or 5 to the specific loneliness item."", ""notes"": [], ""weight"": ""wtb1"", ""uncertainty"": ""Effective n reflects weight dispersion only. Household clustering/strata are not corrected. No significance or confidence claim."", ""structural_no_support_counts"": {""sick"": 866, ""money"": 866, ""emotion"": 866}}",0.2456267903896865,-0.09382332591934442,response_wording_changed
seoul_survey,2024,,seoul_2024,seoul,40s,loneliness_outside_mean10,3.7139517469036383,score_0_10,6477,6477,,4443,3877.298653524324,available,"{""definition"": ""Weighted mean of source five-category loneliness item, rescaled (x-1)/4*10."", ""notes"": [], ""weight"": ""wtb1"", ""uncertainty"": ""Effective n reflects weight dispersion only. Household clustering/strata are not corrected. No significance or confidence claim."", ""structural_no_support_counts"": {""sick"": 866, ""money"": 866, ""emotion"": 866}}",4.2358198844589605,-0.5218681375553222,response_wording_changed
seoul_survey,2024,,seoul_2024,seoul,40s,loneliness_outside_agree,0.15820393603246996,proportion,6477,6477,1119.0,4443,3877.298653524324,available,"{""definition"": ""Responses 4 or 5 to the specific loneliness item."", ""notes"": [], ""weight"": ""wtb1"", ""uncertainty"": ""Effective n reflects weight dispersion only. Household clustering/strata are not corrected. No significance or confidence claim."", ""structural_no_support_counts"": {""sick"": 866, ""money"": 866, ""emotion"": 866}}",0.19354476165241477,-0.03534082561994481,response_wording_changed
seoul_survey,2024,,seoul_2024,seoul,40s,no_support3_and_lonely_outside,0.023405410683747283,proportion,6477,6477,175.0,4443,3877.298653524324,available,"{""definition"": ""Intersection of no helper in all three situations and outside-family loneliness response 4/5. Not an isolation diagnosis."", ""notes"": [], ""weight"": ""wtb1"", ""uncertainty"": ""Effective n reflects weight dispersion only. Household clustering/strata are not corrected. No significance or confidence claim."", ""structural_no_support_counts"": {""sick"": 866, ""money"": 866, ""emotion"": 866}}",0.026556219742991004,-0.003150809059243722,descriptive_only_not_significance
seoul_survey,2024,,seoul_2024,seoul,50s,no_support_parent,0.13875339600616088,proportion,6765,6765,950.0,4714,4062.1338261942647,available,"{""definition"": ""No helper in this situation; general-no branch inferred for the three specific support items."", ""notes"": [], ""weight"": ""wtb1"", ""uncertainty"": ""Effective n reflects weight dispersion only. Household clustering/strata are not corrected. No significance or confidence claim."", ""structural_no_support_counts"": {""sick"": 950, ""money"": 950, ""emotion"": 950}}",0.1573357470840189,-0.018582351077858023,descriptive_only_not_significance
seoul_survey,2024,,seoul_2024,seoul,50s,no_support_sick,0.1758819122937314,proportion,6765,6765,1181.0,4714,4062.1338261942647,available,"{""definition"": ""No helper in this situation; general-no branch inferred for the three specific support items."", ""notes"": [], ""weight"": ""wtb1"", ""uncertainty"": ""Effective n reflects weight dispersion only. Household clustering/strata are not corrected. No significance or confidence claim."", ""structural_no_support_counts"": {""sick"": 950, ""money"": 950, ""emotion"": 950}}",0.1873148670304601,-0.011432954736728701,descriptive_only_not_significance
seoul_survey,2024,,seoul_2024,seoul,50s,no_support_money,0.3007756390939999,proportion,6765,6765,2014.0,4714,4062.1338261942647,available,"{""definition"": ""No helper in this situation; general-no branch inferred for the three specific support items."", ""notes"": [], ""weight"": ""wtb1"", ""uncertainty"": ""Effective n reflects weight dispersion only. Household clustering/strata are not corrected. No significance or confidence claim."", ""structural_no_support_counts"": {""sick"": 950, ""money"": 950, ""emotion"": 950}}",0.2996849994584089,0.0010906396355910286,descriptive_only_not_significance
seoul_survey,2024,,seoul_2024,seoul,50s,no_support_emotion,0.19054962870518166,proportion,6765,6765,1283.0,4714,4062.1338261942647,available,"{""definition"": ""No helper in this situation; general-no branch inferred for the three specific support items."", ""notes"": [], ""weight"": ""wtb1"", ""uncertainty"": ""Effective n reflects weight dispersion only. Household clustering/strata are not corrected. No significance or confidence claim."", ""structural_no_support_counts"": {""sick"": 950, ""money"": 950, ""emotion"": 950}}",0.2201247022661227,-0.02957507356094105,descriptive_only_not_significance
seoul_survey,2024,,seoul_2024,seoul,50s,no_support_all3,0.14575965347140216,proportion,6765,6765,996.0,4714,4062.1338261942647,available,"{""definition"": ""No helper for all three situations (illness, money, emotional conversation)."", ""notes"": [], ""weight"": ""wtb1"", ""uncertainty"": ""Effective n reflects weight dispersion only. Household clustering/strata are not corrected. No significance or confidence claim."", ""structural_no_support_counts"": {""sick"": 950, ""money"": 950, ""emotion"": 950}}",0.16606178615345005,-0.02030213268204789,descriptive_only_not_significance
seoul_survey,2024,,seoul_2024,seoul,50s,loneliness_family_mean10,4.030210436819087,score_0_10,6765,6765,,4714,4062.1338261942647,available,"{""definition"": ""Weighted mean of source five-category loneliness item, rescaled (x-1)/4*10."", ""notes"": [], ""weight"": ""wtb1"", ""uncertainty"": ""Effective n reflects weight dispersion only. Household clustering/strata are not corrected. No significance or confidence claim."", ""structural_no_support_counts"": {""sick"": 950, ""money"": 950, ""emotion"": 950}}",4.481472351360864,-0.4512619145417771,response_wording_changed
seoul_survey,2024,,seoul_2024,seoul,50s,loneliness_family_agree,0.18993043221984796,proportion,6765,6765,1227.0,4714,4062.1338261942647,available,"{""definition"": ""Responses 4 or 5 to the specific loneliness item."", ""notes"": [], ""weight"": ""wtb1"", ""uncertainty"": ""Effective n reflects weight dispersion only. Household clustering/strata are not corrected. No significance or confidence claim."", ""structural_no_support_counts"": {""sick"": 950, ""money"": 950, ""emotion"": 950}}",0.2365521897338259,-0.04662175751397796,response_wording_changed
seoul_survey,2024,,seoul_2024,seoul,50s,loneliness_outside_mean10,3.993759896756673,score_0_10,6765,6765,,4714,4062.1338261942647,available,"{""definition"": ""Weighted mean of source five-category loneliness item, rescaled (x-1)/4*10."", ""notes"": [], ""weight"": ""wtb1"", ""uncertainty"": ""Effective n reflects weight dispersion only. Household clustering/strata are not corrected. No significance or confidence claim."", ""structural_no_support_counts"": {""sick"": 950, ""money"": 950, ""emotion"": 950}}",4.404757393373185,-0.4109974966165115,response_wording_changed
seoul_survey,2024,,seoul_2024,seoul,50s,loneliness_outside_agree,0.1852223413888749,proportion,6765,6765,1266.0,4714,4062.1338261942647,available,"{""definition"": ""Responses 4 or 5 to the specific loneliness item."", ""notes"": [], ""weight"": ""wtb1"", ""uncertainty"": ""Effective n reflects weight dispersion only. Household clustering/strata are not corrected. No significance or confidence claim."", ""structural_no_support_counts"": {""sick"": 950, ""money"": 950, ""emotion"": 950}}",0.20518229538799074,-0.019959953999115848,response_wording_changed
seoul_survey,2024,,seoul_2024,seoul,50s,no_support3_and_lonely_outside,0.031453578944183734,proportion,6765,6765,215.0,4714,4062.1338261942647,available,"{""definition"": ""Intersection of no helper in all three situations and outside-family loneliness response 4/5. Not an isolation diagnosis."", ""notes"": [], ""weight"": ""wtb1"", ""uncertainty"": ""Effective n reflects weight dispersion only. Household clustering/strata are not corrected. No significance or confidence claim."", ""structural_no_support_counts"": {""sick"": 950, ""money"": 950, ""emotion"": 950}}",0.03647299836471853,-0.005019419420534799,descriptive_only_not_significance
seoul_survey,2024,,seoul_2024,seoul,60plus,no_support_parent,0.19519259582735154,proportion,12325,12325,2377.0,8473,5680.165116643566,available,"{""definition"": ""No helper in this situation; general-no branch inferred for the three specific support items."", ""notes"": [], ""weight"": ""wtb1"", ""uncertainty"": ""Effective n reflects weight dispersion only. Household clustering/strata are not corrected. No significance or confidence claim."", ""structural_no_support_counts"": {""sick"": 2377, ""money"": 2377, ""emotion"": 2377}}",0.19332373653263107,0.0018688592947204707,descriptive_only_not_significance
seoul_survey,2024,,seoul_2024,seoul,60plus,no_support_sick,0.24324622063954962,proportion,12325,12325,2890.0,8473,5680.165116643566,available,"{""definition"": ""No helper in this situation; general-no branch inferred for the three specific support items."", ""notes"": [], ""weight"": ""wtb1"", ""uncertainty"": ""Effective n reflects weight dispersion only. Household clustering/strata are not corrected. No significance or confidence claim."", ""structural_no_support_counts"": {""sick"": 2377, ""money"": 2377, ""emotion"": 2377}}",0.22856549707003848,0.01468072356951114,descriptive_only_not_significance
seoul_survey,2024,,seoul_2024,seoul,60plus,no_support_money,0.41495239319281246,proportion,12325,12325,4802.0,8473,5680.165116643566,available,"{""definition"": ""No helper in this situation; general-no branch inferred for the three specific support items."", ""notes"": [], ""weight"": ""wtb1"", ""uncertainty"": ""Effective n reflects weight dispersion only. Household clustering/strata are not corrected. No significance or confidence claim."", ""structural_no_support_counts"": {""sick"": 2377, ""money"": 2377, ""emotion"": 2377}}",0.40069707005817384,0.01425532313463862,descriptive_only_not_significance
seoul_survey,2024,,seoul_2024,seoul,60plus,no_support_emotion,0.2606926894190497,proportion,12325,12325,3176.0,8473,5680.165116643566,available,"{""definition"": ""No helper in this situation; general-no branch inferred for the three specific support items."", ""notes"": [], ""weight"": ""wtb1"", ""uncertainty"": ""Effective n reflects weight dispersion only. Household clustering/strata are not corrected. No significance or confidence claim."", ""structural_no_support_counts"": {""sick"": 2377, ""money"": 2377, ""emotion"": 2377}}",0.278268660367072,-0.017575970948022268,descriptive_only_not_significance
seoul_survey,2024,,seoul_2024,seoul,60plus,no_support_all3,0.20591537678954958,proportion,12325,12325,2502.0,8473,5680.165116643566,available,"{""definition"": ""No helper for all three situations (illness, money, emotional conversation)."", ""notes"": [], ""weight"": ""wtb1"", ""uncertainty"": ""Effective n reflects weight dispersion only. Household clustering/strata are not corrected. No significance or confidence claim."", ""structural_no_support_counts"": {""sick"": 2377, ""money"": 2377, ""emotion"": 2377}}",0.20382058483297444,0.002094791956575137,descriptive_only_not_significance
seoul_survey,2024,,seoul_2024,seoul,60plus,loneliness_family_mean10,4.483458590388143,score_0_10,12325,12325,,8473,5680.165116643566,available,"{""definition"": ""Weighted mean of source five-category loneliness item, rescaled (x-1)/4*10."", ""notes"": [], ""weight"": ""wtb1"", ""uncertainty"": ""Effective n reflects weight dispersion only. Household clustering/strata are not corrected. No significance or confidence claim."", ""structural_no_support_counts"": {""sick"": 2377, ""money"": 2377, ""emotion"": 2377}}",5.0025450109921215,-0.519086420603978,response_wording_changed
seoul_survey,2024,,seoul_2024,seoul,60plus,loneliness_family_agree,0.2569253972397014,proportion,12325,12325,2972.0,8473,5680.165116643566,available,"{""definition"": ""Responses 4 or 5 to the specific loneliness item."", ""notes"": [], ""weight"": ""wtb1"", ""uncertainty"": ""Effective n reflects weight dispersion only. Household clustering/strata are not corrected. No significance or confidence claim."", ""structural_no_support_counts"": {""sick"": 2377, ""money"": 2377, ""emotion"": 2377}}",0.33105896794378203,-0.07413357070408061,response_wording_changed
seoul_survey,2024,,seoul_2024,seoul,60plus,loneliness_outside_mean10,4.451956586799366,score_0_10,12325,12325,,8473,5680.165116643566,available,"{""definition"": ""Weighted mean of source five-category loneliness item, rescaled (x-1)/4*10."", ""notes"": [], ""weight"": ""wtb1"", ""uncertainty"": ""Effective n reflects weight dispersion only. Household clustering/strata are not corrected. No significance or confidence claim."", ""structural_no_support_counts"": {""sick"": 2377, ""money"": 2377, ""emotion"": 2377}}",4.872189475700422,-0.42023288890105626,response_wording_changed
seoul_survey,2024,,seoul_2024,seoul,60plus,loneliness_outside_agree,0.24755857117585323,proportion,12325,12325,2910.0,8473,5680.165116643566,available,"{""definition"": ""Responses 4 or 5 to the specific loneliness item."", ""notes"": [], ""weight"": ""wtb1"", ""uncertainty"": ""Effective n reflects weight dispersion only. Household clustering/strata are not corrected. No significance or confidence claim."", ""structural_no_support_counts"": {""sick"": 2377, ""money"": 2377, ""emotion"": 2377}}",0.2874650484100063,-0.03990647723415308,response_wording_changed
seoul_survey,2024,,seoul_2024,seoul,60plus,no_support3_and_lonely_outside,0.0668278331281139,proportion,12325,12325,727.0,8473,5680.165116643566,available,"{""definition"": ""Intersection of no helper in all three situations and outside-family loneliness response 4/5. Not an isolation diagnosis."", ""notes"": [], ""weight"": ""wtb1"", ""uncertainty"": ""Effective n reflects weight dispersion only. Household clustering/strata are not corrected. No significance or confidence claim."", ""structural_no_support_counts"": {""sick"": 2377, ""money"": 2377, ""emotion"": 2377}}",0.06550520612383233,0.001322627004281568,descriptive_only_not_significance
seoul_survey,2025,,seoul_2025,gangnam,all15plus,no_support_parent,0.042116511410508234,proportion,1702,1702,71.0,935,1036.788655720662,available,"{""definition"": ""No helper in this situation; general-no branch inferred for the three specific support items."", ""notes"": [], ""weight"": ""wtb1"", ""uncertainty"": ""Effective n reflects weight dispersion only. Household clustering/strata are not corrected. No significance or confidence claim."", ""structural_no_support_counts"": {""sick"": 71, ""money"": 71, ""emotion"": 71}}",0.11286845019803574,-0.0707519387875275,descriptive_only_not_significance
seoul_survey,2025,,seoul_2025,gangnam,all15plus,no_support_sick,0.055344454000966076,proportion,1702,1702,91.0,935,1036.788655720662,available,"{""definition"": ""No helper in this situation; general-no branch inferred for the three specific support items."", ""notes"": [], ""weight"": ""wtb1"", ""uncertainty"": ""Effective n reflects weight dispersion only. Household clustering/strata are not corrected. No significance or confidence claim."", ""structural_no_support_counts"": {""sick"": 71, ""money"": 71, ""emotion"": 71}}",0.12516065442777113,-0.06981620042680506,descriptive_only_not_significance
seoul_survey,2025,,seoul_2025,gangnam,all15plus,no_support_money,0.12093133310225071,proportion,1702,1702,204.0,935,1036.788655720662,available,"{""definition"": ""No helper in this situation; general-no branch inferred for the three specific support items."", ""notes"": [], ""weight"": ""wtb1"", ""uncertainty"": ""Effective n reflects weight dispersion only. Household clustering/strata are not corrected. No significance or confidence claim."", ""structural_no_support_counts"": {""sick"": 71, ""money"": 71, ""emotion"": 71}}",0.19134775742932,-0.0704164243270693,descriptive_only_not_significance
seoul_survey,2025,,seoul_2025,gangnam,all15plus,no_support_emotion,0.07803703863612875,proportion,1702,1702,155.0,935,1036.788655720662,available,"{""definition"": ""No helper in this situation; general-no branch inferred for the three specific support items."", ""notes"": [], ""weight"": ""wtb1"", ""uncertainty"": ""Effective n reflects weight dispersion only. Household clustering/strata are not corrected. No significance or confidence claim."", ""structural_no_support_counts"": {""sick"": 71, ""money"": 71, ""emotion"": 71}}",0.1537120832585532,-0.07567504462242446,descriptive_only_not_significance
seoul_survey,2025,,seoul_2025,gangnam,all15plus,no_support_all3,0.04246734428146377,proportion,1702,1702,73.0,935,1036.788655720662,available,"{""definition"": ""No helper for all three situations (illness, money, emotional conversation)."", ""notes"": [], ""weight"": ""wtb1"", ""uncertainty"": ""Effective n reflects weight dispersion only. Household clustering/strata are not corrected. No significance or confidence claim."", ""structural_no_support_counts"": {""sick"": 71, ""money"": 71, ""emotion"": 71}}",0.11875459399291999,-0.07628724971145621,descriptive_only_not_significance
seoul_survey,2025,,seoul_2025,gangnam,all15plus,loneliness_family_mean10,3.186214049391947,score_0_10,1702,1702,,935,1036.788655720662,available,"{""definition"": ""Weighted mean of source five-category loneliness item, rescaled (x-1)/4*10."", ""notes"": [], ""weight"": ""wtb1"", ""uncertainty"": ""Effective n reflects weight dispersion only. Household clustering/strata are not corrected. No significance or confidence claim."", ""structural_no_support_counts"": {""sick"": 71, ""money"": 71, ""emotion"": 71}}",3.2375466308224383,-0.05133258143049124,descriptive_only_not_significance
seoul_survey,2025,,seoul_2025,gangnam,all15plus,loneliness_family_agree,0.0872231426424915,proportion,1702,1702,133.0,935,1036.788655720662,available,"{""definition"": ""Responses 4 or 5 to the specific loneliness item."", ""notes"": [], ""weight"": ""wtb1"", ""uncertainty"": ""Effective n reflects weight dispersion only. Household clustering/strata are not corrected. No significance or confidence claim."", ""structural_no_support_counts"": {""sick"": 71, ""money"": 71, ""emotion"": 71}}",0.11471866246185651,-0.027495519819365016,descriptive_only_not_significance
seoul_survey,2025,,seoul_2025,gangnam,all15plus,loneliness_outside_mean10,2.796444707574523,score_0_10,1702,1702,,935,1036.788655720662,available,"{""definition"": ""Weighted mean of source five-category loneliness item, rescaled (x-1)/4*10."", ""notes"": [], ""weight"": ""wtb1"", ""uncertainty"": ""Effective n reflects weight dispersion only. Household clustering/strata are not corrected. No significance or confidence claim."", ""structural_no_support_counts"": {""sick"": 71, ""money"": 71, ""emotion"": 71}}",3.1683828357189667,-0.3719381281444436,descriptive_only_not_significance
seoul_survey,2025,,seoul_2025,gangnam,all15plus,loneliness_outside_agree,0.0933426164384074,proportion,1702,1702,136.0,935,1036.788655720662,available,"{""definition"": ""Responses 4 or 5 to the specific loneliness item."", ""notes"": [], ""weight"": ""wtb1"", ""uncertainty"": ""Effective n reflects weight dispersion only. Household clustering/strata are not corrected. No significance or confidence claim."", ""structural_no_support_counts"": {""sick"": 71, ""money"": 71, ""emotion"": 71}}",0.07646832539855569,0.016874291039851705,descriptive_only_not_significance
seoul_survey,2025,,seoul_2025,gangnam,all15plus,no_support3_and_lonely_outside,0.008854318744144463,proportion,1702,1702,17.0,935,1036.788655720662,available,"{""definition"": ""Intersection of no helper in all three situations and outside-family loneliness response 4/5. Not an isolation diagnosis."", ""notes"": [], ""weight"": ""wtb1"", ""uncertainty"": ""Effective n reflects weight dispersion only. Household clustering/strata are not corrected. No significance or confidence claim."", ""structural_no_support_counts"": {""sick"": 71, ""money"": 71, ""emotion"": 71}}",0.012941553146245989,-0.004087234402101526,descriptive_only_not_significance
seoul_survey,2025,,seoul_2025,gangnam,all15plus,loneliness_companionship_mean10,2.585883111109235,score_0_10,1702,1702,,935,1036.788655720662,available,"{""definition"": ""New 2025 item, no preceding-year comparison."", ""notes"": [], ""weight"": ""wtb1"", ""uncertainty"": ""Effective n reflects weight dispersion only. Household clustering/strata are not corrected. No significance or confidence claim."", ""structural_no_support_counts"": {""sick"": 71, ""money"": 71, ""emotion"": 71}}",,,no_previous_year
seoul_survey,2025,,seoul_2025,gangnam,all15plus,loneliness_companionship_agree,0.06628350781085027,proportion,1702,1702,93.0,935,1036.788655720662,available,"{""definition"": ""New 2025 item responses 4/5, no preceding-year comparison."", ""notes"": [], ""weight"": ""wtb1"", ""uncertainty"": ""Effective n reflects weight dispersion only. Household clustering/strata are not corrected. No significance or confidence claim."", ""structural_no_support_counts"": {""sick"": 71, ""money"": 71, ""emotion"": 71}}",,,no_previous_year
seoul_survey,2025,,seoul_2025,gangnam,all15plus,loneliness_left_alone_mean10,2.4881287756543617,score_0_10,1702,1702,,935,1036.788655720662,available,"{""definition"": ""New 2025 item, no preceding-year comparison."", ""notes"": [], ""weight"": ""wtb1"", ""uncertainty"": ""Effective n reflects weight dispersion only. Household clustering/strata are not corrected. No significance or confidence claim."", ""structural_no_support_counts"": {""sick"": 71, ""money"": 71, ""emotion"": 71}}",,,no_previous_year
seoul_survey,2025,,seoul_2025,gangnam,all15plus,loneliness_left_alone_agree,0.055448085193569516,proportion,1702,1702,86.0,935,1036.788655720662,available,"{""definition"": ""New 2025 item responses 4/5, no preceding-year comparison."", ""notes"": [], ""weight"": ""wtb1"", ""uncertainty"": ""Effective n reflects weight dispersion only. Household clustering/strata are not corrected. No significance or confidence claim."", ""structural_no_support_counts"": {""sick"": 71, ""money"": 71, ""emotion"": 71}}",,,no_previous_year
seoul_survey,2025,,seoul_2025,gangnam,all15plus,loneliness_among_people_mean10,2.381862311524387,score_0_10,1702,1702,,935,1036.788655720662,available,"{""definition"": ""New 2025 item, no preceding-year comparison."", ""notes"": [], ""weight"": ""wtb1"", ""uncertainty"": ""Effective n reflects weight dispersion only. Household clustering/strata are not corrected. No significance or confidence claim."", ""structural_no_support_counts"": {""sick"": 71, ""money"": 71, ""emotion"": 71}}",,,no_previous_year
seoul_survey,2025,,seoul_2025,gangnam,all15plus,loneliness_among_people_agree,0.06631493175094909,proportion,1702,1702,102.0,935,1036.788655720662,available,"{""definition"": ""New 2025 item responses 4/5, no preceding-year comparison."", ""notes"": [], ""weight"": ""wtb1"", ""uncertainty"": ""Effective n reflects weight dispersion only. Household clustering/strata are not corrected. No significance or confidence claim."", ""structural_no_support_counts"": {""sick"": 71, ""money"": 71, ""emotion"": 71}}",,,no_previous_year
seoul_survey,2025,,seoul_2025,gangnam,20s,no_support_parent,0.022074107097766388,proportion,105,105,4.0,102,66.29018210534454,available,"{""definition"": ""No helper in this situation; general-no branch inferred for the three specific support items."", ""notes"": [""sparse_response_count""], ""weight"": ""wtb1"", ""uncertainty"": ""Effective n reflects weight dispersion only. Household clustering/strata are not corrected. No significance or confidence claim."", ""structural_no_support_counts"": {""sick"": 4, ""money"": 4, ""emotion"": 4}}",0.021240397479936238,0.0008337096178301501,descriptive_only_not_significance
seoul_survey,2025,,seoul_2025,gangnam,20s,no_support_sick,0.04317403595954941,proportion,105,105,5.0,102,66.29018210534454,available,"{""definition"": ""No helper in this situation; general-no branch inferred for the three specific support items."", ""notes"": [], ""weight"": ""wtb1"", ""uncertainty"": ""Effective n reflects weight dispersion only. Household clustering/strata are not corrected. No significance or confidence claim."", ""structural_no_support_counts"": {""sick"": 4, ""money"": 4, ""emotion"": 4}}",0.03649694807227138,0.006677087887278034,descriptive_only_not_significance
seoul_survey,2025,,seoul_2025,gangnam,20s,no_support_money,0.06110795646195866,proportion,105,105,8.0,102,66.29018210534454,available,"{""definition"": ""No helper in this situation; general-no branch inferred for the three specific support items."", ""notes"": [], ""weight"": ""wtb1"", ""uncertainty"": ""Effective n reflects weight dispersion only. Household clustering/strata are not corrected. No significance or confidence claim."", ""structural_no_support_counts"": {""sick"": 4, ""money"": 4, ""emotion"": 4}}",0.06245763482619725,-0.0013496783642385907,descriptive_only_not_significance
seoul_survey,2025,,seoul_2025,gangnam,20s,no_support_emotion,0.045064200304174955,proportion,105,105,8.0,102,66.29018210534454,available,"{""definition"": ""No helper in this situation; general-no branch inferred for the three specific support items."", ""notes"": [], ""weight"": ""wtb1"", ""uncertainty"": ""Effective n reflects weight dispersion only. Household clustering/strata are not corrected. No significance or confidence claim."", ""structural_no_support_counts"": {""sick"": 4, ""money"": 4, ""emotion"": 4}}",0.03133415224671281,0.013730048057462148,descriptive_only_not_significance
seoul_survey,2025,,seoul_2025,gangnam,20s,no_support_all3,0.022074107097766388,proportion,105,105,4.0,102,66.29018210534454,available,"{""definition"": ""No helper for all three situations (illness, money, emotional conversation)."", ""notes"": [""sparse_response_count""], ""weight"": ""wtb1"", ""uncertainty"": ""Effective n reflects weight dispersion only. Household clustering/strata are not corrected. No significance or confidence claim."", ""structural_no_support_counts"": {""sick"": 4, ""money"": 4, ""emotion"": 4}}",0.03133415224671281,-0.00926004514894642,descriptive_only_not_significance
seoul_survey,2025,,seoul_2025,gangnam,20s,loneliness_family_mean10,2.9144527086974517,score_0_10,105,105,,102,66.29018210534454,available,"{""definition"": ""Weighted mean of source five-category loneliness item, rescaled (x-1)/4*10."", ""notes"": [], ""weight"": ""wtb1"", ""uncertainty"": ""Effective n reflects weight dispersion only. Household clustering/strata are not corrected. No significance or confidence claim."", ""structural_no_support_counts"": {""sick"": 4, ""money"": 4, ""emotion"": 4}}",3.010942464824994,-0.0964897561275424,descriptive_only_not_significance
seoul_survey,2025,,seoul_2025,gangnam,20s,loneliness_family_agree,0.06342787359942274,proportion,105,105,5.0,102,66.29018210534454,available,"{""definition"": ""Responses 4 or 5 to the specific loneliness item."", ""notes"": [], ""weight"": ""wtb1"", ""uncertainty"": ""Effective n reflects weight dispersion only. Household clustering/strata are not corrected. No significance or confidence claim."", ""structural_no_support_counts"": {""sick"": 4, ""money"": 4, ""emotion"": 4}}",0.07134258802686452,-0.00791471442744178,descriptive_only_not_significance
seoul_survey,2025,,seoul_2025,gangnam,20s,loneliness_outside_mean10,2.3024250211096766,score_0_10,105,105,,102,66.29018210534454,available,"{""definition"": ""Weighted mean of source five-category loneliness item, rescaled (x-1)/4*10."", ""notes"": [], ""weight"": ""wtb1"", ""uncertainty"": ""Effective n reflects weight dispersion only. Household clustering/strata are not corrected. No significance or confidence claim."", ""structural_no_support_counts"": {""sick"": 4, ""money"": 4, ""emotion"": 4}}",2.9116503852681963,-0.6092253641585197,descriptive_only_not_significance
seoul_survey,2025,,seoul_2025,gangnam,20s,loneliness_outside_agree,0.003821028289834791,proportion,105,105,1.0,102,66.29018210534454,available,"{""definition"": ""Responses 4 or 5 to the specific loneliness item."", ""notes"": [""sparse_response_count""], ""weight"": ""wtb1"", ""uncertainty"": ""Effective n reflects weight dispersion only. Household clustering/strata are not corrected. No significance or confidence claim."", ""structural_no_support_counts"": {""sick"": 4, ""money"": 4, ""emotion"": 4}}",0.04983791924048888,-0.04601689095065409,descriptive_only_not_significance
seoul_survey,2025,,seoul_2025,gangnam,20s,no_support3_and_lonely_outside,0.0,proportion,105,105,0.0,102,66.29018210534454,available,"{""definition"": ""Intersection of no helper in all three situations and outside-family loneliness response 4/5. Not an isolation diagnosis."", ""notes"": [""sparse_response_count""], ""weight"": ""wtb1"", ""uncertainty"": ""Effective n reflects weight dispersion only. Household clustering/strata are not corrected. No significance or confidence claim."", ""structural_no_support_counts"": {""sick"": 4, ""money"": 4, ""emotion"": 4}}",0.0,0.0,descriptive_only_not_significance
seoul_survey,2025,,seoul_2025,gangnam,20s,loneliness_companionship_mean10,2.2942914315452145,score_0_10,105,105,,102,66.29018210534454,available,"{""definition"": ""New 2025 item, no preceding-year comparison."", ""notes"": [], ""weight"": ""wtb1"", ""uncertainty"": ""Effective n reflects weight dispersion only. Household clustering/strata are not corrected. No significance or confidence claim."", ""structural_no_support_counts"": {""sick"": 4, ""money"": 4, ""emotion"": 4}}",,,no_previous_year
seoul_survey,2025,,seoul_2025,gangnam,20s,loneliness_companionship_agree,0.04505355646170789,proportion,105,105,2.0,102,66.29018210534454,available,"{""definition"": ""New 2025 item responses 4/5, no preceding-year comparison."", ""notes"": [""sparse_response_count""], ""weight"": ""wtb1"", ""uncertainty"": ""Effective n reflects weight dispersion only. Household clustering/strata are not corrected. No significance or confidence claim."", ""structural_no_support_counts"": {""sick"": 4, ""money"": 4, ""emotion"": 4}}",,,no_previous_year
seoul_survey,2025,,seoul_2025,gangnam,20s,loneliness_left_alone_mean10,2.233044239307415,score_0_10,105,105,,102,66.29018210534454,available,"{""definition"": ""New 2025 item, no preceding-year comparison."", ""notes"": [], ""weight"": ""wtb1"", ""uncertainty"": ""Effective n reflects weight dispersion only. Household clustering/strata are not corrected. No significance or confidence claim."", ""structural_no_support_counts"": {""sick"": 4, ""money"": 4, ""emotion"": 4}}",,,no_previous_year
seoul_survey,2025,,seoul_2025,gangnam,20s,loneliness_left_alone_agree,0.03354192173271457,proportion,105,105,3.0,102,66.29018210534454,available,"{""definition"": ""New 2025 item responses 4/5, no preceding-year comparison."", ""notes"": [""sparse_response_count""], ""weight"": ""wtb1"", ""uncertainty"": ""Effective n reflects weight dispersion only. Household clustering/strata are not corrected. No significance or confidence claim."", ""structural_no_support_counts"": {""sick"": 4, ""money"": 4, ""emotion"": 4}}",,,no_previous_year
seoul_survey,2025,,seoul_2025,gangnam,20s,loneliness_among_people_mean10,2.178454143375148,score_0_10,105,105,,102,66.29018210534454,available,"{""definition"": ""New 2025 item, no preceding-year comparison."", ""notes"": [], ""weight"": ""wtb1"", ""uncertainty"": ""Effective n reflects weight dispersion only. Household clustering/strata are not corrected. No significance or confidence claim."", ""structural_no_support_counts"": {""sick"": 4, ""money"": 4, ""emotion"": 4}}",,,no_previous_year
seoul_survey,2025,,seoul_2025,gangnam,20s,loneliness_among_people_agree,0.10182542019289809,proportion,105,105,6.0,102,66.29018210534454,available,"{""definition"": ""New 2025 item responses 4/5, no preceding-year comparison."", ""notes"": [], ""weight"": ""wtb1"", ""uncertainty"": ""Effective n reflects weight dispersion only. Household clustering/strata are not corrected. No significance or confidence claim."", ""structural_no_support_counts"": {""sick"": 4, ""money"": 4, ""emotion"": 4}}",,,no_previous_year
seoul_survey,2025,,seoul_2025,gangnam,30s,no_support_parent,0.015849153933295265,proportion,381,381,5.0,282,246.87877212188286,available,"{""definition"": ""No helper in this situation; general-no branch inferred for the three specific support items."", ""notes"": [], ""weight"": ""wtb1"", ""uncertainty"": ""Effective n reflects weight dispersion only. Household clustering/strata are not corrected. No significance or confidence claim."", ""structural_no_support_counts"": {""sick"": 5, ""money"": 5, ""emotion"": 5}}",0.058157226614967236,-0.04230807268167197,descriptive_only_not_significance
seoul_survey,2025,,seoul_2025,gangnam,30s,no_support_sick,0.029458723532357973,proportion,381,381,9.0,282,246.87877212188286,available,"{""definition"": ""No helper in this situation; general-no branch inferred for the three specific support items."", ""notes"": [], ""weight"": ""wtb1"", ""uncertainty"": ""Effective n reflects weight dispersion only. Household clustering/strata are not corrected. No significance or confidence claim."", ""structural_no_support_counts"": {""sick"": 5, ""money"": 5, ""emotion"": 5}}",0.0689065817335573,-0.03944785820119934,descriptive_only_not_significance
seoul_survey,2025,,seoul_2025,gangnam,30s,no_support_money,0.06382304037963395,proportion,381,381,23.0,282,246.87877212188286,available,"{""definition"": ""No helper in this situation; general-no branch inferred for the three specific support items."", ""notes"": [], ""weight"": ""wtb1"", ""uncertainty"": ""Effective n reflects weight dispersion only. Household clustering/strata are not corrected. No significance or confidence claim."", ""structural_no_support_counts"": {""sick"": 5, ""money"": 5, ""emotion"": 5}}",0.12877972525843087,-0.06495668487879692,descriptive_only_not_significance
seoul_survey,2025,,seoul_2025,gangnam,30s,no_support_emotion,0.03424014307985479,proportion,381,381,16.0,282,246.87877212188286,available,"{""definition"": ""No helper in this situation; general-no branch inferred for the three specific support items."", ""notes"": [], ""weight"": ""wtb1"", ""uncertainty"": ""Effective n reflects weight dispersion only. Household clustering/strata are not corrected. No significance or confidence claim."", ""structural_no_support_counts"": {""sick"": 5, ""money"": 5, ""emotion"": 5}}",0.06997577455291608,-0.03573563147306129,descriptive_only_not_significance
seoul_survey,2025,,seoul_2025,gangnam,30s,no_support_all3,0.015849153933295265,proportion,381,381,5.0,282,246.87877212188286,available,"{""definition"": ""No helper for all three situations (illness, money, emotional conversation)."", ""notes"": [], ""weight"": ""wtb1"", ""uncertainty"": ""Effective n reflects weight dispersion only. Household clustering/strata are not corrected. No significance or confidence claim."", ""structural_no_support_counts"": {""sick"": 5, ""money"": 5, ""emotion"": 5}}",0.061990680968940254,-0.04614152703564499,descriptive_only_not_significance
seoul_survey,2025,,seoul_2025,gangnam,30s,loneliness_family_mean10,2.769220698141567,score_0_10,381,381,,282,246.87877212188286,available,"{""definition"": ""Weighted mean of source five-category loneliness item, rescaled (x-1)/4*10."", ""notes"": [], ""weight"": ""wtb1"", ""uncertainty"": ""Effective n reflects weight dispersion only. Household clustering/strata are not corrected. No significance or confidence claim."", ""structural_no_support_counts"": {""sick"": 5, ""money"": 5, ""emotion"": 5}}",2.9522560542192218,-0.18303535607765475,descriptive_only_not_significance
seoul_survey,2025,,seoul_2025,gangnam,30s,loneliness_family_agree,0.057344056627652934,proportion,381,381,20.0,282,246.87877212188286,available,"{""definition"": ""Responses 4 or 5 to the specific loneliness item."", ""notes"": [], ""weight"": ""wtb1"", ""uncertainty"": ""Effective n reflects weight dispersion only. Household clustering/strata are not corrected. No significance or confidence claim."", ""structural_no_support_counts"": {""sick"": 5, ""money"": 5, ""emotion"": 5}}",0.057080435694895876,0.0002636209327570582,descriptive_only_not_significance
seoul_survey,2025,,seoul_2025,gangnam,30s,loneliness_outside_mean10,2.297080333068387,score_0_10,381,381,,282,246.87877212188286,available,"{""definition"": ""Weighted mean of source five-category loneliness item, rescaled (x-1)/4*10."", ""notes"": [], ""weight"": ""wtb1"", ""uncertainty"": ""Effective n reflects weight dispersion only. Household clustering/strata are not corrected. No significance or confidence claim."", ""structural_no_support_counts"": {""sick"": 5, ""money"": 5, ""emotion"": 5}}",2.851904178765781,-0.5548238456973942,descriptive_only_not_significance
seoul_survey,2025,,seoul_2025,gangnam,30s,loneliness_outside_agree,0.061742040702667554,proportion,381,381,28.0,282,246.87877212188286,available,"{""definition"": ""Responses 4 or 5 to the specific loneliness item."", ""notes"": [], ""weight"": ""wtb1"", ""uncertainty"": ""Effective n reflects weight dispersion only. Household clustering/strata are not corrected. No significance or confidence claim."", ""structural_no_support_counts"": {""sick"": 5, ""money"": 5, ""emotion"": 5}}",0.028402285987297132,0.03333975471537042,descriptive_only_not_significance
seoul_survey,2025,,seoul_2025,gangnam,30s,no_support3_and_lonely_outside,0.005153799401567264,proportion,381,381,2.0,282,246.87877212188286,available,"{""definition"": ""Intersection of no helper in all three situations and outside-family loneliness response 4/5. Not an isolation diagnosis."", ""notes"": [""sparse_response_count""], ""weight"": ""wtb1"", ""uncertainty"": ""Effective n reflects weight dispersion only. Household clustering/strata are not corrected. No significance or confidence claim."", ""structural_no_support_counts"": {""sick"": 5, ""money"": 5, ""emotion"": 5}}",0.0006060204276563324,0.004547778973910932,descriptive_only_not_significance
seoul_survey,2025,,seoul_2025,gangnam,30s,loneliness_companionship_mean10,2.2060040022845424,score_0_10,381,381,,282,246.87877212188286,available,"{""definition"": ""New 2025 item, no preceding-year comparison."", ""notes"": [], ""weight"": ""wtb1"", ""uncertainty"": ""Effective n reflects weight dispersion only. Household clustering/strata are not corrected. No significance or confidence claim."", ""structural_no_support_counts"": {""sick"": 5, ""money"": 5, ""emotion"": 5}}",,,no_previous_year
seoul_survey,2025,,seoul_2025,gangnam,30s,loneliness_companionship_agree,0.04246046425766337,proportion,381,381,16.0,282,246.87877212188286,available,"{""definition"": ""New 2025 item responses 4/5, no preceding-year comparison."", ""notes"": [], ""weight"": ""wtb1"", ""uncertainty"": ""Effective n reflects weight dispersion only. Household clustering/strata are not corrected. No significance or confidence claim."", ""structural_no_support_counts"": {""sick"": 5, ""money"": 5, ""emotion"": 5}}",,,no_previous_year
seoul_survey,2025,,seoul_2025,gangnam,30s,loneliness_left_alone_mean10,2.1423101120793837,score_0_10,381,381,,282,246.87877212188286,available,"{""definition"": ""New 2025 item, no preceding-year comparison."", ""notes"": [], ""weight"": ""wtb1"", ""uncertainty"": ""Effective n reflects weight dispersion only. Household clustering/strata are not corrected. No significance or confidence claim."", ""structural_no_support_counts"": {""sick"": 5, ""money"": 5, ""emotion"": 5}}",,,no_previous_year
seoul_survey,2025,,seoul_2025,gangnam,30s,loneliness_left_alone_agree,0.03666516097555897,proportion,381,381,14.0,282,246.87877212188286,available,"{""definition"": ""New 2025 item responses 4/5, no preceding-year comparison."", ""notes"": [], ""weight"": ""wtb1"", ""uncertainty"": ""Effective n reflects weight dispersion only. Household clustering/strata are not corrected. No significance or confidence claim."", ""structural_no_support_counts"": {""sick"": 5, ""money"": 5, ""emotion"": 5}}",,,no_previous_year
seoul_survey,2025,,seoul_2025,gangnam,30s,loneliness_among_people_mean10,1.9565479324558361,score_0_10,381,381,,282,246.87877212188286,available,"{""definition"": ""New 2025 item, no preceding-year comparison."", ""notes"": [], ""weight"": ""wtb1"", ""uncertainty"": ""Effective n reflects weight dispersion only. Household clustering/strata are not corrected. No significance or confidence claim."", ""structural_no_support_counts"": {""sick"": 5, ""money"": 5, ""emotion"": 5}}",,,no_previous_year
seoul_survey,2025,,seoul_2025,gangnam,30s,loneliness_among_people_agree,0.040424627284764536,proportion,381,381,17.0,282,246.87877212188286,available,"{""definition"": ""New 2025 item responses 4/5, no preceding-year comparison."", ""notes"": [], ""weight"": ""wtb1"", ""uncertainty"": ""Effective n reflects weight dispersion only. Household clustering/strata are not corrected. No significance or confidence claim."", ""structural_no_support_counts"": {""sick"": 5, ""money"": 5, ""emotion"": 5}}",,,no_previous_year
seoul_survey,2025,,seoul_2025,gangnam,40s,no_support_parent,0.028130173934505915,proportion,399,399,9.0,270,267.6127178425926,available,"{""definition"": ""No helper in this situation; general-no branch inferred for the three specific support items."", ""notes"": [], ""weight"": ""wtb1"", ""uncertainty"": ""Effective n reflects weight dispersion only. Household clustering/strata are not corrected. No significance or confidence claim."", ""structural_no_support_counts"": {""sick"": 9, ""money"": 9, ""emotion"": 9}}",0.13472009579082217,-0.10658992185631626,descriptive_only_not_significance
seoul_survey,2025,,seoul_2025,gangnam,40s,no_support_sick,0.04974135423895898,proportion,399,399,17.0,270,267.6127178425926,available,"{""definition"": ""No helper in this situation; general-no branch inferred for the three specific support items."", ""notes"": [], ""weight"": ""wtb1"", ""uncertainty"": ""Effective n reflects weight dispersion only. Household clustering/strata are not corrected. No significance or confidence claim."", ""structural_no_support_counts"": {""sick"": 9, ""money"": 9, ""emotion"": 9}}",0.15164080385437095,-0.10189944961541197,descriptive_only_not_significance
seoul_survey,2025,,seoul_2025,gangnam,40s,no_support_money,0.08904207175860995,proportion,399,399,34.0,270,267.6127178425926,available,"{""definition"": ""No helper in this situation; general-no branch inferred for the three specific support items."", ""notes"": [], ""weight"": ""wtb1"", ""uncertainty"": ""Effective n reflects weight dispersion only. Household clustering/strata are not corrected. No significance or confidence claim."", ""structural_no_support_counts"": {""sick"": 9, ""money"": 9, ""emotion"": 9}}",0.22382963134521516,-0.1347875595866052,descriptive_only_not_significance
seoul_survey,2025,,seoul_2025,gangnam,40s,no_support_emotion,0.06051339517232235,proportion,399,399,33.0,270,267.6127178425926,available,"{""definition"": ""No helper in this situation; general-no branch inferred for the three specific support items."", ""notes"": [], ""weight"": ""wtb1"", ""uncertainty"": ""Effective n reflects weight dispersion only. Household clustering/strata are not corrected. No significance or confidence claim."", ""structural_no_support_counts"": {""sick"": 9, ""money"": 9, ""emotion"": 9}}",0.18222377903280798,-0.12171038386048563,descriptive_only_not_significance
seoul_survey,2025,,seoul_2025,gangnam,40s,no_support_all3,0.029843477846578155,proportion,399,399,11.0,270,267.6127178425926,available,"{""definition"": ""No helper for all three situations (illness, money, emotional conversation)."", ""notes"": [], ""weight"": ""wtb1"", ""uncertainty"": ""Effective n reflects weight dispersion only. Household clustering/strata are not corrected. No significance or confidence claim."", ""structural_no_support_counts"": {""sick"": 9, ""money"": 9, ""emotion"": 9}}",0.14552908884582244,-0.11568561099924429,descriptive_only_not_significance
seoul_survey,2025,,seoul_2025,gangnam,40s,loneliness_family_mean10,3.118352310809186,score_0_10,399,399,,270,267.6127178425926,available,"{""definition"": ""Weighted mean of source five-category loneliness item, rescaled (x-1)/4*10."", ""notes"": [], ""weight"": ""wtb1"", ""uncertainty"": ""Effective n reflects weight dispersion only. Household clustering/strata are not corrected. No significance or confidence claim."", ""structural_no_support_counts"": {""sick"": 9, ""money"": 9, ""emotion"": 9}}",3.153759220598118,-0.035406909788931795,descriptive_only_not_significance
seoul_survey,2025,,seoul_2025,gangnam,40s,loneliness_family_agree,0.07675601550079716,proportion,399,399,34.0,270,267.6127178425926,available,"{""definition"": ""Responses 4 or 5 to the specific loneliness item."", ""notes"": [], ""weight"": ""wtb1"", ""uncertainty"": ""Effective n reflects weight dispersion only. Household clustering/strata are not corrected. No significance or confidence claim."", ""structural_no_support_counts"": {""sick"": 9, ""money"": 9, ""emotion"": 9}}",0.11980990678742488,-0.04305389128662772,descriptive_only_not_significance
seoul_survey,2025,,seoul_2025,gangnam,40s,loneliness_outside_mean10,2.6010101157799337,score_0_10,399,399,,270,267.6127178425926,available,"{""definition"": ""Weighted mean of source five-category loneliness item, rescaled (x-1)/4*10."", ""notes"": [], ""weight"": ""wtb1"", ""uncertainty"": ""Effective n reflects weight dispersion only. Household clustering/strata are not corrected. No significance or confidence claim."", ""structural_no_support_counts"": {""sick"": 9, ""money"": 9, ""emotion"": 9}}",3.2144138638815023,-0.6134037481015686,descriptive_only_not_significance
seoul_survey,2025,,seoul_2025,gangnam,40s,loneliness_outside_agree,0.08748158816073959,proportion,399,399,32.0,270,267.6127178425926,available,"{""definition"": ""Responses 4 or 5 to the specific loneliness item."", ""notes"": [], ""weight"": ""wtb1"", ""uncertainty"": ""Effective n reflects weight dispersion only. Household clustering/strata are not corrected. No significance or confidence claim."", ""structural_no_support_counts"": {""sick"": 9, ""money"": 9, ""emotion"": 9}}",0.08200703928482088,0.005474548875918708,descriptive_only_not_significance
seoul_survey,2025,,seoul_2025,gangnam,40s,no_support3_and_lonely_outside,0.011529357927866187,proportion,399,399,4.0,270,267.6127178425926,available,"{""definition"": ""Intersection of no helper in all three situations and outside-family loneliness response 4/5. Not an isolation diagnosis."", ""notes"": [""sparse_response_count""], ""weight"": ""wtb1"", ""uncertainty"": ""Effective n reflects weight dispersion only. Household clustering/strata are not corrected. No significance or confidence claim."", ""structural_no_support_counts"": {""sick"": 9, ""money"": 9, ""emotion"": 9}}",0.007106427000606038,0.004422930927260149,descriptive_only_not_significance
seoul_survey,2025,,seoul_2025,gangnam,40s,loneliness_companionship_mean10,2.4635646238562616,score_0_10,399,399,,270,267.6127178425926,available,"{""definition"": ""New 2025 item, no preceding-year comparison."", ""notes"": [], ""weight"": ""wtb1"", ""uncertainty"": ""Effective n reflects weight dispersion only. Household clustering/strata are not corrected. No significance or confidence claim."", ""structural_no_support_counts"": {""sick"": 9, ""money"": 9, ""emotion"": 9}}",,,no_previous_year
seoul_survey,2025,,seoul_2025,gangnam,40s,loneliness_companionship_agree,0.06908456075152924,proportion,399,399,20.0,270,267.6127178425926,available,"{""definition"": ""New 2025 item responses 4/5, no preceding-year comparison."", ""notes"": [], ""weight"": ""wtb1"", ""uncertainty"": ""Effective n reflects weight dispersion only. Household clustering/strata are not corrected. No significance or confidence claim."", ""structural_no_support_counts"": {""sick"": 9, ""money"": 9, ""emotion"": 9}}",,,no_previous_year
seoul_survey,2025,,seoul_2025,gangnam,40s,loneliness_left_alone_mean10,2.206668274099941,score_0_10,399,399,,270,267.6127178425926,available,"{""definition"": ""New 2025 item, no preceding-year comparison."", ""notes"": [], ""weight"": ""wtb1"", ""uncertainty"": ""Effective n reflects weight dispersion only. Household clustering/strata are not corrected. No significance or confidence claim."", ""structural_no_support_counts"": {""sick"": 9, ""money"": 9, ""emotion"": 9}}",,,no_previous_year
seoul_survey,2025,,seoul_2025,gangnam,40s,loneliness_left_alone_agree,0.046312205428535466,proportion,399,399,18.0,270,267.6127178425926,available,"{""definition"": ""New 2025 item responses 4/5, no preceding-year comparison."", ""notes"": [], ""weight"": ""wtb1"", ""uncertainty"": ""Effective n reflects weight dispersion only. Household clustering/strata are not corrected. No significance or confidence claim."", ""structural_no_support_counts"": {""sick"": 9, ""money"": 9, ""emotion"": 9}}",,,no_previous_year
seoul_survey,2025,,seoul_2025,gangnam,40s,loneliness_among_people_mean10,2.285772308154453,score_0_10,399,399,,270,267.6127178425926,available,"{""definition"": ""New 2025 item, no preceding-year comparison."", ""notes"": [], ""weight"": ""wtb1"", ""uncertainty"": ""Effective n reflects weight dispersion only. Household clustering/strata are not corrected. No significance or confidence claim."", ""structural_no_support_counts"": {""sick"": 9, ""money"": 9, ""emotion"": 9}}",,,no_previous_year
seoul_survey,2025,,seoul_2025,gangnam,40s,loneliness_among_people_agree,0.0692129224720973,proportion,399,399,26.0,270,267.6127178425926,available,"{""definition"": ""New 2025 item responses 4/5, no preceding-year comparison."", ""notes"": [], ""weight"": ""wtb1"", ""uncertainty"": ""Effective n reflects weight dispersion only. Household clustering/strata are not corrected. No significance or confidence claim."", ""structural_no_support_counts"": {""sick"": 9, ""money"": 9, ""emotion"": 9}}",,,no_previous_year
seoul_survey,2025,,seoul_2025,gangnam,50s,no_support_parent,0.05684902753492597,proportion,336,336,22.0,248,211.10717546372462,available,"{""definition"": ""No helper in this situation; general-no branch inferred for the three specific support items."", ""notes"": [], ""weight"": ""wtb1"", ""uncertainty"": ""Effective n reflects weight dispersion only. Household clustering/strata are not corrected. No significance or confidence claim."", ""structural_no_support_counts"": {""sick"": 22, ""money"": 22, ""emotion"": 22}}",0.10558623815010294,-0.048737210615176975,descriptive_only_not_significance
seoul_survey,2025,,seoul_2025,gangnam,50s,no_support_sick,0.06680499815169581,proportion,336,336,24.0,248,211.10717546372462,available,"{""definition"": ""No helper in this situation; general-no branch inferred for the three specific support items."", ""notes"": [], ""weight"": ""wtb1"", ""uncertainty"": ""Effective n reflects weight dispersion only. Household clustering/strata are not corrected. No significance or confidence claim."", ""structural_no_support_counts"": {""sick"": 22, ""money"": 22, ""emotion"": 22}}",0.12675250165341123,-0.05994750350171542,descriptive_only_not_significance
seoul_survey,2025,,seoul_2025,gangnam,50s,no_support_money,0.11270740988015299,proportion,336,336,46.0,248,211.10717546372462,available,"{""definition"": ""No helper in this situation; general-no branch inferred for the three specific support items."", ""notes"": [], ""weight"": ""wtb1"", ""uncertainty"": ""Effective n reflects weight dispersion only. Household clustering/strata are not corrected. No significance or confidence claim."", ""structural_no_support_counts"": {""sick"": 22, ""money"": 22, ""emotion"": 22}}",0.16943961561213233,-0.056732205731979346,descriptive_only_not_significance
seoul_survey,2025,,seoul_2025,gangnam,50s,no_support_emotion,0.10158753084723124,proportion,336,336,39.0,248,211.10717546372462,available,"{""definition"": ""No helper in this situation; general-no branch inferred for the three specific support items."", ""notes"": [], ""weight"": ""wtb1"", ""uncertainty"": ""Effective n reflects weight dispersion only. Household clustering/strata are not corrected. No significance or confidence claim."", ""structural_no_support_counts"": {""sick"": 22, ""money"": 22, ""emotion"": 22}}",0.14612114786809036,-0.04453361702085912,descriptive_only_not_significance
seoul_survey,2025,,seoul_2025,gangnam,50s,no_support_all3,0.05684902753492597,proportion,336,336,22.0,248,211.10717546372462,available,"{""definition"": ""No helper for all three situations (illness, money, emotional conversation)."", ""notes"": [], ""weight"": ""wtb1"", ""uncertainty"": ""Effective n reflects weight dispersion only. Household clustering/strata are not corrected. No significance or confidence claim."", ""structural_no_support_counts"": {""sick"": 22, ""money"": 22, ""emotion"": 22}}",0.11399806415759434,-0.05714903662266837,descriptive_only_not_significance
seoul_survey,2025,,seoul_2025,gangnam,50s,loneliness_family_mean10,3.342985300808214,score_0_10,336,336,,248,211.10717546372462,available,"{""definition"": ""Weighted mean of source five-category loneliness item, rescaled (x-1)/4*10."", ""notes"": [], ""weight"": ""wtb1"", ""uncertainty"": ""Effective n reflects weight dispersion only. Household clustering/strata are not corrected. No significance or confidence claim."", ""structural_no_support_counts"": {""sick"": 22, ""money"": 22, ""emotion"": 22}}",3.3968696613291915,-0.05388436052097756,descriptive_only_not_significance
seoul_survey,2025,,seoul_2025,gangnam,50s,loneliness_family_agree,0.11054162084181698,proportion,336,336,30.0,248,211.10717546372462,available,"{""definition"": ""Responses 4 or 5 to the specific loneliness item."", ""notes"": [], ""weight"": ""wtb1"", ""uncertainty"": ""Effective n reflects weight dispersion only. Household clustering/strata are not corrected. No significance or confidence claim."", ""structural_no_support_counts"": {""sick"": 22, ""money"": 22, ""emotion"": 22}}",0.12710724907807547,-0.016565628236258484,descriptive_only_not_significance
seoul_survey,2025,,seoul_2025,gangnam,50s,loneliness_outside_mean10,3.1288759934294395,score_0_10,336,336,,248,211.10717546372462,available,"{""definition"": ""Weighted mean of source five-category loneliness item, rescaled (x-1)/4*10."", ""notes"": [], ""weight"": ""wtb1"", ""uncertainty"": ""Effective n reflects weight dispersion only. Household clustering/strata are not corrected. No significance or confidence claim."", ""structural_no_support_counts"": {""sick"": 22, ""money"": 22, ""emotion"": 22}}",3.262137209299209,-0.1332612158697697,descriptive_only_not_significance
seoul_survey,2025,,seoul_2025,gangnam,50s,loneliness_outside_agree,0.1451302763465708,proportion,336,336,28.0,248,211.10717546372462,available,"{""definition"": ""Responses 4 or 5 to the specific loneliness item."", ""notes"": [], ""weight"": ""wtb1"", ""uncertainty"": ""Effective n reflects weight dispersion only. Household clustering/strata are not corrected. No significance or confidence claim."", ""structural_no_support_counts"": {""sick"": 22, ""money"": 22, ""emotion"": 22}}",0.09749073968481912,0.04763953666175168,descriptive_only_not_significance
seoul_survey,2025,,seoul_2025,gangnam,50s,no_support3_and_lonely_outside,0.011025041098015482,proportion,336,336,5.0,248,211.10717546372462,available,"{""definition"": ""Intersection of no helper in all three situations and outside-family loneliness response 4/5. Not an isolation diagnosis."", ""notes"": [], ""weight"": ""wtb1"", ""uncertainty"": ""Effective n reflects weight dispersion only. Household clustering/strata are not corrected. No significance or confidence claim."", ""structural_no_support_counts"": {""sick"": 22, ""money"": 22, ""emotion"": 22}}",0.01271762744306043,-0.0016925863450449486,descriptive_only_not_significance
seoul_survey,2025,,seoul_2025,gangnam,50s,loneliness_companionship_mean10,2.8185697882407768,score_0_10,336,336,,248,211.10717546372462,available,"{""definition"": ""New 2025 item, no preceding-year comparison."", ""notes"": [], ""weight"": ""wtb1"", ""uncertainty"": ""Effective n reflects weight dispersion only. Household clustering/strata are not corrected. No significance or confidence claim."", ""structural_no_support_counts"": {""sick"": 22, ""money"": 22, ""emotion"": 22}}",,,no_previous_year
seoul_survey,2025,,seoul_2025,gangnam,50s,loneliness_companionship_agree,0.10926557023342205,proportion,336,336,21.0,248,211.10717546372462,available,"{""definition"": ""New 2025 item responses 4/5, no preceding-year comparison."", ""notes"": [], ""weight"": ""wtb1"", ""uncertainty"": ""Effective n reflects weight dispersion only. Household clustering/strata are not corrected. No significance or confidence claim."", ""structural_no_support_counts"": {""sick"": 22, ""money"": 22, ""emotion"": 22}}",,,no_previous_year
seoul_survey,2025,,seoul_2025,gangnam,50s,loneliness_left_alone_mean10,2.910749707606351,score_0_10,336,336,,248,211.10717546372462,available,"{""definition"": ""New 2025 item, no preceding-year comparison."", ""notes"": [], ""weight"": ""wtb1"", ""uncertainty"": ""Effective n reflects weight dispersion only. Household clustering/strata are not corrected. No significance or confidence claim."", ""structural_no_support_counts"": {""sick"": 22, ""money"": 22, ""emotion"": 22}}",,,no_previous_year
seoul_survey,2025,,seoul_2025,gangnam,50s,loneliness_left_alone_agree,0.06474652659551232,proportion,336,336,18.0,248,211.10717546372462,available,"{""definition"": ""New 2025 item responses 4/5, no preceding-year comparison."", ""notes"": [], ""weight"": ""wtb1"", ""uncertainty"": ""Effective n reflects weight dispersion only. Household clustering/strata are not corrected. No significance or confidence claim."", ""structural_no_support_counts"": {""sick"": 22, ""money"": 22, ""emotion"": 22}}",,,no_previous_year
seoul_survey,2025,,seoul_2025,gangnam,50s,loneliness_among_people_mean10,2.809819111947476,score_0_10,336,336,,248,211.10717546372462,available,"{""definition"": ""New 2025 item, no preceding-year comparison."", ""notes"": [], ""weight"": ""wtb1"", ""uncertainty"": ""Effective n reflects weight dispersion only. Household clustering/strata are not corrected. No significance or confidence claim."", ""structural_no_support_counts"": {""sick"": 22, ""money"": 22, ""emotion"": 22}}",,,no_previous_year
seoul_survey,2025,,seoul_2025,gangnam,50s,loneliness_among_people_agree,0.07091452877980843,proportion,336,336,23.0,248,211.10717546372462,available,"{""definition"": ""New 2025 item responses 4/5, no preceding-year comparison."", ""notes"": [], ""weight"": ""wtb1"", ""uncertainty"": ""Effective n reflects weight dispersion only. Household clustering/strata are not corrected. No significance or confidence claim."", ""structural_no_support_counts"": {""sick"": 22, ""money"": 22, ""emotion"": 22}}",,,no_previous_year
seoul_survey,2025,,seoul_2025,gangnam,60plus,no_support_parent,0.07959093320912647,proportion,410,410,30.0,288,296.87066096686135,available,"{""definition"": ""No helper in this situation; general-no branch inferred for the three specific support items."", ""notes"": [], ""weight"": ""wtb1"", ""uncertainty"": ""Effective n reflects weight dispersion only. Household clustering/strata are not corrected. No significance or confidence claim."", ""structural_no_support_counts"": {""sick"": 30, ""money"": 30, ""emotion"": 30}}",0.1860494859074074,-0.10645855269828094,descriptive_only_not_significance
seoul_survey,2025,,seoul_2025,gangnam,60plus,no_support_sick,0.08976139267217519,proportion,410,410,35.0,288,296.87066096686135,available,"{""definition"": ""No helper in this situation; general-no branch inferred for the three specific support items."", ""notes"": [], ""weight"": ""wtb1"", ""uncertainty"": ""Effective n reflects weight dispersion only. Household clustering/strata are not corrected. No significance or confidence claim."", ""structural_no_support_counts"": {""sick"": 30, ""money"": 30, ""emotion"": 30}}",0.1910465389427813,-0.10128514627060613,descriptive_only_not_significance
seoul_survey,2025,,seoul_2025,gangnam,60plus,no_support_money,0.20068393553263605,proportion,410,410,79.0,288,296.87066096686135,available,"{""definition"": ""No helper in this situation; general-no branch inferred for the three specific support items."", ""notes"": [], ""weight"": ""wtb1"", ""uncertainty"": ""Effective n reflects weight dispersion only. Household clustering/strata are not corrected. No significance or confidence claim."", ""structural_no_support_counts"": {""sick"": 30, ""money"": 30, ""emotion"": 30}}",0.3100296384568211,-0.10934570292418502,descriptive_only_not_significance
seoul_survey,2025,,seoul_2025,gangnam,60plus,no_support_emotion,0.13138214767441989,proportion,410,410,54.0,288,296.87066096686135,available,"{""definition"": ""No helper in this situation; general-no branch inferred for the three specific support items."", ""notes"": [], ""weight"": ""wtb1"", ""uncertainty"": ""Effective n reflects weight dispersion only. Household clustering/strata are not corrected. No significance or confidence claim."", ""structural_no_support_counts"": {""sick"": 30, ""money"": 30, ""emotion"": 30}}",0.2606841561438033,-0.12930200846938342,descriptive_only_not_significance
seoul_survey,2025,,seoul_2025,gangnam,60plus,no_support_all3,0.07959093320912647,proportion,410,410,30.0,288,296.87066096686135,available,"{""definition"": ""No helper for all three situations (illness, money, emotional conversation)."", ""notes"": [], ""weight"": ""wtb1"", ""uncertainty"": ""Effective n reflects weight dispersion only. Household clustering/strata are not corrected. No significance or confidence claim."", ""structural_no_support_counts"": {""sick"": 30, ""money"": 30, ""emotion"": 30}}",0.1869457282783595,-0.10735479506923304,descriptive_only_not_significance
seoul_survey,2025,,seoul_2025,gangnam,60plus,loneliness_family_mean10,3.4400149200044026,score_0_10,410,410,,288,296.87066096686135,available,"{""definition"": ""Weighted mean of source five-category loneliness item, rescaled (x-1)/4*10."", ""notes"": [], ""weight"": ""wtb1"", ""uncertainty"": ""Effective n reflects weight dispersion only. Household clustering/strata are not corrected. No significance or confidence claim."", ""structural_no_support_counts"": {""sick"": 30, ""money"": 30, ""emotion"": 30}}",3.5459358971248056,-0.10592097712040305,descriptive_only_not_significance
seoul_survey,2025,,seoul_2025,gangnam,60plus,loneliness_family_agree,0.10398811139453198,proportion,410,410,40.0,288,296.87066096686135,available,"{""definition"": ""Responses 4 or 5 to the specific loneliness item."", ""notes"": [], ""weight"": ""wtb1"", ""uncertainty"": ""Effective n reflects weight dispersion only. Household clustering/strata are not corrected. No significance or confidence claim."", ""structural_no_support_counts"": {""sick"": 30, ""money"": 30, ""emotion"": 30}}",0.15385778620874507,-0.04986967481421309,descriptive_only_not_significance
seoul_survey,2025,,seoul_2025,gangnam,60plus,loneliness_outside_mean10,3.142812364984069,score_0_10,410,410,,288,296.87066096686135,available,"{""definition"": ""Weighted mean of source five-category loneliness item, rescaled (x-1)/4*10."", ""notes"": [], ""weight"": ""wtb1"", ""uncertainty"": ""Effective n reflects weight dispersion only. Household clustering/strata are not corrected. No significance or confidence claim."", ""structural_no_support_counts"": {""sick"": 30, ""money"": 30, ""emotion"": 30}}",3.488366897616034,-0.3455545326319651,descriptive_only_not_significance
seoul_survey,2025,,seoul_2025,gangnam,60plus,loneliness_outside_agree,0.10541266686107101,proportion,410,410,43.0,288,296.87066096686135,available,"{""definition"": ""Responses 4 or 5 to the specific loneliness item."", ""notes"": [], ""weight"": ""wtb1"", ""uncertainty"": ""Effective n reflects weight dispersion only. Household clustering/strata are not corrected. No significance or confidence claim."", ""structural_no_support_counts"": {""sick"": 30, ""money"": 30, ""emotion"": 30}}",0.10466359079623136,0.0007490760648396488,descriptive_only_not_significance
seoul_survey,2025,,seoul_2025,gangnam,60plus,no_support3_and_lonely_outside,0.013913914611008008,proportion,410,410,6.0,288,296.87066096686135,available,"{""definition"": ""Intersection of no helper in all three situations and outside-family loneliness response 4/5. Not an isolation diagnosis."", ""notes"": [], ""weight"": ""wtb1"", ""uncertainty"": ""Effective n reflects weight dispersion only. Household clustering/strata are not corrected. No significance or confidence claim."", ""structural_no_support_counts"": {""sick"": 30, ""money"": 30, ""emotion"": 30}}",0.02922178211111187,-0.015307867500103864,descriptive_only_not_significance
seoul_survey,2025,,seoul_2025,gangnam,60plus,loneliness_companionship_mean10,3.0335216643554177,score_0_10,410,410,,288,296.87066096686135,available,"{""definition"": ""New 2025 item, no preceding-year comparison."", ""notes"": [], ""weight"": ""wtb1"", ""uncertainty"": ""Effective n reflects weight dispersion only. Household clustering/strata are not corrected. No significance or confidence claim."", ""structural_no_support_counts"": {""sick"": 30, ""money"": 30, ""emotion"": 30}}",,,no_previous_year
seoul_survey,2025,,seoul_2025,gangnam,60plus,loneliness_companionship_agree,0.07938786817325263,proportion,410,410,34.0,288,296.87066096686135,available,"{""definition"": ""New 2025 item responses 4/5, no preceding-year comparison."", ""notes"": [], ""weight"": ""wtb1"", ""uncertainty"": ""Effective n reflects weight dispersion only. Household clustering/strata are not corrected. No significance or confidence claim."", ""structural_no_support_counts"": {""sick"": 30, ""money"": 30, ""emotion"": 30}}",,,no_previous_year
seoul_survey,2025,,seoul_2025,gangnam,60plus,loneliness_left_alone_mean10,2.979064612577399,score_0_10,410,410,,288,296.87066096686135,available,"{""definition"": ""New 2025 item, no preceding-year comparison."", ""notes"": [], ""weight"": ""wtb1"", ""uncertainty"": ""Effective n reflects weight dispersion only. Household clustering/strata are not corrected. No significance or confidence claim."", ""structural_no_support_counts"": {""sick"": 30, ""money"": 30, ""emotion"": 30}}",,,no_previous_year
seoul_survey,2025,,seoul_2025,gangnam,60plus,loneliness_left_alone_agree,0.08576622162463401,proportion,410,410,32.0,288,296.87066096686135,available,"{""definition"": ""New 2025 item responses 4/5, no preceding-year comparison."", ""notes"": [], ""weight"": ""wtb1"", ""uncertainty"": ""Effective n reflects weight dispersion only. Household clustering/strata are not corrected. No significance or confidence claim."", ""structural_no_support_counts"": {""sick"": 30, ""money"": 30, ""emotion"": 30}}",,,no_previous_year
seoul_survey,2025,,seoul_2025,gangnam,60plus,loneliness_among_people_mean10,2.7502524930205103,score_0_10,410,410,,288,296.87066096686135,available,"{""definition"": ""New 2025 item, no preceding-year comparison."", ""notes"": [], ""weight"": ""wtb1"", ""uncertainty"": ""Effective n reflects weight dispersion only. Household clustering/strata are not corrected. No significance or confidence claim."", ""structural_no_support_counts"": {""sick"": 30, ""money"": 30, ""emotion"": 30}}",,,no_previous_year
seoul_survey,2025,,seoul_2025,gangnam,60plus,loneliness_among_people_agree,0.0841883299534576,proportion,410,410,29.0,288,296.87066096686135,available,"{""definition"": ""New 2025 item responses 4/5, no preceding-year comparison."", ""notes"": [], ""weight"": ""wtb1"", ""uncertainty"": ""Effective n reflects weight dispersion only. Household clustering/strata are not corrected. No significance or confidence claim."", ""structural_no_support_counts"": {""sick"": 30, ""money"": 30, ""emotion"": 30}}",,,no_previous_year
seoul_survey,2025,,seoul_2025,seoul,all15plus,no_support_parent,0.09470211578315206,proportion,34184,34184,3581.0,20000,15060.322387025903,available,"{""definition"": ""No helper in this situation; general-no branch inferred for the three specific support items."", ""notes"": [], ""weight"": ""wtb1"", ""uncertainty"": ""Effective n reflects weight dispersion only. Household clustering/strata are not corrected. No significance or confidence claim."", ""structural_no_support_counts"": {""sick"": 3581, ""money"": 3581, ""emotion"": 3581}}",0.14433942771540387,-0.04963731193225181,descriptive_only_not_significance
seoul_survey,2025,,seoul_2025,seoul,all15plus,no_support_sick,0.13149196210298933,proportion,34184,34184,4839.0,20000,15060.322387025903,available,"{""definition"": ""No helper in this situation; general-no branch inferred for the three specific support items."", ""notes"": [], ""weight"": ""wtb1"", ""uncertainty"": ""Effective n reflects weight dispersion only. Household clustering/strata are not corrected. No significance or confidence claim."", ""structural_no_support_counts"": {""sick"": 3581, ""money"": 3581, ""emotion"": 3581}}",0.18235062916839356,-0.050858667065404234,descriptive_only_not_significance
seoul_survey,2025,,seoul_2025,seoul,all15plus,no_support_money,0.23643032501536246,proportion,34184,34184,8584.0,20000,15060.322387025903,available,"{""definition"": ""No helper in this situation; general-no branch inferred for the three specific support items."", ""notes"": [], ""weight"": ""wtb1"", ""uncertainty"": ""Effective n reflects weight dispersion only. Household clustering/strata are not corrected. No significance or confidence claim."", ""structural_no_support_counts"": {""sick"": 3581, ""money"": 3581, ""emotion"": 3581}}",0.3091462419062358,-0.07271591689087334,descriptive_only_not_significance
seoul_survey,2025,,seoul_2025,seoul,all15plus,no_support_emotion,0.1430702866942063,proportion,34184,34184,5387.0,20000,15060.322387025903,available,"{""definition"": ""No helper in this situation; general-no branch inferred for the three specific support items."", ""notes"": [], ""weight"": ""wtb1"", ""uncertainty"": ""Effective n reflects weight dispersion only. Household clustering/strata are not corrected. No significance or confidence claim."", ""structural_no_support_counts"": {""sick"": 3581, ""money"": 3581, ""emotion"": 3581}}",0.19066166404247747,-0.04759137734827118,descriptive_only_not_significance
seoul_survey,2025,,seoul_2025,seoul,all15plus,no_support_all3,0.10199798870245101,proportion,34184,34184,3878.0,20000,15060.322387025903,available,"{""definition"": ""No helper for all three situations (illness, money, emotional conversation)."", ""notes"": [], ""weight"": ""wtb1"", ""uncertainty"": ""Effective n reflects weight dispersion only. Household clustering/strata are not corrected. No significance or confidence claim."", ""structural_no_support_counts"": {""sick"": 3581, ""money"": 3581, ""emotion"": 3581}}",0.15170880549633403,-0.04971081679388302,descriptive_only_not_significance
seoul_survey,2025,,seoul_2025,seoul,all15plus,loneliness_family_mean10,3.499955333044793,score_0_10,34184,34184,,20000,15060.322387025903,available,"{""definition"": ""Weighted mean of source five-category loneliness item, rescaled (x-1)/4*10."", ""notes"": [], ""weight"": ""wtb1"", ""uncertainty"": ""Effective n reflects weight dispersion only. Household clustering/strata are not corrected. No significance or confidence claim."", ""structural_no_support_counts"": {""sick"": 3581, ""money"": 3581, ""emotion"": 3581}}",3.9028320215473573,-0.4028766885025643,descriptive_only_not_significance
seoul_survey,2025,,seoul_2025,seoul,all15plus,loneliness_family_agree,0.155772245443942,proportion,34184,34184,5627.0,20000,15060.322387025903,available,"{""definition"": ""Responses 4 or 5 to the specific loneliness item."", ""notes"": [], ""weight"": ""wtb1"", ""uncertainty"": ""Effective n reflects weight dispersion only. Household clustering/strata are not corrected. No significance or confidence claim."", ""structural_no_support_counts"": {""sick"": 3581, ""money"": 3581, ""emotion"": 3581}}",0.1820543547230012,-0.02628210927905919,descriptive_only_not_significance
seoul_survey,2025,,seoul_2025,seoul,all15plus,loneliness_outside_mean10,3.089182164244319,score_0_10,34184,34184,,20000,15060.322387025903,available,"{""definition"": ""Weighted mean of source five-category loneliness item, rescaled (x-1)/4*10."", ""notes"": [], ""weight"": ""wtb1"", ""uncertainty"": ""Effective n reflects weight dispersion only. Household clustering/strata are not corrected. No significance or confidence claim."", ""structural_no_support_counts"": {""sick"": 3581, ""money"": 3581, ""emotion"": 3581}}",3.9458128165795068,-0.8566306523351876,descriptive_only_not_significance
seoul_survey,2025,,seoul_2025,seoul,all15plus,loneliness_outside_agree,0.11306506713381377,proportion,34184,34184,4017.0,20000,15060.322387025903,available,"{""definition"": ""Responses 4 or 5 to the specific loneliness item."", ""notes"": [], ""weight"": ""wtb1"", ""uncertainty"": ""Effective n reflects weight dispersion only. Household clustering/strata are not corrected. No significance or confidence claim."", ""structural_no_support_counts"": {""sick"": 3581, ""money"": 3581, ""emotion"": 3581}}",0.18979733302473364,-0.07673226589091987,descriptive_only_not_significance
seoul_survey,2025,,seoul_2025,seoul,all15plus,no_support3_and_lonely_outside,0.018915208731604353,proportion,34184,34184,699.0,20000,15060.322387025903,available,"{""definition"": ""Intersection of no helper in all three situations and outside-family loneliness response 4/5. Not an isolation diagnosis."", ""notes"": [], ""weight"": ""wtb1"", ""uncertainty"": ""Effective n reflects weight dispersion only. Household clustering/strata are not corrected. No significance or confidence claim."", ""structural_no_support_counts"": {""sick"": 3581, ""money"": 3581, ""emotion"": 3581}}",0.03745678233786407,-0.018541573606259718,descriptive_only_not_significance
seoul_survey,2025,,seoul_2025,seoul,all15plus,loneliness_companionship_mean10,2.921069811799052,score_0_10,34184,34184,,20000,15060.322387025903,available,"{""definition"": ""New 2025 item, no preceding-year comparison."", ""notes"": [], ""weight"": ""wtb1"", ""uncertainty"": ""Effective n reflects weight dispersion only. Household clustering/strata are not corrected. No significance or confidence claim."", ""structural_no_support_counts"": {""sick"": 3581, ""money"": 3581, ""emotion"": 3581}}",,,no_previous_year
seoul_survey,2025,,seoul_2025,seoul,all15plus,loneliness_companionship_agree,0.0980790481057046,proportion,34184,34184,3405.0,20000,15060.322387025903,available,"{""definition"": ""New 2025 item responses 4/5, no preceding-year comparison."", ""notes"": [], ""weight"": ""wtb1"", ""uncertainty"": ""Effective n reflects weight dispersion only. Household clustering/strata are not corrected. No significance or confidence claim."", ""structural_no_support_counts"": {""sick"": 3581, ""money"": 3581, ""emotion"": 3581}}",,,no_previous_year
seoul_survey,2025,,seoul_2025,seoul,all15plus,loneliness_left_alone_mean10,2.887814241019933,score_0_10,34184,34184,,20000,15060.322387025903,available,"{""definition"": ""New 2025 item, no preceding-year comparison."", ""notes"": [], ""weight"": ""wtb1"", ""uncertainty"": ""Effective n reflects weight dispersion only. Household clustering/strata are not corrected. No significance or confidence claim."", ""structural_no_support_counts"": {""sick"": 3581, ""money"": 3581, ""emotion"": 3581}}",,,no_previous_year
seoul_survey,2025,,seoul_2025,seoul,all15plus,loneliness_left_alone_agree,0.10322341871320706,proportion,34184,34184,3836.0,20000,15060.322387025903,available,"{""definition"": ""New 2025 item responses 4/5, no preceding-year comparison."", ""notes"": [], ""weight"": ""wtb1"", ""uncertainty"": ""Effective n reflects weight dispersion only. Household clustering/strata are not corrected. No significance or confidence claim."", ""structural_no_support_counts"": {""sick"": 3581, ""money"": 3581, ""emotion"": 3581}}",,,no_previous_year
seoul_survey,2025,,seoul_2025,seoul,all15plus,loneliness_among_people_mean10,2.876568488003193,score_0_10,34184,34184,,20000,15060.322387025903,available,"{""definition"": ""New 2025 item, no preceding-year comparison."", ""notes"": [], ""weight"": ""wtb1"", ""uncertainty"": ""Effective n reflects weight dispersion only. Household clustering/strata are not corrected. No significance or confidence claim."", ""structural_no_support_counts"": {""sick"": 3581, ""money"": 3581, ""emotion"": 3581}}",,,no_previous_year
seoul_survey,2025,,seoul_2025,seoul,all15plus,loneliness_among_people_agree,0.11095325089939305,proportion,34184,34184,3924.0,20000,15060.322387025903,available,"{""definition"": ""New 2025 item responses 4/5, no preceding-year comparison."", ""notes"": [], ""weight"": ""wtb1"", ""uncertainty"": ""Effective n reflects weight dispersion only. Household clustering/strata are not corrected. No significance or confidence claim."", ""structural_no_support_counts"": {""sick"": 3581, ""money"": 3581, ""emotion"": 3581}}",,,no_previous_year
seoul_survey,2025,,seoul_2025,seoul,20s,no_support_parent,0.07314449503632917,proportion,1966,1966,159.0,1789,1001.5143525459316,available,"{""definition"": ""No helper in this situation; general-no branch inferred for the three specific support items."", ""notes"": [], ""weight"": ""wtb1"", ""uncertainty"": ""Effective n reflects weight dispersion only. Household clustering/strata are not corrected. No significance or confidence claim."", ""structural_no_support_counts"": {""sick"": 159, ""money"": 159, ""emotion"": 159}}",0.12146806754083346,-0.048323572504504295,descriptive_only_not_significance
seoul_survey,2025,,seoul_2025,seoul,20s,no_support_sick,0.09892732441519479,proportion,1966,1966,210.0,1789,1001.5143525459316,available,"{""definition"": ""No helper in this situation; general-no branch inferred for the three specific support items."", ""notes"": [], ""weight"": ""wtb1"", ""uncertainty"": ""Effective n reflects weight dispersion only. Household clustering/strata are not corrected. No significance or confidence claim."", ""structural_no_support_counts"": {""sick"": 159, ""money"": 159, ""emotion"": 159}}",0.15450283479274943,-0.055575510377554635,descriptive_only_not_significance
seoul_survey,2025,,seoul_2025,seoul,20s,no_support_money,0.1876653032508496,proportion,1966,1966,360.0,1789,1001.5143525459316,available,"{""definition"": ""No helper in this situation; general-no branch inferred for the three specific support items."", ""notes"": [], ""weight"": ""wtb1"", ""uncertainty"": ""Effective n reflects weight dispersion only. Household clustering/strata are not corrected. No significance or confidence claim."", ""structural_no_support_counts"": {""sick"": 159, ""money"": 159, ""emotion"": 159}}",0.2434960048775243,-0.055830701626674695,descriptive_only_not_significance
seoul_survey,2025,,seoul_2025,seoul,20s,no_support_emotion,0.11380024959235137,proportion,1966,1966,243.0,1789,1001.5143525459316,available,"{""definition"": ""No helper in this situation; general-no branch inferred for the three specific support items."", ""notes"": [], ""weight"": ""wtb1"", ""uncertainty"": ""Effective n reflects weight dispersion only. Household clustering/strata are not corrected. No significance or confidence claim."", ""structural_no_support_counts"": {""sick"": 159, ""money"": 159, ""emotion"": 159}}",0.1524216244992631,-0.03862137490691174,descriptive_only_not_significance
seoul_survey,2025,,seoul_2025,seoul,20s,no_support_all3,0.07713530566239443,proportion,1966,1966,172.0,1789,1001.5143525459316,available,"{""definition"": ""No helper for all three situations (illness, money, emotional conversation)."", ""notes"": [], ""weight"": ""wtb1"", ""uncertainty"": ""Effective n reflects weight dispersion only. Household clustering/strata are not corrected. No significance or confidence claim."", ""structural_no_support_counts"": {""sick"": 159, ""money"": 159, ""emotion"": 159}}",0.12440733005025163,-0.0472720243878572,descriptive_only_not_significance
seoul_survey,2025,,seoul_2025,seoul,20s,loneliness_family_mean10,2.964559747696608,score_0_10,1966,1966,,1789,1001.5143525459316,available,"{""definition"": ""Weighted mean of source five-category loneliness item, rescaled (x-1)/4*10."", ""notes"": [], ""weight"": ""wtb1"", ""uncertainty"": ""Effective n reflects weight dispersion only. Household clustering/strata are not corrected. No significance or confidence claim."", ""structural_no_support_counts"": {""sick"": 159, ""money"": 159, ""emotion"": 159}}",3.4142491707677873,-0.4496894230711792,descriptive_only_not_significance
seoul_survey,2025,,seoul_2025,seoul,20s,loneliness_family_agree,0.11599560752125704,proportion,1966,1966,235.0,1789,1001.5143525459316,available,"{""definition"": ""Responses 4 or 5 to the specific loneliness item."", ""notes"": [], ""weight"": ""wtb1"", ""uncertainty"": ""Effective n reflects weight dispersion only. Household clustering/strata are not corrected. No significance or confidence claim."", ""structural_no_support_counts"": {""sick"": 159, ""money"": 159, ""emotion"": 159}}",0.12818905952893445,-0.012193452007677408,descriptive_only_not_significance
seoul_survey,2025,,seoul_2025,seoul,20s,loneliness_outside_mean10,2.594178961368886,score_0_10,1966,1966,,1789,1001.5143525459316,available,"{""definition"": ""Weighted mean of source five-category loneliness item, rescaled (x-1)/4*10."", ""notes"": [], ""weight"": ""wtb1"", ""uncertainty"": ""Effective n reflects weight dispersion only. Household clustering/strata are not corrected. No significance or confidence claim."", ""structural_no_support_counts"": {""sick"": 159, ""money"": 159, ""emotion"": 159}}",3.5628216532385864,-0.9686426918697002,descriptive_only_not_significance
seoul_survey,2025,,seoul_2025,seoul,20s,loneliness_outside_agree,0.08551647268992178,proportion,1966,1966,166.0,1789,1001.5143525459316,available,"{""definition"": ""Responses 4 or 5 to the specific loneliness item."", ""notes"": [], ""weight"": ""wtb1"", ""uncertainty"": ""Effective n reflects weight dispersion only. Household clustering/strata are not corrected. No significance or confidence claim."", ""structural_no_support_counts"": {""sick"": 159, ""money"": 159, ""emotion"": 159}}",0.16627326246608604,-0.08075678977616425,descriptive_only_not_significance
seoul_survey,2025,,seoul_2025,seoul,20s,no_support3_and_lonely_outside,0.014186264005168231,proportion,1966,1966,22.0,1789,1001.5143525459316,available,"{""definition"": ""Intersection of no helper in all three situations and outside-family loneliness response 4/5. Not an isolation diagnosis."", ""notes"": [], ""weight"": ""wtb1"", ""uncertainty"": ""Effective n reflects weight dispersion only. Household clustering/strata are not corrected. No significance or confidence claim."", ""structural_no_support_counts"": {""sick"": 159, ""money"": 159, ""emotion"": 159}}",0.028736384163063768,-0.014550120157895537,descriptive_only_not_significance
seoul_survey,2025,,seoul_2025,seoul,20s,loneliness_companionship_mean10,2.422842683494012,score_0_10,1966,1966,,1789,1001.5143525459316,available,"{""definition"": ""New 2025 item, no preceding-year comparison."", ""notes"": [], ""weight"": ""wtb1"", ""uncertainty"": ""Effective n reflects weight dispersion only. Household clustering/strata are not corrected. No significance or confidence claim."", ""structural_no_support_counts"": {""sick"": 159, ""money"": 159, ""emotion"": 159}}",,,no_previous_year
seoul_survey,2025,,seoul_2025,seoul,20s,loneliness_companionship_agree,0.07057070532492157,proportion,1966,1966,121.0,1789,1001.5143525459316,available,"{""definition"": ""New 2025 item responses 4/5, no preceding-year comparison."", ""notes"": [], ""weight"": ""wtb1"", ""uncertainty"": ""Effective n reflects weight dispersion only. Household clustering/strata are not corrected. No significance or confidence claim."", ""structural_no_support_counts"": {""sick"": 159, ""money"": 159, ""emotion"": 159}}",,,no_previous_year
seoul_survey,2025,,seoul_2025,seoul,20s,loneliness_left_alone_mean10,2.448740871375768,score_0_10,1966,1966,,1789,1001.5143525459316,available,"{""definition"": ""New 2025 item, no preceding-year comparison."", ""notes"": [], ""weight"": ""wtb1"", ""uncertainty"": ""Effective n reflects weight dispersion only. Household clustering/strata are not corrected. No significance or confidence claim."", ""structural_no_support_counts"": {""sick"": 159, ""money"": 159, ""emotion"": 159}}",,,no_previous_year
seoul_survey,2025,,seoul_2025,seoul,20s,loneliness_left_alone_agree,0.07052580398376547,proportion,1966,1966,139.0,1789,1001.5143525459316,available,"{""definition"": ""New 2025 item responses 4/5, no preceding-year comparison."", ""notes"": [], ""weight"": ""wtb1"", ""uncertainty"": ""Effective n reflects weight dispersion only. Household clustering/strata are not corrected. No significance or confidence claim."", ""structural_no_support_counts"": {""sick"": 159, ""money"": 159, ""emotion"": 159}}",,,no_previous_year
seoul_survey,2025,,seoul_2025,seoul,20s,loneliness_among_people_mean10,2.431493224882395,score_0_10,1966,1966,,1789,1001.5143525459316,available,"{""definition"": ""New 2025 item, no preceding-year comparison."", ""notes"": [], ""weight"": ""wtb1"", ""uncertainty"": ""Effective n reflects weight dispersion only. Household clustering/strata are not corrected. No significance or confidence claim."", ""structural_no_support_counts"": {""sick"": 159, ""money"": 159, ""emotion"": 159}}",,,no_previous_year
seoul_survey,2025,,seoul_2025,seoul,20s,loneliness_among_people_agree,0.09167609177576917,proportion,1966,1966,174.0,1789,1001.5143525459316,available,"{""definition"": ""New 2025 item responses 4/5, no preceding-year comparison."", ""notes"": [], ""weight"": ""wtb1"", ""uncertainty"": ""Effective n reflects weight dispersion only. Household clustering/strata are not corrected. No significance or confidence claim."", ""structural_no_support_counts"": {""sick"": 159, ""money"": 159, ""emotion"": 159}}",,,no_previous_year
seoul_survey,2025,,seoul_2025,seoul,30s,no_support_parent,0.07035378707250778,proportion,6830,6830,517.0,5103,3547.4729596695643,available,"{""definition"": ""No helper in this situation; general-no branch inferred for the three specific support items."", ""notes"": [], ""weight"": ""wtb1"", ""uncertainty"": ""Effective n reflects weight dispersion only. Household clustering/strata are not corrected. No significance or confidence claim."", ""structural_no_support_counts"": {""sick"": 517, ""money"": 517, ""emotion"": 517}}",0.10552617488132617,-0.03517238780881839,descriptive_only_not_significance
seoul_survey,2025,,seoul_2025,seoul,30s,no_support_sick,0.10698683916252179,proportion,6830,6830,749.0,5103,3547.4729596695643,available,"{""definition"": ""No helper in this situation; general-no branch inferred for the three specific support items."", ""notes"": [], ""weight"": ""wtb1"", ""uncertainty"": ""Effective n reflects weight dispersion only. Household clustering/strata are not corrected. No significance or confidence claim."", ""structural_no_support_counts"": {""sick"": 517, ""money"": 517, ""emotion"": 517}}",0.141715161533558,-0.03472832237103622,descriptive_only_not_significance
seoul_survey,2025,,seoul_2025,seoul,30s,no_support_money,0.17190854603680694,proportion,6830,6830,1170.0,5103,3547.4729596695643,available,"{""definition"": ""No helper in this situation; general-no branch inferred for the three specific support items."", ""notes"": [], ""weight"": ""wtb1"", ""uncertainty"": ""Effective n reflects weight dispersion only. Household clustering/strata are not corrected. No significance or confidence claim."", ""structural_no_support_counts"": {""sick"": 517, ""money"": 517, ""emotion"": 517}}",0.2340323572768869,-0.06212381124007996,descriptive_only_not_significance
seoul_survey,2025,,seoul_2025,seoul,30s,no_support_emotion,0.10498159552053384,proportion,6830,6830,768.0,5103,3547.4729596695643,available,"{""definition"": ""No helper in this situation; general-no branch inferred for the three specific support items."", ""notes"": [], ""weight"": ""wtb1"", ""uncertainty"": ""Effective n reflects weight dispersion only. Household clustering/strata are not corrected. No significance or confidence claim."", ""structural_no_support_counts"": {""sick"": 517, ""money"": 517, ""emotion"": 517}}",0.13694079503710338,-0.031959199516569545,descriptive_only_not_significance
seoul_survey,2025,,seoul_2025,seoul,30s,no_support_all3,0.08012481824372497,proportion,6830,6830,588.0,5103,3547.4729596695643,available,"{""definition"": ""No helper for all three situations (illness, money, emotional conversation)."", ""notes"": [], ""weight"": ""wtb1"", ""uncertainty"": ""Effective n reflects weight dispersion only. Household clustering/strata are not corrected. No significance or confidence claim."", ""structural_no_support_counts"": {""sick"": 517, ""money"": 517, ""emotion"": 517}}",0.1120568435751994,-0.031932025331474434,descriptive_only_not_significance
seoul_survey,2025,,seoul_2025,seoul,30s,loneliness_family_mean10,3.125691322036825,score_0_10,6830,6830,,5103,3547.4729596695643,available,"{""definition"": ""Weighted mean of source five-category loneliness item, rescaled (x-1)/4*10."", ""notes"": [], ""weight"": ""wtb1"", ""uncertainty"": ""Effective n reflects weight dispersion only. Household clustering/strata are not corrected. No significance or confidence claim."", ""structural_no_support_counts"": {""sick"": 517, ""money"": 517, ""emotion"": 517}}",3.682138547807537,-0.5564472257707118,descriptive_only_not_significance
seoul_survey,2025,,seoul_2025,seoul,30s,loneliness_family_agree,0.12663450430341952,proportion,6830,6830,844.0,5103,3547.4729596695643,available,"{""definition"": ""Responses 4 or 5 to the specific loneliness item."", ""notes"": [], ""weight"": ""wtb1"", ""uncertainty"": ""Effective n reflects weight dispersion only. Household clustering/strata are not corrected. No significance or confidence claim."", ""structural_no_support_counts"": {""sick"": 517, ""money"": 517, ""emotion"": 517}}",0.15762420656473353,-0.030989702261314006,descriptive_only_not_significance
seoul_survey,2025,,seoul_2025,seoul,30s,loneliness_outside_mean10,2.7775704908692394,score_0_10,6830,6830,,5103,3547.4729596695643,available,"{""definition"": ""Weighted mean of source five-category loneliness item, rescaled (x-1)/4*10."", ""notes"": [], ""weight"": ""wtb1"", ""uncertainty"": ""Effective n reflects weight dispersion only. Household clustering/strata are not corrected. No significance or confidence claim."", ""structural_no_support_counts"": {""sick"": 517, ""money"": 517, ""emotion"": 517}}",3.7535541166360553,-0.975983625766816,descriptive_only_not_significance
seoul_survey,2025,,seoul_2025,seoul,30s,loneliness_outside_agree,0.1000885441152394,proportion,6830,6830,696.0,5103,3547.4729596695643,available,"{""definition"": ""Responses 4 or 5 to the specific loneliness item."", ""notes"": [], ""weight"": ""wtb1"", ""uncertainty"": ""Effective n reflects weight dispersion only. Household clustering/strata are not corrected. No significance or confidence claim."", ""structural_no_support_counts"": {""sick"": 517, ""money"": 517, ""emotion"": 517}}",0.1658819693007052,-0.0657934251854658,descriptive_only_not_significance
seoul_survey,2025,,seoul_2025,seoul,30s,no_support3_and_lonely_outside,0.01121559888813747,proportion,6830,6830,70.0,5103,3547.4729596695643,available,"{""definition"": ""Intersection of no helper in all three situations and outside-family loneliness response 4/5. Not an isolation diagnosis."", ""notes"": [], ""weight"": ""wtb1"", ""uncertainty"": ""Effective n reflects weight dispersion only. Household clustering/strata are not corrected. No significance or confidence claim."", ""structural_no_support_counts"": {""sick"": 517, ""money"": 517, ""emotion"": 517}}",0.021786050728680135,-0.010570451840542665,descriptive_only_not_significance
seoul_survey,2025,,seoul_2025,seoul,30s,loneliness_companionship_mean10,2.5887126847119624,score_0_10,6830,6830,,5103,3547.4729596695643,available,"{""definition"": ""New 2025 item, no preceding-year comparison."", ""notes"": [], ""weight"": ""wtb1"", ""uncertainty"": ""Effective n reflects weight dispersion only. Household clustering/strata are not corrected. No significance or confidence claim."", ""structural_no_support_counts"": {""sick"": 517, ""money"": 517, ""emotion"": 517}}",,,no_previous_year
seoul_survey,2025,,seoul_2025,seoul,30s,loneliness_companionship_agree,0.07292695611801027,proportion,6830,6830,508.0,5103,3547.4729596695643,available,"{""definition"": ""New 2025 item responses 4/5, no preceding-year comparison."", ""notes"": [], ""weight"": ""wtb1"", ""uncertainty"": ""Effective n reflects weight dispersion only. Household clustering/strata are not corrected. No significance or confidence claim."", ""structural_no_support_counts"": {""sick"": 517, ""money"": 517, ""emotion"": 517}}",,,no_previous_year
seoul_survey,2025,,seoul_2025,seoul,30s,loneliness_left_alone_mean10,2.6044156041975053,score_0_10,6830,6830,,5103,3547.4729596695643,available,"{""definition"": ""New 2025 item, no preceding-year comparison."", ""notes"": [], ""weight"": ""wtb1"", ""uncertainty"": ""Effective n reflects weight dispersion only. Household clustering/strata are not corrected. No significance or confidence claim."", ""structural_no_support_counts"": {""sick"": 517, ""money"": 517, ""emotion"": 517}}",,,no_previous_year
seoul_survey,2025,,seoul_2025,seoul,30s,loneliness_left_alone_agree,0.08613615680518764,proportion,6830,6830,561.0,5103,3547.4729596695643,available,"{""definition"": ""New 2025 item responses 4/5, no preceding-year comparison."", ""notes"": [], ""weight"": ""wtb1"", ""uncertainty"": ""Effective n reflects weight dispersion only. Household clustering/strata are not corrected. No significance or confidence claim."", ""structural_no_support_counts"": {""sick"": 517, ""money"": 517, ""emotion"": 517}}",,,no_previous_year
seoul_survey,2025,,seoul_2025,seoul,30s,loneliness_among_people_mean10,2.6297258746199925,score_0_10,6830,6830,,5103,3547.4729596695643,available,"{""definition"": ""New 2025 item, no preceding-year comparison."", ""notes"": [], ""weight"": ""wtb1"", ""uncertainty"": ""Effective n reflects weight dispersion only. Household clustering/strata are not corrected. No significance or confidence claim."", ""structural_no_support_counts"": {""sick"": 517, ""money"": 517, ""emotion"": 517}}",,,no_previous_year
seoul_survey,2025,,seoul_2025,seoul,30s,loneliness_among_people_agree,0.09507978059587158,proportion,6830,6830,610.0,5103,3547.4729596695643,available,"{""definition"": ""New 2025 item responses 4/5, no preceding-year comparison."", ""notes"": [], ""weight"": ""wtb1"", ""uncertainty"": ""Effective n reflects weight dispersion only. Household clustering/strata are not corrected. No significance or confidence claim."", ""structural_no_support_counts"": {""sick"": 517, ""money"": 517, ""emotion"": 517}}",,,no_previous_year
seoul_survey,2025,,seoul_2025,seoul,40s,no_support_parent,0.09505420238081598,proportion,6194,6194,601.0,4459,3194.117318634016,available,"{""definition"": ""No helper in this situation; general-no branch inferred for the three specific support items."", ""notes"": [], ""weight"": ""wtb1"", ""uncertainty"": ""Effective n reflects weight dispersion only. Household clustering/strata are not corrected. No significance or confidence claim."", ""structural_no_support_counts"": {""sick"": 601, ""money"": 601, ""emotion"": 601}}",0.13269962316145864,-0.03764542078064266,descriptive_only_not_significance
seoul_survey,2025,,seoul_2025,seoul,40s,no_support_sick,0.12792403304791775,proportion,6194,6194,825.0,4459,3194.117318634016,available,"{""definition"": ""No helper in this situation; general-no branch inferred for the three specific support items."", ""notes"": [], ""weight"": ""wtb1"", ""uncertainty"": ""Effective n reflects weight dispersion only. Household clustering/strata are not corrected. No significance or confidence claim."", ""structural_no_support_counts"": {""sick"": 601, ""money"": 601, ""emotion"": 601}}",0.16797185805146725,-0.0400478250035495,descriptive_only_not_significance
seoul_survey,2025,,seoul_2025,seoul,40s,no_support_money,0.2315203922055403,proportion,6194,6194,1478.0,4459,3194.117318634016,available,"{""definition"": ""No helper in this situation; general-no branch inferred for the three specific support items."", ""notes"": [], ""weight"": ""wtb1"", ""uncertainty"": ""Effective n reflects weight dispersion only. Household clustering/strata are not corrected. No significance or confidence claim."", ""structural_no_support_counts"": {""sick"": 601, ""money"": 601, ""emotion"": 601}}",0.28946718510329134,-0.05794679289775104,descriptive_only_not_significance
seoul_survey,2025,,seoul_2025,seoul,40s,no_support_emotion,0.14234384695398536,proportion,6194,6194,935.0,4459,3194.117318634016,available,"{""definition"": ""No helper in this situation; general-no branch inferred for the three specific support items."", ""notes"": [], ""weight"": ""wtb1"", ""uncertainty"": ""Effective n reflects weight dispersion only. Household clustering/strata are not corrected. No significance or confidence claim."", ""structural_no_support_counts"": {""sick"": 601, ""money"": 601, ""emotion"": 601}}",0.17504375708425354,-0.032699910130268184,descriptive_only_not_significance
seoul_survey,2025,,seoul_2025,seoul,40s,no_support_all3,0.10227635168850374,proportion,6194,6194,651.0,4459,3194.117318634016,available,"{""definition"": ""No helper for all three situations (illness, money, emotional conversation)."", ""notes"": [], ""weight"": ""wtb1"", ""uncertainty"": ""Effective n reflects weight dispersion only. Household clustering/strata are not corrected. No significance or confidence claim."", ""structural_no_support_counts"": {""sick"": 601, ""money"": 601, ""emotion"": 601}}",0.1395405820018957,-0.03726423031339196,descriptive_only_not_significance
seoul_survey,2025,,seoul_2025,seoul,40s,loneliness_family_mean10,3.337342025951122,score_0_10,6194,6194,,4459,3194.117318634016,available,"{""definition"": ""Weighted mean of source five-category loneliness item, rescaled (x-1)/4*10."", ""notes"": [], ""weight"": ""wtb1"", ""uncertainty"": ""Effective n reflects weight dispersion only. Household clustering/strata are not corrected. No significance or confidence claim."", ""structural_no_support_counts"": {""sick"": 601, ""money"": 601, ""emotion"": 601}}",3.675964195575265,-0.3386221696241427,descriptive_only_not_significance
seoul_survey,2025,,seoul_2025,seoul,40s,loneliness_family_agree,0.13609866537398022,proportion,6194,6194,850.0,4459,3194.117318634016,available,"{""definition"": ""Responses 4 or 5 to the specific loneliness item."", ""notes"": [], ""weight"": ""wtb1"", ""uncertainty"": ""Effective n reflects weight dispersion only. Household clustering/strata are not corrected. No significance or confidence claim."", ""structural_no_support_counts"": {""sick"": 601, ""money"": 601, ""emotion"": 601}}",0.15180346447034207,-0.015704799096361854,descriptive_only_not_significance
seoul_survey,2025,,seoul_2025,seoul,40s,loneliness_outside_mean10,2.9548515766786636,score_0_10,6194,6194,,4459,3194.117318634016,available,"{""definition"": ""Weighted mean of source five-category loneliness item, rescaled (x-1)/4*10."", ""notes"": [], ""weight"": ""wtb1"", ""uncertainty"": ""Effective n reflects weight dispersion only. Household clustering/strata are not corrected. No significance or confidence claim."", ""structural_no_support_counts"": {""sick"": 601, ""money"": 601, ""emotion"": 601}}",3.7139517469036383,-0.7591001702249747,descriptive_only_not_significance
seoul_survey,2025,,seoul_2025,seoul,40s,loneliness_outside_agree,0.10719498558710712,proportion,6194,6194,667.0,4459,3194.117318634016,available,"{""definition"": ""Responses 4 or 5 to the specific loneliness item."", ""notes"": [], ""weight"": ""wtb1"", ""uncertainty"": ""Effective n reflects weight dispersion only. Household clustering/strata are not corrected. No significance or confidence claim."", ""structural_no_support_counts"": {""sick"": 601, ""money"": 601, ""emotion"": 601}}",0.15820393603246996,-0.05100895044536284,descriptive_only_not_significance
seoul_survey,2025,,seoul_2025,seoul,40s,no_support3_and_lonely_outside,0.014315056411452021,proportion,6194,6194,86.0,4459,3194.117318634016,available,"{""definition"": ""Intersection of no helper in all three situations and outside-family loneliness response 4/5. Not an isolation diagnosis."", ""notes"": [], ""weight"": ""wtb1"", ""uncertainty"": ""Effective n reflects weight dispersion only. Household clustering/strata are not corrected. No significance or confidence claim."", ""structural_no_support_counts"": {""sick"": 601, ""money"": 601, ""emotion"": 601}}",0.023405410683747283,-0.009090354272295261,descriptive_only_not_significance
seoul_survey,2025,,seoul_2025,seoul,40s,loneliness_companionship_mean10,2.7613977875281543,score_0_10,6194,6194,,4459,3194.117318634016,available,"{""definition"": ""New 2025 item, no preceding-year comparison."", ""notes"": [], ""weight"": ""wtb1"", ""uncertainty"": ""Effective n reflects weight dispersion only. Household clustering/strata are not corrected. No significance or confidence claim."", ""structural_no_support_counts"": {""sick"": 601, ""money"": 601, ""emotion"": 601}}",,,no_previous_year
seoul_survey,2025,,seoul_2025,seoul,40s,loneliness_companionship_agree,0.08968646443399439,proportion,6194,6194,559.0,4459,3194.117318634016,available,"{""definition"": ""New 2025 item responses 4/5, no preceding-year comparison."", ""notes"": [], ""weight"": ""wtb1"", ""uncertainty"": ""Effective n reflects weight dispersion only. Household clustering/strata are not corrected. No significance or confidence claim."", ""structural_no_support_counts"": {""sick"": 601, ""money"": 601, ""emotion"": 601}}",,,no_previous_year
seoul_survey,2025,,seoul_2025,seoul,40s,loneliness_left_alone_mean10,2.749866551394157,score_0_10,6194,6194,,4459,3194.117318634016,available,"{""definition"": ""New 2025 item, no preceding-year comparison."", ""notes"": [], ""weight"": ""wtb1"", ""uncertainty"": ""Effective n reflects weight dispersion only. Household clustering/strata are not corrected. No significance or confidence claim."", ""structural_no_support_counts"": {""sick"": 601, ""money"": 601, ""emotion"": 601}}",,,no_previous_year
seoul_survey,2025,,seoul_2025,seoul,40s,loneliness_left_alone_agree,0.10041855517114624,proportion,6194,6194,595.0,4459,3194.117318634016,available,"{""definition"": ""New 2025 item responses 4/5, no preceding-year comparison."", ""notes"": [], ""weight"": ""wtb1"", ""uncertainty"": ""Effective n reflects weight dispersion only. Household clustering/strata are not corrected. No significance or confidence claim."", ""structural_no_support_counts"": {""sick"": 601, ""money"": 601, ""emotion"": 601}}",,,no_previous_year
seoul_survey,2025,,seoul_2025,seoul,40s,loneliness_among_people_mean10,2.762358529666008,score_0_10,6194,6194,,4459,3194.117318634016,available,"{""definition"": ""New 2025 item, no preceding-year comparison."", ""notes"": [], ""weight"": ""wtb1"", ""uncertainty"": ""Effective n reflects weight dispersion only. Household clustering/strata are not corrected. No significance or confidence claim."", ""structural_no_support_counts"": {""sick"": 601, ""money"": 601, ""emotion"": 601}}",,,no_previous_year
seoul_survey,2025,,seoul_2025,seoul,40s,loneliness_among_people_agree,0.10247714031893297,proportion,6194,6194,609.0,4459,3194.117318634016,available,"{""definition"": ""New 2025 item responses 4/5, no preceding-year comparison."", ""notes"": [], ""weight"": ""wtb1"", ""uncertainty"": ""Effective n reflects weight dispersion only. Household clustering/strata are not corrected. No significance or confidence claim."", ""structural_no_support_counts"": {""sick"": 601, ""money"": 601, ""emotion"": 601}}",,,no_previous_year
seoul_survey,2025,,seoul_2025,seoul,50s,no_support_parent,0.08947522540933624,proportion,6306,6306,634.0,4503,3444.9833049479885,available,"{""definition"": ""No helper in this situation; general-no branch inferred for the three specific support items."", ""notes"": [], ""weight"": ""wtb1"", ""uncertainty"": ""Effective n reflects weight dispersion only. Household clustering/strata are not corrected. No significance or confidence claim."", ""structural_no_support_counts"": {""sick"": 634, ""money"": 634, ""emotion"": 634}}",0.13875339600616088,-0.04927817059682464,descriptive_only_not_significance
seoul_survey,2025,,seoul_2025,seoul,50s,no_support_sick,0.12725497451558246,proportion,6306,6306,867.0,4503,3444.9833049479885,available,"{""definition"": ""No helper in this situation; general-no branch inferred for the three specific support items."", ""notes"": [], ""weight"": ""wtb1"", ""uncertainty"": ""Effective n reflects weight dispersion only. Household clustering/strata are not corrected. No significance or confidence claim."", ""structural_no_support_counts"": {""sick"": 634, ""money"": 634, ""emotion"": 634}}",0.1758819122937314,-0.04862693777814894,descriptive_only_not_significance
seoul_survey,2025,,seoul_2025,seoul,50s,no_support_money,0.23121120057144914,proportion,6306,6306,1535.0,4503,3444.9833049479885,available,"{""definition"": ""No helper in this situation; general-no branch inferred for the three specific support items."", ""notes"": [], ""weight"": ""wtb1"", ""uncertainty"": ""Effective n reflects weight dispersion only. Household clustering/strata are not corrected. No significance or confidence claim."", ""structural_no_support_counts"": {""sick"": 634, ""money"": 634, ""emotion"": 634}}",0.3007756390939999,-0.06956443852255076,descriptive_only_not_significance
seoul_survey,2025,,seoul_2025,seoul,50s,no_support_emotion,0.13159624786870772,proportion,6306,6306,939.0,4503,3444.9833049479885,available,"{""definition"": ""No helper in this situation; general-no branch inferred for the three specific support items."", ""notes"": [], ""weight"": ""wtb1"", ""uncertainty"": ""Effective n reflects weight dispersion only. Household clustering/strata are not corrected. No significance or confidence claim."", ""structural_no_support_counts"": {""sick"": 634, ""money"": 634, ""emotion"": 634}}",0.19054962870518166,-0.058953380836473945,descriptive_only_not_significance
seoul_survey,2025,,seoul_2025,seoul,50s,no_support_all3,0.09483253146943864,proportion,6306,6306,688.0,4503,3444.9833049479885,available,"{""definition"": ""No helper for all three situations (illness, money, emotional conversation)."", ""notes"": [], ""weight"": ""wtb1"", ""uncertainty"": ""Effective n reflects weight dispersion only. Household clustering/strata are not corrected. No significance or confidence claim."", ""structural_no_support_counts"": {""sick"": 634, ""money"": 634, ""emotion"": 634}}",0.14575965347140216,-0.05092712200196352,descriptive_only_not_significance
seoul_survey,2025,,seoul_2025,seoul,50s,loneliness_family_mean10,3.6454686337919004,score_0_10,6306,6306,,4503,3444.9833049479885,available,"{""definition"": ""Weighted mean of source five-category loneliness item, rescaled (x-1)/4*10."", ""notes"": [], ""weight"": ""wtb1"", ""uncertainty"": ""Effective n reflects weight dispersion only. Household clustering/strata are not corrected. No significance or confidence claim."", ""structural_no_support_counts"": {""sick"": 634, ""money"": 634, ""emotion"": 634}}",4.030210436819087,-0.3847418030271865,descriptive_only_not_significance
seoul_survey,2025,,seoul_2025,seoul,50s,loneliness_family_agree,0.16443723339169466,proportion,6306,6306,1031.0,4503,3444.9833049479885,available,"{""definition"": ""Responses 4 or 5 to the specific loneliness item."", ""notes"": [], ""weight"": ""wtb1"", ""uncertainty"": ""Effective n reflects weight dispersion only. Household clustering/strata are not corrected. No significance or confidence claim."", ""structural_no_support_counts"": {""sick"": 634, ""money"": 634, ""emotion"": 634}}",0.18993043221984796,-0.02549319882815329,descriptive_only_not_significance
seoul_survey,2025,,seoul_2025,seoul,50s,loneliness_outside_mean10,3.183574051728804,score_0_10,6306,6306,,4503,3444.9833049479885,available,"{""definition"": ""Weighted mean of source five-category loneliness item, rescaled (x-1)/4*10."", ""notes"": [], ""weight"": ""wtb1"", ""uncertainty"": ""Effective n reflects weight dispersion only. Household clustering/strata are not corrected. No significance or confidence claim."", ""structural_no_support_counts"": {""sick"": 634, ""money"": 634, ""emotion"": 634}}",3.993759896756673,-0.8101858450278692,descriptive_only_not_significance
seoul_survey,2025,,seoul_2025,seoul,50s,loneliness_outside_agree,0.10770835983621978,proportion,6306,6306,681.0,4503,3444.9833049479885,available,"{""definition"": ""Responses 4 or 5 to the specific loneliness item."", ""notes"": [], ""weight"": ""wtb1"", ""uncertainty"": ""Effective n reflects weight dispersion only. Household clustering/strata are not corrected. No significance or confidence claim."", ""structural_no_support_counts"": {""sick"": 634, ""money"": 634, ""emotion"": 634}}",0.1852223413888749,-0.07751398155265511,descriptive_only_not_significance
seoul_survey,2025,,seoul_2025,seoul,50s,no_support3_and_lonely_outside,0.01710262699072518,proportion,6306,6306,117.0,4503,3444.9833049479885,available,"{""definition"": ""Intersection of no helper in all three situations and outside-family loneliness response 4/5. Not an isolation diagnosis."", ""notes"": [], ""weight"": ""wtb1"", ""uncertainty"": ""Effective n reflects weight dispersion only. Household clustering/strata are not corrected. No significance or confidence claim."", ""structural_no_support_counts"": {""sick"": 634, ""money"": 634, ""emotion"": 634}}",0.031453578944183734,-0.014350951953458552,descriptive_only_not_significance
seoul_survey,2025,,seoul_2025,seoul,50s,loneliness_companionship_mean10,3.0262496141078206,score_0_10,6306,6306,,4503,3444.9833049479885,available,"{""definition"": ""New 2025 item, no preceding-year comparison."", ""notes"": [], ""weight"": ""wtb1"", ""uncertainty"": ""Effective n reflects weight dispersion only. Household clustering/strata are not corrected. No significance or confidence claim."", ""structural_no_support_counts"": {""sick"": 634, ""money"": 634, ""emotion"": 634}}",,,no_previous_year
seoul_survey,2025,,seoul_2025,seoul,50s,loneliness_companionship_agree,0.10586915746541922,proportion,6306,6306,635.0,4503,3444.9833049479885,available,"{""definition"": ""New 2025 item responses 4/5, no preceding-year comparison."", ""notes"": [], ""weight"": ""wtb1"", ""uncertainty"": ""Effective n reflects weight dispersion only. Household clustering/strata are not corrected. No significance or confidence claim."", ""structural_no_support_counts"": {""sick"": 634, ""money"": 634, ""emotion"": 634}}",,,no_previous_year
seoul_survey,2025,,seoul_2025,seoul,50s,loneliness_left_alone_mean10,2.993716038178014,score_0_10,6306,6306,,4503,3444.9833049479885,available,"{""definition"": ""New 2025 item, no preceding-year comparison."", ""notes"": [], ""weight"": ""wtb1"", ""uncertainty"": ""Effective n reflects weight dispersion only. Household clustering/strata are not corrected. No significance or confidence claim."", ""structural_no_support_counts"": {""sick"": 634, ""money"": 634, ""emotion"": 634}}",,,no_previous_year
seoul_survey,2025,,seoul_2025,seoul,50s,loneliness_left_alone_agree,0.10957337769140515,proportion,6306,6306,702.0,4503,3444.9833049479885,available,"{""definition"": ""New 2025 item responses 4/5, no preceding-year comparison."", ""notes"": [], ""weight"": ""wtb1"", ""uncertainty"": ""Effective n reflects weight dispersion only. Household clustering/strata are not corrected. No significance or confidence claim."", ""structural_no_support_counts"": {""sick"": 634, ""money"": 634, ""emotion"": 634}}",,,no_previous_year
seoul_survey,2025,,seoul_2025,seoul,50s,loneliness_among_people_mean10,2.954707247399988,score_0_10,6306,6306,,4503,3444.9833049479885,available,"{""definition"": ""New 2025 item, no preceding-year comparison."", ""notes"": [], ""weight"": ""wtb1"", ""uncertainty"": ""Effective n reflects weight dispersion only. Household clustering/strata are not corrected. No significance or confidence claim."", ""structural_no_support_counts"": {""sick"": 634, ""money"": 634, ""emotion"": 634}}",,,no_previous_year
seoul_survey,2025,,seoul_2025,seoul,50s,loneliness_among_people_agree,0.11498306290924541,proportion,6306,6306,737.0,4503,3444.9833049479885,available,"{""definition"": ""New 2025 item responses 4/5, no preceding-year comparison."", ""notes"": [], ""weight"": ""wtb1"", ""uncertainty"": ""Effective n reflects weight dispersion only. Household clustering/strata are not corrected. No significance or confidence claim."", ""structural_no_support_counts"": {""sick"": 634, ""money"": 634, ""emotion"": 634}}",,,no_previous_year
seoul_survey,2025,,seoul_2025,seoul,60plus,no_support_parent,0.12418804661868574,proportion,12176,12176,1615.0,8453,6886.01942716144,available,"{""definition"": ""No helper in this situation; general-no branch inferred for the three specific support items."", ""notes"": [], ""weight"": ""wtb1"", ""uncertainty"": ""Effective n reflects weight dispersion only. Household clustering/strata are not corrected. No significance or confidence claim."", ""structural_no_support_counts"": {""sick"": 1615, ""money"": 1615, ""emotion"": 1615}}",0.19519259582735154,-0.07100454920866581,descriptive_only_not_significance
seoul_survey,2025,,seoul_2025,seoul,60plus,no_support_sick,0.17265422124612262,proportion,12176,12176,2124.0,8453,6886.01942716144,available,"{""definition"": ""No helper in this situation; general-no branch inferred for the three specific support items."", ""notes"": [], ""weight"": ""wtb1"", ""uncertainty"": ""Effective n reflects weight dispersion only. Household clustering/strata are not corrected. No significance or confidence claim."", ""structural_no_support_counts"": {""sick"": 1615, ""money"": 1615, ""emotion"": 1615}}",0.24324622063954962,-0.070591999393427,descriptive_only_not_significance
seoul_survey,2025,,seoul_2025,seoul,60plus,no_support_money,0.31378714596385654,proportion,12176,12176,3902.0,8453,6886.01942716144,available,"{""definition"": ""No helper in this situation; general-no branch inferred for the three specific support items."", ""notes"": [], ""weight"": ""wtb1"", ""uncertainty"": ""Effective n reflects weight dispersion only. Household clustering/strata are not corrected. No significance or confidence claim."", ""structural_no_support_counts"": {""sick"": 1615, ""money"": 1615, ""emotion"": 1615}}",0.41495239319281246,-0.10116524722895592,descriptive_only_not_significance
seoul_survey,2025,,seoul_2025,seoul,60plus,no_support_emotion,0.1915237481551683,proportion,12176,12176,2424.0,8453,6886.01942716144,available,"{""definition"": ""No helper in this situation; general-no branch inferred for the three specific support items."", ""notes"": [], ""weight"": ""wtb1"", ""uncertainty"": ""Effective n reflects weight dispersion only. Household clustering/strata are not corrected. No significance or confidence claim."", ""structural_no_support_counts"": {""sick"": 1615, ""money"": 1615, ""emotion"": 1615}}",0.2606926894190497,-0.06916894126388143,descriptive_only_not_significance
seoul_survey,2025,,seoul_2025,seoul,60plus,no_support_all3,0.1341687441129146,proportion,12176,12176,1724.0,8453,6886.01942716144,available,"{""definition"": ""No helper for all three situations (illness, money, emotional conversation)."", ""notes"": [], ""weight"": ""wtb1"", ""uncertainty"": ""Effective n reflects weight dispersion only. Household clustering/strata are not corrected. No significance or confidence claim."", ""structural_no_support_counts"": {""sick"": 1615, ""money"": 1615, ""emotion"": 1615}}",0.20591537678954958,-0.07174663267663497,descriptive_only_not_significance
seoul_survey,2025,,seoul_2025,seoul,60plus,loneliness_family_mean10,4.129759474744844,score_0_10,12176,12176,,8453,6886.01942716144,available,"{""definition"": ""Weighted mean of source five-category loneliness item, rescaled (x-1)/4*10."", ""notes"": [], ""weight"": ""wtb1"", ""uncertainty"": ""Effective n reflects weight dispersion only. Household clustering/strata are not corrected. No significance or confidence claim."", ""structural_no_support_counts"": {""sick"": 1615, ""money"": 1615, ""emotion"": 1615}}",4.483458590388143,-0.35369911564329914,descriptive_only_not_significance
seoul_survey,2025,,seoul_2025,seoul,60plus,loneliness_family_agree,0.21490727242593707,proportion,12176,12176,2624.0,8453,6886.01942716144,available,"{""definition"": ""Responses 4 or 5 to the specific loneliness item."", ""notes"": [], ""weight"": ""wtb1"", ""uncertainty"": ""Effective n reflects weight dispersion only. Household clustering/strata are not corrected. No significance or confidence claim."", ""structural_no_support_counts"": {""sick"": 1615, ""money"": 1615, ""emotion"": 1615}}",0.2569253972397014,-0.04201812481376435,descriptive_only_not_significance
seoul_survey,2025,,seoul_2025,seoul,60plus,loneliness_outside_mean10,3.651519468756575,score_0_10,12176,12176,,8453,6886.01942716144,available,"{""definition"": ""Weighted mean of source five-category loneliness item, rescaled (x-1)/4*10."", ""notes"": [], ""weight"": ""wtb1"", ""uncertainty"": ""Effective n reflects weight dispersion only. Household clustering/strata are not corrected. No significance or confidence claim."", ""structural_no_support_counts"": {""sick"": 1615, ""money"": 1615, ""emotion"": 1615}}",4.451956586799366,-0.8004371180427907,descriptive_only_not_significance
seoul_survey,2025,,seoul_2025,seoul,60plus,loneliness_outside_agree,0.1476863410043161,proportion,12176,12176,1761.0,8453,6886.01942716144,available,"{""definition"": ""Responses 4 or 5 to the specific loneliness item."", ""notes"": [], ""weight"": ""wtb1"", ""uncertainty"": ""Effective n reflects weight dispersion only. Household clustering/strata are not corrected. No significance or confidence claim."", ""structural_no_support_counts"": {""sick"": 1615, ""money"": 1615, ""emotion"": 1615}}",0.24755857117585323,-0.09987223017153712,descriptive_only_not_significance
seoul_survey,2025,,seoul_2025,seoul,60plus,no_support3_and_lonely_outside,0.03134620002767223,proportion,12176,12176,398.0,8453,6886.01942716144,available,"{""definition"": ""Intersection of no helper in all three situations and outside-family loneliness response 4/5. Not an isolation diagnosis."", ""notes"": [], ""weight"": ""wtb1"", ""uncertainty"": ""Effective n reflects weight dispersion only. Household clustering/strata are not corrected. No significance or confidence claim."", ""structural_no_support_counts"": {""sick"": 1615, ""money"": 1615, ""emotion"": 1615}}",0.0668278331281139,-0.03548163310044167,descriptive_only_not_significance
seoul_survey,2025,,seoul_2025,seoul,60plus,loneliness_companionship_mean10,3.5107930649020758,score_0_10,12176,12176,,8453,6886.01942716144,available,"{""definition"": ""New 2025 item, no preceding-year comparison."", ""notes"": [], ""weight"": ""wtb1"", ""uncertainty"": ""Effective n reflects weight dispersion only. Household clustering/strata are not corrected. No significance or confidence claim."", ""structural_no_support_counts"": {""sick"": 1615, ""money"": 1615, ""emotion"": 1615}}",,,no_previous_year
seoul_survey,2025,,seoul_2025,seoul,60plus,loneliness_companionship_agree,0.13546737703992928,proportion,12176,12176,1550.0,8453,6886.01942716144,available,"{""definition"": ""New 2025 item responses 4/5, no preceding-year comparison."", ""notes"": [], ""weight"": ""wtb1"", ""uncertainty"": ""Effective n reflects weight dispersion only. Household clustering/strata are not corrected. No significance or confidence claim."", ""structural_no_support_counts"": {""sick"": 1615, ""money"": 1615, ""emotion"": 1615}}",,,no_previous_year
seoul_survey,2025,,seoul_2025,seoul,60plus,loneliness_left_alone_mean10,3.430833050155155,score_0_10,12176,12176,,8453,6886.01942716144,available,"{""definition"": ""New 2025 item, no preceding-year comparison."", ""notes"": [], ""weight"": ""wtb1"", ""uncertainty"": ""Effective n reflects weight dispersion only. Household clustering/strata are not corrected. No significance or confidence claim."", ""structural_no_support_counts"": {""sick"": 1615, ""money"": 1615, ""emotion"": 1615}}",,,no_previous_year
seoul_survey,2025,,seoul_2025,seoul,60plus,loneliness_left_alone_agree,0.1369650758208349,proportion,12176,12176,1800.0,8453,6886.01942716144,available,"{""definition"": ""New 2025 item responses 4/5, no preceding-year comparison."", ""notes"": [], ""weight"": ""wtb1"", ""uncertainty"": ""Effective n reflects weight dispersion only. Household clustering/strata are not corrected. No significance or confidence claim."", ""structural_no_support_counts"": {""sick"": 1615, ""money"": 1615, ""emotion"": 1615}}",,,no_previous_year
seoul_survey,2025,,seoul_2025,seoul,60plus,loneliness_among_people_mean10,3.4038791798943446,score_0_10,12176,12176,,8453,6886.01942716144,available,"{""definition"": ""New 2025 item, no preceding-year comparison."", ""notes"": [], ""weight"": ""wtb1"", ""uncertainty"": ""Effective n reflects weight dispersion only. Household clustering/strata are not corrected. No significance or confidence claim."", ""structural_no_support_counts"": {""sick"": 1615, ""money"": 1615, ""emotion"": 1615}}",,,no_previous_year
seoul_survey,2025,,seoul_2025,seoul,60plus,loneliness_among_people_agree,0.1396424336891307,proportion,12176,12176,1744.0,8453,6886.01942716144,available,"{""definition"": ""New 2025 item responses 4/5, no preceding-year comparison."", ""notes"": [], ""weight"": ""wtb1"", ""uncertainty"": ""Effective n reflects weight dispersion only. Household clustering/strata are not corrected. No significance or confidence claim."", ""structural_no_support_counts"": {""sick"": 1615, ""money"": 1615, ""emotion"": 1615}}",,,no_previous_year
seoul_youth_household,2022,2024-05-22,youth2022_household,gangnam,19to39,survey_isolated_or_withdrawn,0.041899598553188505,proportion,604,604,27.0,473,572.5302959769367,available,"{""definition"": ""2022 household weighted classification"", ""notes"": [], ""weight"": ""source_specific"", ""uncertainty"": ""Effective n reflects weight dispersion only. Household clustering/strata are not corrected. No significance or confidence claim."", ""structural_no_support_counts"": {}}",,,no_previous_year
seoul_youth_household,2022,2024-05-22,youth2022_household,gangnam,19to24,survey_isolated_or_withdrawn,0.030563912865932436,proportion,127,127,4.0,109,126.47868699072936,available,"{""definition"": ""2022 household weighted classification"", ""notes"": [""sparse_response_count""], ""weight"": ""source_specific"", ""uncertainty"": ""Effective n reflects weight dispersion only. Household clustering/strata are not corrected. No significance or confidence claim."", ""structural_no_support_counts"": {}}",,,no_previous_year
seoul_youth_household,2022,2024-05-22,youth2022_household,gangnam,25to29,survey_isolated_or_withdrawn,0.018193258234609832,proportion,111,111,2.0,98,110.43839254312222,available,"{""definition"": ""2022 household weighted classification"", ""notes"": [""sparse_response_count""], ""weight"": ""source_specific"", ""uncertainty"": ""Effective n reflects weight dispersion only. Household clustering/strata are not corrected. No significance or confidence claim."", ""structural_no_support_counts"": {}}",,,no_previous_year
seoul_youth_household,2022,2024-05-22,youth2022_household,gangnam,30to34,survey_isolated_or_withdrawn,0.05148855402408672,proportion,199,199,10.0,173,195.68685969857944,available,"{""definition"": ""2022 household weighted classification"", ""notes"": [], ""weight"": ""source_specific"", ""uncertainty"": ""Effective n reflects weight dispersion only. Household clustering/strata are not corrected. No significance or confidence claim."", ""structural_no_support_counts"": {}}",,,no_previous_year
seoul_youth_household,2022,2024-05-22,youth2022_household,gangnam,35to39,survey_isolated_or_withdrawn,0.06590628444761032,proportion,167,167,11.0,149,166.91169300001408,available,"{""definition"": ""2022 household weighted classification"", ""notes"": [], ""weight"": ""source_specific"", ""uncertainty"": ""Effective n reflects weight dispersion only. Household clustering/strata are not corrected. No significance or confidence claim."", ""structural_no_support_counts"": {}}",,,no_previous_year
seoul_youth_household,2022,2024-05-22,youth2022_household,seoul,19to39,survey_isolated_or_withdrawn,0.044937321110591594,proportion,6926,6926,326.0,5221,6043.979547682932,available,"{""definition"": ""2022 household weighted classification"", ""notes"": [], ""weight"": ""source_specific"", ""uncertainty"": ""Effective n reflects weight dispersion only. Household clustering/strata are not corrected. No significance or confidence claim."", ""structural_no_support_counts"": {}}",,,no_previous_year
seoul_youth_household,2022,2024-05-22,youth2022_household,seoul,19to24,survey_isolated_or_withdrawn,0.029140038308122312,proportion,1692,1692,49.0,1384,1523.4635963352002,available,"{""definition"": ""2022 household weighted classification"", ""notes"": [], ""weight"": ""source_specific"", ""uncertainty"": ""Effective n reflects weight dispersion only. Household clustering/strata are not corrected. No significance or confidence claim."", ""structural_no_support_counts"": {}}",,,no_previous_year
seoul_youth_household,2022,2024-05-22,youth2022_household,seoul,25to29,survey_isolated_or_withdrawn,0.03335741876874468,proportion,1489,1489,52.0,1291,1309.037652964286,available,"{""definition"": ""2022 household weighted classification"", ""notes"": [], ""weight"": ""source_specific"", ""uncertainty"": ""Effective n reflects weight dispersion only. Household clustering/strata are not corrected. No significance or confidence claim."", ""structural_no_support_counts"": {}}",,,no_previous_year
seoul_youth_household,2022,2024-05-22,youth2022_household,seoul,30to34,survey_isolated_or_withdrawn,0.04933802726233949,proportion,1861,1861,89.0,1629,1666.2682348512753,available,"{""definition"": ""2022 household weighted classification"", ""notes"": [], ""weight"": ""source_specific"", ""uncertainty"": ""Effective n reflects weight dispersion only. Household clustering/strata are not corrected. No significance or confidence claim."", ""structural_no_support_counts"": {}}",,,no_previous_year
seoul_youth_household,2022,2024-05-22,youth2022_household,seoul,35to39,survey_isolated_or_withdrawn,0.07015546669756016,proportion,1884,1884,136.0,1641,1729.2591982456038,available,"{""definition"": ""2022 household weighted classification"", ""notes"": [], ""weight"": ""source_specific"", ""uncertainty"": ""Effective n reflects weight dispersion only. Household clustering/strata are not corrected. No significance or confidence claim."", ""structural_no_support_counts"": {}}",,,no_previous_year
seoul_youth_youth,2022,2024-05-22,youth2022_youth,gangnam,19to39,survey_isolated_or_withdrawn,0.056640625,proportion,512,512,29.0,512,512.0,available,"{""definition"": ""2022 youth respondent unweighted classification share, not population prevalence"", ""notes"": [], ""weight"": ""source_specific"", ""uncertainty"": ""Effective n reflects weight dispersion only. Household clustering/strata are not corrected. No significance or confidence claim."", ""structural_no_support_counts"": {}}",,,no_previous_year
seoul_youth_youth,2022,2024-05-22,youth2022_youth,gangnam,19to24,survey_isolated_or_withdrawn,0.07692307692307693,proportion,78,78,6.0,78,78.0,available,"{""definition"": ""2022 youth respondent unweighted classification share, not population prevalence"", ""notes"": [], ""weight"": ""source_specific"", ""uncertainty"": ""Effective n reflects weight dispersion only. Household clustering/strata are not corrected. No significance or confidence claim."", ""structural_no_support_counts"": {}}",,,no_previous_year
seoul_youth_youth,2022,2024-05-22,youth2022_youth,gangnam,25to29,survey_isolated_or_withdrawn,0.061068702290076333,proportion,131,131,8.0,131,131.0,available,"{""definition"": ""2022 youth respondent unweighted classification share, not population prevalence"", ""notes"": [], ""weight"": ""source_specific"", ""uncertainty"": ""Effective n reflects weight dispersion only. Household clustering/strata are not corrected. No significance or confidence claim."", ""structural_no_support_counts"": {}}",,,no_previous_year
seoul_youth_youth,2022,2024-05-22,youth2022_youth,gangnam,30to34,survey_isolated_or_withdrawn,0.05917159763313609,proportion,169,169,10.0,169,169.0,available,"{""definition"": ""2022 youth respondent unweighted classification share, not population prevalence"", ""notes"": [], ""weight"": ""source_specific"", ""uncertainty"": ""Effective n reflects weight dispersion only. Household clustering/strata are not corrected. No significance or confidence claim."", ""structural_no_support_counts"": {}}",,,no_previous_year
seoul_youth_youth,2022,2024-05-22,youth2022_youth,gangnam,35to39,survey_isolated_or_withdrawn,0.03731343283582089,proportion,134,134,5.0,134,134.0,available,"{""definition"": ""2022 youth respondent unweighted classification share, not population prevalence"", ""notes"": [], ""weight"": ""source_specific"", ""uncertainty"": ""Effective n reflects weight dispersion only. Household clustering/strata are not corrected. No significance or confidence claim."", ""structural_no_support_counts"": {}}",,,no_previous_year
seoul_youth_youth,2022,2024-05-22,youth2022_youth,seoul,19to39,survey_isolated_or_withdrawn,0.08815526936332306,proportion,5513,5513,486.0,5513,5513.0,available,"{""definition"": ""2022 youth respondent unweighted classification share, not population prevalence"", ""notes"": [], ""weight"": ""source_specific"", ""uncertainty"": ""Effective n reflects weight dispersion only. Household clustering/strata are not corrected. No significance or confidence claim."", ""structural_no_support_counts"": {}}",,,no_previous_year
seoul_youth_youth,2022,2024-05-22,youth2022_youth,seoul,19to24,survey_isolated_or_withdrawn,0.09763313609467456,proportion,676,676,66.0,676,676.0,available,"{""definition"": ""2022 youth respondent unweighted classification share, not population prevalence"", ""notes"": [], ""weight"": ""source_specific"", ""uncertainty"": ""Effective n reflects weight dispersion only. Household clustering/strata are not corrected. No significance or confidence claim."", ""structural_no_support_counts"": {}}",,,no_previous_year
seoul_youth_youth,2022,2024-05-22,youth2022_youth,seoul,25to29,survey_isolated_or_withdrawn,0.09181286549707603,proportion,1710,1710,157.0,1710,1710.0,available,"{""definition"": ""2022 youth respondent unweighted classification share, not population prevalence"", ""notes"": [], ""weight"": ""source_specific"", ""uncertainty"": ""Effective n reflects weight dispersion only. Household clustering/strata are not corrected. No significance or confidence claim."", ""structural_no_support_counts"": {}}",,,no_previous_year
seoul_youth_youth,2022,2024-05-22,youth2022_youth,seoul,30to34,survey_isolated_or_withdrawn,0.09215686274509804,proportion,1530,1530,141.0,1530,1530.0,available,"{""definition"": ""2022 youth respondent unweighted classification share, not population prevalence"", ""notes"": [], ""weight"": ""source_specific"", ""uncertainty"": ""Effective n reflects weight dispersion only. Household clustering/strata are not corrected. No significance or confidence claim."", ""structural_no_support_counts"": {}}",,,no_previous_year
seoul_youth_youth,2022,2024-05-22,youth2022_youth,seoul,35to39,survey_isolated_or_withdrawn,0.07639323731997495,proportion,1597,1597,122.0,1597,1597.0,available,"{""definition"": ""2022 youth respondent unweighted classification share, not population prevalence"", ""notes"": [], ""weight"": ""source_specific"", ""uncertainty"": ""Effective n reflects weight dispersion only. Household clustering/strata are not corrected. No significance or confidence claim."", ""structural_no_support_counts"": {}}",,,no_previous_year
